Mono path[0] = 'C:/ssafy/S15P21D204/Client/Build/SSketch_Data/Managed'
Mono config path = 'C:/ssafy/S15P21D204/Client/Build/MonoBleedingEdge/etc'
Input System module state changed to: Initialized.
[Physics::Module] Initialized fallback backend.
[Physics::Module] Id: 0xdecafbad
Initialize engine version: 6000.3.22f1 (1c726e1fb402)
[Subsystems] Discovering subsystems at path C:/ssafy/S15P21D204/Client/Build/SSketch_Data/UnitySubsystems
[D3D12 Device Filter] Vendor Name: NVIDIA
[D3D12 Device Filter] Device Name: NVIDIA GeForce RTX 4050 Laptop GPU
[D3D12 Device Filter] Driver Version: 32.0.15.7657
[D3D12 Device Filter] Feature Level: 12.2
[D3D12 Device Filter] Graphics Memory: 5924 MB
[D3D12 Device Filter] Processor Count: 22
[D3D12 Device Filter] Device Type: Discrete
GfxDevice: creating device client; kGfxThreadingModeSplitJobs
d3d12: failed to query info queue interface (0x80004002).
Direct3D:
    Version:         Direct3D 12 [level 12.2]
    Renderer:        NVIDIA GeForce RTX 4050 Laptop GPU (ID=0x28a1)
    Vendor:          NVIDIA
    VRAM:            5924 MB
    App VRAM Budget: 5156 MB
    Driver:          32.0.15.7657
Begin MonoManager ReloadAssembly
- Loaded All Assemblies, in  0.151 seconds
- Finished resetting the current domain, in  0.002 seconds
[Physics::Module] Selected backend.
[Physics::Module] Name: PhysX
[Physics::Module] Id: 0xf2b8ea05
[Physics::Module] SDK Version: 4.1.2
[Physics::Module] Integration Version: 1.0.0
[Physics::Module] Threading Mode: Multi-Threaded
<RI> Initializing input.
Using Windows.Gaming.Input
UnloadTime: 0.527700 ms
Unloading 6 Unused Serialized files (Serialized files now loaded: 0)
UnloadTime: 4.915600 ms
Unloading 361 unused Assets to reduce memory usage. Loaded Objects now: 12307.
Total: 3.668800 ms (FindLiveObjects: 0.666500 ms CreateObjectMapping: 0.356000 ms MarkObjects: 2.491800 ms  DeleteObjects: 0.154200 ms)

Unloading 4 Unused Serialized files (Serialized files now loaded: 0)
UnloadTime: 1.098000 ms
Unloading 125 unused Assets to reduce memory usage. Loaded Objects now: 47757.
Total: 25.377600 ms (FindLiveObjects: 1.762200 ms CreateObjectMapping: 8.779700 ms MarkObjects: 14.616500 ms  DeleteObjects: 0.218200 ms)

[rubber-banding][udp-pump] time=33.711 frame=2218 focused=1 windowMs=1001.9 fps=34.9 packets=4 socketAvgMs=29.3 socketP95Ms=30.8 socketMaxMs=30.8 pumpAvgMs=33.5 pumpP95Ms=37.8 pumpMaxMs=37.8 queueDelayAvgMs=12.5 queueDelayP95Ms=16.4 queueDelayMaxMs=16.4 samePump=0 pumpBatchMax=1 queueDepthMax=2 frameMaxMs=26.2
[rubber-banding][main-thread-pump] time=33.977 fps=48.9 frames=49 frameMaxMs=158.0 tcpAvgMs=0.194 tcpMaxMs=5.479 udpAvgMs=0.266 udpMaxMs=8.164 otherAvgMs=0.368 otherMaxMs=16.854 updateAvgMs=0.828 updateMaxMs=22.337
[rubber-banding][local-input] time=34.478 role=host entity=1 fps=55.4 updates=56 moveUpdates=0 fixedCalls=56 commands=56 blockedFixed=0 sampleMove=(0.00, 0.00) commandMove=(0,0) movementEnabled=True stunned=False controllerEnabled=True grounded=True position=(-3.000, 0.054, 5.732) displacement=(0.000, 0.000, 0.000) travelCm=0.0 estimatedTick=56 desiredTick=61 recordedTick=56 resolvedTick=54 unresolved=2 fixedHz=60.0 simulationHz=60 rttMs=33.3 batchesSent=28 commandsSent=56 sendFailures=0
[rubber-banding][host-input] time=34.549 interval=1.000 room=19 world=1 authority=1 entity=1 hostTick=61 windowReceived=61 windowHeldFallback=0 windowNeutralFallback=0 pending=0 totalReceived=61 totalHeldFallback=0 totalNeutralFallback=0
[rubber-banding][main-thread-host-simulation] time=34.549 ticks=61 tickRate=61.0 avgMs=0.690 maxMs=9.688 fixedHz=60.0 maximumDeltaMs=333.3 focused=1
[rubber-banding][main-thread-snapshot] time=34.595 packets=31 characterRecords=31 bodyRecords=0 avgMs=0.076 maxMs=2.201
[rubber-banding][udp-pump] time=34.712 frame=2278 focused=1 windowMs=1000.7 fps=60.0 packets=30 socketAvgMs=33.4 socketP95Ms=35.1 socketMaxMs=36.0 pumpAvgMs=33.4 pumpP95Ms=33.6 pumpMaxMs=50.0 queueDelayAvgMs=15.2 queueDelayP95Ms=16.9 queueDelayMaxMs=17.1 samePump=0 pumpBatchMax=1 queueDepthMax=3 frameMaxMs=16.8
[rubber-banding][main-thread-pump] time=34.995 fps=60.9 frames=61 frameMaxMs=16.9 tcpAvgMs=0.002 tcpMaxMs=0.004 udpAvgMs=0.154 udpMaxMs=2.048 otherAvgMs=0.011 otherMaxMs=0.057 updateAvgMs=0.167 updateMaxMs=2.061
[rubber-banding][local-input] time=35.479 role=host entity=1 fps=60.0 updates=60 moveUpdates=46 fixedCalls=60 commands=60 blockedFixed=0 sampleMove=(0.82, -0.57) commandMove=(105,-71) movementEnabled=True stunned=False controllerEnabled=True grounded=True position=(-0.852, -0.186, 4.802) displacement=(2.148, -0.240, -0.930) travelCm=238.8 estimatedTick=116 desiredTick=121 recordedTick=116 resolvedTick=114 unresolved=2 fixedHz=60.0 simulationHz=60 rttMs=33.3 batchesSent=58 commandsSent=114 sendFailures=0
[rubber-banding][host-input] time=35.549 interval=1.000 room=19 world=1 authority=1 entity=1 hostTick=121 windowReceived=60 windowHeldFallback=0 windowNeutralFallback=0 pending=0 totalReceived=121 totalHeldFallback=0 totalNeutralFallback=0
[rubber-banding][main-thread-host-simulation] time=35.566 ticks=61 tickRate=61.0 avgMs=0.478 maxMs=1.006 fixedHz=60.0 maximumDeltaMs=333.3 focused=1
[rubber-banding][main-thread-snapshot] time=35.629 packets=31 characterRecords=31 bodyRecords=0 avgMs=0.005 maxMs=0.008
[rubber-banding][udp-pump] time=35.712 frame=2338 focused=1 windowMs=1000.3 fps=60.0 packets=30 socketAvgMs=33.4 socketP95Ms=41.2 socketMaxMs=45.4 pumpAvgMs=33.3 pumpP95Ms=50.0 pumpMaxMs=50.0 queueDelayAvgMs=14.9 queueDelayP95Ms=23.2 queueDelayMaxMs=27.9 samePump=0 pumpBatchMax=1 queueDepthMax=3 frameMaxMs=24.8
[rubber-banding][main-thread-pump] time=36.012 fps=61.0 frames=61 frameMaxMs=24.8 tcpAvgMs=0.003 tcpMaxMs=0.006 udpAvgMs=0.128 udpMaxMs=1.241 otherAvgMs=0.012 otherMaxMs=0.060 updateAvgMs=0.143 updateMaxMs=1.254
[rubber-banding][local-input] time=36.480 role=host entity=1 fps=59.9 updates=60 moveUpdates=60 fixedCalls=60 commands=60 blockedFixed=0 sampleMove=(0.95, 0.31) commandMove=(120,41) movementEnabled=True stunned=False controllerEnabled=True grounded=True position=(2.858, -1.241, 6.172) displacement=(3.710, -1.055, 1.370) travelCm=494.3 estimatedTick=176 desiredTick=181 recordedTick=176 resolvedTick=174 unresolved=2 fixedHz=60.0 simulationHz=60 rttMs=32.6 batchesSent=88 commandsSent=174 sendFailures=0
[rubber-banding][host-input] time=36.549 interval=1.000 room=19 world=1 authority=1 entity=1 hostTick=181 windowReceived=60 windowHeldFallback=0 windowNeutralFallback=0 pending=0 totalReceived=181 totalHeldFallback=0 totalNeutralFallback=0
[rubber-banding][main-thread-host-simulation] time=36.582 ticks=61 tickRate=61.0 avgMs=0.555 maxMs=3.564 fixedHz=60.0 maximumDeltaMs=333.3 focused=1
[rubber-banding][main-thread-snapshot] time=36.663 packets=31 characterRecords=31 bodyRecords=0 avgMs=0.005 maxMs=0.010
[rubber-banding][udp-pump] time=36.713 frame=2398 focused=1 windowMs=1001.4 fps=59.9 packets=30 socketAvgMs=33.4 socketP95Ms=36.1 socketMaxMs=40.9 pumpAvgMs=33.4 pumpP95Ms=33.8 pumpMaxMs=33.8 queueDelayAvgMs=15.6 queueDelayP95Ms=17.4 queueDelayMaxMs=19.9 samePump=0 pumpBatchMax=1 queueDepthMax=3 frameMaxMs=17.0
[rubber-banding][main-thread-pump] time=37.030 fps=60.9 frames=61 frameMaxMs=17.2 tcpAvgMs=0.004 tcpMaxMs=0.091 udpAvgMs=0.111 udpMaxMs=0.417 otherAvgMs=0.012 otherMaxMs=0.125 updateAvgMs=0.127 updateMaxMs=0.459
[rubber-banding][local-input] time=37.480 role=host entity=1 fps=60.0 updates=60 moveUpdates=52 fixedCalls=60 commands=60 blockedFixed=0 sampleMove=(0.00, 0.00) commandMove=(0,0) movementEnabled=True stunned=False controllerEnabled=True grounded=True position=(9.252, 1.762, 7.250) displacement=(6.393, 3.003, 1.078) travelCm=729.0 estimatedTick=236 desiredTick=241 recordedTick=236 resolvedTick=234 unresolved=2 fixedHz=60.0 simulationHz=60 rttMs=33.3 batchesSent=118 commandsSent=234 sendFailures=0
[rubber-banding][host-input] time=37.549 interval=1.000 room=19 world=1 authority=1 entity=1 hostTick=241 windowReceived=60 windowHeldFallback=0 windowNeutralFallback=0 pending=0 totalReceived=241 totalHeldFallback=0 totalNeutralFallback=0
[rubber-banding][main-thread-host-simulation] time=37.599 ticks=61 tickRate=61.0 avgMs=0.484 maxMs=0.860 fixedHz=60.0 maximumDeltaMs=333.3 focused=1
[rubber-banding][main-thread-snapshot] time=37.698 packets=31 characterRecords=31 bodyRecords=0 avgMs=0.005 maxMs=0.009
[rubber-banding][udp-pump] time=37.715 frame=2458 focused=1 windowMs=1001.2 fps=59.9 packets=30 socketAvgMs=33.3 socketP95Ms=34.5 socketMaxMs=34.8 pumpAvgMs=33.4 pumpP95Ms=33.5 pumpMaxMs=34.2 queueDelayAvgMs=16.2 queueDelayP95Ms=17.5 queueDelayMaxMs=19.8 samePump=0 pumpBatchMax=1 queueDepthMax=3 frameMaxMs=17.5
[rubber-banding][main-thread-pump] time=38.048 fps=60.9 frames=61 frameMaxMs=17.5 tcpAvgMs=0.003 tcpMaxMs=0.010 udpAvgMs=0.161 udpMaxMs=1.898 otherAvgMs=0.013 otherMaxMs=0.103 updateAvgMs=0.178 updateMaxMs=2.012
[rubber-banding][local-input] time=38.483 role=host entity=1 fps=59.8 updates=60 moveUpdates=12 fixedCalls=61 commands=61 blockedFixed=0 sampleMove=(0.00, 0.00) commandMove=(0,0) movementEnabled=True stunned=False controllerEnabled=True grounded=True position=(9.290, 1.755, 7.280) displacement=(0.038, -0.007, 0.030) travelCm=6.5 estimatedTick=296 desiredTick=302 recordedTick=297 resolvedTick=296 unresolved=1 fixedHz=60.0 simulationHz=60 rttMs=33.3 batchesSent=148 commandsSent=283 sendFailures=0
[rubber-banding][host-input] time=38.549 interval=1.000 room=19 world=1 authority=1 entity=1 hostTick=301 windowReceived=60 windowHeldFallback=0 windowNeutralFallback=0 pending=0 totalReceived=301 totalHeldFallback=0 totalNeutralFallback=0
[rubber-banding][main-thread-host-simulation] time=38.616 ticks=61 tickRate=61.0 avgMs=0.500 maxMs=3.282 fixedHz=60.0 maximumDeltaMs=333.3 focused=1
[rubber-banding][udp-pump] time=38.716 frame=2518 focused=1 windowMs=1001.8 fps=59.9 packets=31 socketAvgMs=32.9 socketP95Ms=35.7 socketMaxMs=38.3 pumpAvgMs=32.9 pumpP95Ms=33.5 pumpMaxMs=34.6 queueDelayAvgMs=15.8 queueDelayP95Ms=16.7 queueDelayMaxMs=20.1 samePump=0 pumpBatchMax=1 queueDepthMax=3 frameMaxMs=16.8
[rubber-banding][main-thread-snapshot] time=38.750 packets=32 characterRecords=32 bodyRecords=0 avgMs=0.006 maxMs=0.035
[rubber-banding][main-thread-pump] time=39.074 fps=60.5 frames=61 frameMaxMs=19.5 tcpAvgMs=0.016 tcpMaxMs=0.811 udpAvgMs=0.082 udpMaxMs=0.343 otherAvgMs=0.013 otherMaxMs=0.165 updateAvgMs=0.111 updateMaxMs=0.843
[rubber-banding][local-input] time=39.486 role=host entity=1 fps=57.8 updates=58 moveUpdates=37 fixedCalls=60 commands=60 blockedFixed=0 sampleMove=(-1.00, 0.04) commandMove=(-127,5) movementEnabled=True stunned=False controllerEnabled=True grounded=False position=(6.858, 1.217, 7.278) displacement=(-2.432, -0.538, -0.002) travelCm=254.2 estimatedTick=357 desiredTick=363 recordedTick=357 resolvedTick=356 unresolved=1 fixedHz=60.0 simulationHz=60 rttMs=36.2 batchesSent=178 commandsSent=327 sendFailures=0
[rubber-banding][host-input] time=39.549 interval=1.000 room=19 world=1 authority=1 entity=1 hostTick=361 windowReceived=60 windowHeldFallback=0 windowNeutralFallback=0 pending=0 totalReceived=361 totalHeldFallback=0 totalNeutralFallback=0
[rubber-banding][main-thread-host-simulation] time=39.632 ticks=61 tickRate=61.0 avgMs=0.453 maxMs=0.818 fixedHz=60.0 maximumDeltaMs=333.3 focused=1
[rubber-banding][udp-pump] time=39.717 frame=2575 focused=1 windowMs=1001.0 fps=56.9 packets=30 socketAvgMs=33.3 socketP95Ms=37.5 socketMaxMs=37.7 pumpAvgMs=33.4 pumpP95Ms=50.0 pumpMaxMs=55.3 queueDelayAvgMs=15.4 queueDelayP95Ms=19.1 queueDelayMaxMs=19.2 samePump=0 pumpBatchMax=1 queueDepthMax=2 frameMaxMs=19.6
[rubber-banding][main-thread-snapshot] time=39.790 packets=31 characterRecords=31 bodyRecords=0 avgMs=0.005 maxMs=0.007
[rubber-banding][main-thread-pump] time=40.101 fps=56.5 frames=57 frameMaxMs=19.8 tcpAvgMs=0.002 tcpMaxMs=0.003 udpAvgMs=0.110 udpMaxMs=0.393 otherAvgMs=0.014 otherMaxMs=0.182 updateAvgMs=0.127 updateMaxMs=0.408
[rubber-banding][local-input] time=40.502 role=host entity=1 fps=57.1 updates=58 moveUpdates=58 fixedCalls=61 commands=61 blockedFixed=0 sampleMove=(-0.99, 0.11) commandMove=(-126,12) movementEnabled=True stunned=False controllerEnabled=True grounded=True position=(-0.224, -0.754, 6.985) displacement=(-7.082, -1.971, -0.293) travelCm=803.1 estimatedTick=417 desiredTick=423 recordedTick=418 resolvedTick=416 unresolved=2 fixedHz=60.0 simulationHz=60 rttMs=37.9 batchesSent=209 commandsSent=389 sendFailures=0
[rubber-banding][host-input] time=40.549 interval=1.000 room=19 world=1 authority=1 entity=1 hostTick=421 windowReceived=60 windowHeldFallback=0 windowNeutralFallback=0 pending=0 totalReceived=421 totalHeldFallback=0 totalNeutralFallback=0
[rubber-banding][main-thread-host-simulation] time=40.649 ticks=61 tickRate=61.0 avgMs=0.456 maxMs=0.872 fixedHz=60.0 maximumDeltaMs=333.3 focused=1
[rubber-banding][udp-pump] time=40.719 frame=2633 focused=1 windowMs=1001.6 fps=57.9 packets=30 socketAvgMs=33.4 socketP95Ms=37.5 socketMaxMs=38.0 pumpAvgMs=33.4 pumpP95Ms=37.9 pumpMaxMs=37.9 queueDelayAvgMs=16.5 queueDelayP95Ms=19.3 queueDelayMaxMs=20.5 samePump=0 pumpBatchMax=1 queueDepthMax=3 frameMaxMs=19.5
[rubber-banding][main-thread-snapshot] time=40.852 packets=32 characterRecords=32 bodyRecords=0 avgMs=0.005 maxMs=0.010
[rubber-banding][main-thread-pump] time=41.136 fps=61.0 frames=62 frameMaxMs=19.5 tcpAvgMs=0.003 tcpMaxMs=0.015 udpAvgMs=0.126 udpMaxMs=1.200 otherAvgMs=0.012 otherMaxMs=0.064 updateAvgMs=0.141 updateMaxMs=1.211
[rubber-banding][local-input] time=41.502 role=host entity=1 fps=60.0 updates=60 moveUpdates=15 fixedCalls=60 commands=60 blockedFixed=0 sampleMove=(0.00, 0.00) commandMove=(0,0) movementEnabled=True stunned=False controllerEnabled=True grounded=True position=(-1.718, -0.236, 7.674) displacement=(-1.493, 0.518, 0.689) travelCm=185.2 estimatedTick=478 desiredTick=483 recordedTick=478 resolvedTick=476 unresolved=2 fixedHz=60.0 simulationHz=60 rttMs=33.3 batchesSent=239 commandsSent=449 sendFailures=0
[rubber-banding][host-input] time=41.549 interval=1.000 room=19 world=1 authority=1 entity=1 hostTick=481 windowReceived=60 windowHeldFallback=0 windowNeutralFallback=0 pending=0 totalReceived=481 totalHeldFallback=0 totalNeutralFallback=0
[rubber-banding][main-thread-host-simulation] time=41.666 ticks=61 tickRate=61.0 avgMs=0.506 maxMs=2.906 fixedHz=60.0 maximumDeltaMs=333.3 focused=1
[rubber-banding][udp-pump] time=41.719 frame=2693 focused=1 windowMs=1000.1 fps=60.0 packets=30 socketAvgMs=33.3 socketP95Ms=34.7 socketMaxMs=35.5 pumpAvgMs=33.3 pumpP95Ms=33.3 pumpMaxMs=33.4 queueDelayAvgMs=16.0 queueDelayP95Ms=17.0 queueDelayMaxMs=17.1 samePump=0 pumpBatchMax=1 queueDepthMax=3 frameMaxMs=16.7
[rubber-banding][main-thread-snapshot] time=41.886 packets=31 characterRecords=31 bodyRecords=0 avgMs=0.005 maxMs=0.007
[rubber-banding][main-thread-pump] time=42.169 fps=50.2 frames=51 frameMaxMs=73.9 tcpAvgMs=0.003 tcpMaxMs=0.005 udpAvgMs=0.110 udpMaxMs=0.302 otherAvgMs=0.014 otherMaxMs=0.201 updateAvgMs=0.126 updateMaxMs=0.365
[rubber-banding][host-input] time=42.549 interval=1.000 room=19 world=1 authority=1 entity=1 hostTick=541 windowReceived=60 windowHeldFallback=0 windowNeutralFallback=0 pending=0 totalReceived=541 totalHeldFallback=0 totalNeutralFallback=0
[rubber-banding][local-input] time=42.567 role=host entity=1 fps=31.9 updates=34 moveUpdates=0 fixedCalls=64 commands=64 blockedFixed=0 sampleMove=(0.00, 0.00) commandMove=(0,0) movementEnabled=True stunned=False controllerEnabled=True grounded=True position=(-1.718, -0.236, 7.674) displacement=(0.000, 0.000, 0.000) travelCm=0.0 estimatedTick=542 desiredTick=551 recordedTick=542 resolvedTick=540 unresolved=2 fixedHz=60.0 simulationHz=60 rttMs=140.2 batchesSent=260 commandsSent=493 sendFailures=0
[rubber-banding][main-thread-host-simulation] time=42.682 ticks=61 tickRate=61.0 avgMs=0.406 maxMs=2.195 fixedHz=60.0 maximumDeltaMs=333.3 focused=0
[rubber-banding][udp-pump] time=42.766 frame=2716 focused=0 windowMs=1047.1 fps=22.0 packets=31 socketAvgMs=34.3 socketP95Ms=97.6 socketMaxMs=100.0 pumpAvgMs=33.8 pumpP95Ms=98.9 pumpMaxMs=100.5 queueDelayAvgMs=27.3 queueDelayP95Ms=98.6 queueDelayMaxMs=100.5 samePump=14 pumpBatchMax=3 queueDepthMax=5 frameMaxMs=100.5
[rubber-banding][main-thread-snapshot] time=42.955 packets=27 characterRecords=27 bodyRecords=0 avgMs=0.003 maxMs=0.007
[rubber-banding][main-thread-pump] time=43.270 fps=8.8 frames=9 frameMaxMs=314.4 tcpAvgMs=0.002 tcpMaxMs=0.003 udpAvgMs=0.169 udpMaxMs=0.321 otherAvgMs=0.017 otherMaxMs=0.060 updateAvgMs=0.189 updateMaxMs=0.349
[rubber-banding][host-input] time=43.554 interval=1.005 room=19 world=1 authority=1 entity=1 hostTick=600 windowReceived=59 windowHeldFallback=0 windowNeutralFallback=0 pending=0 totalReceived=600 totalHeldFallback=0 totalNeutralFallback=0
[rubber-banding][main-thread-host-simulation] time=43.704 ticks=60 tickRate=59.7 avgMs=0.329 maxMs=1.465 fixedHz=60.0 maximumDeltaMs=333.3 focused=0
[rubber-banding][udp-pump] time=43.870 frame=2720 focused=0 windowMs=1103.9 fps=3.6 packets=32 socketAvgMs=34.6 socketP95Ms=311.1 socketMaxMs=351.3 pumpAvgMs=34.5 pumpP95Ms=314.4 pumpMaxMs=355.4 queueDelayAvgMs=26.6 queueDelayP95Ms=244.5 queueDelayMaxMs=355.9 samePump=28 pumpBatchMax=10 queueDepthMax=12 frameMaxMs=355.4
[rubber-banding][local-input] time=43.870 role=host entity=1 fps=4.6 updates=6 moveUpdates=0 fixedCalls=76 commands=76 blockedFixed=0 sampleMove=(0.00, 0.00) commandMove=(0,0) movementEnabled=True stunned=False controllerEnabled=True grounded=True position=(-1.718, -0.236, 7.674) displacement=(0.000, 0.000, 0.000) travelCm=0.0 estimatedTick=616 desiredTick=639 recordedTick=618 resolvedTick=616 unresolved=2 fixedHz=60.0 simulationHz=60 rttMs=600.3 batchesSent=266 commandsSent=504 sendFailures=0
[rubber-banding][main-thread-snapshot] time=44.236 packets=32 characterRecords=32 bodyRecords=0 avgMs=0.001 maxMs=0.004
[rubber-banding][host-input] time=44.559 interval=1.004 room=19 world=1 authority=1 entity=1 hostTick=658 windowReceived=58 windowHeldFallback=0 windowNeutralFallback=0 pending=0 totalReceived=658 totalHeldFallback=0 totalNeutralFallback=0
[rubber-banding][main-thread-pump] time=44.574 fps=3.8 frames=4 frameMaxMs=365.8 tcpAvgMs=0.002 tcpMaxMs=0.002 udpAvgMs=0.162 udpMaxMs=0.244 otherAvgMs=0.041 otherMaxMs=0.137 updateAvgMs=0.206 updateMaxMs=0.257
[rubber-banding][main-thread-host-simulation] time=44.723 ticks=58 tickRate=57.9 avgMs=0.281 maxMs=0.972 fixedHz=60.0 maximumDeltaMs=333.3 focused=0
[rubber-banding][udp-pump] time=44.922 frame=2723 focused=0 windowMs=1052.3 fps=2.9 packets=21 socketAvgMs=33.5 socketP95Ms=332.4 socketMaxMs=360.5 pumpAvgMs=33.5 pumpP95Ms=338.4 pumpMaxMs=365.8 queueDelayAvgMs=19.4 queueDelayP95Ms=6.2 queueDelayMaxMs=366.8 samePump=19 pumpBatchMax=11 queueDepthMax=11 frameMaxMs=365.8
[rubber-banding][local-input] time=44.922 role=host entity=1 fps=2.9 updates=3 moveUpdates=0 fixedCalls=60 commands=60 blockedFixed=0 sampleMove=(0.00, 0.00) commandMove=(0,0) movementEnabled=True stunned=False controllerEnabled=True grounded=True position=(-1.718, -0.236, 7.674) displacement=(0.000, 0.000, 0.000) travelCm=0.0 estimatedTick=1 desiredTick=5 recordedTick=0 resolvedTick=0 unresolved=0 fixedHz=60.0 simulationHz=60 rttMs=-1.0 batchesSent=266 commandsSent=504 sendFailures=0
[rubber-banding][main-thread-snapshot] time=45.285 packets=28 characterRecords=36 bodyRecords=0 avgMs=0.020 maxMs=0.540
[rubber-banding][main-thread-host-simulation] time=45.743 ticks=57 tickRate=56.8 avgMs=0.551 maxMs=7.987 fixedHz=60.0 maximumDeltaMs=333.3 focused=0
[rubber-banding][host-input] time=45.926 interval=1.003 room=19 world=2 authority=2 entity=1 hostTick=57 windowReceived=57 windowHeldFallback=0 windowNeutralFallback=0 pending=0 totalReceived=57 totalHeldFallback=0 totalNeutralFallback=0
[rubber-banding][host-input] time=45.926 interval=1.003 room=19 world=2 authority=2 entity=2 hostTick=57 windowReceived=0 windowHeldFallback=0 windowNeutralFallback=57 pending=0 totalReceived=0 totalHeldFallback=0 totalNeutralFallback=57
[rubber-banding][udp-pump] time=45.970 frame=2730 focused=0 windowMs=1048.0 fps=6.7 packets=29 socketAvgMs=48.2 socketP95Ms=400.1 socketMaxMs=468.4 pumpAvgMs=48.1 pumpP95Ms=402.8 pumpMaxMs=470.9 queueDelayAvgMs=12.0 queueDelayP95Ms=110.7 queueDelayMaxMs=116.9 samePump=22 pumpBatchMax=10 queueDepthMax=19 frameMaxMs=402.8
[rubber-banding][main-thread-pump] time=45.970 fps=7.6 frames=8 frameMaxMs=402.8 tcpAvgMs=1.337 tcpMaxMs=10.682 udpAvgMs=0.573 udpMaxMs=2.861 otherAvgMs=0.036 otherMaxMs=0.143 updateAvgMs=1.946 updateMaxMs=10.954
[rubber-banding][local-input] time=45.970 role=host entity=1 fps=6.7 updates=7 moveUpdates=0 fixedCalls=59 commands=59 blockedFixed=0 sampleMove=(0.00, 0.00) commandMove=(0,0) movementEnabled=True stunned=False controllerEnabled=True grounded=True position=(-1.718, -0.236, 7.674) displacement=(0.000, 0.000, 0.000) travelCm=0.0 estimatedTick=63 desiredTick=75 recordedTick=59 resolvedTick=58 unresolved=1 fixedHz=60.0 simulationHz=60 rttMs=251.4 batchesSent=272 commandsSent=513 sendFailures=0
[rubber-banding][main-thread-snapshot] time=46.553 packets=22 characterRecords=44 bodyRecords=0 avgMs=0.002 maxMs=0.017
[rubber-banding][main-thread-host-simulation] time=46.796 ticks=34 tickRate=32.8 avgMs=0.348 maxMs=1.101 fixedHz=60.0 maximumDeltaMs=333.3 focused=0
[rubber-banding][host-input] time=46.929 interval=1.003 room=19 world=2 authority=2 entity=1 hostTick=88 windowReceived=31 windowHeldFallback=0 windowNeutralFallback=0 pending=0 totalReceived=88 totalHeldFallback=0 totalNeutralFallback=0
[rubber-banding][host-input] time=46.929 interval=1.003 room=19 world=2 authority=2 entity=2 hostTick=88 windowReceived=9 windowHeldFallback=0 windowNeutralFallback=22 pending=3 totalReceived=9 totalHeldFallback=0 totalNeutralFallback=79
[rubber-banding][udp-pump] time=47.123 frame=2732 focused=0 windowMs=1153.2 fps=1.7 packets=20 socketAvgMs=57.7 socketP95Ms=563.2 socketMaxMs=577.0 pumpAvgMs=57.7 pumpP95Ms=570.0 pumpMaxMs=583.2 queueDelayAvgMs=2.8 queueDelayP95Ms=6.9 queueDelayMaxMs=6.9 samePump=18 pumpBatchMax=10 queueDepthMax=29 frameMaxMs=583.2
[rubber-banding][local-input] time=47.123 role=host entity=1 fps=1.7 updates=2 moveUpdates=0 fixedCalls=40 commands=40 blockedFixed=0 sampleMove=(0.00, 0.00) commandMove=(0,0) movementEnabled=True stunned=False controllerEnabled=True grounded=True position=(-1.718, -0.236, 7.674) displacement=(0.000, 0.000, 0.000) travelCm=0.0 estimatedTick=130 desiredTick=152 recordedTick=99 resolvedTick=98 unresolved=1 fixedHz=60.0 simulationHz=60 rttMs=583.2 batchesSent=274 commandsSent=515 sendFailures=0
[rubber-banding][main-thread-snapshot] time=47.640 packets=20 characterRecords=40 bodyRecords=0 avgMs=0.001 maxMs=0.006
[rubber-banding][main-thread-pump] time=47.640 fps=2.8 frames=3 frameMaxMs=583.2 tcpAvgMs=0.003 tcpMaxMs=0.004 udpAvgMs=3.730 udpMaxMs=4.446 otherAvgMs=0.030 otherMaxMs=0.056 updateAvgMs=3.762 updateMaxMs=4.505
[rubber-banding][main-thread-host-simulation] time=47.827 ticks=45 tickRate=44.4 avgMs=0.467 maxMs=2.771 fixedHz=60.0 maximumDeltaMs=333.3 focused=0
[rubber-banding][host-input] time=47.943 interval=1.014 room=19 world=2 authority=2 entity=1 hostTick=132 windowReceived=44 windowHeldFallback=0 windowNeutralFallback=0 pending=0 totalReceived=132 totalHeldFallback=0 totalNeutralFallback=0
[rubber-banding][host-input] time=47.943 interval=1.014 room=19 world=2 authority=2 entity=2 hostTick=132 windowReceived=36 windowHeldFallback=2 windowNeutralFallback=6 pending=12 totalReceived=45 totalHeldFallback=2 totalNeutralFallback=85
[rubber-banding][udp-pump] time=48.377 frame=2735 focused=0 windowMs=1253.4 fps=2.4 packets=29 socketAvgMs=43.2 socketP95Ms=422.7 socketMaxMs=510.4 pumpAvgMs=43.2 pumpP95Ms=430.6 pumpMaxMs=516.8 queueDelayAvgMs=3.4 queueDelayP95Ms=7.8 queueDelayMaxMs=9.0 samePump=26 pumpBatchMax=10 queueDepthMax=28 frameMaxMs=516.8
[rubber-banding][local-input] time=48.377 role=host entity=1 fps=2.4 updates=3 moveUpdates=0 fixedCalls=58 commands=58 blockedFixed=0 sampleMove=(0.00, 0.00) commandMove=(0,0) movementEnabled=True stunned=False controllerEnabled=True grounded=True position=(-1.718, -0.236, 7.674) displacement=(0.000, 0.000, 0.000) travelCm=0.0 estimatedTick=178 desiredTick=198 recordedTick=157 resolvedTick=156 unresolved=1 fixedHz=60.0 simulationHz=60 rttMs=516.8 batchesSent=277 commandsSent=518 sendFailures=0
[rubber-banding][main-thread-snapshot] time=48.656 packets=29 characterRecords=58 bodyRecords=0 avgMs=0.001 maxMs=0.005
[rubber-banding][main-thread-host-simulation] time=48.843 ticks=61 tickRate=61.0 avgMs=0.361 maxMs=1.731 fixedHz=60.0 maximumDeltaMs=333.3 focused=0
[rubber-banding][host-input] time=48.943 interval=1.000 room=19 world=2 authority=2 entity=1 hostTick=192 windowReceived=60 windowHeldFallback=0 windowNeutralFallback=0 pending=0 totalReceived=192 totalHeldFallback=0 totalNeutralFallback=0
[rubber-banding][host-input] time=48.943 interval=1.000 room=19 world=2 authority=2 entity=2 hostTick=192 windowReceived=54 windowHeldFallback=4 windowNeutralFallback=2 pending=9 totalReceived=99 totalHeldFallback=6 totalNeutralFallback=87
[rubber-banding][main-thread-pump] time=49.153 fps=4.6 frames=5 frameMaxMs=430.6 tcpAvgMs=0.002 tcpMaxMs=0.002 udpAvgMs=2.390 udpMaxMs=2.900 otherAvgMs=0.022 otherMaxMs=0.064 updateAvgMs=2.414 updateMaxMs=2.913
[rubber-banding][udp-pump] time=49.542 frame=2740 focused=0 windowMs=1164.8 fps=4.3 packets=35 socketAvgMs=33.2 socketP95Ms=248.7 socketMaxMs=274.6 pumpAvgMs=33.3 pumpP95Ms=252.9 pumpMaxMs=279.5 queueDelayAvgMs=1.7 queueDelayP95Ms=4.4 queueDelayMaxMs=4.9 samePump=30 pumpBatchMax=9 queueDepthMax=19 frameMaxMs=279.5
[rubber-banding][local-input] time=49.542 role=host entity=1 fps=4.3 updates=5 moveUpdates=0 fixedCalls=70 commands=70 blockedFixed=0 sampleMove=(0.00, 0.00) commandMove=(0,0) movementEnabled=True stunned=False controllerEnabled=True grounded=True position=(-1.718, -0.236, 7.674) displacement=(0.000, 0.000, 0.000) travelCm=0.0 estimatedTick=235 desiredTick=248 recordedTick=227 resolvedTick=226 unresolved=1 fixedHz=60.0 simulationHz=60 rttMs=279.5 batchesSent=280 commandsSent=521 sendFailures=0
[rubber-banding][main-thread-snapshot] time=49.714 packets=35 characterRecords=70 bodyRecords=0 avgMs=0.001 maxMs=0.006
[rubber-banding][main-thread-host-simulation] time=49.860 ticks=61 tickRate=61.0 avgMs=0.424 maxMs=2.048 fixedHz=60.0 maximumDeltaMs=333.3 focused=0
[rubber-banding][host-input] time=49.943 interval=1.000 room=19 world=2 authority=2 entity=1 hostTick=252 windowReceived=60 windowHeldFallback=0 windowNeutralFallback=0 pending=0 totalReceived=252 totalHeldFallback=0 totalNeutralFallback=0
[rubber-banding][host-input] time=49.943 interval=1.000 room=19 world=2 authority=2 entity=2 hostTick=252 windowReceived=55 windowHeldFallback=4 windowNeutralFallback=1 pending=2 totalReceived=154 totalHeldFallback=10 totalNeutralFallback=88
[rubber-banding][main-thread-pump] time=50.503 fps=7.9 frames=9 frameMaxMs=214.1 tcpAvgMs=0.002 tcpMaxMs=0.003 udpAvgMs=1.361 udpMaxMs=2.061 otherAvgMs=0.016 otherMaxMs=0.059 updateAvgMs=1.380 updateMaxMs=2.073
[rubber-banding][udp-pump] time=50.663 frame=2748 focused=0 windowMs=1121.8 fps=7.1 packets=34 socketAvgMs=32.9 socketP95Ms=175.1 socketMaxMs=176.8 pumpAvgMs=33.0 pumpP95Ms=175.5 pumpMaxMs=180.3 queueDelayAvgMs=1.5 queueDelayP95Ms=4.3 queueDelayMaxMs=5.6 samePump=27 pumpBatchMax=6 queueDepthMax=13 frameMaxMs=180.3
[rubber-banding][local-input] time=50.663 role=host entity=1 fps=7.1 updates=8 moveUpdates=0 fixedCalls=68 commands=68 blockedFixed=0 sampleMove=(0.00, 0.00) commandMove=(0,0) movementEnabled=True stunned=False controllerEnabled=True grounded=True position=(-1.718, -0.236, 7.674) displacement=(0.000, 0.000, 0.000) travelCm=0.0 estimatedTick=300 desiredTick=310 recordedTick=295 resolvedTick=294 unresolved=1 fixedHz=60.0 simulationHz=60 rttMs=172.7 batchesSent=285 commandsSent=526 sendFailures=0
[rubber-banding][main-thread-snapshot] time=50.803 packets=34 characterRecords=68 bodyRecords=0 avgMs=0.002 maxMs=0.007
[rubber-banding][main-thread-host-simulation] time=50.877 ticks=61 tickRate=61.0 avgMs=0.373 maxMs=0.882 fixedHz=60.0 maximumDeltaMs=333.3 focused=0
[rubber-banding][host-input] time=50.943 interval=1.000 room=19 world=2 authority=2 entity=1 hostTick=312 windowReceived=60 windowHeldFallback=0 windowNeutralFallback=0 pending=0 totalReceived=312 totalHeldFallback=0 totalNeutralFallback=0
[rubber-banding][host-input] time=50.943 interval=1.000 room=19 world=2 authority=2 entity=2 hostTick=312 windowReceived=41 windowHeldFallback=11 windowNeutralFallback=8 pending=5 totalReceived=195 totalHeldFallback=21 totalNeutralFallback=96
[rubber-banding][udp-pump] time=51.750 frame=2757 focused=0 windowMs=1086.4 fps=8.3 packets=33 socketAvgMs=32.9 socketP95Ms=135.4 socketMaxMs=138.3 pumpAvgMs=32.9 pumpP95Ms=138.7 pumpMaxMs=140.1 queueDelayAvgMs=1.2 queueDelayP95Ms=4.2 queueDelayMaxMs=4.6 samePump=24 pumpBatchMax=4 queueDepthMax=9 frameMaxMs=140.1
[rubber-banding][main-thread-pump] time=51.750 fps=9.2 frames=10 frameMaxMs=160.2 tcpAvgMs=0.002 tcpMaxMs=0.003 udpAvgMs=1.801 udpMaxMs=5.178 otherAvgMs=0.031 otherMaxMs=0.140 updateAvgMs=1.834 updateMaxMs=5.192
[rubber-banding][local-input] time=51.750 role=host entity=1 fps=8.3 updates=9 moveUpdates=0 fixedCalls=65 commands=65 blockedFixed=0 sampleMove=(0.00, 0.00) commandMove=(0,0) movementEnabled=True stunned=False controllerEnabled=True grounded=True position=(-1.718, -0.236, 7.674) displacement=(0.000, 0.000, 0.000) travelCm=0.0 estimatedTick=363 desiredTick=372 recordedTick=360 resolvedTick=360 unresolved=0 fixedHz=60.0 simulationHz=60 rttMs=140.1 batchesSent=291 commandsSent=532 sendFailures=0
[rubber-banding][main-thread-snapshot] time=51.806 packets=33 characterRecords=66 bodyRecords=0 avgMs=0.002 maxMs=0.007
[rubber-banding][main-thread-host-simulation] time=51.893 ticks=61 tickRate=61.0 avgMs=0.474 maxMs=1.551 fixedHz=60.0 maximumDeltaMs=333.3 focused=0
[rubber-banding][host-input] time=51.943 interval=1.000 room=19 world=2 authority=2 entity=1 hostTick=372 windowReceived=60 windowHeldFallback=0 windowNeutralFallback=0 pending=0 totalReceived=372 totalHeldFallback=0 totalNeutralFallback=0
[rubber-banding][host-input] time=51.943 interval=1.000 room=19 world=2 authority=2 entity=2 hostTick=372 windowReceived=52 windowHeldFallback=8 windowNeutralFallback=0 pending=4 totalReceived=247 totalHeldFallback=29 totalNeutralFallback=96
[rubber-banding][udp-pump] time=52.829 frame=2767 focused=0 windowMs=1079.4 fps=9.3 packets=32 socketAvgMs=33.7 socketP95Ms=158.8 socketMaxMs=164.2 pumpAvgMs=33.7 pumpP95Ms=158.9 pumpMaxMs=167.3 queueDelayAvgMs=1.2 queueDelayP95Ms=3.1 queueDelayMaxMs=3.2 samePump=22 pumpBatchMax=5 queueDepthMax=12 frameMaxMs=167.3
[rubber-banding][main-thread-pump] time=52.829 fps=9.8 frames=10 frameMaxMs=167.3 tcpAvgMs=0.003 tcpMaxMs=0.003 udpAvgMs=1.309 udpMaxMs=3.166 otherAvgMs=0.028 otherMaxMs=0.155 updateAvgMs=1.340 updateMaxMs=3.182
[rubber-banding][local-input] time=52.829 role=host entity=1 fps=9.3 updates=10 moveUpdates=0 fixedCalls=65 commands=65 blockedFixed=0 sampleMove=(0.00, 0.00) commandMove=(0,0) movementEnabled=True stunned=False controllerEnabled=True grounded=True position=(-1.718, -0.236, 7.674) displacement=(0.000, 0.000, 0.000) travelCm=0.0 estimatedTick=426 desiredTick=432 recordedTick=425 resolvedTick=424 unresolved=1 fixedHz=60.0 simulationHz=60 rttMs=55.8 batchesSent=298 commandsSent=539 sendFailures=0
[rubber-banding][main-thread-host-simulation] time=52.910 ticks=61 tickRate=61.0 avgMs=0.502 maxMs=2.636 fixedHz=60.0 maximumDeltaMs=333.3 focused=0
[rubber-banding][host-input] time=52.943 interval=1.000 room=19 world=2 authority=2 entity=1 hostTick=432 windowReceived=60 windowHeldFallback=0 windowNeutralFallback=0 pending=0 totalReceived=432 totalHeldFallback=0 totalNeutralFallback=0
[rubber-banding][host-input] time=52.943 interval=1.000 room=19 world=2 authority=2 entity=2 hostTick=432 windowReceived=47 windowHeldFallback=10 windowNeutralFallback=3 pending=0 totalReceived=294 totalHeldFallback=39 totalNeutralFallback=99
[rubber-banding][main-thread-snapshot] time=52.992 packets=32 characterRecords=64 bodyRecords=0 avgMs=0.002 maxMs=0.010
[rubber-banding][udp-pump] time=53.832 frame=2774 focused=0 windowMs=1002.9 fps=7.0 packets=30 socketAvgMs=33.4 socketP95Ms=160.8 socketMaxMs=166.3 pumpAvgMs=33.4 pumpP95Ms=163.1 pumpMaxMs=168.2 queueDelayAvgMs=1.3 queueDelayP95Ms=5.1 queueDelayMaxMs=5.1 samePump=23 pumpBatchMax=5 queueDepthMax=12 frameMaxMs=168.2
[rubber-banding][local-input] time=53.832 role=host entity=1 fps=7.0 updates=7 moveUpdates=0 fixedCalls=60 commands=60 blockedFixed=0 sampleMove=(0.00, 0.00) commandMove=(0,0) movementEnabled=True stunned=False controllerEnabled=True grounded=True position=(-1.718, -0.236, 7.674) displacement=(0.000, 0.000, 0.000) travelCm=0.0 estimatedTick=489 desiredTick=498 recordedTick=485 resolvedTick=484 unresolved=1 fixedHz=60.0 simulationHz=60 rttMs=163.1 batchesSent=301 commandsSent=542 sendFailures=0
[rubber-banding][main-thread-host-simulation] time=53.927 ticks=61 tickRate=61.0 avgMs=0.320 maxMs=1.283 fixedHz=60.0 maximumDeltaMs=333.3 focused=0
[rubber-banding][host-input] time=53.943 interval=1.000 room=19 world=2 authority=2 entity=1 hostTick=492 windowReceived=60 windowHeldFallback=0 windowNeutralFallback=0 pending=0 totalReceived=492 totalHeldFallback=0 totalNeutralFallback=0
[rubber-banding][main-thread-snapshot] time=54.096 packets=34 characterRecords=68 bodyRecords=0 avgMs=0.002 maxMs=0.006
[rubber-banding][main-thread-pump] time=54.096 fps=8.2 frames=9 frameMaxMs=168.2 tcpAvgMs=0.739 tcpMaxMs=4.871 udpAvgMs=1.305 udpMaxMs=2.863 otherAvgMs=0.028 otherMaxMs=0.095 updateAvgMs=2.072 updateMaxMs=6.114
[rubber-banding][udp-pump] time=54.899 frame=2781 focused=0 windowMs=1067.5 fps=6.6 packets=32 socketAvgMs=33.4 socketP95Ms=172.3 socketMaxMs=181.9 pumpAvgMs=33.4 pumpP95Ms=174.3 pumpMaxMs=184.0 queueDelayAvgMs=1.3 queueDelayP95Ms=3.6 queueDelayMaxMs=3.6 samePump=25 pumpBatchMax=6 queueDepthMax=11 frameMaxMs=184.0
[rubber-banding][local-input] time=54.899 role=host entity=1 fps=6.6 updates=7 moveUpdates=0 fixedCalls=64 commands=64 blockedFixed=0 sampleMove=(0.00, 0.00) commandMove=(0,0) movementEnabled=True stunned=False controllerEnabled=True grounded=True position=(-1.718, -0.236, 7.674) displacement=(0.000, 0.000, 0.000) travelCm=0.0 estimatedTick=553 desiredTick=561 recordedTick=549 resolvedTick=548 unresolved=1 fixedHz=60.0 simulationHz=60 rttMs=130.7 batchesSent=307 commandsSent=548 sendFailures=0
[rubber-banding][host-input] time=54.943 interval=1.000 room=19 world=2 authority=2 entity=1 hostTick=552 windowReceived=60 windowHeldFallback=0 windowNeutralFallback=0 pending=0 totalReceived=552 totalHeldFallback=0 totalNeutralFallback=0
[rubber-banding][main-thread-host-simulation] time=54.943 ticks=61 tickRate=61.0 avgMs=0.391 maxMs=2.201 fixedHz=60.0 maximumDeltaMs=333.3 focused=0
[rubber-banding][host-input] time=54.977 interval=1.000 room=19 world=2 authority=2 entity=2 hostTick=554 windowReceived=26 windowHeldFallback=14 windowNeutralFallback=21 pending=0 totalReceived=26 totalHeldFallback=14 totalNeutralFallback=21
[rubber-banding][main-thread-snapshot] time=55.230 packets=33 characterRecords=66 bodyRecords=0 avgMs=0.001 maxMs=0.007
[rubber-banding][main-thread-pump] time=55.364 fps=7.1 frames=8 frameMaxMs=184.0 tcpAvgMs=0.002 tcpMaxMs=0.003 udpAvgMs=1.734 udpMaxMs=3.333 otherAvgMs=0.017 otherMaxMs=0.062 updateAvgMs=1.754 updateMaxMs=3.345
[rubber-banding][host-input] time=55.943 interval=1.000 room=19 world=2 authority=2 entity=1 hostTick=612 windowReceived=60 windowHeldFallback=0 windowNeutralFallback=0 pending=0 totalReceived=612 totalHeldFallback=0 totalNeutralFallback=0
[rubber-banding][main-thread-host-simulation] time=55.960 ticks=61 tickRate=61.0 avgMs=0.441 maxMs=5.628 fixedHz=60.0 maximumDeltaMs=333.3 focused=0
[rubber-banding][host-input] time=55.977 interval=1.000 room=19 world=2 authority=2 entity=2 hostTick=614 windowReceived=16 windowHeldFallback=12 windowNeutralFallback=32 pending=0 totalReceived=42 totalHeldFallback=26 totalNeutralFallback=53
[rubber-banding][udp-pump] time=55.992 frame=2788 focused=0 windowMs=1092.4 fps=6.4 packets=33 socketAvgMs=33.1 socketP95Ms=175.5 socketMaxMs=178.3 pumpAvgMs=33.1 pumpP95Ms=179.0 pumpMaxMs=186.5 queueDelayAvgMs=1.8 queueDelayP95Ms=7.2 queueDelayMaxMs=7.2 samePump=26 pumpBatchMax=5 queueDepthMax=12 frameMaxMs=186.5
[rubber-banding][local-input] time=55.992 role=host entity=1 fps=6.4 updates=7 moveUpdates=0 fixedCalls=65 commands=65 blockedFixed=0 sampleMove=(0.00, 0.00) commandMove=(0,0) movementEnabled=True stunned=False controllerEnabled=True grounded=True position=(-1.718, -0.236, 7.674) displacement=(0.000, 0.000, 0.000) travelCm=0.0 estimatedTick=619 desiredTick=629 recordedTick=614 resolvedTick=614 unresolved=0 fixedHz=60.0 simulationHz=60 rttMs=167.4 batchesSent=311 commandsSent=552 sendFailures=0
[rubber-banding][main-thread-snapshot] time=56.351 packets=33 characterRecords=66 bodyRecords=0 avgMs=0.002 maxMs=0.009
[rubber-banding][main-thread-pump] time=56.495 fps=6.9 frames=7 frameMaxMs=186.5 tcpAvgMs=0.004 tcpMaxMs=0.013 udpAvgMs=2.581 udpMaxMs=6.959 otherAvgMs=0.019 otherMaxMs=0.054 updateAvgMs=2.603 updateMaxMs=6.986
[rubber-banding][host-input] time=56.943 interval=1.000 room=19 world=2 authority=2 entity=1 hostTick=672 windowReceived=60 windowHeldFallback=0 windowNeutralFallback=0 pending=0 totalReceived=672 totalHeldFallback=0 totalNeutralFallback=0
[rubber-banding][host-input] time=56.977 interval=1.000 room=19 world=2 authority=2 entity=2 hostTick=674 windowReceived=20 windowHeldFallback=13 windowNeutralFallback=27 pending=0 totalReceived=62 totalHeldFallback=39 totalNeutralFallback=80
[rubber-banding][main-thread-host-simulation] time=56.977 ticks=61 tickRate=61.0 avgMs=0.393 maxMs=2.050 fixedHz=60.0 maximumDeltaMs=333.3 focused=0
[rubber-banding][udp-pump] time=57.001 frame=2795 focused=0 windowMs=1009.6 fps=6.9 packets=30 socketAvgMs=33.6 socketP95Ms=171.8 socketMaxMs=180.2 pumpAvgMs=33.7 pumpP95Ms=174.9 pumpMaxMs=183.9 queueDelayAvgMs=0.9 queueDelayP95Ms=3.3 queueDelayMaxMs=3.5 samePump=23 pumpBatchMax=6 queueDepthMax=11 frameMaxMs=183.9
[rubber-banding][local-input] time=57.001 role=host entity=1 fps=6.9 updates=7 moveUpdates=0 fixedCalls=61 commands=61 blockedFixed=0 sampleMove=(0.00, 0.00) commandMove=(0,0) movementEnabled=True stunned=False controllerEnabled=True grounded=True position=(-1.718, -0.236, 7.674) displacement=(0.000, 0.000, 0.000) travelCm=0.0 estimatedTick=680 desiredTick=690 recordedTick=675 resolvedTick=674 unresolved=1 fixedHz=60.0 simulationHz=60 rttMs=174.9 batchesSent=315 commandsSent=556 sendFailures=0
[rubber-banding][main-thread-snapshot] time=57.444 packets=34 characterRecords=68 bodyRecords=0 avgMs=0.001 maxMs=0.006
[rubber-banding][main-thread-pump] time=57.613 fps=7.7 frames=8 frameMaxMs=169.5 tcpAvgMs=0.002 tcpMaxMs=0.003 udpAvgMs=2.734 udpMaxMs=13.645 otherAvgMs=0.019 otherMaxMs=0.067 updateAvgMs=2.756 updateMaxMs=13.672
[rubber-banding][host-input] time=57.943 interval=1.000 room=19 world=2 authority=2 entity=1 hostTick=732 windowReceived=60 windowHeldFallback=0 windowNeutralFallback=0 pending=0 totalReceived=732 totalHeldFallback=0 totalNeutralFallback=0
[rubber-banding][host-input] time=57.977 interval=1.000 room=19 world=2 authority=2 entity=2 hostTick=734 windowReceived=20 windowHeldFallback=14 windowNeutralFallback=26 pending=0 totalReceived=82 totalHeldFallback=53 totalNeutralFallback=106
[rubber-banding][main-thread-host-simulation] time=57.993 ticks=61 tickRate=61.0 avgMs=0.390 maxMs=2.096 fixedHz=60.0 maximumDeltaMs=333.3 focused=0
[rubber-banding][udp-pump] time=58.104 frame=2802 focused=0 windowMs=1102.6 fps=6.3 packets=33 socketAvgMs=33.4 socketP95Ms=167.0 socketMaxMs=178.8 pumpAvgMs=33.4 pumpP95Ms=169.5 pumpMaxMs=181.0 queueDelayAvgMs=1.4 queueDelayP95Ms=3.3 queueDelayMaxMs=4.9 samePump=26 pumpBatchMax=5 queueDepthMax=11 frameMaxMs=181.0
[rubber-banding][local-input] time=58.104 role=host entity=1 fps=6.3 updates=7 moveUpdates=0 fixedCalls=66 commands=66 blockedFixed=0 sampleMove=(0.00, 0.00) commandMove=(0,0) movementEnabled=True stunned=False controllerEnabled=True grounded=True position=(-1.718, -0.236, 7.674) displacement=(0.000, 0.000, 0.000) travelCm=0.0 estimatedTick=746 desiredTick=756 recordedTick=741 resolvedTick=740 unresolved=1 fixedHz=60.0 simulationHz=60 rttMs=168.1 batchesSent=319 commandsSent=560 sendFailures=0
[rubber-banding][main-thread-snapshot] time=58.504 packets=31 characterRecords=62 bodyRecords=0 avgMs=0.002 maxMs=0.013
[rubber-banding][main-thread-pump] time=58.935 fps=6.0 frames=7 frameMaxMs=219.7 tcpAvgMs=0.002 tcpMaxMs=0.003 udpAvgMs=1.914 udpMaxMs=4.211 otherAvgMs=0.019 otherMaxMs=0.052 updateAvgMs=1.935 updateMaxMs=4.224
[rubber-banding][host-input] time=58.943 interval=1.000 room=19 world=2 authority=2 entity=1 hostTick=792 windowReceived=60 windowHeldFallback=0 windowNeutralFallback=0 pending=0 totalReceived=792 totalHeldFallback=0 totalNeutralFallback=0
[rubber-banding][host-input] time=58.977 interval=1.000 room=19 world=2 authority=2 entity=2 hostTick=794 windowReceived=14 windowHeldFallback=8 windowNeutralFallback=38 pending=0 totalReceived=96 totalHeldFallback=61 totalNeutralFallback=144
[rubber-banding][main-thread-host-simulation] time=59.010 ticks=61 tickRate=61.0 avgMs=0.366 maxMs=2.176 fixedHz=60.0 maximumDeltaMs=333.3 focused=0
[rubber-banding][udp-pump] time=59.144 frame=2807 focused=0 windowMs=1040.1 fps=4.8 packets=32 socketAvgMs=32.5 socketP95Ms=211.7 socketMaxMs=216.6 pumpAvgMs=32.5 pumpP95Ms=212.4 pumpMaxMs=219.7 queueDelayAvgMs=1.3 queueDelayP95Ms=3.6 queueDelayMaxMs=4.0 samePump=27 pumpBatchMax=7 queueDepthMax=14 frameMaxMs=219.7
[rubber-banding][local-input] time=59.144 role=host entity=1 fps=4.8 updates=5 moveUpdates=0 fixedCalls=63 commands=63 blockedFixed=0 sampleMove=(0.00, 0.00) commandMove=(0,0) movementEnabled=True stunned=False controllerEnabled=True grounded=True position=(-1.718, -0.236, 7.674) displacement=(0.000, 0.000, 0.000) travelCm=0.0 estimatedTick=810 desiredTick=821 recordedTick=804 resolvedTick=804 unresolved=0 fixedHz=60.0 simulationHz=60 rttMs=212.4 batchesSent=321 commandsSent=562 sendFailures=0
[rubber-banding][main-thread-snapshot] time=59.545 packets=30 characterRecords=60 bodyRecords=0 avgMs=0.001 maxMs=0.007
[rubber-banding][host-input] time=59.943 interval=1.000 room=19 world=2 authority=2 entity=1 hostTick=852 windowReceived=60 windowHeldFallback=0 windowNeutralFallback=0 pending=0 totalReceived=852 totalHeldFallback=0 totalNeutralFallback=0
[rubber-banding][host-input] time=59.977 interval=1.000 room=19 world=2 authority=2 entity=2 hostTick=854 windowReceived=11 windowHeldFallback=12 windowNeutralFallback=37 pending=0 totalReceived=107 totalHeldFallback=73 totalNeutralFallback=181
[rubber-banding][main-thread-host-simulation] time=60.027 ticks=61 tickRate=61.0 avgMs=0.375 maxMs=1.817 fixedHz=60.0 maximumDeltaMs=333.3 focused=0
[rubber-banding][udp-pump] time=60.302 frame=2813 focused=0 windowMs=1158.2 fps=5.2 packets=34 socketAvgMs=34.0 socketP95Ms=210.1 socketMaxMs=210.4 pumpAvgMs=34.1 pumpP95Ms=213.6 pumpMaxMs=214.8 queueDelayAvgMs=1.7 queueDelayP95Ms=4.0 queueDelayMaxMs=4.1 samePump=28 pumpBatchMax=7 queueDepthMax=13 frameMaxMs=214.8
[rubber-banding][main-thread-pump] time=60.302 fps=6.0 frames=7 frameMaxMs=214.8 tcpAvgMs=0.002 tcpMaxMs=0.003 udpAvgMs=1.418 udpMaxMs=2.218 otherAvgMs=0.031 otherMaxMs=0.109 updateAvgMs=1.452 updateMaxMs=2.329
[rubber-banding][local-input] time=60.302 role=host entity=1 fps=5.2 updates=6 moveUpdates=0 fixedCalls=69 commands=69 blockedFixed=0 sampleMove=(0.00, 0.00) commandMove=(0,0) movementEnabled=True stunned=False controllerEnabled=True grounded=True position=(-1.718, -0.236, 7.674) displacement=(0.000, 0.000, 0.000) travelCm=0.0 estimatedTick=878 desiredTick=888 recordedTick=873 resolvedTick=872 unresolved=1 fixedHz=60.0 simulationHz=60 rttMs=187.2 batchesSent=324 commandsSent=565 sendFailures=0
[rubber-banding][main-thread-snapshot] time=60.647 packets=35 characterRecords=70 bodyRecords=0 avgMs=0.001 maxMs=0.005
[rubber-banding][host-input] time=60.943 interval=1.000 room=19 world=2 authority=2 entity=1 hostTick=912 windowReceived=60 windowHeldFallback=0 windowNeutralFallback=0 pending=0 totalReceived=912 totalHeldFallback=0 totalNeutralFallback=0
[rubber-banding][host-input] time=60.977 interval=1.000 room=19 world=2 authority=2 entity=2 hostTick=914 windowReceived=17 windowHeldFallback=10 windowNeutralFallback=33 pending=1 totalReceived=124 totalHeldFallback=83 totalNeutralFallback=214
[rubber-banding][main-thread-host-simulation] time=61.043 ticks=61 tickRate=61.0 avgMs=0.361 maxMs=2.968 fixedHz=60.0 maximumDeltaMs=333.3 focused=0
[rubber-banding][udp-pump] time=61.432 frame=2820 focused=0 windowMs=1129.3 fps=6.2 packets=34 socketAvgMs=33.2 socketP95Ms=180.8 socketMaxMs=181.4 pumpAvgMs=33.2 pumpP95Ms=183.2 pumpMaxMs=183.6 queueDelayAvgMs=1.3 queueDelayP95Ms=3.9 queueDelayMaxMs=4.9 samePump=27 pumpBatchMax=6 queueDepthMax=12 frameMaxMs=183.6
[rubber-banding][local-input] time=61.432 role=host entity=1 fps=6.2 updates=7 moveUpdates=0 fixedCalls=68 commands=68 blockedFixed=0 sampleMove=(0.00, 0.00) commandMove=(0,0) movementEnabled=True stunned=False controllerEnabled=True grounded=True position=(-1.718, -0.236, 7.674) displacement=(0.000, 0.000, 0.000) travelCm=0.0 estimatedTick=946 desiredTick=956 recordedTick=941 resolvedTick=940 unresolved=1 fixedHz=60.0 simulationHz=60 rttMs=183.2 batchesSent=328 commandsSent=569 sendFailures=0
[rubber-banding][main-thread-pump] time=61.576 fps=7.3 frames=8 frameMaxMs=183.6 tcpAvgMs=0.002 tcpMaxMs=0.002 udpAvgMs=1.489 udpMaxMs=4.054 otherAvgMs=0.018 otherMaxMs=0.063 updateAvgMs=1.509 updateMaxMs=4.069
[rubber-banding][main-thread-snapshot] time=61.694 packets=35 characterRecords=70 bodyRecords=0 avgMs=0.002 maxMs=0.008
[rubber-banding][host-input] time=61.943 interval=1.000 room=19 world=2 authority=2 entity=1 hostTick=972 windowReceived=60 windowHeldFallback=0 windowNeutralFallback=0 pending=0 totalReceived=972 totalHeldFallback=0 totalNeutralFallback=0
[rubber-banding][host-input] time=61.977 interval=1.000 room=19 world=2 authority=2 entity=2 hostTick=974 windowReceived=33 windowHeldFallback=11 windowNeutralFallback=16 pending=3 totalReceived=157 totalHeldFallback=94 totalNeutralFallback=230
[rubber-banding][main-thread-host-simulation] time=62.060 ticks=61 tickRate=61.0 avgMs=0.618 maxMs=6.487 fixedHz=60.0 maximumDeltaMs=333.3 focused=0
[rubber-banding][udp-pump] time=62.435 frame=2841 focused=0 windowMs=1003.2 fps=20.9 packets=30 socketAvgMs=33.4 socketP95Ms=76.8 socketMaxMs=142.6 pumpAvgMs=33.4 pumpP95Ms=87.7 pumpMaxMs=144.2 queueDelayAvgMs=12.2 queueDelayP95Ms=39.8 queueDelayMaxMs=48.0 samePump=12 pumpBatchMax=4 queueDepthMax=8 frameMaxMs=144.2
[rubber-banding][local-input] time=62.435 role=host entity=1 fps=20.9 updates=21 moveUpdates=0 fixedCalls=60 commands=60 blockedFixed=0 sampleMove=(0.00, 0.00) commandMove=(0,0) movementEnabled=True stunned=False controllerEnabled=True grounded=True position=(-1.718, -0.236, 7.674) displacement=(0.000, 0.000, 0.000) travelCm=0.0 estimatedTick=1004 desiredTick=1013 recordedTick=1001 resolvedTick=1000 unresolved=1 fixedHz=60.0 simulationHz=60 rttMs=144.2 batchesSent=346 commandsSent=599 sendFailures=0
[rubber-banding][main-thread-pump] time=62.678 fps=25.2 frames=26 frameMaxMs=69.6 tcpAvgMs=0.003 tcpMaxMs=0.004 udpAvgMs=0.352 udpMaxMs=1.130 otherAvgMs=0.015 otherMaxMs=0.081 updateAvgMs=0.370 updateMaxMs=1.154
[rubber-banding][main-thread-snapshot] time=62.803 packets=33 characterRecords=66 bodyRecords=0 avgMs=0.005 maxMs=0.010
[rubber-banding][host-input] time=62.943 interval=1.000 room=19 world=2 authority=2 entity=1 hostTick=1032 windowReceived=60 windowHeldFallback=0 windowNeutralFallback=0 pending=0 totalReceived=1032 totalHeldFallback=0 totalNeutralFallback=0
[rubber-banding][host-input] time=62.977 interval=1.000 room=19 world=2 authority=2 entity=2 hostTick=1034 windowReceived=53 windowHeldFallback=7 windowNeutralFallback=0 pending=1 totalReceived=210 totalHeldFallback=101 totalNeutralFallback=230
[rubber-banding][main-thread-host-simulation] time=63.077 ticks=61 tickRate=61.0 avgMs=0.566 maxMs=3.606 fixedHz=60.0 maximumDeltaMs=333.3 focused=0
[rubber-banding][udp-pump] time=63.436 frame=2866 focused=0 windowMs=1001.4 fps=25.0 packets=30 socketAvgMs=33.4 socketP95Ms=43.7 socketMaxMs=43.9 pumpAvgMs=33.4 pumpP95Ms=78.6 pumpMaxMs=81.6 queueDelayAvgMs=15.7 queueDelayP95Ms=43.6 queueDelayMaxMs=43.7 samePump=9 pumpBatchMax=3 queueDepthMax=4 frameMaxMs=44.3
[rubber-banding][local-input] time=63.436 role=host entity=1 fps=25.0 updates=25 moveUpdates=0 fixedCalls=60 commands=60 blockedFixed=0 sampleMove=(0.00, 0.00) commandMove=(0,0) movementEnabled=True stunned=False controllerEnabled=True grounded=True position=(-1.718, -0.236, 7.674) displacement=(0.000, 0.000, 0.000) travelCm=0.0 estimatedTick=1060 desiredTick=1067 recordedTick=1061 resolvedTick=1060 unresolved=1 fixedHz=60.0 simulationHz=60 rttMs=84.5 batchesSent=368 commandsSent=635 sendFailures=0
[rubber-banding][main-thread-pump] time=63.738 fps=26.5 frames=27 frameMaxMs=44.3 tcpAvgMs=0.003 tcpMaxMs=0.003 udpAvgMs=0.413 udpMaxMs=0.993 otherAvgMs=0.023 otherMaxMs=0.211 updateAvgMs=0.438 updateMaxMs=1.024
[rubber-banding][main-thread-snapshot] time=63.852 packets=31 characterRecords=62 bodyRecords=0 avgMs=0.007 maxMs=0.029
[rubber-banding][host-input] time=63.943 interval=1.000 room=19 world=2 authority=2 entity=1 hostTick=1092 windowReceived=60 windowHeldFallback=0 windowNeutralFallback=0 pending=0 totalReceived=1092 totalHeldFallback=0 totalNeutralFallback=0
[rubber-banding][host-input] time=63.977 interval=1.000 room=19 world=2 authority=2 entity=2 hostTick=1094 windowReceived=42 windowHeldFallback=11 windowNeutralFallback=7 pending=2 totalReceived=252 totalHeldFallback=112 totalNeutralFallback=237
[rubber-banding][main-thread-host-simulation] time=64.093 ticks=61 tickRate=61.0 avgMs=0.570 maxMs=1.983 fixedHz=60.0 maximumDeltaMs=333.3 focused=0
[rubber-banding][udp-pump] time=64.458 frame=2894 focused=0 windowMs=1022.2 fps=27.4 packets=30 socketAvgMs=32.9 socketP95Ms=40.1 socketMaxMs=69.3 pumpAvgMs=34.1 pumpP95Ms=73.3 pumpMaxMs=74.3 queueDelayAvgMs=19.4 queueDelayP95Ms=38.9 queueDelayMaxMs=39.7 samePump=6 pumpBatchMax=2 queueDepthMax=3 frameMaxMs=40.3
[rubber-banding][local-input] time=64.458 role=host entity=1 fps=27.4 updates=28 moveUpdates=0 fixedCalls=61 commands=61 blockedFixed=0 sampleMove=(0.00, 0.00) commandMove=(0,0) movementEnabled=True stunned=False controllerEnabled=True grounded=True position=(-1.718, -0.236, 7.674) displacement=(0.000, 0.000, 0.000) travelCm=0.0 estimatedTick=1123 desiredTick=1129 recordedTick=1122 resolvedTick=1120 unresolved=2 fixedHz=60.0 simulationHz=60 rttMs=40.2 batchesSent=393 commandsSent=681 sendFailures=0
[rubber-banding][main-thread-pump] time=64.795 fps=29.5 frames=30 frameMaxMs=40.3 tcpAvgMs=0.003 tcpMaxMs=0.004 udpAvgMs=0.378 udpMaxMs=2.462 otherAvgMs=0.024 otherMaxMs=0.253 updateAvgMs=0.405 updateMaxMs=2.482
[rubber-banding][main-thread-snapshot] time=64.895 packets=32 characterRecords=64 bodyRecords=0 avgMs=0.006 maxMs=0.012
[rubber-banding][host-input] time=64.943 interval=1.000 room=19 world=2 authority=2 entity=1 hostTick=1152 windowReceived=60 windowHeldFallback=0 windowNeutralFallback=0 pending=0 totalReceived=1152 totalHeldFallback=0 totalNeutralFallback=0
[rubber-banding][host-input] time=64.977 interval=1.000 room=19 world=2 authority=2 entity=2 hostTick=1154 windowReceived=39 windowHeldFallback=16 windowNeutralFallback=5 pending=1 totalReceived=291 totalHeldFallback=128 totalNeutralFallback=242
[rubber-banding][main-thread-host-simulation] time=65.110 ticks=61 tickRate=61.0 avgMs=0.534 maxMs=1.209 fixedHz=60.0 maximumDeltaMs=333.3 focused=0
[rubber-banding][udp-pump] time=65.477 frame=2926 focused=0 windowMs=1018.5 fps=31.4 packets=31 socketAvgMs=32.9 socketP95Ms=38.1 socketMaxMs=58.4 pumpAvgMs=32.9 pumpP95Ms=64.7 pumpMaxMs=65.7 queueDelayAvgMs=17.2 queueDelayP95Ms=37.3 queueDelayMaxMs=38.1 samePump=7 pumpBatchMax=2 queueDepthMax=4 frameMaxMs=38.4
[rubber-banding][local-input] time=65.477 role=host entity=1 fps=31.4 updates=32 moveUpdates=0 fixedCalls=62 commands=62 blockedFixed=0 sampleMove=(0.00, 0.00) commandMove=(0,0) movementEnabled=True stunned=False controllerEnabled=True grounded=True position=(-1.718, -0.236, 7.674) displacement=(0.000, 0.000, 0.000) travelCm=0.0 estimatedTick=1183 desiredTick=1189 recordedTick=1184 resolvedTick=1182 unresolved=2 fixedHz=60.0 simulationHz=60 rttMs=61.7 batchesSent=415 commandsSent=719 sendFailures=0
[rubber-banding][main-thread-pump] time=65.839 fps=33.5 frames=34 frameMaxMs=36.0 tcpAvgMs=0.003 tcpMaxMs=0.003 udpAvgMs=0.400 udpMaxMs=1.956 otherAvgMs=0.014 otherMaxMs=0.031 updateAvgMs=0.417 updateMaxMs=1.969
[rubber-banding][host-input] time=65.943 interval=1.000 room=19 world=2 authority=2 entity=1 hostTick=1212 windowReceived=60 windowHeldFallback=0 windowNeutralFallback=0 pending=0 totalReceived=1212 totalHeldFallback=0 totalNeutralFallback=0
[rubber-banding][main-thread-snapshot] time=65.959 packets=31 characterRecords=62 bodyRecords=0 avgMs=0.006 maxMs=0.010
[rubber-banding][host-input] time=65.977 interval=1.000 room=19 world=2 authority=2 entity=2 hostTick=1214 windowReceived=55 windowHeldFallback=5 windowNeutralFallback=0 pending=2 totalReceived=346 totalHeldFallback=133 totalNeutralFallback=242
[rubber-banding][main-thread-host-simulation] time=66.127 ticks=61 tickRate=61.0 avgMs=0.551 maxMs=2.600 fixedHz=60.0 maximumDeltaMs=333.3 focused=0
[rubber-banding][udp-pump] time=66.477 frame=2960 focused=0 windowMs=1000.0 fps=34.0 packets=31 socketAvgMs=33.3 socketP95Ms=59.1 socketMaxMs=65.6 pumpAvgMs=32.3 pumpP95Ms=63.1 pumpMaxMs=63.5 queueDelayAvgMs=13.8 queueDelayP95Ms=31.4 queueDelayMaxMs=33.0 samePump=6 pumpBatchMax=2 queueDepthMax=4 frameMaxMs=33.1
[rubber-banding][local-input] time=66.477 role=host entity=1 fps=34.0 updates=34 moveUpdates=0 fixedCalls=60 commands=60 blockedFixed=0 sampleMove=(0.00, 0.00) commandMove=(0,0) movementEnabled=True stunned=False controllerEnabled=True grounded=True position=(-1.718, -0.236, 7.674) displacement=(0.000, 0.000, 0.000) travelCm=0.0 estimatedTick=1243 desiredTick=1249 recordedTick=1244 resolvedTick=1244 unresolved=0 fixedHz=60.0 simulationHz=60 rttMs=63.7 batchesSent=440 commandsSent=761 sendFailures=0
[rubber-banding][main-thread-pump] time=66.889 fps=36.4 frames=37 frameMaxMs=33.1 tcpAvgMs=0.003 tcpMaxMs=0.003 udpAvgMs=0.523 udpMaxMs=2.581 otherAvgMs=0.018 otherMaxMs=0.153 updateAvgMs=0.544 updateMaxMs=2.598
[rubber-banding][host-input] time=66.943 interval=1.000 room=19 world=2 authority=2 entity=1 hostTick=1272 windowReceived=60 windowHeldFallback=0 windowNeutralFallback=0 pending=0 totalReceived=1272 totalHeldFallback=0 totalNeutralFallback=0
[rubber-banding][host-input] time=66.977 interval=1.000 room=19 world=2 authority=2 entity=2 hostTick=1274 windowReceived=58 windowHeldFallback=2 windowNeutralFallback=0 pending=1 totalReceived=404 totalHeldFallback=135 totalNeutralFallback=242
[rubber-banding][main-thread-snapshot] time=66.994 packets=32 characterRecords=64 bodyRecords=0 avgMs=0.007 maxMs=0.011
[rubber-banding][main-thread-host-simulation] time=67.143 ticks=61 tickRate=61.0 avgMs=0.581 maxMs=1.773 fixedHz=60.0 maximumDeltaMs=333.3 focused=0
[rubber-banding][udp-pump] time=67.483 frame=2998 focused=0 windowMs=1006.0 fps=37.8 packets=29 socketAvgMs=33.7 socketP95Ms=57.4 socketMaxMs=58.5 pumpAvgMs=33.7 pumpP95Ms=56.6 pumpMaxMs=56.9 queueDelayAvgMs=10.8 queueDelayP95Ms=28.3 queueDelayMaxMs=29.0 samePump=2 pumpBatchMax=2 queueDepthMax=4 frameMaxMs=29.0
[rubber-banding][local-input] time=67.483 role=host entity=1 fps=37.8 updates=38 moveUpdates=0 fixedCalls=60 commands=60 blockedFixed=0 sampleMove=(0.00, 0.00) commandMove=(0,0) movementEnabled=True stunned=False controllerEnabled=True grounded=True position=(-1.718, -0.236, 7.674) displacement=(0.000, 0.000, 0.000) travelCm=0.0 estimatedTick=1303 desiredTick=1309 recordedTick=1304 resolvedTick=1302 unresolved=2 fixedHz=60.0 simulationHz=60 rttMs=56.9 batchesSent=467 commandsSent=800 sendFailures=0
[rubber-banding][main-thread-pump] time=67.936 fps=40.0 frames=41 frameMaxMs=28.9 tcpAvgMs=0.003 tcpMaxMs=0.005 udpAvgMs=0.510 udpMaxMs=3.881 otherAvgMs=0.015 otherMaxMs=0.032 updateAvgMs=0.528 updateMaxMs=3.899
[rubber-banding][host-input] time=67.943 interval=1.000 room=19 world=2 authority=2 entity=1 hostTick=1332 windowReceived=60 windowHeldFallback=0 windowNeutralFallback=0 pending=0 totalReceived=1332 totalHeldFallback=0 totalNeutralFallback=0
[rubber-banding][host-input] time=67.977 interval=1.000 room=19 world=2 authority=2 entity=2 hostTick=1334 windowReceived=57 windowHeldFallback=3 windowNeutralFallback=0 pending=2 totalReceived=461 totalHeldFallback=138 totalNeutralFallback=242
[rubber-banding][main-thread-snapshot] time=68.056 packets=31 characterRecords=62 bodyRecords=0 avgMs=0.007 maxMs=0.011
[rubber-banding][main-thread-host-simulation] time=68.160 ticks=61 tickRate=61.0 avgMs=0.547 maxMs=1.389 fixedHz=60.0 maximumDeltaMs=333.3 focused=0
[rubber-banding][udp-pump] time=68.511 frame=3039 focused=0 windowMs=1027.7 fps=39.9 packets=31 socketAvgMs=33.2 socketP95Ms=51.9 socketMaxMs=53.0 pumpAvgMs=34.1 pumpP95Ms=54.5 pumpMaxMs=71.4 queueDelayAvgMs=13.8 queueDelayP95Ms=26.0 queueDelayMaxMs=28.3 samePump=4 pumpBatchMax=2 queueDepthMax=4 frameMaxMs=29.4
[rubber-banding][local-input] time=68.511 role=host entity=1 fps=39.9 updates=41 moveUpdates=0 fixedCalls=62 commands=62 blockedFixed=0 sampleMove=(0.00, 0.00) commandMove=(0,0) movementEnabled=True stunned=False controllerEnabled=True grounded=True position=(-1.718, -0.236, 7.674) displacement=(0.000, 0.000, 0.000) travelCm=0.0 estimatedTick=1365 desiredTick=1371 recordedTick=1366 resolvedTick=1364 unresolved=2 fixedHz=60.0 simulationHz=60 rttMs=51.4 batchesSent=498 commandsSent=846 sendFailures=0
[rubber-banding][host-input] time=68.943 interval=1.000 room=19 world=2 authority=2 entity=1 hostTick=1392 windowReceived=60 windowHeldFallback=0 windowNeutralFallback=0 pending=0 totalReceived=1392 totalHeldFallback=0 totalNeutralFallback=0
[rubber-banding][host-input] time=68.977 interval=1.000 room=19 world=2 authority=2 entity=2 hostTick=1394 windowReceived=59 windowHeldFallback=1 windowNeutralFallback=0 pending=2 totalReceived=520 totalHeldFallback=139 totalNeutralFallback=242
[rubber-banding][main-thread-pump] time=68.981 fps=41.1 frames=42 frameMaxMs=29.4 tcpAvgMs=0.003 tcpMaxMs=0.004 udpAvgMs=0.461 udpMaxMs=3.075 otherAvgMs=0.016 otherMaxMs=0.100 updateAvgMs=0.480 updateMaxMs=3.094
[rubber-banding][main-thread-snapshot] time=69.079 packets=31 characterRecords=62 bodyRecords=0 avgMs=0.007 maxMs=0.012
[rubber-banding][main-thread-host-simulation] time=69.177 ticks=61 tickRate=61.0 avgMs=0.593 maxMs=1.226 fixedHz=60.0 maximumDeltaMs=333.3 focused=0
[rubber-banding][udp-pump] time=69.517 frame=3080 focused=0 windowMs=1006.2 fps=40.7 packets=30 socketAvgMs=33.8 socketP95Ms=50.8 socketMaxMs=52.4 pumpAvgMs=32.8 pumpP95Ms=53.0 pumpMaxMs=71.9 queueDelayAvgMs=15.9 queueDelayP95Ms=26.3 queueDelayMaxMs=27.0 samePump=3 pumpBatchMax=2 queueDepthMax=4 frameMaxMs=27.9
[rubber-banding][local-input] time=69.517 role=host entity=1 fps=40.7 updates=41 moveUpdates=0 fixedCalls=60 commands=60 blockedFixed=0 sampleMove=(0.00, 0.00) commandMove=(0,0) movementEnabled=True stunned=False controllerEnabled=True grounded=True position=(-1.718, -0.236, 7.674) displacement=(0.000, 0.000, 0.000) travelCm=0.0 estimatedTick=1426 desiredTick=1431 recordedTick=1426 resolvedTick=1424 unresolved=2 fixedHz=60.0 simulationHz=60 rttMs=23.4 batchesSent=527 commandsSent=888 sendFailures=0
[rubber-banding][host-input] time=69.943 interval=1.000 room=19 world=2 authority=2 entity=1 hostTick=1452 windowReceived=60 windowHeldFallback=0 windowNeutralFallback=0 pending=0 totalReceived=1452 totalHeldFallback=0 totalNeutralFallback=0
[rubber-banding][host-input] time=69.977 interval=1.000 room=19 world=2 authority=2 entity=2 hostTick=1454 windowReceived=58 windowHeldFallback=2 windowNeutralFallback=0 pending=2 totalReceived=578 totalHeldFallback=141 totalNeutralFallback=242
[rubber-banding][main-thread-pump] time=70.008 fps=41.9 frames=42 frameMaxMs=27.6 tcpAvgMs=0.003 tcpMaxMs=0.004 udpAvgMs=0.402 udpMaxMs=2.365 otherAvgMs=0.019 otherMaxMs=0.195 updateAvgMs=0.423 updateMaxMs=2.378
[rubber-banding][main-thread-snapshot] time=70.104 packets=31 characterRecords=62 bodyRecords=0 avgMs=0.007 maxMs=0.012
[rubber-banding][main-thread-host-simulation] time=70.193 ticks=61 tickRate=61.0 avgMs=0.573 maxMs=1.529 fixedHz=60.0 maximumDeltaMs=333.3 focused=0
[rubber-banding][udp-pump] time=70.531 frame=3122 focused=0 windowMs=1014.4 fps=41.4 packets=31 socketAvgMs=32.7 socketP95Ms=49.8 socketMaxMs=50.9 pumpAvgMs=33.4 pumpP95Ms=51.5 pumpMaxMs=72.3 queueDelayAvgMs=17.5 queueDelayP95Ms=25.8 queueDelayMaxMs=26.0 samePump=1 pumpBatchMax=2 queueDepthMax=4 frameMaxMs=27.6
[rubber-banding][local-input] time=70.531 role=host entity=1 fps=41.4 updates=42 moveUpdates=0 fixedCalls=61 commands=61 blockedFixed=0 sampleMove=(0.00, 0.00) commandMove=(0,0) movementEnabled=True stunned=False controllerEnabled=True grounded=True position=(-1.718, -0.236, 7.674) displacement=(0.000, 0.000, 0.000) travelCm=0.0 estimatedTick=1487 desiredTick=1492 recordedTick=1487 resolvedTick=1486 unresolved=1 fixedHz=60.0 simulationHz=60 rttMs=25.3 batchesSent=557 commandsSent=940 sendFailures=0
[rubber-banding][host-input] time=70.943 interval=1.000 room=19 world=2 authority=2 entity=1 hostTick=1512 windowReceived=60 windowHeldFallback=0 windowNeutralFallback=0 pending=0 totalReceived=1512 totalHeldFallback=0 totalNeutralFallback=0
[rubber-banding][host-input] time=70.977 interval=1.000 room=19 world=2 authority=2 entity=2 hostTick=1514 windowReceived=58 windowHeldFallback=2 windowNeutralFallback=0 pending=2 totalReceived=636 totalHeldFallback=143 totalNeutralFallback=242
[rubber-banding][main-thread-pump] time=71.042 fps=42.6 frames=43 frameMaxMs=28.2 tcpAvgMs=0.003 tcpMaxMs=0.020 udpAvgMs=0.446 udpMaxMs=3.344 otherAvgMs=0.017 otherMaxMs=0.154 updateAvgMs=0.466 updateMaxMs=3.362
[rubber-banding][main-thread-snapshot] time=71.175 packets=32 characterRecords=64 bodyRecords=0 avgMs=0.008 maxMs=0.026
[rubber-banding][main-thread-host-simulation] time=71.210 ticks=61 tickRate=61.0 avgMs=0.589 maxMs=1.340 fixedHz=60.0 maximumDeltaMs=333.3 focused=0
[rubber-banding][udp-pump] time=71.553 frame=3165 focused=0 windowMs=1021.5 fps=42.1 packets=30 socketAvgMs=34.0 socketP95Ms=49.6 socketMaxMs=50.1 pumpAvgMs=33.3 pumpP95Ms=71.1 pumpMaxMs=73.7 queueDelayAvgMs=15.7 queueDelayP95Ms=25.6 queueDelayMaxMs=25.9 samePump=3 pumpBatchMax=2 queueDepthMax=4 frameMaxMs=27.5
[rubber-banding][local-input] time=71.553 role=host entity=1 fps=42.1 updates=43 moveUpdates=0 fixedCalls=61 commands=61 blockedFixed=0 sampleMove=(0.00, 0.00) commandMove=(0,0) movementEnabled=True stunned=False controllerEnabled=True grounded=True position=(-1.718, -0.236, 7.674) displacement=(0.000, 0.000, 0.000) travelCm=0.0 estimatedTick=1547 desiredTick=1553 recordedTick=1548 resolvedTick=1546 unresolved=2 fixedHz=60.0 simulationHz=60 rttMs=48.1 batchesSent=586 commandsSent=993 sendFailures=0
[rubber-banding][host-input] time=71.943 interval=1.000 room=19 world=2 authority=2 entity=1 hostTick=1572 windowReceived=60 windowHeldFallback=0 windowNeutralFallback=0 pending=0 totalReceived=1572 totalHeldFallback=0 totalNeutralFallback=0
[rubber-banding][host-input] time=71.977 interval=1.000 room=19 world=2 authority=2 entity=2 hostTick=1574 windowReceived=51 windowHeldFallback=9 windowNeutralFallback=0 pending=0 totalReceived=687 totalHeldFallback=152 totalNeutralFallback=242
[rubber-banding][main-thread-pump] time=72.081 fps=43.1 frames=44 frameMaxMs=27.6 tcpAvgMs=0.003 tcpMaxMs=0.006 udpAvgMs=0.437 udpMaxMs=3.731 otherAvgMs=0.015 otherMaxMs=0.074 updateAvgMs=0.455 updateMaxMs=3.747
[rubber-banding][main-thread-host-simulation] time=72.227 ticks=61 tickRate=61.0 avgMs=0.589 maxMs=2.725 fixedHz=60.0 maximumDeltaMs=333.3 focused=0
[rubber-banding][main-thread-snapshot] time=72.227 packets=32 characterRecords=64 bodyRecords=0 avgMs=0.007 maxMs=0.012
[rubber-banding][udp-pump] time=72.562 frame=3207 focused=0 windowMs=1009.0 fps=41.6 packets=31 socketAvgMs=33.3 socketP95Ms=49.6 socketMaxMs=53.3 pumpAvgMs=33.3 pumpP95Ms=51.7 pumpMaxMs=61.0 queueDelayAvgMs=15.9 queueDelayP95Ms=26.5 queueDelayMaxMs=27.3 samePump=3 pumpBatchMax=2 queueDepthMax=3 frameMaxMs=27.6
[rubber-banding][local-input] time=72.562 role=host entity=1 fps=41.6 updates=42 moveUpdates=0 fixedCalls=61 commands=61 blockedFixed=0 sampleMove=(0.00, 0.00) commandMove=(0,0) movementEnabled=True stunned=False controllerEnabled=True grounded=True position=(-1.718, -0.236, 7.674) displacement=(0.000, 0.000, 0.000) travelCm=0.0 estimatedTick=1609 desiredTick=1615 recordedTick=1609 resolvedTick=1608 unresolved=1 fixedHz=60.0 simulationHz=60 rttMs=48.7 batchesSent=616 commandsSent=1040 sendFailures=0
[rubber-banding][host-input] time=72.943 interval=1.000 room=19 world=2 authority=2 entity=1 hostTick=1632 windowReceived=60 windowHeldFallback=0 windowNeutralFallback=0 pending=0 totalReceived=1632 totalHeldFallback=0 totalNeutralFallback=0
[rubber-banding][host-input] time=72.977 interval=1.000 room=19 world=2 authority=2 entity=2 hostTick=1634 windowReceived=52 windowHeldFallback=8 windowNeutralFallback=0 pending=1 totalReceived=739 totalHeldFallback=160 totalNeutralFallback=242
[rubber-banding][main-thread-pump] time=73.111 fps=42.7 frames=43 frameMaxMs=36.1 tcpAvgMs=0.003 tcpMaxMs=0.004 udpAvgMs=0.351 udpMaxMs=2.850 otherAvgMs=0.016 otherMaxMs=0.131 updateAvgMs=0.370 updateMaxMs=2.876
[rubber-banding][main-thread-host-simulation] time=73.243 ticks=61 tickRate=61.0 avgMs=0.617 maxMs=2.784 fixedHz=60.0 maximumDeltaMs=333.3 focused=0
[rubber-banding][main-thread-snapshot] time=73.300 packets=32 characterRecords=64 bodyRecords=0 avgMs=0.007 maxMs=0.012
[rubber-banding][udp-pump] time=73.566 frame=3249 focused=0 windowMs=1003.8 fps=41.8 packets=30 socketAvgMs=32.8 socketP95Ms=49.4 socketMaxMs=55.3 pumpAvgMs=33.5 pumpP95Ms=50.3 pumpMaxMs=72.3 queueDelayAvgMs=13.5 queueDelayP95Ms=26.9 queueDelayMaxMs=27.2 samePump=3 pumpBatchMax=2 queueDepthMax=5 frameMaxMs=27.8
[rubber-banding][local-input] time=73.566 role=host entity=1 fps=41.8 updates=42 moveUpdates=0 fixedCalls=60 commands=60 blockedFixed=0 sampleMove=(0.00, 0.00) commandMove=(0,0) movementEnabled=True stunned=False controllerEnabled=True grounded=True position=(-1.718, -0.236, 7.674) displacement=(0.000, 0.000, 0.000) travelCm=0.0 estimatedTick=1668 desiredTick=1674 recordedTick=1669 resolvedTick=1668 unresolved=1 fixedHz=60.0 simulationHz=60 rttMs=46.8 batchesSent=644 commandsSent=1083 sendFailures=0
[rubber-banding][host-input] time=73.943 interval=1.000 room=19 world=2 authority=2 entity=1 hostTick=1692 windowReceived=60 windowHeldFallback=0 windowNeutralFallback=0 pending=0 totalReceived=1692 totalHeldFallback=0 totalNeutralFallback=0
[rubber-banding][host-input] time=73.977 interval=1.000 room=19 world=2 authority=2 entity=2 hostTick=1694 windowReceived=51 windowHeldFallback=9 windowNeutralFallback=0 pending=2 totalReceived=790 totalHeldFallback=169 totalNeutralFallback=242
[rubber-banding][main-thread-pump] time=74.159 fps=41.9 frames=43 frameMaxMs=27.7 tcpAvgMs=0.003 tcpMaxMs=0.004 udpAvgMs=0.401 udpMaxMs=3.344 otherAvgMs=0.019 otherMaxMs=0.162 updateAvgMs=0.423 updateMaxMs=3.359
[rubber-banding][main-thread-host-simulation] time=74.260 ticks=61 tickRate=61.0 avgMs=0.591 maxMs=1.371 fixedHz=60.0 maximumDeltaMs=333.3 focused=0
[rubber-banding][main-thread-snapshot] time=74.335 packets=31 characterRecords=62 bodyRecords=0 avgMs=0.008 maxMs=0.012
[rubber-banding][udp-pump] time=74.589 frame=3290 focused=0 windowMs=1023.8 fps=40.0 packets=30 socketAvgMs=33.9 socketP95Ms=51.6 socketMaxMs=51.9 pumpAvgMs=33.2 pumpP95Ms=51.7 pumpMaxMs=53.3 queueDelayAvgMs=14.1 queueDelayP95Ms=27.6 queueDelayMaxMs=27.8 samePump=4 pumpBatchMax=2 queueDepthMax=4 frameMaxMs=27.7
[rubber-banding][local-input] time=74.589 role=host entity=1 fps=40.0 updates=41 moveUpdates=0 fixedCalls=61 commands=61 blockedFixed=0 sampleMove=(0.00, 0.00) commandMove=(0,0) movementEnabled=True stunned=False controllerEnabled=True grounded=True position=(-1.718, -0.236, 7.674) displacement=(0.000, 0.000, 0.000) travelCm=0.0 estimatedTick=1729 desiredTick=1735 recordedTick=1730 resolvedTick=1728 unresolved=2 fixedHz=60.0 simulationHz=60 rttMs=51.6 batchesSent=675 commandsSent=1128 sendFailures=0
[rubber-banding][host-input] time=74.943 interval=1.000 room=19 world=2 authority=2 entity=1 hostTick=1752 windowReceived=60 windowHeldFallback=0 windowNeutralFallback=0 pending=0 totalReceived=1752 totalHeldFallback=0 totalNeutralFallback=0
[rubber-banding][host-input] time=74.977 interval=1.000 room=19 world=2 authority=2 entity=2 hostTick=1754 windowReceived=59 windowHeldFallback=1 windowNeutralFallback=0 pending=1 totalReceived=849 totalHeldFallback=170 totalNeutralFallback=242
[rubber-banding][main-thread-pump] time=75.203 fps=41.3 frames=42 frameMaxMs=28.5 tcpAvgMs=0.003 tcpMaxMs=0.004 udpAvgMs=0.468 udpMaxMs=3.703 otherAvgMs=0.017 otherMaxMs=0.127 updateAvgMs=0.489 updateMaxMs=3.723
[rubber-banding][main-thread-host-simulation] time=75.277 ticks=61 tickRate=61.0 avgMs=0.604 maxMs=1.317 fixedHz=60.0 maximumDeltaMs=333.3 focused=0
[rubber-banding][main-thread-snapshot] time=75.400 packets=32 characterRecords=64 bodyRecords=0 avgMs=0.008 maxMs=0.053
[rubber-banding][udp-pump] time=75.598 frame=3331 focused=0 windowMs=1008.1 fps=40.7 packets=31 socketAvgMs=33.4 socketP95Ms=50.8 socketMaxMs=52.7 pumpAvgMs=33.4 pumpP95Ms=54.6 pumpMaxMs=70.7 queueDelayAvgMs=16.3 queueDelayP95Ms=27.7 queueDelayMaxMs=28.8 samePump=1 pumpBatchMax=2 queueDepthMax=4 frameMaxMs=28.5
[rubber-banding][local-input] time=75.598 role=host entity=1 fps=40.7 updates=41 moveUpdates=0 fixedCalls=61 commands=61 blockedFixed=0 sampleMove=(0.00, 0.00) commandMove=(0,0) movementEnabled=True stunned=False controllerEnabled=True grounded=True position=(-1.718, -0.236, 7.674) displacement=(0.000, 0.000, 0.000) travelCm=0.0 estimatedTick=1791 desiredTick=1797 recordedTick=1791 resolvedTick=1790 unresolved=1 fixedHz=60.0 simulationHz=60 rttMs=45.9 batchesSent=705 commandsSent=1171 sendFailures=0
[rubber-banding][host-input] time=75.943 interval=1.000 room=19 world=2 authority=2 entity=1 hostTick=1812 windowReceived=60 windowHeldFallback=0 windowNeutralFallback=0 pending=0 totalReceived=1812 totalHeldFallback=0 totalNeutralFallback=0
[rubber-banding][host-input] time=75.977 interval=1.000 room=19 world=2 authority=2 entity=2 hostTick=1814 windowReceived=57 windowHeldFallback=3 windowNeutralFallback=0 pending=1 totalReceived=906 totalHeldFallback=173 totalNeutralFallback=242
[rubber-banding][main-thread-pump] time=76.246 fps=42.2 frames=43 frameMaxMs=27.4 tcpAvgMs=0.003 tcpMaxMs=0.004 udpAvgMs=0.310 udpMaxMs=0.715 otherAvgMs=0.016 otherMaxMs=0.130 updateAvgMs=0.329 updateMaxMs=0.743
[rubber-banding][main-thread-host-simulation] time=76.293 ticks=61 tickRate=61.0 avgMs=0.587 maxMs=3.038 fixedHz=60.0 maximumDeltaMs=333.3 focused=0
[rubber-banding][main-thread-snapshot] time=76.469 packets=32 characterRecords=64 bodyRecords=0 avgMs=0.007 maxMs=0.011
[rubber-banding][udp-pump] time=76.615 frame=3373 focused=0 windowMs=1017.3 fps=41.3 packets=30 socketAvgMs=33.0 socketP95Ms=49.8 socketMaxMs=50.2 pumpAvgMs=33.9 pumpP95Ms=50.8 pumpMaxMs=53.7 queueDelayAvgMs=16.6 queueDelayP95Ms=25.5 queueDelayMaxMs=28.3 samePump=1 pumpBatchMax=2 queueDepthMax=4 frameMaxMs=28.0
[rubber-banding][local-input] time=76.615 role=host entity=1 fps=41.3 updates=42 moveUpdates=0 fixedCalls=61 commands=61 blockedFixed=0 sampleMove=(0.00, 0.00) commandMove=(0,0) movementEnabled=True stunned=False controllerEnabled=True grounded=True position=(-1.718, -0.236, 7.674) displacement=(0.000, 0.000, 0.000) travelCm=0.0 estimatedTick=1851 desiredTick=1857 recordedTick=1852 resolvedTick=1850 unresolved=2 fixedHz=60.0 simulationHz=60 rttMs=47.6 batchesSent=735 commandsSent=1219 sendFailures=0
[rubber-banding][host-input] time=76.943 interval=1.000 room=19 world=2 authority=2 entity=1 hostTick=1872 windowReceived=60 windowHeldFallback=0 windowNeutralFallback=0 pending=0 totalReceived=1872 totalHeldFallback=0 totalNeutralFallback=0
[rubber-banding][host-input] time=76.977 interval=1.000 room=19 world=2 authority=2 entity=2 hostTick=1874 windowReceived=56 windowHeldFallback=4 windowNeutralFallback=0 pending=2 totalReceived=962 totalHeldFallback=177 totalNeutralFallback=242
[rubber-banding][main-thread-pump] time=77.279 fps=41.6 frames=42 frameMaxMs=28.0 tcpAvgMs=0.003 tcpMaxMs=0.015 udpAvgMs=0.301 udpMaxMs=1.236 otherAvgMs=0.015 otherMaxMs=0.112 updateAvgMs=0.320 updateMaxMs=1.265
[rubber-banding][main-thread-host-simulation] time=77.310 ticks=61 tickRate=61.0 avgMs=0.611 maxMs=3.287 fixedHz=60.0 maximumDeltaMs=333.3 focused=0
[rubber-banding][main-thread-snapshot] time=77.544 packets=32 characterRecords=64 bodyRecords=0 avgMs=0.007 maxMs=0.012
[rubber-banding][udp-pump] time=77.640 frame=3415 focused=0 windowMs=1024.8 fps=41.0 packets=31 socketAvgMs=33.1 socketP95Ms=51.5 socketMaxMs=52.1 pumpAvgMs=33.1 pumpP95Ms=50.7 pumpMaxMs=70.6 queueDelayAvgMs=15.9 queueDelayP95Ms=26.2 queueDelayMaxMs=26.4 samePump=4 pumpBatchMax=2 queueDepthMax=4 frameMaxMs=27.3
[rubber-banding][local-input] time=77.640 role=host entity=1 fps=41.0 updates=42 moveUpdates=0 fixedCalls=61 commands=61 blockedFixed=0 sampleMove=(0.00, 0.00) commandMove=(0,0) movementEnabled=True stunned=False controllerEnabled=True grounded=True position=(-1.718, -0.236, 7.674) displacement=(0.000, 0.000, 0.000) travelCm=0.0 estimatedTick=1913 desiredTick=1919 recordedTick=1913 resolvedTick=1912 unresolved=1 fixedHz=60.0 simulationHz=60 rttMs=48.3 batchesSent=766 commandsSent=1268 sendFailures=0
[rubber-banding][host-input] time=77.943 interval=1.000 room=19 world=2 authority=2 entity=1 hostTick=1932 windowReceived=60 windowHeldFallback=0 windowNeutralFallback=0 pending=0 totalReceived=1932 totalHeldFallback=0 totalNeutralFallback=0
[rubber-banding][host-input] time=77.977 interval=1.000 room=19 world=2 authority=2 entity=2 hostTick=1934 windowReceived=57 windowHeldFallback=3 windowNeutralFallback=0 pending=1 totalReceived=1019 totalHeldFallback=180 totalNeutralFallback=242
[rubber-banding][main-thread-host-simulation] time=78.327 ticks=61 tickRate=61.0 avgMs=0.585 maxMs=1.361 fixedHz=60.0 maximumDeltaMs=333.3 focused=0
[rubber-banding][main-thread-pump] time=78.327 fps=42.1 frames=43 frameMaxMs=27.3 tcpAvgMs=0.003 tcpMaxMs=0.025 udpAvgMs=0.469 udpMaxMs=3.184 otherAvgMs=0.019 otherMaxMs=0.165 updateAvgMs=0.491 updateMaxMs=3.200
[rubber-banding][main-thread-snapshot] time=78.560 packets=31 characterRecords=62 bodyRecords=0 avgMs=0.008 maxMs=0.013
[rubber-banding][udp-pump] time=78.657 frame=3457 focused=0 windowMs=1017.0 fps=41.3 packets=30 socketAvgMs=33.2 socketP95Ms=49.6 socketMaxMs=50.1 pumpAvgMs=33.1 pumpP95Ms=54.2 pumpMaxMs=67.7 queueDelayAvgMs=15.0 queueDelayP95Ms=26.1 queueDelayMaxMs=26.5 samePump=2 pumpBatchMax=2 queueDepthMax=3 frameMaxMs=27.0
[rubber-banding][local-input] time=78.657 role=host entity=1 fps=41.3 updates=42 moveUpdates=0 fixedCalls=61 commands=61 blockedFixed=0 sampleMove=(0.00, 0.00) commandMove=(0,0) movementEnabled=True stunned=False controllerEnabled=True grounded=True position=(-1.718, -0.236, 7.674) displacement=(0.000, 0.000, 0.000) travelCm=0.0 estimatedTick=1974 desiredTick=1980 recordedTick=1974 resolvedTick=1972 unresolved=2 fixedHz=60.0 simulationHz=60 rttMs=46.3 batchesSent=797 commandsSent=1315 sendFailures=0
[rubber-banding][host-input] time=78.943 interval=1.000 room=19 world=2 authority=2 entity=1 hostTick=1992 windowReceived=60 windowHeldFallback=0 windowNeutralFallback=0 pending=0 totalReceived=1992 totalHeldFallback=0 totalNeutralFallback=0
[rubber-banding][host-input] time=78.977 interval=1.000 room=19 world=2 authority=2 entity=2 hostTick=1994 windowReceived=57 windowHeldFallback=3 windowNeutralFallback=0 pending=2 totalReceived=1076 totalHeldFallback=183 totalNeutralFallback=242
[rubber-banding][main-thread-host-simulation] time=79.343 ticks=61 tickRate=61.0 avgMs=0.601 maxMs=1.343 fixedHz=60.0 maximumDeltaMs=333.3 focused=0
[rubber-banding][main-thread-pump] time=79.359 fps=41.7 frames=42 frameMaxMs=28.9 tcpAvgMs=0.003 tcpMaxMs=0.005 udpAvgMs=0.408 udpMaxMs=2.825 otherAvgMs=0.017 otherMaxMs=0.065 updateAvgMs=0.428 updateMaxMs=2.844
[rubber-banding][main-thread-snapshot] time=79.644 packets=32 characterRecords=64 bodyRecords=0 avgMs=0.007 maxMs=0.011
[rubber-banding][udp-pump] time=79.673 frame=3497 focused=0 windowMs=1016.4 fps=39.4 packets=31 socketAvgMs=33.4 socketP95Ms=55.2 socketMaxMs=56.6 pumpAvgMs=32.6 pumpP95Ms=52.7 pumpMaxMs=55.2 queueDelayAvgMs=11.5 queueDelayP95Ms=27.4 queueDelayMaxMs=30.0 samePump=5 pumpBatchMax=2 queueDepthMax=3 frameMaxMs=28.9
[rubber-banding][local-input] time=79.673 role=host entity=1 fps=39.4 updates=40 moveUpdates=0 fixedCalls=61 commands=61 blockedFixed=0 sampleMove=(0.00, 0.00) commandMove=(0,0) movementEnabled=True stunned=False controllerEnabled=True grounded=True position=(-1.718, -0.236, 7.674) displacement=(0.000, 0.000, 0.000) travelCm=0.0 estimatedTick=2035 desiredTick=2041 recordedTick=2035 resolvedTick=2034 unresolved=1 fixedHz=60.0 simulationHz=60 rttMs=49.4 batchesSent=823 commandsSent=1353 sendFailures=0
[rubber-banding][host-input] time=79.943 interval=1.000 room=19 world=2 authority=2 entity=1 hostTick=2052 windowReceived=60 windowHeldFallback=0 windowNeutralFallback=0 pending=0 totalReceived=2052 totalHeldFallback=0 totalNeutralFallback=0
[rubber-banding][host-input] time=79.977 interval=1.000 room=19 world=2 authority=2 entity=2 hostTick=2054 windowReceived=55 windowHeldFallback=5 windowNeutralFallback=0 pending=1 totalReceived=1131 totalHeldFallback=188 totalNeutralFallback=242
[rubber-banding][main-thread-host-simulation] time=80.360 ticks=61 tickRate=61.0 avgMs=0.608 maxMs=2.960 fixedHz=60.0 maximumDeltaMs=333.3 focused=0
[rubber-banding][main-thread-pump] time=80.407 fps=39.0 frames=40 frameMaxMs=28.7 tcpAvgMs=0.004 tcpMaxMs=0.058 udpAvgMs=0.329 udpMaxMs=0.743 otherAvgMs=0.018 otherMaxMs=0.168 updateAvgMs=0.352 updateMaxMs=0.822
[rubber-banding][main-thread-snapshot] time=80.660 packets=31 characterRecords=62 bodyRecords=0 avgMs=0.007 maxMs=0.018
[rubber-banding][udp-pump] time=80.688 frame=3536 focused=0 windowMs=1014.7 fps=38.4 packets=31 socketAvgMs=33.6 socketP95Ms=53.5 socketMaxMs=53.8 pumpAvgMs=33.7 pumpP95Ms=54.2 pumpMaxMs=56.4 queueDelayAvgMs=13.7 queueDelayP95Ms=27.4 queueDelayMaxMs=28.2 samePump=3 pumpBatchMax=2 queueDepthMax=3 frameMaxMs=28.3
[rubber-banding][local-input] time=80.688 role=host entity=1 fps=38.4 updates=39 moveUpdates=0 fixedCalls=61 commands=61 blockedFixed=0 sampleMove=(0.00, 0.00) commandMove=(0,0) movementEnabled=True stunned=False controllerEnabled=True grounded=True position=(-1.718, -0.236, 7.674) displacement=(0.000, 0.000, 0.000) travelCm=0.0 estimatedTick=2096 desiredTick=2102 recordedTick=2096 resolvedTick=2096 unresolved=0 fixedHz=60.0 simulationHz=60 rttMs=51.2 batchesSent=848 commandsSent=1397 sendFailures=0
[rubber-banding][host-input] time=80.943 interval=1.000 room=19 world=2 authority=2 entity=1 hostTick=2112 windowReceived=60 windowHeldFallback=0 windowNeutralFallback=0 pending=0 totalReceived=2112 totalHeldFallback=0 totalNeutralFallback=0
[rubber-banding][host-input] time=80.977 interval=1.000 room=19 world=2 authority=2 entity=2 hostTick=2114 windowReceived=57 windowHeldFallback=3 windowNeutralFallback=0 pending=1 totalReceived=1188 totalHeldFallback=191 totalNeutralFallback=242
[rubber-banding][main-thread-host-simulation] time=81.377 ticks=61 tickRate=61.0 avgMs=0.617 maxMs=3.584 fixedHz=60.0 maximumDeltaMs=333.3 focused=0
[rubber-banding][main-thread-pump] time=81.445 fps=41.4 frames=42 frameMaxMs=28.0 tcpAvgMs=0.003 tcpMaxMs=0.004 udpAvgMs=0.332 udpMaxMs=0.771 otherAvgMs=0.016 otherMaxMs=0.111 updateAvgMs=0.351 updateMaxMs=0.785
[rubber-banding][main-thread-snapshot] time=81.711 packets=31 characterRecords=62 bodyRecords=0 avgMs=0.007 maxMs=0.012
[rubber-banding][udp-pump] time=81.711 frame=3578 focused=0 windowMs=1023.1 fps=41.1 packets=30 socketAvgMs=33.3 socketP95Ms=50.3 socketMaxMs=51.8 pumpAvgMs=34.1 pumpP95Ms=51.5 pumpMaxMs=54.6 queueDelayAvgMs=16.2 queueDelayP95Ms=26.4 queueDelayMaxMs=26.4 samePump=1 pumpBatchMax=2 queueDepthMax=4 frameMaxMs=26.9
[rubber-banding][local-input] time=81.711 role=host entity=1 fps=41.1 updates=42 moveUpdates=0 fixedCalls=62 commands=62 blockedFixed=0 sampleMove=(0.00, 0.00) commandMove=(0,0) movementEnabled=True stunned=False controllerEnabled=True grounded=True position=(-1.718, -0.236, 7.674) displacement=(0.000, 0.000, 0.000) travelCm=0.0 estimatedTick=2157 desiredTick=2163 recordedTick=2158 resolvedTick=2156 unresolved=2 fixedHz=60.0 simulationHz=60 rttMs=50.4 batchesSent=878 commandsSent=1446 sendFailures=0
[rubber-banding][host-input] time=81.943 interval=1.000 room=19 world=2 authority=2 entity=1 hostTick=2172 windowReceived=60 windowHeldFallback=0 windowNeutralFallback=0 pending=0 totalReceived=2172 totalHeldFallback=0 totalNeutralFallback=0
[rubber-banding][host-input] time=81.977 interval=1.000 room=19 world=2 authority=2 entity=2 hostTick=2174 windowReceived=56 windowHeldFallback=4 windowNeutralFallback=0 pending=1 totalReceived=1244 totalHeldFallback=195 totalNeutralFallback=242
[rubber-banding][main-thread-host-simulation] time=82.393 ticks=61 tickRate=61.0 avgMs=0.606 maxMs=2.071 fixedHz=60.0 maximumDeltaMs=333.3 focused=0
[rubber-banding][main-thread-pump] time=82.470 fps=43.0 frames=43 frameMaxMs=28.0 tcpAvgMs=0.003 tcpMaxMs=0.004 udpAvgMs=0.406 udpMaxMs=3.680 otherAvgMs=0.017 otherMaxMs=0.087 updateAvgMs=0.427 updateMaxMs=3.699
[rubber-banding][udp-pump] time=82.716 frame=3620 focused=0 windowMs=1005.3 fps=41.8 packets=30 socketAvgMs=33.4 socketP95Ms=50.3 socketMaxMs=54.3 pumpAvgMs=32.6 pumpP95Ms=49.7 pumpMaxMs=69.4 queueDelayAvgMs=17.9 queueDelayP95Ms=26.3 queueDelayMaxMs=28.2 samePump=3 pumpBatchMax=2 queueDepthMax=3 frameMaxMs=28.0
[rubber-banding][local-input] time=82.716 role=host entity=1 fps=41.8 updates=42 moveUpdates=0 fixedCalls=60 commands=60 blockedFixed=0 sampleMove=(0.00, 0.00) commandMove=(0,0) movementEnabled=True stunned=False controllerEnabled=True grounded=True position=(-1.718, -0.236, 7.674) displacement=(0.000, 0.000, 0.000) travelCm=0.0 estimatedTick=2217 desiredTick=2223 recordedTick=2218 resolvedTick=2216 unresolved=2 fixedHz=60.0 simulationHz=60 rttMs=47.1 batchesSent=908 commandsSent=1497 sendFailures=0
[rubber-banding][main-thread-snapshot] time=82.741 packets=31 characterRecords=62 bodyRecords=0 avgMs=0.008 maxMs=0.013
[rubber-banding][host-input] time=82.943 interval=1.000 room=19 world=2 authority=2 entity=1 hostTick=2232 windowReceived=60 windowHeldFallback=0 windowNeutralFallback=0 pending=0 totalReceived=2232 totalHeldFallback=0 totalNeutralFallback=0
[rubber-banding][host-input] time=82.977 interval=1.000 room=19 world=2 authority=2 entity=2 hostTick=2234 windowReceived=56 windowHeldFallback=4 windowNeutralFallback=0 pending=1 totalReceived=1300 totalHeldFallback=199 totalNeutralFallback=242
[rubber-banding][main-thread-host-simulation] time=83.410 ticks=61 tickRate=61.0 avgMs=0.624 maxMs=1.409 fixedHz=60.0 maximumDeltaMs=333.3 focused=0
[rubber-banding][main-thread-pump] time=83.504 fps=41.6 frames=42 frameMaxMs=28.7 tcpAvgMs=0.005 tcpMaxMs=0.074 udpAvgMs=0.394 udpMaxMs=1.877 otherAvgMs=0.018 otherMaxMs=0.073 updateAvgMs=0.416 updateMaxMs=1.897
[rubber-banding][udp-pump] time=83.722 frame=3661 focused=0 windowMs=1005.8 fps=40.8 packets=30 socketAvgMs=33.6 socketP95Ms=50.4 socketMaxMs=53.4 pumpAvgMs=33.6 pumpP95Ms=51.2 pumpMaxMs=51.3 queueDelayAvgMs=15.1 queueDelayP95Ms=27.3 queueDelayMaxMs=29.3 samePump=3 pumpBatchMax=2 queueDepthMax=4 frameMaxMs=28.7
[rubber-banding][local-input] time=83.722 role=host entity=1 fps=40.8 updates=41 moveUpdates=0 fixedCalls=60 commands=60 blockedFixed=0 sampleMove=(0.00, 0.00) commandMove=(0,0) movementEnabled=True stunned=False controllerEnabled=True grounded=True position=(-1.718, -0.236, 7.674) displacement=(0.000, 0.000, 0.000) travelCm=0.0 estimatedTick=2278 desiredTick=2283 recordedTick=2278 resolvedTick=2276 unresolved=2 fixedHz=60.0 simulationHz=60 rttMs=24.7 batchesSent=937 commandsSent=1542 sendFailures=0
[rubber-banding][main-thread-snapshot] time=83.771 packets=31 characterRecords=62 bodyRecords=0 avgMs=0.007 maxMs=0.014
[rubber-banding][host-input] time=83.943 interval=1.000 room=19 world=2 authority=2 entity=1 hostTick=2292 windowReceived=60 windowHeldFallback=0 windowNeutralFallback=0 pending=0 totalReceived=2292 totalHeldFallback=0 totalNeutralFallback=0
[rubber-banding][host-input] time=83.977 interval=1.000 room=19 world=2 authority=2 entity=2 hostTick=2294 windowReceived=53 windowHeldFallback=7 windowNeutralFallback=0 pending=0 totalReceived=1353 totalHeldFallback=206 totalNeutralFallback=242
[rubber-banding][main-thread-host-simulation] time=84.427 ticks=61 tickRate=61.0 avgMs=0.586 maxMs=2.781 fixedHz=60.0 maximumDeltaMs=333.3 focused=0
[rubber-banding][main-thread-pump] time=84.541 fps=41.5 frames=42 frameMaxMs=33.5 tcpAvgMs=0.003 tcpMaxMs=0.004 udpAvgMs=0.350 udpMaxMs=1.273 otherAvgMs=0.016 otherMaxMs=0.108 updateAvgMs=0.369 updateMaxMs=1.302
[rubber-banding][udp-pump] time=84.733 frame=3702 focused=0 windowMs=1010.9 fps=40.6 packets=30 socketAvgMs=32.8 socketP95Ms=50.8 socketMaxMs=50.8 pumpAvgMs=33.6 pumpP95Ms=52.9 pumpMaxMs=57.9 queueDelayAvgMs=17.5 queueDelayP95Ms=26.4 queueDelayMaxMs=27.3 samePump=1 pumpBatchMax=2 queueDepthMax=4 frameMaxMs=27.8
[rubber-banding][local-input] time=84.733 role=host entity=1 fps=40.6 updates=41 moveUpdates=0 fixedCalls=61 commands=61 blockedFixed=0 sampleMove=(0.00, 0.00) commandMove=(0,0) movementEnabled=True stunned=False controllerEnabled=True grounded=True position=(-1.718, -0.236, 7.674) displacement=(0.000, 0.000, 0.000) travelCm=0.0 estimatedTick=2339 desiredTick=2345 recordedTick=2339 resolvedTick=2336 unresolved=3 fixedHz=60.0 simulationHz=60 rttMs=49.2 batchesSent=966 commandsSent=1586 sendFailures=0
[rubber-banding][main-thread-snapshot] time=84.850 packets=32 characterRecords=64 bodyRecords=0 avgMs=0.009 maxMs=0.033
[rubber-banding][host-input] time=84.943 interval=1.000 room=19 world=2 authority=2 entity=1 hostTick=2352 windowReceived=60 windowHeldFallback=0 windowNeutralFallback=0 pending=0 totalReceived=2352 totalHeldFallback=0 totalNeutralFallback=0
[rubber-banding][host-input] time=84.977 interval=1.000 room=19 world=2 authority=2 entity=2 hostTick=2354 windowReceived=54 windowHeldFallback=6 windowNeutralFallback=0 pending=2 totalReceived=1407 totalHeldFallback=212 totalNeutralFallback=242
[rubber-banding][main-thread-host-simulation] time=85.443 ticks=61 tickRate=61.0 avgMs=0.603 maxMs=1.304 fixedHz=60.0 maximumDeltaMs=333.3 focused=0
[rubber-banding][main-thread-pump] time=85.578 fps=41.4 frames=42 frameMaxMs=27.7 tcpAvgMs=0.004 tcpMaxMs=0.045 udpAvgMs=0.394 udpMaxMs=2.231 otherAvgMs=0.017 otherMaxMs=0.109 updateAvgMs=0.415 updateMaxMs=2.244
[rubber-banding][udp-pump] time=85.756 frame=3743 focused=0 windowMs=1022.9 fps=40.1 packets=32 socketAvgMs=33.6 socketP95Ms=50.9 socketMaxMs=51.5 pumpAvgMs=32.8 pumpP95Ms=76.3 pumpMaxMs=77.9 queueDelayAvgMs=16.0 queueDelayP95Ms=27.4 queueDelayMaxMs=28.3 samePump=5 pumpBatchMax=2 queueDepthMax=4 frameMaxMs=27.8
[rubber-banding][local-input] time=85.756 role=host entity=1 fps=40.1 updates=41 moveUpdates=0 fixedCalls=61 commands=61 blockedFixed=0 sampleMove=(0.00, 0.00) commandMove=(0,0) movementEnabled=True stunned=False controllerEnabled=True grounded=True position=(-1.718, -0.236, 7.674) displacement=(0.000, 0.000, 0.000) travelCm=0.0 estimatedTick=2400 desiredTick=2406 recordedTick=2400 resolvedTick=2400 unresolved=0 fixedHz=60.0 simulationHz=60 rttMs=42.2 batchesSent=992 commandsSent=1628 sendFailures=0
[rubber-banding][main-thread-snapshot] time=85.883 packets=31 characterRecords=62 bodyRecords=0 avgMs=0.007 maxMs=0.011
[rubber-banding][host-input] time=85.943 interval=1.000 room=19 world=2 authority=2 entity=1 hostTick=2412 windowReceived=60 windowHeldFallback=0 windowNeutralFallback=0 pending=0 totalReceived=2412 totalHeldFallback=0 totalNeutralFallback=0
[rubber-banding][host-input] time=85.977 interval=1.000 room=19 world=2 authority=2 entity=2 hostTick=2414 windowReceived=56 windowHeldFallback=4 windowNeutralFallback=0 pending=1 totalReceived=1463 totalHeldFallback=216 totalNeutralFallback=242
[rubber-banding][main-thread-host-simulation] time=86.460 ticks=61 tickRate=61.0 avgMs=0.586 maxMs=2.172 fixedHz=60.0 maximumDeltaMs=333.3 focused=0
[rubber-banding][main-thread-pump] time=86.611 fps=41.8 frames=42 frameMaxMs=27.8 tcpAvgMs=0.003 tcpMaxMs=0.004 udpAvgMs=0.380 udpMaxMs=2.838 otherAvgMs=0.016 otherMaxMs=0.114 updateAvgMs=0.399 updateMaxMs=2.857
[rubber-banding][udp-pump] time=86.756 frame=3784 focused=0 windowMs=1000.3 fps=41.0 packets=29 socketAvgMs=33.7 socketP95Ms=50.6 socketMaxMs=50.7 pumpAvgMs=33.7 pumpP95Ms=51.7 pumpMaxMs=73.8 queueDelayAvgMs=13.8 queueDelayP95Ms=25.5 queueDelayMaxMs=27.8 samePump=3 pumpBatchMax=2 queueDepthMax=4 frameMaxMs=27.3
[rubber-banding][local-input] time=86.756 role=host entity=1 fps=41.0 updates=41 moveUpdates=0 fixedCalls=60 commands=60 blockedFixed=0 sampleMove=(0.00, 0.00) commandMove=(0,0) movementEnabled=True stunned=False controllerEnabled=True grounded=True position=(-1.718, -0.236, 7.674) displacement=(0.000, 0.000, 0.000) travelCm=0.0 estimatedTick=2460 desiredTick=2466 recordedTick=2460 resolvedTick=2458 unresolved=2 fixedHz=60.0 simulationHz=60 rttMs=50.4 batchesSent=1023 commandsSent=1673 sendFailures=0
[rubber-banding][main-thread-snapshot] time=86.897 packets=31 characterRecords=62 bodyRecords=0 avgMs=0.006 maxMs=0.009
[rubber-banding][host-input] time=86.943 interval=1.000 room=19 world=2 authority=2 entity=1 hostTick=2472 windowReceived=60 windowHeldFallback=0 windowNeutralFallback=0 pending=0 totalReceived=2472 totalHeldFallback=0 totalNeutralFallback=0
[rubber-banding][host-input] time=86.977 interval=1.000 room=19 world=2 authority=2 entity=2 hostTick=2474 windowReceived=53 windowHeldFallback=7 windowNeutralFallback=0 pending=1 totalReceived=1516 totalHeldFallback=223 totalNeutralFallback=242
[rubber-banding][main-thread-host-simulation] time=87.477 ticks=61 tickRate=61.0 avgMs=0.623 maxMs=2.567 fixedHz=60.0 maximumDeltaMs=333.3 focused=0
[rubber-banding][main-thread-pump] time=87.656 fps=43.1 frames=44 frameMaxMs=27.9 tcpAvgMs=0.003 tcpMaxMs=0.006 udpAvgMs=0.318 udpMaxMs=1.109 otherAvgMs=0.017 otherMaxMs=0.079 updateAvgMs=0.338 updateMaxMs=1.139
[rubber-banding][udp-pump] time=87.779 frame=3827 focused=0 windowMs=1022.9 fps=42.0 packets=31 socketAvgMs=33.0 socketP95Ms=48.7 socketMaxMs=49.1 pumpAvgMs=33.7 pumpP95Ms=53.2 pumpMaxMs=68.7 queueDelayAvgMs=16.4 queueDelayP95Ms=26.7 queueDelayMaxMs=28.5 samePump=3 pumpBatchMax=2 queueDepthMax=4 frameMaxMs=27.9
[rubber-banding][local-input] time=87.779 role=host entity=1 fps=42.0 updates=43 moveUpdates=0 fixedCalls=62 commands=62 blockedFixed=0 sampleMove=(0.00, 0.00) commandMove=(0,0) movementEnabled=True stunned=False controllerEnabled=True grounded=True position=(-1.718, -0.236, 7.674) displacement=(0.000, 0.000, 0.000) travelCm=0.0 estimatedTick=2521 desiredTick=2527 recordedTick=2522 resolvedTick=2520 unresolved=2 fixedHz=60.0 simulationHz=60 rttMs=48.7 batchesSent=1051 commandsSent=1718 sendFailures=0
[rubber-banding][host-input] time=87.943 interval=1.000 room=19 world=2 authority=2 entity=1 hostTick=2532 windowReceived=60 windowHeldFallback=0 windowNeutralFallback=0 pending=0 totalReceived=2532 totalHeldFallback=0 totalNeutralFallback=0
[rubber-banding][main-thread-snapshot] time=87.946 packets=31 characterRecords=62 bodyRecords=0 avgMs=0.008 maxMs=0.027
[rubber-banding][host-input] time=87.977 interval=1.000 room=19 world=2 authority=2 entity=2 hostTick=2534 windowReceived=55 windowHeldFallback=5 windowNeutralFallback=0 pending=2 totalReceived=1571 totalHeldFallback=228 totalNeutralFallback=242
[rubber-banding][main-thread-host-simulation] time=88.493 ticks=61 tickRate=61.0 avgMs=0.551 maxMs=1.254 fixedHz=60.0 maximumDeltaMs=333.3 focused=0
[rubber-banding][main-thread-pump] time=88.695 fps=42.5 frames=43 frameMaxMs=28.0 tcpAvgMs=0.003 tcpMaxMs=0.003 udpAvgMs=0.408 udpMaxMs=3.432 otherAvgMs=0.017 otherMaxMs=0.124 updateAvgMs=0.428 updateMaxMs=3.444
[rubber-banding][udp-pump] time=88.792 frame=3869 focused=0 windowMs=1012.8 fps=41.5 packets=30 socketAvgMs=33.0 socketP95Ms=49.0 socketMaxMs=53.9 pumpAvgMs=33.0 pumpP95Ms=51.9 pumpMaxMs=53.9 queueDelayAvgMs=17.2 queueDelayP95Ms=26.1 queueDelayMaxMs=28.2 samePump=3 pumpBatchMax=2 queueDepthMax=4 frameMaxMs=28.0
[rubber-banding][local-input] time=88.792 role=host entity=1 fps=41.5 updates=42 moveUpdates=0 fixedCalls=60 commands=60 blockedFixed=0 sampleMove=(0.00, 0.00) commandMove=(0,0) movementEnabled=True stunned=False controllerEnabled=True grounded=True position=(-1.718, -0.236, 7.674) displacement=(0.000, 0.000, 0.000) travelCm=0.0 estimatedTick=2582 desiredTick=2588 recordedTick=2582 resolvedTick=2580 unresolved=2 fixedHz=60.0 simulationHz=60 rttMs=46.1 batchesSent=1078 commandsSent=1769 sendFailures=0
[rubber-banding][host-input] time=88.943 interval=1.000 room=19 world=2 authority=2 entity=1 hostTick=2592 windowReceived=60 windowHeldFallback=0 windowNeutralFallback=0 pending=0 totalReceived=2592 totalHeldFallback=0 totalNeutralFallback=0
[rubber-banding][host-input] time=88.977 interval=1.000 room=19 world=2 authority=2 entity=2 hostTick=2594 windowReceived=55 windowHeldFallback=5 windowNeutralFallback=0 pending=1 totalReceived=1626 totalHeldFallback=233 totalNeutralFallback=242
[rubber-banding][main-thread-snapshot] time=88.980 packets=31 characterRecords=62 bodyRecords=0 avgMs=0.008 maxMs=0.016
[rubber-banding][main-thread-host-simulation] time=89.510 ticks=61 tickRate=61.0 avgMs=0.612 maxMs=1.279 fixedHz=60.0 maximumDeltaMs=333.3 focused=0
[rubber-banding][main-thread-pump] time=89.745 fps=40.0 frames=41 frameMaxMs=29.7 tcpAvgMs=0.003 tcpMaxMs=0.004 udpAvgMs=0.457 udpMaxMs=3.237 otherAvgMs=0.018 otherMaxMs=0.134 updateAvgMs=0.478 updateMaxMs=3.257
[rubber-banding][udp-pump] time=89.796 frame=3908 focused=0 windowMs=1004.3 fps=38.8 packets=31 socketAvgMs=33.9 socketP95Ms=52.1 socketMaxMs=57.2 pumpAvgMs=33.1 pumpP95Ms=55.2 pumpMaxMs=56.9 queueDelayAvgMs=16.4 queueDelayP95Ms=29.1 queueDelayMaxMs=29.5 samePump=5 pumpBatchMax=2 queueDepthMax=4 frameMaxMs=29.7
[rubber-banding][local-input] time=89.796 role=host entity=1 fps=38.8 updates=39 moveUpdates=0 fixedCalls=61 commands=61 blockedFixed=0 sampleMove=(0.00, 0.00) commandMove=(0,0) movementEnabled=True stunned=False controllerEnabled=True grounded=True position=(-1.718, -0.236, 7.674) displacement=(0.000, 0.000, 0.000) travelCm=0.0 estimatedTick=2642 desiredTick=2648 recordedTick=2643 resolvedTick=2642 unresolved=1 fixedHz=60.0 simulationHz=60 rttMs=53.6 batchesSent=1107 commandsSent=1820 sendFailures=0
[rubber-banding][host-input] time=89.943 interval=1.000 room=19 world=2 authority=2 entity=1 hostTick=2652 windowReceived=60 windowHeldFallback=0 windowNeutralFallback=0 pending=0 totalReceived=2652 totalHeldFallback=0 totalNeutralFallback=0
[rubber-banding][host-input] time=89.977 interval=1.000 room=19 world=2 authority=2 entity=2 hostTick=2654 windowReceived=53 windowHeldFallback=7 windowNeutralFallback=0 pending=2 totalReceived=1679 totalHeldFallback=240 totalNeutralFallback=242
[rubber-banding][main-thread-snapshot] time=89.997 packets=31 characterRecords=62 bodyRecords=0 avgMs=0.008 maxMs=0.013
[rubber-banding][main-thread-host-simulation] time=90.527 ticks=61 tickRate=61.0 avgMs=0.672 maxMs=3.133 fixedHz=60.0 maximumDeltaMs=333.3 focused=0
[rubber-banding][main-thread-pump] time=90.788 fps=41.3 frames=42 frameMaxMs=28.1 tcpAvgMs=0.003 tcpMaxMs=0.004 udpAvgMs=0.391 udpMaxMs=1.481 otherAvgMs=0.019 otherMaxMs=0.121 updateAvgMs=0.413 updateMaxMs=1.512
[rubber-banding][udp-pump] time=90.814 frame=3949 focused=0 windowMs=1017.7 fps=40.3 packets=30 socketAvgMs=33.1 socketP95Ms=51.5 socketMaxMs=52.0 pumpAvgMs=33.9 pumpP95Ms=52.8 pumpMaxMs=53.6 queueDelayAvgMs=16.1 queueDelayP95Ms=27.3 queueDelayMaxMs=27.8 samePump=1 pumpBatchMax=2 queueDepthMax=3 frameMaxMs=28.1
[rubber-banding][local-input] time=90.814 role=host entity=1 fps=40.3 updates=41 moveUpdates=0 fixedCalls=61 commands=61 blockedFixed=0 sampleMove=(0.00, 0.00) commandMove=(0,0) movementEnabled=True stunned=False controllerEnabled=True grounded=True position=(-1.718, -0.236, 7.674) displacement=(0.000, 0.000, 0.000) travelCm=0.0 estimatedTick=2704 desiredTick=2709 recordedTick=2704 resolvedTick=2702 unresolved=2 fixedHz=60.0 simulationHz=60 rttMs=24.1 batchesSent=1137 commandsSent=1866 sendFailures=0
[rubber-banding][host-input] time=90.943 interval=1.000 room=19 world=2 authority=2 entity=1 hostTick=2712 windowReceived=60 windowHeldFallback=0 windowNeutralFallback=0 pending=0 totalReceived=2712 totalHeldFallback=0 totalNeutralFallback=0
[rubber-banding][host-input] time=90.977 interval=1.000 room=19 world=2 authority=2 entity=2 hostTick=2714 windowReceived=55 windowHeldFallback=5 windowNeutralFallback=0 pending=0 totalReceived=1734 totalHeldFallback=245 totalNeutralFallback=242
[rubber-banding][main-thread-snapshot] time=91.068 packets=32 characterRecords=64 bodyRecords=0 avgMs=0.008 maxMs=0.013
[rubber-banding][main-thread-host-simulation] time=91.543 ticks=61 tickRate=61.0 avgMs=0.661 maxMs=3.353 fixedHz=60.0 maximumDeltaMs=333.3 focused=0
[rubber-banding][udp-pump] time=91.818 frame=3990 focused=0 windowMs=1004.7 fps=40.8 packets=30 socketAvgMs=33.5 socketP95Ms=49.7 socketMaxMs=51.5 pumpAvgMs=32.7 pumpP95Ms=52.6 pumpMaxMs=54.9 queueDelayAvgMs=14.3 queueDelayP95Ms=26.4 queueDelayMaxMs=27.5 samePump=4 pumpBatchMax=2 queueDepthMax=3 frameMaxMs=28.1
[rubber-banding][main-thread-pump] time=91.818 fps=41.8 frames=42 frameMaxMs=29.0 tcpAvgMs=0.003 tcpMaxMs=0.005 udpAvgMs=0.432 udpMaxMs=1.883 otherAvgMs=0.023 otherMaxMs=0.186 updateAvgMs=0.458 updateMaxMs=1.898
[rubber-banding][local-input] time=91.818 role=host entity=1 fps=40.8 updates=41 moveUpdates=0 fixedCalls=60 commands=60 blockedFixed=0 sampleMove=(0.00, 0.00) commandMove=(0,0) movementEnabled=True stunned=False controllerEnabled=True grounded=True position=(-1.718, -0.236, 7.674) displacement=(0.000, 0.000, 0.000) travelCm=0.0 estimatedTick=2763 desiredTick=2769 recordedTick=2764 resolvedTick=2762 unresolved=2 fixedHz=60.0 simulationHz=60 rttMs=48.6 batchesSent=1167 commandsSent=1909 sendFailures=0
[rubber-banding][host-input] time=91.943 interval=1.000 room=19 world=2 authority=2 entity=1 hostTick=2772 windowReceived=60 windowHeldFallback=0 windowNeutralFallback=0 pending=0 totalReceived=2772 totalHeldFallback=0 totalNeutralFallback=0
[rubber-banding][host-input] time=91.977 interval=1.000 room=19 world=2 authority=2 entity=2 hostTick=2774 windowReceived=58 windowHeldFallback=2 windowNeutralFallback=0 pending=1 totalReceived=1792 totalHeldFallback=247 totalNeutralFallback=242
[rubber-banding][main-thread-snapshot] time=92.141 packets=32 characterRecords=64 bodyRecords=0 avgMs=0.010 maxMs=0.068
[rubber-banding][main-thread-host-simulation] time=92.560 ticks=61 tickRate=61.0 avgMs=0.665 maxMs=2.170 fixedHz=60.0 maximumDeltaMs=333.3 focused=0
[rubber-banding][udp-pump] time=92.838 frame=4034 focused=0 windowMs=1019.3 fps=43.2 packets=31 socketAvgMs=32.9 socketP95Ms=48.4 socketMaxMs=49.8 pumpAvgMs=33.6 pumpP95Ms=50.1 pumpMaxMs=50.4 queueDelayAvgMs=14.1 queueDelayP95Ms=25.0 queueDelayMaxMs=27.7 samePump=0 pumpBatchMax=1 queueDepthMax=3 frameMaxMs=27.7
[rubber-banding][main-thread-pump] time=92.838 fps=44.0 frames=44 frameMaxMs=27.7 tcpAvgMs=0.003 tcpMaxMs=0.005 udpAvgMs=0.388 udpMaxMs=2.611 otherAvgMs=0.021 otherMaxMs=0.247 updateAvgMs=0.411 updateMaxMs=2.644
[rubber-banding][local-input] time=92.838 role=host entity=1 fps=43.2 updates=44 moveUpdates=0 fixedCalls=61 commands=61 blockedFixed=0 sampleMove=(0.00, 0.00) commandMove=(0,0) movementEnabled=True stunned=False controllerEnabled=True grounded=True position=(-1.718, -0.236, 7.674) displacement=(0.000, 0.000, 0.000) travelCm=0.0 estimatedTick=2825 desiredTick=2830 recordedTick=2825 resolvedTick=2824 unresolved=1 fixedHz=60.0 simulationHz=60 rttMs=18.7 batchesSent=1198 commandsSent=1954 sendFailures=0
[rubber-banding][host-input] time=92.943 interval=1.000 room=19 world=2 authority=2 entity=1 hostTick=2832 windowReceived=60 windowHeldFallback=0 windowNeutralFallback=0 pending=0 totalReceived=2832 totalHeldFallback=0 totalNeutralFallback=0
[rubber-banding][host-input] time=92.977 interval=1.000 room=19 world=2 authority=2 entity=2 hostTick=2834 windowReceived=60 windowHeldFallback=0 windowNeutralFallback=0 pending=1 totalReceived=1852 totalHeldFallback=247 totalNeutralFallback=242
[rubber-banding][main-thread-snapshot] time=93.183 packets=31 characterRecords=62 bodyRecords=0 avgMs=0.007 maxMs=0.010
[rubber-banding][main-thread-host-simulation] time=93.577 ticks=61 tickRate=61.0 avgMs=0.605 maxMs=1.341 fixedHz=60.0 maximumDeltaMs=333.3 focused=0
[rubber-banding][udp-pump] time=93.841 frame=4077 focused=0 windowMs=1002.9 fps=42.9 packets=30 socketAvgMs=33.3 socketP95Ms=49.6 socketMaxMs=49.6 pumpAvgMs=33.4 pumpP95Ms=49.0 pumpMaxMs=49.9 queueDelayAvgMs=12.8 queueDelayP95Ms=25.4 queueDelayMaxMs=25.8 samePump=3 pumpBatchMax=2 queueDepthMax=4 frameMaxMs=27.1
[rubber-banding][local-input] time=93.841 role=host entity=1 fps=42.9 updates=43 moveUpdates=0 fixedCalls=60 commands=60 blockedFixed=0 sampleMove=(0.00, 0.00) commandMove=(0,0) movementEnabled=True stunned=False controllerEnabled=True grounded=True position=(-1.718, -0.236, 7.674) displacement=(0.000, 0.000, 0.000) travelCm=0.0 estimatedTick=2886 desiredTick=2891 recordedTick=2885 resolvedTick=2884 unresolved=1 fixedHz=60.0 simulationHz=60 rttMs=26.2 batchesSent=1228 commandsSent=1998 sendFailures=0
[rubber-banding][main-thread-pump] time=93.888 fps=44.0 frames=45 frameMaxMs=27.1 tcpAvgMs=0.003 tcpMaxMs=0.005 udpAvgMs=0.517 udpMaxMs=3.685 otherAvgMs=0.021 otherMaxMs=0.242 updateAvgMs=0.541 updateMaxMs=3.698
[rubber-banding][host-input] time=93.943 interval=1.000 room=19 world=2 authority=2 entity=1 hostTick=2892 windowReceived=60 windowHeldFallback=0 windowNeutralFallback=0 pending=0 totalReceived=2892 totalHeldFallback=0 totalNeutralFallback=0
[rubber-banding][host-input] time=93.977 interval=1.000 room=19 world=2 authority=2 entity=2 hostTick=2894 windowReceived=57 windowHeldFallback=3 windowNeutralFallback=0 pending=1 totalReceived=1909 totalHeldFallback=250 totalNeutralFallback=242
[rubber-banding][main-thread-snapshot] time=94.225 packets=31 characterRecords=62 bodyRecords=0 avgMs=0.008 maxMs=0.013
[rubber-banding][main-thread-host-simulation] time=94.593 ticks=61 tickRate=61.0 avgMs=0.639 maxMs=3.574 fixedHz=60.0 maximumDeltaMs=333.3 focused=0
[rubber-banding][udp-pump] time=94.864 frame=4120 focused=0 windowMs=1023.0 fps=42.0 packets=31 socketAvgMs=33.8 socketP95Ms=49.5 socketMaxMs=54.0 pumpAvgMs=33.0 pumpP95Ms=68.4 pumpMaxMs=72.7 queueDelayAvgMs=15.0 queueDelayP95Ms=26.3 queueDelayMaxMs=27.6 samePump=3 pumpBatchMax=2 queueDepthMax=3 frameMaxMs=28.8
[rubber-banding][local-input] time=94.864 role=host entity=1 fps=42.0 updates=43 moveUpdates=0 fixedCalls=62 commands=62 blockedFixed=0 sampleMove=(0.00, 0.00) commandMove=(0,0) movementEnabled=True stunned=False controllerEnabled=True grounded=True position=(-1.718, -0.236, 7.674) displacement=(0.000, 0.000, 0.000) travelCm=0.0 estimatedTick=2947 desiredTick=2952 recordedTick=2947 resolvedTick=2946 unresolved=1 fixedHz=60.0 simulationHz=60 rttMs=23.0 batchesSent=1257 commandsSent=2043 sendFailures=0
[rubber-banding][main-thread-pump] time=94.919 fps=42.7 frames=43 frameMaxMs=32.1 tcpAvgMs=0.003 tcpMaxMs=0.004 udpAvgMs=0.347 udpMaxMs=1.831 otherAvgMs=0.016 otherMaxMs=0.107 updateAvgMs=0.366 updateMaxMs=1.856
[rubber-banding][host-input] time=94.943 interval=1.000 room=19 world=2 authority=2 entity=1 hostTick=2952 windowReceived=60 windowHeldFallback=0 windowNeutralFallback=0 pending=0 totalReceived=2952 totalHeldFallback=0 totalNeutralFallback=0
[rubber-banding][host-input] time=94.977 interval=1.000 room=19 world=2 authority=2 entity=2 hostTick=2954 windowReceived=55 windowHeldFallback=5 windowNeutralFallback=0 pending=2 totalReceived=1964 totalHeldFallback=255 totalNeutralFallback=242
[rubber-banding][main-thread-snapshot] time=95.240 packets=31 characterRecords=62 bodyRecords=0 avgMs=0.009 maxMs=0.059
[rubber-banding][main-thread-host-simulation] time=95.610 ticks=61 tickRate=61.0 avgMs=0.703 maxMs=3.981 fixedHz=60.0 maximumDeltaMs=333.3 focused=0
[rubber-banding][udp-pump] time=95.871 frame=4157 focused=0 windowMs=1006.8 fps=36.7 packets=30 socketAvgMs=32.7 socketP95Ms=56.0 socketMaxMs=59.4 pumpAvgMs=33.6 pumpP95Ms=60.4 pumpMaxMs=61.9 queueDelayAvgMs=17.2 queueDelayP95Ms=31.9 queueDelayMaxMs=33.3 samePump=1 pumpBatchMax=2 queueDepthMax=4 frameMaxMs=33.5
[rubber-banding][local-input] time=95.871 role=host entity=1 fps=36.7 updates=37 moveUpdates=0 fixedCalls=60 commands=60 blockedFixed=0 sampleMove=(0.00, 0.00) commandMove=(0,0) movementEnabled=True stunned=False controllerEnabled=True grounded=True position=(-1.718, -0.236, 7.674) displacement=(0.000, 0.000, 0.000) travelCm=0.0 estimatedTick=3006 desiredTick=3012 recordedTick=3007 resolvedTick=3006 unresolved=1 fixedHz=60.0 simulationHz=60 rttMs=55.1 batchesSent=1285 commandsSent=2089 sendFailures=0
[rubber-banding][host-input] time=95.943 interval=1.000 room=19 world=2 authority=2 entity=1 hostTick=3012 windowReceived=60 windowHeldFallback=0 windowNeutralFallback=0 pending=0 totalReceived=3012 totalHeldFallback=0 totalNeutralFallback=0
[rubber-banding][main-thread-pump] time=95.954 fps=37.6 frames=38 frameMaxMs=33.5 tcpAvgMs=0.003 tcpMaxMs=0.007 udpAvgMs=0.490 udpMaxMs=2.960 otherAvgMs=0.021 otherMaxMs=0.224 updateAvgMs=0.515 updateMaxMs=2.977
[rubber-banding][host-input] time=95.977 interval=1.000 room=19 world=2 authority=2 entity=2 hostTick=3014 windowReceived=57 windowHeldFallback=3 windowNeutralFallback=0 pending=0 totalReceived=2021 totalHeldFallback=258 totalNeutralFallback=242
[rubber-banding][main-thread-snapshot] time=96.299 packets=32 characterRecords=64 bodyRecords=0 avgMs=0.008 maxMs=0.012
[rubber-banding][main-thread-host-simulation] time=96.627 ticks=61 tickRate=61.0 avgMs=0.661 maxMs=1.314 fixedHz=60.0 maximumDeltaMs=333.3 focused=0
[rubber-banding][udp-pump] time=96.878 frame=4197 focused=0 windowMs=1007.3 fps=39.7 packets=29 socketAvgMs=34.4 socketP95Ms=60.8 socketMaxMs=65.0 pumpAvgMs=34.2 pumpP95Ms=57.0 pumpMaxMs=60.2 queueDelayAvgMs=12.6 queueDelayP95Ms=31.2 queueDelayMaxMs=32.5 samePump=3 pumpBatchMax=2 queueDepthMax=3 frameMaxMs=32.5
[rubber-banding][local-input] time=96.878 role=host entity=1 fps=39.7 updates=40 moveUpdates=0 fixedCalls=61 commands=61 blockedFixed=0 sampleMove=(0.00, 0.00) commandMove=(0,0) movementEnabled=True stunned=False controllerEnabled=True grounded=True position=(-1.718, -0.236, 7.674) displacement=(0.000, 0.000, 0.000) travelCm=0.0 estimatedTick=5 desiredTick=11 recordedTick=6 resolvedTick=4 unresolved=2 fixedHz=60.0 simulationHz=60 rttMs=42.2 batchesSent=1311 commandsSent=2128 sendFailures=0
[rubber-banding][main-thread-pump] time=96.982 fps=42.8 frames=43 frameMaxMs=32.5 tcpAvgMs=0.067 tcpMaxMs=2.757 udpAvgMs=0.400 udpMaxMs=1.759 otherAvgMs=0.021 otherMaxMs=0.107 updateAvgMs=0.488 updateMaxMs=2.891
[rubber-banding][main-thread-snapshot] time=97.372 packets=30 characterRecords=77 bodyRecords=0 avgMs=0.009 maxMs=0.014
[rubber-banding][main-thread-host-simulation] time=97.643 ticks=61 tickRate=61.0 avgMs=0.857 maxMs=4.450 fixedHz=60.0 maximumDeltaMs=333.3 focused=0
[rubber-banding][host-input] time=97.793 interval=1.000 room=19 world=3 authority=3 entity=1 hostTick=61 windowReceived=61 windowHeldFallback=0 windowNeutralFallback=0 pending=0 totalReceived=61 totalHeldFallback=0 totalNeutralFallback=0
[rubber-banding][host-input] time=97.793 interval=1.000 room=19 world=3 authority=3 entity=2 hostTick=61 windowReceived=51 windowHeldFallback=2 windowNeutralFallback=8 pending=3 totalReceived=51 totalHeldFallback=2 totalNeutralFallback=8
[rubber-banding][host-input] time=97.793 interval=1.000 room=19 world=3 authority=3 entity=3 hostTick=61 windowReceived=0 windowHeldFallback=0 windowNeutralFallback=61 pending=0 totalReceived=0 totalHeldFallback=0 totalNeutralFallback=61
[rubber-banding][udp-pump] time=97.953 frame=4247 focused=0 windowMs=1075.4 fps=46.5 packets=33 socketAvgMs=33.7 socketP95Ms=54.0 socketMaxMs=76.8 pumpAvgMs=33.1 pumpP95Ms=60.1 pumpMaxMs=77.1 queueDelayAvgMs=9.5 queueDelayP95Ms=21.5 queueDelayMaxMs=23.0 samePump=3 pumpBatchMax=3 queueDepthMax=7 frameMaxMs=77.1
[rubber-banding][local-input] time=97.953 role=host entity=1 fps=46.5 updates=50 moveUpdates=0 fixedCalls=64 commands=64 blockedFixed=0 sampleMove=(0.00, 0.00) commandMove=(0,0) movementEnabled=True stunned=False controllerEnabled=True grounded=True position=(-1.718, -0.236, 7.674) displacement=(0.000, 0.000, 0.000) travelCm=0.0 estimatedTick=69 desiredTick=75 recordedTick=70 resolvedTick=70 unresolved=0 fixedHz=60.0 simulationHz=60 rttMs=53.6 batchesSent=1338 commandsSent=2167 sendFailures=0
[rubber-banding][main-thread-pump] time=98.025 fps=44.2 frames=45 frameMaxMs=77.1 tcpAvgMs=0.003 tcpMaxMs=0.005 udpAvgMs=0.510 udpMaxMs=3.614 otherAvgMs=0.021 otherMaxMs=0.080 updateAvgMs=0.534 updateMaxMs=3.633
[rubber-banding][main-thread-snapshot] time=98.439 packets=31 characterRecords=93 bodyRecords=0 avgMs=0.008 maxMs=0.014
[rubber-banding][main-thread-host-simulation] time=98.660 ticks=61 tickRate=61.0 avgMs=0.775 maxMs=2.405 fixedHz=60.0 maximumDeltaMs=333.3 focused=0
[rubber-banding][host-input] time=98.793 interval=1.000 room=19 world=3 authority=3 entity=1 hostTick=121 windowReceived=60 windowHeldFallback=0 windowNeutralFallback=0 pending=0 totalReceived=121 totalHeldFallback=0 totalNeutralFallback=0
[rubber-banding][host-input] time=98.793 interval=1.000 room=19 world=3 authority=3 entity=2 hostTick=121 windowReceived=39 windowHeldFallback=14 windowNeutralFallback=7 pending=0 totalReceived=90 totalHeldFallback=16 totalNeutralFallback=15
[rubber-banding][host-input] time=98.793 interval=1.000 room=19 world=3 authority=3 entity=3 hostTick=121 windowReceived=3 windowHeldFallback=6 windowNeutralFallback=51 pending=0 totalReceived=3 totalHeldFallback=6 totalNeutralFallback=112
[rubber-banding][udp-pump] time=98.982 frame=4265 focused=0 windowMs=1028.9 fps=17.5 packets=31 socketAvgMs=33.2 socketP95Ms=81.9 socketMaxMs=83.3 pumpAvgMs=33.2 pumpP95Ms=79.7 pumpMaxMs=83.9 queueDelayAvgMs=2.1 queueDelayP95Ms=17.4 queueDelayMaxMs=38.9 samePump=14 pumpBatchMax=3 queueDepthMax=6 frameMaxMs=83.9
[rubber-banding][local-input] time=98.982 role=host entity=1 fps=17.5 updates=18 moveUpdates=0 fixedCalls=62 commands=62 blockedFixed=0 sampleMove=(0.00, 0.00) commandMove=(0,0) movementEnabled=True stunned=False controllerEnabled=True grounded=True position=(-1.718, -0.236, 7.674) displacement=(0.000, 0.000, 0.000) travelCm=0.0 estimatedTick=133 desiredTick=139 recordedTick=132 resolvedTick=132 unresolved=0 fixedHz=60.0 simulationHz=60 rttMs=50.7 batchesSent=1344 commandsSent=2175 sendFailures=0
[rubber-banding][main-thread-pump] time=99.120 fps=18.3 frames=19 frameMaxMs=97.2 tcpAvgMs=0.003 tcpMaxMs=0.004 udpAvgMs=1.390 udpMaxMs=4.811 otherAvgMs=0.031 otherMaxMs=0.260 updateAvgMs=1.425 updateMaxMs=4.835
[rubber-banding][main-thread-snapshot] time=99.474 packets=32 characterRecords=96 bodyRecords=0 avgMs=0.005 maxMs=0.011
[rubber-banding][main-thread-host-simulation] time=99.677 ticks=61 tickRate=61.0 avgMs=0.706 maxMs=1.955 fixedHz=60.0 maximumDeltaMs=333.3 focused=0
[rubber-banding][host-input] time=99.793 interval=1.000 room=19 world=3 authority=3 entity=1 hostTick=181 windowReceived=60 windowHeldFallback=0 windowNeutralFallback=0 pending=0 totalReceived=181 totalHeldFallback=0 totalNeutralFallback=0
[rubber-banding][host-input] time=99.793 interval=1.000 room=19 world=3 authority=3 entity=2 hostTick=181 windowReceived=33 windowHeldFallback=15 windowNeutralFallback=12 pending=0 totalReceived=123 totalHeldFallback=31 totalNeutralFallback=27
[rubber-banding][host-input] time=99.793 interval=1.000 room=19 world=3 authority=3 entity=3 hostTick=181 windowReceived=2 windowHeldFallback=4 windowNeutralFallback=54 pending=0 totalReceived=5 totalHeldFallback=10 totalNeutralFallback=166
[rubber-banding][udp-pump] time=100.018 frame=4281 focused=0 windowMs=1035.4 fps=15.5 packets=31 socketAvgMs=33.5 socketP95Ms=95.8 socketMaxMs=97.3 pumpAvgMs=33.4 pumpP95Ms=97.0 pumpMaxMs=138.0 queueDelayAvgMs=3.6 queueDelayP95Ms=3.0 queueDelayMaxMs=98.4 samePump=16 pumpBatchMax=4 queueDepthMax=9 frameMaxMs=97.2
[rubber-banding][local-input] time=100.018 role=host entity=1 fps=15.5 updates=16 moveUpdates=0 fixedCalls=62 commands=62 blockedFixed=0 sampleMove=(0.00, 0.00) commandMove=(0,0) movementEnabled=True stunned=False controllerEnabled=True grounded=True position=(-1.718, -0.236, 7.674) displacement=(0.000, 0.000, 0.000) travelCm=0.0 estimatedTick=195 desiredTick=201 recordedTick=194 resolvedTick=194 unresolved=0 fixedHz=60.0 simulationHz=60 rttMs=55.3 batchesSent=1351 commandsSent=2183 sendFailures=0
[rubber-banding][main-thread-pump] time=100.236 fps=17.4 frames=18 frameMaxMs=97.0 tcpAvgMs=0.003 tcpMaxMs=0.004 udpAvgMs=1.099 udpMaxMs=2.851 otherAvgMs=0.019 otherMaxMs=0.042 updateAvgMs=1.121 updateMaxMs=2.865
[rubber-banding][main-thread-snapshot] time=100.557 packets=32 characterRecords=96 bodyRecords=0 avgMs=0.006 maxMs=0.027
[rubber-banding][main-thread-host-simulation] time=100.694 ticks=61 tickRate=61.0 avgMs=0.853 maxMs=3.386 fixedHz=60.0 maximumDeltaMs=333.3 focused=0
[rubber-banding][host-input] time=100.793 interval=1.000 room=19 world=3 authority=3 entity=1 hostTick=241 windowReceived=60 windowHeldFallback=0 windowNeutralFallback=0 pending=0 totalReceived=241 totalHeldFallback=0 totalNeutralFallback=0
[rubber-banding][host-input] time=100.793 interval=1.000 room=19 world=3 authority=3 entity=2 hostTick=241 windowReceived=39 windowHeldFallback=14 windowNeutralFallback=7 pending=0 totalReceived=162 totalHeldFallback=45 totalNeutralFallback=34
[rubber-banding][host-input] time=100.793 interval=1.000 room=19 world=3 authority=3 entity=3 hostTick=241 windowReceived=3 windowHeldFallback=6 windowNeutralFallback=51 pending=0 totalReceived=8 totalHeldFallback=16 totalNeutralFallback=217
[rubber-banding][udp-pump] time=101.047 frame=4298 focused=0 windowMs=1029.7 fps=16.5 packets=31 socketAvgMs=33.1 socketP95Ms=74.1 socketMaxMs=85.6 pumpAvgMs=33.2 pumpP95Ms=76.0 pumpMaxMs=84.4 queueDelayAvgMs=0.3 queueDelayP95Ms=1.5 queueDelayMaxMs=3.5 samePump=14 pumpBatchMax=3 queueDepthMax=9 frameMaxMs=84.4
[rubber-banding][local-input] time=101.047 role=host entity=1 fps=16.5 updates=17 moveUpdates=0 fixedCalls=62 commands=62 blockedFixed=0 sampleMove=(0.00, 0.00) commandMove=(0,0) movementEnabled=True stunned=False controllerEnabled=True grounded=True position=(-1.718, -0.236, 7.674) displacement=(0.000, 0.000, 0.000) travelCm=0.0 estimatedTick=258 desiredTick=265 recordedTick=256 resolvedTick=256 unresolved=0 fixedHz=60.0 simulationHz=60 rttMs=84.4 batchesSent=1357 commandsSent=2189 sendFailures=0
[rubber-banding][main-thread-pump] time=101.376 fps=16.5 frames=18 frameMaxMs=92.9 tcpAvgMs=0.003 tcpMaxMs=0.003 udpAvgMs=0.940 udpMaxMs=2.147 otherAvgMs=0.021 otherMaxMs=0.078 updateAvgMs=0.964 updateMaxMs=2.177
[rubber-banding][main-thread-snapshot] time=101.616 packets=32 characterRecords=96 bodyRecords=0 avgMs=0.005 maxMs=0.013
[rubber-banding][main-thread-host-simulation] time=101.710 ticks=61 tickRate=61.0 avgMs=0.699 maxMs=2.892 fixedHz=60.0 maximumDeltaMs=333.3 focused=0
[rubber-banding][host-input] time=101.793 interval=1.000 room=19 world=3 authority=3 entity=1 hostTick=301 windowReceived=60 windowHeldFallback=0 windowNeutralFallback=0 pending=0 totalReceived=301 totalHeldFallback=0 totalNeutralFallback=0
[rubber-banding][host-input] time=101.793 interval=1.000 room=19 world=3 authority=3 entity=2 hostTick=301 windowReceived=16 windowHeldFallback=17 windowNeutralFallback=27 pending=2 totalReceived=178 totalHeldFallback=62 totalNeutralFallback=61
[rubber-banding][host-input] time=101.793 interval=1.000 room=19 world=3 authority=3 entity=3 hostTick=301 windowReceived=4 windowHeldFallback=8 windowNeutralFallback=48 pending=0 totalReceived=12 totalHeldFallback=24 totalNeutralFallback=265
[rubber-banding][udp-pump] time=102.117 frame=4312 focused=0 windowMs=1069.7 fps=13.1 packets=32 socketAvgMs=33.5 socketP95Ms=97.2 socketMaxMs=104.2 pumpAvgMs=33.4 pumpP95Ms=99.0 pumpMaxMs=104.5 queueDelayAvgMs=0.7 queueDelayP95Ms=3.6 queueDelayMaxMs=5.7 samePump=18 pumpBatchMax=4 queueDepthMax=8 frameMaxMs=104.5
[rubber-banding][local-input] time=102.117 role=host entity=1 fps=13.1 updates=14 moveUpdates=0 fixedCalls=64 commands=64 blockedFixed=0 sampleMove=(0.00, 0.00) commandMove=(0,0) movementEnabled=True stunned=False controllerEnabled=True grounded=True position=(-1.718, -0.236, 7.674) displacement=(0.000, 0.000, 0.000) travelCm=0.0 estimatedTick=319 desiredTick=328 recordedTick=320 resolvedTick=320 unresolved=0 fixedHz=60.0 simulationHz=60 rttMs=145.4 batchesSent=1365 commandsSent=2197 sendFailures=0
[rubber-banding][main-thread-pump] time=102.472 fps=13.6 frames=14 frameMaxMs=106.6 tcpAvgMs=0.004 tcpMaxMs=0.022 udpAvgMs=1.031 udpMaxMs=2.889 otherAvgMs=0.020 otherMaxMs=0.085 updateAvgMs=1.055 updateMaxMs=2.903
[rubber-banding][main-thread-snapshot] time=102.647 packets=30 characterRecords=90 bodyRecords=0 avgMs=0.003 maxMs=0.008
[rubber-banding][main-thread-host-simulation] time=102.727 ticks=61 tickRate=61.0 avgMs=0.482 maxMs=1.303 fixedHz=60.0 maximumDeltaMs=333.3 focused=0
[rubber-banding][host-input] time=102.793 interval=1.000 room=19 world=3 authority=3 entity=1 hostTick=361 windowReceived=60 windowHeldFallback=0 windowNeutralFallback=0 pending=0 totalReceived=361 totalHeldFallback=0 totalNeutralFallback=0
[rubber-banding][host-input] time=102.793 interval=1.000 room=19 world=3 authority=3 entity=2 hostTick=361 windowReceived=18 windowHeldFallback=16 windowNeutralFallback=26 pending=0 totalReceived=196 totalHeldFallback=78 totalNeutralFallback=87
[rubber-banding][host-input] time=102.793 interval=1.000 room=19 world=3 authority=3 entity=3 hostTick=361 windowReceived=3 windowHeldFallback=6 windowNeutralFallback=51 pending=0 totalReceived=15 totalHeldFallback=30 totalNeutralFallback=316
[rubber-banding][udp-pump] time=103.126 frame=4329 focused=0 windowMs=1009.4 fps=16.8 packets=29 socketAvgMs=33.7 socketP95Ms=92.2 socketMaxMs=106.5 pumpAvgMs=33.7 pumpP95Ms=92.4 pumpMaxMs=106.6 queueDelayAvgMs=0.4 queueDelayP95Ms=2.1 queueDelayMaxMs=2.7 samePump=13 pumpBatchMax=4 queueDepthMax=8 frameMaxMs=106.6
[rubber-banding][local-input] time=103.126 role=host entity=1 fps=16.8 updates=17 moveUpdates=0 fixedCalls=60 commands=60 blockedFixed=0 sampleMove=(0.00, 0.00) commandMove=(0,0) movementEnabled=True stunned=False controllerEnabled=True grounded=True position=(-1.718, -0.236, 7.674) displacement=(0.000, 0.000, 0.000) travelCm=0.0 estimatedTick=381 desiredTick=387 recordedTick=380 resolvedTick=378 unresolved=2 fixedHz=60.0 simulationHz=60 rttMs=33.8 batchesSent=1376 commandsSent=2209 sendFailures=0
[rubber-banding][main-thread-pump] time=103.581 fps=25.5 frames=26 frameMaxMs=92.4 tcpAvgMs=0.003 tcpMaxMs=0.004 udpAvgMs=0.617 udpMaxMs=2.120 otherAvgMs=0.019 otherMaxMs=0.140 updateAvgMs=0.639 updateMaxMs=2.134
[rubber-banding][main-thread-snapshot] time=103.648 packets=31 characterRecords=93 bodyRecords=0 avgMs=0.006 maxMs=0.010
[rubber-banding][main-thread-host-simulation] time=103.744 ticks=61 tickRate=61.0 avgMs=0.569 maxMs=1.452 fixedHz=60.0 maximumDeltaMs=333.3 focused=0
[rubber-banding][host-input] time=103.793 interval=1.000 room=19 world=3 authority=3 entity=1 hostTick=421 windowReceived=60 windowHeldFallback=0 windowNeutralFallback=0 pending=0 totalReceived=421 totalHeldFallback=0 totalNeutralFallback=0
[rubber-banding][host-input] time=103.793 interval=1.000 room=19 world=3 authority=3 entity=2 hostTick=421 windowReceived=54 windowHeldFallback=0 windowNeutralFallback=6 pending=2 totalReceived=250 totalHeldFallback=78 totalNeutralFallback=93
[rubber-banding][host-input] time=103.793 interval=1.000 room=19 world=3 authority=3 entity=3 hostTick=421 windowReceived=1 windowHeldFallback=2 windowNeutralFallback=57 pending=0 totalReceived=16 totalHeldFallback=32 totalNeutralFallback=373
[rubber-banding][udp-pump] time=104.139 frame=4360 focused=0 windowMs=1012.1 fps=30.6 packets=31 socketAvgMs=33.7 socketP95Ms=37.3 socketMaxMs=62.0 pumpAvgMs=33.6 pumpP95Ms=66.4 pumpMaxMs=68.0 queueDelayAvgMs=18.6 queueDelayP95Ms=36.4 queueDelayMaxMs=37.3 samePump=6 pumpBatchMax=2 queueDepthMax=6 frameMaxMs=37.2
[rubber-banding][local-input] time=104.139 role=host entity=1 fps=30.6 updates=31 moveUpdates=0 fixedCalls=61 commands=61 blockedFixed=0 sampleMove=(0.00, 0.00) commandMove=(0,0) movementEnabled=True stunned=False controllerEnabled=True grounded=True position=(-1.718, -0.236, 7.674) displacement=(0.000, 0.000, 0.000) travelCm=0.0 estimatedTick=441 desiredTick=446 recordedTick=441 resolvedTick=440 unresolved=1 fixedHz=60.0 simulationHz=60 rttMs=33.1 batchesSent=1399 commandsSent=2249 sendFailures=0
[rubber-banding][main-thread-pump] time=104.635 fps=31.3 frames=32 frameMaxMs=37.1 tcpAvgMs=0.003 tcpMaxMs=0.004 udpAvgMs=0.784 udpMaxMs=3.921 otherAvgMs=0.019 otherMaxMs=0.113 updateAvgMs=0.806 updateMaxMs=3.943
[rubber-banding][main-thread-snapshot] time=104.669 packets=31 characterRecords=93 bodyRecords=0 avgMs=0.008 maxMs=0.014
[rubber-banding][main-thread-host-simulation] time=104.760 ticks=61 tickRate=61.0 avgMs=0.662 maxMs=1.190 fixedHz=60.0 maximumDeltaMs=333.3 focused=0
[rubber-banding][host-input] time=104.793 interval=1.000 room=19 world=3 authority=3 entity=1 hostTick=481 windowReceived=60 windowHeldFallback=0 windowNeutralFallback=0 pending=0 totalReceived=481 totalHeldFallback=0 totalNeutralFallback=0
[rubber-banding][host-input] time=104.793 interval=1.000 room=19 world=3 authority=3 entity=2 hostTick=481 windowReceived=60 windowHeldFallback=0 windowNeutralFallback=0 pending=2 totalReceived=310 totalHeldFallback=78 totalNeutralFallback=93
[rubber-banding][host-input] time=104.793 interval=1.000 room=19 world=3 authority=3 entity=3 hostTick=481 windowReceived=6 windowHeldFallback=9 windowNeutralFallback=45 pending=0 totalReceived=22 totalHeldFallback=41 totalNeutralFallback=418
[rubber-banding][udp-pump] time=105.147 frame=4391 focused=0 windowMs=1008.9 fps=30.7 packets=30 socketAvgMs=32.7 socketP95Ms=36.5 socketMaxMs=36.9 pumpAvgMs=33.6 pumpP95Ms=64.0 pumpMaxMs=65.1 queueDelayAvgMs=7.3 queueDelayP95Ms=33.3 queueDelayMaxMs=34.6 samePump=3 pumpBatchMax=2 queueDepthMax=5 frameMaxMs=37.1
[rubber-banding][local-input] time=105.147 role=host entity=1 fps=30.7 updates=31 moveUpdates=0 fixedCalls=61 commands=61 blockedFixed=0 sampleMove=(0.00, 0.00) commandMove=(0,0) movementEnabled=True stunned=False controllerEnabled=True grounded=True position=(-1.718, -0.236, 7.674) displacement=(0.000, 0.000, 0.000) travelCm=0.0 estimatedTick=502 desiredTick=508 recordedTick=502 resolvedTick=500 unresolved=2 fixedHz=60.0 simulationHz=60 rttMs=35.1 batchesSent=1426 commandsSent=2285 sendFailures=0
[rubber-banding][main-thread-pump] time=105.686 fps=33.4 frames=34 frameMaxMs=35.1 tcpAvgMs=0.003 tcpMaxMs=0.005 udpAvgMs=0.679 udpMaxMs=3.014 otherAvgMs=0.020 otherMaxMs=0.150 updateAvgMs=0.703 updateMaxMs=3.030
[rubber-banding][main-thread-snapshot] time=105.744 packets=32 characterRecords=96 bodyRecords=0 avgMs=0.008 maxMs=0.015
[rubber-banding][main-thread-host-simulation] time=105.777 ticks=61 tickRate=61.0 avgMs=0.749 maxMs=3.911 fixedHz=60.0 maximumDeltaMs=333.3 focused=0
[rubber-banding][host-input] time=105.793 interval=1.000 room=19 world=3 authority=3 entity=1 hostTick=541 windowReceived=60 windowHeldFallback=0 windowNeutralFallback=0 pending=0 totalReceived=541 totalHeldFallback=0 totalNeutralFallback=0
[rubber-banding][host-input] time=105.793 interval=1.000 room=19 world=3 authority=3 entity=2 hostTick=541 windowReceived=55 windowHeldFallback=5 windowNeutralFallback=0 pending=1 totalReceived=365 totalHeldFallback=83 totalNeutralFallback=93
[rubber-banding][host-input] time=105.793 interval=1.000 room=19 world=3 authority=3 entity=3 hostTick=541 windowReceived=1 windowHeldFallback=2 windowNeutralFallback=57 pending=0 totalReceived=23 totalHeldFallback=43 totalNeutralFallback=475
[rubber-banding][udp-pump] time=106.170 frame=4426 focused=0 windowMs=1022.2 fps=34.2 packets=31 socketAvgMs=33.8 socketP95Ms=58.7 socketMaxMs=60.7 pumpAvgMs=33.0 pumpP95Ms=58.0 pumpMaxMs=59.5 queueDelayAvgMs=9.3 queueDelayP95Ms=32.3 queueDelayMaxMs=32.3 samePump=1 pumpBatchMax=2 queueDepthMax=5 frameMaxMs=34.3
[rubber-banding][local-input] time=106.170 role=host entity=1 fps=34.2 updates=35 moveUpdates=0 fixedCalls=61 commands=61 blockedFixed=0 sampleMove=(0.00, 0.00) commandMove=(0,0) movementEnabled=True stunned=False controllerEnabled=True grounded=True position=(-1.718, -0.236, 7.674) displacement=(0.000, 0.000, 0.000) travelCm=0.0 estimatedTick=564 desiredTick=569 recordedTick=563 resolvedTick=562 unresolved=1 fixedHz=60.0 simulationHz=60 rttMs=29.4 batchesSent=1450 commandsSent=2317 sendFailures=0
[rubber-banding][main-thread-pump] time=106.733 fps=36.3 frames=37 frameMaxMs=32.5 tcpAvgMs=0.003 tcpMaxMs=0.004 udpAvgMs=0.660 udpMaxMs=4.020 otherAvgMs=0.017 otherMaxMs=0.089 updateAvgMs=0.680 updateMaxMs=4.042
[rubber-banding][host-input] time=106.793 interval=1.000 room=19 world=3 authority=3 entity=1 hostTick=601 windowReceived=60 windowHeldFallback=0 windowNeutralFallback=0 pending=0 totalReceived=601 totalHeldFallback=0 totalNeutralFallback=0
[rubber-banding][host-input] time=106.793 interval=1.000 room=19 world=3 authority=3 entity=2 hostTick=601 windowReceived=56 windowHeldFallback=4 windowNeutralFallback=0 pending=1 totalReceived=421 totalHeldFallback=87 totalNeutralFallback=93
[rubber-banding][host-input] time=106.793 interval=1.000 room=19 world=3 authority=3 entity=3 hostTick=601 windowReceived=3 windowHeldFallback=5 windowNeutralFallback=52 pending=0 totalReceived=26 totalHeldFallback=48 totalNeutralFallback=527
[rubber-banding][main-thread-host-simulation] time=106.793 ticks=61 tickRate=61.0 avgMs=0.657 maxMs=1.449 fixedHz=60.0 maximumDeltaMs=333.3 focused=0
[rubber-banding][main-thread-snapshot] time=106.816 packets=32 characterRecords=96 bodyRecords=0 avgMs=0.008 maxMs=0.012
[rubber-banding][udp-pump] time=107.177 frame=4462 focused=0 windowMs=1007.4 fps=35.7 packets=31 socketAvgMs=32.5 socketP95Ms=56.1 socketMaxMs=59.1 pumpAvgMs=32.5 pumpP95Ms=57.0 pumpMaxMs=84.8 queueDelayAvgMs=8.7 queueDelayP95Ms=29.2 queueDelayMaxMs=29.5 samePump=5 pumpBatchMax=2 queueDepthMax=5 frameMaxMs=33.6
[rubber-banding][local-input] time=107.177 role=host entity=1 fps=35.7 updates=36 moveUpdates=0 fixedCalls=61 commands=61 blockedFixed=0 sampleMove=(0.00, 0.00) commandMove=(0,0) movementEnabled=True stunned=False controllerEnabled=True grounded=True position=(-1.718, -0.236, 7.674) displacement=(0.000, 0.000, 0.000) travelCm=0.0 estimatedTick=623 desiredTick=629 recordedTick=624 resolvedTick=624 unresolved=0 fixedHz=60.0 simulationHz=60 rttMs=56.1 batchesSent=1473 commandsSent=2351 sendFailures=0
[rubber-banding][main-thread-pump] time=107.767 fps=37.8 frames=38 frameMaxMs=33.6 tcpAvgMs=0.003 tcpMaxMs=0.004 udpAvgMs=0.563 udpMaxMs=3.483 otherAvgMs=0.021 otherMaxMs=0.211 updateAvgMs=0.587 updateMaxMs=3.504
[rubber-banding][host-input] time=107.793 interval=1.000 room=19 world=3 authority=3 entity=1 hostTick=661 windowReceived=60 windowHeldFallback=0 windowNeutralFallback=0 pending=0 totalReceived=661 totalHeldFallback=0 totalNeutralFallback=0
[rubber-banding][host-input] time=107.793 interval=1.000 room=19 world=3 authority=3 entity=2 hostTick=661 windowReceived=59 windowHeldFallback=1 windowNeutralFallback=0 pending=2 totalReceived=480 totalHeldFallback=88 totalNeutralFallback=93
[rubber-banding][host-input] time=107.793 interval=1.000 room=19 world=3 authority=3 entity=3 hostTick=661 windowReceived=5 windowHeldFallback=10 windowNeutralFallback=45 pending=0 totalReceived=31 totalHeldFallback=58 totalNeutralFallback=572
[rubber-banding][main-thread-host-simulation] time=107.810 ticks=61 tickRate=61.0 avgMs=0.618 maxMs=1.306 fixedHz=60.0 maximumDeltaMs=333.3 focused=0
[rubber-banding][main-thread-snapshot] time=107.819 packets=30 characterRecords=90 bodyRecords=0 avgMs=0.008 maxMs=0.013
[rubber-banding][udp-pump] time=108.179 frame=4500 focused=0 windowMs=1002.2 fps=37.9 packets=29 socketAvgMs=33.7 socketP95Ms=56.0 socketMaxMs=57.7 pumpAvgMs=34.6 pumpP95Ms=55.2 pumpMaxMs=57.8 queueDelayAvgMs=15.3 queueDelayP95Ms=28.0 queueDelayMaxMs=30.2 samePump=5 pumpBatchMax=2 queueDepthMax=5 frameMaxMs=29.4
[rubber-banding][local-input] time=108.179 role=host entity=1 fps=37.9 updates=38 moveUpdates=0 fixedCalls=60 commands=60 blockedFixed=0 sampleMove=(0.00, 0.00) commandMove=(0,0) movementEnabled=True stunned=False controllerEnabled=True grounded=True position=(-1.718, -0.236, 7.674) displacement=(0.000, 0.000, 0.000) travelCm=0.0 estimatedTick=684 desiredTick=690 recordedTick=684 resolvedTick=682 unresolved=2 fixedHz=60.0 simulationHz=60 rttMs=52.5 batchesSent=1500 commandsSent=2397 sendFailures=0
[rubber-banding][host-input] time=108.793 interval=1.000 room=19 world=3 authority=3 entity=1 hostTick=721 windowReceived=60 windowHeldFallback=0 windowNeutralFallback=0 pending=0 totalReceived=721 totalHeldFallback=0 totalNeutralFallback=0
[rubber-banding][host-input] time=108.793 interval=1.000 room=19 world=3 authority=3 entity=2 hostTick=721 windowReceived=58 windowHeldFallback=2 windowNeutralFallback=0 pending=1 totalReceived=538 totalHeldFallback=90 totalNeutralFallback=93
[rubber-banding][host-input] time=108.793 interval=1.000 room=19 world=3 authority=3 entity=3 hostTick=721 windowReceived=4 windowHeldFallback=8 windowNeutralFallback=48 pending=0 totalReceived=35 totalHeldFallback=66 totalNeutralFallback=620
[rubber-banding][main-thread-pump] time=108.808 fps=39.4 frames=40 frameMaxMs=30.7 tcpAvgMs=0.003 tcpMaxMs=0.007 udpAvgMs=0.558 udpMaxMs=3.491 otherAvgMs=0.015 otherMaxMs=0.064 updateAvgMs=0.576 updateMaxMs=3.504
[rubber-banding][main-thread-host-simulation] time=108.827 ticks=61 tickRate=61.0 avgMs=0.601 maxMs=1.455 fixedHz=60.0 maximumDeltaMs=333.3 focused=0
[rubber-banding][main-thread-snapshot] time=108.864 packets=32 characterRecords=96 bodyRecords=0 avgMs=0.008 maxMs=0.014
[rubber-banding][udp-pump] time=109.179 frame=4538 focused=0 windowMs=1000.1 fps=38.0 packets=30 socketAvgMs=33.2 socketP95Ms=52.5 socketMaxMs=56.3 pumpAvgMs=33.3 pumpP95Ms=56.5 pumpMaxMs=57.0 queueDelayAvgMs=15.1 queueDelayP95Ms=29.7 queueDelayMaxMs=30.9 samePump=3 pumpBatchMax=2 queueDepthMax=5 frameMaxMs=30.7
[rubber-banding][local-input] time=109.179 role=host entity=1 fps=38.0 updates=38 moveUpdates=0 fixedCalls=60 commands=60 blockedFixed=0 sampleMove=(0.00, 0.00) commandMove=(0,0) movementEnabled=True stunned=False controllerEnabled=True grounded=True position=(-1.718, -0.236, 7.674) displacement=(0.000, 0.000, 0.000) travelCm=0.0 estimatedTick=744 desiredTick=749 recordedTick=744 resolvedTick=742 unresolved=2 fixedHz=60.0 simulationHz=60 rttMs=25.4 batchesSent=1527 commandsSent=2440 sendFailures=0
[rubber-banding][host-input] time=109.793 interval=1.000 room=19 world=3 authority=3 entity=1 hostTick=781 windowReceived=60 windowHeldFallback=0 windowNeutralFallback=0 pending=0 totalReceived=781 totalHeldFallback=0 totalNeutralFallback=0
[rubber-banding][host-input] time=109.793 interval=1.000 room=19 world=3 authority=3 entity=2 hostTick=781 windowReceived=53 windowHeldFallback=7 windowNeutralFallback=0 pending=2 totalReceived=591 totalHeldFallback=97 totalNeutralFallback=93
[rubber-banding][host-input] time=109.793 interval=1.000 room=19 world=3 authority=3 entity=3 hostTick=781 windowReceived=2 windowHeldFallback=4 windowNeutralFallback=54 pending=0 totalReceived=37 totalHeldFallback=70 totalNeutralFallback=674
[rubber-banding][main-thread-pump] time=109.841 fps=37.9 frames=38 frameMaxMs=33.0 tcpAvgMs=0.003 tcpMaxMs=0.005 udpAvgMs=0.531 udpMaxMs=3.012 otherAvgMs=0.019 otherMaxMs=0.212 updateAvgMs=0.552 updateMaxMs=3.030
[rubber-banding][main-thread-host-simulation] time=109.844 ticks=61 tickRate=61.0 avgMs=0.656 maxMs=1.864 fixedHz=60.0 maximumDeltaMs=333.3 focused=0
[rubber-banding][main-thread-snapshot] time=109.953 packets=32 characterRecords=96 bodyRecords=0 avgMs=0.008 maxMs=0.015
[rubber-banding][udp-pump] time=110.205 frame=4575 focused=0 windowMs=1025.3 fps=36.1 packets=31 socketAvgMs=34.0 socketP95Ms=56.4 socketMaxMs=56.7 pumpAvgMs=33.1 pumpP95Ms=58.0 pumpMaxMs=82.0 queueDelayAvgMs=14.9 queueDelayP95Ms=29.2 queueDelayMaxMs=30.7 samePump=6 pumpBatchMax=2 queueDepthMax=6 frameMaxMs=33.0
[rubber-banding][local-input] time=110.205 role=host entity=1 fps=36.1 updates=37 moveUpdates=0 fixedCalls=61 commands=61 blockedFixed=0 sampleMove=(0.00, 0.00) commandMove=(0,0) movementEnabled=True stunned=False controllerEnabled=True grounded=True position=(-1.718, -0.236, 7.674) displacement=(0.000, 0.000, 0.000) travelCm=0.0 estimatedTick=805 desiredTick=811 recordedTick=805 resolvedTick=804 unresolved=1 fixedHz=60.0 simulationHz=60 rttMs=59.2 batchesSent=1552 commandsSent=2479 sendFailures=0
[rubber-banding][host-input] time=110.793 interval=1.000 room=19 world=3 authority=3 entity=1 hostTick=841 windowReceived=60 windowHeldFallback=0 windowNeutralFallback=0 pending=0 totalReceived=841 totalHeldFallback=0 totalNeutralFallback=0
[rubber-banding][host-input] time=110.793 interval=1.000 room=19 world=3 authority=3 entity=2 hostTick=841 windowReceived=57 windowHeldFallback=3 windowNeutralFallback=0 pending=1 totalReceived=648 totalHeldFallback=100 totalNeutralFallback=93
[rubber-banding][host-input] time=110.793 interval=1.000 room=19 world=3 authority=3 entity=3 hostTick=841 windowReceived=5 windowHeldFallback=9 windowNeutralFallback=46 pending=0 totalReceived=42 totalHeldFallback=79 totalNeutralFallback=720
[rubber-banding][main-thread-host-simulation] time=110.860 ticks=61 tickRate=61.0 avgMs=0.638 maxMs=4.130 fixedHz=60.0 maximumDeltaMs=333.3 focused=0
[rubber-banding][main-thread-pump] time=110.880 fps=37.6 frames=38 frameMaxMs=31.1 tcpAvgMs=0.003 tcpMaxMs=0.005 udpAvgMs=0.643 udpMaxMs=5.255 otherAvgMs=0.017 otherMaxMs=0.069 updateAvgMs=0.663 updateMaxMs=5.322
[rubber-banding][main-thread-snapshot] time=110.961 packets=31 characterRecords=93 bodyRecords=0 avgMs=0.007 maxMs=0.015
[rubber-banding][udp-pump] time=111.205 frame=4612 focused=0 windowMs=1000.7 fps=37.0 packets=30 socketAvgMs=32.6 socketP95Ms=54.9 socketMaxMs=55.8 pumpAvgMs=32.5 pumpP95Ms=56.5 pumpMaxMs=59.3 queueDelayAvgMs=11.1 queueDelayP95Ms=30.4 queueDelayMaxMs=32.9 samePump=4 pumpBatchMax=2 queueDepthMax=5 frameMaxMs=31.1
[rubber-banding][local-input] time=111.205 role=host entity=1 fps=37.0 updates=37 moveUpdates=0 fixedCalls=60 commands=60 blockedFixed=0 sampleMove=(0.00, 0.00) commandMove=(0,0) movementEnabled=True stunned=False controllerEnabled=True grounded=True position=(-1.718, -0.236, 7.674) displacement=(0.000, 0.000, 0.000) travelCm=0.0 estimatedTick=865 desiredTick=871 recordedTick=865 resolvedTick=864 unresolved=1 fixedHz=60.0 simulationHz=60 rttMs=55.9 batchesSent=1581 commandsSent=2519 sendFailures=0
[rubber-banding][host-input] time=111.793 interval=1.000 room=19 world=3 authority=3 entity=1 hostTick=901 windowReceived=60 windowHeldFallback=0 windowNeutralFallback=0 pending=0 totalReceived=901 totalHeldFallback=0 totalNeutralFallback=0
[rubber-banding][host-input] time=111.793 interval=1.000 room=19 world=3 authority=3 entity=2 hostTick=901 windowReceived=54 windowHeldFallback=6 windowNeutralFallback=0 pending=2 totalReceived=702 totalHeldFallback=106 totalNeutralFallback=93
[rubber-banding][host-input] time=111.793 interval=1.000 room=19 world=3 authority=3 entity=3 hostTick=901 windowReceived=6 windowHeldFallback=12 windowNeutralFallback=42 pending=0 totalReceived=48 totalHeldFallback=91 totalNeutralFallback=762
[rubber-banding][main-thread-host-simulation] time=111.877 ticks=61 tickRate=61.0 avgMs=0.650 maxMs=1.663 fixedHz=60.0 maximumDeltaMs=333.3 focused=0
[rubber-banding][main-thread-pump] time=111.908 fps=36.9 frames=37 frameMaxMs=30.3 tcpAvgMs=0.003 tcpMaxMs=0.004 udpAvgMs=0.605 udpMaxMs=2.744 otherAvgMs=0.017 otherMaxMs=0.083 updateAvgMs=0.625 updateMaxMs=2.762
[rubber-banding][main-thread-snapshot] time=112.022 packets=31 characterRecords=93 bodyRecords=0 avgMs=0.010 maxMs=0.069
[rubber-banding][udp-pump] time=112.215 frame=4648 focused=0 windowMs=1009.5 fps=35.7 packets=30 socketAvgMs=33.5 socketP95Ms=54.3 socketMaxMs=58.5 pumpAvgMs=34.5 pumpP95Ms=58.5 pumpMaxMs=58.7 queueDelayAvgMs=13.8 queueDelayP95Ms=29.8 queueDelayMaxMs=30.2 samePump=5 pumpBatchMax=2 queueDepthMax=5 frameMaxMs=30.3
[rubber-banding][local-input] time=112.215 role=host entity=1 fps=35.7 updates=36 moveUpdates=0 fixedCalls=61 commands=61 blockedFixed=0 sampleMove=(0.00, 0.00) commandMove=(0,0) movementEnabled=True stunned=False controllerEnabled=True grounded=True position=(-1.718, -0.236, 7.674) displacement=(0.000, 0.000, 0.000) travelCm=0.0 estimatedTick=925 desiredTick=931 recordedTick=926 resolvedTick=924 unresolved=2 fixedHz=60.0 simulationHz=60 rttMs=57.4 batchesSent=1607 commandsSent=2560 sendFailures=0
[rubber-banding][host-input] time=112.793 interval=1.000 room=19 world=3 authority=3 entity=1 hostTick=961 windowReceived=60 windowHeldFallback=0 windowNeutralFallback=0 pending=0 totalReceived=961 totalHeldFallback=0 totalNeutralFallback=0
[rubber-banding][host-input] time=112.793 interval=1.000 room=19 world=3 authority=3 entity=2 hostTick=961 windowReceived=55 windowHeldFallback=5 windowNeutralFallback=0 pending=2 totalReceived=757 totalHeldFallback=111 totalNeutralFallback=93
[rubber-banding][host-input] time=112.793 interval=1.000 room=19 world=3 authority=3 entity=3 hostTick=961 windowReceived=5 windowHeldFallback=8 windowNeutralFallback=47 pending=0 totalReceived=53 totalHeldFallback=99 totalNeutralFallback=809
[rubber-banding][main-thread-host-simulation] time=112.893 ticks=61 tickRate=61.0 avgMs=0.687 maxMs=1.629 fixedHz=60.0 maximumDeltaMs=333.3 focused=0
[rubber-banding][main-thread-pump] time=112.956 fps=36.3 frames=37 frameMaxMs=31.5 tcpAvgMs=0.003 tcpMaxMs=0.004 udpAvgMs=0.492 udpMaxMs=2.136 otherAvgMs=0.016 otherMaxMs=0.095 updateAvgMs=0.511 updateMaxMs=2.151
[rubber-banding][main-thread-snapshot] time=113.033 packets=31 characterRecords=93 bodyRecords=0 avgMs=0.007 maxMs=0.015
[rubber-banding][udp-pump] time=113.231 frame=4684 focused=0 windowMs=1015.8 fps=35.4 packets=31 socketAvgMs=33.7 socketP95Ms=59.5 socketMaxMs=61.2 pumpAvgMs=32.8 pumpP95Ms=60.5 pumpMaxMs=60.5 queueDelayAvgMs=15.9 queueDelayP95Ms=30.9 queueDelayMaxMs=33.2 samePump=2 pumpBatchMax=2 queueDepthMax=4 frameMaxMs=33.5
[rubber-banding][local-input] time=113.231 role=host entity=1 fps=35.4 updates=36 moveUpdates=0 fixedCalls=61 commands=61 blockedFixed=0 sampleMove=(0.00, 0.00) commandMove=(0,0) movementEnabled=True stunned=False controllerEnabled=True grounded=True position=(-1.718, -0.236, 7.674) displacement=(0.000, 0.000, 0.000) travelCm=0.0 estimatedTick=987 desiredTick=992 recordedTick=987 resolvedTick=986 unresolved=1 fixedHz=60.0 simulationHz=60 rttMs=25.3 batchesSent=1635 commandsSent=2604 sendFailures=0
[rubber-banding][host-input] time=113.793 interval=1.000 room=19 world=3 authority=3 entity=1 hostTick=1021 windowReceived=60 windowHeldFallback=0 windowNeutralFallback=0 pending=0 totalReceived=1021 totalHeldFallback=0 totalNeutralFallback=0
[rubber-banding][host-input] time=113.793 interval=1.000 room=19 world=3 authority=3 entity=2 hostTick=1021 windowReceived=56 windowHeldFallback=4 windowNeutralFallback=0 pending=1 totalReceived=813 totalHeldFallback=115 totalNeutralFallback=93
[rubber-banding][host-input] time=113.793 interval=1.000 room=19 world=3 authority=3 entity=3 hostTick=1021 windowReceived=5 windowHeldFallback=9 windowNeutralFallback=46 pending=0 totalReceived=58 totalHeldFallback=108 totalNeutralFallback=855
[rubber-banding][main-thread-host-simulation] time=113.910 ticks=61 tickRate=61.0 avgMs=0.681 maxMs=3.625 fixedHz=60.0 maximumDeltaMs=333.3 focused=0
[rubber-banding][main-thread-pump] time=113.995 fps=36.6 frames=37 frameMaxMs=33.5 tcpAvgMs=0.003 tcpMaxMs=0.006 udpAvgMs=0.628 udpMaxMs=3.799 otherAvgMs=0.016 otherMaxMs=0.100 updateAvgMs=0.648 updateMaxMs=3.814
[rubber-banding][main-thread-snapshot] time=114.108 packets=32 characterRecords=96 bodyRecords=0 avgMs=0.009 maxMs=0.032
[rubber-banding][udp-pump] time=114.251 frame=4720 focused=0 windowMs=1020.3 fps=35.3 packets=30 socketAvgMs=33.0 socketP95Ms=56.9 socketMaxMs=57.8 pumpAvgMs=33.0 pumpP95Ms=58.4 pumpMaxMs=60.3 queueDelayAvgMs=13.6 queueDelayP95Ms=29.3 queueDelayMaxMs=31.1 samePump=4 pumpBatchMax=2 queueDepthMax=5 frameMaxMs=30.8
[rubber-banding][local-input] time=114.251 role=host entity=1 fps=35.3 updates=36 moveUpdates=0 fixedCalls=61 commands=61 blockedFixed=0 sampleMove=(0.00, 0.00) commandMove=(0,0) movementEnabled=True stunned=False controllerEnabled=True grounded=True position=(-1.718, -0.236, 7.674) displacement=(0.000, 0.000, 0.000) travelCm=0.0 estimatedTick=1048 desiredTick=1053 recordedTick=1048 resolvedTick=1046 unresolved=2 fixedHz=60.0 simulationHz=60 rttMs=29.9 batchesSent=1664 commandsSent=2647 sendFailures=0
[rubber-banding][host-input] time=114.793 interval=1.000 room=19 world=3 authority=3 entity=1 hostTick=1081 windowReceived=60 windowHeldFallback=0 windowNeutralFallback=0 pending=0 totalReceived=1081 totalHeldFallback=0 totalNeutralFallback=0
[rubber-banding][host-input] time=114.793 interval=1.000 room=19 world=3 authority=3 entity=2 hostTick=1081 windowReceived=56 windowHeldFallback=4 windowNeutralFallback=0 pending=1 totalReceived=869 totalHeldFallback=119 totalNeutralFallback=93
[rubber-banding][host-input] time=114.793 interval=1.000 room=19 world=3 authority=3 entity=3 hostTick=1081 windowReceived=5 windowHeldFallback=8 windowNeutralFallback=47 pending=0 totalReceived=63 totalHeldFallback=116 totalNeutralFallback=902
[rubber-banding][main-thread-host-simulation] time=114.927 ticks=61 tickRate=61.0 avgMs=0.591 maxMs=1.445 fixedHz=60.0 maximumDeltaMs=333.3 focused=0
[rubber-banding][main-thread-pump] time=115.035 fps=35.6 frames=36 frameMaxMs=33.3 tcpAvgMs=0.003 tcpMaxMs=0.003 udpAvgMs=0.530 udpMaxMs=2.318 otherAvgMs=0.016 otherMaxMs=0.137 updateAvgMs=0.550 updateMaxMs=2.336
[rubber-banding][main-thread-snapshot] time=115.147 packets=31 characterRecords=93 bodyRecords=0 avgMs=0.007 maxMs=0.010
[rubber-banding][udp-pump] time=115.263 frame=4755 focused=0 windowMs=1011.9 fps=34.6 packets=31 socketAvgMs=33.6 socketP95Ms=56.0 socketMaxMs=59.2 pumpAvgMs=33.6 pumpP95Ms=59.2 pumpMaxMs=60.0 queueDelayAvgMs=17.5 queueDelayP95Ms=31.5 queueDelayMaxMs=33.6 samePump=3 pumpBatchMax=2 queueDepthMax=5 frameMaxMs=33.3
[rubber-banding][local-input] time=115.263 role=host entity=1 fps=34.6 updates=35 moveUpdates=0 fixedCalls=61 commands=61 blockedFixed=0 sampleMove=(0.00, 0.00) commandMove=(0,0) movementEnabled=True stunned=False controllerEnabled=True grounded=True position=(-1.718, -0.236, 7.674) displacement=(0.000, 0.000, 0.000) travelCm=0.0 estimatedTick=1109 desiredTick=1115 recordedTick=1109 resolvedTick=1108 unresolved=1 fixedHz=60.0 simulationHz=60 rttMs=59.4 batchesSent=1693 commandsSent=2691 sendFailures=0
[rubber-banding][host-input] time=115.793 interval=1.000 room=19 world=3 authority=3 entity=1 hostTick=1141 windowReceived=60 windowHeldFallback=0 windowNeutralFallback=0 pending=0 totalReceived=1141 totalHeldFallback=0 totalNeutralFallback=0
[rubber-banding][host-input] time=115.793 interval=1.000 room=19 world=3 authority=3 entity=2 hostTick=1141 windowReceived=54 windowHeldFallback=6 windowNeutralFallback=0 pending=0 totalReceived=923 totalHeldFallback=125 totalNeutralFallback=93
[rubber-banding][host-input] time=115.793 interval=1.000 room=19 world=3 authority=3 entity=3 hostTick=1141 windowReceived=5 windowHeldFallback=9 windowNeutralFallback=46 pending=0 totalReceived=68 totalHeldFallback=125 totalNeutralFallback=948
[rubber-banding][main-thread-host-simulation] time=115.944 ticks=61 tickRate=61.0 avgMs=0.607 maxMs=1.437 fixedHz=60.0 maximumDeltaMs=333.3 focused=0
[rubber-banding][main-thread-pump] time=116.068 fps=35.8 frames=36 frameMaxMs=33.3 tcpAvgMs=0.003 tcpMaxMs=0.004 udpAvgMs=0.630 udpMaxMs=3.655 otherAvgMs=0.017 otherMaxMs=0.071 updateAvgMs=0.650 updateMaxMs=3.674
[rubber-banding][main-thread-snapshot] time=116.181 packets=31 characterRecords=93 bodyRecords=0 avgMs=0.008 maxMs=0.011
[rubber-banding][udp-pump] time=116.273 frame=4790 focused=0 windowMs=1010.0 fps=34.7 packets=30 socketAvgMs=33.8 socketP95Ms=59.5 socketMaxMs=61.6 pumpAvgMs=33.7 pumpP95Ms=60.5 pumpMaxMs=60.9 queueDelayAvgMs=9.9 queueDelayP95Ms=30.0 queueDelayMaxMs=30.1 samePump=2 pumpBatchMax=2 queueDepthMax=5 frameMaxMs=33.3
[rubber-banding][local-input] time=116.273 role=host entity=1 fps=34.7 updates=35 moveUpdates=0 fixedCalls=60 commands=60 blockedFixed=0 sampleMove=(0.00, 0.00) commandMove=(0,0) movementEnabled=True stunned=False controllerEnabled=True grounded=True position=(-1.718, -0.236, 7.674) displacement=(0.000, 0.000, 0.000) travelCm=0.0 estimatedTick=1169 desiredTick=1175 recordedTick=1169 resolvedTick=1168 unresolved=1 fixedHz=60.0 simulationHz=60 rttMs=54.0 batchesSent=1718 commandsSent=2725 sendFailures=0
[rubber-banding][host-input] time=116.793 interval=1.000 room=19 world=3 authority=3 entity=1 hostTick=1201 windowReceived=60 windowHeldFallback=0 windowNeutralFallback=0 pending=0 totalReceived=1201 totalHeldFallback=0 totalNeutralFallback=0
[rubber-banding][host-input] time=116.793 interval=1.000 room=19 world=3 authority=3 entity=2 hostTick=1201 windowReceived=56 windowHeldFallback=4 windowNeutralFallback=0 pending=1 totalReceived=979 totalHeldFallback=129 totalNeutralFallback=93
[rubber-banding][host-input] time=116.793 interval=1.000 room=19 world=3 authority=3 entity=3 hostTick=1201 windowReceived=4 windowHeldFallback=6 windowNeutralFallback=50 pending=0 totalReceived=72 totalHeldFallback=131 totalNeutralFallback=998
[rubber-banding][main-thread-host-simulation] time=116.960 ticks=61 tickRate=61.0 avgMs=0.685 maxMs=3.231 fixedHz=60.0 maximumDeltaMs=333.3 focused=0
[rubber-banding][main-thread-pump] time=117.112 fps=35.4 frames=36 frameMaxMs=33.3 tcpAvgMs=0.003 tcpMaxMs=0.004 udpAvgMs=0.486 udpMaxMs=1.336 otherAvgMs=0.017 otherMaxMs=0.103 updateAvgMs=0.506 updateMaxMs=1.384
[rubber-banding][main-thread-snapshot] time=117.198 packets=30 characterRecords=90 bodyRecords=0 avgMs=0.008 maxMs=0.013
[rubber-banding][udp-pump] time=117.284 frame=4825 focused=0 windowMs=1011.3 fps=34.6 packets=30 socketAvgMs=32.6 socketP95Ms=58.1 socketMaxMs=58.9 pumpAvgMs=33.7 pumpP95Ms=63.3 pumpMaxMs=65.9 queueDelayAvgMs=15.2 queueDelayP95Ms=32.6 queueDelayMaxMs=34.2 samePump=5 pumpBatchMax=2 queueDepthMax=5 frameMaxMs=33.3
[rubber-banding][local-input] time=117.284 role=host entity=1 fps=34.6 updates=35 moveUpdates=0 fixedCalls=61 commands=61 blockedFixed=0 sampleMove=(0.00, 0.00) commandMove=(0,0) movementEnabled=True stunned=False controllerEnabled=True grounded=True position=(-1.718, -0.236, 7.674) displacement=(0.000, 0.000, 0.000) travelCm=0.0 estimatedTick=1231 desiredTick=1236 recordedTick=1230 resolvedTick=1228 unresolved=2 fixedHz=60.0 simulationHz=60 rttMs=28.7 batchesSent=1746 commandsSent=2770 sendFailures=0
[rubber-banding][host-input] time=117.793 interval=1.000 room=19 world=3 authority=3 entity=1 hostTick=1261 windowReceived=60 windowHeldFallback=0 windowNeutralFallback=0 pending=0 totalReceived=1261 totalHeldFallback=0 totalNeutralFallback=0
[rubber-banding][host-input] time=117.793 interval=1.000 room=19 world=3 authority=3 entity=2 hostTick=1261 windowReceived=52 windowHeldFallback=8 windowNeutralFallback=0 pending=2 totalReceived=1031 totalHeldFallback=137 totalNeutralFallback=93
[rubber-banding][host-input] time=117.793 interval=1.000 room=19 world=3 authority=3 entity=3 hostTick=1261 windowReceived=5 windowHeldFallback=8 windowNeutralFallback=47 pending=0 totalReceived=77 totalHeldFallback=139 totalNeutralFallback=1045
[rubber-banding][main-thread-host-simulation] time=117.977 ticks=61 tickRate=61.0 avgMs=0.623 maxMs=1.390 fixedHz=60.0 maximumDeltaMs=333.3 focused=0
[rubber-banding][main-thread-pump] time=118.164 fps=35.2 frames=36 frameMaxMs=34.3 tcpAvgMs=0.003 tcpMaxMs=0.004 udpAvgMs=0.676 udpMaxMs=3.530 otherAvgMs=0.017 otherMaxMs=0.100 updateAvgMs=0.695 updateMaxMs=3.544
[rubber-banding][main-thread-snapshot] time=118.253 packets=32 characterRecords=96 bodyRecords=0 avgMs=0.007 maxMs=0.012
[rubber-banding][udp-pump] time=118.311 frame=4860 focused=0 windowMs=1027.0 fps=34.1 packets=32 socketAvgMs=33.1 socketP95Ms=58.6 socketMaxMs=58.9 pumpAvgMs=32.1 pumpP95Ms=59.0 pumpMaxMs=59.8 queueDelayAvgMs=13.2 queueDelayP95Ms=30.5 queueDelayMaxMs=31.5 samePump=4 pumpBatchMax=2 queueDepthMax=5 frameMaxMs=34.3
[rubber-banding][local-input] time=118.311 role=host entity=1 fps=34.1 updates=35 moveUpdates=0 fixedCalls=62 commands=62 blockedFixed=0 sampleMove=(0.00, 0.00) commandMove=(0,0) movementEnabled=True stunned=False controllerEnabled=True grounded=True position=(-1.718, -0.236, 7.674) displacement=(0.000, 0.000, 0.000) travelCm=0.0 estimatedTick=1291 desiredTick=1297 recordedTick=1292 resolvedTick=1292 unresolved=0 fixedHz=60.0 simulationHz=60 rttMs=58.4 batchesSent=1774 commandsSent=2812 sendFailures=0
[rubber-banding][host-input] time=118.793 interval=1.000 room=19 world=3 authority=3 entity=1 hostTick=1321 windowReceived=60 windowHeldFallback=0 windowNeutralFallback=0 pending=0 totalReceived=1321 totalHeldFallback=0 totalNeutralFallback=0
[rubber-banding][host-input] time=118.793 interval=1.000 room=19 world=3 authority=3 entity=2 hostTick=1321 windowReceived=51 windowHeldFallback=9 windowNeutralFallback=0 pending=0 totalReceived=1082 totalHeldFallback=146 totalNeutralFallback=93
[rubber-banding][host-input] time=118.793 interval=1.000 room=19 world=3 authority=3 entity=3 hostTick=1321 windowReceived=6 windowHeldFallback=9 windowNeutralFallback=45 pending=0 totalReceived=83 totalHeldFallback=148 totalNeutralFallback=1090
[rubber-banding][main-thread-host-simulation] time=118.994 ticks=61 tickRate=61.0 avgMs=0.660 maxMs=2.463 fixedHz=60.0 maximumDeltaMs=333.3 focused=0
[rubber-banding][main-thread-pump] time=119.218 fps=35.2 frames=36 frameMaxMs=33.5 tcpAvgMs=0.003 tcpMaxMs=0.004 udpAvgMs=0.477 udpMaxMs=1.071 otherAvgMs=0.020 otherMaxMs=0.127 updateAvgMs=0.500 updateMaxMs=1.138
[rubber-banding][main-thread-snapshot] time=119.314 packets=32 characterRecords=96 bodyRecords=0 avgMs=0.008 maxMs=0.014
[rubber-banding][udp-pump] time=119.314 frame=4894 focused=0 windowMs=1003.1 fps=33.9 packets=30 socketAvgMs=33.4 socketP95Ms=59.5 socketMaxMs=60.5 pumpAvgMs=33.4 pumpP95Ms=64.2 pumpMaxMs=88.0 queueDelayAvgMs=13.6 queueDelayP95Ms=33.3 queueDelayMaxMs=33.6 samePump=5 pumpBatchMax=2 queueDepthMax=6 frameMaxMs=33.5
[rubber-banding][local-input] time=119.314 role=host entity=1 fps=33.9 updates=34 moveUpdates=0 fixedCalls=60 commands=60 blockedFixed=0 sampleMove=(0.00, 0.00) commandMove=(0,0) movementEnabled=True stunned=False controllerEnabled=True grounded=True position=(-1.718, -0.236, 7.674) displacement=(0.000, 0.000, 0.000) travelCm=0.0 estimatedTick=1351 desiredTick=1357 recordedTick=1352 resolvedTick=1352 unresolved=0 fixedHz=60.0 simulationHz=60 rttMs=63.8 batchesSent=1800 commandsSent=2852 sendFailures=0
[rubber-banding][host-input] time=119.793 interval=1.000 room=19 world=3 authority=3 entity=1 hostTick=1381 windowReceived=60 windowHeldFallback=0 windowNeutralFallback=0 pending=0 totalReceived=1381 totalHeldFallback=0 totalNeutralFallback=0
[rubber-banding][host-input] time=119.793 interval=1.000 room=19 world=3 authority=3 entity=2 hostTick=1381 windowReceived=51 windowHeldFallback=9 windowNeutralFallback=0 pending=0 totalReceived=1133 totalHeldFallback=155 totalNeutralFallback=93
[rubber-banding][host-input] time=119.793 interval=1.000 room=19 world=3 authority=3 entity=3 hostTick=1381 windowReceived=6 windowHeldFallback=9 windowNeutralFallback=45 pending=0 totalReceived=89 totalHeldFallback=157 totalNeutralFallback=1135
[rubber-banding][main-thread-host-simulation] time=120.010 ticks=61 tickRate=61.0 avgMs=0.696 maxMs=3.222 fixedHz=60.0 maximumDeltaMs=333.3 focused=0
[rubber-banding][main-thread-pump] time=120.270 fps=34.3 frames=35 frameMaxMs=33.0 tcpAvgMs=0.003 tcpMaxMs=0.004 udpAvgMs=0.523 udpMaxMs=2.315 otherAvgMs=0.021 otherMaxMs=0.180 updateAvgMs=0.547 updateMaxMs=2.331
[rubber-banding][main-thread-snapshot] time=120.328 packets=30 characterRecords=90 bodyRecords=0 avgMs=0.007 maxMs=0.012
[rubber-banding][udp-pump] time=120.328 frame=4928 focused=0 windowMs=1013.4 fps=33.5 packets=30 socketAvgMs=33.8 socketP95Ms=58.6 socketMaxMs=62.3 pumpAvgMs=33.8 pumpP95Ms=63.0 pumpMaxMs=87.9 queueDelayAvgMs=15.5 queueDelayP95Ms=32.4 queueDelayMaxMs=32.8 samePump=6 pumpBatchMax=2 queueDepthMax=5 frameMaxMs=33.0
[rubber-banding][local-input] time=120.328 role=host entity=1 fps=33.5 updates=34 moveUpdates=0 fixedCalls=61 commands=61 blockedFixed=0 sampleMove=(0.00, 0.00) commandMove=(0,0) movementEnabled=True stunned=False controllerEnabled=True grounded=True position=(-1.718, -0.236, 7.674) displacement=(0.000, 0.000, 0.000) travelCm=0.0 estimatedTick=1412 desiredTick=1418 recordedTick=1413 resolvedTick=1412 unresolved=1 fixedHz=60.0 simulationHz=60 rttMs=58.7 batchesSent=1825 commandsSent=2893 sendFailures=0
[rubber-banding][host-input] time=120.793 interval=1.000 room=19 world=3 authority=3 entity=1 hostTick=1441 windowReceived=60 windowHeldFallback=0 windowNeutralFallback=0 pending=0 totalReceived=1441 totalHeldFallback=0 totalNeutralFallback=0
[rubber-banding][host-input] time=120.793 interval=1.000 room=19 world=3 authority=3 entity=2 hostTick=1441 windowReceived=52 windowHeldFallback=8 windowNeutralFallback=0 pending=1 totalReceived=1185 totalHeldFallback=163 totalNeutralFallback=93
[rubber-banding][host-input] time=120.793 interval=1.000 room=19 world=3 authority=3 entity=3 hostTick=1441 windowReceived=2 windowHeldFallback=3 windowNeutralFallback=55 pending=0 totalReceived=91 totalHeldFallback=160 totalNeutralFallback=1190
[rubber-banding][main-thread-host-simulation] time=121.027 ticks=61 tickRate=61.0 avgMs=0.727 maxMs=2.978 fixedHz=60.0 maximumDeltaMs=333.3 focused=0
[rubber-banding][main-thread-pump] time=121.309 fps=35.6 frames=36 frameMaxMs=33.0 tcpAvgMs=0.003 tcpMaxMs=0.004 udpAvgMs=0.495 udpMaxMs=1.072 otherAvgMs=0.018 otherMaxMs=0.101 updateAvgMs=0.516 updateMaxMs=1.097
[rubber-banding][main-thread-snapshot] time=121.338 packets=31 characterRecords=93 bodyRecords=0 avgMs=0.007 maxMs=0.013
[rubber-banding][udp-pump] time=121.338 frame=4963 focused=0 windowMs=1010.2 fps=34.6 packets=30 socketAvgMs=33.7 socketP95Ms=57.1 socketMaxMs=57.5 pumpAvgMs=33.7 pumpP95Ms=59.2 pumpMaxMs=61.3 queueDelayAvgMs=14.2 queueDelayP95Ms=31.3 queueDelayMaxMs=32.2 samePump=7 pumpBatchMax=2 queueDepthMax=5 frameMaxMs=33.0
[rubber-banding][local-input] time=121.338 role=host entity=1 fps=34.6 updates=35 moveUpdates=0 fixedCalls=60 commands=60 blockedFixed=0 sampleMove=(0.00, 0.00) commandMove=(0,0) movementEnabled=True stunned=False controllerEnabled=True grounded=True position=(-1.718, -0.236, 7.674) displacement=(0.000, 0.000, 0.000) travelCm=0.0 estimatedTick=1474 desiredTick=1479 recordedTick=1473 resolvedTick=1472 unresolved=1 fixedHz=60.0 simulationHz=60 rttMs=29.5 batchesSent=1849 commandsSent=2935 sendFailures=0
[rubber-banding][host-input] time=121.793 interval=1.000 room=19 world=3 authority=3 entity=1 hostTick=1501 windowReceived=60 windowHeldFallback=0 windowNeutralFallback=0 pending=0 totalReceived=1501 totalHeldFallback=0 totalNeutralFallback=0
[rubber-banding][host-input] time=121.793 interval=1.000 room=19 world=3 authority=3 entity=2 hostTick=1501 windowReceived=56 windowHeldFallback=4 windowNeutralFallback=0 pending=2 totalReceived=1241 totalHeldFallback=167 totalNeutralFallback=93
[rubber-banding][host-input] time=121.793 interval=1.000 room=19 world=3 authority=3 entity=3 hostTick=1501 windowReceived=4 windowHeldFallback=4 windowNeutralFallback=52 pending=0 totalReceived=95 totalHeldFallback=164 totalNeutralFallback=1242
[rubber-banding][main-thread-host-simulation] time=122.043 ticks=61 tickRate=61.0 avgMs=0.684 maxMs=2.466 fixedHz=60.0 maximumDeltaMs=333.3 focused=0
[rubber-banding][udp-pump] time=122.359 frame=5000 focused=0 windowMs=1021.4 fps=36.2 packets=31 socketAvgMs=33.1 socketP95Ms=55.9 socketMaxMs=56.7 pumpAvgMs=32.9 pumpP95Ms=58.5 pumpMaxMs=60.6 queueDelayAvgMs=16.5 queueDelayP95Ms=30.5 queueDelayMaxMs=30.6 samePump=2 pumpBatchMax=2 queueDepthMax=5 frameMaxMs=30.6
[rubber-banding][main-thread-pump] time=122.359 fps=37.2 frames=38 frameMaxMs=30.6 tcpAvgMs=0.003 tcpMaxMs=0.003 udpAvgMs=0.561 udpMaxMs=4.122 otherAvgMs=0.017 otherMaxMs=0.155 updateAvgMs=0.581 updateMaxMs=4.138
[rubber-banding][local-input] time=122.359 role=host entity=1 fps=36.2 updates=37 moveUpdates=0 fixedCalls=61 commands=61 blockedFixed=0 sampleMove=(0.00, 0.00) commandMove=(0,0) movementEnabled=True stunned=False controllerEnabled=True grounded=True position=(-1.718, -0.236, 7.674) displacement=(0.000, 0.000, 0.000) travelCm=0.0 estimatedTick=1534 desiredTick=1540 recordedTick=1534 resolvedTick=1534 unresolved=0 fixedHz=60.0 simulationHz=60 rttMs=53.2 batchesSent=1878 commandsSent=2981 sendFailures=0
[rubber-banding][main-thread-snapshot] time=122.388 packets=32 characterRecords=96 bodyRecords=0 avgMs=0.007 maxMs=0.016
[rubber-banding][host-input] time=122.793 interval=1.000 room=19 world=3 authority=3 entity=1 hostTick=1561 windowReceived=60 windowHeldFallback=0 windowNeutralFallback=0 pending=0 totalReceived=1561 totalHeldFallback=0 totalNeutralFallback=0
[rubber-banding][host-input] time=122.793 interval=1.000 room=19 world=3 authority=3 entity=2 hostTick=1561 windowReceived=53 windowHeldFallback=7 windowNeutralFallback=0 pending=0 totalReceived=1294 totalHeldFallback=174 totalNeutralFallback=93
[rubber-banding][host-input] time=122.793 interval=1.000 room=19 world=3 authority=3 entity=3 hostTick=1561 windowReceived=4 windowHeldFallback=9 windowNeutralFallback=47 pending=0 totalReceived=99 totalHeldFallback=173 totalNeutralFallback=1289
[rubber-banding][main-thread-host-simulation] time=123.060 ticks=61 tickRate=61.0 avgMs=0.741 maxMs=3.807 fixedHz=60.0 maximumDeltaMs=333.3 focused=0
[rubber-banding][udp-pump] time=123.383 frame=5036 focused=0 windowMs=1023.3 fps=35.2 packets=30 socketAvgMs=32.9 socketP95Ms=56.2 socketMaxMs=56.3 pumpAvgMs=34.1 pumpP95Ms=58.5 pumpMaxMs=62.2 queueDelayAvgMs=13.3 queueDelayP95Ms=33.1 queueDelayMaxMs=36.1 samePump=2 pumpBatchMax=2 queueDepthMax=5 frameMaxMs=32.9
[rubber-banding][local-input] time=123.383 role=host entity=1 fps=35.2 updates=36 moveUpdates=0 fixedCalls=62 commands=62 blockedFixed=0 sampleMove=(0.00, 0.00) commandMove=(0,0) movementEnabled=True stunned=False controllerEnabled=True grounded=True position=(-1.718, -0.236, 7.674) displacement=(0.000, 0.000, 0.000) travelCm=0.0 estimatedTick=1595 desiredTick=1601 recordedTick=1596 resolvedTick=1594 unresolved=2 fixedHz=60.0 simulationHz=60 rttMs=63.6 batchesSent=1902 commandsSent=3019 sendFailures=0
[rubber-banding][main-thread-pump] time=123.409 fps=36.2 frames=37 frameMaxMs=34.1 tcpAvgMs=0.003 tcpMaxMs=0.006 udpAvgMs=0.616 udpMaxMs=3.491 otherAvgMs=0.017 otherMaxMs=0.068 updateAvgMs=0.638 updateMaxMs=3.511
[rubber-banding][main-thread-snapshot] time=123.439 packets=31 characterRecords=93 bodyRecords=0 avgMs=0.008 maxMs=0.011
[rubber-banding][host-input] time=123.793 interval=1.000 room=19 world=3 authority=3 entity=1 hostTick=1621 windowReceived=60 windowHeldFallback=0 windowNeutralFallback=0 pending=0 totalReceived=1621 totalHeldFallback=0 totalNeutralFallback=0
[rubber-banding][host-input] time=123.793 interval=1.000 room=19 world=3 authority=3 entity=2 hostTick=1621 windowReceived=52 windowHeldFallback=8 windowNeutralFallback=0 pending=2 totalReceived=1346 totalHeldFallback=182 totalNeutralFallback=93
[rubber-banding][host-input] time=123.793 interval=1.000 room=19 world=3 authority=3 entity=3 hostTick=1621 windowReceived=2 windowHeldFallback=3 windowNeutralFallback=55 pending=0 totalReceived=101 totalHeldFallback=176 totalNeutralFallback=1344
[rubber-banding][main-thread-host-simulation] time=124.077 ticks=61 tickRate=61.0 avgMs=0.677 maxMs=2.517 fixedHz=60.0 maximumDeltaMs=333.3 focused=0
[rubber-banding][udp-pump] time=124.392 frame=5071 focused=0 windowMs=1009.8 fps=34.7 packets=30 socketAvgMs=33.8 socketP95Ms=56.6 socketMaxMs=57.7 pumpAvgMs=32.8 pumpP95Ms=59.5 pumpMaxMs=90.0 queueDelayAvgMs=11.5 queueDelayP95Ms=32.9 queueDelayMaxMs=33.6 samePump=5 pumpBatchMax=2 queueDepthMax=4 frameMaxMs=33.3
[rubber-banding][local-input] time=124.392 role=host entity=1 fps=34.7 updates=35 moveUpdates=0 fixedCalls=60 commands=60 blockedFixed=0 sampleMove=(0.00, 0.00) commandMove=(0,0) movementEnabled=True stunned=False controllerEnabled=True grounded=True position=(-1.718, -0.236, 7.674) displacement=(0.000, 0.000, 0.000) travelCm=0.0 estimatedTick=1657 desiredTick=1662 recordedTick=1656 resolvedTick=1654 unresolved=2 fixedHz=60.0 simulationHz=60 rttMs=29.7 batchesSent=1929 commandsSent=3061 sendFailures=0
[rubber-banding][main-thread-pump] time=124.450 fps=35.6 frames=36 frameMaxMs=33.3 tcpAvgMs=0.003 tcpMaxMs=0.004 udpAvgMs=0.565 udpMaxMs=2.217 otherAvgMs=0.018 otherMaxMs=0.151 updateAvgMs=0.587 updateMaxMs=2.231
[rubber-banding][main-thread-snapshot] time=124.504 packets=32 characterRecords=96 bodyRecords=0 avgMs=0.007 maxMs=0.012
[rubber-banding][host-input] time=124.793 interval=1.000 room=19 world=3 authority=3 entity=1 hostTick=1681 windowReceived=60 windowHeldFallback=0 windowNeutralFallback=0 pending=0 totalReceived=1681 totalHeldFallback=0 totalNeutralFallback=0
[rubber-banding][host-input] time=124.793 interval=1.000 room=19 world=3 authority=3 entity=2 hostTick=1681 windowReceived=56 windowHeldFallback=4 windowNeutralFallback=0 pending=1 totalReceived=1402 totalHeldFallback=186 totalNeutralFallback=93
[rubber-banding][host-input] time=124.793 interval=1.000 room=19 world=3 authority=3 entity=3 hostTick=1681 windowReceived=6 windowHeldFallback=8 windowNeutralFallback=46 pending=0 totalReceived=107 totalHeldFallback=184 totalNeutralFallback=1390
[rubber-banding][main-thread-host-simulation] time=125.094 ticks=61 tickRate=61.0 avgMs=0.629 maxMs=3.729 fixedHz=60.0 maximumDeltaMs=333.3 focused=0
[rubber-banding][udp-pump] time=125.399 frame=5107 focused=0 windowMs=1006.6 fps=35.8 packets=31 socketAvgMs=33.3 socketP95Ms=54.9 socketMaxMs=56.2 pumpAvgMs=33.3 pumpP95Ms=80.6 pumpMaxMs=84.3 queueDelayAvgMs=14.5 queueDelayP95Ms=30.6 queueDelayMaxMs=31.1 samePump=9 pumpBatchMax=2 queueDepthMax=6 frameMaxMs=30.9
[rubber-banding][local-input] time=125.399 role=host entity=1 fps=35.8 updates=36 moveUpdates=0 fixedCalls=61 commands=61 blockedFixed=0 sampleMove=(0.00, 0.00) commandMove=(0,0) movementEnabled=True stunned=False controllerEnabled=True grounded=True position=(-1.718, -0.236, 7.674) displacement=(0.000, 0.000, 0.000) travelCm=0.0 estimatedTick=1716 desiredTick=1722 recordedTick=1717 resolvedTick=1716 unresolved=1 fixedHz=60.0 simulationHz=60 rttMs=51.9 batchesSent=1955 commandsSent=3106 sendFailures=0
[rubber-banding][main-thread-pump] time=125.488 fps=36.6 frames=37 frameMaxMs=30.9 tcpAvgMs=0.003 tcpMaxMs=0.004 udpAvgMs=0.574 udpMaxMs=4.133 otherAvgMs=0.018 otherMaxMs=0.099 updateAvgMs=0.595 updateMaxMs=4.154
[rubber-banding][main-thread-snapshot] time=125.541 packets=31 characterRecords=93 bodyRecords=0 avgMs=0.007 maxMs=0.012
[rubber-banding][host-input] time=125.793 interval=1.000 room=19 world=3 authority=3 entity=1 hostTick=1741 windowReceived=60 windowHeldFallback=0 windowNeutralFallback=0 pending=0 totalReceived=1741 totalHeldFallback=0 totalNeutralFallback=0
[rubber-banding][host-input] time=125.793 interval=1.000 room=19 world=3 authority=3 entity=2 hostTick=1741 windowReceived=50 windowHeldFallback=9 windowNeutralFallback=1 pending=2 totalReceived=1452 totalHeldFallback=195 totalNeutralFallback=94
[rubber-banding][host-input] time=125.793 interval=1.000 room=19 world=3 authority=3 entity=3 hostTick=1741 windowReceived=7 windowHeldFallback=15 windowNeutralFallback=38 pending=0 totalReceived=114 totalHeldFallback=199 totalNeutralFallback=1428
[rubber-banding][main-thread-host-simulation] time=126.110 ticks=61 tickRate=61.0 avgMs=0.655 maxMs=1.538 fixedHz=60.0 maximumDeltaMs=333.3 focused=0
[rubber-banding][udp-pump] time=126.403 frame=5142 focused=0 windowMs=1004.3 fps=34.8 packets=30 socketAvgMs=33.5 socketP95Ms=58.8 socketMaxMs=64.5 pumpAvgMs=33.5 pumpP95Ms=60.2 pumpMaxMs=64.9 queueDelayAvgMs=9.2 queueDelayP95Ms=29.6 queueDelayMaxMs=29.6 samePump=3 pumpBatchMax=2 queueDepthMax=5 frameMaxMs=34.3
[rubber-banding][local-input] time=126.403 role=host entity=1 fps=34.8 updates=35 moveUpdates=0 fixedCalls=60 commands=60 blockedFixed=0 sampleMove=(0.00, 0.00) commandMove=(0,0) movementEnabled=True stunned=False controllerEnabled=True grounded=True position=(-1.718, -0.236, 7.674) displacement=(0.000, 0.000, 0.000) travelCm=0.0 estimatedTick=1777 desiredTick=1782 recordedTick=1777 resolvedTick=1776 unresolved=1 fixedHz=60.0 simulationHz=60 rttMs=30.0 batchesSent=1979 commandsSent=3139 sendFailures=0
[rubber-banding][main-thread-pump] time=126.523 fps=35.7 frames=36 frameMaxMs=34.3 tcpAvgMs=0.003 tcpMaxMs=0.005 udpAvgMs=0.581 udpMaxMs=3.029 otherAvgMs=0.016 otherMaxMs=0.068 updateAvgMs=0.601 updateMaxMs=3.046
[rubber-banding][main-thread-snapshot] time=126.610 packets=32 characterRecords=96 bodyRecords=0 avgMs=0.008 maxMs=0.018
[rubber-banding][host-input] time=126.793 interval=1.000 room=19 world=3 authority=3 entity=1 hostTick=1801 windowReceived=60 windowHeldFallback=0 windowNeutralFallback=0 pending=0 totalReceived=1801 totalHeldFallback=0 totalNeutralFallback=0
[rubber-banding][host-input] time=126.793 interval=1.000 room=19 world=3 authority=3 entity=2 hostTick=1801 windowReceived=52 windowHeldFallback=8 windowNeutralFallback=0 pending=0 totalReceived=1504 totalHeldFallback=203 totalNeutralFallback=94
[rubber-banding][host-input] time=126.793 interval=1.000 room=19 world=3 authority=3 entity=3 hostTick=1801 windowReceived=1 windowHeldFallback=2 windowNeutralFallback=57 pending=0 totalReceived=115 totalHeldFallback=201 totalNeutralFallback=1485
[rubber-banding][main-thread-host-simulation] time=127.127 ticks=61 tickRate=61.0 avgMs=0.682 maxMs=2.835 fixedHz=60.0 maximumDeltaMs=333.3 focused=0
[rubber-banding][udp-pump] time=127.413 frame=5176 focused=0 windowMs=1009.3 fps=33.7 packets=31 socketAvgMs=32.6 socketP95Ms=60.0 socketMaxMs=60.7 pumpAvgMs=32.6 pumpP95Ms=61.6 pumpMaxMs=63.2 queueDelayAvgMs=13.3 queueDelayP95Ms=32.4 queueDelayMaxMs=34.6 samePump=4 pumpBatchMax=2 queueDepthMax=5 frameMaxMs=33.8
[rubber-banding][local-input] time=127.413 role=host entity=1 fps=33.7 updates=34 moveUpdates=0 fixedCalls=61 commands=61 blockedFixed=0 sampleMove=(0.00, 0.00) commandMove=(0,0) movementEnabled=True stunned=False controllerEnabled=True grounded=True position=(-1.718, -0.236, 7.674) displacement=(0.000, 0.000, 0.000) travelCm=0.0 estimatedTick=1837 desiredTick=1843 recordedTick=1838 resolvedTick=1838 unresolved=0 fixedHz=60.0 simulationHz=60 rttMs=55.5 batchesSent=2009 commandsSent=3183 sendFailures=0
[rubber-banding][main-thread-pump] time=127.559 fps=34.8 frames=35 frameMaxMs=33.8 tcpAvgMs=0.003 tcpMaxMs=0.004 udpAvgMs=0.670 udpMaxMs=2.877 otherAvgMs=0.017 otherMaxMs=0.105 updateAvgMs=0.690 updateMaxMs=2.894
[rubber-banding][main-thread-snapshot] time=127.645 packets=31 characterRecords=93 bodyRecords=0 avgMs=0.008 maxMs=0.013
[rubber-banding][host-input] time=127.793 interval=1.000 room=19 world=3 authority=3 entity=1 hostTick=1861 windowReceived=60 windowHeldFallback=0 windowNeutralFallback=0 pending=0 totalReceived=1861 totalHeldFallback=0 totalNeutralFallback=0
[rubber-banding][host-input] time=127.793 interval=1.000 room=19 world=3 authority=3 entity=2 hostTick=1861 windowReceived=49 windowHeldFallback=11 windowNeutralFallback=0 pending=0 totalReceived=1553 totalHeldFallback=214 totalNeutralFallback=94
[rubber-banding][host-input] time=127.793 interval=1.000 room=19 world=3 authority=3 entity=3 hostTick=1861 windowReceived=4 windowHeldFallback=6 windowNeutralFallback=50 pending=0 totalReceived=119 totalHeldFallback=207 totalNeutralFallback=1535
[rubber-banding][main-thread-host-simulation] time=128.143 ticks=61 tickRate=61.0 avgMs=0.719 maxMs=3.747 fixedHz=60.0 maximumDeltaMs=333.3 focused=0
[rubber-banding][udp-pump] time=128.431 frame=5211 focused=0 windowMs=1017.9 fps=34.4 packets=30 socketAvgMs=33.9 socketP95Ms=57.7 socketMaxMs=57.9 pumpAvgMs=33.9 pumpP95Ms=61.2 pumpMaxMs=61.5 queueDelayAvgMs=13.3 queueDelayP95Ms=30.4 queueDelayMaxMs=31.4 samePump=2 pumpBatchMax=2 queueDepthMax=4 frameMaxMs=33.5
[rubber-banding][local-input] time=128.431 role=host entity=1 fps=34.4 updates=35 moveUpdates=0 fixedCalls=61 commands=61 blockedFixed=0 sampleMove=(0.00, 0.00) commandMove=(0,0) movementEnabled=True stunned=False controllerEnabled=True grounded=True position=(-1.718, -0.236, 7.674) displacement=(0.000, 0.000, 0.000) travelCm=0.0 estimatedTick=1899 desiredTick=1904 recordedTick=1899 resolvedTick=1898 unresolved=1 fixedHz=60.0 simulationHz=60 rttMs=26.7 batchesSent=2036 commandsSent=3222 sendFailures=0
[rubber-banding][main-thread-pump] time=128.595 fps=35.8 frames=36 frameMaxMs=33.5 tcpAvgMs=0.003 tcpMaxMs=0.004 udpAvgMs=0.486 udpMaxMs=1.225 otherAvgMs=0.025 otherMaxMs=0.223 updateAvgMs=0.514 updateMaxMs=1.255
[rubber-banding][main-thread-snapshot] time=128.651 packets=30 characterRecords=90 bodyRecords=0 avgMs=0.008 maxMs=0.012
[rubber-banding][host-input] time=128.794 interval=1.000 room=19 world=3 authority=3 entity=1 hostTick=1921 windowReceived=60 windowHeldFallback=0 windowNeutralFallback=0 pending=0 totalReceived=1921 totalHeldFallback=0 totalNeutralFallback=0
[rubber-banding][host-input] time=128.794 interval=1.000 room=19 world=3 authority=3 entity=2 hostTick=1921 windowReceived=52 windowHeldFallback=8 windowNeutralFallback=0 pending=0 totalReceived=1605 totalHeldFallback=222 totalNeutralFallback=94
[rubber-banding][host-input] time=128.794 interval=1.000 room=19 world=3 authority=3 entity=3 hostTick=1921 windowReceived=6 windowHeldFallback=10 windowNeutralFallback=44 pending=0 totalReceived=125 totalHeldFallback=217 totalNeutralFallback=1579
[rubber-banding][main-thread-host-simulation] time=129.160 ticks=61 tickRate=61.0 avgMs=0.692 maxMs=2.786 fixedHz=60.0 maximumDeltaMs=333.3 focused=0
[rubber-banding][udp-pump] time=129.438 frame=5247 focused=0 windowMs=1007.1 fps=35.7 packets=30 socketAvgMs=33.6 socketP95Ms=59.6 socketMaxMs=59.9 pumpAvgMs=33.6 pumpP95Ms=59.3 pumpMaxMs=59.9 queueDelayAvgMs=12.2 queueDelayP95Ms=30.4 queueDelayMaxMs=30.5 samePump=4 pumpBatchMax=2 queueDepthMax=5 frameMaxMs=31.6
[rubber-banding][local-input] time=129.438 role=host entity=1 fps=35.7 updates=36 moveUpdates=0 fixedCalls=60 commands=60 blockedFixed=0 sampleMove=(0.00, 0.00) commandMove=(0,0) movementEnabled=True stunned=False controllerEnabled=True grounded=True position=(-1.718, -0.236, 7.674) displacement=(0.000, 0.000, 0.000) travelCm=0.0 estimatedTick=1958 desiredTick=1964 recordedTick=1959 resolvedTick=1958 unresolved=1 fixedHz=60.0 simulationHz=60 rttMs=53.9 batchesSent=2060 commandsSent=3257 sendFailures=0
[rubber-banding][main-thread-pump] time=129.638 fps=36.4 frames=37 frameMaxMs=31.6 tcpAvgMs=0.003 tcpMaxMs=0.004 udpAvgMs=0.590 udpMaxMs=2.718 otherAvgMs=0.022 otherMaxMs=0.278 updateAvgMs=0.615 updateMaxMs=2.735
[rubber-banding][main-thread-snapshot] time=129.693 packets=32 characterRecords=96 bodyRecords=0 avgMs=0.008 maxMs=0.011
[rubber-banding][host-input] time=129.794 interval=1.000 room=19 world=3 authority=3 entity=1 hostTick=1981 windowReceived=60 windowHeldFallback=0 windowNeutralFallback=0 pending=0 totalReceived=1981 totalHeldFallback=0 totalNeutralFallback=0
[rubber-banding][host-input] time=129.794 interval=1.000 room=19 world=3 authority=3 entity=2 hostTick=1981 windowReceived=53 windowHeldFallback=7 windowNeutralFallback=0 pending=0 totalReceived=1658 totalHeldFallback=229 totalNeutralFallback=94
[rubber-banding][host-input] time=129.794 interval=1.000 room=19 world=3 authority=3 entity=3 hostTick=1981 windowReceived=5 windowHeldFallback=8 windowNeutralFallback=47 pending=0 totalReceived=130 totalHeldFallback=225 totalNeutralFallback=1626
[rubber-banding][main-thread-host-simulation] time=130.177 ticks=61 tickRate=61.0 avgMs=0.649 maxMs=1.634 fixedHz=60.0 maximumDeltaMs=333.3 focused=0
[rubber-banding][udp-pump] time=130.443 frame=5283 focused=0 windowMs=1005.4 fps=35.8 packets=30 socketAvgMs=32.6 socketP95Ms=56.4 socketMaxMs=57.8 pumpAvgMs=33.5 pumpP95Ms=56.2 pumpMaxMs=56.9 queueDelayAvgMs=13.0 queueDelayP95Ms=30.2 queueDelayMaxMs=31.0 samePump=1 pumpBatchMax=2 queueDepthMax=5 frameMaxMs=31.5
[rubber-banding][local-input] time=130.443 role=host entity=1 fps=35.8 updates=36 moveUpdates=0 fixedCalls=60 commands=60 blockedFixed=0 sampleMove=(0.00, 0.00) commandMove=(0,0) movementEnabled=True stunned=False controllerEnabled=True grounded=True position=(-1.718, -0.236, 7.674) displacement=(0.000, 0.000, 0.000) travelCm=0.0 estimatedTick=2019 desiredTick=2025 recordedTick=2019 resolvedTick=2018 unresolved=1 fixedHz=60.0 simulationHz=60 rttMs=58.3 batchesSent=2087 commandsSent=3298 sendFailures=0
[rubber-banding][main-thread-pump] time=130.672 fps=36.7 frames=37 frameMaxMs=31.8 tcpAvgMs=0.003 tcpMaxMs=0.004 udpAvgMs=0.554 udpMaxMs=2.988 otherAvgMs=0.018 otherMaxMs=0.089 updateAvgMs=0.575 updateMaxMs=3.003
[rubber-banding][main-thread-snapshot] time=130.788 packets=32 characterRecords=96 bodyRecords=0 avgMs=0.008 maxMs=0.012
[rubber-banding][host-input] time=130.794 interval=1.000 room=19 world=3 authority=3 entity=1 hostTick=2041 windowReceived=60 windowHeldFallback=0 windowNeutralFallback=0 pending=0 totalReceived=2041 totalHeldFallback=0 totalNeutralFallback=0
[rubber-banding][host-input] time=130.794 interval=1.000 room=19 world=3 authority=3 entity=2 hostTick=2041 windowReceived=52 windowHeldFallback=8 windowNeutralFallback=0 pending=0 totalReceived=1710 totalHeldFallback=237 totalNeutralFallback=94
[rubber-banding][host-input] time=130.794 interval=1.000 room=19 world=3 authority=3 entity=3 hostTick=2041 windowReceived=4 windowHeldFallback=6 windowNeutralFallback=50 pending=0 totalReceived=134 totalHeldFallback=231 totalNeutralFallback=1676
[rubber-banding][main-thread-host-simulation] time=131.194 ticks=61 tickRate=61.0 avgMs=0.702 maxMs=2.087 fixedHz=60.0 maximumDeltaMs=333.3 focused=0
[rubber-banding][udp-pump] time=131.470 frame=5318 focused=0 windowMs=1026.8 fps=34.1 packets=31 socketAvgMs=34.0 socketP95Ms=57.5 socketMaxMs=59.6 pumpAvgMs=33.1 pumpP95Ms=60.4 pumpMaxMs=60.5 queueDelayAvgMs=12.2 queueDelayP95Ms=31.6 queueDelayMaxMs=33.6 samePump=4 pumpBatchMax=2 queueDepthMax=5 frameMaxMs=33.4
[rubber-banding][local-input] time=131.470 role=host entity=1 fps=34.1 updates=35 moveUpdates=0 fixedCalls=62 commands=62 blockedFixed=0 sampleMove=(0.00, 0.00) commandMove=(0,0) movementEnabled=True stunned=False controllerEnabled=True grounded=True position=(-1.718, -0.236, 7.674) displacement=(0.000, 0.000, 0.000) travelCm=0.0 estimatedTick=2080 desiredTick=2086 recordedTick=2081 resolvedTick=2080 unresolved=1 fixedHz=60.0 simulationHz=60 rttMs=57.5 batchesSent=2113 commandsSent=3335 sendFailures=0
[rubber-banding][main-thread-pump] time=131.719 fps=35.4 frames=36 frameMaxMs=33.4 tcpAvgMs=0.003 tcpMaxMs=0.005 udpAvgMs=0.657 udpMaxMs=3.196 otherAvgMs=0.019 otherMaxMs=0.131 updateAvgMs=0.679 updateMaxMs=3.214
[rubber-banding][host-input] time=131.794 interval=1.000 room=19 world=3 authority=3 entity=1 hostTick=2101 windowReceived=60 windowHeldFallback=0 windowNeutralFallback=0 pending=0 totalReceived=2101 totalHeldFallback=0 totalNeutralFallback=0
[rubber-banding][host-input] time=131.794 interval=1.000 room=19 world=3 authority=3 entity=2 hostTick=2101 windowReceived=54 windowHeldFallback=6 windowNeutralFallback=0 pending=0 totalReceived=1764 totalHeldFallback=243 totalNeutralFallback=94
[rubber-banding][host-input] time=131.794 interval=1.000 room=19 world=3 authority=3 entity=3 hostTick=2101 windowReceived=4 windowHeldFallback=8 windowNeutralFallback=48 pending=0 totalReceived=138 totalHeldFallback=239 totalNeutralFallback=1724
[rubber-banding][main-thread-snapshot] time=131.858 packets=32 characterRecords=96 bodyRecords=0 avgMs=0.010 maxMs=0.058
[rubber-banding][main-thread-host-simulation] time=132.210 ticks=61 tickRate=61.0 avgMs=0.655 maxMs=1.432 fixedHz=60.0 maximumDeltaMs=333.3 focused=0
[rubber-banding][udp-pump] time=132.493 frame=5354 focused=0 windowMs=1023.3 fps=35.2 packets=31 socketAvgMs=33.0 socketP95Ms=57.9 socketMaxMs=58.3 pumpAvgMs=33.0 pumpP95Ms=59.3 pumpMaxMs=59.5 queueDelayAvgMs=14.4 queueDelayP95Ms=30.0 queueDelayMaxMs=30.9 samePump=3 pumpBatchMax=2 queueDepthMax=5 frameMaxMs=30.9
[rubber-banding][local-input] time=132.493 role=host entity=1 fps=35.2 updates=36 moveUpdates=0 fixedCalls=61 commands=61 blockedFixed=0 sampleMove=(0.00, 0.00) commandMove=(0,0) movementEnabled=True stunned=False controllerEnabled=True grounded=True position=(-1.718, -0.236, 7.674) displacement=(0.000, 0.000, 0.000) travelCm=0.0 estimatedTick=2143 desiredTick=2148 recordedTick=2142 resolvedTick=2142 unresolved=0 fixedHz=60.0 simulationHz=60 rttMs=28.9 batchesSent=2140 commandsSent=3377 sendFailures=0
[rubber-banding][main-thread-pump] time=132.767 fps=36.3 frames=37 frameMaxMs=30.9 tcpAvgMs=0.004 tcpMaxMs=0.046 udpAvgMs=0.596 udpMaxMs=3.511 otherAvgMs=0.017 otherMaxMs=0.089 updateAvgMs=0.617 updateMaxMs=3.537
[rubber-banding][host-input] time=132.794 interval=1.000 room=19 world=3 authority=3 entity=1 hostTick=2161 windowReceived=60 windowHeldFallback=0 windowNeutralFallback=0 pending=0 totalReceived=2161 totalHeldFallback=0 totalNeutralFallback=0
[rubber-banding][host-input] time=132.794 interval=1.000 room=19 world=3 authority=3 entity=2 hostTick=2161 windowReceived=52 windowHeldFallback=8 windowNeutralFallback=0 pending=0 totalReceived=1816 totalHeldFallback=251 totalNeutralFallback=94
[rubber-banding][host-input] time=132.794 interval=1.000 room=19 world=3 authority=3 entity=3 hostTick=2161 windowReceived=6 windowHeldFallback=8 windowNeutralFallback=46 pending=0 totalReceived=144 totalHeldFallback=247 totalNeutralFallback=1770
[rubber-banding][main-thread-snapshot] time=132.885 packets=31 characterRecords=93 bodyRecords=0 avgMs=0.009 maxMs=0.027
[rubber-banding][main-thread-host-simulation] time=133.227 ticks=61 tickRate=61.0 avgMs=0.668 maxMs=1.447 fixedHz=60.0 maximumDeltaMs=333.3 focused=0
[rubber-banding][udp-pump] time=133.495 frame=5390 focused=0 windowMs=1001.9 fps=35.9 packets=30 socketAvgMs=33.4 socketP95Ms=56.6 socketMaxMs=56.6 pumpAvgMs=33.4 pumpP95Ms=58.3 pumpMaxMs=59.8 queueDelayAvgMs=11.8 queueDelayP95Ms=29.7 queueDelayMaxMs=29.7 samePump=5 pumpBatchMax=2 queueDepthMax=5 frameMaxMs=32.2
[rubber-banding][local-input] time=133.495 role=host entity=1 fps=35.9 updates=36 moveUpdates=0 fixedCalls=61 commands=61 blockedFixed=0 sampleMove=(0.00, 0.00) commandMove=(0,0) movementEnabled=True stunned=False controllerEnabled=True grounded=True position=(-1.718, -0.236, 7.674) displacement=(0.000, 0.000, 0.000) travelCm=0.0 estimatedTick=2203 desiredTick=2208 recordedTick=2203 resolvedTick=2202 unresolved=1 fixedHz=60.0 simulationHz=60 rttMs=27.6 batchesSent=2165 commandsSent=3415 sendFailures=0
[rubber-banding][host-input] time=133.794 interval=1.000 room=19 world=3 authority=3 entity=1 hostTick=2221 windowReceived=60 windowHeldFallback=0 windowNeutralFallback=0 pending=0 totalReceived=2221 totalHeldFallback=0 totalNeutralFallback=0
[rubber-banding][host-input] time=133.794 interval=1.000 room=19 world=3 authority=3 entity=2 hostTick=2221 windowReceived=50 windowHeldFallback=10 windowNeutralFallback=0 pending=1 totalReceived=1866 totalHeldFallback=261 totalNeutralFallback=94
[rubber-banding][host-input] time=133.794 interval=1.000 room=19 world=3 authority=3 entity=3 hostTick=2221 windowReceived=9 windowHeldFallback=14 windowNeutralFallback=37 pending=0 totalReceived=153 totalHeldFallback=261 totalNeutralFallback=1807
[rubber-banding][main-thread-pump] time=133.820 fps=37.1 frames=38 frameMaxMs=32.9 tcpAvgMs=0.003 tcpMaxMs=0.004 udpAvgMs=0.657 udpMaxMs=3.714 otherAvgMs=0.019 otherMaxMs=0.099 updateAvgMs=0.679 updateMaxMs=3.732
[rubber-banding][main-thread-snapshot] time=133.903 packets=31 characterRecords=93 bodyRecords=0 avgMs=0.008 maxMs=0.013
[rubber-banding][main-thread-host-simulation] time=134.244 ticks=61 tickRate=61.0 avgMs=0.721 maxMs=2.621 fixedHz=60.0 maximumDeltaMs=333.3 focused=0
[rubber-banding][udp-pump] time=134.511 frame=5427 focused=0 windowMs=1015.6 fps=36.4 packets=30 socketAvgMs=33.0 socketP95Ms=55.7 socketMaxMs=56.9 pumpAvgMs=33.9 pumpP95Ms=63.2 pumpMaxMs=81.2 queueDelayAvgMs=12.8 queueDelayP95Ms=30.7 queueDelayMaxMs=31.1 samePump=5 pumpBatchMax=2 queueDepthMax=4 frameMaxMs=30.9
[rubber-banding][local-input] time=134.511 role=host entity=1 fps=36.4 updates=37 moveUpdates=0 fixedCalls=61 commands=61 blockedFixed=0 sampleMove=(0.00, 0.00) commandMove=(0,0) movementEnabled=True stunned=False controllerEnabled=True grounded=True position=(-1.718, -0.236, 7.674) displacement=(0.000, 0.000, 0.000) travelCm=0.0 estimatedTick=2263 desiredTick=2269 recordedTick=2264 resolvedTick=2262 unresolved=2 fixedHz=60.0 simulationHz=60 rttMs=54.7 batchesSent=2189 commandsSent=3451 sendFailures=0
[rubber-banding][host-input] time=134.794 interval=1.000 room=19 world=3 authority=3 entity=1 hostTick=2281 windowReceived=60 windowHeldFallback=0 windowNeutralFallback=0 pending=0 totalReceived=2281 totalHeldFallback=0 totalNeutralFallback=0
[rubber-banding][host-input] time=134.794 interval=1.000 room=19 world=3 authority=3 entity=2 hostTick=2281 windowReceived=52 windowHeldFallback=7 windowNeutralFallback=1 pending=1 totalReceived=1918 totalHeldFallback=268 totalNeutralFallback=95
[rubber-banding][host-input] time=134.794 interval=1.000 room=19 world=3 authority=3 entity=3 hostTick=2281 windowReceived=7 windowHeldFallback=12 windowNeutralFallback=41 pending=0 totalReceived=160 totalHeldFallback=273 totalNeutralFallback=1848
[rubber-banding][main-thread-pump] time=134.872 fps=37.1 frames=38 frameMaxMs=30.9 tcpAvgMs=0.003 tcpMaxMs=0.004 udpAvgMs=0.574 udpMaxMs=4.017 otherAvgMs=0.017 otherMaxMs=0.042 updateAvgMs=0.594 updateMaxMs=4.038
[rubber-banding][main-thread-snapshot] time=134.960 packets=32 characterRecords=96 bodyRecords=0 avgMs=0.008 maxMs=0.013
[rubber-banding][main-thread-host-simulation] time=135.260 ticks=61 tickRate=61.0 avgMs=0.739 maxMs=3.984 fixedHz=60.0 maximumDeltaMs=333.3 focused=0
[rubber-banding][udp-pump] time=135.532 frame=5463 focused=0 windowMs=1021.0 fps=35.3 packets=31 socketAvgMs=33.8 socketP95Ms=57.1 socketMaxMs=57.2 pumpAvgMs=32.9 pumpP95Ms=57.9 pumpMaxMs=59.3 queueDelayAvgMs=12.7 queueDelayP95Ms=30.9 queueDelayMaxMs=31.2 samePump=4 pumpBatchMax=2 queueDepthMax=5 frameMaxMs=33.0
[rubber-banding][local-input] time=135.532 role=host entity=1 fps=35.3 updates=36 moveUpdates=0 fixedCalls=61 commands=61 blockedFixed=0 sampleMove=(0.00, 0.00) commandMove=(0,0) movementEnabled=True stunned=False controllerEnabled=True grounded=True position=(-1.718, -0.236, 7.674) displacement=(0.000, 0.000, 0.000) travelCm=0.0 estimatedTick=2325 desiredTick=2330 recordedTick=2325 resolvedTick=2324 unresolved=1 fixedHz=60.0 simulationHz=60 rttMs=27.1 batchesSent=2216 commandsSent=3491 sendFailures=0
[rubber-banding][host-input] time=135.794 interval=1.000 room=19 world=3 authority=3 entity=1 hostTick=2341 windowReceived=60 windowHeldFallback=0 windowNeutralFallback=0 pending=0 totalReceived=2341 totalHeldFallback=0 totalNeutralFallback=0
[rubber-banding][host-input] time=135.794 interval=1.000 room=19 world=3 authority=3 entity=2 hostTick=2341 windowReceived=51 windowHeldFallback=8 windowNeutralFallback=1 pending=2 totalReceived=1969 totalHeldFallback=276 totalNeutralFallback=96
[rubber-banding][host-input] time=135.794 interval=1.000 room=19 world=3 authority=3 entity=3 hostTick=2341 windowReceived=9 windowHeldFallback=14 windowNeutralFallback=37 pending=0 totalReceived=169 totalHeldFallback=287 totalNeutralFallback=1885
[rubber-banding][main-thread-pump] time=135.908 fps=35.7 frames=36 frameMaxMs=33.0 tcpAvgMs=0.003 tcpMaxMs=0.004 udpAvgMs=0.563 udpMaxMs=2.632 otherAvgMs=0.016 otherMaxMs=0.064 updateAvgMs=0.581 updateMaxMs=2.647
[rubber-banding][main-thread-snapshot] time=136.016 packets=32 characterRecords=96 bodyRecords=0 avgMs=0.008 maxMs=0.013
[rubber-banding][main-thread-host-simulation] time=136.277 ticks=61 tickRate=61.0 avgMs=0.719 maxMs=1.535 fixedHz=60.0 maximumDeltaMs=333.3 focused=0
[rubber-banding][udp-pump] time=136.555 frame=5499 focused=0 windowMs=1023.5 fps=35.2 packets=30 socketAvgMs=33.2 socketP95Ms=57.6 socketMaxMs=58.1 pumpAvgMs=33.2 pumpP95Ms=59.1 pumpMaxMs=60.6 queueDelayAvgMs=13.3 queueDelayP95Ms=32.3 queueDelayMaxMs=32.8 samePump=1 pumpBatchMax=2 queueDepthMax=5 frameMaxMs=32.4
[rubber-banding][local-input] time=136.555 role=host entity=1 fps=35.2 updates=36 moveUpdates=0 fixedCalls=61 commands=61 blockedFixed=0 sampleMove=(0.00, 0.00) commandMove=(0,0) movementEnabled=True stunned=False controllerEnabled=True grounded=True position=(-1.718, -0.236, 7.674) displacement=(0.000, 0.000, 0.000) travelCm=0.0 estimatedTick=2387 desiredTick=2392 recordedTick=2386 resolvedTick=2384 unresolved=2 fixedHz=60.0 simulationHz=60 rttMs=26.7 batchesSent=2244 commandsSent=3533 sendFailures=0
[rubber-banding][host-input] time=136.794 interval=1.000 room=19 world=3 authority=3 entity=1 hostTick=2401 windowReceived=60 windowHeldFallback=0 windowNeutralFallback=0 pending=0 totalReceived=2401 totalHeldFallback=0 totalNeutralFallback=0
[rubber-banding][host-input] time=136.794 interval=1.000 room=19 world=3 authority=3 entity=2 hostTick=2401 windowReceived=51 windowHeldFallback=9 windowNeutralFallback=0 pending=1 totalReceived=2020 totalHeldFallback=285 totalNeutralFallback=96
[rubber-banding][host-input] time=136.794 interval=1.000 room=19 world=3 authority=3 entity=3 hostTick=2401 windowReceived=1 windowHeldFallback=3 windowNeutralFallback=56 pending=0 totalReceived=170 totalHeldFallback=290 totalNeutralFallback=1941
[rubber-banding][main-thread-pump] time=136.949 fps=36.6 frames=37 frameMaxMs=32.4 tcpAvgMs=0.003 tcpMaxMs=0.004 udpAvgMs=0.656 udpMaxMs=3.502 otherAvgMs=0.020 otherMaxMs=0.135 updateAvgMs=0.680 updateMaxMs=3.533
[rubber-banding][main-thread-snapshot] time=137.120 packets=32 characterRecords=96 bodyRecords=0 avgMs=0.009 maxMs=0.018
[rubber-banding][main-thread-host-simulation] time=137.294 ticks=61 tickRate=61.0 avgMs=0.756 maxMs=3.233 fixedHz=60.0 maximumDeltaMs=333.3 focused=0
[rubber-banding][udp-pump] time=137.559 frame=5534 focused=0 windowMs=1003.7 fps=34.9 packets=31 socketAvgMs=33.3 socketP95Ms=57.5 socketMaxMs=58.7 pumpAvgMs=33.2 pumpP95Ms=59.3 pumpMaxMs=63.7 queueDelayAvgMs=11.7 queueDelayP95Ms=31.2 queueDelayMaxMs=33.4 samePump=5 pumpBatchMax=2 queueDepthMax=5 frameMaxMs=34.0
[rubber-banding][local-input] time=137.559 role=host entity=1 fps=34.9 updates=35 moveUpdates=0 fixedCalls=60 commands=60 blockedFixed=0 sampleMove=(0.00, 0.00) commandMove=(0,0) movementEnabled=True stunned=False controllerEnabled=True grounded=True position=(-1.718, -0.236, 7.674) displacement=(0.000, 0.000, 0.000) travelCm=0.0 estimatedTick=2447 desiredTick=2453 recordedTick=2446 resolvedTick=2446 unresolved=0 fixedHz=60.0 simulationHz=60 rttMs=34.0 batchesSent=2269 commandsSent=3569 sendFailures=0
[rubber-banding][host-input] time=137.794 interval=1.000 room=19 world=3 authority=3 entity=1 hostTick=2461 windowReceived=60 windowHeldFallback=0 windowNeutralFallback=0 pending=0 totalReceived=2461 totalHeldFallback=0 totalNeutralFallback=0
[rubber-banding][host-input] time=137.794 interval=1.000 room=19 world=3 authority=3 entity=2 hostTick=2461 windowReceived=45 windowHeldFallback=14 windowNeutralFallback=1 pending=0 totalReceived=2065 totalHeldFallback=299 totalNeutralFallback=97
[rubber-banding][host-input] time=137.794 interval=1.000 room=19 world=3 authority=3 entity=3 hostTick=2461 windowReceived=6 windowHeldFallback=9 windowNeutralFallback=45 pending=0 totalReceived=176 totalHeldFallback=299 totalNeutralFallback=1986
[rubber-banding][main-thread-pump] time=137.982 fps=34.8 frames=35 frameMaxMs=34.3 tcpAvgMs=0.003 tcpMaxMs=0.005 udpAvgMs=0.570 udpMaxMs=2.395 otherAvgMs=0.018 otherMaxMs=0.099 updateAvgMs=0.591 updateMaxMs=2.410
[rubber-banding][main-thread-snapshot] time=138.153 packets=31 characterRecords=93 bodyRecords=0 avgMs=0.008 maxMs=0.013
[rubber-banding][main-thread-host-simulation] time=138.310 ticks=61 tickRate=61.0 avgMs=0.680 maxMs=3.677 fixedHz=60.0 maximumDeltaMs=333.3 focused=0
[rubber-banding][udp-pump] time=138.584 frame=5569 focused=0 windowMs=1025.1 fps=34.1 packets=31 socketAvgMs=33.0 socketP95Ms=58.3 socketMaxMs=59.2 pumpAvgMs=33.1 pumpP95Ms=61.6 pumpMaxMs=61.7 queueDelayAvgMs=15.5 queueDelayP95Ms=32.0 queueDelayMaxMs=32.8 samePump=4 pumpBatchMax=2 queueDepthMax=5 frameMaxMs=34.3
[rubber-banding][local-input] time=138.584 role=host entity=1 fps=34.1 updates=35 moveUpdates=0 fixedCalls=62 commands=62 blockedFixed=0 sampleMove=(0.00, 0.00) commandMove=(0,0) movementEnabled=True stunned=False controllerEnabled=True grounded=True position=(-1.718, -0.236, 7.674) displacement=(0.000, 0.000, 0.000) travelCm=0.0 estimatedTick=2507 desiredTick=2513 recordedTick=2508 resolvedTick=2508 unresolved=0 fixedHz=60.0 simulationHz=60 rttMs=56.5 batchesSent=2297 commandsSent=3614 sendFailures=0
[rubber-banding][host-input] time=138.794 interval=1.000 room=19 world=3 authority=3 entity=1 hostTick=2521 windowReceived=60 windowHeldFallback=0 windowNeutralFallback=0 pending=0 totalReceived=2521 totalHeldFallback=0 totalNeutralFallback=0
[rubber-banding][host-input] time=138.794 interval=1.000 room=19 world=3 authority=3 entity=2 hostTick=2521 windowReceived=52 windowHeldFallback=8 windowNeutralFallback=0 pending=0 totalReceived=2117 totalHeldFallback=307 totalNeutralFallback=97
[rubber-banding][host-input] time=138.794 interval=1.000 room=19 world=3 authority=3 entity=3 hostTick=2521 windowReceived=7 windowHeldFallback=11 windowNeutralFallback=42 pending=0 totalReceived=183 totalHeldFallback=310 totalNeutralFallback=2028
[rubber-banding][main-thread-pump] time=139.027 fps=36.4 frames=37 frameMaxMs=32.3 tcpAvgMs=0.003 tcpMaxMs=0.004 udpAvgMs=0.522 udpMaxMs=1.362 otherAvgMs=0.016 otherMaxMs=0.030 updateAvgMs=0.541 updateMaxMs=1.389
[rubber-banding][main-thread-snapshot] time=139.164 packets=31 characterRecords=93 bodyRecords=0 avgMs=0.008 maxMs=0.013
[rubber-banding][main-thread-host-simulation] time=139.327 ticks=61 tickRate=61.0 avgMs=0.777 maxMs=4.005 fixedHz=60.0 maximumDeltaMs=333.3 focused=0
[rubber-banding][udp-pump] time=139.602 frame=5606 focused=0 windowMs=1018.7 fps=36.3 packets=30 socketAvgMs=33.9 socketP95Ms=55.3 socketMaxMs=59.4 pumpAvgMs=34.0 pumpP95Ms=58.2 pumpMaxMs=59.6 queueDelayAvgMs=15.5 queueDelayP95Ms=29.7 queueDelayMaxMs=30.1 samePump=4 pumpBatchMax=2 queueDepthMax=6 frameMaxMs=29.9
[rubber-banding][local-input] time=139.602 role=host entity=1 fps=36.3 updates=37 moveUpdates=0 fixedCalls=61 commands=61 blockedFixed=0 sampleMove=(0.00, 0.00) commandMove=(0,0) movementEnabled=True stunned=False controllerEnabled=True grounded=True position=(-1.718, -0.236, 7.674) displacement=(0.000, 0.000, 0.000) travelCm=0.0 estimatedTick=2568 desiredTick=2574 recordedTick=2569 resolvedTick=2568 unresolved=1 fixedHz=60.0 simulationHz=60 rttMs=53.7 batchesSent=2326 commandsSent=3659 sendFailures=0
[rubber-banding][host-input] time=139.794 interval=1.000 room=19 world=3 authority=3 entity=1 hostTick=2581 windowReceived=60 windowHeldFallback=0 windowNeutralFallback=0 pending=0 totalReceived=2581 totalHeldFallback=0 totalNeutralFallback=0
[rubber-banding][host-input] time=139.794 interval=1.000 room=19 world=3 authority=3 entity=2 hostTick=2581 windowReceived=50 windowHeldFallback=10 windowNeutralFallback=0 pending=0 totalReceived=2167 totalHeldFallback=317 totalNeutralFallback=97
[rubber-banding][host-input] time=139.794 interval=1.000 room=19 world=3 authority=3 entity=3 hostTick=2581 windowReceived=4 windowHeldFallback=7 windowNeutralFallback=49 pending=0 totalReceived=187 totalHeldFallback=317 totalNeutralFallback=2077
[rubber-banding][main-thread-pump] time=140.066 fps=37.6 frames=38 frameMaxMs=29.7 tcpAvgMs=0.003 tcpMaxMs=0.004 udpAvgMs=0.426 udpMaxMs=0.684 otherAvgMs=0.016 otherMaxMs=0.047 updateAvgMs=0.445 updateMaxMs=0.712
[rubber-banding][main-thread-snapshot] time=140.252 packets=32 characterRecords=96 bodyRecords=0 avgMs=0.008 maxMs=0.011
[rubber-banding][main-thread-host-simulation] time=140.343 ticks=61 tickRate=61.0 avgMs=0.722 maxMs=3.796 fixedHz=60.0 maximumDeltaMs=333.3 focused=0
[rubber-banding][udp-pump] time=140.630 frame=5644 focused=0 windowMs=1027.6 fps=37.0 packets=31 socketAvgMs=33.2 socketP95Ms=55.3 socketMaxMs=56.4 pumpAvgMs=33.1 pumpP95Ms=56.4 pumpMaxMs=57.2 queueDelayAvgMs=12.2 queueDelayP95Ms=29.1 queueDelayMaxMs=30.5 samePump=5 pumpBatchMax=2 queueDepthMax=5 frameMaxMs=29.9
[rubber-banding][local-input] time=140.630 role=host entity=1 fps=37.0 updates=38 moveUpdates=0 fixedCalls=62 commands=62 blockedFixed=0 sampleMove=(0.00, 0.00) commandMove=(0,0) movementEnabled=True stunned=False controllerEnabled=True grounded=True position=(-1.718, -0.236, 7.674) displacement=(0.000, 0.000, 0.000) travelCm=0.0 estimatedTick=2630 desiredTick=2636 recordedTick=2631 resolvedTick=2630 unresolved=1 fixedHz=60.0 simulationHz=60 rttMs=56.5 batchesSent=2354 commandsSent=3701 sendFailures=0
[rubber-banding][host-input] time=140.794 interval=1.000 room=19 world=3 authority=3 entity=1 hostTick=2641 windowReceived=60 windowHeldFallback=0 windowNeutralFallback=0 pending=0 totalReceived=2641 totalHeldFallback=0 totalNeutralFallback=0
[rubber-banding][host-input] time=140.794 interval=1.000 room=19 world=3 authority=3 entity=2 hostTick=2641 windowReceived=52 windowHeldFallback=8 windowNeutralFallback=0 pending=1 totalReceived=2219 totalHeldFallback=325 totalNeutralFallback=97
[rubber-banding][host-input] time=140.794 interval=1.000 room=19 world=3 authority=3 entity=3 hostTick=2641 windowReceived=8 windowHeldFallback=14 windowNeutralFallback=38 pending=0 totalReceived=195 totalHeldFallback=331 totalNeutralFallback=2115
[rubber-banding][main-thread-pump] time=141.118 fps=38.1 frames=39 frameMaxMs=30.6 tcpAvgMs=0.003 tcpMaxMs=0.004 udpAvgMs=0.585 udpMaxMs=3.101 otherAvgMs=0.019 otherMaxMs=0.051 updateAvgMs=0.607 updateMaxMs=3.116
[rubber-banding][main-thread-snapshot] time=141.267 packets=31 characterRecords=93 bodyRecords=0 avgMs=0.008 maxMs=0.012
[rubber-banding][main-thread-host-simulation] time=141.360 ticks=61 tickRate=61.0 avgMs=0.716 maxMs=2.865 fixedHz=60.0 maximumDeltaMs=333.3 focused=0
[rubber-banding][udp-pump] time=141.659 frame=5680 focused=0 windowMs=1029.2 fps=35.0 packets=30 socketAvgMs=33.3 socketP95Ms=52.6 socketMaxMs=57.0 pumpAvgMs=33.3 pumpP95Ms=61.3 pumpMaxMs=62.4 queueDelayAvgMs=13.4 queueDelayP95Ms=31.7 queueDelayMaxMs=32.4 samePump=5 pumpBatchMax=2 queueDepthMax=5 frameMaxMs=34.2
[rubber-banding][local-input] time=141.659 role=host entity=1 fps=35.0 updates=36 moveUpdates=0 fixedCalls=61 commands=61 blockedFixed=0 sampleMove=(0.00, 0.00) commandMove=(0,0) movementEnabled=True stunned=False controllerEnabled=True grounded=True position=(-1.718, -0.236, 7.674) displacement=(0.000, 0.000, 0.000) travelCm=0.0 estimatedTick=2693 desiredTick=2698 recordedTick=2692 resolvedTick=2690 unresolved=2 fixedHz=60.0 simulationHz=60 rttMs=29.7 batchesSent=2379 commandsSent=3740 sendFailures=0
[rubber-banding][host-input] time=141.794 interval=1.000 room=19 world=3 authority=3 entity=1 hostTick=2701 windowReceived=60 windowHeldFallback=0 windowNeutralFallback=0 pending=0 totalReceived=2701 totalHeldFallback=0 totalNeutralFallback=0
[rubber-banding][host-input] time=141.794 interval=1.000 room=19 world=3 authority=3 entity=2 hostTick=2701 windowReceived=52 windowHeldFallback=8 windowNeutralFallback=0 pending=0 totalReceived=2271 totalHeldFallback=333 totalNeutralFallback=97
[rubber-banding][host-input] time=141.794 interval=1.000 room=19 world=3 authority=3 entity=3 hostTick=2701 windowReceived=5 windowHeldFallback=9 windowNeutralFallback=46 pending=0 totalReceived=200 totalHeldFallback=340 totalNeutralFallback=2161
[rubber-banding][main-thread-pump] time=142.164 fps=33.4 frames=34 frameMaxMs=34.7 tcpAvgMs=0.003 tcpMaxMs=0.006 udpAvgMs=0.614 udpMaxMs=3.490 otherAvgMs=0.016 otherMaxMs=0.038 updateAvgMs=0.634 updateMaxMs=3.518
[rubber-banding][main-thread-snapshot] time=142.323 packets=31 characterRecords=93 bodyRecords=0 avgMs=0.008 maxMs=0.024
[rubber-banding][main-thread-host-simulation] time=142.377 ticks=61 tickRate=61.0 avgMs=0.723 maxMs=3.001 fixedHz=60.0 maximumDeltaMs=333.3 focused=0
[rubber-banding][udp-pump] time=142.674 frame=5712 focused=0 windowMs=1014.5 fps=31.5 packets=31 socketAvgMs=33.7 socketP95Ms=61.3 socketMaxMs=62.0 pumpAvgMs=33.7 pumpP95Ms=66.5 pumpMaxMs=67.6 queueDelayAvgMs=14.0 queueDelayP95Ms=33.4 queueDelayMaxMs=33.7 samePump=7 pumpBatchMax=2 queueDepthMax=5 frameMaxMs=34.7
[rubber-banding][local-input] time=142.674 role=host entity=1 fps=31.5 updates=32 moveUpdates=0 fixedCalls=61 commands=61 blockedFixed=0 sampleMove=(0.00, 0.00) commandMove=(0,0) movementEnabled=True stunned=False controllerEnabled=True grounded=True position=(-1.718, -0.236, 7.674) displacement=(0.000, 0.000, 0.000) travelCm=0.0 estimatedTick=2754 desiredTick=2759 recordedTick=2753 resolvedTick=2752 unresolved=1 fixedHz=60.0 simulationHz=60 rttMs=32.0 batchesSent=2401 commandsSent=3774 sendFailures=0
[rubber-banding][host-input] time=142.794 interval=1.000 room=19 world=3 authority=3 entity=1 hostTick=2761 windowReceived=60 windowHeldFallback=0 windowNeutralFallback=0 pending=0 totalReceived=2761 totalHeldFallback=0 totalNeutralFallback=0
[rubber-banding][host-input] time=142.794 interval=1.000 room=19 world=3 authority=3 entity=2 hostTick=2761 windowReceived=44 windowHeldFallback=15 windowNeutralFallback=1 pending=0 totalReceived=2315 totalHeldFallback=348 totalNeutralFallback=98
[rubber-banding][host-input] time=142.794 interval=1.000 room=19 world=3 authority=3 entity=3 hostTick=2761 windowReceived=4 windowHeldFallback=6 windowNeutralFallback=50 pending=0 totalReceived=204 totalHeldFallback=346 totalNeutralFallback=2211
