Mono path[0] = 'C:/ssafy/S15P21D204/Client/Build/SSketch_Data/Managed'
Mono config path = 'C:/ssafy/S15P21D204/Client/Build/MonoBleedingEdge/etc'
Input System module state changed to: Initialized.
[Physics::Module] Initialized fallback backend.
[Physics::Module] Id: 0xdecafbad
Initialize engine version: 6000.3.22f1 (1c726e1fb402)
[Subsystems] Discovering subsystems at path C:/ssafy/S15P21D204/Client/Build/SSketch_Data/UnitySubsystems
[D3D12 Device Filter] Vendor Name: NVIDIA
[D3D12 Device Filter] Device Name: NVIDIA GeForce RTX 4050 Laptop GPU
[D3D12 Device Filter] Driver Version: 32.0.15.7657
[D3D12 Device Filter] Feature Level: 12.2
[D3D12 Device Filter] Graphics Memory: 5924 MB
[D3D12 Device Filter] Processor Count: 22
[D3D12 Device Filter] Device Type: Discrete
GfxDevice: creating device client; kGfxThreadingModeSplitJobs
d3d12: failed to query info queue interface (0x80004002).
Direct3D:
    Version:         Direct3D 12 [level 12.2]
    Renderer:        NVIDIA GeForce RTX 4050 Laptop GPU (ID=0x28a1)
    Vendor:          NVIDIA
    VRAM:            5924 MB
    App VRAM Budget: 5156 MB
    Driver:          32.0.15.7657
Begin MonoManager ReloadAssembly
- Loaded All Assemblies, in  0.148 seconds
- Finished resetting the current domain, in  0.002 seconds
[Physics::Module] Selected backend.
[Physics::Module] Name: PhysX
[Physics::Module] Id: 0xf2b8ea05
[Physics::Module] SDK Version: 4.1.2
[Physics::Module] Integration Version: 1.0.0
[Physics::Module] Threading Mode: Multi-Threaded
<RI> Initializing input.
Using Windows.Gaming.Input
UnloadTime: 0.522300 ms
Unloading 6 Unused Serialized files (Serialized files now loaded: 0)
UnloadTime: 9.280700 ms
Unloading 361 unused Assets to reduce memory usage. Loaded Objects now: 12361.
Total: 5.738200 ms (FindLiveObjects: 0.901300 ms CreateObjectMapping: 0.626600 ms MarkObjects: 4.042000 ms  DeleteObjects: 0.167500 ms)

Unloading 4 Unused Serialized files (Serialized files now loaded: 0)
UnloadTime: 0.980500 ms
Unloading 127 unused Assets to reduce memory usage. Loaded Objects now: 47753.
Total: 18.206300 ms (FindLiveObjects: 2.747400 ms CreateObjectMapping: 1.605500 ms MarkObjects: 13.627100 ms  DeleteObjects: 0.225600 ms)

[rubber-banding][remote-render] time=50.777 frame=5494 entity=1 latestHostTick=82 buffer=8 windowMs=1000.1 fps=94.0 snapshots=30 arrivalSamples=29 arrivalAvgMs=34.2 arrivalP95Ms=33.4 arrivalMaxMs=250.0 sameArrival=5 tickGapMax=2 renderFrames=94 interpolation=94 extrapolation=0 extrapolationCapped=0 extrapolationMaxMs=0.0 oldestHeld=3 zeroSpan=4 movingFrozen=0 teleport=0 visualStepAvgCm=0.00 visualStepMaxCm=0.00
[rubber-banding][remote-render] time=50.777 frame=5494 entity=2 latestHostTick=82 buffer=8 windowMs=1000.1 fps=94.0 snapshots=30 arrivalSamples=29 arrivalAvgMs=34.2 arrivalP95Ms=33.4 arrivalMaxMs=250.0 sameArrival=5 tickGapMax=2 renderFrames=94 interpolation=94 extrapolation=0 extrapolationCapped=0 extrapolationMaxMs=0.0 oldestHeld=3 zeroSpan=4 movingFrozen=0 teleport=0 visualStepAvgCm=0.00 visualStepMaxCm=0.00
[rubber-banding][remote-render] time=51.779 frame=5611 entity=1 latestHostTick=142 buffer=8 windowMs=1001.7 fps=116.8 snapshots=30 arrivalSamples=30 arrivalAvgMs=33.4 arrivalP95Ms=33.4 arrivalMaxMs=33.4 sameArrival=0 tickGapMax=2 renderFrames=117 interpolation=117 extrapolation=0 extrapolationCapped=0 extrapolationMaxMs=0.0 oldestHeld=0 zeroSpan=0 movingFrozen=0 teleport=0 visualStepAvgCm=0.00 visualStepMaxCm=0.00
[rubber-banding][remote-render] time=51.779 frame=5611 entity=2 latestHostTick=142 buffer=8 windowMs=1001.7 fps=116.8 snapshots=30 arrivalSamples=30 arrivalAvgMs=33.4 arrivalP95Ms=33.4 arrivalMaxMs=33.4 sameArrival=0 tickGapMax=2 renderFrames=117 interpolation=117 extrapolation=0 extrapolationCapped=0 extrapolationMaxMs=0.0 oldestHeld=0 zeroSpan=0 movingFrozen=0 teleport=0 visualStepAvgCm=0.00 visualStepMaxCm=0.00
[rubber-banding][remote-render] time=52.779 frame=5722 entity=1 latestHostTick=202 buffer=8 windowMs=1000.1 fps=111.0 snapshots=30 arrivalSamples=30 arrivalAvgMs=33.3 arrivalP95Ms=41.6 arrivalMaxMs=41.7 sameArrival=0 tickGapMax=2 renderFrames=111 interpolation=111 extrapolation=0 extrapolationCapped=0 extrapolationMaxMs=0.0 oldestHeld=0 zeroSpan=0 movingFrozen=0 teleport=0 visualStepAvgCm=0.00 visualStepMaxCm=0.00
[rubber-banding][remote-render] time=52.779 frame=5722 entity=2 latestHostTick=202 buffer=8 windowMs=1000.1 fps=111.0 snapshots=30 arrivalSamples=30 arrivalAvgMs=33.3 arrivalP95Ms=41.6 arrivalMaxMs=41.7 sameArrival=0 tickGapMax=2 renderFrames=111 interpolation=111 extrapolation=0 extrapolationCapped=0 extrapolationMaxMs=0.0 oldestHeld=0 zeroSpan=0 movingFrozen=0 teleport=0 visualStepAvgCm=0.00 visualStepMaxCm=0.00
[rubber-banding][remote-render] time=53.795 frame=5817 entity=1 latestHostTick=264 buffer=8 windowMs=1016.3 fps=93.5 snapshots=31 arrivalSamples=31 arrivalAvgMs=33.1 arrivalP95Ms=58.7 arrivalMaxMs=58.9 sameArrival=0 tickGapMax=2 renderFrames=95 interpolation=95 extrapolation=0 extrapolationCapped=0 extrapolationMaxMs=0.0 oldestHeld=0 zeroSpan=0 movingFrozen=0 teleport=0 visualStepAvgCm=0.00 visualStepMaxCm=0.00
[rubber-banding][remote-render] time=53.795 frame=5817 entity=2 latestHostTick=264 buffer=8 windowMs=1016.3 fps=93.5 snapshots=31 arrivalSamples=31 arrivalAvgMs=33.1 arrivalP95Ms=58.7 arrivalMaxMs=58.9 sameArrival=0 tickGapMax=2 renderFrames=95 interpolation=95 extrapolation=0 extrapolationCapped=0 extrapolationMaxMs=0.0 oldestHeld=0 zeroSpan=0 movingFrozen=0 teleport=0 visualStepAvgCm=0.00 visualStepMaxCm=0.00
[rubber-banding][remote-render] time=54.796 frame=5919 entity=1 latestHostTick=324 buffer=8 windowMs=1000.9 fps=101.9 snapshots=30 arrivalSamples=30 arrivalAvgMs=33.4 arrivalP95Ms=50.0 arrivalMaxMs=50.0 sameArrival=0 tickGapMax=2 renderFrames=102 interpolation=102 extrapolation=0 extrapolationCapped=0 extrapolationMaxMs=0.0 oldestHeld=0 zeroSpan=0 movingFrozen=0 teleport=0 visualStepAvgCm=0.00 visualStepMaxCm=0.00
[rubber-banding][remote-render] time=54.796 frame=5919 entity=2 latestHostTick=324 buffer=8 windowMs=1000.9 fps=101.9 snapshots=30 arrivalSamples=30 arrivalAvgMs=33.4 arrivalP95Ms=50.0 arrivalMaxMs=50.0 sameArrival=0 tickGapMax=2 renderFrames=102 interpolation=102 extrapolation=0 extrapolationCapped=0 extrapolationMaxMs=0.0 oldestHeld=0 zeroSpan=0 movingFrozen=0 teleport=0 visualStepAvgCm=0.00 visualStepMaxCm=0.00
[rubber-banding][remote-render] time=56.777 frame=6099 entity=1 latestHostTick=60 buffer=8 windowMs=1016.6 fps=84.6 snapshots=30 arrivalSamples=29 arrivalAvgMs=33.3 arrivalP95Ms=41.7 arrivalMaxMs=41.7 sameArrival=0 tickGapMax=2 renderFrames=86 interpolation=86 extrapolation=0 extrapolationCapped=0 extrapolationMaxMs=0.0 oldestHeld=5 zeroSpan=0 movingFrozen=0 teleport=0 visualStepAvgCm=0.00 visualStepMaxCm=0.00
[rubber-banding][remote-render] time=56.777 frame=6099 entity=2 latestHostTick=60 buffer=8 windowMs=1016.6 fps=84.6 snapshots=30 arrivalSamples=29 arrivalAvgMs=33.3 arrivalP95Ms=41.7 arrivalMaxMs=41.7 sameArrival=0 tickGapMax=2 renderFrames=86 interpolation=86 extrapolation=0 extrapolationCapped=0 extrapolationMaxMs=0.0 oldestHeld=5 zeroSpan=0 movingFrozen=0 teleport=0 visualStepAvgCm=0.00 visualStepMaxCm=0.00
[rubber-banding][remote-render] time=56.777 frame=6099 entity=4 latestHostTick=60 buffer=8 windowMs=1016.6 fps=84.6 snapshots=30 arrivalSamples=29 arrivalAvgMs=33.3 arrivalP95Ms=41.7 arrivalMaxMs=41.7 sameArrival=0 tickGapMax=2 renderFrames=86 interpolation=86 extrapolation=0 extrapolationCapped=0 extrapolationMaxMs=0.0 oldestHeld=5 zeroSpan=0 movingFrozen=0 teleport=0 visualStepAvgCm=0.00 visualStepMaxCm=0.00
[rubber-banding][remote-render] time=57.794 frame=6177 entity=1 latestHostTick=122 buffer=8 windowMs=1016.7 fps=76.7 snapshots=31 arrivalSamples=31 arrivalAvgMs=33.3 arrivalP95Ms=41.7 arrivalMaxMs=41.7 sameArrival=0 tickGapMax=2 renderFrames=78 interpolation=78 extrapolation=0 extrapolationCapped=0 extrapolationMaxMs=0.0 oldestHeld=0 zeroSpan=0 movingFrozen=0 teleport=0 visualStepAvgCm=0.00 visualStepMaxCm=0.00
[rubber-banding][remote-render] time=57.794 frame=6177 entity=2 latestHostTick=122 buffer=8 windowMs=1016.7 fps=76.7 snapshots=31 arrivalSamples=31 arrivalAvgMs=33.3 arrivalP95Ms=41.7 arrivalMaxMs=41.7 sameArrival=0 tickGapMax=2 renderFrames=78 interpolation=78 extrapolation=0 extrapolationCapped=0 extrapolationMaxMs=0.0 oldestHeld=0 zeroSpan=0 movingFrozen=0 teleport=0 visualStepAvgCm=0.00 visualStepMaxCm=0.00
[rubber-banding][remote-render] time=57.794 frame=6177 entity=4 latestHostTick=122 buffer=8 windowMs=1016.7 fps=76.7 snapshots=31 arrivalSamples=31 arrivalAvgMs=33.3 arrivalP95Ms=41.7 arrivalMaxMs=41.7 sameArrival=0 tickGapMax=2 renderFrames=78 interpolation=78 extrapolation=0 extrapolationCapped=0 extrapolationMaxMs=0.0 oldestHeld=0 zeroSpan=0 movingFrozen=0 teleport=0 visualStepAvgCm=1.56 visualStepMaxCm=6.97
[rubber-banding][remote-render] time=58.795 frame=6257 entity=1 latestHostTick=182 buffer=8 windowMs=1001.2 fps=79.9 snapshots=30 arrivalSamples=30 arrivalAvgMs=33.4 arrivalP95Ms=41.8 arrivalMaxMs=50.1 sameArrival=0 tickGapMax=2 renderFrames=80 interpolation=80 extrapolation=0 extrapolationCapped=0 extrapolationMaxMs=0.0 oldestHeld=0 zeroSpan=0 movingFrozen=0 teleport=0 visualStepAvgCm=0.00 visualStepMaxCm=0.00
[rubber-banding][remote-render] time=58.795 frame=6257 entity=2 latestHostTick=182 buffer=8 windowMs=1001.2 fps=79.9 snapshots=30 arrivalSamples=30 arrivalAvgMs=33.4 arrivalP95Ms=41.8 arrivalMaxMs=50.1 sameArrival=0 tickGapMax=2 renderFrames=80 interpolation=80 extrapolation=0 extrapolationCapped=0 extrapolationMaxMs=0.0 oldestHeld=0 zeroSpan=0 movingFrozen=0 teleport=0 visualStepAvgCm=0.00 visualStepMaxCm=0.00
[rubber-banding][remote-render] time=58.795 frame=6257 entity=4 latestHostTick=182 buffer=8 windowMs=1001.2 fps=79.9 snapshots=30 arrivalSamples=30 arrivalAvgMs=33.4 arrivalP95Ms=41.8 arrivalMaxMs=50.1 sameArrival=0 tickGapMax=2 renderFrames=80 interpolation=80 extrapolation=0 extrapolationCapped=0 extrapolationMaxMs=0.0 oldestHeld=0 zeroSpan=0 movingFrozen=4 teleport=0 visualStepAvgCm=2.87 visualStepMaxCm=6.86
[rubber-banding][remote-render] time=59.797 frame=6339 entity=1 latestHostTick=242 buffer=8 windowMs=1001.7 fps=81.9 snapshots=30 arrivalSamples=30 arrivalAvgMs=33.4 arrivalP95Ms=41.8 arrivalMaxMs=41.8 sameArrival=0 tickGapMax=2 renderFrames=82 interpolation=82 extrapolation=0 extrapolationCapped=0 extrapolationMaxMs=0.0 oldestHeld=0 zeroSpan=0 movingFrozen=0 teleport=0 visualStepAvgCm=0.00 visualStepMaxCm=0.00
[rubber-banding][remote-render] time=59.797 frame=6339 entity=2 latestHostTick=242 buffer=8 windowMs=1001.7 fps=81.9 snapshots=30 arrivalSamples=30 arrivalAvgMs=33.4 arrivalP95Ms=41.8 arrivalMaxMs=41.8 sameArrival=0 tickGapMax=2 renderFrames=82 interpolation=82 extrapolation=0 extrapolationCapped=0 extrapolationMaxMs=0.0 oldestHeld=0 zeroSpan=0 movingFrozen=0 teleport=0 visualStepAvgCm=0.00 visualStepMaxCm=0.00
[rubber-banding][remote-render] time=59.797 frame=6339 entity=4 latestHostTick=242 buffer=8 windowMs=1001.7 fps=81.9 snapshots=30 arrivalSamples=30 arrivalAvgMs=33.4 arrivalP95Ms=41.8 arrivalMaxMs=41.8 sameArrival=0 tickGapMax=2 renderFrames=82 interpolation=82 extrapolation=0 extrapolationCapped=0 extrapolationMaxMs=0.0 oldestHeld=0 zeroSpan=0 movingFrozen=0 teleport=0 visualStepAvgCm=4.71 visualStepMaxCm=7.15
[rubber-banding][remote-render] time=60.797 frame=6421 entity=1 latestHostTick=302 buffer=8 windowMs=1000.3 fps=82.0 snapshots=30 arrivalSamples=30 arrivalAvgMs=33.3 arrivalP95Ms=41.7 arrivalMaxMs=43.0 sameArrival=0 tickGapMax=2 renderFrames=82 interpolation=82 extrapolation=0 extrapolationCapped=0 extrapolationMaxMs=0.0 oldestHeld=0 zeroSpan=0 movingFrozen=0 teleport=0 visualStepAvgCm=0.00 visualStepMaxCm=0.00
[rubber-banding][remote-render] time=60.797 frame=6421 entity=2 latestHostTick=302 buffer=8 windowMs=1000.3 fps=82.0 snapshots=30 arrivalSamples=30 arrivalAvgMs=33.3 arrivalP95Ms=41.7 arrivalMaxMs=43.0 sameArrival=0 tickGapMax=2 renderFrames=82 interpolation=82 extrapolation=0 extrapolationCapped=0 extrapolationMaxMs=0.0 oldestHeld=0 zeroSpan=0 movingFrozen=0 teleport=0 visualStepAvgCm=0.00 visualStepMaxCm=0.00
[rubber-banding][remote-render] time=60.797 frame=6421 entity=4 latestHostTick=302 buffer=8 windowMs=1000.3 fps=82.0 snapshots=30 arrivalSamples=30 arrivalAvgMs=33.3 arrivalP95Ms=41.7 arrivalMaxMs=43.0 sameArrival=0 tickGapMax=2 renderFrames=82 interpolation=82 extrapolation=0 extrapolationCapped=0 extrapolationMaxMs=0.0 oldestHeld=0 zeroSpan=0 movingFrozen=0 teleport=0 visualStepAvgCm=2.03 visualStepMaxCm=7.27
[rubber-banding][remote-render] time=61.799 frame=6504 entity=1 latestHostTick=362 buffer=8 windowMs=1002.4 fps=82.8 snapshots=30 arrivalSamples=30 arrivalAvgMs=33.4 arrivalP95Ms=42.7 arrivalMaxMs=50.6 sameArrival=0 tickGapMax=2 renderFrames=83 interpolation=83 extrapolation=0 extrapolationCapped=0 extrapolationMaxMs=0.0 oldestHeld=0 zeroSpan=0 movingFrozen=0 teleport=0 visualStepAvgCm=0.00 visualStepMaxCm=0.00
[rubber-banding][remote-render] time=61.799 frame=6504 entity=2 latestHostTick=362 buffer=8 windowMs=1002.4 fps=82.8 snapshots=30 arrivalSamples=30 arrivalAvgMs=33.4 arrivalP95Ms=42.7 arrivalMaxMs=50.6 sameArrival=0 tickGapMax=2 renderFrames=83 interpolation=83 extrapolation=0 extrapolationCapped=0 extrapolationMaxMs=0.0 oldestHeld=0 zeroSpan=0 movingFrozen=0 teleport=0 visualStepAvgCm=0.00 visualStepMaxCm=0.00
[rubber-banding][remote-render] time=61.799 frame=6504 entity=4 latestHostTick=362 buffer=8 windowMs=1002.4 fps=82.8 snapshots=30 arrivalSamples=30 arrivalAvgMs=33.4 arrivalP95Ms=42.7 arrivalMaxMs=50.6 sameArrival=0 tickGapMax=2 renderFrames=83 interpolation=83 extrapolation=0 extrapolationCapped=0 extrapolationMaxMs=0.0 oldestHeld=0 zeroSpan=0 movingFrozen=0 teleport=0 visualStepAvgCm=0.00 visualStepMaxCm=0.00
[rubber-banding][remote-render] time=62.805 frame=6584 entity=1 latestHostTick=422 buffer=8 windowMs=1005.2 fps=79.6 snapshots=30 arrivalSamples=30 arrivalAvgMs=33.5 arrivalP95Ms=50.0 arrivalMaxMs=58.0 sameArrival=0 tickGapMax=2 renderFrames=80 interpolation=80 extrapolation=0 extrapolationCapped=0 extrapolationMaxMs=0.0 oldestHeld=0 zeroSpan=0 movingFrozen=0 teleport=0 visualStepAvgCm=0.00 visualStepMaxCm=0.00
[rubber-banding][remote-render] time=62.805 frame=6584 entity=2 latestHostTick=422 buffer=8 windowMs=1005.2 fps=79.6 snapshots=30 arrivalSamples=30 arrivalAvgMs=33.5 arrivalP95Ms=50.0 arrivalMaxMs=58.0 sameArrival=0 tickGapMax=2 renderFrames=80 interpolation=80 extrapolation=0 extrapolationCapped=0 extrapolationMaxMs=0.0 oldestHeld=0 zeroSpan=0 movingFrozen=0 teleport=0 visualStepAvgCm=1.54 visualStepMaxCm=9.92
[rubber-banding][remote-render] time=62.805 frame=6584 entity=4 latestHostTick=422 buffer=8 windowMs=1005.2 fps=79.6 snapshots=30 arrivalSamples=30 arrivalAvgMs=33.5 arrivalP95Ms=50.0 arrivalMaxMs=58.0 sameArrival=0 tickGapMax=2 renderFrames=80 interpolation=80 extrapolation=0 extrapolationCapped=0 extrapolationMaxMs=0.0 oldestHeld=0 zeroSpan=0 movingFrozen=0 teleport=0 visualStepAvgCm=0.00 visualStepMaxCm=0.00
[rubber-banding][remote-render] time=63.813 frame=6667 entity=1 latestHostTick=482 buffer=8 windowMs=1008.3 fps=82.3 snapshots=30 arrivalSamples=30 arrivalAvgMs=33.3 arrivalP95Ms=58.3 arrivalMaxMs=175.0 sameArrival=3 tickGapMax=2 renderFrames=83 interpolation=74 extrapolation=9 extrapolationCapped=0 extrapolationMaxMs=78.3 oldestHeld=0 zeroSpan=4 movingFrozen=0 teleport=0 visualStepAvgCm=0.00 visualStepMaxCm=0.00
[rubber-banding][remote-render] time=63.813 frame=6667 entity=2 latestHostTick=482 buffer=8 windowMs=1008.3 fps=82.3 snapshots=30 arrivalSamples=30 arrivalAvgMs=33.3 arrivalP95Ms=58.3 arrivalMaxMs=175.0 sameArrival=3 tickGapMax=2 renderFrames=83 interpolation=74 extrapolation=9 extrapolationCapped=0 extrapolationMaxMs=78.3 oldestHeld=0 zeroSpan=4 movingFrozen=0 teleport=0 visualStepAvgCm=4.35 visualStepMaxCm=11.35
[rubber-banding][remote-render] time=63.813 frame=6667 entity=4 latestHostTick=482 buffer=8 windowMs=1008.3 fps=82.3 snapshots=30 arrivalSamples=30 arrivalAvgMs=33.3 arrivalP95Ms=58.3 arrivalMaxMs=175.0 sameArrival=3 tickGapMax=2 renderFrames=83 interpolation=74 extrapolation=9 extrapolationCapped=0 extrapolationMaxMs=78.3 oldestHeld=0 zeroSpan=4 movingFrozen=0 teleport=0 visualStepAvgCm=0.00 visualStepMaxCm=0.00
[rubber-banding][remote-render] time=64.830 frame=6749 entity=1 latestHostTick=544 buffer=8 windowMs=1016.7 fps=80.7 snapshots=31 arrivalSamples=31 arrivalAvgMs=33.1 arrivalP95Ms=41.7 arrivalMaxMs=50.0 sameArrival=0 tickGapMax=2 renderFrames=82 interpolation=82 extrapolation=0 extrapolationCapped=0 extrapolationMaxMs=0.0 oldestHeld=0 zeroSpan=0 movingFrozen=0 teleport=0 visualStepAvgCm=0.00 visualStepMaxCm=0.00
[rubber-banding][remote-render] time=64.830 frame=6749 entity=2 latestHostTick=544 buffer=8 windowMs=1016.7 fps=80.7 snapshots=31 arrivalSamples=31 arrivalAvgMs=33.1 arrivalP95Ms=41.7 arrivalMaxMs=50.0 sameArrival=0 tickGapMax=2 renderFrames=82 interpolation=82 extrapolation=0 extrapolationCapped=0 extrapolationMaxMs=0.0 oldestHeld=0 zeroSpan=0 movingFrozen=0 teleport=0 visualStepAvgCm=0.51 visualStepMaxCm=7.98
[rubber-banding][remote-render] time=64.830 frame=6749 entity=4 latestHostTick=544 buffer=8 windowMs=1016.7 fps=80.7 snapshots=31 arrivalSamples=31 arrivalAvgMs=33.1 arrivalP95Ms=41.7 arrivalMaxMs=50.0 sameArrival=0 tickGapMax=2 renderFrames=82 interpolation=82 extrapolation=0 extrapolationCapped=0 extrapolationMaxMs=0.0 oldestHeld=0 zeroSpan=0 movingFrozen=0 teleport=0 visualStepAvgCm=0.00 visualStepMaxCm=0.00
[rubber-banding][remote-render] time=65.836 frame=6855 entity=1 latestHostTick=604 buffer=8 windowMs=1006.4 fps=105.3 snapshots=30 arrivalSamples=30 arrivalAvgMs=33.5 arrivalP95Ms=41.7 arrivalMaxMs=50.0 sameArrival=0 tickGapMax=2 renderFrames=106 interpolation=106 extrapolation=0 extrapolationCapped=0 extrapolationMaxMs=0.0 oldestHeld=0 zeroSpan=0 movingFrozen=0 teleport=0 visualStepAvgCm=0.00 visualStepMaxCm=0.00
[rubber-banding][remote-render] time=65.836 frame=6855 entity=2 latestHostTick=604 buffer=8 windowMs=1006.4 fps=105.3 snapshots=30 arrivalSamples=30 arrivalAvgMs=33.5 arrivalP95Ms=41.7 arrivalMaxMs=50.0 sameArrival=0 tickGapMax=2 renderFrames=106 interpolation=106 extrapolation=0 extrapolationCapped=0 extrapolationMaxMs=0.0 oldestHeld=0 zeroSpan=0 movingFrozen=0 teleport=0 visualStepAvgCm=0.00 visualStepMaxCm=0.00
[rubber-banding][remote-render] time=65.836 frame=6855 entity=4 latestHostTick=604 buffer=8 windowMs=1006.4 fps=105.3 snapshots=30 arrivalSamples=30 arrivalAvgMs=33.5 arrivalP95Ms=41.7 arrivalMaxMs=50.0 sameArrival=0 tickGapMax=2 renderFrames=106 interpolation=106 extrapolation=0 extrapolationCapped=0 extrapolationMaxMs=0.0 oldestHeld=0 zeroSpan=0 movingFrozen=0 teleport=0 visualStepAvgCm=0.00 visualStepMaxCm=0.00
[rubber-banding][remote-render] time=66.837 frame=6975 entity=1 latestHostTick=664 buffer=8 windowMs=1001.0 fps=119.9 snapshots=30 arrivalSamples=30 arrivalAvgMs=33.1 arrivalP95Ms=41.7 arrivalMaxMs=41.7 sameArrival=0 tickGapMax=2 renderFrames=120 interpolation=120 extrapolation=0 extrapolationCapped=0 extrapolationMaxMs=0.0 oldestHeld=0 zeroSpan=0 movingFrozen=0 teleport=0 visualStepAvgCm=0.00 visualStepMaxCm=0.00
[rubber-banding][remote-render] time=66.837 frame=6975 entity=2 latestHostTick=664 buffer=8 windowMs=1001.0 fps=119.9 snapshots=30 arrivalSamples=30 arrivalAvgMs=33.1 arrivalP95Ms=41.7 arrivalMaxMs=41.7 sameArrival=0 tickGapMax=2 renderFrames=120 interpolation=120 extrapolation=0 extrapolationCapped=0 extrapolationMaxMs=0.0 oldestHeld=0 zeroSpan=0 movingFrozen=0 teleport=0 visualStepAvgCm=0.00 visualStepMaxCm=0.00
[rubber-banding][remote-render] time=66.837 frame=6975 entity=4 latestHostTick=664 buffer=8 windowMs=1001.0 fps=119.9 snapshots=30 arrivalSamples=30 arrivalAvgMs=33.1 arrivalP95Ms=41.7 arrivalMaxMs=41.7 sameArrival=0 tickGapMax=2 renderFrames=120 interpolation=120 extrapolation=0 extrapolationCapped=0 extrapolationMaxMs=0.0 oldestHeld=0 zeroSpan=0 movingFrozen=0 teleport=0 visualStepAvgCm=0.00 visualStepMaxCm=0.00
[rubber-banding][remote-render] time=67.837 frame=7094 entity=1 latestHostTick=724 buffer=8 windowMs=1000.4 fps=118.9 snapshots=30 arrivalSamples=30 arrivalAvgMs=33.3 arrivalP95Ms=41.7 arrivalMaxMs=41.7 sameArrival=0 tickGapMax=2 renderFrames=119 interpolation=119 extrapolation=0 extrapolationCapped=0 extrapolationMaxMs=0.0 oldestHeld=0 zeroSpan=0 movingFrozen=0 teleport=0 visualStepAvgCm=0.00 visualStepMaxCm=0.00
[rubber-banding][remote-render] time=67.837 frame=7094 entity=2 latestHostTick=724 buffer=8 windowMs=1000.4 fps=118.9 snapshots=30 arrivalSamples=30 arrivalAvgMs=33.3 arrivalP95Ms=41.7 arrivalMaxMs=41.7 sameArrival=0 tickGapMax=2 renderFrames=119 interpolation=119 extrapolation=0 extrapolationCapped=0 extrapolationMaxMs=0.0 oldestHeld=0 zeroSpan=0 movingFrozen=0 teleport=0 visualStepAvgCm=0.00 visualStepMaxCm=0.00
[rubber-banding][remote-render] time=67.837 frame=7094 entity=4 latestHostTick=724 buffer=8 windowMs=1000.4 fps=118.9 snapshots=30 arrivalSamples=30 arrivalAvgMs=33.3 arrivalP95Ms=41.7 arrivalMaxMs=41.7 sameArrival=0 tickGapMax=2 renderFrames=119 interpolation=119 extrapolation=0 extrapolationCapped=0 extrapolationMaxMs=0.0 oldestHeld=0 zeroSpan=0 movingFrozen=0 teleport=0 visualStepAvgCm=0.00 visualStepMaxCm=0.00
[rubber-banding][remote-render] time=68.840 frame=7194 entity=1 latestHostTick=784 buffer=8 windowMs=1002.7 fps=99.7 snapshots=30 arrivalSamples=30 arrivalAvgMs=33.7 arrivalP95Ms=41.9 arrivalMaxMs=50.2 sameArrival=0 tickGapMax=2 renderFrames=100 interpolation=100 extrapolation=0 extrapolationCapped=0 extrapolationMaxMs=0.0 oldestHeld=0 zeroSpan=0 movingFrozen=0 teleport=0 visualStepAvgCm=0.00 visualStepMaxCm=0.00
[rubber-banding][remote-render] time=68.840 frame=7194 entity=2 latestHostTick=784 buffer=8 windowMs=1002.7 fps=99.7 snapshots=30 arrivalSamples=30 arrivalAvgMs=33.7 arrivalP95Ms=41.9 arrivalMaxMs=50.2 sameArrival=0 tickGapMax=2 renderFrames=100 interpolation=100 extrapolation=0 extrapolationCapped=0 extrapolationMaxMs=0.0 oldestHeld=0 zeroSpan=0 movingFrozen=0 teleport=0 visualStepAvgCm=0.00 visualStepMaxCm=0.00
[rubber-banding][remote-render] time=68.840 frame=7194 entity=4 latestHostTick=784 buffer=8 windowMs=1002.7 fps=99.7 snapshots=30 arrivalSamples=30 arrivalAvgMs=33.7 arrivalP95Ms=41.9 arrivalMaxMs=50.2 sameArrival=0 tickGapMax=2 renderFrames=100 interpolation=100 extrapolation=0 extrapolationCapped=0 extrapolationMaxMs=0.0 oldestHeld=0 zeroSpan=0 movingFrozen=0 teleport=0 visualStepAvgCm=0.00 visualStepMaxCm=0.00
Unloading 4 Unused Serialized files (Serialized files now loaded: 0)
UnloadTime: 10.687700 ms
Unloading 355 unused Assets to reduce memory usage. Loaded Objects now: 45217.
Total: 20.780700 ms (FindLiveObjects: 3.251100 ms CreateObjectMapping: 2.676600 ms MarkObjects: 14.467200 ms  DeleteObjects: 0.384700 ms)

Unloading 5 Unused Serialized files (Serialized files now loaded: 0)
UnloadTime: 1.058500 ms
Unloading 21 unused Assets to reduce memory usage. Loaded Objects now: 88194.
Total: 35.420900 ms (FindLiveObjects: 7.573600 ms CreateObjectMapping: 6.678800 ms MarkObjects: 20.943900 ms  DeleteObjects: 0.224000 ms)

[rubber-banding][remote-render] time=71.386 frame=7354 entity=1 latestHostTick=12 buffer=6 windowMs=1199.9 fps=0.8 snapshots=6 arrivalSamples=5 arrivalAvgMs=0.0 arrivalP95Ms=0.0 arrivalMaxMs=0.0 sameArrival=5 tickGapMax=2 renderFrames=1 interpolation=0 extrapolation=1 extrapolationCapped=1 extrapolationMaxMs=920.0 oldestHeld=0 zeroSpan=1 movingFrozen=0 teleport=0 visualStepAvgCm=0.00 visualStepMaxCm=0.00
[rubber-banding][remote-render] time=71.386 frame=7354 entity=2 latestHostTick=12 buffer=6 windowMs=1199.9 fps=0.8 snapshots=6 arrivalSamples=5 arrivalAvgMs=0.0 arrivalP95Ms=0.0 arrivalMaxMs=0.0 sameArrival=5 tickGapMax=2 renderFrames=1 interpolation=0 extrapolation=1 extrapolationCapped=1 extrapolationMaxMs=920.0 oldestHeld=0 zeroSpan=1 movingFrozen=0 teleport=0 visualStepAvgCm=0.00 visualStepMaxCm=0.00
[rubber-banding][remote-render] time=71.386 frame=7354 entity=4 latestHostTick=12 buffer=6 windowMs=1199.9 fps=0.8 snapshots=6 arrivalSamples=5 arrivalAvgMs=0.0 arrivalP95Ms=0.0 arrivalMaxMs=0.0 sameArrival=5 tickGapMax=2 renderFrames=1 interpolation=0 extrapolation=1 extrapolationCapped=1 extrapolationMaxMs=920.0 oldestHeld=0 zeroSpan=1 movingFrozen=0 teleport=0 visualStepAvgCm=0.00 visualStepMaxCm=0.00
[rubber-banding][remote-render] time=72.421 frame=7403 entity=1 latestHostTick=68 buffer=8 windowMs=1035.2 fps=47.3 snapshots=28 arrivalSamples=28 arrivalAvgMs=37.0 arrivalP95Ms=78.0 arrivalMaxMs=127.3 sameArrival=1 tickGapMax=2 renderFrames=49 interpolation=10 extrapolation=39 extrapolationCapped=39 extrapolationMaxMs=1033.4 oldestHeld=0 zeroSpan=3 movingFrozen=0 teleport=0 visualStepAvgCm=0.00 visualStepMaxCm=0.00
[rubber-banding][remote-render] time=72.421 frame=7403 entity=2 latestHostTick=68 buffer=8 windowMs=1035.2 fps=47.3 snapshots=28 arrivalSamples=28 arrivalAvgMs=37.0 arrivalP95Ms=78.0 arrivalMaxMs=127.3 sameArrival=1 tickGapMax=2 renderFrames=49 interpolation=10 extrapolation=39 extrapolationCapped=39 extrapolationMaxMs=1033.4 oldestHeld=0 zeroSpan=3 movingFrozen=0 teleport=0 visualStepAvgCm=0.00 visualStepMaxCm=0.00
[rubber-banding][remote-render] time=72.421 frame=7403 entity=4 latestHostTick=68 buffer=8 windowMs=1035.2 fps=47.3 snapshots=28 arrivalSamples=28 arrivalAvgMs=37.0 arrivalP95Ms=78.0 arrivalMaxMs=127.3 sameArrival=1 tickGapMax=2 renderFrames=49 interpolation=10 extrapolation=39 extrapolationCapped=39 extrapolationMaxMs=1033.4 oldestHeld=0 zeroSpan=3 movingFrozen=0 teleport=0 visualStepAvgCm=0.00 visualStepMaxCm=0.00
[rubber-banding][remote-render] time=73.443 frame=7454 entity=1 latestHostTick=130 buffer=8 windowMs=1021.4 fps=49.9 snapshots=31 arrivalSamples=31 arrivalAvgMs=32.9 arrivalP95Ms=66.6 arrivalMaxMs=66.6 sameArrival=0 tickGapMax=2 renderFrames=51 interpolation=51 extrapolation=0 extrapolationCapped=0 extrapolationMaxMs=0.0 oldestHeld=0 zeroSpan=0 movingFrozen=1 teleport=0 visualStepAvgCm=2.17 visualStepMaxCm=20.30
[rubber-banding][remote-render] time=73.443 frame=7454 entity=2 latestHostTick=130 buffer=8 windowMs=1021.4 fps=49.9 snapshots=31 arrivalSamples=31 arrivalAvgMs=32.9 arrivalP95Ms=66.6 arrivalMaxMs=66.6 sameArrival=0 tickGapMax=2 renderFrames=51 interpolation=51 extrapolation=0 extrapolationCapped=0 extrapolationMaxMs=0.0 oldestHeld=0 zeroSpan=0 movingFrozen=0 teleport=0 visualStepAvgCm=0.00 visualStepMaxCm=0.00
[rubber-banding][remote-render] time=73.443 frame=7454 entity=4 latestHostTick=130 buffer=8 windowMs=1021.4 fps=49.9 snapshots=31 arrivalSamples=31 arrivalAvgMs=32.9 arrivalP95Ms=66.6 arrivalMaxMs=66.6 sameArrival=0 tickGapMax=2 renderFrames=51 interpolation=51 extrapolation=0 extrapolationCapped=0 extrapolationMaxMs=0.0 oldestHeld=0 zeroSpan=0 movingFrozen=0 teleport=0 visualStepAvgCm=0.00 visualStepMaxCm=0.00
[rubber-banding][remote-render] time=74.453 frame=7505 entity=1 latestHostTick=190 buffer=8 windowMs=1010.4 fps=50.5 snapshots=30 arrivalSamples=30 arrivalAvgMs=33.1 arrivalP95Ms=75.1 arrivalMaxMs=75.3 sameArrival=0 tickGapMax=2 renderFrames=51 interpolation=51 extrapolation=0 extrapolationCapped=0 extrapolationMaxMs=0.0 oldestHeld=0 zeroSpan=0 movingFrozen=0 teleport=0 visualStepAvgCm=6.59 visualStepMaxCm=26.68
[rubber-banding][large-step] time=74.453 frame=7505 focused=0 entity=1 buffer=8 count=1 maxStepCm=26.68 horizontalCm=26.68 verticalCm=0.00 frameDeltaMs=66.8 renderTickDelta=4.006 fromTick=160 toTick=162 tickSpan=2 receivedSpanMs=58.4 t=0.843 renderOffsetMs=-5.2 sourceHorizontalCm=13.33 sourceVerticalCm=0.00 fromGrounded=1 toGrounded=1 velocity=(-1.636, -2.333, 3.650) expectedTravelCm=30.92 teleport=0 previous=(1.961, 0.008, 3.107) rendered=(1.853, 0.008, 3.351)
[rubber-banding][remote-render] time=74.453 frame=7505 entity=2 latestHostTick=190 buffer=8 windowMs=1010.4 fps=50.5 snapshots=30 arrivalSamples=30 arrivalAvgMs=33.1 arrivalP95Ms=75.1 arrivalMaxMs=75.3 sameArrival=0 tickGapMax=2 renderFrames=51 interpolation=51 extrapolation=0 extrapolationCapped=0 extrapolationMaxMs=0.0 oldestHeld=0 zeroSpan=0 movingFrozen=0 teleport=0 visualStepAvgCm=0.00 visualStepMaxCm=0.00
[rubber-banding][remote-render] time=74.453 frame=7505 entity=4 latestHostTick=190 buffer=8 windowMs=1010.4 fps=50.5 snapshots=30 arrivalSamples=30 arrivalAvgMs=33.1 arrivalP95Ms=75.1 arrivalMaxMs=75.3 sameArrival=0 tickGapMax=2 renderFrames=51 interpolation=51 extrapolation=0 extrapolationCapped=0 extrapolationMaxMs=0.0 oldestHeld=0 zeroSpan=0 movingFrozen=0 teleport=0 visualStepAvgCm=0.00 visualStepMaxCm=0.00
[rubber-banding][remote-render] time=75.454 frame=7556 entity=1 latestHostTick=250 buffer=8 windowMs=1001.0 fps=50.9 snapshots=30 arrivalSamples=30 arrivalAvgMs=33.4 arrivalP95Ms=66.6 arrivalMaxMs=67.0 sameArrival=0 tickGapMax=2 renderFrames=51 interpolation=51 extrapolation=0 extrapolationCapped=0 extrapolationMaxMs=0.0 oldestHeld=0 zeroSpan=0 movingFrozen=0 teleport=0 visualStepAvgCm=2.39 visualStepMaxCm=20.62
[rubber-banding][remote-render] time=75.454 frame=7556 entity=2 latestHostTick=250 buffer=8 windowMs=1001.0 fps=50.9 snapshots=30 arrivalSamples=30 arrivalAvgMs=33.4 arrivalP95Ms=66.6 arrivalMaxMs=67.0 sameArrival=0 tickGapMax=2 renderFrames=51 interpolation=51 extrapolation=0 extrapolationCapped=0 extrapolationMaxMs=0.0 oldestHeld=0 zeroSpan=0 movingFrozen=0 teleport=0 visualStepAvgCm=0.00 visualStepMaxCm=0.00
[rubber-banding][remote-render] time=75.454 frame=7556 entity=4 latestHostTick=250 buffer=8 windowMs=1001.0 fps=50.9 snapshots=30 arrivalSamples=30 arrivalAvgMs=33.4 arrivalP95Ms=66.6 arrivalMaxMs=67.0 sameArrival=0 tickGapMax=2 renderFrames=51 interpolation=51 extrapolation=0 extrapolationCapped=0 extrapolationMaxMs=0.0 oldestHeld=0 zeroSpan=0 movingFrozen=0 teleport=0 visualStepAvgCm=0.00 visualStepMaxCm=0.00
[rubber-banding][remote-render] time=76.488 frame=7605 entity=1 latestHostTick=312 buffer=8 windowMs=1034.0 fps=47.4 snapshots=31 arrivalSamples=31 arrivalAvgMs=33.9 arrivalP95Ms=84.5 arrivalMaxMs=127.3 sameArrival=0 tickGapMax=2 renderFrames=49 interpolation=49 extrapolation=0 extrapolationCapped=0 extrapolationMaxMs=0.0 oldestHeld=0 zeroSpan=0 movingFrozen=0 teleport=0 visualStepAvgCm=5.09 visualStepMaxCm=50.44
[rubber-banding][large-step] time=76.488 frame=7605 focused=0 entity=1 buffer=8 count=2 maxStepCm=50.44 horizontalCm=50.44 verticalCm=0.00 frameDeltaMs=127.3 renderTickDelta=7.893 fromTick=304 toTick=306 tickSpan=2 receivedSpanMs=8.3 t=0.521 renderOffsetMs=-16.0 sourceHorizontalCm=13.33 sourceVerticalCm=0.00 fromGrounded=1 toGrounded=1 velocity=(-2.425, -2.333, -3.181) expectedTravelCm=58.96 teleport=0 previous=(-1.512, 0.008, 4.192) rendered=(-1.861, 0.008, 3.828)
[rubber-banding][remote-render] time=76.488 frame=7605 entity=2 latestHostTick=312 buffer=8 windowMs=1034.0 fps=47.4 snapshots=31 arrivalSamples=31 arrivalAvgMs=33.9 arrivalP95Ms=84.5 arrivalMaxMs=127.3 sameArrival=0 tickGapMax=2 renderFrames=49 interpolation=49 extrapolation=0 extrapolationCapped=0 extrapolationMaxMs=0.0 oldestHeld=0 zeroSpan=0 movingFrozen=0 teleport=0 visualStepAvgCm=0.00 visualStepMaxCm=0.00
[rubber-banding][remote-render] time=76.488 frame=7605 entity=4 latestHostTick=312 buffer=8 windowMs=1034.0 fps=47.4 snapshots=31 arrivalSamples=31 arrivalAvgMs=33.9 arrivalP95Ms=84.5 arrivalMaxMs=127.3 sameArrival=0 tickGapMax=2 renderFrames=49 interpolation=49 extrapolation=0 extrapolationCapped=0 extrapolationMaxMs=0.0 oldestHeld=0 zeroSpan=0 movingFrozen=0 teleport=0 visualStepAvgCm=0.00 visualStepMaxCm=0.00
[rubber-banding][remote-render] time=77.490 frame=7657 entity=1 latestHostTick=372 buffer=8 windowMs=1002.0 fps=51.9 snapshots=30 arrivalSamples=30 arrivalAvgMs=32.8 arrivalP95Ms=67.3 arrivalMaxMs=101.2 sameArrival=0 tickGapMax=2 renderFrames=52 interpolation=52 extrapolation=0 extrapolationCapped=0 extrapolationMaxMs=0.0 oldestHeld=0 zeroSpan=0 movingFrozen=1 teleport=0 visualStepAvgCm=2.13 visualStepMaxCm=20.61
[rubber-banding][remote-render] time=77.490 frame=7657 entity=2 latestHostTick=372 buffer=8 windowMs=1002.0 fps=51.9 snapshots=30 arrivalSamples=30 arrivalAvgMs=32.8 arrivalP95Ms=67.3 arrivalMaxMs=101.2 sameArrival=0 tickGapMax=2 renderFrames=52 interpolation=52 extrapolation=0 extrapolationCapped=0 extrapolationMaxMs=0.0 oldestHeld=0 zeroSpan=0 movingFrozen=0 teleport=0 visualStepAvgCm=0.00 visualStepMaxCm=0.00
[rubber-banding][remote-render] time=77.490 frame=7657 entity=4 latestHostTick=372 buffer=8 windowMs=1002.0 fps=51.9 snapshots=30 arrivalSamples=30 arrivalAvgMs=32.8 arrivalP95Ms=67.3 arrivalMaxMs=101.2 sameArrival=0 tickGapMax=2 renderFrames=52 interpolation=52 extrapolation=0 extrapolationCapped=0 extrapolationMaxMs=0.0 oldestHeld=0 zeroSpan=0 movingFrozen=0 teleport=0 visualStepAvgCm=0.00 visualStepMaxCm=0.00
[rubber-banding][remote-render] time=78.509 frame=7709 entity=1 latestHostTick=432 buffer=8 windowMs=1018.9 fps=51.0 snapshots=30 arrivalSamples=30 arrivalAvgMs=33.4 arrivalP95Ms=59.1 arrivalMaxMs=67.0 sameArrival=0 tickGapMax=2 renderFrames=52 interpolation=52 extrapolation=0 extrapolationCapped=0 extrapolationMaxMs=0.0 oldestHeld=0 zeroSpan=0 movingFrozen=0 teleport=0 visualStepAvgCm=1.64 visualStepMaxCm=11.61
[rubber-banding][remote-render] time=78.509 frame=7709 entity=2 latestHostTick=432 buffer=8 windowMs=1018.9 fps=51.0 snapshots=30 arrivalSamples=30 arrivalAvgMs=33.4 arrivalP95Ms=59.1 arrivalMaxMs=67.0 sameArrival=0 tickGapMax=2 renderFrames=52 interpolation=52 extrapolation=0 extrapolationCapped=0 extrapolationMaxMs=0.0 oldestHeld=0 zeroSpan=0 movingFrozen=0 teleport=0 visualStepAvgCm=0.00 visualStepMaxCm=0.00
[rubber-banding][remote-render] time=78.509 frame=7709 entity=4 latestHostTick=432 buffer=8 windowMs=1018.9 fps=51.0 snapshots=30 arrivalSamples=30 arrivalAvgMs=33.4 arrivalP95Ms=59.1 arrivalMaxMs=67.0 sameArrival=0 tickGapMax=2 renderFrames=52 interpolation=52 extrapolation=0 extrapolationCapped=0 extrapolationMaxMs=0.0 oldestHeld=0 zeroSpan=0 movingFrozen=0 teleport=0 visualStepAvgCm=0.00 visualStepMaxCm=0.00
[rubber-banding][remote-render] time=79.510 frame=7763 entity=1 latestHostTick=494 buffer=8 windowMs=1000.9 fps=53.9 snapshots=31 arrivalSamples=31 arrivalAvgMs=33.4 arrivalP95Ms=66.7 arrivalMaxMs=75.1 sameArrival=0 tickGapMax=2 renderFrames=54 interpolation=54 extrapolation=0 extrapolationCapped=0 extrapolationMaxMs=0.0 oldestHeld=0 zeroSpan=0 movingFrozen=2 teleport=0 visualStepAvgCm=1.84 visualStepMaxCm=8.29
[rubber-banding][remote-render] time=79.510 frame=7763 entity=2 latestHostTick=494 buffer=8 windowMs=1000.9 fps=53.9 snapshots=31 arrivalSamples=31 arrivalAvgMs=33.4 arrivalP95Ms=66.7 arrivalMaxMs=75.1 sameArrival=0 tickGapMax=2 renderFrames=54 interpolation=54 extrapolation=0 extrapolationCapped=0 extrapolationMaxMs=0.0 oldestHeld=0 zeroSpan=0 movingFrozen=0 teleport=0 visualStepAvgCm=0.00 visualStepMaxCm=0.00
[rubber-banding][remote-render] time=79.510 frame=7763 entity=4 latestHostTick=494 buffer=8 windowMs=1000.9 fps=53.9 snapshots=31 arrivalSamples=31 arrivalAvgMs=33.4 arrivalP95Ms=66.7 arrivalMaxMs=75.1 sameArrival=0 tickGapMax=2 renderFrames=54 interpolation=54 extrapolation=0 extrapolationCapped=0 extrapolationMaxMs=0.0 oldestHeld=0 zeroSpan=0 movingFrozen=0 teleport=0 visualStepAvgCm=0.00 visualStepMaxCm=0.00
[rubber-banding][remote-render] time=80.523 frame=7817 entity=1 latestHostTick=554 buffer=8 windowMs=1012.9 fps=53.3 snapshots=30 arrivalSamples=30 arrivalAvgMs=32.9 arrivalP95Ms=67.4 arrivalMaxMs=92.6 sameArrival=0 tickGapMax=2 renderFrames=54 interpolation=54 extrapolation=0 extrapolationCapped=0 extrapolationMaxMs=0.0 oldestHeld=0 zeroSpan=0 movingFrozen=0 teleport=0 visualStepAvgCm=4.48 visualStepMaxCm=26.89
[rubber-banding][large-step] time=80.523 frame=7817 focused=0 entity=1 buffer=8 count=1 maxStepCm=26.89 horizontalCm=26.89 verticalCm=0.00 frameDeltaMs=67.4 renderTickDelta=4.042 fromTick=546 toTick=548 tickSpan=2 receivedSpanMs=16.7 t=0.074 renderOffsetMs=-30.9 sourceHorizontalCm=13.33 sourceVerticalCm=0.00 fromGrounded=1 toGrounded=1 velocity=(-2.109, -2.333, -3.399) expectedTravelCm=31.20 teleport=0 previous=(-1.827, 0.008, -1.016) rendered=(-1.940, 0.008, -1.260)
[rubber-banding][remote-render] time=80.523 frame=7817 entity=2 latestHostTick=554 buffer=8 windowMs=1012.9 fps=53.3 snapshots=30 arrivalSamples=30 arrivalAvgMs=32.9 arrivalP95Ms=67.4 arrivalMaxMs=92.6 sameArrival=0 tickGapMax=2 renderFrames=54 interpolation=54 extrapolation=0 extrapolationCapped=0 extrapolationMaxMs=0.0 oldestHeld=0 zeroSpan=0 movingFrozen=0 teleport=0 visualStepAvgCm=0.00 visualStepMaxCm=0.00
[rubber-banding][remote-render] time=80.523 frame=7817 entity=4 latestHostTick=554 buffer=8 windowMs=1012.9 fps=53.3 snapshots=30 arrivalSamples=30 arrivalAvgMs=32.9 arrivalP95Ms=67.4 arrivalMaxMs=92.6 sameArrival=0 tickGapMax=2 renderFrames=54 interpolation=54 extrapolation=0 extrapolationCapped=0 extrapolationMaxMs=0.0 oldestHeld=0 zeroSpan=0 movingFrozen=0 teleport=0 visualStepAvgCm=0.00 visualStepMaxCm=0.00
Direct3D: detected that IDXGISwapChain::GetFrameStatistics is broken (it does not return proper timestamps). Delta time will now be calculated using cpu-side time stampling until the game window is moved.
[rubber-banding][remote-render] time=81.606 frame=7875 entity=1 latestHostTick=618 buffer=8 windowMs=1082.9 fps=53.6 snapshots=32 arrivalSamples=32 arrivalAvgMs=34.6 arrivalP95Ms=92.4 arrivalMaxMs=144.3 sameArrival=0 tickGapMax=2 renderFrames=58 interpolation=58 extrapolation=0 extrapolationCapped=0 extrapolationMaxMs=0.0 oldestHeld=0 zeroSpan=0 movingFrozen=0 teleport=0 visualStepAvgCm=7.46 visualStepMaxCm=57.73
[rubber-banding][large-step] time=81.606 frame=7875 focused=0 entity=1 buffer=8 count=3 maxStepCm=57.73 horizontalCm=57.73 verticalCm=0.00 frameDeltaMs=144.3 renderTickDelta=8.660 fromTick=614 toTick=616 tickSpan=2 receivedSpanMs=25.0 t=0.573 renderOffsetMs=-14.2 sourceHorizontalCm=13.33 sourceVerticalCm=0.00 fromGrounded=1 toGrounded=1 velocity=(-0.566, -2.333, 3.960) expectedTravelCm=66.84 teleport=0 previous=(-4.732, 0.008, -0.563) rendered=(-4.813, 0.008, 0.009)
[rubber-banding][remote-render] time=81.606 frame=7875 entity=2 latestHostTick=618 buffer=8 windowMs=1082.9 fps=53.6 snapshots=32 arrivalSamples=32 arrivalAvgMs=34.6 arrivalP95Ms=92.4 arrivalMaxMs=144.3 sameArrival=0 tickGapMax=2 renderFrames=58 interpolation=58 extrapolation=0 extrapolationCapped=0 extrapolationMaxMs=0.0 oldestHeld=0 zeroSpan=0 movingFrozen=0 teleport=0 visualStepAvgCm=0.00 visualStepMaxCm=0.00
[rubber-banding][remote-render] time=81.606 frame=7875 entity=4 latestHostTick=618 buffer=8 windowMs=1082.9 fps=53.6 snapshots=32 arrivalSamples=32 arrivalAvgMs=34.6 arrivalP95Ms=92.4 arrivalMaxMs=144.3 sameArrival=0 tickGapMax=2 renderFrames=58 interpolation=58 extrapolation=0 extrapolationCapped=0 extrapolationMaxMs=0.0 oldestHeld=0 zeroSpan=0 movingFrozen=0 teleport=0 visualStepAvgCm=0.00 visualStepMaxCm=0.00
[rubber-banding][remote-render] time=82.614 frame=7928 entity=1 latestHostTick=678 buffer=8 windowMs=1008.0 fps=52.6 snapshots=30 arrivalSamples=30 arrivalAvgMs=33.0 arrivalP95Ms=43.1 arrivalMaxMs=48.5 sameArrival=0 tickGapMax=2 renderFrames=53 interpolation=53 extrapolation=0 extrapolationCapped=0 extrapolationMaxMs=0.0 oldestHeld=0 zeroSpan=0 movingFrozen=0 teleport=0 visualStepAvgCm=7.54 visualStepMaxCm=12.96
[rubber-banding][remote-render] time=82.614 frame=7928 entity=2 latestHostTick=678 buffer=8 windowMs=1008.0 fps=52.6 snapshots=30 arrivalSamples=30 arrivalAvgMs=33.0 arrivalP95Ms=43.1 arrivalMaxMs=48.5 sameArrival=0 tickGapMax=2 renderFrames=53 interpolation=53 extrapolation=0 extrapolationCapped=0 extrapolationMaxMs=0.0 oldestHeld=0 zeroSpan=0 movingFrozen=0 teleport=0 visualStepAvgCm=0.00 visualStepMaxCm=0.00
[rubber-banding][remote-render] time=82.614 frame=7928 entity=4 latestHostTick=678 buffer=8 windowMs=1008.0 fps=52.6 snapshots=30 arrivalSamples=30 arrivalAvgMs=33.0 arrivalP95Ms=43.1 arrivalMaxMs=48.5 sameArrival=0 tickGapMax=2 renderFrames=53 interpolation=53 extrapolation=0 extrapolationCapped=0 extrapolationMaxMs=0.0 oldestHeld=0 zeroSpan=0 movingFrozen=0 teleport=0 visualStepAvgCm=0.00 visualStepMaxCm=0.00
[rubber-banding][remote-render] time=83.629 frame=7984 entity=1 latestHostTick=740 buffer=8 windowMs=1015.6 fps=55.1 snapshots=31 arrivalSamples=31 arrivalAvgMs=33.3 arrivalP95Ms=48.5 arrivalMaxMs=50.0 sameArrival=0 tickGapMax=2 renderFrames=56 interpolation=56 extrapolation=0 extrapolationCapped=0 extrapolationMaxMs=0.0 oldestHeld=0 zeroSpan=0 movingFrozen=1 teleport=0 visualStepAvgCm=2.96 visualStepMaxCm=9.74
[rubber-banding][remote-render] time=83.629 frame=7984 entity=2 latestHostTick=740 buffer=8 windowMs=1015.6 fps=55.1 snapshots=31 arrivalSamples=31 arrivalAvgMs=33.3 arrivalP95Ms=48.5 arrivalMaxMs=50.0 sameArrival=0 tickGapMax=2 renderFrames=56 interpolation=56 extrapolation=0 extrapolationCapped=0 extrapolationMaxMs=0.0 oldestHeld=0 zeroSpan=0 movingFrozen=0 teleport=0 visualStepAvgCm=0.00 visualStepMaxCm=0.00
[rubber-banding][remote-render] time=83.629 frame=7984 entity=4 latestHostTick=740 buffer=8 windowMs=1015.6 fps=55.1 snapshots=31 arrivalSamples=31 arrivalAvgMs=33.3 arrivalP95Ms=48.5 arrivalMaxMs=50.0 sameArrival=0 tickGapMax=2 renderFrames=56 interpolation=56 extrapolation=0 extrapolationCapped=0 extrapolationMaxMs=0.0 oldestHeld=0 zeroSpan=0 movingFrozen=0 teleport=0 visualStepAvgCm=0.00 visualStepMaxCm=0.00
[rubber-banding][remote-render] time=84.637 frame=8039 entity=1 latestHostTick=800 buffer=8 windowMs=1007.3 fps=54.6 snapshots=30 arrivalSamples=30 arrivalAvgMs=33.6 arrivalP95Ms=48.9 arrivalMaxMs=60.0 sameArrival=0 tickGapMax=2 renderFrames=55 interpolation=55 extrapolation=0 extrapolationCapped=0 extrapolationMaxMs=0.0 oldestHeld=0 zeroSpan=0 movingFrozen=0 teleport=0 visualStepAvgCm=7.23 visualStepMaxCm=13.19
[rubber-banding][remote-render] time=84.637 frame=8039 entity=2 latestHostTick=800 buffer=8 windowMs=1007.3 fps=54.6 snapshots=30 arrivalSamples=30 arrivalAvgMs=33.6 arrivalP95Ms=48.9 arrivalMaxMs=60.0 sameArrival=0 tickGapMax=2 renderFrames=55 interpolation=55 extrapolation=0 extrapolationCapped=0 extrapolationMaxMs=0.0 oldestHeld=0 zeroSpan=0 movingFrozen=0 teleport=0 visualStepAvgCm=0.00 visualStepMaxCm=0.00
[rubber-banding][remote-render] time=84.637 frame=8039 entity=4 latestHostTick=800 buffer=8 windowMs=1007.3 fps=54.6 snapshots=30 arrivalSamples=30 arrivalAvgMs=33.6 arrivalP95Ms=48.9 arrivalMaxMs=60.0 sameArrival=0 tickGapMax=2 renderFrames=55 interpolation=55 extrapolation=0 extrapolationCapped=0 extrapolationMaxMs=0.0 oldestHeld=0 zeroSpan=0 movingFrozen=0 teleport=0 visualStepAvgCm=0.00 visualStepMaxCm=0.00
[rubber-banding][remote-render] time=85.648 frame=8092 entity=1 latestHostTick=862 buffer=8 windowMs=1011.8 fps=52.4 snapshots=31 arrivalSamples=31 arrivalAvgMs=32.6 arrivalP95Ms=45.8 arrivalMaxMs=51.2 sameArrival=1 tickGapMax=2 renderFrames=53 interpolation=53 extrapolation=0 extrapolationCapped=0 extrapolationMaxMs=0.0 oldestHeld=0 zeroSpan=1 movingFrozen=0 teleport=0 visualStepAvgCm=3.60 visualStepMaxCm=13.19
[rubber-banding][remote-render] time=85.648 frame=8092 entity=2 latestHostTick=862 buffer=8 windowMs=1011.8 fps=52.4 snapshots=31 arrivalSamples=31 arrivalAvgMs=32.6 arrivalP95Ms=45.8 arrivalMaxMs=51.2 sameArrival=1 tickGapMax=2 renderFrames=53 interpolation=53 extrapolation=0 extrapolationCapped=0 extrapolationMaxMs=0.0 oldestHeld=0 zeroSpan=1 movingFrozen=0 teleport=0 visualStepAvgCm=0.00 visualStepMaxCm=0.00
[rubber-banding][remote-render] time=85.648 frame=8092 entity=4 latestHostTick=862 buffer=8 windowMs=1011.8 fps=52.4 snapshots=31 arrivalSamples=31 arrivalAvgMs=32.6 arrivalP95Ms=45.8 arrivalMaxMs=51.2 sameArrival=1 tickGapMax=2 renderFrames=53 interpolation=53 extrapolation=0 extrapolationCapped=0 extrapolationMaxMs=0.0 oldestHeld=0 zeroSpan=1 movingFrozen=0 teleport=0 visualStepAvgCm=0.00 visualStepMaxCm=0.00
[rubber-banding][remote-render] time=86.666 frame=8146 entity=1 latestHostTick=922 buffer=8 windowMs=1017.5 fps=53.1 snapshots=30 arrivalSamples=30 arrivalAvgMs=33.3 arrivalP95Ms=58.4 arrivalMaxMs=59.8 sameArrival=0 tickGapMax=2 renderFrames=54 interpolation=54 extrapolation=0 extrapolationCapped=0 extrapolationMaxMs=0.0 oldestHeld=0 zeroSpan=0 movingFrozen=1 teleport=0 visualStepAvgCm=3.97 visualStepMaxCm=13.24
[rubber-banding][remote-render] time=86.666 frame=8146 entity=2 latestHostTick=922 buffer=8 windowMs=1017.5 fps=53.1 snapshots=30 arrivalSamples=30 arrivalAvgMs=33.3 arrivalP95Ms=58.4 arrivalMaxMs=59.8 sameArrival=0 tickGapMax=2 renderFrames=54 interpolation=54 extrapolation=0 extrapolationCapped=0 extrapolationMaxMs=0.0 oldestHeld=0 zeroSpan=0 movingFrozen=0 teleport=0 visualStepAvgCm=0.00 visualStepMaxCm=0.00
[rubber-banding][remote-render] time=86.666 frame=8146 entity=4 latestHostTick=922 buffer=8 windowMs=1017.5 fps=53.1 snapshots=30 arrivalSamples=30 arrivalAvgMs=33.3 arrivalP95Ms=58.4 arrivalMaxMs=59.8 sameArrival=0 tickGapMax=2 renderFrames=54 interpolation=54 extrapolation=0 extrapolationCapped=0 extrapolationMaxMs=0.0 oldestHeld=0 zeroSpan=0 movingFrozen=0 teleport=0 visualStepAvgCm=0.00 visualStepMaxCm=0.00
[rubber-banding][remote-render] time=87.668 frame=8202 entity=1 latestHostTick=982 buffer=8 windowMs=1002.1 fps=55.9 snapshots=30 arrivalSamples=30 arrivalAvgMs=33.4 arrivalP95Ms=42.1 arrivalMaxMs=43.5 sameArrival=0 tickGapMax=2 renderFrames=56 interpolation=56 extrapolation=0 extrapolationCapped=0 extrapolationMaxMs=0.0 oldestHeld=0 zeroSpan=0 movingFrozen=0 teleport=0 visualStepAvgCm=7.15 visualStepMaxCm=10.64
[rubber-banding][remote-render] time=87.668 frame=8202 entity=2 latestHostTick=982 buffer=8 windowMs=1002.1 fps=55.9 snapshots=30 arrivalSamples=30 arrivalAvgMs=33.4 arrivalP95Ms=42.1 arrivalMaxMs=43.5 sameArrival=0 tickGapMax=2 renderFrames=56 interpolation=56 extrapolation=0 extrapolationCapped=0 extrapolationMaxMs=0.0 oldestHeld=0 zeroSpan=0 movingFrozen=0 teleport=0 visualStepAvgCm=0.00 visualStepMaxCm=0.00
[rubber-banding][remote-render] time=87.668 frame=8202 entity=4 latestHostTick=982 buffer=8 windowMs=1002.1 fps=55.9 snapshots=30 arrivalSamples=30 arrivalAvgMs=33.4 arrivalP95Ms=42.1 arrivalMaxMs=43.5 sameArrival=0 tickGapMax=2 renderFrames=56 interpolation=56 extrapolation=0 extrapolationCapped=0 extrapolationMaxMs=0.0 oldestHeld=0 zeroSpan=0 movingFrozen=0 teleport=0 visualStepAvgCm=0.00 visualStepMaxCm=0.00
[rubber-banding][remote-render] time=88.674 frame=8260 entity=1 latestHostTick=1042 buffer=8 windowMs=1005.7 fps=57.7 snapshots=30 arrivalSamples=30 arrivalAvgMs=33.7 arrivalP95Ms=42.8 arrivalMaxMs=52.6 sameArrival=0 tickGapMax=2 renderFrames=58 interpolation=58 extrapolation=0 extrapolationCapped=0 extrapolationMaxMs=0.0 oldestHeld=0 zeroSpan=0 movingFrozen=1 teleport=0 visualStepAvgCm=2.78 visualStepMaxCm=10.06
[rubber-banding][remote-render] time=88.674 frame=8260 entity=2 latestHostTick=1042 buffer=8 windowMs=1005.7 fps=57.7 snapshots=30 arrivalSamples=30 arrivalAvgMs=33.7 arrivalP95Ms=42.8 arrivalMaxMs=52.6 sameArrival=0 tickGapMax=2 renderFrames=58 interpolation=58 extrapolation=0 extrapolationCapped=0 extrapolationMaxMs=0.0 oldestHeld=0 zeroSpan=0 movingFrozen=0 teleport=0 visualStepAvgCm=0.00 visualStepMaxCm=0.00
[rubber-banding][remote-render] time=88.674 frame=8260 entity=4 latestHostTick=1042 buffer=8 windowMs=1005.7 fps=57.7 snapshots=30 arrivalSamples=30 arrivalAvgMs=33.7 arrivalP95Ms=42.8 arrivalMaxMs=52.6 sameArrival=0 tickGapMax=2 renderFrames=58 interpolation=58 extrapolation=0 extrapolationCapped=0 extrapolationMaxMs=0.0 oldestHeld=0 zeroSpan=0 movingFrozen=0 teleport=0 visualStepAvgCm=0.00 visualStepMaxCm=0.00
[rubber-banding][remote-render] time=89.684 frame=8314 entity=1 latestHostTick=1104 buffer=8 windowMs=1010.7 fps=53.4 snapshots=31 arrivalSamples=31 arrivalAvgMs=33.0 arrivalP95Ms=45.1 arrivalMaxMs=51.9 sameArrival=0 tickGapMax=2 renderFrames=54 interpolation=54 extrapolation=0 extrapolationCapped=0 extrapolationMaxMs=0.0 oldestHeld=0 zeroSpan=0 movingFrozen=0 teleport=0 visualStepAvgCm=6.75 visualStepMaxCm=15.38
[rubber-banding][remote-render] time=89.684 frame=8314 entity=2 latestHostTick=1104 buffer=8 windowMs=1010.7 fps=53.4 snapshots=31 arrivalSamples=31 arrivalAvgMs=33.0 arrivalP95Ms=45.1 arrivalMaxMs=51.9 sameArrival=0 tickGapMax=2 renderFrames=54 interpolation=54 extrapolation=0 extrapolationCapped=0 extrapolationMaxMs=0.0 oldestHeld=0 zeroSpan=0 movingFrozen=0 teleport=0 visualStepAvgCm=0.00 visualStepMaxCm=0.00
[rubber-banding][remote-render] time=89.684 frame=8314 entity=4 latestHostTick=1104 buffer=8 windowMs=1010.7 fps=53.4 snapshots=31 arrivalSamples=31 arrivalAvgMs=33.0 arrivalP95Ms=45.1 arrivalMaxMs=51.9 sameArrival=0 tickGapMax=2 renderFrames=54 interpolation=54 extrapolation=0 extrapolationCapped=0 extrapolationMaxMs=0.0 oldestHeld=0 zeroSpan=0 movingFrozen=0 teleport=0 visualStepAvgCm=0.00 visualStepMaxCm=0.00
[rubber-banding][remote-render] time=90.691 frame=8371 entity=1 latestHostTick=1164 buffer=8 windowMs=1006.8 fps=56.6 snapshots=30 arrivalSamples=30 arrivalAvgMs=33.6 arrivalP95Ms=43.4 arrivalMaxMs=52.2 sameArrival=0 tickGapMax=2 renderFrames=57 interpolation=57 extrapolation=0 extrapolationCapped=0 extrapolationMaxMs=0.0 oldestHeld=0 zeroSpan=0 movingFrozen=0 teleport=0 visualStepAvgCm=7.05 visualStepMaxCm=12.63
[rubber-banding][remote-render] time=90.691 frame=8371 entity=2 latestHostTick=1164 buffer=8 windowMs=1006.8 fps=56.6 snapshots=30 arrivalSamples=30 arrivalAvgMs=33.6 arrivalP95Ms=43.4 arrivalMaxMs=52.2 sameArrival=0 tickGapMax=2 renderFrames=57 interpolation=57 extrapolation=0 extrapolationCapped=0 extrapolationMaxMs=0.0 oldestHeld=0 zeroSpan=0 movingFrozen=0 teleport=0 visualStepAvgCm=0.00 visualStepMaxCm=0.00
[rubber-banding][remote-render] time=90.691 frame=8371 entity=4 latestHostTick=1164 buffer=8 windowMs=1006.8 fps=56.6 snapshots=30 arrivalSamples=30 arrivalAvgMs=33.6 arrivalP95Ms=43.4 arrivalMaxMs=52.2 sameArrival=0 tickGapMax=2 renderFrames=57 interpolation=57 extrapolation=0 extrapolationCapped=0 extrapolationMaxMs=0.0 oldestHeld=0 zeroSpan=0 movingFrozen=0 teleport=0 visualStepAvgCm=0.00 visualStepMaxCm=0.00
[rubber-banding][remote-render] time=91.693 frame=8427 entity=1 latestHostTick=1224 buffer=8 windowMs=1001.4 fps=55.9 snapshots=30 arrivalSamples=30 arrivalAvgMs=33.4 arrivalP95Ms=50.3 arrivalMaxMs=52.8 sameArrival=0 tickGapMax=2 renderFrames=56 interpolation=56 extrapolation=0 extrapolationCapped=0 extrapolationMaxMs=0.0 oldestHeld=0 zeroSpan=0 movingFrozen=0 teleport=0 visualStepAvgCm=6.32 visualStepMaxCm=10.83
[rubber-banding][remote-render] time=91.693 frame=8427 entity=2 latestHostTick=1224 buffer=8 windowMs=1001.4 fps=55.9 snapshots=30 arrivalSamples=30 arrivalAvgMs=33.4 arrivalP95Ms=50.3 arrivalMaxMs=52.8 sameArrival=0 tickGapMax=2 renderFrames=56 interpolation=56 extrapolation=0 extrapolationCapped=0 extrapolationMaxMs=0.0 oldestHeld=0 zeroSpan=0 movingFrozen=0 teleport=0 visualStepAvgCm=0.00 visualStepMaxCm=0.00
[rubber-banding][remote-render] time=91.693 frame=8427 entity=4 latestHostTick=1224 buffer=8 windowMs=1001.4 fps=55.9 snapshots=30 arrivalSamples=30 arrivalAvgMs=33.4 arrivalP95Ms=50.3 arrivalMaxMs=52.8 sameArrival=0 tickGapMax=2 renderFrames=56 interpolation=56 extrapolation=0 extrapolationCapped=0 extrapolationMaxMs=0.0 oldestHeld=0 zeroSpan=0 movingFrozen=0 teleport=0 visualStepAvgCm=0.00 visualStepMaxCm=0.00
[rubber-banding][remote-render] time=92.707 frame=8484 entity=1 latestHostTick=1284 buffer=8 windowMs=1014.9 fps=56.2 snapshots=30 arrivalSamples=30 arrivalAvgMs=33.3 arrivalP95Ms=44.1 arrivalMaxMs=53.2 sameArrival=0 tickGapMax=2 renderFrames=57 interpolation=57 extrapolation=0 extrapolationCapped=0 extrapolationMaxMs=0.0 oldestHeld=0 zeroSpan=0 movingFrozen=0 teleport=0 visualStepAvgCm=7.09 visualStepMaxCm=10.38
[rubber-banding][remote-render] time=92.707 frame=8484 entity=2 latestHostTick=1284 buffer=8 windowMs=1014.9 fps=56.2 snapshots=30 arrivalSamples=30 arrivalAvgMs=33.3 arrivalP95Ms=44.1 arrivalMaxMs=53.2 sameArrival=0 tickGapMax=2 renderFrames=57 interpolation=57 extrapolation=0 extrapolationCapped=0 extrapolationMaxMs=0.0 oldestHeld=0 zeroSpan=0 movingFrozen=0 teleport=0 visualStepAvgCm=0.00 visualStepMaxCm=0.00
[rubber-banding][remote-render] time=92.707 frame=8484 entity=4 latestHostTick=1284 buffer=8 windowMs=1014.9 fps=56.2 snapshots=30 arrivalSamples=30 arrivalAvgMs=33.3 arrivalP95Ms=44.1 arrivalMaxMs=53.2 sameArrival=0 tickGapMax=2 renderFrames=57 interpolation=57 extrapolation=0 extrapolationCapped=0 extrapolationMaxMs=0.0 oldestHeld=0 zeroSpan=0 movingFrozen=0 teleport=0 visualStepAvgCm=0.00 visualStepMaxCm=0.00
[rubber-banding][remote-render] time=93.715 frame=8543 entity=1 latestHostTick=1344 buffer=8 windowMs=1007.2 fps=58.6 snapshots=30 arrivalSamples=30 arrivalAvgMs=33.5 arrivalP95Ms=42.2 arrivalMaxMs=50.4 sameArrival=1 tickGapMax=2 renderFrames=59 interpolation=59 extrapolation=0 extrapolationCapped=0 extrapolationMaxMs=0.0 oldestHeld=0 zeroSpan=1 movingFrozen=0 teleport=0 visualStepAvgCm=5.33 visualStepMaxCm=16.51
[rubber-banding][remote-render] time=93.715 frame=8543 entity=2 latestHostTick=1344 buffer=8 windowMs=1007.2 fps=58.6 snapshots=30 arrivalSamples=30 arrivalAvgMs=33.5 arrivalP95Ms=42.2 arrivalMaxMs=50.4 sameArrival=1 tickGapMax=2 renderFrames=59 interpolation=59 extrapolation=0 extrapolationCapped=0 extrapolationMaxMs=0.0 oldestHeld=0 zeroSpan=1 movingFrozen=0 teleport=0 visualStepAvgCm=0.00 visualStepMaxCm=0.00
[rubber-banding][remote-render] time=93.715 frame=8543 entity=4 latestHostTick=1344 buffer=8 windowMs=1007.2 fps=58.6 snapshots=30 arrivalSamples=30 arrivalAvgMs=33.5 arrivalP95Ms=42.2 arrivalMaxMs=50.4 sameArrival=1 tickGapMax=2 renderFrames=59 interpolation=59 extrapolation=0 extrapolationCapped=0 extrapolationMaxMs=0.0 oldestHeld=0 zeroSpan=1 movingFrozen=0 teleport=0 visualStepAvgCm=0.00 visualStepMaxCm=0.00
[rubber-banding][remote-render] time=94.725 frame=8601 entity=1 latestHostTick=1406 buffer=8 windowMs=1010.4 fps=57.4 snapshots=31 arrivalSamples=31 arrivalAvgMs=33.2 arrivalP95Ms=49.9 arrivalMaxMs=51.2 sameArrival=0 tickGapMax=2 renderFrames=58 interpolation=58 extrapolation=0 extrapolationCapped=0 extrapolationMaxMs=0.0 oldestHeld=0 zeroSpan=0 movingFrozen=0 teleport=0 visualStepAvgCm=6.78 visualStepMaxCm=15.49
[rubber-banding][remote-render] time=94.725 frame=8601 entity=2 latestHostTick=1406 buffer=8 windowMs=1010.4 fps=57.4 snapshots=31 arrivalSamples=31 arrivalAvgMs=33.2 arrivalP95Ms=49.9 arrivalMaxMs=51.2 sameArrival=0 tickGapMax=2 renderFrames=58 interpolation=58 extrapolation=0 extrapolationCapped=0 extrapolationMaxMs=0.0 oldestHeld=0 zeroSpan=0 movingFrozen=0 teleport=0 visualStepAvgCm=0.00 visualStepMaxCm=0.00
[rubber-banding][remote-render] time=94.725 frame=8601 entity=4 latestHostTick=1406 buffer=8 windowMs=1010.4 fps=57.4 snapshots=31 arrivalSamples=31 arrivalAvgMs=33.2 arrivalP95Ms=49.9 arrivalMaxMs=51.2 sameArrival=0 tickGapMax=2 renderFrames=58 interpolation=58 extrapolation=0 extrapolationCapped=0 extrapolationMaxMs=0.0 oldestHeld=0 zeroSpan=0 movingFrozen=0 teleport=0 visualStepAvgCm=0.00 visualStepMaxCm=0.00
[rubber-banding][remote-render] time=95.732 frame=8660 entity=1 latestHostTick=1466 buffer=8 windowMs=1007.0 fps=58.6 snapshots=30 arrivalSamples=30 arrivalAvgMs=33.6 arrivalP95Ms=41.9 arrivalMaxMs=42.1 sameArrival=0 tickGapMax=2 renderFrames=59 interpolation=59 extrapolation=0 extrapolationCapped=0 extrapolationMaxMs=0.0 oldestHeld=0 zeroSpan=0 movingFrozen=0 teleport=0 visualStepAvgCm=6.81 visualStepMaxCm=13.61
[rubber-banding][remote-render] time=95.732 frame=8660 entity=2 latestHostTick=1466 buffer=8 windowMs=1007.0 fps=58.6 snapshots=30 arrivalSamples=30 arrivalAvgMs=33.6 arrivalP95Ms=41.9 arrivalMaxMs=42.1 sameArrival=0 tickGapMax=2 renderFrames=59 interpolation=59 extrapolation=0 extrapolationCapped=0 extrapolationMaxMs=0.0 oldestHeld=0 zeroSpan=0 movingFrozen=0 teleport=0 visualStepAvgCm=0.00 visualStepMaxCm=0.00
[rubber-banding][remote-render] time=95.732 frame=8660 entity=4 latestHostTick=1466 buffer=8 windowMs=1007.0 fps=58.6 snapshots=30 arrivalSamples=30 arrivalAvgMs=33.6 arrivalP95Ms=41.9 arrivalMaxMs=42.1 sameArrival=0 tickGapMax=2 renderFrames=59 interpolation=59 extrapolation=0 extrapolationCapped=0 extrapolationMaxMs=0.0 oldestHeld=0 zeroSpan=0 movingFrozen=0 teleport=0 visualStepAvgCm=0.00 visualStepMaxCm=0.00
[rubber-banding][remote-render] time=96.748 frame=8717 entity=1 latestHostTick=1526 buffer=8 windowMs=1015.7 fps=56.1 snapshots=30 arrivalSamples=30 arrivalAvgMs=33.2 arrivalP95Ms=45.2 arrivalMaxMs=50.0 sameArrival=0 tickGapMax=2 renderFrames=57 interpolation=57 extrapolation=0 extrapolationCapped=0 extrapolationMaxMs=0.0 oldestHeld=0 zeroSpan=0 movingFrozen=0 teleport=0 visualStepAvgCm=6.46 visualStepMaxCm=11.35
[rubber-banding][remote-render] time=96.748 frame=8717 entity=2 latestHostTick=1526 buffer=8 windowMs=1015.7 fps=56.1 snapshots=30 arrivalSamples=30 arrivalAvgMs=33.2 arrivalP95Ms=45.2 arrivalMaxMs=50.0 sameArrival=0 tickGapMax=2 renderFrames=57 interpolation=57 extrapolation=0 extrapolationCapped=0 extrapolationMaxMs=0.0 oldestHeld=0 zeroSpan=0 movingFrozen=0 teleport=0 visualStepAvgCm=0.00 visualStepMaxCm=0.00
[rubber-banding][remote-render] time=96.748 frame=8717 entity=4 latestHostTick=1526 buffer=8 windowMs=1015.7 fps=56.1 snapshots=30 arrivalSamples=30 arrivalAvgMs=33.2 arrivalP95Ms=45.2 arrivalMaxMs=50.0 sameArrival=0 tickGapMax=2 renderFrames=57 interpolation=57 extrapolation=0 extrapolationCapped=0 extrapolationMaxMs=0.0 oldestHeld=0 zeroSpan=0 movingFrozen=0 teleport=0 visualStepAvgCm=0.00 visualStepMaxCm=0.00
[rubber-banding][remote-render] time=97.751 frame=8774 entity=1 latestHostTick=1586 buffer=8 windowMs=1003.3 fps=56.8 snapshots=30 arrivalSamples=30 arrivalAvgMs=33.5 arrivalP95Ms=41.6 arrivalMaxMs=42.6 sameArrival=0 tickGapMax=2 renderFrames=57 interpolation=57 extrapolation=0 extrapolationCapped=0 extrapolationMaxMs=0.0 oldestHeld=0 zeroSpan=0 movingFrozen=0 teleport=0 visualStepAvgCm=7.03 visualStepMaxCm=13.25
[rubber-banding][remote-render] time=97.751 frame=8774 entity=2 latestHostTick=1586 buffer=8 windowMs=1003.3 fps=56.8 snapshots=30 arrivalSamples=30 arrivalAvgMs=33.5 arrivalP95Ms=41.6 arrivalMaxMs=42.6 sameArrival=0 tickGapMax=2 renderFrames=57 interpolation=57 extrapolation=0 extrapolationCapped=0 extrapolationMaxMs=0.0 oldestHeld=0 zeroSpan=0 movingFrozen=0 teleport=0 visualStepAvgCm=0.00 visualStepMaxCm=0.00
[rubber-banding][remote-render] time=97.751 frame=8774 entity=4 latestHostTick=1586 buffer=8 windowMs=1003.3 fps=56.8 snapshots=30 arrivalSamples=30 arrivalAvgMs=33.5 arrivalP95Ms=41.6 arrivalMaxMs=42.6 sameArrival=0 tickGapMax=2 renderFrames=57 interpolation=57 extrapolation=0 extrapolationCapped=0 extrapolationMaxMs=0.0 oldestHeld=0 zeroSpan=0 movingFrozen=0 teleport=0 visualStepAvgCm=0.00 visualStepMaxCm=0.00
[rubber-banding][remote-render] time=98.769 frame=8831 entity=1 latestHostTick=1648 buffer=8 windowMs=1018.0 fps=56.0 snapshots=31 arrivalSamples=31 arrivalAvgMs=33.4 arrivalP95Ms=52.3 arrivalMaxMs=53.5 sameArrival=0 tickGapMax=2 renderFrames=57 interpolation=57 extrapolation=0 extrapolationCapped=0 extrapolationMaxMs=0.0 oldestHeld=0 zeroSpan=0 movingFrozen=0 teleport=0 visualStepAvgCm=7.14 visualStepMaxCm=17.90
[rubber-banding][remote-render] time=98.769 frame=8831 entity=2 latestHostTick=1648 buffer=8 windowMs=1018.0 fps=56.0 snapshots=31 arrivalSamples=31 arrivalAvgMs=33.4 arrivalP95Ms=52.3 arrivalMaxMs=53.5 sameArrival=0 tickGapMax=2 renderFrames=57 interpolation=57 extrapolation=0 extrapolationCapped=0 extrapolationMaxMs=0.0 oldestHeld=0 zeroSpan=0 movingFrozen=0 teleport=0 visualStepAvgCm=0.00 visualStepMaxCm=0.00
[rubber-banding][remote-render] time=98.769 frame=8831 entity=4 latestHostTick=1648 buffer=8 windowMs=1018.0 fps=56.0 snapshots=31 arrivalSamples=31 arrivalAvgMs=33.4 arrivalP95Ms=52.3 arrivalMaxMs=53.5 sameArrival=0 tickGapMax=2 renderFrames=57 interpolation=57 extrapolation=0 extrapolationCapped=0 extrapolationMaxMs=0.0 oldestHeld=0 zeroSpan=0 movingFrozen=0 teleport=0 visualStepAvgCm=0.00 visualStepMaxCm=0.00
[rubber-banding][remote-render] time=99.784 frame=8888 entity=1 latestHostTick=1710 buffer=8 windowMs=1014.6 fps=56.2 snapshots=31 arrivalSamples=31 arrivalAvgMs=32.7 arrivalP95Ms=49.9 arrivalMaxMs=50.1 sameArrival=1 tickGapMax=2 renderFrames=57 interpolation=57 extrapolation=0 extrapolationCapped=0 extrapolationMaxMs=0.0 oldestHeld=0 zeroSpan=2 movingFrozen=0 teleport=0 visualStepAvgCm=7.11 visualStepMaxCm=16.16
[rubber-banding][remote-render] time=99.784 frame=8888 entity=2 latestHostTick=1710 buffer=8 windowMs=1014.6 fps=56.2 snapshots=31 arrivalSamples=31 arrivalAvgMs=32.7 arrivalP95Ms=49.9 arrivalMaxMs=50.1 sameArrival=1 tickGapMax=2 renderFrames=57 interpolation=57 extrapolation=0 extrapolationCapped=0 extrapolationMaxMs=0.0 oldestHeld=0 zeroSpan=2 movingFrozen=0 teleport=0 visualStepAvgCm=0.00 visualStepMaxCm=0.00
[rubber-banding][remote-render] time=99.784 frame=8888 entity=4 latestHostTick=1710 buffer=8 windowMs=1014.6 fps=56.2 snapshots=31 arrivalSamples=31 arrivalAvgMs=32.7 arrivalP95Ms=49.9 arrivalMaxMs=50.1 sameArrival=1 tickGapMax=2 renderFrames=57 interpolation=57 extrapolation=0 extrapolationCapped=0 extrapolationMaxMs=0.0 oldestHeld=0 zeroSpan=2 movingFrozen=0 teleport=0 visualStepAvgCm=0.00 visualStepMaxCm=0.00
[rubber-banding][remote-render] time=100.784 frame=8948 entity=1 latestHostTick=1770 buffer=8 windowMs=1000.0 fps=60.0 snapshots=30 arrivalSamples=30 arrivalAvgMs=33.3 arrivalP95Ms=33.6 arrivalMaxMs=34.6 sameArrival=0 tickGapMax=2 renderFrames=60 interpolation=60 extrapolation=0 extrapolationCapped=0 extrapolationMaxMs=0.0 oldestHeld=0 zeroSpan=0 movingFrozen=0 teleport=0 visualStepAvgCm=6.20 visualStepMaxCm=7.21
[rubber-banding][remote-render] time=100.784 frame=8948 entity=2 latestHostTick=1770 buffer=8 windowMs=1000.0 fps=60.0 snapshots=30 arrivalSamples=30 arrivalAvgMs=33.3 arrivalP95Ms=33.6 arrivalMaxMs=34.6 sameArrival=0 tickGapMax=2 renderFrames=60 interpolation=60 extrapolation=0 extrapolationCapped=0 extrapolationMaxMs=0.0 oldestHeld=0 zeroSpan=0 movingFrozen=0 teleport=0 visualStepAvgCm=0.00 visualStepMaxCm=0.00
[rubber-banding][remote-render] time=100.784 frame=8948 entity=4 latestHostTick=1770 buffer=8 windowMs=1000.0 fps=60.0 snapshots=30 arrivalSamples=30 arrivalAvgMs=33.3 arrivalP95Ms=33.6 arrivalMaxMs=34.6 sameArrival=0 tickGapMax=2 renderFrames=60 interpolation=60 extrapolation=0 extrapolationCapped=0 extrapolationMaxMs=0.0 oldestHeld=0 zeroSpan=0 movingFrozen=0 teleport=0 visualStepAvgCm=0.00 visualStepMaxCm=0.00
[rubber-banding][remote-render] time=101.799 frame=9006 entity=1 latestHostTick=1830 buffer=8 windowMs=1015.3 fps=57.1 snapshots=30 arrivalSamples=30 arrivalAvgMs=33.3 arrivalP95Ms=48.3 arrivalMaxMs=61.5 sameArrival=0 tickGapMax=2 renderFrames=58 interpolation=58 extrapolation=0 extrapolationCapped=0 extrapolationMaxMs=0.0 oldestHeld=0 zeroSpan=0 movingFrozen=0 teleport=0 visualStepAvgCm=1.24 visualStepMaxCm=8.41
[rubber-banding][remote-render] time=101.799 frame=9006 entity=2 latestHostTick=1830 buffer=8 windowMs=1015.3 fps=57.1 snapshots=30 arrivalSamples=30 arrivalAvgMs=33.3 arrivalP95Ms=48.3 arrivalMaxMs=61.5 sameArrival=0 tickGapMax=2 renderFrames=58 interpolation=58 extrapolation=0 extrapolationCapped=0 extrapolationMaxMs=0.0 oldestHeld=0 zeroSpan=0 movingFrozen=0 teleport=0 visualStepAvgCm=0.00 visualStepMaxCm=0.00
[rubber-banding][remote-render] time=101.799 frame=9006 entity=4 latestHostTick=1830 buffer=8 windowMs=1015.3 fps=57.1 snapshots=30 arrivalSamples=30 arrivalAvgMs=33.3 arrivalP95Ms=48.3 arrivalMaxMs=61.5 sameArrival=0 tickGapMax=2 renderFrames=58 interpolation=58 extrapolation=0 extrapolationCapped=0 extrapolationMaxMs=0.0 oldestHeld=0 zeroSpan=0 movingFrozen=0 teleport=0 visualStepAvgCm=0.00 visualStepMaxCm=0.00
[rubber-banding][remote-render] time=102.809 frame=9062 entity=1 latestHostTick=1890 buffer=8 windowMs=1010.0 fps=55.4 snapshots=30 arrivalSamples=30 arrivalAvgMs=33.6 arrivalP95Ms=66.9 arrivalMaxMs=95.2 sameArrival=3 tickGapMax=2 renderFrames=56 interpolation=56 extrapolation=0 extrapolationCapped=0 extrapolationMaxMs=0.0 oldestHeld=0 zeroSpan=3 movingFrozen=0 teleport=0 visualStepAvgCm=0.00 visualStepMaxCm=0.00
[rubber-banding][remote-render] time=102.809 frame=9062 entity=2 latestHostTick=1890 buffer=8 windowMs=1010.0 fps=55.4 snapshots=30 arrivalSamples=30 arrivalAvgMs=33.6 arrivalP95Ms=66.9 arrivalMaxMs=95.2 sameArrival=3 tickGapMax=2 renderFrames=56 interpolation=56 extrapolation=0 extrapolationCapped=0 extrapolationMaxMs=0.0 oldestHeld=0 zeroSpan=3 movingFrozen=0 teleport=0 visualStepAvgCm=0.00 visualStepMaxCm=0.00
[rubber-banding][remote-render] time=102.809 frame=9062 entity=4 latestHostTick=1890 buffer=8 windowMs=1010.0 fps=55.4 snapshots=30 arrivalSamples=30 arrivalAvgMs=33.6 arrivalP95Ms=66.9 arrivalMaxMs=95.2 sameArrival=3 tickGapMax=2 renderFrames=56 interpolation=56 extrapolation=0 extrapolationCapped=0 extrapolationMaxMs=0.0 oldestHeld=0 zeroSpan=3 movingFrozen=0 teleport=0 visualStepAvgCm=0.00 visualStepMaxCm=0.00
[rubber-banding][remote-render] time=103.828 frame=9117 entity=1 latestHostTick=1952 buffer=8 windowMs=1018.6 fps=54.0 snapshots=31 arrivalSamples=31 arrivalAvgMs=33.4 arrivalP95Ms=51.7 arrivalMaxMs=53.7 sameArrival=0 tickGapMax=2 renderFrames=55 interpolation=55 extrapolation=0 extrapolationCapped=0 extrapolationMaxMs=0.0 oldestHeld=0 zeroSpan=3 movingFrozen=0 teleport=0 visualStepAvgCm=0.00 visualStepMaxCm=0.00
[rubber-banding][remote-render] time=103.828 frame=9117 entity=2 latestHostTick=1952 buffer=8 windowMs=1018.6 fps=54.0 snapshots=31 arrivalSamples=31 arrivalAvgMs=33.4 arrivalP95Ms=51.7 arrivalMaxMs=53.7 sameArrival=0 tickGapMax=2 renderFrames=55 interpolation=55 extrapolation=0 extrapolationCapped=0 extrapolationMaxMs=0.0 oldestHeld=0 zeroSpan=3 movingFrozen=0 teleport=0 visualStepAvgCm=0.00 visualStepMaxCm=0.00
[rubber-banding][remote-render] time=103.828 frame=9117 entity=4 latestHostTick=1952 buffer=8 windowMs=1018.6 fps=54.0 snapshots=31 arrivalSamples=31 arrivalAvgMs=33.4 arrivalP95Ms=51.7 arrivalMaxMs=53.7 sameArrival=0 tickGapMax=2 renderFrames=55 interpolation=55 extrapolation=0 extrapolationCapped=0 extrapolationMaxMs=0.0 oldestHeld=0 zeroSpan=3 movingFrozen=0 teleport=0 visualStepAvgCm=0.00 visualStepMaxCm=0.00
[rubber-banding][remote-render] time=104.830 frame=9159 entity=1 latestHostTick=2012 buffer=8 windowMs=1002.8 fps=41.9 snapshots=30 arrivalSamples=30 arrivalAvgMs=33.4 arrivalP95Ms=55.3 arrivalMaxMs=58.1 sameArrival=1 tickGapMax=2 renderFrames=42 interpolation=42 extrapolation=0 extrapolationCapped=0 extrapolationMaxMs=0.0 oldestHeld=0 zeroSpan=1 movingFrozen=0 teleport=0 visualStepAvgCm=0.00 visualStepMaxCm=0.00
[rubber-banding][remote-render] time=104.830 frame=9159 entity=2 latestHostTick=2012 buffer=8 windowMs=1002.8 fps=41.9 snapshots=30 arrivalSamples=30 arrivalAvgMs=33.4 arrivalP95Ms=55.3 arrivalMaxMs=58.1 sameArrival=1 tickGapMax=2 renderFrames=42 interpolation=42 extrapolation=0 extrapolationCapped=0 extrapolationMaxMs=0.0 oldestHeld=0 zeroSpan=1 movingFrozen=1 teleport=0 visualStepAvgCm=4.94 visualStepMaxCm=13.16
[rubber-banding][remote-render] time=104.830 frame=9159 entity=4 latestHostTick=2012 buffer=8 windowMs=1002.8 fps=41.9 snapshots=30 arrivalSamples=30 arrivalAvgMs=33.4 arrivalP95Ms=55.3 arrivalMaxMs=58.1 sameArrival=1 tickGapMax=2 renderFrames=42 interpolation=42 extrapolation=0 extrapolationCapped=0 extrapolationMaxMs=0.0 oldestHeld=0 zeroSpan=1 movingFrozen=0 teleport=0 visualStepAvgCm=0.00 visualStepMaxCm=0.00
[rubber-banding][remote-render] time=105.831 frame=9199 entity=1 latestHostTick=2072 buffer=8 windowMs=1000.5 fps=40.0 snapshots=30 arrivalSamples=30 arrivalAvgMs=33.4 arrivalP95Ms=58.9 arrivalMaxMs=60.4 sameArrival=2 tickGapMax=2 renderFrames=40 interpolation=40 extrapolation=0 extrapolationCapped=0 extrapolationMaxMs=0.0 oldestHeld=0 zeroSpan=3 movingFrozen=0 teleport=0 visualStepAvgCm=0.00 visualStepMaxCm=0.00
[rubber-banding][remote-render] time=105.831 frame=9199 entity=2 latestHostTick=2072 buffer=8 windowMs=1000.5 fps=40.0 snapshots=30 arrivalSamples=30 arrivalAvgMs=33.4 arrivalP95Ms=58.9 arrivalMaxMs=60.4 sameArrival=2 tickGapMax=2 renderFrames=40 interpolation=40 extrapolation=0 extrapolationCapped=0 extrapolationMaxMs=0.0 oldestHeld=0 zeroSpan=3 movingFrozen=0 teleport=0 visualStepAvgCm=10.01 visualStepMaxCm=13.35
[rubber-banding][remote-render] time=105.831 frame=9199 entity=4 latestHostTick=2072 buffer=8 windowMs=1000.5 fps=40.0 snapshots=30 arrivalSamples=30 arrivalAvgMs=33.4 arrivalP95Ms=58.9 arrivalMaxMs=60.4 sameArrival=2 tickGapMax=2 renderFrames=40 interpolation=40 extrapolation=0 extrapolationCapped=0 extrapolationMaxMs=0.0 oldestHeld=0 zeroSpan=3 movingFrozen=0 teleport=0 visualStepAvgCm=0.00 visualStepMaxCm=0.00
[rubber-banding][remote-render] time=106.847 frame=9238 entity=1 latestHostTick=2132 buffer=8 windowMs=1016.1 fps=38.4 snapshots=30 arrivalSamples=30 arrivalAvgMs=33.0 arrivalP95Ms=60.6 arrivalMaxMs=61.1 sameArrival=1 tickGapMax=2 renderFrames=39 interpolation=39 extrapolation=0 extrapolationCapped=0 extrapolationMaxMs=0.0 oldestHeld=0 zeroSpan=0 movingFrozen=0 teleport=0 visualStepAvgCm=0.00 visualStepMaxCm=0.00
[rubber-banding][remote-render] time=106.847 frame=9238 entity=2 latestHostTick=2132 buffer=8 windowMs=1016.1 fps=38.4 snapshots=30 arrivalSamples=30 arrivalAvgMs=33.0 arrivalP95Ms=60.6 arrivalMaxMs=61.1 sameArrival=1 tickGapMax=2 renderFrames=39 interpolation=39 extrapolation=0 extrapolationCapped=0 extrapolationMaxMs=0.0 oldestHeld=0 zeroSpan=0 movingFrozen=1 teleport=0 visualStepAvgCm=10.08 visualStepMaxCm=17.58
[rubber-banding][remote-render] time=106.847 frame=9238 entity=4 latestHostTick=2132 buffer=8 windowMs=1016.1 fps=38.4 snapshots=30 arrivalSamples=30 arrivalAvgMs=33.0 arrivalP95Ms=60.6 arrivalMaxMs=61.1 sameArrival=1 tickGapMax=2 renderFrames=39 interpolation=39 extrapolation=0 extrapolationCapped=0 extrapolationMaxMs=0.0 oldestHeld=0 zeroSpan=0 movingFrozen=0 teleport=0 visualStepAvgCm=0.00 visualStepMaxCm=0.00
[rubber-banding][remote-render] time=107.872 frame=9283 entity=1 latestHostTick=2194 buffer=8 windowMs=1025.0 fps=43.9 snapshots=31 arrivalSamples=31 arrivalAvgMs=33.9 arrivalP95Ms=52.7 arrivalMaxMs=58.3 sameArrival=2 tickGapMax=2 renderFrames=45 interpolation=45 extrapolation=0 extrapolationCapped=0 extrapolationMaxMs=0.0 oldestHeld=0 zeroSpan=4 movingFrozen=0 teleport=0 visualStepAvgCm=0.00 visualStepMaxCm=0.00
[rubber-banding][remote-render] time=107.872 frame=9283 entity=2 latestHostTick=2194 buffer=8 windowMs=1025.0 fps=43.9 snapshots=31 arrivalSamples=31 arrivalAvgMs=33.9 arrivalP95Ms=52.7 arrivalMaxMs=58.3 sameArrival=2 tickGapMax=2 renderFrames=45 interpolation=45 extrapolation=0 extrapolationCapped=0 extrapolationMaxMs=0.0 oldestHeld=0 zeroSpan=4 movingFrozen=0 teleport=0 visualStepAvgCm=9.11 visualStepMaxCm=13.98
[rubber-banding][remote-render] time=107.872 frame=9283 entity=4 latestHostTick=2194 buffer=8 windowMs=1025.0 fps=43.9 snapshots=31 arrivalSamples=31 arrivalAvgMs=33.9 arrivalP95Ms=52.7 arrivalMaxMs=58.3 sameArrival=2 tickGapMax=2 renderFrames=45 interpolation=45 extrapolation=0 extrapolationCapped=0 extrapolationMaxMs=0.0 oldestHeld=0 zeroSpan=4 movingFrozen=0 teleport=0 visualStepAvgCm=0.00 visualStepMaxCm=0.00
[rubber-banding][remote-render] time=108.872 frame=9329 entity=1 latestHostTick=2254 buffer=8 windowMs=1000.1 fps=46.0 snapshots=30 arrivalSamples=30 arrivalAvgMs=33.3 arrivalP95Ms=58.7 arrivalMaxMs=66.3 sameArrival=3 tickGapMax=2 renderFrames=46 interpolation=46 extrapolation=0 extrapolationCapped=0 extrapolationMaxMs=0.0 oldestHeld=0 zeroSpan=6 movingFrozen=0 teleport=0 visualStepAvgCm=0.00 visualStepMaxCm=0.00
[rubber-banding][remote-render] time=108.872 frame=9329 entity=2 latestHostTick=2254 buffer=8 windowMs=1000.1 fps=46.0 snapshots=30 arrivalSamples=30 arrivalAvgMs=33.3 arrivalP95Ms=58.7 arrivalMaxMs=66.3 sameArrival=3 tickGapMax=2 renderFrames=46 interpolation=46 extrapolation=0 extrapolationCapped=0 extrapolationMaxMs=0.0 oldestHeld=0 zeroSpan=6 movingFrozen=0 teleport=0 visualStepAvgCm=8.66 visualStepMaxCm=14.07
[rubber-banding][remote-render] time=108.872 frame=9329 entity=4 latestHostTick=2254 buffer=8 windowMs=1000.1 fps=46.0 snapshots=30 arrivalSamples=30 arrivalAvgMs=33.3 arrivalP95Ms=58.7 arrivalMaxMs=66.3 sameArrival=3 tickGapMax=2 renderFrames=46 interpolation=46 extrapolation=0 extrapolationCapped=0 extrapolationMaxMs=0.0 oldestHeld=0 zeroSpan=6 movingFrozen=0 teleport=0 visualStepAvgCm=0.00 visualStepMaxCm=0.00
[rubber-banding][remote-render] time=109.889 frame=9372 entity=1 latestHostTick=2316 buffer=8 windowMs=1016.7 fps=42.3 snapshots=31 arrivalSamples=31 arrivalAvgMs=32.8 arrivalP95Ms=54.9 arrivalMaxMs=62.0 sameArrival=2 tickGapMax=2 renderFrames=43 interpolation=43 extrapolation=0 extrapolationCapped=0 extrapolationMaxMs=0.0 oldestHeld=0 zeroSpan=2 movingFrozen=0 teleport=0 visualStepAvgCm=0.00 visualStepMaxCm=0.00
[rubber-banding][remote-render] time=109.889 frame=9372 entity=2 latestHostTick=2316 buffer=8 windowMs=1016.7 fps=42.3 snapshots=31 arrivalSamples=31 arrivalAvgMs=32.8 arrivalP95Ms=54.9 arrivalMaxMs=62.0 sameArrival=2 tickGapMax=2 renderFrames=43 interpolation=43 extrapolation=0 extrapolationCapped=0 extrapolationMaxMs=0.0 oldestHeld=0 zeroSpan=2 movingFrozen=0 teleport=0 visualStepAvgCm=6.83 visualStepMaxCm=16.86
[rubber-banding][remote-render] time=109.889 frame=9372 entity=4 latestHostTick=2316 buffer=8 windowMs=1016.7 fps=42.3 snapshots=31 arrivalSamples=31 arrivalAvgMs=32.8 arrivalP95Ms=54.9 arrivalMaxMs=62.0 sameArrival=2 tickGapMax=2 renderFrames=43 interpolation=43 extrapolation=0 extrapolationCapped=0 extrapolationMaxMs=0.0 oldestHeld=0 zeroSpan=2 movingFrozen=0 teleport=0 visualStepAvgCm=0.00 visualStepMaxCm=0.00
[rubber-banding][remote-render] time=110.906 frame=9416 entity=1 latestHostTick=2376 buffer=8 windowMs=1017.1 fps=43.3 snapshots=30 arrivalSamples=30 arrivalAvgMs=33.1 arrivalP95Ms=51.6 arrivalMaxMs=52.1 sameArrival=4 tickGapMax=2 renderFrames=44 interpolation=44 extrapolation=0 extrapolationCapped=0 extrapolationMaxMs=0.0 oldestHeld=0 zeroSpan=5 movingFrozen=0 teleport=0 visualStepAvgCm=0.00 visualStepMaxCm=0.00
[rubber-banding][remote-render] time=110.906 frame=9416 entity=2 latestHostTick=2376 buffer=8 windowMs=1017.1 fps=43.3 snapshots=30 arrivalSamples=30 arrivalAvgMs=33.1 arrivalP95Ms=51.6 arrivalMaxMs=52.1 sameArrival=4 tickGapMax=2 renderFrames=44 interpolation=44 extrapolation=0 extrapolationCapped=0 extrapolationMaxMs=0.0 oldestHeld=0 zeroSpan=5 movingFrozen=0 teleport=0 visualStepAvgCm=9.20 visualStepMaxCm=17.19
[rubber-banding][remote-render] time=110.906 frame=9416 entity=4 latestHostTick=2376 buffer=8 windowMs=1017.1 fps=43.3 snapshots=30 arrivalSamples=30 arrivalAvgMs=33.1 arrivalP95Ms=51.6 arrivalMaxMs=52.1 sameArrival=4 tickGapMax=2 renderFrames=44 interpolation=44 extrapolation=0 extrapolationCapped=0 extrapolationMaxMs=0.0 oldestHeld=0 zeroSpan=5 movingFrozen=0 teleport=0 visualStepAvgCm=0.00 visualStepMaxCm=0.00
[rubber-banding][remote-render] time=111.908 frame=9460 entity=1 latestHostTick=2436 buffer=8 windowMs=1001.8 fps=43.9 snapshots=30 arrivalSamples=30 arrivalAvgMs=34.2 arrivalP95Ms=56.5 arrivalMaxMs=56.8 sameArrival=2 tickGapMax=2 renderFrames=44 interpolation=44 extrapolation=0 extrapolationCapped=0 extrapolationMaxMs=0.0 oldestHeld=0 zeroSpan=5 movingFrozen=0 teleport=0 visualStepAvgCm=0.00 visualStepMaxCm=0.00
[rubber-banding][remote-render] time=111.908 frame=9460 entity=2 latestHostTick=2436 buffer=8 windowMs=1001.8 fps=43.9 snapshots=30 arrivalSamples=30 arrivalAvgMs=34.2 arrivalP95Ms=56.5 arrivalMaxMs=56.8 sameArrival=2 tickGapMax=2 renderFrames=44 interpolation=44 extrapolation=0 extrapolationCapped=0 extrapolationMaxMs=0.0 oldestHeld=0 zeroSpan=5 movingFrozen=0 teleport=0 visualStepAvgCm=7.76 visualStepMaxCm=13.29
[rubber-banding][remote-render] time=111.908 frame=9460 entity=4 latestHostTick=2436 buffer=8 windowMs=1001.8 fps=43.9 snapshots=30 arrivalSamples=30 arrivalAvgMs=34.2 arrivalP95Ms=56.5 arrivalMaxMs=56.8 sameArrival=2 tickGapMax=2 renderFrames=44 interpolation=44 extrapolation=0 extrapolationCapped=0 extrapolationMaxMs=0.0 oldestHeld=0 zeroSpan=5 movingFrozen=0 teleport=0 visualStepAvgCm=0.00 visualStepMaxCm=0.00
[rubber-banding][remote-render] time=112.922 frame=9506 entity=1 latestHostTick=2498 buffer=8 windowMs=1014.5 fps=45.3 snapshots=31 arrivalSamples=31 arrivalAvgMs=32.7 arrivalP95Ms=51.3 arrivalMaxMs=51.6 sameArrival=2 tickGapMax=2 renderFrames=46 interpolation=46 extrapolation=0 extrapolationCapped=0 extrapolationMaxMs=0.0 oldestHeld=0 zeroSpan=3 movingFrozen=0 teleport=0 visualStepAvgCm=0.00 visualStepMaxCm=0.00
[rubber-banding][remote-render] time=112.922 frame=9506 entity=2 latestHostTick=2498 buffer=8 windowMs=1014.5 fps=45.3 snapshots=31 arrivalSamples=31 arrivalAvgMs=32.7 arrivalP95Ms=51.3 arrivalMaxMs=51.6 sameArrival=2 tickGapMax=2 renderFrames=46 interpolation=46 extrapolation=0 extrapolationCapped=0 extrapolationMaxMs=0.0 oldestHeld=0 zeroSpan=3 movingFrozen=0 teleport=0 visualStepAvgCm=8.76 visualStepMaxCm=16.94
[rubber-banding][remote-render] time=112.922 frame=9506 entity=4 latestHostTick=2498 buffer=8 windowMs=1014.5 fps=45.3 snapshots=31 arrivalSamples=31 arrivalAvgMs=32.7 arrivalP95Ms=51.3 arrivalMaxMs=51.6 sameArrival=2 tickGapMax=2 renderFrames=46 interpolation=46 extrapolation=0 extrapolationCapped=0 extrapolationMaxMs=0.0 oldestHeld=0 zeroSpan=3 movingFrozen=0 teleport=0 visualStepAvgCm=0.00 visualStepMaxCm=0.00
[rubber-banding][remote-render] time=113.923 frame=9552 entity=1 latestHostTick=2558 buffer=8 windowMs=1001.2 fps=45.9 snapshots=30 arrivalSamples=30 arrivalAvgMs=33.4 arrivalP95Ms=52.9 arrivalMaxMs=79.6 sameArrival=2 tickGapMax=2 renderFrames=46 interpolation=46 extrapolation=0 extrapolationCapped=0 extrapolationMaxMs=0.0 oldestHeld=0 zeroSpan=3 movingFrozen=0 teleport=0 visualStepAvgCm=0.00 visualStepMaxCm=0.00
[rubber-banding][remote-render] time=113.923 frame=9552 entity=2 latestHostTick=2558 buffer=8 windowMs=1001.2 fps=45.9 snapshots=30 arrivalSamples=30 arrivalAvgMs=33.4 arrivalP95Ms=52.9 arrivalMaxMs=79.6 sameArrival=2 tickGapMax=2 renderFrames=46 interpolation=46 extrapolation=0 extrapolationCapped=0 extrapolationMaxMs=0.0 oldestHeld=0 zeroSpan=3 movingFrozen=0 teleport=0 visualStepAvgCm=8.68 visualStepMaxCm=14.05
[rubber-banding][remote-render] time=113.923 frame=9552 entity=4 latestHostTick=2558 buffer=8 windowMs=1001.2 fps=45.9 snapshots=30 arrivalSamples=30 arrivalAvgMs=33.4 arrivalP95Ms=52.9 arrivalMaxMs=79.6 sameArrival=2 tickGapMax=2 renderFrames=46 interpolation=46 extrapolation=0 extrapolationCapped=0 extrapolationMaxMs=0.0 oldestHeld=0 zeroSpan=3 movingFrozen=0 teleport=0 visualStepAvgCm=0.00 visualStepMaxCm=0.00
[rubber-banding][remote-render] time=114.947 frame=9599 entity=1 latestHostTick=2620 buffer=8 windowMs=1023.5 fps=45.9 snapshots=31 arrivalSamples=31 arrivalAvgMs=33.0 arrivalP95Ms=66.5 arrivalMaxMs=75.4 sameArrival=3 tickGapMax=2 renderFrames=47 interpolation=47 extrapolation=0 extrapolationCapped=0 extrapolationMaxMs=0.0 oldestHeld=0 zeroSpan=5 movingFrozen=0 teleport=0 visualStepAvgCm=0.00 visualStepMaxCm=0.00
[rubber-banding][remote-render] time=114.947 frame=9599 entity=2 latestHostTick=2620 buffer=8 windowMs=1023.5 fps=45.9 snapshots=31 arrivalSamples=31 arrivalAvgMs=33.0 arrivalP95Ms=66.5 arrivalMaxMs=75.4 sameArrival=3 tickGapMax=2 renderFrames=47 interpolation=47 extrapolation=0 extrapolationCapped=0 extrapolationMaxMs=0.0 oldestHeld=0 zeroSpan=5 movingFrozen=1 teleport=0 visualStepAvgCm=6.07 visualStepMaxCm=16.08
[rubber-banding][remote-render] time=114.947 frame=9599 entity=4 latestHostTick=2620 buffer=8 windowMs=1023.5 fps=45.9 snapshots=31 arrivalSamples=31 arrivalAvgMs=33.0 arrivalP95Ms=66.5 arrivalMaxMs=75.4 sameArrival=3 tickGapMax=2 renderFrames=47 interpolation=47 extrapolation=0 extrapolationCapped=0 extrapolationMaxMs=0.0 oldestHeld=0 zeroSpan=5 movingFrozen=0 teleport=0 visualStepAvgCm=0.00 visualStepMaxCm=0.00
[rubber-banding][remote-render] time=115.965 frame=9645 entity=1 latestHostTick=2680 buffer=8 windowMs=1018.5 fps=45.2 snapshots=30 arrivalSamples=30 arrivalAvgMs=33.9 arrivalP95Ms=58.7 arrivalMaxMs=75.1 sameArrival=4 tickGapMax=2 renderFrames=46 interpolation=46 extrapolation=0 extrapolationCapped=0 extrapolationMaxMs=0.0 oldestHeld=0 zeroSpan=5 movingFrozen=0 teleport=0 visualStepAvgCm=0.00 visualStepMaxCm=0.00
[rubber-banding][remote-render] time=115.965 frame=9645 entity=2 latestHostTick=2680 buffer=8 windowMs=1018.5 fps=45.2 snapshots=30 arrivalSamples=30 arrivalAvgMs=33.9 arrivalP95Ms=58.7 arrivalMaxMs=75.1 sameArrival=4 tickGapMax=2 renderFrames=46 interpolation=46 extrapolation=0 extrapolationCapped=0 extrapolationMaxMs=0.0 oldestHeld=0 zeroSpan=5 movingFrozen=0 teleport=0 visualStepAvgCm=8.80 visualStepMaxCm=23.46
[rubber-banding][remote-render] time=115.965 frame=9645 entity=4 latestHostTick=2680 buffer=8 windowMs=1018.5 fps=45.2 snapshots=30 arrivalSamples=30 arrivalAvgMs=33.9 arrivalP95Ms=58.7 arrivalMaxMs=75.1 sameArrival=4 tickGapMax=2 renderFrames=46 interpolation=46 extrapolation=0 extrapolationCapped=0 extrapolationMaxMs=0.0 oldestHeld=0 zeroSpan=5 movingFrozen=0 teleport=0 visualStepAvgCm=0.00 visualStepMaxCm=0.00
[rubber-banding][remote-render] time=116.966 frame=9690 entity=1 latestHostTick=2740 buffer=8 windowMs=1001.1 fps=44.9 snapshots=30 arrivalSamples=30 arrivalAvgMs=33.4 arrivalP95Ms=52.6 arrivalMaxMs=54.1 sameArrival=0 tickGapMax=2 renderFrames=45 interpolation=45 extrapolation=0 extrapolationCapped=0 extrapolationMaxMs=0.0 oldestHeld=0 zeroSpan=0 movingFrozen=0 teleport=0 visualStepAvgCm=0.00 visualStepMaxCm=0.00
[rubber-banding][remote-render] time=116.966 frame=9690 entity=2 latestHostTick=2740 buffer=8 windowMs=1001.1 fps=44.9 snapshots=30 arrivalSamples=30 arrivalAvgMs=33.4 arrivalP95Ms=52.6 arrivalMaxMs=54.1 sameArrival=0 tickGapMax=2 renderFrames=45 interpolation=45 extrapolation=0 extrapolationCapped=0 extrapolationMaxMs=0.0 oldestHeld=0 zeroSpan=0 movingFrozen=0 teleport=0 visualStepAvgCm=8.02 visualStepMaxCm=13.72
[rubber-banding][remote-render] time=116.966 frame=9690 entity=4 latestHostTick=2740 buffer=8 windowMs=1001.1 fps=44.9 snapshots=30 arrivalSamples=30 arrivalAvgMs=33.4 arrivalP95Ms=52.6 arrivalMaxMs=54.1 sameArrival=0 tickGapMax=2 renderFrames=45 interpolation=45 extrapolation=0 extrapolationCapped=0 extrapolationMaxMs=0.0 oldestHeld=0 zeroSpan=0 movingFrozen=0 teleport=0 visualStepAvgCm=0.00 visualStepMaxCm=0.00
[rubber-banding][remote-render] time=117.972 frame=9733 entity=1 latestHostTick=2800 buffer=8 windowMs=1005.3 fps=42.8 snapshots=30 arrivalSamples=30 arrivalAvgMs=33.5 arrivalP95Ms=63.7 arrivalMaxMs=72.5 sameArrival=4 tickGapMax=2 renderFrames=43 interpolation=43 extrapolation=0 extrapolationCapped=0 extrapolationMaxMs=0.0 oldestHeld=0 zeroSpan=6 movingFrozen=0 teleport=0 visualStepAvgCm=0.00 visualStepMaxCm=0.00
[rubber-banding][remote-render] time=117.972 frame=9733 entity=2 latestHostTick=2800 buffer=8 windowMs=1005.3 fps=42.8 snapshots=30 arrivalSamples=30 arrivalAvgMs=33.5 arrivalP95Ms=63.7 arrivalMaxMs=72.5 sameArrival=4 tickGapMax=2 renderFrames=43 interpolation=43 extrapolation=0 extrapolationCapped=0 extrapolationMaxMs=0.0 oldestHeld=0 zeroSpan=6 movingFrozen=0 teleport=0 visualStepAvgCm=9.35 visualStepMaxCm=19.06
[rubber-banding][remote-render] time=117.972 frame=9733 entity=4 latestHostTick=2800 buffer=8 windowMs=1005.3 fps=42.8 snapshots=30 arrivalSamples=30 arrivalAvgMs=33.5 arrivalP95Ms=63.7 arrivalMaxMs=72.5 sameArrival=4 tickGapMax=2 renderFrames=43 interpolation=43 extrapolation=0 extrapolationCapped=0 extrapolationMaxMs=0.0 oldestHeld=0 zeroSpan=6 movingFrozen=0 teleport=0 visualStepAvgCm=0.00 visualStepMaxCm=0.00
[rubber-banding][remote-render] time=118.989 frame=9778 entity=1 latestHostTick=2862 buffer=8 windowMs=1016.7 fps=44.3 snapshots=31 arrivalSamples=31 arrivalAvgMs=32.8 arrivalP95Ms=59.9 arrivalMaxMs=60.0 sameArrival=3 tickGapMax=2 renderFrames=45 interpolation=45 extrapolation=0 extrapolationCapped=0 extrapolationMaxMs=0.0 oldestHeld=0 zeroSpan=4 movingFrozen=0 teleport=0 visualStepAvgCm=0.00 visualStepMaxCm=0.00
[rubber-banding][remote-render] time=118.989 frame=9778 entity=2 latestHostTick=2862 buffer=8 windowMs=1016.7 fps=44.3 snapshots=31 arrivalSamples=31 arrivalAvgMs=32.8 arrivalP95Ms=59.9 arrivalMaxMs=60.0 sameArrival=3 tickGapMax=2 renderFrames=45 interpolation=45 extrapolation=0 extrapolationCapped=0 extrapolationMaxMs=0.0 oldestHeld=0 zeroSpan=4 movingFrozen=0 teleport=0 visualStepAvgCm=8.75 visualStepMaxCm=17.17
[rubber-banding][remote-render] time=118.989 frame=9778 entity=4 latestHostTick=2862 buffer=8 windowMs=1016.7 fps=44.3 snapshots=31 arrivalSamples=31 arrivalAvgMs=32.8 arrivalP95Ms=59.9 arrivalMaxMs=60.0 sameArrival=3 tickGapMax=2 renderFrames=45 interpolation=45 extrapolation=0 extrapolationCapped=0 extrapolationMaxMs=0.0 oldestHeld=0 zeroSpan=4 movingFrozen=0 teleport=0 visualStepAvgCm=0.00 visualStepMaxCm=0.00
[rubber-banding][remote-render] time=120.005 frame=9825 entity=1 latestHostTick=2922 buffer=8 windowMs=1016.6 fps=46.2 snapshots=30 arrivalSamples=30 arrivalAvgMs=33.9 arrivalP95Ms=50.7 arrivalMaxMs=51.6 sameArrival=1 tickGapMax=2 renderFrames=47 interpolation=47 extrapolation=0 extrapolationCapped=0 extrapolationMaxMs=0.0 oldestHeld=0 zeroSpan=1 movingFrozen=0 teleport=0 visualStepAvgCm=0.00 visualStepMaxCm=0.00
[rubber-banding][remote-render] time=120.005 frame=9825 entity=2 latestHostTick=2922 buffer=8 windowMs=1016.6 fps=46.2 snapshots=30 arrivalSamples=30 arrivalAvgMs=33.9 arrivalP95Ms=50.7 arrivalMaxMs=51.6 sameArrival=1 tickGapMax=2 renderFrames=47 interpolation=47 extrapolation=0 extrapolationCapped=0 extrapolationMaxMs=0.0 oldestHeld=0 zeroSpan=1 movingFrozen=0 teleport=0 visualStepAvgCm=8.60 visualStepMaxCm=13.96
[rubber-banding][remote-render] time=120.005 frame=9825 entity=4 latestHostTick=2922 buffer=8 windowMs=1016.6 fps=46.2 snapshots=30 arrivalSamples=30 arrivalAvgMs=33.9 arrivalP95Ms=50.7 arrivalMaxMs=51.6 sameArrival=1 tickGapMax=2 renderFrames=47 interpolation=47 extrapolation=0 extrapolationCapped=0 extrapolationMaxMs=0.0 oldestHeld=0 zeroSpan=1 movingFrozen=0 teleport=0 visualStepAvgCm=0.00 visualStepMaxCm=0.00
[rubber-banding][remote-render] time=121.014 frame=9871 entity=1 latestHostTick=2984 buffer=8 windowMs=1008.9 fps=45.6 snapshots=31 arrivalSamples=31 arrivalAvgMs=32.5 arrivalP95Ms=49.9 arrivalMaxMs=51.5 sameArrival=3 tickGapMax=2 renderFrames=46 interpolation=46 extrapolation=0 extrapolationCapped=0 extrapolationMaxMs=0.0 oldestHeld=0 zeroSpan=2 movingFrozen=0 teleport=0 visualStepAvgCm=0.00 visualStepMaxCm=0.00
[rubber-banding][remote-render] time=121.014 frame=9871 entity=2 latestHostTick=2984 buffer=8 windowMs=1008.9 fps=45.6 snapshots=31 arrivalSamples=31 arrivalAvgMs=32.5 arrivalP95Ms=49.9 arrivalMaxMs=51.5 sameArrival=3 tickGapMax=2 renderFrames=46 interpolation=46 extrapolation=0 extrapolationCapped=0 extrapolationMaxMs=0.0 oldestHeld=0 zeroSpan=2 movingFrozen=0 teleport=0 visualStepAvgCm=8.60 visualStepMaxCm=13.32
[rubber-banding][remote-render] time=121.014 frame=9871 entity=4 latestHostTick=2984 buffer=8 windowMs=1008.9 fps=45.6 snapshots=31 arrivalSamples=31 arrivalAvgMs=32.5 arrivalP95Ms=49.9 arrivalMaxMs=51.5 sameArrival=3 tickGapMax=2 renderFrames=46 interpolation=46 extrapolation=0 extrapolationCapped=0 extrapolationMaxMs=0.0 oldestHeld=0 zeroSpan=2 movingFrozen=0 teleport=0 visualStepAvgCm=0.00 visualStepMaxCm=0.00
[rubber-banding][remote-render] time=122.022 frame=9916 entity=1 latestHostTick=3044 buffer=8 windowMs=1008.1 fps=44.6 snapshots=30 arrivalSamples=30 arrivalAvgMs=33.6 arrivalP95Ms=60.0 arrivalMaxMs=75.0 sameArrival=1 tickGapMax=2 renderFrames=45 interpolation=45 extrapolation=0 extrapolationCapped=0 extrapolationMaxMs=0.0 oldestHeld=0 zeroSpan=2 movingFrozen=0 teleport=0 visualStepAvgCm=0.00 visualStepMaxCm=0.00
[rubber-banding][remote-render] time=122.022 frame=9916 entity=2 latestHostTick=3044 buffer=8 windowMs=1008.1 fps=44.6 snapshots=30 arrivalSamples=30 arrivalAvgMs=33.6 arrivalP95Ms=60.0 arrivalMaxMs=75.0 sameArrival=1 tickGapMax=2 renderFrames=45 interpolation=45 extrapolation=0 extrapolationCapped=0 extrapolationMaxMs=0.0 oldestHeld=0 zeroSpan=2 movingFrozen=1 teleport=0 visualStepAvgCm=6.61 visualStepMaxCm=16.27
[rubber-banding][remote-render] time=122.022 frame=9916 entity=4 latestHostTick=3044 buffer=8 windowMs=1008.1 fps=44.6 snapshots=30 arrivalSamples=30 arrivalAvgMs=33.6 arrivalP95Ms=60.0 arrivalMaxMs=75.0 sameArrival=1 tickGapMax=2 renderFrames=45 interpolation=45 extrapolation=0 extrapolationCapped=0 extrapolationMaxMs=0.0 oldestHeld=0 zeroSpan=2 movingFrozen=0 teleport=0 visualStepAvgCm=0.00 visualStepMaxCm=0.00
[rubber-banding][remote-render] time=123.030 frame=9961 entity=1 latestHostTick=3104 buffer=8 windowMs=1008.0 fps=44.6 snapshots=30 arrivalSamples=30 arrivalAvgMs=33.6 arrivalP95Ms=51.8 arrivalMaxMs=56.7 sameArrival=1 tickGapMax=2 renderFrames=45 interpolation=45 extrapolation=0 extrapolationCapped=0 extrapolationMaxMs=0.0 oldestHeld=0 zeroSpan=1 movingFrozen=0 teleport=0 visualStepAvgCm=0.00 visualStepMaxCm=0.00
[rubber-banding][remote-render] time=123.030 frame=9961 entity=2 latestHostTick=3104 buffer=8 windowMs=1008.0 fps=44.6 snapshots=30 arrivalSamples=30 arrivalAvgMs=33.6 arrivalP95Ms=51.8 arrivalMaxMs=56.7 sameArrival=1 tickGapMax=2 renderFrames=45 interpolation=45 extrapolation=0 extrapolationCapped=0 extrapolationMaxMs=0.0 oldestHeld=0 zeroSpan=1 movingFrozen=0 teleport=0 visualStepAvgCm=6.17 visualStepMaxCm=15.87
[rubber-banding][remote-render] time=123.030 frame=9961 entity=4 latestHostTick=3104 buffer=8 windowMs=1008.0 fps=44.6 snapshots=30 arrivalSamples=30 arrivalAvgMs=33.6 arrivalP95Ms=51.8 arrivalMaxMs=56.7 sameArrival=1 tickGapMax=2 renderFrames=45 interpolation=45 extrapolation=0 extrapolationCapped=0 extrapolationMaxMs=0.0 oldestHeld=0 zeroSpan=1 movingFrozen=0 teleport=0 visualStepAvgCm=0.00 visualStepMaxCm=0.00
[rubber-banding][remote-render] time=124.064 frame=10006 entity=1 latestHostTick=3166 buffer=8 windowMs=1033.4 fps=43.5 snapshots=31 arrivalSamples=31 arrivalAvgMs=33.3 arrivalP95Ms=58.6 arrivalMaxMs=59.0 sameArrival=2 tickGapMax=2 renderFrames=45 interpolation=45 extrapolation=0 extrapolationCapped=0 extrapolationMaxMs=0.0 oldestHeld=0 zeroSpan=3 movingFrozen=0 teleport=0 visualStepAvgCm=0.00 visualStepMaxCm=0.00
[rubber-banding][remote-render] time=124.064 frame=10006 entity=2 latestHostTick=3166 buffer=8 windowMs=1033.4 fps=43.5 snapshots=31 arrivalSamples=31 arrivalAvgMs=33.3 arrivalP95Ms=58.6 arrivalMaxMs=59.0 sameArrival=2 tickGapMax=2 renderFrames=45 interpolation=45 extrapolation=0 extrapolationCapped=0 extrapolationMaxMs=0.0 oldestHeld=0 zeroSpan=3 movingFrozen=0 teleport=0 visualStepAvgCm=9.06 visualStepMaxCm=14.13
[rubber-banding][remote-render] time=124.064 frame=10006 entity=4 latestHostTick=3166 buffer=8 windowMs=1033.4 fps=43.5 snapshots=31 arrivalSamples=31 arrivalAvgMs=33.3 arrivalP95Ms=58.6 arrivalMaxMs=59.0 sameArrival=2 tickGapMax=2 renderFrames=45 interpolation=45 extrapolation=0 extrapolationCapped=0 extrapolationMaxMs=0.0 oldestHeld=0 zeroSpan=3 movingFrozen=0 teleport=0 visualStepAvgCm=0.00 visualStepMaxCm=0.00
[rubber-banding][remote-render] time=125.080 frame=10050 entity=1 latestHostTick=3228 buffer=8 windowMs=1016.6 fps=43.3 snapshots=31 arrivalSamples=31 arrivalAvgMs=32.8 arrivalP95Ms=56.0 arrivalMaxMs=58.4 sameArrival=3 tickGapMax=2 renderFrames=44 interpolation=44 extrapolation=0 extrapolationCapped=0 extrapolationMaxMs=0.0 oldestHeld=0 zeroSpan=4 movingFrozen=0 teleport=0 visualStepAvgCm=0.00 visualStepMaxCm=0.00
[rubber-banding][remote-render] time=125.080 frame=10050 entity=2 latestHostTick=3228 buffer=8 windowMs=1016.6 fps=43.3 snapshots=31 arrivalSamples=31 arrivalAvgMs=32.8 arrivalP95Ms=56.0 arrivalMaxMs=58.4 sameArrival=3 tickGapMax=2 renderFrames=44 interpolation=44 extrapolation=0 extrapolationCapped=0 extrapolationMaxMs=0.0 oldestHeld=0 zeroSpan=4 movingFrozen=0 teleport=0 visualStepAvgCm=9.16 visualStepMaxCm=16.86
[rubber-banding][remote-render] time=125.080 frame=10050 entity=4 latestHostTick=3228 buffer=8 windowMs=1016.6 fps=43.3 snapshots=31 arrivalSamples=31 arrivalAvgMs=32.8 arrivalP95Ms=56.0 arrivalMaxMs=58.4 sameArrival=3 tickGapMax=2 renderFrames=44 interpolation=44 extrapolation=0 extrapolationCapped=0 extrapolationMaxMs=0.0 oldestHeld=0 zeroSpan=4 movingFrozen=0 teleport=0 visualStepAvgCm=0.00 visualStepMaxCm=0.00
[rubber-banding][remote-render] time=126.098 frame=10098 entity=1 latestHostTick=3288 buffer=8 windowMs=1017.5 fps=47.2 snapshots=30 arrivalSamples=30 arrivalAvgMs=33.9 arrivalP95Ms=54.8 arrivalMaxMs=60.9 sameArrival=0 tickGapMax=2 renderFrames=48 interpolation=48 extrapolation=0 extrapolationCapped=0 extrapolationMaxMs=0.0 oldestHeld=0 zeroSpan=1 movingFrozen=0 teleport=0 visualStepAvgCm=0.00 visualStepMaxCm=0.00
[rubber-banding][remote-render] time=126.098 frame=10098 entity=2 latestHostTick=3288 buffer=8 windowMs=1017.5 fps=47.2 snapshots=30 arrivalSamples=30 arrivalAvgMs=33.9 arrivalP95Ms=54.8 arrivalMaxMs=60.9 sameArrival=0 tickGapMax=2 renderFrames=48 interpolation=48 extrapolation=0 extrapolationCapped=0 extrapolationMaxMs=0.0 oldestHeld=0 zeroSpan=1 movingFrozen=0 teleport=0 visualStepAvgCm=8.40 visualStepMaxCm=19.30
[rubber-banding][remote-render] time=126.098 frame=10098 entity=4 latestHostTick=3288 buffer=8 windowMs=1017.5 fps=47.2 snapshots=30 arrivalSamples=30 arrivalAvgMs=33.9 arrivalP95Ms=54.8 arrivalMaxMs=60.9 sameArrival=0 tickGapMax=2 renderFrames=48 interpolation=48 extrapolation=0 extrapolationCapped=0 extrapolationMaxMs=0.0 oldestHeld=0 zeroSpan=1 movingFrozen=0 teleport=0 visualStepAvgCm=0.00 visualStepMaxCm=0.00
[rubber-banding][remote-render] time=127.116 frame=10143 entity=1 latestHostTick=3348 buffer=8 windowMs=1018.4 fps=44.2 snapshots=30 arrivalSamples=30 arrivalAvgMs=33.9 arrivalP95Ms=58.2 arrivalMaxMs=75.9 sameArrival=4 tickGapMax=2 renderFrames=45 interpolation=45 extrapolation=0 extrapolationCapped=0 extrapolationMaxMs=0.0 oldestHeld=0 zeroSpan=7 movingFrozen=0 teleport=0 visualStepAvgCm=0.00 visualStepMaxCm=0.00
[rubber-banding][remote-render] time=127.116 frame=10143 entity=2 latestHostTick=3348 buffer=8 windowMs=1018.4 fps=44.2 snapshots=30 arrivalSamples=30 arrivalAvgMs=33.9 arrivalP95Ms=58.2 arrivalMaxMs=75.9 sameArrival=4 tickGapMax=2 renderFrames=45 interpolation=45 extrapolation=0 extrapolationCapped=0 extrapolationMaxMs=0.0 oldestHeld=0 zeroSpan=7 movingFrozen=0 teleport=0 visualStepAvgCm=9.01 visualStepMaxCm=14.33
[rubber-banding][remote-render] time=127.116 frame=10143 entity=4 latestHostTick=3348 buffer=8 windowMs=1018.4 fps=44.2 snapshots=30 arrivalSamples=30 arrivalAvgMs=33.9 arrivalP95Ms=58.2 arrivalMaxMs=75.9 sameArrival=4 tickGapMax=2 renderFrames=45 interpolation=45 extrapolation=0 extrapolationCapped=0 extrapolationMaxMs=0.0 oldestHeld=0 zeroSpan=7 movingFrozen=0 teleport=0 visualStepAvgCm=0.00 visualStepMaxCm=0.00
[rubber-banding][remote-render] time=128.131 frame=10191 entity=1 latestHostTick=3410 buffer=8 windowMs=1015.4 fps=47.3 snapshots=31 arrivalSamples=31 arrivalAvgMs=32.8 arrivalP95Ms=53.0 arrivalMaxMs=56.6 sameArrival=1 tickGapMax=2 renderFrames=48 interpolation=48 extrapolation=0 extrapolationCapped=0 extrapolationMaxMs=0.0 oldestHeld=0 zeroSpan=1 movingFrozen=0 teleport=0 visualStepAvgCm=0.00 visualStepMaxCm=0.00
[rubber-banding][remote-render] time=128.131 frame=10191 entity=2 latestHostTick=3410 buffer=8 windowMs=1015.4 fps=47.3 snapshots=31 arrivalSamples=31 arrivalAvgMs=32.8 arrivalP95Ms=53.0 arrivalMaxMs=56.6 sameArrival=1 tickGapMax=2 renderFrames=48 interpolation=48 extrapolation=0 extrapolationCapped=0 extrapolationMaxMs=0.0 oldestHeld=0 zeroSpan=1 movingFrozen=0 teleport=0 visualStepAvgCm=8.39 visualStepMaxCm=14.52
[rubber-banding][remote-render] time=128.131 frame=10191 entity=4 latestHostTick=3410 buffer=8 windowMs=1015.4 fps=47.3 snapshots=31 arrivalSamples=31 arrivalAvgMs=32.8 arrivalP95Ms=53.0 arrivalMaxMs=56.6 sameArrival=1 tickGapMax=2 renderFrames=48 interpolation=48 extrapolation=0 extrapolationCapped=0 extrapolationMaxMs=0.0 oldestHeld=0 zeroSpan=1 movingFrozen=0 teleport=0 visualStepAvgCm=0.00 visualStepMaxCm=0.00
[rubber-banding][remote-render] time=129.138 frame=10235 entity=1 latestHostTick=3470 buffer=8 windowMs=1007.1 fps=43.7 snapshots=30 arrivalSamples=30 arrivalAvgMs=33.6 arrivalP95Ms=58.3 arrivalMaxMs=64.9 sameArrival=4 tickGapMax=2 renderFrames=44 interpolation=44 extrapolation=0 extrapolationCapped=0 extrapolationMaxMs=0.0 oldestHeld=0 zeroSpan=6 movingFrozen=0 teleport=0 visualStepAvgCm=0.00 visualStepMaxCm=0.00
[rubber-banding][remote-render] time=129.138 frame=10235 entity=2 latestHostTick=3470 buffer=8 windowMs=1007.1 fps=43.7 snapshots=30 arrivalSamples=30 arrivalAvgMs=33.6 arrivalP95Ms=58.3 arrivalMaxMs=64.9 sameArrival=4 tickGapMax=2 renderFrames=44 interpolation=44 extrapolation=0 extrapolationCapped=0 extrapolationMaxMs=0.0 oldestHeld=0 zeroSpan=6 movingFrozen=0 teleport=0 visualStepAvgCm=9.11 visualStepMaxCm=16.70
[rubber-banding][remote-render] time=129.138 frame=10235 entity=4 latestHostTick=3470 buffer=8 windowMs=1007.1 fps=43.7 snapshots=30 arrivalSamples=30 arrivalAvgMs=33.6 arrivalP95Ms=58.3 arrivalMaxMs=64.9 sameArrival=4 tickGapMax=2 renderFrames=44 interpolation=44 extrapolation=0 extrapolationCapped=0 extrapolationMaxMs=0.0 oldestHeld=0 zeroSpan=6 movingFrozen=0 teleport=0 visualStepAvgCm=0.00 visualStepMaxCm=0.00
[rubber-banding][remote-render] time=130.172 frame=10281 entity=1 latestHostTick=3532 buffer=8 windowMs=1033.2 fps=44.5 snapshots=31 arrivalSamples=31 arrivalAvgMs=33.3 arrivalP95Ms=60.0 arrivalMaxMs=65.9 sameArrival=2 tickGapMax=2 renderFrames=46 interpolation=46 extrapolation=0 extrapolationCapped=0 extrapolationMaxMs=0.0 oldestHeld=0 zeroSpan=2 movingFrozen=0 teleport=0 visualStepAvgCm=0.00 visualStepMaxCm=0.00
[rubber-banding][remote-render] time=130.172 frame=10281 entity=2 latestHostTick=3532 buffer=8 windowMs=1033.2 fps=44.5 snapshots=31 arrivalSamples=31 arrivalAvgMs=33.3 arrivalP95Ms=60.0 arrivalMaxMs=65.9 sameArrival=2 tickGapMax=2 renderFrames=46 interpolation=46 extrapolation=0 extrapolationCapped=0 extrapolationMaxMs=0.0 oldestHeld=0 zeroSpan=2 movingFrozen=0 teleport=0 visualStepAvgCm=8.90 visualStepMaxCm=16.16
[rubber-banding][remote-render] time=130.172 frame=10281 entity=4 latestHostTick=3532 buffer=8 windowMs=1033.2 fps=44.5 snapshots=31 arrivalSamples=31 arrivalAvgMs=33.3 arrivalP95Ms=60.0 arrivalMaxMs=65.9 sameArrival=2 tickGapMax=2 renderFrames=46 interpolation=46 extrapolation=0 extrapolationCapped=0 extrapolationMaxMs=0.0 oldestHeld=0 zeroSpan=2 movingFrozen=0 teleport=0 visualStepAvgCm=0.00 visualStepMaxCm=0.00
[rubber-banding][remote-render] time=131.172 frame=10326 entity=1 latestHostTick=3592 buffer=8 windowMs=1000.0 fps=45.0 snapshots=30 arrivalSamples=30 arrivalAvgMs=33.3 arrivalP95Ms=58.3 arrivalMaxMs=58.4 sameArrival=1 tickGapMax=2 renderFrames=45 interpolation=45 extrapolation=0 extrapolationCapped=0 extrapolationMaxMs=0.0 oldestHeld=0 zeroSpan=1 movingFrozen=0 teleport=0 visualStepAvgCm=0.00 visualStepMaxCm=0.00
[rubber-banding][remote-render] time=131.172 frame=10326 entity=2 latestHostTick=3592 buffer=8 windowMs=1000.0 fps=45.0 snapshots=30 arrivalSamples=30 arrivalAvgMs=33.3 arrivalP95Ms=58.3 arrivalMaxMs=58.4 sameArrival=1 tickGapMax=2 renderFrames=45 interpolation=45 extrapolation=0 extrapolationCapped=0 extrapolationMaxMs=0.0 oldestHeld=0 zeroSpan=1 movingFrozen=0 teleport=0 visualStepAvgCm=8.79 visualStepMaxCm=13.63
[rubber-banding][remote-render] time=131.172 frame=10326 entity=4 latestHostTick=3592 buffer=8 windowMs=1000.0 fps=45.0 snapshots=30 arrivalSamples=30 arrivalAvgMs=33.3 arrivalP95Ms=58.3 arrivalMaxMs=58.4 sameArrival=1 tickGapMax=2 renderFrames=45 interpolation=45 extrapolation=0 extrapolationCapped=0 extrapolationMaxMs=0.0 oldestHeld=0 zeroSpan=1 movingFrozen=0 teleport=0 visualStepAvgCm=0.00 visualStepMaxCm=0.00
[rubber-banding][remote-render] time=132.173 frame=10372 entity=1 latestHostTick=3652 buffer=8 windowMs=1001.1 fps=45.9 snapshots=30 arrivalSamples=30 arrivalAvgMs=33.4 arrivalP95Ms=51.1 arrivalMaxMs=52.4 sameArrival=1 tickGapMax=2 renderFrames=46 interpolation=46 extrapolation=0 extrapolationCapped=0 extrapolationMaxMs=0.0 oldestHeld=0 zeroSpan=1 movingFrozen=0 teleport=0 visualStepAvgCm=0.00 visualStepMaxCm=0.00
[rubber-banding][remote-render] time=132.173 frame=10372 entity=2 latestHostTick=3652 buffer=8 windowMs=1001.1 fps=45.9 snapshots=30 arrivalSamples=30 arrivalAvgMs=33.4 arrivalP95Ms=51.1 arrivalMaxMs=52.4 sameArrival=1 tickGapMax=2 renderFrames=46 interpolation=46 extrapolation=0 extrapolationCapped=0 extrapolationMaxMs=0.0 oldestHeld=0 zeroSpan=1 movingFrozen=0 teleport=0 visualStepAvgCm=8.66 visualStepMaxCm=15.06
[rubber-banding][remote-render] time=132.173 frame=10372 entity=4 latestHostTick=3652 buffer=8 windowMs=1001.1 fps=45.9 snapshots=30 arrivalSamples=30 arrivalAvgMs=33.4 arrivalP95Ms=51.1 arrivalMaxMs=52.4 sameArrival=1 tickGapMax=2 renderFrames=46 interpolation=46 extrapolation=0 extrapolationCapped=0 extrapolationMaxMs=0.0 oldestHeld=0 zeroSpan=1 movingFrozen=0 teleport=0 visualStepAvgCm=0.00 visualStepMaxCm=0.00
[rubber-banding][remote-render] time=133.197 frame=10415 entity=1 latestHostTick=3714 buffer=8 windowMs=1023.9 fps=42.0 snapshots=31 arrivalSamples=31 arrivalAvgMs=33.0 arrivalP95Ms=66.6 arrivalMaxMs=74.1 sameArrival=6 tickGapMax=2 renderFrames=43 interpolation=43 extrapolation=0 extrapolationCapped=0 extrapolationMaxMs=0.0 oldestHeld=0 zeroSpan=8 movingFrozen=0 teleport=0 visualStepAvgCm=0.00 visualStepMaxCm=0.00
[rubber-banding][remote-render] time=133.197 frame=10415 entity=2 latestHostTick=3714 buffer=8 windowMs=1023.9 fps=42.0 snapshots=31 arrivalSamples=31 arrivalAvgMs=33.0 arrivalP95Ms=66.6 arrivalMaxMs=74.1 sameArrival=6 tickGapMax=2 renderFrames=43 interpolation=43 extrapolation=0 extrapolationCapped=0 extrapolationMaxMs=0.0 oldestHeld=0 zeroSpan=8 movingFrozen=0 teleport=0 visualStepAvgCm=9.48 visualStepMaxCm=20.70
[rubber-banding][remote-render] time=133.197 frame=10415 entity=4 latestHostTick=3714 buffer=8 windowMs=1023.9 fps=42.0 snapshots=31 arrivalSamples=31 arrivalAvgMs=33.0 arrivalP95Ms=66.6 arrivalMaxMs=74.1 sameArrival=6 tickGapMax=2 renderFrames=43 interpolation=43 extrapolation=0 extrapolationCapped=0 extrapolationMaxMs=0.0 oldestHeld=0 zeroSpan=8 movingFrozen=0 teleport=0 visualStepAvgCm=0.00 visualStepMaxCm=0.00
[rubber-banding][remote-render] time=134.213 frame=10461 entity=1 latestHostTick=3774 buffer=8 windowMs=1016.7 fps=45.2 snapshots=30 arrivalSamples=30 arrivalAvgMs=33.1 arrivalP95Ms=51.1 arrivalMaxMs=65.5 sameArrival=1 tickGapMax=2 renderFrames=46 interpolation=46 extrapolation=0 extrapolationCapped=0 extrapolationMaxMs=0.0 oldestHeld=0 zeroSpan=1 movingFrozen=0 teleport=0 visualStepAvgCm=0.00 visualStepMaxCm=0.00
[rubber-banding][remote-render] time=134.213 frame=10461 entity=2 latestHostTick=3774 buffer=8 windowMs=1016.7 fps=45.2 snapshots=30 arrivalSamples=30 arrivalAvgMs=33.1 arrivalP95Ms=51.1 arrivalMaxMs=65.5 sameArrival=1 tickGapMax=2 renderFrames=46 interpolation=46 extrapolation=0 extrapolationCapped=0 extrapolationMaxMs=0.0 oldestHeld=0 zeroSpan=1 movingFrozen=0 teleport=0 visualStepAvgCm=8.72 visualStepMaxCm=14.86
[rubber-banding][remote-render] time=134.213 frame=10461 entity=4 latestHostTick=3774 buffer=8 windowMs=1016.7 fps=45.2 snapshots=30 arrivalSamples=30 arrivalAvgMs=33.1 arrivalP95Ms=51.1 arrivalMaxMs=65.5 sameArrival=1 tickGapMax=2 renderFrames=46 interpolation=46 extrapolation=0 extrapolationCapped=0 extrapolationMaxMs=0.0 oldestHeld=0 zeroSpan=1 movingFrozen=0 teleport=0 visualStepAvgCm=0.00 visualStepMaxCm=0.00
[rubber-banding][remote-render] time=135.224 frame=10507 entity=1 latestHostTick=3834 buffer=8 windowMs=1010.2 fps=45.5 snapshots=30 arrivalSamples=30 arrivalAvgMs=33.9 arrivalP95Ms=50.5 arrivalMaxMs=58.7 sameArrival=2 tickGapMax=2 renderFrames=46 interpolation=46 extrapolation=0 extrapolationCapped=0 extrapolationMaxMs=0.0 oldestHeld=0 zeroSpan=3 movingFrozen=0 teleport=0 visualStepAvgCm=0.00 visualStepMaxCm=0.00
[rubber-banding][remote-render] time=135.224 frame=10507 entity=2 latestHostTick=3834 buffer=8 windowMs=1010.2 fps=45.5 snapshots=30 arrivalSamples=30 arrivalAvgMs=33.9 arrivalP95Ms=50.5 arrivalMaxMs=58.7 sameArrival=2 tickGapMax=2 renderFrames=46 interpolation=46 extrapolation=0 extrapolationCapped=0 extrapolationMaxMs=0.0 oldestHeld=0 zeroSpan=3 movingFrozen=0 teleport=0 visualStepAvgCm=8.77 visualStepMaxCm=13.93
[rubber-banding][remote-render] time=135.224 frame=10507 entity=4 latestHostTick=3834 buffer=8 windowMs=1010.2 fps=45.5 snapshots=30 arrivalSamples=30 arrivalAvgMs=33.9 arrivalP95Ms=50.5 arrivalMaxMs=58.7 sameArrival=2 tickGapMax=2 renderFrames=46 interpolation=46 extrapolation=0 extrapolationCapped=0 extrapolationMaxMs=0.0 oldestHeld=0 zeroSpan=3 movingFrozen=0 teleport=0 visualStepAvgCm=0.00 visualStepMaxCm=0.00
[rubber-banding][remote-render] time=136.250 frame=10552 entity=1 latestHostTick=3898 buffer=8 windowMs=1026.3 fps=43.8 snapshots=32 arrivalSamples=32 arrivalAvgMs=32.6 arrivalP95Ms=51.9 arrivalMaxMs=61.0 sameArrival=2 tickGapMax=2 renderFrames=45 interpolation=45 extrapolation=0 extrapolationCapped=0 extrapolationMaxMs=0.0 oldestHeld=0 zeroSpan=1 movingFrozen=0 teleport=0 visualStepAvgCm=0.00 visualStepMaxCm=0.00
[rubber-banding][remote-render] time=136.250 frame=10552 entity=2 latestHostTick=3898 buffer=8 windowMs=1026.3 fps=43.8 snapshots=32 arrivalSamples=32 arrivalAvgMs=32.6 arrivalP95Ms=51.9 arrivalMaxMs=61.0 sameArrival=2 tickGapMax=2 renderFrames=45 interpolation=45 extrapolation=0 extrapolationCapped=0 extrapolationMaxMs=0.0 oldestHeld=0 zeroSpan=1 movingFrozen=0 teleport=0 visualStepAvgCm=9.04 visualStepMaxCm=16.73
[rubber-banding][remote-render] time=136.250 frame=10552 entity=4 latestHostTick=3898 buffer=8 windowMs=1026.3 fps=43.8 snapshots=32 arrivalSamples=32 arrivalAvgMs=32.6 arrivalP95Ms=51.9 arrivalMaxMs=61.0 sameArrival=2 tickGapMax=2 renderFrames=45 interpolation=45 extrapolation=0 extrapolationCapped=0 extrapolationMaxMs=0.0 oldestHeld=0 zeroSpan=1 movingFrozen=0 teleport=0 visualStepAvgCm=0.00 visualStepMaxCm=0.00
[rubber-banding][remote-render] time=137.255 frame=10598 entity=1 latestHostTick=3958 buffer=8 windowMs=1005.2 fps=45.8 snapshots=30 arrivalSamples=30 arrivalAvgMs=33.5 arrivalP95Ms=60.5 arrivalMaxMs=74.6 sameArrival=0 tickGapMax=2 renderFrames=46 interpolation=46 extrapolation=0 extrapolationCapped=0 extrapolationMaxMs=0.0 oldestHeld=0 zeroSpan=1 movingFrozen=0 teleport=0 visualStepAvgCm=0.00 visualStepMaxCm=0.00
[rubber-banding][remote-render] time=137.255 frame=10598 entity=2 latestHostTick=3958 buffer=8 windowMs=1005.2 fps=45.8 snapshots=30 arrivalSamples=30 arrivalAvgMs=33.5 arrivalP95Ms=60.5 arrivalMaxMs=74.6 sameArrival=0 tickGapMax=2 renderFrames=46 interpolation=46 extrapolation=0 extrapolationCapped=0 extrapolationMaxMs=0.0 oldestHeld=0 zeroSpan=1 movingFrozen=0 teleport=0 visualStepAvgCm=8.69 visualStepMaxCm=13.69
[rubber-banding][remote-render] time=137.255 frame=10598 entity=4 latestHostTick=3958 buffer=8 windowMs=1005.2 fps=45.8 snapshots=30 arrivalSamples=30 arrivalAvgMs=33.5 arrivalP95Ms=60.5 arrivalMaxMs=74.6 sameArrival=0 tickGapMax=2 renderFrames=46 interpolation=46 extrapolation=0 extrapolationCapped=0 extrapolationMaxMs=0.0 oldestHeld=0 zeroSpan=1 movingFrozen=0 teleport=0 visualStepAvgCm=0.00 visualStepMaxCm=0.00
[rubber-banding][remote-render] time=138.255 frame=10641 entity=1 latestHostTick=4018 buffer=8 windowMs=1000.0 fps=43.0 snapshots=30 arrivalSamples=30 arrivalAvgMs=33.3 arrivalP95Ms=55.9 arrivalMaxMs=66.7 sameArrival=2 tickGapMax=2 renderFrames=43 interpolation=43 extrapolation=0 extrapolationCapped=0 extrapolationMaxMs=0.0 oldestHeld=0 zeroSpan=1 movingFrozen=0 teleport=0 visualStepAvgCm=0.00 visualStepMaxCm=0.00
[rubber-banding][remote-render] time=138.255 frame=10641 entity=2 latestHostTick=4018 buffer=8 windowMs=1000.0 fps=43.0 snapshots=30 arrivalSamples=30 arrivalAvgMs=33.3 arrivalP95Ms=55.9 arrivalMaxMs=66.7 sameArrival=2 tickGapMax=2 renderFrames=43 interpolation=43 extrapolation=0 extrapolationCapped=0 extrapolationMaxMs=0.0 oldestHeld=0 zeroSpan=1 movingFrozen=0 teleport=0 visualStepAvgCm=7.88 visualStepMaxCm=16.30
[rubber-banding][remote-render] time=138.255 frame=10641 entity=4 latestHostTick=4018 buffer=8 windowMs=1000.0 fps=43.0 snapshots=30 arrivalSamples=30 arrivalAvgMs=33.3 arrivalP95Ms=55.9 arrivalMaxMs=66.7 sameArrival=2 tickGapMax=2 renderFrames=43 interpolation=43 extrapolation=0 extrapolationCapped=0 extrapolationMaxMs=0.0 oldestHeld=0 zeroSpan=1 movingFrozen=0 teleport=0 visualStepAvgCm=0.00 visualStepMaxCm=0.00
[rubber-banding][remote-render] time=139.255 frame=10685 entity=1 latestHostTick=4078 buffer=8 windowMs=1000.0 fps=44.0 snapshots=30 arrivalSamples=30 arrivalAvgMs=33.3 arrivalP95Ms=52.4 arrivalMaxMs=59.7 sameArrival=3 tickGapMax=2 renderFrames=44 interpolation=44 extrapolation=0 extrapolationCapped=0 extrapolationMaxMs=0.0 oldestHeld=0 zeroSpan=4 movingFrozen=0 teleport=0 visualStepAvgCm=0.00 visualStepMaxCm=0.00
[rubber-banding][remote-render] time=139.255 frame=10685 entity=2 latestHostTick=4078 buffer=8 windowMs=1000.0 fps=44.0 snapshots=30 arrivalSamples=30 arrivalAvgMs=33.3 arrivalP95Ms=52.4 arrivalMaxMs=59.7 sameArrival=3 tickGapMax=2 renderFrames=44 interpolation=44 extrapolation=0 extrapolationCapped=0 extrapolationMaxMs=0.0 oldestHeld=0 zeroSpan=4 movingFrozen=0 teleport=0 visualStepAvgCm=8.46 visualStepMaxCm=17.80
[rubber-banding][remote-render] time=139.255 frame=10685 entity=4 latestHostTick=4078 buffer=8 windowMs=1000.0 fps=44.0 snapshots=30 arrivalSamples=30 arrivalAvgMs=33.3 arrivalP95Ms=52.4 arrivalMaxMs=59.7 sameArrival=3 tickGapMax=2 renderFrames=44 interpolation=44 extrapolation=0 extrapolationCapped=0 extrapolationMaxMs=0.0 oldestHeld=0 zeroSpan=4 movingFrozen=0 teleport=0 visualStepAvgCm=0.00 visualStepMaxCm=0.00
[rubber-banding][remote-render] time=140.262 frame=10733 entity=1 latestHostTick=4138 buffer=8 windowMs=1007.1 fps=47.7 snapshots=30 arrivalSamples=30 arrivalAvgMs=33.2 arrivalP95Ms=52.7 arrivalMaxMs=65.6 sameArrival=2 tickGapMax=2 renderFrames=48 interpolation=48 extrapolation=0 extrapolationCapped=0 extrapolationMaxMs=0.0 oldestHeld=0 zeroSpan=3 movingFrozen=0 teleport=0 visualStepAvgCm=0.00 visualStepMaxCm=0.00
[rubber-banding][remote-render] time=140.262 frame=10733 entity=2 latestHostTick=4138 buffer=8 windowMs=1007.1 fps=47.7 snapshots=30 arrivalSamples=30 arrivalAvgMs=33.2 arrivalP95Ms=52.7 arrivalMaxMs=65.6 sameArrival=2 tickGapMax=2 renderFrames=48 interpolation=48 extrapolation=0 extrapolationCapped=0 extrapolationMaxMs=0.0 oldestHeld=0 zeroSpan=3 movingFrozen=0 teleport=0 visualStepAvgCm=0.00 visualStepMaxCm=0.00
[rubber-banding][remote-render] time=140.262 frame=10733 entity=4 latestHostTick=4138 buffer=8 windowMs=1007.1 fps=47.7 snapshots=30 arrivalSamples=30 arrivalAvgMs=33.2 arrivalP95Ms=52.7 arrivalMaxMs=65.6 sameArrival=2 tickGapMax=2 renderFrames=48 interpolation=48 extrapolation=0 extrapolationCapped=0 extrapolationMaxMs=0.0 oldestHeld=0 zeroSpan=3 movingFrozen=0 teleport=0 visualStepAvgCm=0.00 visualStepMaxCm=0.00
[rubber-banding][remote-render] time=141.274 frame=10792 entity=1 latestHostTick=4198 buffer=8 windowMs=1011.4 fps=58.3 snapshots=30 arrivalSamples=30 arrivalAvgMs=33.6 arrivalP95Ms=46.7 arrivalMaxMs=50.0 sameArrival=0 tickGapMax=2 renderFrames=59 interpolation=59 extrapolation=0 extrapolationCapped=0 extrapolationMaxMs=0.0 oldestHeld=0 zeroSpan=0 movingFrozen=0 teleport=0 visualStepAvgCm=0.00 visualStepMaxCm=0.00
[rubber-banding][remote-render] time=141.274 frame=10792 entity=2 latestHostTick=4198 buffer=8 windowMs=1011.4 fps=58.3 snapshots=30 arrivalSamples=30 arrivalAvgMs=33.6 arrivalP95Ms=46.7 arrivalMaxMs=50.0 sameArrival=0 tickGapMax=2 renderFrames=59 interpolation=59 extrapolation=0 extrapolationCapped=0 extrapolationMaxMs=0.0 oldestHeld=0 zeroSpan=0 movingFrozen=0 teleport=0 visualStepAvgCm=0.00 visualStepMaxCm=0.00
[rubber-banding][remote-render] time=141.274 frame=10792 entity=4 latestHostTick=4198 buffer=8 windowMs=1011.4 fps=58.3 snapshots=30 arrivalSamples=30 arrivalAvgMs=33.6 arrivalP95Ms=46.7 arrivalMaxMs=50.0 sameArrival=0 tickGapMax=2 renderFrames=59 interpolation=59 extrapolation=0 extrapolationCapped=0 extrapolationMaxMs=0.0 oldestHeld=0 zeroSpan=0 movingFrozen=0 teleport=0 visualStepAvgCm=0.00 visualStepMaxCm=0.00
[rubber-banding][remote-render] time=142.290 frame=10843 entity=1 latestHostTick=4260 buffer=8 windowMs=1016.4 fps=50.2 snapshots=31 arrivalSamples=31 arrivalAvgMs=33.3 arrivalP95Ms=51.0 arrivalMaxMs=59.3 sameArrival=0 tickGapMax=2 renderFrames=51 interpolation=51 extrapolation=0 extrapolationCapped=0 extrapolationMaxMs=0.0 oldestHeld=0 zeroSpan=0 movingFrozen=0 teleport=0 visualStepAvgCm=0.00 visualStepMaxCm=0.00
[rubber-banding][remote-render] time=142.290 frame=10843 entity=2 latestHostTick=4260 buffer=8 windowMs=1016.4 fps=50.2 snapshots=31 arrivalSamples=31 arrivalAvgMs=33.3 arrivalP95Ms=51.0 arrivalMaxMs=59.3 sameArrival=0 tickGapMax=2 renderFrames=51 interpolation=51 extrapolation=0 extrapolationCapped=0 extrapolationMaxMs=0.0 oldestHeld=0 zeroSpan=0 movingFrozen=0 teleport=0 visualStepAvgCm=0.00 visualStepMaxCm=0.00
[rubber-banding][remote-render] time=142.290 frame=10843 entity=4 latestHostTick=4260 buffer=8 windowMs=1016.4 fps=50.2 snapshots=31 arrivalSamples=31 arrivalAvgMs=33.3 arrivalP95Ms=51.0 arrivalMaxMs=59.3 sameArrival=0 tickGapMax=2 renderFrames=51 interpolation=51 extrapolation=0 extrapolationCapped=0 extrapolationMaxMs=0.0 oldestHeld=0 zeroSpan=0 movingFrozen=0 teleport=0 visualStepAvgCm=4.62 visualStepMaxCm=13.35
[rubber-banding][remote-render] time=143.293 frame=10894 entity=1 latestHostTick=4318 buffer=8 windowMs=1003.0 fps=50.8 snapshots=29 arrivalSamples=29 arrivalAvgMs=33.3 arrivalP95Ms=59.1 arrivalMaxMs=67.1 sameArrival=1 tickGapMax=2 renderFrames=51 interpolation=51 extrapolation=0 extrapolationCapped=0 extrapolationMaxMs=0.0 oldestHeld=0 zeroSpan=2 movingFrozen=0 teleport=0 visualStepAvgCm=0.00 visualStepMaxCm=0.00
[rubber-banding][remote-render] time=143.293 frame=10894 entity=2 latestHostTick=4318 buffer=8 windowMs=1003.0 fps=50.8 snapshots=29 arrivalSamples=29 arrivalAvgMs=33.3 arrivalP95Ms=59.1 arrivalMaxMs=67.1 sameArrival=1 tickGapMax=2 renderFrames=51 interpolation=51 extrapolation=0 extrapolationCapped=0 extrapolationMaxMs=0.0 oldestHeld=0 zeroSpan=2 movingFrozen=0 teleport=0 visualStepAvgCm=0.00 visualStepMaxCm=0.00
[rubber-banding][remote-render] time=143.293 frame=10894 entity=4 latestHostTick=4318 buffer=8 windowMs=1003.0 fps=50.8 snapshots=29 arrivalSamples=29 arrivalAvgMs=33.3 arrivalP95Ms=59.1 arrivalMaxMs=67.1 sameArrival=1 tickGapMax=2 renderFrames=51 interpolation=51 extrapolation=0 extrapolationCapped=0 extrapolationMaxMs=0.0 oldestHeld=0 zeroSpan=2 movingFrozen=0 teleport=0 visualStepAvgCm=7.77 visualStepMaxCm=12.07
[rubber-banding][remote-render] time=144.294 frame=10945 entity=1 latestHostTick=4380 buffer=8 windowMs=1001.4 fps=50.9 snapshots=31 arrivalSamples=31 arrivalAvgMs=33.5 arrivalP95Ms=58.2 arrivalMaxMs=65.8 sameArrival=1 tickGapMax=2 renderFrames=51 interpolation=51 extrapolation=0 extrapolationCapped=0 extrapolationMaxMs=0.0 oldestHeld=0 zeroSpan=2 movingFrozen=0 teleport=0 visualStepAvgCm=0.00 visualStepMaxCm=0.00
[rubber-banding][remote-render] time=144.294 frame=10945 entity=2 latestHostTick=4380 buffer=8 windowMs=1001.4 fps=50.9 snapshots=31 arrivalSamples=31 arrivalAvgMs=33.5 arrivalP95Ms=58.2 arrivalMaxMs=65.8 sameArrival=1 tickGapMax=2 renderFrames=51 interpolation=51 extrapolation=0 extrapolationCapped=0 extrapolationMaxMs=0.0 oldestHeld=0 zeroSpan=2 movingFrozen=0 teleport=0 visualStepAvgCm=0.00 visualStepMaxCm=0.00
[rubber-banding][remote-render] time=144.294 frame=10945 entity=4 latestHostTick=4380 buffer=8 windowMs=1001.4 fps=50.9 snapshots=31 arrivalSamples=31 arrivalAvgMs=33.5 arrivalP95Ms=58.2 arrivalMaxMs=65.8 sameArrival=1 tickGapMax=2 renderFrames=51 interpolation=51 extrapolation=0 extrapolationCapped=0 extrapolationMaxMs=0.0 oldestHeld=0 zeroSpan=2 movingFrozen=0 teleport=0 visualStepAvgCm=7.76 visualStepMaxCm=13.59
[rubber-banding][remote-render] time=145.313 frame=10996 entity=1 latestHostTick=4440 buffer=8 windowMs=1019.2 fps=50.0 snapshots=30 arrivalSamples=30 arrivalAvgMs=33.1 arrivalP95Ms=43.3 arrivalMaxMs=49.9 sameArrival=0 tickGapMax=2 renderFrames=51 interpolation=51 extrapolation=0 extrapolationCapped=0 extrapolationMaxMs=0.0 oldestHeld=0 zeroSpan=0 movingFrozen=0 teleport=0 visualStepAvgCm=0.00 visualStepMaxCm=0.00
[rubber-banding][remote-render] time=145.313 frame=10996 entity=2 latestHostTick=4440 buffer=8 windowMs=1019.2 fps=50.0 snapshots=30 arrivalSamples=30 arrivalAvgMs=33.1 arrivalP95Ms=43.3 arrivalMaxMs=49.9 sameArrival=0 tickGapMax=2 renderFrames=51 interpolation=51 extrapolation=0 extrapolationCapped=0 extrapolationMaxMs=0.0 oldestHeld=0 zeroSpan=0 movingFrozen=0 teleport=0 visualStepAvgCm=0.00 visualStepMaxCm=0.00
[rubber-banding][remote-render] time=145.313 frame=10996 entity=4 latestHostTick=4440 buffer=8 windowMs=1019.2 fps=50.0 snapshots=30 arrivalSamples=30 arrivalAvgMs=33.1 arrivalP95Ms=43.3 arrivalMaxMs=49.9 sameArrival=0 tickGapMax=2 renderFrames=51 interpolation=51 extrapolation=0 extrapolationCapped=0 extrapolationMaxMs=0.0 oldestHeld=0 zeroSpan=0 movingFrozen=0 teleport=0 visualStepAvgCm=7.94 visualStepMaxCm=13.26
[rubber-banding][remote-render] time=146.331 frame=11048 entity=1 latestHostTick=4502 buffer=8 windowMs=1017.1 fps=51.1 snapshots=31 arrivalSamples=31 arrivalAvgMs=33.6 arrivalP95Ms=57.3 arrivalMaxMs=58.5 sameArrival=1 tickGapMax=2 renderFrames=52 interpolation=52 extrapolation=0 extrapolationCapped=0 extrapolationMaxMs=0.0 oldestHeld=0 zeroSpan=1 movingFrozen=0 teleport=0 visualStepAvgCm=0.00 visualStepMaxCm=0.00
[rubber-banding][remote-render] time=146.331 frame=11048 entity=2 latestHostTick=4502 buffer=8 windowMs=1017.1 fps=51.1 snapshots=31 arrivalSamples=31 arrivalAvgMs=33.6 arrivalP95Ms=57.3 arrivalMaxMs=58.5 sameArrival=1 tickGapMax=2 renderFrames=52 interpolation=52 extrapolation=0 extrapolationCapped=0 extrapolationMaxMs=0.0 oldestHeld=0 zeroSpan=1 movingFrozen=0 teleport=0 visualStepAvgCm=0.00 visualStepMaxCm=0.00
[rubber-banding][remote-render] time=146.331 frame=11048 entity=4 latestHostTick=4502 buffer=8 windowMs=1017.1 fps=51.1 snapshots=31 arrivalSamples=31 arrivalAvgMs=33.6 arrivalP95Ms=57.3 arrivalMaxMs=58.5 sameArrival=1 tickGapMax=2 renderFrames=52 interpolation=52 extrapolation=0 extrapolationCapped=0 extrapolationMaxMs=0.0 oldestHeld=0 zeroSpan=1 movingFrozen=0 teleport=0 visualStepAvgCm=7.77 visualStepMaxCm=14.83
[rubber-banding][remote-render] time=147.341 frame=11097 entity=1 latestHostTick=4562 buffer=8 windowMs=1010.3 fps=48.5 snapshots=30 arrivalSamples=30 arrivalAvgMs=33.7 arrivalP95Ms=66.2 arrivalMaxMs=67.2 sameArrival=3 tickGapMax=2 renderFrames=49 interpolation=49 extrapolation=0 extrapolationCapped=0 extrapolationMaxMs=0.0 oldestHeld=0 zeroSpan=6 movingFrozen=0 teleport=0 visualStepAvgCm=0.00 visualStepMaxCm=0.00
[rubber-banding][remote-render] time=147.341 frame=11097 entity=2 latestHostTick=4562 buffer=8 windowMs=1010.3 fps=48.5 snapshots=30 arrivalSamples=30 arrivalAvgMs=33.7 arrivalP95Ms=66.2 arrivalMaxMs=67.2 sameArrival=3 tickGapMax=2 renderFrames=49 interpolation=49 extrapolation=0 extrapolationCapped=0 extrapolationMaxMs=0.0 oldestHeld=0 zeroSpan=6 movingFrozen=0 teleport=0 visualStepAvgCm=0.00 visualStepMaxCm=0.00
[rubber-banding][remote-render] time=147.341 frame=11097 entity=4 latestHostTick=4562 buffer=8 windowMs=1010.3 fps=48.5 snapshots=30 arrivalSamples=30 arrivalAvgMs=33.7 arrivalP95Ms=66.2 arrivalMaxMs=67.2 sameArrival=3 tickGapMax=2 renderFrames=49 interpolation=49 extrapolation=0 extrapolationCapped=0 extrapolationMaxMs=0.0 oldestHeld=0 zeroSpan=6 movingFrozen=0 teleport=0 visualStepAvgCm=8.14 visualStepMaxCm=15.39
[rubber-banding][remote-render] time=148.347 frame=11148 entity=1 latestHostTick=4624 buffer=8 windowMs=1005.7 fps=50.7 snapshots=31 arrivalSamples=31 arrivalAvgMs=32.4 arrivalP95Ms=49.8 arrivalMaxMs=57.4 sameArrival=0 tickGapMax=2 renderFrames=51 interpolation=51 extrapolation=0 extrapolationCapped=0 extrapolationMaxMs=0.0 oldestHeld=0 zeroSpan=0 movingFrozen=0 teleport=0 visualStepAvgCm=0.00 visualStepMaxCm=0.00
[rubber-banding][remote-render] time=148.347 frame=11148 entity=2 latestHostTick=4624 buffer=8 windowMs=1005.7 fps=50.7 snapshots=31 arrivalSamples=31 arrivalAvgMs=32.4 arrivalP95Ms=49.8 arrivalMaxMs=57.4 sameArrival=0 tickGapMax=2 renderFrames=51 interpolation=51 extrapolation=0 extrapolationCapped=0 extrapolationMaxMs=0.0 oldestHeld=0 zeroSpan=0 movingFrozen=0 teleport=0 visualStepAvgCm=0.00 visualStepMaxCm=0.00
[rubber-banding][remote-render] time=148.347 frame=11148 entity=4 latestHostTick=4624 buffer=8 windowMs=1005.7 fps=50.7 snapshots=31 arrivalSamples=31 arrivalAvgMs=32.4 arrivalP95Ms=49.8 arrivalMaxMs=57.4 sameArrival=0 tickGapMax=2 renderFrames=51 interpolation=51 extrapolation=0 extrapolationCapped=0 extrapolationMaxMs=0.0 oldestHeld=0 zeroSpan=0 movingFrozen=0 teleport=0 visualStepAvgCm=7.11 visualStepMaxCm=13.16
[rubber-banding][remote-render] time=149.349 frame=11199 entity=1 latestHostTick=4684 buffer=8 windowMs=1002.1 fps=50.9 snapshots=30 arrivalSamples=30 arrivalAvgMs=33.4 arrivalP95Ms=44.5 arrivalMaxMs=58.9 sameArrival=0 tickGapMax=2 renderFrames=51 interpolation=51 extrapolation=0 extrapolationCapped=0 extrapolationMaxMs=0.0 oldestHeld=0 zeroSpan=0 movingFrozen=0 teleport=0 visualStepAvgCm=0.00 visualStepMaxCm=0.00
[rubber-banding][remote-render] time=149.349 frame=11199 entity=2 latestHostTick=4684 buffer=8 windowMs=1002.1 fps=50.9 snapshots=30 arrivalSamples=30 arrivalAvgMs=33.4 arrivalP95Ms=44.5 arrivalMaxMs=58.9 sameArrival=0 tickGapMax=2 renderFrames=51 interpolation=51 extrapolation=0 extrapolationCapped=0 extrapolationMaxMs=0.0 oldestHeld=0 zeroSpan=0 movingFrozen=0 teleport=0 visualStepAvgCm=0.00 visualStepMaxCm=0.00
[rubber-banding][remote-render] time=149.349 frame=11199 entity=4 latestHostTick=4684 buffer=8 windowMs=1002.1 fps=50.9 snapshots=30 arrivalSamples=30 arrivalAvgMs=33.4 arrivalP95Ms=44.5 arrivalMaxMs=58.9 sameArrival=0 tickGapMax=2 renderFrames=51 interpolation=51 extrapolation=0 extrapolationCapped=0 extrapolationMaxMs=0.0 oldestHeld=0 zeroSpan=0 movingFrozen=0 teleport=0 visualStepAvgCm=7.30 visualStepMaxCm=11.15
[rubber-banding][remote-render] time=150.363 frame=11249 entity=1 latestHostTick=4744 buffer=8 windowMs=1014.6 fps=49.3 snapshots=30 arrivalSamples=30 arrivalAvgMs=33.8 arrivalP95Ms=58.5 arrivalMaxMs=66.3 sameArrival=1 tickGapMax=2 renderFrames=50 interpolation=50 extrapolation=0 extrapolationCapped=0 extrapolationMaxMs=0.0 oldestHeld=0 zeroSpan=2 movingFrozen=0 teleport=0 visualStepAvgCm=0.00 visualStepMaxCm=0.00
[rubber-banding][remote-render] time=150.363 frame=11249 entity=2 latestHostTick=4744 buffer=8 windowMs=1014.6 fps=49.3 snapshots=30 arrivalSamples=30 arrivalAvgMs=33.8 arrivalP95Ms=58.5 arrivalMaxMs=66.3 sameArrival=1 tickGapMax=2 renderFrames=50 interpolation=50 extrapolation=0 extrapolationCapped=0 extrapolationMaxMs=0.0 oldestHeld=0 zeroSpan=2 movingFrozen=0 teleport=0 visualStepAvgCm=0.00 visualStepMaxCm=0.00
[rubber-banding][remote-render] time=150.363 frame=11249 entity=4 latestHostTick=4744 buffer=8 windowMs=1014.6 fps=49.3 snapshots=30 arrivalSamples=30 arrivalAvgMs=33.8 arrivalP95Ms=58.5 arrivalMaxMs=66.3 sameArrival=1 tickGapMax=2 renderFrames=50 interpolation=50 extrapolation=0 extrapolationCapped=0 extrapolationMaxMs=0.0 oldestHeld=0 zeroSpan=2 movingFrozen=0 teleport=0 visualStepAvgCm=8.09 visualStepMaxCm=18.26
[rubber-banding][remote-render] time=151.390 frame=11302 entity=1 latestHostTick=4806 buffer=8 windowMs=1026.5 fps=51.6 snapshots=31 arrivalSamples=31 arrivalAvgMs=33.1 arrivalP95Ms=43.2 arrivalMaxMs=48.4 sameArrival=0 tickGapMax=2 renderFrames=53 interpolation=53 extrapolation=0 extrapolationCapped=0 extrapolationMaxMs=0.0 oldestHeld=0 zeroSpan=0 movingFrozen=0 teleport=0 visualStepAvgCm=0.00 visualStepMaxCm=0.00
[rubber-banding][remote-render] time=151.390 frame=11302 entity=2 latestHostTick=4806 buffer=8 windowMs=1026.5 fps=51.6 snapshots=31 arrivalSamples=31 arrivalAvgMs=33.1 arrivalP95Ms=43.2 arrivalMaxMs=48.4 sameArrival=0 tickGapMax=2 renderFrames=53 interpolation=53 extrapolation=0 extrapolationCapped=0 extrapolationMaxMs=0.0 oldestHeld=0 zeroSpan=0 movingFrozen=0 teleport=0 visualStepAvgCm=0.00 visualStepMaxCm=0.00
[rubber-banding][remote-render] time=151.390 frame=11302 entity=4 latestHostTick=4806 buffer=8 windowMs=1026.5 fps=51.6 snapshots=31 arrivalSamples=31 arrivalAvgMs=33.1 arrivalP95Ms=43.2 arrivalMaxMs=48.4 sameArrival=0 tickGapMax=2 renderFrames=53 interpolation=53 extrapolation=0 extrapolationCapped=0 extrapolationMaxMs=0.0 oldestHeld=0 zeroSpan=0 movingFrozen=0 teleport=0 visualStepAvgCm=4.56 visualStepMaxCm=11.04
[rubber-banding][remote-render] time=152.963 frame=11327 entity=1 latestHostTick=4862 buffer=8 windowMs=1573.7 fps=15.9 snapshots=28 arrivalSamples=28 arrivalAvgMs=56.2 arrivalP95Ms=85.4 arrivalMaxMs=793.4 sameArrival=11 tickGapMax=2 renderFrames=25 interpolation=23 extrapolation=2 extrapolationCapped=1 extrapolationMaxMs=528.0 oldestHeld=0 zeroSpan=4 movingFrozen=0 teleport=0 visualStepAvgCm=0.00 visualStepMaxCm=0.00
[rubber-banding][remote-render] time=152.963 frame=11327 entity=2 latestHostTick=4862 buffer=8 windowMs=1573.7 fps=15.9 snapshots=28 arrivalSamples=28 arrivalAvgMs=56.2 arrivalP95Ms=85.4 arrivalMaxMs=793.4 sameArrival=11 tickGapMax=2 renderFrames=25 interpolation=23 extrapolation=2 extrapolationCapped=1 extrapolationMaxMs=528.0 oldestHeld=0 zeroSpan=4 movingFrozen=0 teleport=0 visualStepAvgCm=0.00 visualStepMaxCm=0.00
[rubber-banding][remote-render] time=152.963 frame=11327 entity=4 latestHostTick=4862 buffer=8 windowMs=1573.7 fps=15.9 snapshots=28 arrivalSamples=28 arrivalAvgMs=56.2 arrivalP95Ms=85.4 arrivalMaxMs=793.4 sameArrival=11 tickGapMax=2 renderFrames=25 interpolation=23 extrapolation=2 extrapolationCapped=1 extrapolationMaxMs=528.0 oldestHeld=0 zeroSpan=4 movingFrozen=0 teleport=0 visualStepAvgCm=0.00 visualStepMaxCm=0.00
[rubber-banding][remote-render] time=154.138 frame=11328 entity=1 latestHostTick=4882 buffer=8 windowMs=1174.9 fps=0.9 snapshots=8 arrivalSamples=8 arrivalAvgMs=146.9 arrivalP95Ms=1174.9 arrivalMaxMs=1174.9 sameArrival=7 tickGapMax=6 renderFrames=1 interpolation=0 extrapolation=1 extrapolationCapped=1 extrapolationMaxMs=1330.3 oldestHeld=0 zeroSpan=1 movingFrozen=0 teleport=0 visualStepAvgCm=0.00 visualStepMaxCm=0.00
[rubber-banding][remote-render] time=154.138 frame=11328 entity=2 latestHostTick=4882 buffer=8 windowMs=1174.9 fps=0.9 snapshots=8 arrivalSamples=8 arrivalAvgMs=146.9 arrivalP95Ms=1174.9 arrivalMaxMs=1174.9 sameArrival=7 tickGapMax=6 renderFrames=1 interpolation=0 extrapolation=1 extrapolationCapped=1 extrapolationMaxMs=1330.3 oldestHeld=0 zeroSpan=1 movingFrozen=0 teleport=0 visualStepAvgCm=0.00 visualStepMaxCm=0.00
[rubber-banding][remote-render] time=154.138 frame=11328 entity=4 latestHostTick=4882 buffer=8 windowMs=1174.9 fps=0.9 snapshots=8 arrivalSamples=8 arrivalAvgMs=146.9 arrivalP95Ms=1174.9 arrivalMaxMs=1174.9 sameArrival=7 tickGapMax=6 renderFrames=1 interpolation=0 extrapolation=1 extrapolationCapped=1 extrapolationMaxMs=1330.3 oldestHeld=0 zeroSpan=1 movingFrozen=0 teleport=0 visualStepAvgCm=0.00 visualStepMaxCm=0.00
[rubber-banding][remote-render] time=155.222 frame=11329 entity=1 latestHostTick=4902 buffer=8 windowMs=1083.3 fps=0.9 snapshots=8 arrivalSamples=8 arrivalAvgMs=135.4 arrivalP95Ms=1083.3 arrivalMaxMs=1083.3 sameArrival=7 tickGapMax=6 renderFrames=1 interpolation=0 extrapolation=1 extrapolationCapped=1 extrapolationMaxMs=470.0 oldestHeld=0 zeroSpan=1 movingFrozen=0 teleport=0 visualStepAvgCm=0.00 visualStepMaxCm=0.00
[rubber-banding][remote-render] time=155.222 frame=11329 entity=2 latestHostTick=4902 buffer=8 windowMs=1083.3 fps=0.9 snapshots=8 arrivalSamples=8 arrivalAvgMs=135.4 arrivalP95Ms=1083.3 arrivalMaxMs=1083.3 sameArrival=7 tickGapMax=6 renderFrames=1 interpolation=0 extrapolation=1 extrapolationCapped=1 extrapolationMaxMs=470.0 oldestHeld=0 zeroSpan=1 movingFrozen=0 teleport=0 visualStepAvgCm=0.00 visualStepMaxCm=0.00
[rubber-banding][remote-render] time=155.222 frame=11329 entity=4 latestHostTick=4902 buffer=8 windowMs=1083.3 fps=0.9 snapshots=8 arrivalSamples=8 arrivalAvgMs=135.4 arrivalP95Ms=1083.3 arrivalMaxMs=1083.3 sameArrival=7 tickGapMax=6 renderFrames=1 interpolation=0 extrapolation=1 extrapolationCapped=1 extrapolationMaxMs=470.0 oldestHeld=0 zeroSpan=1 movingFrozen=0 teleport=0 visualStepAvgCm=0.00 visualStepMaxCm=0.00
[rubber-banding][remote-render] time=156.313 frame=11330 entity=1 latestHostTick=4922 buffer=8 windowMs=1091.5 fps=0.9 snapshots=8 arrivalSamples=8 arrivalAvgMs=136.4 arrivalP95Ms=1091.5 arrivalMaxMs=1091.5 sameArrival=7 tickGapMax=6 renderFrames=1 interpolation=0 extrapolation=1 extrapolationCapped=1 extrapolationMaxMs=470.0 oldestHeld=0 zeroSpan=1 movingFrozen=0 teleport=0 visualStepAvgCm=0.00 visualStepMaxCm=0.00
[rubber-banding][remote-render] time=156.313 frame=11330 entity=2 latestHostTick=4922 buffer=8 windowMs=1091.5 fps=0.9 snapshots=8 arrivalSamples=8 arrivalAvgMs=136.4 arrivalP95Ms=1091.5 arrivalMaxMs=1091.5 sameArrival=7 tickGapMax=6 renderFrames=1 interpolation=0 extrapolation=1 extrapolationCapped=1 extrapolationMaxMs=470.0 oldestHeld=0 zeroSpan=1 movingFrozen=0 teleport=0 visualStepAvgCm=0.00 visualStepMaxCm=0.00
[rubber-banding][remote-render] time=156.313 frame=11330 entity=4 latestHostTick=4922 buffer=8 windowMs=1091.5 fps=0.9 snapshots=8 arrivalSamples=8 arrivalAvgMs=136.4 arrivalP95Ms=1091.5 arrivalMaxMs=1091.5 sameArrival=7 tickGapMax=6 renderFrames=1 interpolation=0 extrapolation=1 extrapolationCapped=1 extrapolationMaxMs=470.0 oldestHeld=0 zeroSpan=1 movingFrozen=0 teleport=0 visualStepAvgCm=0.00 visualStepMaxCm=0.00
[rubber-banding][remote-render] time=157.455 frame=11333 entity=1 latestHostTick=4972 buffer=8 windowMs=1141.9 fps=2.6 snapshots=23 arrivalSamples=23 arrivalAvgMs=49.6 arrivalP95Ms=283.4 arrivalMaxMs=625.1 sameArrival=20 tickGapMax=6 renderFrames=3 interpolation=0 extrapolation=3 extrapolationCapped=3 extrapolationMaxMs=740.5 oldestHeld=0 zeroSpan=3 movingFrozen=0 teleport=0 visualStepAvgCm=0.00 visualStepMaxCm=0.00
[rubber-banding][remote-render] time=157.455 frame=11333 entity=2 latestHostTick=4972 buffer=8 windowMs=1141.9 fps=2.6 snapshots=23 arrivalSamples=23 arrivalAvgMs=49.6 arrivalP95Ms=283.4 arrivalMaxMs=625.1 sameArrival=20 tickGapMax=6 renderFrames=3 interpolation=0 extrapolation=3 extrapolationCapped=3 extrapolationMaxMs=740.5 oldestHeld=0 zeroSpan=3 movingFrozen=0 teleport=0 visualStepAvgCm=0.00 visualStepMaxCm=0.00
[rubber-banding][remote-render] time=157.455 frame=11333 entity=4 latestHostTick=4972 buffer=8 windowMs=1141.9 fps=2.6 snapshots=23 arrivalSamples=23 arrivalAvgMs=49.6 arrivalP95Ms=283.4 arrivalMaxMs=625.1 sameArrival=20 tickGapMax=6 renderFrames=3 interpolation=0 extrapolation=3 extrapolationCapped=3 extrapolationMaxMs=740.5 oldestHeld=0 zeroSpan=3 movingFrozen=0 teleport=0 visualStepAvgCm=0.00 visualStepMaxCm=0.00
[rubber-banding][remote-render] time=158.505 frame=11334 entity=1 latestHostTick=4992 buffer=8 windowMs=1049.9 fps=1.0 snapshots=8 arrivalSamples=8 arrivalAvgMs=131.2 arrivalP95Ms=1049.9 arrivalMaxMs=1049.9 sameArrival=7 tickGapMax=6 renderFrames=1 interpolation=0 extrapolation=1 extrapolationCapped=1 extrapolationMaxMs=453.3 oldestHeld=0 zeroSpan=1 movingFrozen=0 teleport=0 visualStepAvgCm=0.00 visualStepMaxCm=0.00
[rubber-banding][remote-render] time=158.505 frame=11334 entity=2 latestHostTick=4992 buffer=8 windowMs=1049.9 fps=1.0 snapshots=8 arrivalSamples=8 arrivalAvgMs=131.2 arrivalP95Ms=1049.9 arrivalMaxMs=1049.9 sameArrival=7 tickGapMax=6 renderFrames=1 interpolation=0 extrapolation=1 extrapolationCapped=1 extrapolationMaxMs=453.3 oldestHeld=0 zeroSpan=1 movingFrozen=0 teleport=0 visualStepAvgCm=0.00 visualStepMaxCm=0.00
[rubber-banding][remote-render] time=158.505 frame=11334 entity=4 latestHostTick=4992 buffer=8 windowMs=1049.9 fps=1.0 snapshots=8 arrivalSamples=8 arrivalAvgMs=131.2 arrivalP95Ms=1049.9 arrivalMaxMs=1049.9 sameArrival=7 tickGapMax=6 renderFrames=1 interpolation=0 extrapolation=1 extrapolationCapped=1 extrapolationMaxMs=453.3 oldestHeld=0 zeroSpan=1 movingFrozen=0 teleport=0 visualStepAvgCm=0.00 visualStepMaxCm=0.00
[rubber-banding][remote-render] time=159.522 frame=11335 entity=1 latestHostTick=5012 buffer=8 windowMs=1016.6 fps=1.0 snapshots=8 arrivalSamples=8 arrivalAvgMs=127.1 arrivalP95Ms=1016.6 arrivalMaxMs=1016.6 sameArrival=7 tickGapMax=6 renderFrames=1 interpolation=0 extrapolation=1 extrapolationCapped=1 extrapolationMaxMs=436.7 oldestHeld=0 zeroSpan=1 movingFrozen=0 teleport=0 visualStepAvgCm=0.00 visualStepMaxCm=0.00
[rubber-banding][remote-render] time=159.522 frame=11335 entity=2 latestHostTick=5012 buffer=8 windowMs=1016.6 fps=1.0 snapshots=8 arrivalSamples=8 arrivalAvgMs=127.1 arrivalP95Ms=1016.6 arrivalMaxMs=1016.6 sameArrival=7 tickGapMax=6 renderFrames=1 interpolation=0 extrapolation=1 extrapolationCapped=1 extrapolationMaxMs=436.7 oldestHeld=0 zeroSpan=1 movingFrozen=0 teleport=0 visualStepAvgCm=0.00 visualStepMaxCm=0.00
[rubber-banding][remote-render] time=159.522 frame=11335 entity=4 latestHostTick=5012 buffer=8 windowMs=1016.6 fps=1.0 snapshots=8 arrivalSamples=8 arrivalAvgMs=127.1 arrivalP95Ms=1016.6 arrivalMaxMs=1016.6 sameArrival=7 tickGapMax=6 renderFrames=1 interpolation=0 extrapolation=1 extrapolationCapped=1 extrapolationMaxMs=436.7 oldestHeld=0 zeroSpan=1 movingFrozen=0 teleport=0 visualStepAvgCm=0.00 visualStepMaxCm=0.00
[rubber-banding][remote-render] time=160.855 frame=11340 entity=1 latestHostTick=5102 buffer=8 windowMs=1333.5 fps=3.7 snapshots=34 arrivalSamples=34 arrivalAvgMs=39.2 arrivalP95Ms=266.9 arrivalMaxMs=416.6 sameArrival=29 tickGapMax=20 renderFrames=5 interpolation=0 extrapolation=5 extrapolationCapped=5 extrapolationMaxMs=389.6 oldestHeld=0 zeroSpan=5 movingFrozen=0 teleport=0 visualStepAvgCm=0.00 visualStepMaxCm=0.00
[rubber-banding][remote-render] time=160.855 frame=11340 entity=2 latestHostTick=5102 buffer=8 windowMs=1333.5 fps=3.7 snapshots=34 arrivalSamples=34 arrivalAvgMs=39.2 arrivalP95Ms=266.9 arrivalMaxMs=416.6 sameArrival=29 tickGapMax=20 renderFrames=5 interpolation=0 extrapolation=5 extrapolationCapped=5 extrapolationMaxMs=389.6 oldestHeld=0 zeroSpan=5 movingFrozen=0 teleport=0 visualStepAvgCm=0.00 visualStepMaxCm=0.00
[rubber-banding][remote-render] time=160.855 frame=11340 entity=4 latestHostTick=5102 buffer=8 windowMs=1333.5 fps=3.7 snapshots=34 arrivalSamples=34 arrivalAvgMs=39.2 arrivalP95Ms=266.9 arrivalMaxMs=416.6 sameArrival=29 tickGapMax=20 renderFrames=5 interpolation=0 extrapolation=5 extrapolationCapped=5 extrapolationMaxMs=389.6 oldestHeld=0 zeroSpan=5 movingFrozen=0 teleport=0 visualStepAvgCm=0.00 visualStepMaxCm=0.00
[rubber-banding][remote-render] time=162.647 frame=11342 entity=1 latestHostTick=5210 buffer=8 windowMs=1791.7 fps=1.1 snapshots=16 arrivalSamples=16 arrivalAvgMs=112.0 arrivalP95Ms=950.1 arrivalMaxMs=950.1 sameArrival=14 tickGapMax=44 renderFrames=2 interpolation=2 extrapolation=0 extrapolationCapped=0 extrapolationMaxMs=0.0 oldestHeld=2 zeroSpan=0 movingFrozen=0 teleport=0 visualStepAvgCm=200.95 visualStepMaxCm=272.47
[rubber-banding][large-step] time=162.647 frame=11342 focused=0 entity=1 buffer=8 count=2 maxStepCm=272.47 horizontalCm=272.47 verticalCm=0.00 frameDeltaMs=841.5 renderTickDelta=50.492 fromTick=5196 toTick=5196 tickSpan=0 receivedSpanMs=0.0 t=0.000 renderOffsetMs=-288.5 sourceHorizontalCm=0.00 sourceVerticalCm=0.00 fromGrounded=1 toGrounded=1 velocity=(0.063, -2.333, -4.000) expectedTravelCm=389.70 teleport=0 previous=(-1.316, 0.008, 4.287) rendered=(-3.766, 0.008, 3.096)
[rubber-banding][remote-render] time=162.647 frame=11342 entity=2 latestHostTick=5210 buffer=8 windowMs=1791.7 fps=1.1 snapshots=16 arrivalSamples=16 arrivalAvgMs=112.0 arrivalP95Ms=950.1 arrivalMaxMs=950.1 sameArrival=14 tickGapMax=44 renderFrames=2 interpolation=2 extrapolation=0 extrapolationCapped=0 extrapolationMaxMs=0.0 oldestHeld=2 zeroSpan=0 movingFrozen=0 teleport=0 visualStepAvgCm=0.00 visualStepMaxCm=0.00
[rubber-banding][remote-render] time=162.647 frame=11342 entity=4 latestHostTick=5210 buffer=8 windowMs=1791.7 fps=1.1 snapshots=16 arrivalSamples=16 arrivalAvgMs=112.0 arrivalP95Ms=950.1 arrivalMaxMs=950.1 sameArrival=14 tickGapMax=44 renderFrames=2 interpolation=2 extrapolation=0 extrapolationCapped=0 extrapolationMaxMs=0.0 oldestHeld=2 zeroSpan=0 movingFrozen=0 teleport=0 visualStepAvgCm=0.00 visualStepMaxCm=0.00
[rubber-banding][remote-render] time=163.697 frame=11346 entity=1 latestHostTick=5268 buffer=8 windowMs=1050.1 fps=3.8 snapshots=24 arrivalSamples=24 arrivalAvgMs=43.8 arrivalP95Ms=216.5 arrivalMaxMs=525.1 sameArrival=20 tickGapMax=12 renderFrames=4 interpolation=4 extrapolation=0 extrapolationCapped=0 extrapolationMaxMs=0.0 oldestHeld=4 zeroSpan=0 movingFrozen=0 teleport=0 visualStepAvgCm=27.30 visualStepMaxCm=109.21
[rubber-banding][large-step] time=163.697 frame=11346 focused=0 entity=1 buffer=8 count=1 maxStepCm=109.21 horizontalCm=109.21 verticalCm=0.00 frameDeltaMs=525.1 renderTickDelta=32.559 fromTick=5222 toTick=5222 tickSpan=0 receivedSpanMs=0.0 t=0.000 renderOffsetMs=-179.1 sourceHorizontalCm=0.00 sourceVerticalCm=0.00 fromGrounded=1 toGrounded=1 velocity=(0.000, -2.333, 0.000) expectedTravelCm=122.53 teleport=0 previous=(-3.766, 0.008, 3.096) rendered=(-2.758, 0.008, 2.677)
[rubber-banding][remote-render] time=163.697 frame=11346 entity=2 latestHostTick=5268 buffer=8 windowMs=1050.1 fps=3.8 snapshots=24 arrivalSamples=24 arrivalAvgMs=43.8 arrivalP95Ms=216.5 arrivalMaxMs=525.1 sameArrival=20 tickGapMax=12 renderFrames=4 interpolation=4 extrapolation=0 extrapolationCapped=0 extrapolationMaxMs=0.0 oldestHeld=4 zeroSpan=0 movingFrozen=0 teleport=0 visualStepAvgCm=0.00 visualStepMaxCm=0.00
[rubber-banding][remote-render] time=163.697 frame=11346 entity=4 latestHostTick=5268 buffer=8 windowMs=1050.1 fps=3.8 snapshots=24 arrivalSamples=24 arrivalAvgMs=43.8 arrivalP95Ms=216.5 arrivalMaxMs=525.1 sameArrival=20 tickGapMax=12 renderFrames=4 interpolation=4 extrapolation=0 extrapolationCapped=0 extrapolationMaxMs=0.0 oldestHeld=4 zeroSpan=0 movingFrozen=0 teleport=0 visualStepAvgCm=0.00 visualStepMaxCm=0.00
[rubber-banding][remote-render] time=164.847 frame=11351 entity=1 latestHostTick=5310 buffer=8 windowMs=1150.6 fps=4.3 snapshots=21 arrivalSamples=21 arrivalAvgMs=54.8 arrivalP95Ms=150.1 arrivalMaxMs=608.6 sameArrival=16 tickGapMax=2 renderFrames=5 interpolation=4 extrapolation=1 extrapolationCapped=0 extrapolationMaxMs=85.6 oldestHeld=4 zeroSpan=1 movingFrozen=0 teleport=0 visualStepAvgCm=0.00 visualStepMaxCm=0.00
[rubber-banding][remote-render] time=164.847 frame=11351 entity=2 latestHostTick=5310 buffer=8 windowMs=1150.6 fps=4.3 snapshots=21 arrivalSamples=21 arrivalAvgMs=54.8 arrivalP95Ms=150.1 arrivalMaxMs=608.6 sameArrival=16 tickGapMax=2 renderFrames=5 interpolation=4 extrapolation=1 extrapolationCapped=0 extrapolationMaxMs=85.6 oldestHeld=4 zeroSpan=1 movingFrozen=0 teleport=0 visualStepAvgCm=0.00 visualStepMaxCm=0.00
[rubber-banding][remote-render] time=164.847 frame=11351 entity=4 latestHostTick=5310 buffer=8 windowMs=1150.6 fps=4.3 snapshots=21 arrivalSamples=21 arrivalAvgMs=54.8 arrivalP95Ms=150.1 arrivalMaxMs=608.6 sameArrival=16 tickGapMax=2 renderFrames=5 interpolation=4 extrapolation=1 extrapolationCapped=0 extrapolationMaxMs=85.6 oldestHeld=4 zeroSpan=1 movingFrozen=0 teleport=0 visualStepAvgCm=0.00 visualStepMaxCm=0.00
[rubber-banding][remote-render] time=166.132 frame=11353 entity=1 latestHostTick=5350 buffer=8 windowMs=1284.3 fps=1.6 snapshots=16 arrivalSamples=16 arrivalAvgMs=80.3 arrivalP95Ms=667.8 arrivalMaxMs=667.8 sameArrival=14 tickGapMax=6 renderFrames=2 interpolation=0 extrapolation=2 extrapolationCapped=2 extrapolationMaxMs=660.4 oldestHeld=0 zeroSpan=2 movingFrozen=0 teleport=0 visualStepAvgCm=0.00 visualStepMaxCm=0.00
[rubber-banding][remote-render] time=166.132 frame=11353 entity=2 latestHostTick=5350 buffer=8 windowMs=1284.3 fps=1.6 snapshots=16 arrivalSamples=16 arrivalAvgMs=80.3 arrivalP95Ms=667.8 arrivalMaxMs=667.8 sameArrival=14 tickGapMax=6 renderFrames=2 interpolation=0 extrapolation=2 extrapolationCapped=2 extrapolationMaxMs=660.4 oldestHeld=0 zeroSpan=2 movingFrozen=0 teleport=0 visualStepAvgCm=0.00 visualStepMaxCm=0.00
[rubber-banding][remote-render] time=166.132 frame=11353 entity=4 latestHostTick=5350 buffer=8 windowMs=1284.3 fps=1.6 snapshots=16 arrivalSamples=16 arrivalAvgMs=80.3 arrivalP95Ms=667.8 arrivalMaxMs=667.8 sameArrival=14 tickGapMax=6 renderFrames=2 interpolation=0 extrapolation=2 extrapolationCapped=2 extrapolationMaxMs=660.4 oldestHeld=0 zeroSpan=2 movingFrozen=0 teleport=0 visualStepAvgCm=0.00 visualStepMaxCm=0.00
[rubber-banding][remote-render] time=167.405 frame=11355 entity=1 latestHostTick=5390 buffer=8 windowMs=1273.7 fps=1.6 snapshots=16 arrivalSamples=16 arrivalAvgMs=79.6 arrivalP95Ms=665.5 arrivalMaxMs=665.5 sameArrival=14 tickGapMax=6 renderFrames=2 interpolation=0 extrapolation=2 extrapolationCapped=2 extrapolationMaxMs=528.2 oldestHeld=0 zeroSpan=2 movingFrozen=0 teleport=0 visualStepAvgCm=0.00 visualStepMaxCm=0.00
[rubber-banding][remote-render] time=167.405 frame=11355 entity=2 latestHostTick=5390 buffer=8 windowMs=1273.7 fps=1.6 snapshots=16 arrivalSamples=16 arrivalAvgMs=79.6 arrivalP95Ms=665.5 arrivalMaxMs=665.5 sameArrival=14 tickGapMax=6 renderFrames=2 interpolation=0 extrapolation=2 extrapolationCapped=2 extrapolationMaxMs=528.2 oldestHeld=0 zeroSpan=2 movingFrozen=0 teleport=0 visualStepAvgCm=0.00 visualStepMaxCm=0.00
[rubber-banding][remote-render] time=167.405 frame=11355 entity=4 latestHostTick=5390 buffer=8 windowMs=1273.7 fps=1.6 snapshots=16 arrivalSamples=16 arrivalAvgMs=79.6 arrivalP95Ms=665.5 arrivalMaxMs=665.5 sameArrival=14 tickGapMax=6 renderFrames=2 interpolation=0 extrapolation=2 extrapolationCapped=2 extrapolationMaxMs=528.2 oldestHeld=0 zeroSpan=2 movingFrozen=0 teleport=0 visualStepAvgCm=0.00 visualStepMaxCm=0.00
[rubber-banding][remote-render] time=168.499 frame=11357 entity=1 latestHostTick=5430 buffer=8 windowMs=1093.7 fps=1.8 snapshots=16 arrivalSamples=16 arrivalAvgMs=68.4 arrivalP95Ms=585.3 arrivalMaxMs=585.3 sameArrival=14 tickGapMax=6 renderFrames=2 interpolation=0 extrapolation=2 extrapolationCapped=2 extrapolationMaxMs=422.0 oldestHeld=0 zeroSpan=2 movingFrozen=0 teleport=0 visualStepAvgCm=0.00 visualStepMaxCm=0.00
[rubber-banding][remote-render] time=168.499 frame=11357 entity=2 latestHostTick=5430 buffer=8 windowMs=1093.7 fps=1.8 snapshots=16 arrivalSamples=16 arrivalAvgMs=68.4 arrivalP95Ms=585.3 arrivalMaxMs=585.3 sameArrival=14 tickGapMax=6 renderFrames=2 interpolation=0 extrapolation=2 extrapolationCapped=2 extrapolationMaxMs=422.0 oldestHeld=0 zeroSpan=2 movingFrozen=0 teleport=0 visualStepAvgCm=2.00 visualStepMaxCm=2.00
[rubber-banding][remote-render] time=168.499 frame=11357 entity=4 latestHostTick=5430 buffer=8 windowMs=1093.7 fps=1.8 snapshots=16 arrivalSamples=16 arrivalAvgMs=68.4 arrivalP95Ms=585.3 arrivalMaxMs=585.3 sameArrival=14 tickGapMax=6 renderFrames=2 interpolation=0 extrapolation=2 extrapolationCapped=2 extrapolationMaxMs=422.0 oldestHeld=0 zeroSpan=2 movingFrozen=0 teleport=0 visualStepAvgCm=0.00 visualStepMaxCm=0.00
[rubber-banding][remote-render] time=169.594 frame=11359 entity=1 latestHostTick=5470 buffer=8 windowMs=1095.5 fps=1.8 snapshots=16 arrivalSamples=16 arrivalAvgMs=68.5 arrivalP95Ms=582.5 arrivalMaxMs=582.5 sameArrival=14 tickGapMax=6 renderFrames=2 interpolation=0 extrapolation=2 extrapolationCapped=2 extrapolationMaxMs=814.3 oldestHeld=0 zeroSpan=2 movingFrozen=0 teleport=0 visualStepAvgCm=0.00 visualStepMaxCm=0.00
[rubber-banding][remote-render] time=169.594 frame=11359 entity=2 latestHostTick=5470 buffer=8 windowMs=1095.5 fps=1.8 snapshots=16 arrivalSamples=16 arrivalAvgMs=68.5 arrivalP95Ms=582.5 arrivalMaxMs=582.5 sameArrival=14 tickGapMax=6 renderFrames=2 interpolation=0 extrapolation=2 extrapolationCapped=2 extrapolationMaxMs=814.3 oldestHeld=0 zeroSpan=2 movingFrozen=0 teleport=0 visualStepAvgCm=0.79 visualStepMaxCm=1.58
[rubber-banding][remote-render] time=169.594 frame=11359 entity=4 latestHostTick=5470 buffer=8 windowMs=1095.5 fps=1.8 snapshots=16 arrivalSamples=16 arrivalAvgMs=68.5 arrivalP95Ms=582.5 arrivalMaxMs=582.5 sameArrival=14 tickGapMax=6 renderFrames=2 interpolation=0 extrapolation=2 extrapolationCapped=2 extrapolationMaxMs=814.3 oldestHeld=0 zeroSpan=2 movingFrozen=0 teleport=0 visualStepAvgCm=0.00 visualStepMaxCm=0.00
[rubber-banding][remote-render] time=170.755 frame=11363 entity=1 latestHostTick=5536 buffer=8 windowMs=1160.9 fps=3.4 snapshots=21 arrivalSamples=21 arrivalAvgMs=55.3 arrivalP95Ms=333.3 arrivalMaxMs=502.7 sameArrival=18 tickGapMax=22 renderFrames=4 interpolation=1 extrapolation=3 extrapolationCapped=1 extrapolationMaxMs=170.0 oldestHeld=0 zeroSpan=4 movingFrozen=0 teleport=0 visualStepAvgCm=1095.99 visualStepMaxCm=4383.96
[rubber-banding][large-step] time=170.755 frame=11363 focused=0 entity=1 buffer=8 count=1 maxStepCm=4383.96 horizontalCm=4383.96 verticalCm=5.20 frameDeltaMs=185.7 renderTickDelta=11.145 fromTick=5534 toTick=5536 tickSpan=2 receivedSpanMs=0.0 t=2.844 renderOffsetMs=61.5 sourceHorizontalCm=0.00 sourceVerticalCm=0.00 fromGrounded=1 toGrounded=1 velocity=(0.000, -2.333, 0.000) expectedTravelCm=43.34 teleport=0 previous=(-2.758, 0.008, 2.677) rendered=(41.000, 0.060, 0.000)
[rubber-banding][remote-render] time=170.755 frame=11363 entity=2 latestHostTick=5536 buffer=8 windowMs=1160.9 fps=3.4 snapshots=21 arrivalSamples=21 arrivalAvgMs=55.3 arrivalP95Ms=333.3 arrivalMaxMs=502.7 sameArrival=18 tickGapMax=22 renderFrames=4 interpolation=1 extrapolation=3 extrapolationCapped=1 extrapolationMaxMs=170.0 oldestHeld=0 zeroSpan=4 movingFrozen=0 teleport=0 visualStepAvgCm=945.79 visualStepMaxCm=3779.15
[rubber-banding][large-step] time=170.755 frame=11363 focused=0 entity=2 buffer=8 count=1 maxStepCm=3779.15 horizontalCm=3779.15 verticalCm=5.20 frameDeltaMs=185.7 renderTickDelta=11.145 fromTick=5534 toTick=5536 tickSpan=2 receivedSpanMs=0.0 t=2.844 renderOffsetMs=61.5 sourceHorizontalCm=0.00 sourceVerticalCm=0.00 fromGrounded=1 toGrounded=1 velocity=(0.000, -2.333, 0.000) expectedTravelCm=43.34 teleport=0 previous=(0.051, 0.008, 3.209) rendered=(0.000, 0.060, 41.000)
[rubber-banding][remote-render] time=170.755 frame=11363 entity=4 latestHostTick=5536 buffer=8 windowMs=1160.9 fps=3.4 snapshots=21 arrivalSamples=21 arrivalAvgMs=55.3 arrivalP95Ms=333.3 arrivalMaxMs=502.7 sameArrival=18 tickGapMax=22 renderFrames=4 interpolation=1 extrapolation=3 extrapolationCapped=1 extrapolationMaxMs=170.0 oldestHeld=0 zeroSpan=4 movingFrozen=0 teleport=0 visualStepAvgCm=1120.90 visualStepMaxCm=4483.60
[rubber-banding][large-step] time=170.755 frame=11363 focused=0 entity=4 buffer=8 count=1 maxStepCm=4483.60 horizontalCm=4483.60 verticalCm=5.20 frameDeltaMs=185.7 renderTickDelta=11.145 fromTick=5534 toTick=5536 tickSpan=2 receivedSpanMs=0.0 t=2.844 renderOffsetMs=61.5 sourceHorizontalCm=0.00 sourceVerticalCm=0.00 fromGrounded=1 toGrounded=1 velocity=(0.000, -2.333, 0.000) expectedTravelCm=43.34 teleport=0 previous=(0.033, 0.008, 3.836) rendered=(0.000, 0.060, -41.000)
[rubber-banding][remote-render] time=171.831 frame=11365 entity=1 latestHostTick=5556 buffer=8 windowMs=1075.3 fps=1.9 snapshots=8 arrivalSamples=8 arrivalAvgMs=45.8 arrivalP95Ms=366.6 arrivalMaxMs=366.6 sameArrival=7 tickGapMax=6 renderFrames=2 interpolation=0 extrapolation=2 extrapolationCapped=1 extrapolationMaxMs=803.4 oldestHeld=0 zeroSpan=2 movingFrozen=0 teleport=0 visualStepAvgCm=0.00 visualStepMaxCm=0.00
[rubber-banding][remote-render] time=171.831 frame=11365 entity=2 latestHostTick=5556 buffer=8 windowMs=1075.3 fps=1.9 snapshots=8 arrivalSamples=8 arrivalAvgMs=45.8 arrivalP95Ms=366.6 arrivalMaxMs=366.6 sameArrival=7 tickGapMax=6 renderFrames=2 interpolation=0 extrapolation=2 extrapolationCapped=1 extrapolationMaxMs=803.4 oldestHeld=0 zeroSpan=2 movingFrozen=0 teleport=0 visualStepAvgCm=0.00 visualStepMaxCm=0.00
[rubber-banding][remote-render] time=171.831 frame=11365 entity=4 latestHostTick=5556 buffer=8 windowMs=1075.3 fps=1.9 snapshots=8 arrivalSamples=8 arrivalAvgMs=45.8 arrivalP95Ms=366.6 arrivalMaxMs=366.6 sameArrival=7 tickGapMax=6 renderFrames=2 interpolation=0 extrapolation=2 extrapolationCapped=1 extrapolationMaxMs=803.4 oldestHeld=0 zeroSpan=2 movingFrozen=0 teleport=0 visualStepAvgCm=0.00 visualStepMaxCm=0.00
[rubber-banding][remote-render] time=173.489 frame=11367 entity=1 latestHostTick=5616 buffer=8 windowMs=1658.1 fps=1.2 snapshots=16 arrivalSamples=16 arrivalAvgMs=147.9 arrivalP95Ms=1544.0 arrivalMaxMs=1544.0 sameArrival=14 tickGapMax=26 renderFrames=2 interpolation=0 extrapolation=2 extrapolationCapped=1 extrapolationMaxMs=492.7 oldestHeld=0 zeroSpan=2 movingFrozen=0 teleport=0 visualStepAvgCm=0.00 visualStepMaxCm=0.00
[rubber-banding][remote-render] time=173.489 frame=11367 entity=2 latestHostTick=5616 buffer=8 windowMs=1658.1 fps=1.2 snapshots=16 arrivalSamples=16 arrivalAvgMs=147.9 arrivalP95Ms=1544.0 arrivalMaxMs=1544.0 sameArrival=14 tickGapMax=26 renderFrames=2 interpolation=0 extrapolation=2 extrapolationCapped=1 extrapolationMaxMs=492.7 oldestHeld=0 zeroSpan=2 movingFrozen=0 teleport=0 visualStepAvgCm=0.00 visualStepMaxCm=0.00
[rubber-banding][remote-render] time=173.489 frame=11367 entity=4 latestHostTick=5616 buffer=8 windowMs=1658.1 fps=1.2 snapshots=16 arrivalSamples=16 arrivalAvgMs=147.9 arrivalP95Ms=1544.0 arrivalMaxMs=1544.0 sameArrival=14 tickGapMax=26 renderFrames=2 interpolation=0 extrapolation=2 extrapolationCapped=1 extrapolationMaxMs=492.7 oldestHeld=0 zeroSpan=2 movingFrozen=0 teleport=0 visualStepAvgCm=0.00 visualStepMaxCm=0.00
[rubber-banding][remote-render] time=174.622 frame=11369 entity=1 latestHostTick=5656 buffer=8 windowMs=1133.3 fps=1.8 snapshots=16 arrivalSamples=16 arrivalAvgMs=70.8 arrivalP95Ms=625.0 arrivalMaxMs=625.0 sameArrival=14 tickGapMax=6 renderFrames=2 interpolation=0 extrapolation=2 extrapolationCapped=2 extrapolationMaxMs=395.0 oldestHeld=0 zeroSpan=2 movingFrozen=0 teleport=0 visualStepAvgCm=0.00 visualStepMaxCm=0.00
[rubber-banding][remote-render] time=174.622 frame=11369 entity=2 latestHostTick=5656 buffer=8 windowMs=1133.3 fps=1.8 snapshots=16 arrivalSamples=16 arrivalAvgMs=70.8 arrivalP95Ms=625.0 arrivalMaxMs=625.0 sameArrival=14 tickGapMax=6 renderFrames=2 interpolation=0 extrapolation=2 extrapolationCapped=2 extrapolationMaxMs=395.0 oldestHeld=0 zeroSpan=2 movingFrozen=0 teleport=0 visualStepAvgCm=0.00 visualStepMaxCm=0.00
[rubber-banding][remote-render] time=174.622 frame=11369 entity=4 latestHostTick=5656 buffer=8 windowMs=1133.3 fps=1.8 snapshots=16 arrivalSamples=16 arrivalAvgMs=70.8 arrivalP95Ms=625.0 arrivalMaxMs=625.0 sameArrival=14 tickGapMax=6 renderFrames=2 interpolation=0 extrapolation=2 extrapolationCapped=2 extrapolationMaxMs=395.0 oldestHeld=0 zeroSpan=2 movingFrozen=0 teleport=0 visualStepAvgCm=0.00 visualStepMaxCm=0.00
[Network] Unhandled packet id 2415 (166 byte payload). Skipped.
[밤 아이템] 기존 번호[8]: 미구현 아이템, 다른 아이템[1]으로 교체합니다
[rubber-banding][remote-render] time=175.739 frame=11372 entity=1 latestHostTick=5712 buffer=8 windowMs=1116.7 fps=2.7 snapshots=24 arrivalSamples=24 arrivalAvgMs=46.5 arrivalP95Ms=341.4 arrivalMaxMs=475.2 sameArrival=21 tickGapMax=6 renderFrames=3 interpolation=0 extrapolation=3 extrapolationCapped=3 extrapolationMaxMs=541.2 oldestHeld=0 zeroSpan=3 movingFrozen=0 teleport=0 visualStepAvgCm=0.00 visualStepMaxCm=0.00
[rubber-banding][remote-render] time=175.739 frame=11372 entity=2 latestHostTick=5712 buffer=8 windowMs=1116.7 fps=2.7 snapshots=24 arrivalSamples=24 arrivalAvgMs=46.5 arrivalP95Ms=341.4 arrivalMaxMs=475.2 sameArrival=21 tickGapMax=6 renderFrames=3 interpolation=0 extrapolation=3 extrapolationCapped=3 extrapolationMaxMs=541.2 oldestHeld=0 zeroSpan=3 movingFrozen=0 teleport=0 visualStepAvgCm=0.00 visualStepMaxCm=0.00
[rubber-banding][remote-render] time=175.739 frame=11372 entity=4 latestHostTick=5712 buffer=8 windowMs=1116.7 fps=2.7 snapshots=24 arrivalSamples=24 arrivalAvgMs=46.5 arrivalP95Ms=341.4 arrivalMaxMs=475.2 sameArrival=21 tickGapMax=6 renderFrames=3 interpolation=0 extrapolation=3 extrapolationCapped=3 extrapolationMaxMs=541.2 oldestHeld=0 zeroSpan=3 movingFrozen=0 teleport=0 visualStepAvgCm=0.00 visualStepMaxCm=0.00
[rubber-banding][remote-render] time=176.839 frame=11375 entity=1 latestHostTick=5770 buffer=8 windowMs=1099.9 fps=2.7 snapshots=24 arrivalSamples=24 arrivalAvgMs=45.8 arrivalP95Ms=333.5 arrivalMaxMs=441.4 sameArrival=21 tickGapMax=6 renderFrames=3 interpolation=0 extrapolation=3 extrapolationCapped=3 extrapolationMaxMs=656.9 oldestHeld=0 zeroSpan=3 movingFrozen=0 teleport=0 visualStepAvgCm=0.00 visualStepMaxCm=0.00
[rubber-banding][remote-render] time=176.839 frame=11375 entity=2 latestHostTick=5770 buffer=8 windowMs=1099.9 fps=2.7 snapshots=24 arrivalSamples=24 arrivalAvgMs=45.8 arrivalP95Ms=333.5 arrivalMaxMs=441.4 sameArrival=21 tickGapMax=6 renderFrames=3 interpolation=0 extrapolation=3 extrapolationCapped=3 extrapolationMaxMs=656.9 oldestHeld=0 zeroSpan=3 movingFrozen=0 teleport=0 visualStepAvgCm=1.33 visualStepMaxCm=2.00
[rubber-banding][remote-render] time=176.839 frame=11375 entity=4 latestHostTick=5770 buffer=8 windowMs=1099.9 fps=2.7 snapshots=24 arrivalSamples=24 arrivalAvgMs=45.8 arrivalP95Ms=333.5 arrivalMaxMs=441.4 sameArrival=21 tickGapMax=6 renderFrames=3 interpolation=0 extrapolation=3 extrapolationCapped=3 extrapolationMaxMs=656.9 oldestHeld=0 zeroSpan=3 movingFrozen=0 teleport=0 visualStepAvgCm=0.00 visualStepMaxCm=0.00
[rubber-banding][remote-render] time=177.993 frame=11377 entity=1 latestHostTick=5810 buffer=8 windowMs=1154.2 fps=1.7 snapshots=16 arrivalSamples=16 arrivalAvgMs=72.1 arrivalP95Ms=687.5 arrivalMaxMs=687.5 sameArrival=14 tickGapMax=6 renderFrames=2 interpolation=0 extrapolation=2 extrapolationCapped=2 extrapolationMaxMs=507.5 oldestHeld=0 zeroSpan=2 movingFrozen=0 teleport=0 visualStepAvgCm=0.00 visualStepMaxCm=0.00
[rubber-banding][remote-render] time=177.993 frame=11377 entity=2 latestHostTick=5810 buffer=8 windowMs=1154.2 fps=1.7 snapshots=16 arrivalSamples=16 arrivalAvgMs=72.1 arrivalP95Ms=687.5 arrivalMaxMs=687.5 sameArrival=14 tickGapMax=6 renderFrames=2 interpolation=0 extrapolation=2 extrapolationCapped=2 extrapolationMaxMs=507.5 oldestHeld=0 zeroSpan=2 movingFrozen=0 teleport=0 visualStepAvgCm=0.00 visualStepMaxCm=0.00
[rubber-banding][remote-render] time=177.993 frame=11377 entity=4 latestHostTick=5810 buffer=8 windowMs=1154.2 fps=1.7 snapshots=16 arrivalSamples=16 arrivalAvgMs=72.1 arrivalP95Ms=687.5 arrivalMaxMs=687.5 sameArrival=14 tickGapMax=6 renderFrames=2 interpolation=0 extrapolation=2 extrapolationCapped=2 extrapolationMaxMs=507.5 oldestHeld=0 zeroSpan=2 movingFrozen=0 teleport=0 visualStepAvgCm=0.00 visualStepMaxCm=0.00
[rubber-banding][remote-render] time=179.239 frame=11379 entity=1 latestHostTick=5850 buffer=8 windowMs=1245.9 fps=1.6 snapshots=16 arrivalSamples=16 arrivalAvgMs=77.9 arrivalP95Ms=671.0 arrivalMaxMs=671.0 sameArrival=14 tickGapMax=6 renderFrames=2 interpolation=0 extrapolation=2 extrapolationCapped=2 extrapolationMaxMs=495.0 oldestHeld=0 zeroSpan=2 movingFrozen=0 teleport=0 visualStepAvgCm=0.00 visualStepMaxCm=0.00
[rubber-banding][remote-render] time=179.239 frame=11379 entity=2 latestHostTick=5850 buffer=8 windowMs=1245.9 fps=1.6 snapshots=16 arrivalSamples=16 arrivalAvgMs=77.9 arrivalP95Ms=671.0 arrivalMaxMs=671.0 sameArrival=14 tickGapMax=6 renderFrames=2 interpolation=0 extrapolation=2 extrapolationCapped=2 extrapolationMaxMs=495.0 oldestHeld=0 zeroSpan=2 movingFrozen=0 teleport=0 visualStepAvgCm=1.00 visualStepMaxCm=2.00
[rubber-banding][remote-render] time=179.239 frame=11379 entity=4 latestHostTick=5850 buffer=8 windowMs=1245.9 fps=1.6 snapshots=16 arrivalSamples=16 arrivalAvgMs=77.9 arrivalP95Ms=671.0 arrivalMaxMs=671.0 sameArrival=14 tickGapMax=6 renderFrames=2 interpolation=0 extrapolation=2 extrapolationCapped=2 extrapolationMaxMs=495.0 oldestHeld=0 zeroSpan=2 movingFrozen=0 teleport=0 visualStepAvgCm=0.00 visualStepMaxCm=0.00
[rubber-banding][remote-render] time=180.397 frame=11381 entity=1 latestHostTick=5890 buffer=8 windowMs=1158.2 fps=1.7 snapshots=16 arrivalSamples=16 arrivalAvgMs=72.4 arrivalP95Ms=608.5 arrivalMaxMs=608.5 sameArrival=14 tickGapMax=6 renderFrames=2 interpolation=0 extrapolation=2 extrapolationCapped=2 extrapolationMaxMs=461.8 oldestHeld=0 zeroSpan=2 movingFrozen=0 teleport=0 visualStepAvgCm=0.00 visualStepMaxCm=0.00
[rubber-banding][remote-render] time=180.397 frame=11381 entity=2 latestHostTick=5890 buffer=8 windowMs=1158.2 fps=1.7 snapshots=16 arrivalSamples=16 arrivalAvgMs=72.4 arrivalP95Ms=608.5 arrivalMaxMs=608.5 sameArrival=14 tickGapMax=6 renderFrames=2 interpolation=0 extrapolation=2 extrapolationCapped=2 extrapolationMaxMs=461.8 oldestHeld=0 zeroSpan=2 movingFrozen=0 teleport=0 visualStepAvgCm=0.00 visualStepMaxCm=0.00
[rubber-banding][remote-render] time=180.397 frame=11381 entity=4 latestHostTick=5890 buffer=8 windowMs=1158.2 fps=1.7 snapshots=16 arrivalSamples=16 arrivalAvgMs=72.4 arrivalP95Ms=608.5 arrivalMaxMs=608.5 sameArrival=14 tickGapMax=6 renderFrames=2 interpolation=0 extrapolation=2 extrapolationCapped=2 extrapolationMaxMs=461.8 oldestHeld=0 zeroSpan=2 movingFrozen=0 teleport=0 visualStepAvgCm=0.00 visualStepMaxCm=0.00
[rubber-banding][remote-render] time=181.597 frame=11383 entity=1 latestHostTick=5950 buffer=8 windowMs=1200.0 fps=1.7 snapshots=16 arrivalSamples=16 arrivalAvgMs=75.0 arrivalP95Ms=641.7 arrivalMaxMs=641.7 sameArrival=14 tickGapMax=26 renderFrames=2 interpolation=0 extrapolation=2 extrapolationCapped=2 extrapolationMaxMs=186.7 oldestHeld=0 zeroSpan=2 movingFrozen=0 teleport=0 visualStepAvgCm=0.00 visualStepMaxCm=0.00
[rubber-banding][remote-render] time=181.597 frame=11383 entity=2 latestHostTick=5950 buffer=8 windowMs=1200.0 fps=1.7 snapshots=16 arrivalSamples=16 arrivalAvgMs=75.0 arrivalP95Ms=641.7 arrivalMaxMs=641.7 sameArrival=14 tickGapMax=26 renderFrames=2 interpolation=0 extrapolation=2 extrapolationCapped=2 extrapolationMaxMs=186.7 oldestHeld=0 zeroSpan=2 movingFrozen=0 teleport=0 visualStepAvgCm=0.00 visualStepMaxCm=0.00
[rubber-banding][remote-render] time=181.597 frame=11383 entity=4 latestHostTick=5950 buffer=8 windowMs=1200.0 fps=1.7 snapshots=16 arrivalSamples=16 arrivalAvgMs=75.0 arrivalP95Ms=641.7 arrivalMaxMs=641.7 sameArrival=14 tickGapMax=26 renderFrames=2 interpolation=0 extrapolation=2 extrapolationCapped=2 extrapolationMaxMs=186.7 oldestHeld=0 zeroSpan=2 movingFrozen=0 teleport=0 visualStepAvgCm=0.00 visualStepMaxCm=0.00
[rubber-banding][remote-render] time=182.705 frame=11385 entity=1 latestHostTick=5990 buffer=8 windowMs=1108.3 fps=1.8 snapshots=16 arrivalSamples=16 arrivalAvgMs=69.3 arrivalP95Ms=560.2 arrivalMaxMs=560.2 sameArrival=14 tickGapMax=6 renderFrames=2 interpolation=0 extrapolation=2 extrapolationCapped=2 extrapolationMaxMs=566.3 oldestHeld=0 zeroSpan=2 movingFrozen=0 teleport=0 visualStepAvgCm=0.00 visualStepMaxCm=0.00
[rubber-banding][remote-render] time=182.705 frame=11385 entity=2 latestHostTick=5990 buffer=8 windowMs=1108.3 fps=1.8 snapshots=16 arrivalSamples=16 arrivalAvgMs=69.3 arrivalP95Ms=560.2 arrivalMaxMs=560.2 sameArrival=14 tickGapMax=6 renderFrames=2 interpolation=0 extrapolation=2 extrapolationCapped=2 extrapolationMaxMs=566.3 oldestHeld=0 zeroSpan=2 movingFrozen=0 teleport=0 visualStepAvgCm=1.00 visualStepMaxCm=2.00
[rubber-banding][remote-render] time=182.705 frame=11385 entity=4 latestHostTick=5990 buffer=8 windowMs=1108.3 fps=1.8 snapshots=16 arrivalSamples=16 arrivalAvgMs=69.3 arrivalP95Ms=560.2 arrivalMaxMs=560.2 sameArrival=14 tickGapMax=6 renderFrames=2 interpolation=0 extrapolation=2 extrapolationCapped=2 extrapolationMaxMs=566.3 oldestHeld=0 zeroSpan=2 movingFrozen=0 teleport=0 visualStepAvgCm=0.00 visualStepMaxCm=0.00
[rubber-banding][remote-render] time=184.147 frame=11387 entity=1 latestHostTick=6030 buffer=8 windowMs=1441.7 fps=1.4 snapshots=16 arrivalSamples=16 arrivalAvgMs=90.1 arrivalP95Ms=750.0 arrivalMaxMs=750.0 sameArrival=14 tickGapMax=6 renderFrames=2 interpolation=0 extrapolation=2 extrapolationCapped=2 extrapolationMaxMs=645.0 oldestHeld=0 zeroSpan=2 movingFrozen=0 teleport=0 visualStepAvgCm=0.00 visualStepMaxCm=0.00
[rubber-banding][remote-render] time=184.147 frame=11387 entity=2 latestHostTick=6030 buffer=8 windowMs=1441.7 fps=1.4 snapshots=16 arrivalSamples=16 arrivalAvgMs=90.1 arrivalP95Ms=750.0 arrivalMaxMs=750.0 sameArrival=14 tickGapMax=6 renderFrames=2 interpolation=0 extrapolation=2 extrapolationCapped=2 extrapolationMaxMs=645.0 oldestHeld=0 zeroSpan=2 movingFrozen=0 teleport=0 visualStepAvgCm=0.00 visualStepMaxCm=0.00
[rubber-banding][remote-render] time=184.147 frame=11387 entity=4 latestHostTick=6030 buffer=8 windowMs=1441.7 fps=1.4 snapshots=16 arrivalSamples=16 arrivalAvgMs=90.1 arrivalP95Ms=750.0 arrivalMaxMs=750.0 sameArrival=14 tickGapMax=6 renderFrames=2 interpolation=0 extrapolation=2 extrapolationCapped=2 extrapolationMaxMs=645.0 oldestHeld=0 zeroSpan=2 movingFrozen=0 teleport=0 visualStepAvgCm=0.00 visualStepMaxCm=0.00
[rubber-banding][remote-render] time=185.422 frame=11389 entity=1 latestHostTick=6070 buffer=8 windowMs=1275.0 fps=1.6 snapshots=16 arrivalSamples=16 arrivalAvgMs=79.7 arrivalP95Ms=683.5 arrivalMaxMs=683.5 sameArrival=14 tickGapMax=6 renderFrames=2 interpolation=0 extrapolation=2 extrapolationCapped=2 extrapolationMaxMs=511.5 oldestHeld=0 zeroSpan=2 movingFrozen=0 teleport=0 visualStepAvgCm=0.00 visualStepMaxCm=0.00
[rubber-banding][remote-render] time=185.422 frame=11389 entity=2 latestHostTick=6070 buffer=8 windowMs=1275.0 fps=1.6 snapshots=16 arrivalSamples=16 arrivalAvgMs=79.7 arrivalP95Ms=683.5 arrivalMaxMs=683.5 sameArrival=14 tickGapMax=6 renderFrames=2 interpolation=0 extrapolation=2 extrapolationCapped=2 extrapolationMaxMs=511.5 oldestHeld=0 zeroSpan=2 movingFrozen=0 teleport=0 visualStepAvgCm=0.00 visualStepMaxCm=0.00
[rubber-banding][remote-render] time=185.422 frame=11389 entity=4 latestHostTick=6070 buffer=8 windowMs=1275.0 fps=1.6 snapshots=16 arrivalSamples=16 arrivalAvgMs=79.7 arrivalP95Ms=683.5 arrivalMaxMs=683.5 sameArrival=14 tickGapMax=6 renderFrames=2 interpolation=0 extrapolation=2 extrapolationCapped=2 extrapolationMaxMs=511.5 oldestHeld=0 zeroSpan=2 movingFrozen=0 teleport=0 visualStepAvgCm=0.00 visualStepMaxCm=0.00
[rubber-banding][remote-render] time=186.439 frame=11391 entity=1 latestHostTick=6130 buffer=8 windowMs=1016.8 fps=2.0 snapshots=16 arrivalSamples=16 arrivalAvgMs=63.5 arrivalP95Ms=516.7 arrivalMaxMs=516.7 sameArrival=14 tickGapMax=26 renderFrames=2 interpolation=0 extrapolation=2 extrapolationCapped=1 extrapolationMaxMs=170.0 oldestHeld=0 zeroSpan=2 movingFrozen=0 teleport=0 visualStepAvgCm=0.00 visualStepMaxCm=0.00
[rubber-banding][remote-render] time=186.439 frame=11391 entity=2 latestHostTick=6130 buffer=8 windowMs=1016.8 fps=2.0 snapshots=16 arrivalSamples=16 arrivalAvgMs=63.5 arrivalP95Ms=516.7 arrivalMaxMs=516.7 sameArrival=14 tickGapMax=26 renderFrames=2 interpolation=0 extrapolation=2 extrapolationCapped=1 extrapolationMaxMs=170.0 oldestHeld=0 zeroSpan=2 movingFrozen=0 teleport=0 visualStepAvgCm=1.00 visualStepMaxCm=2.00
[rubber-banding][remote-render] time=186.439 frame=11391 entity=4 latestHostTick=6130 buffer=8 windowMs=1016.8 fps=2.0 snapshots=16 arrivalSamples=16 arrivalAvgMs=63.5 arrivalP95Ms=516.7 arrivalMaxMs=516.7 sameArrival=14 tickGapMax=26 renderFrames=2 interpolation=0 extrapolation=2 extrapolationCapped=1 extrapolationMaxMs=170.0 oldestHeld=0 zeroSpan=2 movingFrozen=0 teleport=0 visualStepAvgCm=0.00 visualStepMaxCm=0.00
[rubber-banding][remote-render] time=187.464 frame=11393 entity=1 latestHostTick=6170 buffer=8 windowMs=1025.0 fps=2.0 snapshots=16 arrivalSamples=16 arrivalAvgMs=64.1 arrivalP95Ms=525.3 arrivalMaxMs=525.3 sameArrival=14 tickGapMax=6 renderFrames=2 interpolation=0 extrapolation=2 extrapolationCapped=2 extrapolationMaxMs=353.3 oldestHeld=0 zeroSpan=2 movingFrozen=0 teleport=0 visualStepAvgCm=0.00 visualStepMaxCm=0.00
[rubber-banding][remote-render] time=187.464 frame=11393 entity=2 latestHostTick=6170 buffer=8 windowMs=1025.0 fps=2.0 snapshots=16 arrivalSamples=16 arrivalAvgMs=64.1 arrivalP95Ms=525.3 arrivalMaxMs=525.3 sameArrival=14 tickGapMax=6 renderFrames=2 interpolation=0 extrapolation=2 extrapolationCapped=2 extrapolationMaxMs=353.3 oldestHeld=0 zeroSpan=2 movingFrozen=0 teleport=0 visualStepAvgCm=1.00 visualStepMaxCm=2.00
[rubber-banding][remote-render] time=187.464 frame=11393 entity=4 latestHostTick=6170 buffer=8 windowMs=1025.0 fps=2.0 snapshots=16 arrivalSamples=16 arrivalAvgMs=64.1 arrivalP95Ms=525.3 arrivalMaxMs=525.3 sameArrival=14 tickGapMax=6 renderFrames=2 interpolation=0 extrapolation=2 extrapolationCapped=2 extrapolationMaxMs=353.3 oldestHeld=0 zeroSpan=2 movingFrozen=0 teleport=0 visualStepAvgCm=0.00 visualStepMaxCm=0.00
[rubber-banding][remote-render] time=188.480 frame=11395 entity=1 latestHostTick=6208 buffer=8 windowMs=1016.7 fps=2.0 snapshots=16 arrivalSamples=16 arrivalAvgMs=63.5 arrivalP95Ms=558.3 arrivalMaxMs=558.3 sameArrival=14 tickGapMax=6 renderFrames=2 interpolation=0 extrapolation=2 extrapolationCapped=2 extrapolationMaxMs=702.8 oldestHeld=0 zeroSpan=2 movingFrozen=0 teleport=0 visualStepAvgCm=0.00 visualStepMaxCm=0.00
[rubber-banding][remote-render] time=188.480 frame=11395 entity=2 latestHostTick=6208 buffer=8 windowMs=1016.7 fps=2.0 snapshots=16 arrivalSamples=16 arrivalAvgMs=63.5 arrivalP95Ms=558.3 arrivalMaxMs=558.3 sameArrival=14 tickGapMax=6 renderFrames=2 interpolation=0 extrapolation=2 extrapolationCapped=2 extrapolationMaxMs=702.8 oldestHeld=0 zeroSpan=2 movingFrozen=0 teleport=0 visualStepAvgCm=1.00 visualStepMaxCm=2.00
[rubber-banding][remote-render] time=188.480 frame=11395 entity=4 latestHostTick=6208 buffer=8 windowMs=1016.7 fps=2.0 snapshots=16 arrivalSamples=16 arrivalAvgMs=63.5 arrivalP95Ms=558.3 arrivalMaxMs=558.3 sameArrival=14 tickGapMax=6 renderFrames=2 interpolation=0 extrapolation=2 extrapolationCapped=2 extrapolationMaxMs=702.8 oldestHeld=0 zeroSpan=2 movingFrozen=0 teleport=0 visualStepAvgCm=0.00 visualStepMaxCm=0.00
[rubber-banding][remote-render] time=189.589 frame=11397 entity=1 latestHostTick=6248 buffer=8 windowMs=1108.3 fps=1.8 snapshots=16 arrivalSamples=16 arrivalAvgMs=69.3 arrivalP95Ms=575.0 arrivalMaxMs=575.0 sameArrival=14 tickGapMax=6 renderFrames=2 interpolation=0 extrapolation=2 extrapolationCapped=2 extrapolationMaxMs=419.9 oldestHeld=0 zeroSpan=2 movingFrozen=0 teleport=0 visualStepAvgCm=0.00 visualStepMaxCm=0.00
[rubber-banding][remote-render] time=189.589 frame=11397 entity=2 latestHostTick=6248 buffer=8 windowMs=1108.3 fps=1.8 snapshots=16 arrivalSamples=16 arrivalAvgMs=69.3 arrivalP95Ms=575.0 arrivalMaxMs=575.0 sameArrival=14 tickGapMax=6 renderFrames=2 interpolation=0 extrapolation=2 extrapolationCapped=2 extrapolationMaxMs=419.9 oldestHeld=0 zeroSpan=2 movingFrozen=0 teleport=0 visualStepAvgCm=0.00 visualStepMaxCm=0.00
[rubber-banding][remote-render] time=189.589 frame=11397 entity=4 latestHostTick=6248 buffer=8 windowMs=1108.3 fps=1.8 snapshots=16 arrivalSamples=16 arrivalAvgMs=69.3 arrivalP95Ms=575.0 arrivalMaxMs=575.0 sameArrival=14 tickGapMax=6 renderFrames=2 interpolation=0 extrapolation=2 extrapolationCapped=2 extrapolationMaxMs=419.9 oldestHeld=0 zeroSpan=2 movingFrozen=0 teleport=0 visualStepAvgCm=0.00 visualStepMaxCm=0.00
[rubber-banding][remote-render] time=190.622 frame=11399 entity=1 latestHostTick=6288 buffer=8 windowMs=1033.3 fps=1.9 snapshots=16 arrivalSamples=16 arrivalAvgMs=64.6 arrivalP95Ms=658.1 arrivalMaxMs=658.1 sameArrival=14 tickGapMax=6 renderFrames=2 interpolation=0 extrapolation=2 extrapolationCapped=2 extrapolationMaxMs=752.2 oldestHeld=0 zeroSpan=2 movingFrozen=0 teleport=0 visualStepAvgCm=0.00 visualStepMaxCm=0.00
[rubber-banding][remote-render] time=190.622 frame=11399 entity=2 latestHostTick=6288 buffer=8 windowMs=1033.3 fps=1.9 snapshots=16 arrivalSamples=16 arrivalAvgMs=64.6 arrivalP95Ms=658.1 arrivalMaxMs=658.1 sameArrival=14 tickGapMax=6 renderFrames=2 interpolation=0 extrapolation=2 extrapolationCapped=2 extrapolationMaxMs=752.2 oldestHeld=0 zeroSpan=2 movingFrozen=0 teleport=0 visualStepAvgCm=0.00 visualStepMaxCm=0.00
[rubber-banding][remote-render] time=190.622 frame=11399 entity=4 latestHostTick=6288 buffer=8 windowMs=1033.3 fps=1.9 snapshots=16 arrivalSamples=16 arrivalAvgMs=64.6 arrivalP95Ms=658.1 arrivalMaxMs=658.1 sameArrival=14 tickGapMax=6 renderFrames=2 interpolation=0 extrapolation=2 extrapolationCapped=2 extrapolationMaxMs=752.2 oldestHeld=0 zeroSpan=2 movingFrozen=0 teleport=0 visualStepAvgCm=0.00 visualStepMaxCm=0.00
[rubber-banding][remote-render] time=191.906 frame=11401 entity=1 latestHostTick=6328 buffer=8 windowMs=1284.5 fps=1.6 snapshots=16 arrivalSamples=16 arrivalAvgMs=80.3 arrivalP95Ms=658.3 arrivalMaxMs=658.3 sameArrival=14 tickGapMax=6 renderFrames=2 interpolation=0 extrapolation=2 extrapolationCapped=2 extrapolationMaxMs=546.1 oldestHeld=0 zeroSpan=2 movingFrozen=0 teleport=0 visualStepAvgCm=0.00 visualStepMaxCm=0.00
[rubber-banding][remote-render] time=191.906 frame=11401 entity=2 latestHostTick=6328 buffer=8 windowMs=1284.5 fps=1.6 snapshots=16 arrivalSamples=16 arrivalAvgMs=80.3 arrivalP95Ms=658.3 arrivalMaxMs=658.3 sameArrival=14 tickGapMax=6 renderFrames=2 interpolation=0 extrapolation=2 extrapolationCapped=2 extrapolationMaxMs=546.1 oldestHeld=0 zeroSpan=2 movingFrozen=0 teleport=0 visualStepAvgCm=0.00 visualStepMaxCm=0.00
[rubber-banding][remote-render] time=191.906 frame=11401 entity=4 latestHostTick=6328 buffer=8 windowMs=1284.5 fps=1.6 snapshots=16 arrivalSamples=16 arrivalAvgMs=80.3 arrivalP95Ms=658.3 arrivalMaxMs=658.3 sameArrival=14 tickGapMax=6 renderFrames=2 interpolation=0 extrapolation=2 extrapolationCapped=2 extrapolationMaxMs=546.1 oldestHeld=0 zeroSpan=2 movingFrozen=0 teleport=0 visualStepAvgCm=0.00 visualStepMaxCm=0.00
[rubber-banding][remote-render] time=193.164 frame=11403 entity=1 latestHostTick=6388 buffer=8 windowMs=1257.2 fps=1.6 snapshots=16 arrivalSamples=16 arrivalAvgMs=78.6 arrivalP95Ms=658.3 arrivalMaxMs=658.3 sameArrival=14 tickGapMax=26 renderFrames=2 interpolation=0 extrapolation=2 extrapolationCapped=2 extrapolationMaxMs=236.7 oldestHeld=0 zeroSpan=2 movingFrozen=0 teleport=0 visualStepAvgCm=0.00 visualStepMaxCm=0.00
[rubber-banding][remote-render] time=193.164 frame=11403 entity=2 latestHostTick=6388 buffer=8 windowMs=1257.2 fps=1.6 snapshots=16 arrivalSamples=16 arrivalAvgMs=78.6 arrivalP95Ms=658.3 arrivalMaxMs=658.3 sameArrival=14 tickGapMax=26 renderFrames=2 interpolation=0 extrapolation=2 extrapolationCapped=2 extrapolationMaxMs=236.7 oldestHeld=0 zeroSpan=2 movingFrozen=0 teleport=0 visualStepAvgCm=0.00 visualStepMaxCm=0.00
[rubber-banding][remote-render] time=193.164 frame=11403 entity=4 latestHostTick=6388 buffer=8 windowMs=1257.2 fps=1.6 snapshots=16 arrivalSamples=16 arrivalAvgMs=78.6 arrivalP95Ms=658.3 arrivalMaxMs=658.3 sameArrival=14 tickGapMax=26 renderFrames=2 interpolation=0 extrapolation=2 extrapolationCapped=2 extrapolationMaxMs=236.7 oldestHeld=0 zeroSpan=2 movingFrozen=0 teleport=0 visualStepAvgCm=0.00 visualStepMaxCm=0.00
[rubber-banding][remote-render] time=194.222 frame=11405 entity=1 latestHostTick=6428 buffer=8 windowMs=1058.3 fps=1.9 snapshots=16 arrivalSamples=16 arrivalAvgMs=66.1 arrivalP95Ms=564.2 arrivalMaxMs=564.2 sameArrival=14 tickGapMax=6 renderFrames=2 interpolation=0 extrapolation=2 extrapolationCapped=2 extrapolationMaxMs=584.7 oldestHeld=0 zeroSpan=2 movingFrozen=0 teleport=0 visualStepAvgCm=0.00 visualStepMaxCm=0.00
[rubber-banding][remote-render] time=194.222 frame=11405 entity=2 latestHostTick=6428 buffer=8 windowMs=1058.3 fps=1.9 snapshots=16 arrivalSamples=16 arrivalAvgMs=66.1 arrivalP95Ms=564.2 arrivalMaxMs=564.2 sameArrival=14 tickGapMax=6 renderFrames=2 interpolation=0 extrapolation=2 extrapolationCapped=2 extrapolationMaxMs=584.7 oldestHeld=0 zeroSpan=2 movingFrozen=0 teleport=0 visualStepAvgCm=0.00 visualStepMaxCm=0.00
[rubber-banding][remote-render] time=194.222 frame=11405 entity=4 latestHostTick=6428 buffer=8 windowMs=1058.3 fps=1.9 snapshots=16 arrivalSamples=16 arrivalAvgMs=66.1 arrivalP95Ms=564.2 arrivalMaxMs=564.2 sameArrival=14 tickGapMax=6 renderFrames=2 interpolation=0 extrapolation=2 extrapolationCapped=2 extrapolationMaxMs=584.7 oldestHeld=0 zeroSpan=2 movingFrozen=0 teleport=0 visualStepAvgCm=0.00 visualStepMaxCm=0.00
[rubber-banding][remote-render] time=195.639 frame=11408 entity=1 latestHostTick=6488 buffer=8 windowMs=1416.8 fps=2.1 snapshots=24 arrivalSamples=24 arrivalAvgMs=59.0 arrivalP95Ms=497.7 arrivalMaxMs=502.5 sameArrival=21 tickGapMax=6 renderFrames=3 interpolation=0 extrapolation=3 extrapolationCapped=2 extrapolationMaxMs=470.2 oldestHeld=0 zeroSpan=3 movingFrozen=0 teleport=0 visualStepAvgCm=0.00 visualStepMaxCm=0.00
[rubber-banding][remote-render] time=195.639 frame=11408 entity=2 latestHostTick=6488 buffer=8 windowMs=1416.8 fps=2.1 snapshots=24 arrivalSamples=24 arrivalAvgMs=59.0 arrivalP95Ms=497.7 arrivalMaxMs=502.5 sameArrival=21 tickGapMax=6 renderFrames=3 interpolation=0 extrapolation=3 extrapolationCapped=2 extrapolationMaxMs=470.2 oldestHeld=0 zeroSpan=3 movingFrozen=0 teleport=0 visualStepAvgCm=0.00 visualStepMaxCm=0.00
[rubber-banding][remote-render] time=195.639 frame=11408 entity=4 latestHostTick=6488 buffer=8 windowMs=1416.8 fps=2.1 snapshots=24 arrivalSamples=24 arrivalAvgMs=59.0 arrivalP95Ms=497.7 arrivalMaxMs=502.5 sameArrival=21 tickGapMax=6 renderFrames=3 interpolation=0 extrapolation=3 extrapolationCapped=2 extrapolationMaxMs=470.2 oldestHeld=0 zeroSpan=3 movingFrozen=0 teleport=0 visualStepAvgCm=0.00 visualStepMaxCm=0.00
[rubber-banding][remote-render] time=196.905 frame=11411 entity=1 latestHostTick=6568 buffer=8 windowMs=1266.6 fps=2.4 snapshots=24 arrivalSamples=24 arrivalAvgMs=52.8 arrivalP95Ms=425.1 arrivalMaxMs=433.3 sameArrival=21 tickGapMax=26 renderFrames=3 interpolation=0 extrapolation=3 extrapolationCapped=3 extrapolationMaxMs=531.4 oldestHeld=0 zeroSpan=3 movingFrozen=0 teleport=0 visualStepAvgCm=0.00 visualStepMaxCm=0.00
[rubber-banding][remote-render] time=196.905 frame=11411 entity=2 latestHostTick=6568 buffer=8 windowMs=1266.6 fps=2.4 snapshots=24 arrivalSamples=24 arrivalAvgMs=52.8 arrivalP95Ms=425.1 arrivalMaxMs=433.3 sameArrival=21 tickGapMax=26 renderFrames=3 interpolation=0 extrapolation=3 extrapolationCapped=3 extrapolationMaxMs=531.4 oldestHeld=0 zeroSpan=3 movingFrozen=0 teleport=0 visualStepAvgCm=0.00 visualStepMaxCm=0.00
[rubber-banding][remote-render] time=196.905 frame=11411 entity=4 latestHostTick=6568 buffer=8 windowMs=1266.6 fps=2.4 snapshots=24 arrivalSamples=24 arrivalAvgMs=52.8 arrivalP95Ms=425.1 arrivalMaxMs=433.3 sameArrival=21 tickGapMax=26 renderFrames=3 interpolation=0 extrapolation=3 extrapolationCapped=3 extrapolationMaxMs=531.4 oldestHeld=0 zeroSpan=3 movingFrozen=0 teleport=0 visualStepAvgCm=0.00 visualStepMaxCm=0.00
[rubber-banding][remote-render] time=197.922 frame=11443 entity=1 latestHostTick=6636 buffer=8 windowMs=1016.6 fps=31.5 snapshots=34 arrivalSamples=34 arrivalAvgMs=29.9 arrivalP95Ms=58.2 arrivalMaxMs=158.2 sameArrival=9 tickGapMax=2 renderFrames=32 interpolation=0 extrapolation=32 extrapolationCapped=32 extrapolationMaxMs=280.9 oldestHeld=0 zeroSpan=5 movingFrozen=0 teleport=0 visualStepAvgCm=0.00 visualStepMaxCm=0.00
[rubber-banding][remote-render] time=197.922 frame=11443 entity=2 latestHostTick=6636 buffer=8 windowMs=1016.6 fps=31.5 snapshots=34 arrivalSamples=34 arrivalAvgMs=29.9 arrivalP95Ms=58.2 arrivalMaxMs=158.2 sameArrival=9 tickGapMax=2 renderFrames=32 interpolation=0 extrapolation=32 extrapolationCapped=32 extrapolationMaxMs=280.9 oldestHeld=0 zeroSpan=5 movingFrozen=6 teleport=0 visualStepAvgCm=9.70 visualStepMaxCm=26.67
[rubber-banding][large-step] time=197.922 frame=11443 focused=0 entity=2 buffer=8 count=2 maxStepCm=26.67 horizontalCm=26.67 verticalCm=0.00 frameDeltaMs=33.4 renderTickDelta=1.937 fromTick=6626 toTick=6628 tickSpan=2 receivedSpanMs=0.0 t=7.693 renderOffsetMs=223.1 sourceHorizontalCm=13.33 sourceVerticalCm=0.00 fromGrounded=1 toGrounded=1 velocity=(0.157, -2.333, -3.997) expectedTravelCm=15.47 teleport=0 previous=(0.090, 0.008, 38.734) rendered=(0.101, 0.008, 38.468)
[rubber-banding][remote-render] time=197.922 frame=11443 entity=4 latestHostTick=6636 buffer=8 windowMs=1016.6 fps=31.5 snapshots=34 arrivalSamples=34 arrivalAvgMs=29.9 arrivalP95Ms=58.2 arrivalMaxMs=158.2 sameArrival=9 tickGapMax=2 renderFrames=32 interpolation=0 extrapolation=32 extrapolationCapped=32 extrapolationMaxMs=280.9 oldestHeld=0 zeroSpan=5 movingFrozen=0 teleport=0 visualStepAvgCm=0.00 visualStepMaxCm=0.00
[rubber-banding][remote-render] time=198.947 frame=11478 entity=1 latestHostTick=6696 buffer=8 windowMs=1024.8 fps=34.2 snapshots=30 arrivalSamples=30 arrivalAvgMs=34.2 arrivalP95Ms=58.6 arrivalMaxMs=74.2 sameArrival=2 tickGapMax=2 renderFrames=35 interpolation=0 extrapolation=35 extrapolationCapped=35 extrapolationMaxMs=240.0 oldestHeld=0 zeroSpan=3 movingFrozen=0 teleport=0 visualStepAvgCm=0.00 visualStepMaxCm=0.00
[rubber-banding][remote-render] time=198.947 frame=11478 entity=2 latestHostTick=6696 buffer=8 windowMs=1024.8 fps=34.2 snapshots=30 arrivalSamples=30 arrivalAvgMs=34.2 arrivalP95Ms=58.6 arrivalMaxMs=74.2 sameArrival=2 tickGapMax=2 renderFrames=35 interpolation=0 extrapolation=35 extrapolationCapped=35 extrapolationMaxMs=240.0 oldestHeld=0 zeroSpan=3 movingFrozen=7 teleport=0 visualStepAvgCm=11.43 visualStepMaxCm=26.67
[rubber-banding][large-step] time=198.947 frame=11478 focused=0 entity=2 buffer=8 count=2 maxStepCm=26.67 horizontalCm=26.67 verticalCm=0.00 frameDeltaMs=33.3 renderTickDelta=1.930 fromTick=6672 toTick=6674 tickSpan=2 receivedSpanMs=0.0 t=7.165 renderOffsetMs=205.5 sourceHorizontalCm=13.33 sourceVerticalCm=0.00 fromGrounded=1 toGrounded=1 velocity=(0.157, -2.333, -3.997) expectedTravelCm=15.41 teleport=0 previous=(0.211, 0.008, 35.670) rendered=(0.222, 0.008, 35.403)
[rubber-banding][remote-render] time=198.947 frame=11478 entity=4 latestHostTick=6696 buffer=8 windowMs=1024.8 fps=34.2 snapshots=30 arrivalSamples=30 arrivalAvgMs=34.2 arrivalP95Ms=58.6 arrivalMaxMs=74.2 sameArrival=2 tickGapMax=2 renderFrames=35 interpolation=0 extrapolation=35 extrapolationCapped=35 extrapolationMaxMs=240.0 oldestHeld=0 zeroSpan=3 movingFrozen=0 teleport=0 visualStepAvgCm=0.00 visualStepMaxCm=0.00
[rubber-banding][remote-render] time=199.965 frame=11512 entity=1 latestHostTick=6758 buffer=8 windowMs=1018.1 fps=33.4 snapshots=31 arrivalSamples=31 arrivalAvgMs=32.8 arrivalP95Ms=66.6 arrivalMaxMs=83.5 sameArrival=4 tickGapMax=2 renderFrames=34 interpolation=0 extrapolation=34 extrapolationCapped=30 extrapolationMaxMs=213.0 oldestHeld=0 zeroSpan=7 movingFrozen=0 teleport=0 visualStepAvgCm=0.00 visualStepMaxCm=0.00
[rubber-banding][remote-render] time=199.965 frame=11512 entity=2 latestHostTick=6758 buffer=8 windowMs=1018.1 fps=33.4 snapshots=31 arrivalSamples=31 arrivalAvgMs=32.8 arrivalP95Ms=66.6 arrivalMaxMs=83.5 sameArrival=4 tickGapMax=2 renderFrames=34 interpolation=0 extrapolation=34 extrapolationCapped=30 extrapolationMaxMs=213.0 oldestHeld=0 zeroSpan=7 movingFrozen=6 teleport=0 visualStepAvgCm=12.16 visualStepMaxCm=26.78
[rubber-banding][large-step] time=199.965 frame=11512 focused=0 entity=2 buffer=8 count=4 maxStepCm=26.78 horizontalCm=26.78 verticalCm=0.00 frameDeltaMs=33.4 renderTickDelta=1.939 fromTick=6710 toTick=6712 tickSpan=2 receivedSpanMs=0.0 t=6.051 renderOffsetMs=168.4 sourceHorizontalCm=13.33 sourceVerticalCm=0.00 fromGrounded=1 toGrounded=1 velocity=(0.000, -2.333, -4.000) expectedTravelCm=15.48 teleport=0 previous=(0.311, 0.008, 33.138) rendered=(0.291, 0.008, 32.871)
[rubber-banding][remote-render] time=199.965 frame=11512 entity=4 latestHostTick=6758 buffer=8 windowMs=1018.1 fps=33.4 snapshots=31 arrivalSamples=31 arrivalAvgMs=32.8 arrivalP95Ms=66.6 arrivalMaxMs=83.5 sameArrival=4 tickGapMax=2 renderFrames=34 interpolation=0 extrapolation=34 extrapolationCapped=30 extrapolationMaxMs=213.0 oldestHeld=0 zeroSpan=7 movingFrozen=0 teleport=0 visualStepAvgCm=0.00 visualStepMaxCm=0.00
[rubber-banding][remote-render] time=200.974 frame=11546 entity=1 latestHostTick=6818 buffer=8 windowMs=1009.5 fps=33.7 snapshots=30 arrivalSamples=30 arrivalAvgMs=33.7 arrivalP95Ms=65.0 arrivalMaxMs=66.5 sameArrival=3 tickGapMax=2 renderFrames=34 interpolation=0 extrapolation=34 extrapolationCapped=8 extrapolationMaxMs=181.9 oldestHeld=0 zeroSpan=4 movingFrozen=0 teleport=0 visualStepAvgCm=0.00 visualStepMaxCm=0.00
[rubber-banding][remote-render] time=200.974 frame=11546 entity=2 latestHostTick=6818 buffer=8 windowMs=1009.5 fps=33.7 snapshots=30 arrivalSamples=30 arrivalAvgMs=33.7 arrivalP95Ms=65.0 arrivalMaxMs=66.5 sameArrival=3 tickGapMax=2 renderFrames=34 interpolation=0 extrapolation=34 extrapolationCapped=8 extrapolationMaxMs=181.9 oldestHeld=0 zeroSpan=4 movingFrozen=0 teleport=0 visualStepAvgCm=14.68 visualStepMaxCm=105.61
[rubber-banding][large-step] time=200.974 frame=11546 focused=0 entity=2 buffer=8 count=3 maxStepCm=105.61 horizontalCm=8.71 verticalCm=105.25 frameDeltaMs=22.6 renderTickDelta=1.310 fromTick=6798 toTick=6800 tickSpan=2 receivedSpanMs=45.2 t=5.016 renderOffsetMs=133.9 sourceHorizontalCm=13.31 sourceVerticalCm=21.43 fromGrounded=1 toGrounded=0 velocity=(-0.661, 6.262, -3.937) expectedTravelCm=16.77 teleport=0 previous=(-0.656, 0.008, 27.244) rendered=(-0.670, 1.061, 27.158)
[rubber-banding][jump-step] time=200.974 frame=11546 focused=0 entity=2 buffer=8 count=2 maxVerticalCm=105.25 horizontalCm=8.71 verticalCm=105.25 frameDeltaMs=22.6 renderTickDelta=1.310 fromTick=6798 toTick=6800 tickSpan=2 receivedSpanMs=45.2 t=5.016 renderOffsetMs=133.9 sourceHorizontalCm=13.31 sourceVerticalCm=21.43 fromGrounded=1 toGrounded=0 velocity=(-0.661, 6.262, -3.937) expectedTravelCm=16.77 teleport=0 previous=(-0.656, 0.008, 27.244) rendered=(-0.670, 1.061, 27.158)
[rubber-banding][remote-render] time=200.974 frame=11546 entity=4 latestHostTick=6818 buffer=8 windowMs=1009.5 fps=33.7 snapshots=30 arrivalSamples=30 arrivalAvgMs=33.7 arrivalP95Ms=65.0 arrivalMaxMs=66.5 sameArrival=3 tickGapMax=2 renderFrames=34 interpolation=0 extrapolation=34 extrapolationCapped=8 extrapolationMaxMs=181.9 oldestHeld=0 zeroSpan=4 movingFrozen=0 teleport=0 visualStepAvgCm=0.00 visualStepMaxCm=0.00
[rubber-banding][remote-render] time=201.983 frame=11580 entity=1 latestHostTick=6878 buffer=8 windowMs=1008.8 fps=33.7 snapshots=30 arrivalSamples=30 arrivalAvgMs=33.6 arrivalP95Ms=67.8 arrivalMaxMs=68.0 sameArrival=3 tickGapMax=2 renderFrames=34 interpolation=0 extrapolation=34 extrapolationCapped=0 extrapolationMaxMs=136.9 oldestHeld=0 zeroSpan=4 movingFrozen=0 teleport=0 visualStepAvgCm=0.00 visualStepMaxCm=0.00
[rubber-banding][remote-render] time=201.983 frame=11580 entity=2 latestHostTick=6878 buffer=8 windowMs=1008.8 fps=33.7 snapshots=30 arrivalSamples=30 arrivalAvgMs=33.6 arrivalP95Ms=67.8 arrivalMaxMs=68.0 sameArrival=3 tickGapMax=2 renderFrames=34 interpolation=0 extrapolation=34 extrapolationCapped=0 extrapolationMaxMs=136.9 oldestHeld=0 zeroSpan=4 movingFrozen=0 teleport=0 visualStepAvgCm=16.35 visualStepMaxCm=70.28
[rubber-banding][large-step] time=201.983 frame=11580 focused=0 entity=2 buffer=8 count=3 maxStepCm=70.28 horizontalCm=6.44 verticalCm=69.98 frameDeltaMs=16.7 renderTickDelta=0.967 fromTick=6838 toTick=6840 tickSpan=2 receivedSpanMs=42.8 t=4.058 renderOffsetMs=101.9 sourceHorizontalCm=13.31 sourceVerticalCm=6.32 fromGrounded=0 toGrounded=1 velocity=(-0.661, -2.333, -3.937) expectedTravelCm=7.71 teleport=0 previous=(-1.079, -0.692, 24.722) rendered=(-1.090, 0.008, 24.659)
[rubber-banding][jump-step] time=201.983 frame=11580 focused=0 entity=2 buffer=8 count=10 maxVerticalCm=69.98 horizontalCm=6.44 verticalCm=69.98 frameDeltaMs=16.7 renderTickDelta=0.967 fromTick=6838 toTick=6840 tickSpan=2 receivedSpanMs=42.8 t=4.058 renderOffsetMs=101.9 sourceHorizontalCm=13.31 sourceVerticalCm=6.32 fromGrounded=0 toGrounded=1 velocity=(-0.661, -2.333, -3.937) expectedTravelCm=7.71 teleport=0 previous=(-1.079, -0.692, 24.722) rendered=(-1.090, 0.008, 24.659)
[rubber-banding][remote-render] time=201.983 frame=11580 entity=4 latestHostTick=6878 buffer=8 windowMs=1008.8 fps=33.7 snapshots=30 arrivalSamples=30 arrivalAvgMs=33.6 arrivalP95Ms=67.8 arrivalMaxMs=68.0 sameArrival=3 tickGapMax=2 renderFrames=34 interpolation=0 extrapolation=34 extrapolationCapped=0 extrapolationMaxMs=136.9 oldestHeld=0 zeroSpan=4 movingFrozen=0 teleport=0 visualStepAvgCm=0.00 visualStepMaxCm=0.00
[rubber-banding][remote-render] time=203.013 frame=11613 entity=1 latestHostTick=6940 buffer=8 windowMs=1029.8 fps=32.0 snapshots=31 arrivalSamples=31 arrivalAvgMs=33.2 arrivalP95Ms=66.7 arrivalMaxMs=67.0 sameArrival=4 tickGapMax=2 renderFrames=33 interpolation=0 extrapolation=33 extrapolationCapped=0 extrapolationMaxMs=113.8 oldestHeld=0 zeroSpan=5 movingFrozen=0 teleport=0 visualStepAvgCm=0.00 visualStepMaxCm=0.00
[rubber-banding][remote-render] time=203.013 frame=11613 entity=2 latestHostTick=6940 buffer=8 windowMs=1029.8 fps=32.0 snapshots=31 arrivalSamples=31 arrivalAvgMs=33.2 arrivalP95Ms=66.7 arrivalMaxMs=67.0 sameArrival=4 tickGapMax=2 renderFrames=33 interpolation=0 extrapolation=33 extrapolationCapped=0 extrapolationMaxMs=113.8 oldestHeld=0 zeroSpan=5 movingFrozen=0 teleport=0 visualStepAvgCm=17.15 visualStepMaxCm=78.73
[rubber-banding][large-step] time=203.013 frame=11613 focused=0 entity=2 buffer=8 count=4 maxStepCm=78.73 horizontalCm=13.35 verticalCm=77.59 frameDeltaMs=34.6 renderTickDelta=2.006 fromTick=6888 toTick=6890 tickSpan=2 receivedSpanMs=34.6 t=3.691 renderOffsetMs=89.7 sourceHorizontalCm=13.31 sourceVerticalCm=21.43 fromGrounded=1 toGrounded=0 velocity=(-0.661, 6.262, -3.937) expectedTravelCm=25.69 teleport=0 previous=(-1.611, 0.008, 21.558) rendered=(-1.633, 0.784, 21.426)
[rubber-banding][jump-step] time=203.013 frame=11613 focused=0 entity=2 buffer=8 count=11 maxVerticalCm=77.59 horizontalCm=13.35 verticalCm=77.59 frameDeltaMs=34.6 renderTickDelta=2.006 fromTick=6888 toTick=6890 tickSpan=2 receivedSpanMs=34.6 t=3.691 renderOffsetMs=89.7 sourceHorizontalCm=13.31 sourceVerticalCm=21.43 fromGrounded=1 toGrounded=0 velocity=(-0.661, 6.262, -3.937) expectedTravelCm=25.69 teleport=0 previous=(-1.611, 0.008, 21.558) rendered=(-1.633, 0.784, 21.426)
[rubber-banding][remote-render] time=203.013 frame=11613 entity=4 latestHostTick=6940 buffer=8 windowMs=1029.8 fps=32.0 snapshots=31 arrivalSamples=31 arrivalAvgMs=33.2 arrivalP95Ms=66.7 arrivalMaxMs=67.0 sameArrival=4 tickGapMax=2 renderFrames=33 interpolation=0 extrapolation=33 extrapolationCapped=0 extrapolationMaxMs=113.8 oldestHeld=0 zeroSpan=5 movingFrozen=0 teleport=0 visualStepAvgCm=0.00 visualStepMaxCm=0.00
[rubber-banding][remote-render] time=204.026 frame=11649 entity=1 latestHostTick=7002 buffer=8 windowMs=1013.5 fps=35.5 snapshots=31 arrivalSamples=31 arrivalAvgMs=32.7 arrivalP95Ms=62.2 arrivalMaxMs=69.0 sameArrival=3 tickGapMax=2 renderFrames=36 interpolation=0 extrapolation=36 extrapolationCapped=0 extrapolationMaxMs=89.9 oldestHeld=0 zeroSpan=3 movingFrozen=0 teleport=0 visualStepAvgCm=0.00 visualStepMaxCm=0.00
[rubber-banding][remote-render] time=204.026 frame=11649 entity=2 latestHostTick=7002 buffer=8 windowMs=1013.5 fps=35.5 snapshots=31 arrivalSamples=31 arrivalAvgMs=32.7 arrivalP95Ms=62.2 arrivalMaxMs=69.0 sameArrival=3 tickGapMax=2 renderFrames=36 interpolation=0 extrapolation=36 extrapolationCapped=0 extrapolationMaxMs=89.9 oldestHeld=0 zeroSpan=3 movingFrozen=0 teleport=0 visualStepAvgCm=16.73 visualStepMaxCm=69.52
[rubber-banding][large-step] time=204.026 frame=11649 focused=0 entity=2 buffer=8 count=3 maxStepCm=69.52 horizontalCm=10.73 verticalCm=68.68 frameDeltaMs=27.8 renderTickDelta=1.612 fromTick=6942 toTick=6944 tickSpan=2 receivedSpanMs=0.0 t=2.504 renderOffsetMs=50.1 sourceHorizontalCm=13.31 sourceVerticalCm=19.21 fromGrounded=0 toGrounded=0 velocity=(-0.661, 5.595, -3.937) expectedTravelCm=19.11 teleport=0 previous=(-2.184, 0.008, 18.144) rendered=(-2.202, 0.695, 18.038)
[rubber-banding][jump-step] time=204.026 frame=11649 focused=0 entity=2 buffer=8 count=14 maxVerticalCm=68.68 horizontalCm=10.73 verticalCm=68.68 frameDeltaMs=27.8 renderTickDelta=1.612 fromTick=6942 toTick=6944 tickSpan=2 receivedSpanMs=0.0 t=2.504 renderOffsetMs=50.1 sourceHorizontalCm=13.31 sourceVerticalCm=19.21 fromGrounded=0 toGrounded=0 velocity=(-0.661, 5.595, -3.937) expectedTravelCm=19.11 teleport=0 previous=(-2.184, 0.008, 18.144) rendered=(-2.202, 0.695, 18.038)
[rubber-banding][remote-render] time=204.026 frame=11649 entity=4 latestHostTick=7002 buffer=8 windowMs=1013.5 fps=35.5 snapshots=31 arrivalSamples=31 arrivalAvgMs=32.7 arrivalP95Ms=62.2 arrivalMaxMs=69.0 sameArrival=3 tickGapMax=2 renderFrames=36 interpolation=0 extrapolation=36 extrapolationCapped=0 extrapolationMaxMs=89.9 oldestHeld=0 zeroSpan=3 movingFrozen=0 teleport=0 visualStepAvgCm=0.00 visualStepMaxCm=0.00
[rubber-banding][remote-render] time=205.034 frame=11687 entity=1 latestHostTick=7062 buffer=8 windowMs=1008.0 fps=37.7 snapshots=30 arrivalSamples=30 arrivalAvgMs=33.6 arrivalP95Ms=59.7 arrivalMaxMs=67.6 sameArrival=3 tickGapMax=2 renderFrames=38 interpolation=10 extrapolation=28 extrapolationCapped=0 extrapolationMaxMs=43.8 oldestHeld=0 zeroSpan=5 movingFrozen=0 teleport=0 visualStepAvgCm=0.00 visualStepMaxCm=0.00
[rubber-banding][remote-render] time=205.034 frame=11687 entity=2 latestHostTick=7062 buffer=8 windowMs=1008.0 fps=37.7 snapshots=30 arrivalSamples=30 arrivalAvgMs=33.6 arrivalP95Ms=59.7 arrivalMaxMs=67.6 sameArrival=3 tickGapMax=2 renderFrames=38 interpolation=10 extrapolation=28 extrapolationCapped=0 extrapolationMaxMs=43.8 oldestHeld=0 zeroSpan=5 movingFrozen=0 teleport=0 visualStepAvgCm=12.85 visualStepMaxCm=23.73
[rubber-banding][jump-step] time=205.034 frame=11687 focused=0 entity=2 buffer=8 count=10 maxVerticalCm=19.47 horizontalCm=13.57 verticalCm=19.47 frameDeltaMs=35.2 renderTickDelta=2.040 fromTick=7024 toTick=7026 tickSpan=2 receivedSpanMs=0.0 t=0.726 renderOffsetMs=-9.1 sourceHorizontalCm=13.31 sourceVerticalCm=18.57 fromGrounded=0 toGrounded=0 velocity=(-0.661, -5.738, -3.937) expectedTravelCm=24.59 teleport=0 previous=(-3.044, 0.525, 13.025) rendered=(-3.067, 0.330, 12.891)
[rubber-banding][remote-render] time=205.034 frame=11687 entity=4 latestHostTick=7062 buffer=8 windowMs=1008.0 fps=37.7 snapshots=30 arrivalSamples=30 arrivalAvgMs=33.6 arrivalP95Ms=59.7 arrivalMaxMs=67.6 sameArrival=3 tickGapMax=2 renderFrames=38 interpolation=10 extrapolation=28 extrapolationCapped=0 extrapolationMaxMs=43.8 oldestHeld=0 zeroSpan=5 movingFrozen=0 teleport=0 visualStepAvgCm=0.00 visualStepMaxCm=0.00
[rubber-banding][remote-render] time=206.051 frame=11726 entity=1 latestHostTick=7122 buffer=8 windowMs=1016.8 fps=38.4 snapshots=30 arrivalSamples=30 arrivalAvgMs=33.1 arrivalP95Ms=59.0 arrivalMaxMs=60.7 sameArrival=2 tickGapMax=2 renderFrames=39 interpolation=36 extrapolation=3 extrapolationCapped=0 extrapolationMaxMs=6.8 oldestHeld=0 zeroSpan=3 movingFrozen=0 teleport=0 visualStepAvgCm=0.00 visualStepMaxCm=0.00
[rubber-banding][remote-render] time=206.051 frame=11726 entity=2 latestHostTick=7122 buffer=8 windowMs=1016.8 fps=38.4 snapshots=30 arrivalSamples=30 arrivalAvgMs=33.1 arrivalP95Ms=59.0 arrivalMaxMs=60.7 sameArrival=2 tickGapMax=2 renderFrames=39 interpolation=36 extrapolation=3 extrapolationCapped=0 extrapolationMaxMs=6.8 oldestHeld=0 zeroSpan=3 movingFrozen=0 teleport=0 visualStepAvgCm=12.58 visualStepMaxCm=23.56
[rubber-banding][jump-step] time=206.051 frame=11726 focused=0 entity=2 buffer=8 count=9 maxVerticalCm=19.06 horizontalCm=13.85 verticalCm=19.06 frameDeltaMs=35.9 renderTickDelta=2.082 fromTick=7080 toTick=7082 tickSpan=2 receivedSpanMs=0.0 t=0.196 renderOffsetMs=-26.8 sourceHorizontalCm=13.31 sourceVerticalCm=6.32 fromGrounded=0 toGrounded=1 velocity=(-0.661, -2.333, -3.937) expectedTravelCm=16.60 teleport=0 previous=(-3.646, 0.249, 9.447) rendered=(-3.668, 0.059, 9.310)
[rubber-banding][remote-render] time=206.051 frame=11726 entity=4 latestHostTick=7122 buffer=8 windowMs=1016.8 fps=38.4 snapshots=30 arrivalSamples=30 arrivalAvgMs=33.1 arrivalP95Ms=59.0 arrivalMaxMs=60.7 sameArrival=2 tickGapMax=2 renderFrames=39 interpolation=36 extrapolation=3 extrapolationCapped=0 extrapolationMaxMs=6.8 oldestHeld=0 zeroSpan=3 movingFrozen=0 teleport=0 visualStepAvgCm=0.00 visualStepMaxCm=0.00
[rubber-banding][remote-render] time=207.081 frame=11767 entity=1 latestHostTick=7184 buffer=8 windowMs=1029.9 fps=39.8 snapshots=31 arrivalSamples=31 arrivalAvgMs=34.0 arrivalP95Ms=59.3 arrivalMaxMs=61.0 sameArrival=3 tickGapMax=2 renderFrames=41 interpolation=41 extrapolation=0 extrapolationCapped=0 extrapolationMaxMs=0.0 oldestHeld=0 zeroSpan=4 movingFrozen=0 teleport=0 visualStepAvgCm=0.00 visualStepMaxCm=0.00
[rubber-banding][remote-render] time=207.081 frame=11767 entity=2 latestHostTick=7184 buffer=8 windowMs=1029.9 fps=39.8 snapshots=31 arrivalSamples=31 arrivalAvgMs=34.0 arrivalP95Ms=59.3 arrivalMaxMs=61.0 sameArrival=3 tickGapMax=2 renderFrames=41 interpolation=41 extrapolation=0 extrapolationCapped=0 extrapolationMaxMs=0.0 oldestHeld=0 zeroSpan=4 movingFrozen=0 teleport=0 visualStepAvgCm=12.69 visualStepMaxCm=21.13
[rubber-banding][jump-step] time=207.081 frame=11767 focused=0 entity=2 buffer=8 count=12 maxVerticalCm=17.27 horizontalCm=11.41 verticalCm=17.27 frameDeltaMs=29.6 renderTickDelta=1.714 fromTick=7146 toTick=7148 tickSpan=2 receivedSpanMs=26.5 t=0.064 renderOffsetMs=-31.2 sourceHorizontalCm=13.31 sourceVerticalCm=18.09 fromGrounded=0 toGrounded=0 velocity=(-0.661, 5.262, -3.937) expectedTravelCm=19.52 teleport=0 previous=(-4.374, 0.160, 5.109) rendered=(-4.393, 0.333, 4.997)
[rubber-banding][remote-render] time=207.081 frame=11767 entity=4 latestHostTick=7184 buffer=8 windowMs=1029.9 fps=39.8 snapshots=31 arrivalSamples=31 arrivalAvgMs=34.0 arrivalP95Ms=59.3 arrivalMaxMs=61.0 sameArrival=3 tickGapMax=2 renderFrames=41 interpolation=41 extrapolation=0 extrapolationCapped=0 extrapolationMaxMs=0.0 oldestHeld=0 zeroSpan=4 movingFrozen=0 teleport=0 visualStepAvgCm=0.00 visualStepMaxCm=0.00
[rubber-banding][remote-render] time=208.096 frame=11811 entity=1 latestHostTick=7246 buffer=8 windowMs=1015.2 fps=43.3 snapshots=31 arrivalSamples=31 arrivalAvgMs=32.7 arrivalP95Ms=64.7 arrivalMaxMs=66.2 sameArrival=1 tickGapMax=2 renderFrames=44 interpolation=44 extrapolation=0 extrapolationCapped=0 extrapolationMaxMs=0.0 oldestHeld=0 zeroSpan=2 movingFrozen=0 teleport=0 visualStepAvgCm=0.00 visualStepMaxCm=0.00
[rubber-banding][remote-render] time=208.096 frame=11811 entity=2 latestHostTick=7246 buffer=8 windowMs=1015.2 fps=43.3 snapshots=31 arrivalSamples=31 arrivalAvgMs=32.7 arrivalP95Ms=64.7 arrivalMaxMs=66.2 sameArrival=1 tickGapMax=2 renderFrames=44 interpolation=44 extrapolation=0 extrapolationCapped=0 extrapolationMaxMs=0.0 oldestHeld=0 zeroSpan=2 movingFrozen=0 teleport=0 visualStepAvgCm=11.73 visualStepMaxCm=23.49
[rubber-banding][jump-step] time=208.096 frame=11811 focused=0 entity=2 buffer=8 count=11 maxVerticalCm=19.35 horizontalCm=13.31 verticalCm=19.35 frameDeltaMs=33.3 renderTickDelta=1.997 fromTick=7238 toTick=7240 tickSpan=2 receivedSpanMs=30.3 t=0.365 renderOffsetMs=-21.2 sourceHorizontalCm=13.33 sourceVerticalCm=20.79 fromGrounded=0 toGrounded=0 velocity=(1.109, -6.405, -3.843) expectedTravelCm=25.13 teleport=0 previous=(-4.754, 0.397, -0.982) rendered=(-4.721, 0.203, -1.111)
[rubber-banding][remote-render] time=208.096 frame=11811 entity=4 latestHostTick=7246 buffer=8 windowMs=1015.2 fps=43.3 snapshots=31 arrivalSamples=31 arrivalAvgMs=32.7 arrivalP95Ms=64.7 arrivalMaxMs=66.2 sameArrival=1 tickGapMax=2 renderFrames=44 interpolation=44 extrapolation=0 extrapolationCapped=0 extrapolationMaxMs=0.0 oldestHeld=0 zeroSpan=2 movingFrozen=0 teleport=0 visualStepAvgCm=0.00 visualStepMaxCm=0.00
[rubber-banding][remote-render] time=209.097 frame=11853 entity=1 latestHostTick=7306 buffer=8 windowMs=1000.9 fps=42.0 snapshots=30 arrivalSamples=30 arrivalAvgMs=33.4 arrivalP95Ms=53.6 arrivalMaxMs=67.6 sameArrival=3 tickGapMax=2 renderFrames=42 interpolation=42 extrapolation=0 extrapolationCapped=0 extrapolationMaxMs=0.0 oldestHeld=0 zeroSpan=5 movingFrozen=0 teleport=0 visualStepAvgCm=0.00 visualStepMaxCm=0.00
[rubber-banding][remote-render] time=209.097 frame=11853 entity=2 latestHostTick=7306 buffer=8 windowMs=1000.9 fps=42.0 snapshots=30 arrivalSamples=30 arrivalAvgMs=33.4 arrivalP95Ms=53.6 arrivalMaxMs=67.6 sameArrival=3 tickGapMax=2 renderFrames=42 interpolation=42 extrapolation=0 extrapolationCapped=0 extrapolationMaxMs=0.0 oldestHeld=0 zeroSpan=5 movingFrozen=0 teleport=0 visualStepAvgCm=9.49 visualStepMaxCm=14.60
[rubber-banding][remote-render] time=209.097 frame=11853 entity=4 latestHostTick=7306 buffer=8 windowMs=1000.9 fps=42.0 snapshots=30 arrivalSamples=30 arrivalAvgMs=33.4 arrivalP95Ms=53.6 arrivalMaxMs=67.6 sameArrival=3 tickGapMax=2 renderFrames=42 interpolation=42 extrapolation=0 extrapolationCapped=0 extrapolationMaxMs=0.0 oldestHeld=0 zeroSpan=5 movingFrozen=0 teleport=0 visualStepAvgCm=0.00 visualStepMaxCm=0.00
[rubber-banding][remote-render] time=210.114 frame=11897 entity=1 latestHostTick=7366 buffer=8 windowMs=1016.3 fps=43.3 snapshots=30 arrivalSamples=30 arrivalAvgMs=33.9 arrivalP95Ms=55.4 arrivalMaxMs=64.0 sameArrival=0 tickGapMax=2 renderFrames=44 interpolation=44 extrapolation=0 extrapolationCapped=0 extrapolationMaxMs=0.0 oldestHeld=0 zeroSpan=0 movingFrozen=0 teleport=0 visualStepAvgCm=0.00 visualStepMaxCm=0.00
[rubber-banding][remote-render] time=210.114 frame=11897 entity=2 latestHostTick=7366 buffer=8 windowMs=1016.3 fps=43.3 snapshots=30 arrivalSamples=30 arrivalAvgMs=33.9 arrivalP95Ms=55.4 arrivalMaxMs=64.0 sameArrival=0 tickGapMax=2 renderFrames=44 interpolation=44 extrapolation=0 extrapolationCapped=0 extrapolationMaxMs=0.0 oldestHeld=0 zeroSpan=0 movingFrozen=0 teleport=0 visualStepAvgCm=11.35 visualStepMaxCm=19.34
[rubber-banding][jump-step] time=210.114 frame=11897 focused=0 entity=2 buffer=8 count=8 maxVerticalCm=16.28 horizontalCm=10.44 verticalCm=16.28 frameDeltaMs=26.1 renderTickDelta=1.566 fromTick=7352 toTick=7354 tickSpan=2 receivedSpanMs=53.5 t=0.788 renderOffsetMs=-7.1 sourceHorizontalCm=13.33 sourceVerticalCm=20.79 fromGrounded=0 toGrounded=0 velocity=(-0.094, -6.405, -3.999) expectedTravelCm=19.70 teleport=0 previous=(-1.917, 0.278, -7.148) rendered=(-1.919, 0.115, -7.252)
[rubber-banding][remote-render] time=210.114 frame=11897 entity=4 latestHostTick=7366 buffer=8 windowMs=1016.3 fps=43.3 snapshots=30 arrivalSamples=30 arrivalAvgMs=33.9 arrivalP95Ms=55.4 arrivalMaxMs=64.0 sameArrival=0 tickGapMax=2 renderFrames=44 interpolation=44 extrapolation=0 extrapolationCapped=0 extrapolationMaxMs=0.0 oldestHeld=0 zeroSpan=0 movingFrozen=0 teleport=0 visualStepAvgCm=0.00 visualStepMaxCm=0.00
[rubber-banding][remote-render] time=211.137 frame=11943 entity=1 latestHostTick=7428 buffer=8 windowMs=1022.9 fps=45.0 snapshots=31 arrivalSamples=31 arrivalAvgMs=33.0 arrivalP95Ms=48.2 arrivalMaxMs=59.3 sameArrival=0 tickGapMax=2 renderFrames=46 interpolation=46 extrapolation=0 extrapolationCapped=0 extrapolationMaxMs=0.0 oldestHeld=0 zeroSpan=0 movingFrozen=0 teleport=0 visualStepAvgCm=0.00 visualStepMaxCm=0.00
[rubber-banding][remote-render] time=211.137 frame=11943 entity=2 latestHostTick=7428 buffer=8 windowMs=1022.9 fps=45.0 snapshots=31 arrivalSamples=31 arrivalAvgMs=33.0 arrivalP95Ms=48.2 arrivalMaxMs=59.3 sameArrival=0 tickGapMax=2 renderFrames=46 interpolation=46 extrapolation=0 extrapolationCapped=0 extrapolationMaxMs=0.0 oldestHeld=0 zeroSpan=0 movingFrozen=0 teleport=0 visualStepAvgCm=11.65 visualStepMaxCm=25.04
[rubber-banding][large-step] time=211.137 frame=11943 focused=0 entity=2 buffer=8 count=1 maxStepCm=25.04 horizontalCm=19.26 verticalCm=15.99 frameDeltaMs=48.2 renderTickDelta=2.889 fromTick=7376 toTick=7378 tickSpan=2 receivedSpanMs=32.4 t=0.338 renderOffsetMs=-22.1 sourceHorizontalCm=13.33 sourceVerticalCm=9.21 fromGrounded=0 toGrounded=0 velocity=(3.999, 2.595, -0.094) expectedTravelCm=22.96 teleport=0 previous=(-0.973, 0.783, -7.880) rendered=(-0.781, 0.943, -7.885)
[rubber-banding][jump-step] time=211.137 frame=11943 focused=0 entity=2 buffer=8 count=10 maxVerticalCm=16.32 horizontalCm=12.21 verticalCm=16.32 frameDeltaMs=30.5 renderTickDelta=1.831 fromTick=7370 toTick=7372 tickSpan=2 receivedSpanMs=42.1 t=0.110 renderOffsetMs=-29.7 sourceHorizontalCm=13.33 sourceVerticalCm=15.87 fromGrounded=0 toGrounded=0 velocity=(3.999, 4.595, -0.094) expectedTravelCm=18.59 teleport=0 previous=(-1.333, 0.356, -7.872) rendered=(-1.211, 0.519, -7.875)
[rubber-banding][remote-render] time=211.137 frame=11943 entity=4 latestHostTick=7428 buffer=8 windowMs=1022.9 fps=45.0 snapshots=31 arrivalSamples=31 arrivalAvgMs=33.0 arrivalP95Ms=48.2 arrivalMaxMs=59.3 sameArrival=0 tickGapMax=2 renderFrames=46 interpolation=46 extrapolation=0 extrapolationCapped=0 extrapolationMaxMs=0.0 oldestHeld=0 zeroSpan=0 movingFrozen=0 teleport=0 visualStepAvgCm=0.00 visualStepMaxCm=0.00
[rubber-banding][remote-render] time=212.157 frame=11987 entity=1 latestHostTick=7488 buffer=8 windowMs=1020.8 fps=43.1 snapshots=30 arrivalSamples=30 arrivalAvgMs=33.2 arrivalP95Ms=58.4 arrivalMaxMs=75.3 sameArrival=3 tickGapMax=2 renderFrames=44 interpolation=44 extrapolation=0 extrapolationCapped=0 extrapolationMaxMs=0.0 oldestHeld=0 zeroSpan=6 movingFrozen=0 teleport=0 visualStepAvgCm=0.00 visualStepMaxCm=0.00
[rubber-banding][remote-render] time=212.157 frame=11987 entity=2 latestHostTick=7488 buffer=8 windowMs=1020.8 fps=43.1 snapshots=30 arrivalSamples=30 arrivalAvgMs=33.2 arrivalP95Ms=58.4 arrivalMaxMs=75.3 sameArrival=3 tickGapMax=2 renderFrames=44 interpolation=44 extrapolation=0 extrapolationCapped=0 extrapolationMaxMs=0.0 oldestHeld=0 zeroSpan=6 movingFrozen=0 teleport=0 visualStepAvgCm=10.60 visualStepMaxCm=19.60
[rubber-banding][jump-step] time=212.157 frame=11987 focused=0 entity=2 buffer=8 count=6 maxVerticalCm=15.90 horizontalCm=11.46 verticalCm=15.90 frameDeltaMs=28.6 renderTickDelta=1.718 fromTick=7452 toTick=7454 tickSpan=2 receivedSpanMs=26.1 t=0.835 renderOffsetMs=-5.5 sourceHorizontalCm=13.33 sourceVerticalCm=18.57 fromGrounded=0 toGrounded=0 velocity=(1.247, -5.738, 3.801) expectedTravelCm=20.03 teleport=0 previous=(2.800, 0.469, -5.350) rendered=(2.837, 0.310, -5.242)
[rubber-banding][remote-render] time=212.157 frame=11987 entity=4 latestHostTick=7488 buffer=8 windowMs=1020.8 fps=43.1 snapshots=30 arrivalSamples=30 arrivalAvgMs=33.2 arrivalP95Ms=58.4 arrivalMaxMs=75.3 sameArrival=3 tickGapMax=2 renderFrames=44 interpolation=44 extrapolation=0 extrapolationCapped=0 extrapolationMaxMs=0.0 oldestHeld=0 zeroSpan=6 movingFrozen=0 teleport=0 visualStepAvgCm=0.00 visualStepMaxCm=0.00
[rubber-banding][remote-render] time=213.167 frame=12032 entity=1 latestHostTick=7550 buffer=8 windowMs=1009.7 fps=44.6 snapshots=31 arrivalSamples=31 arrivalAvgMs=32.9 arrivalP95Ms=50.3 arrivalMaxMs=69.0 sameArrival=1 tickGapMax=2 renderFrames=45 interpolation=45 extrapolation=0 extrapolationCapped=0 extrapolationMaxMs=0.0 oldestHeld=0 zeroSpan=2 movingFrozen=0 teleport=0 visualStepAvgCm=0.00 visualStepMaxCm=0.00
[rubber-banding][remote-render] time=213.167 frame=12032 entity=2 latestHostTick=7550 buffer=8 windowMs=1009.7 fps=44.6 snapshots=31 arrivalSamples=31 arrivalAvgMs=32.9 arrivalP95Ms=50.3 arrivalMaxMs=69.0 sameArrival=1 tickGapMax=2 renderFrames=45 interpolation=45 extrapolation=0 extrapolationCapped=0 extrapolationMaxMs=0.0 oldestHeld=0 zeroSpan=2 movingFrozen=0 teleport=0 visualStepAvgCm=11.00 visualStepMaxCm=17.72
[rubber-banding][jump-step] time=213.167 frame=12032 focused=0 entity=2 buffer=8 count=8 maxVerticalCm=14.32 horizontalCm=10.44 verticalCm=14.32 frameDeltaMs=26.2 renderTickDelta=1.570 fromTick=7508 toTick=7510 tickSpan=2 receivedSpanMs=33.5 t=0.734 renderOffsetMs=-8.9 sourceHorizontalCm=13.30 sourceVerticalCm=18.09 fromGrounded=0 toGrounded=0 velocity=(-2.488, 5.262, 3.118) expectedTravelCm=17.28 teleport=0 previous=(1.015, 0.311, -2.236) rendered=(0.950, 0.454, -2.155)
[rubber-banding][remote-render] time=213.167 frame=12032 entity=4 latestHostTick=7550 buffer=8 windowMs=1009.7 fps=44.6 snapshots=31 arrivalSamples=31 arrivalAvgMs=32.9 arrivalP95Ms=50.3 arrivalMaxMs=69.0 sameArrival=1 tickGapMax=2 renderFrames=45 interpolation=45 extrapolation=0 extrapolationCapped=0 extrapolationMaxMs=0.0 oldestHeld=0 zeroSpan=2 movingFrozen=0 teleport=0 visualStepAvgCm=0.00 visualStepMaxCm=0.00
[rubber-banding][remote-render] time=214.169 frame=12078 entity=1 latestHostTick=7610 buffer=8 windowMs=1002.4 fps=45.9 snapshots=30 arrivalSamples=30 arrivalAvgMs=33.8 arrivalP95Ms=54.2 arrivalMaxMs=68.3 sameArrival=2 tickGapMax=2 renderFrames=46 interpolation=46 extrapolation=0 extrapolationCapped=0 extrapolationMaxMs=0.0 oldestHeld=0 zeroSpan=4 movingFrozen=0 teleport=0 visualStepAvgCm=0.00 visualStepMaxCm=0.00
[rubber-banding][remote-render] time=214.169 frame=12078 entity=2 latestHostTick=7610 buffer=8 windowMs=1002.4 fps=45.9 snapshots=30 arrivalSamples=30 arrivalAvgMs=33.8 arrivalP95Ms=54.2 arrivalMaxMs=68.3 sameArrival=2 tickGapMax=2 renderFrames=46 interpolation=46 extrapolation=0 extrapolationCapped=0 extrapolationMaxMs=0.0 oldestHeld=0 zeroSpan=4 movingFrozen=0 teleport=0 visualStepAvgCm=10.80 visualStepMaxCm=19.12
[rubber-banding][jump-step] time=214.169 frame=12078 focused=0 entity=2 buffer=8 count=8 maxVerticalCm=14.44 horizontalCm=10.38 verticalCm=14.44 frameDeltaMs=25.9 renderTickDelta=1.556 fromTick=7588 toTick=7590 tickSpan=2 receivedSpanMs=34.3 t=0.385 renderOffsetMs=-20.5 sourceHorizontalCm=13.33 sourceVerticalCm=19.68 fromGrounded=0 toGrounded=0 velocity=(-2.576, -6.072, 3.060) expectedTravelCm=18.86 teleport=0 previous=(-2.293, 0.444, 1.878) rendered=(-2.359, 0.299, 1.957)
[rubber-banding][remote-render] time=214.169 frame=12078 entity=4 latestHostTick=7610 buffer=8 windowMs=1002.4 fps=45.9 snapshots=30 arrivalSamples=30 arrivalAvgMs=33.8 arrivalP95Ms=54.2 arrivalMaxMs=68.3 sameArrival=2 tickGapMax=2 renderFrames=46 interpolation=46 extrapolation=0 extrapolationCapped=0 extrapolationMaxMs=0.0 oldestHeld=0 zeroSpan=4 movingFrozen=0 teleport=0 visualStepAvgCm=0.00 visualStepMaxCm=0.00
[rubber-banding][remote-render] time=215.187 frame=12126 entity=1 latestHostTick=7672 buffer=8 windowMs=1017.9 fps=47.2 snapshots=31 arrivalSamples=31 arrivalAvgMs=32.8 arrivalP95Ms=53.0 arrivalMaxMs=66.7 sameArrival=3 tickGapMax=2 renderFrames=48 interpolation=48 extrapolation=0 extrapolationCapped=0 extrapolationMaxMs=0.0 oldestHeld=0 zeroSpan=4 movingFrozen=0 teleport=0 visualStepAvgCm=0.00 visualStepMaxCm=0.00
[rubber-banding][remote-render] time=215.187 frame=12126 entity=2 latestHostTick=7672 buffer=8 windowMs=1017.9 fps=47.2 snapshots=31 arrivalSamples=31 arrivalAvgMs=32.8 arrivalP95Ms=53.0 arrivalMaxMs=66.7 sameArrival=3 tickGapMax=2 renderFrames=48 interpolation=48 extrapolation=0 extrapolationCapped=0 extrapolationMaxMs=0.0 oldestHeld=0 zeroSpan=4 movingFrozen=0 teleport=0 visualStepAvgCm=9.57 visualStepMaxCm=18.18
[rubber-banding][jump-step] time=215.187 frame=12126 focused=0 entity=2 buffer=8 count=5 maxVerticalCm=15.21 horizontalCm=9.96 verticalCm=15.21 frameDeltaMs=24.9 renderTickDelta=1.497 fromTick=7638 toTick=7640 tickSpan=2 receivedSpanMs=45.5 t=0.988 renderOffsetMs=-0.4 sourceHorizontalCm=13.31 sourceVerticalCm=20.32 fromGrounded=0 toGrounded=0 velocity=(-2.646, 5.928, 2.992) expectedTravelCm=17.83 teleport=0 previous=(-4.548, 0.167, 4.440) rendered=(-4.614, 0.319, 4.514)
[rubber-banding][remote-render] time=215.187 frame=12126 entity=4 latestHostTick=7672 buffer=8 windowMs=1017.9 fps=47.2 snapshots=31 arrivalSamples=31 arrivalAvgMs=32.8 arrivalP95Ms=53.0 arrivalMaxMs=66.7 sameArrival=3 tickGapMax=2 renderFrames=48 interpolation=48 extrapolation=0 extrapolationCapped=0 extrapolationMaxMs=0.0 oldestHeld=0 zeroSpan=4 movingFrozen=0 teleport=0 visualStepAvgCm=0.00 visualStepMaxCm=0.00
[rubber-banding][remote-render] time=216.204 frame=12171 entity=1 latestHostTick=7732 buffer=8 windowMs=1016.7 fps=44.3 snapshots=30 arrivalSamples=30 arrivalAvgMs=33.9 arrivalP95Ms=53.7 arrivalMaxMs=67.0 sameArrival=3 tickGapMax=2 renderFrames=45 interpolation=45 extrapolation=0 extrapolationCapped=0 extrapolationMaxMs=0.0 oldestHeld=0 zeroSpan=7 movingFrozen=0 teleport=0 visualStepAvgCm=0.00 visualStepMaxCm=0.00
[rubber-banding][remote-render] time=216.204 frame=12171 entity=2 latestHostTick=7732 buffer=8 windowMs=1016.7 fps=44.3 snapshots=30 arrivalSamples=30 arrivalAvgMs=33.9 arrivalP95Ms=53.7 arrivalMaxMs=67.0 sameArrival=3 tickGapMax=2 renderFrames=45 interpolation=45 extrapolation=0 extrapolationCapped=0 extrapolationMaxMs=0.0 oldestHeld=0 zeroSpan=7 movingFrozen=0 teleport=0 visualStepAvgCm=12.05 visualStepMaxCm=20.40
[rubber-banding][jump-step] time=216.204 frame=12171 focused=0 entity=2 buffer=8 count=13 maxVerticalCm=17.20 horizontalCm=10.96 verticalCm=17.20 frameDeltaMs=27.4 renderTickDelta=1.644 fromTick=7688 toTick=7690 tickSpan=2 receivedSpanMs=25.1 t=0.188 renderOffsetMs=-27.1 sourceHorizontalCm=13.33 sourceVerticalCm=19.21 fromGrounded=0 toGrounded=0 velocity=(-3.532, 5.595, 1.878) expectedTravelCm=18.85 teleport=0 previous=(-6.765, 0.086, 6.751) rendered=(-6.861, 0.258, 6.803)
[rubber-banding][remote-render] time=216.204 frame=12171 entity=4 latestHostTick=7732 buffer=8 windowMs=1016.7 fps=44.3 snapshots=30 arrivalSamples=30 arrivalAvgMs=33.9 arrivalP95Ms=53.7 arrivalMaxMs=67.0 sameArrival=3 tickGapMax=2 renderFrames=45 interpolation=45 extrapolation=0 extrapolationCapped=0 extrapolationMaxMs=0.0 oldestHeld=0 zeroSpan=7 movingFrozen=0 teleport=0 visualStepAvgCm=0.00 visualStepMaxCm=0.00
[rubber-banding][remote-render] time=217.211 frame=12215 entity=1 latestHostTick=7792 buffer=8 windowMs=1006.8 fps=43.7 snapshots=30 arrivalSamples=30 arrivalAvgMs=33.6 arrivalP95Ms=50.9 arrivalMaxMs=54.2 sameArrival=3 tickGapMax=2 renderFrames=44 interpolation=44 extrapolation=0 extrapolationCapped=0 extrapolationMaxMs=0.0 oldestHeld=0 zeroSpan=5 movingFrozen=0 teleport=0 visualStepAvgCm=0.00 visualStepMaxCm=0.00
[rubber-banding][remote-render] time=217.211 frame=12215 entity=2 latestHostTick=7792 buffer=8 windowMs=1006.8 fps=43.7 snapshots=30 arrivalSamples=30 arrivalAvgMs=33.6 arrivalP95Ms=50.9 arrivalMaxMs=54.2 sameArrival=3 tickGapMax=2 renderFrames=44 interpolation=44 extrapolation=0 extrapolationCapped=0 extrapolationMaxMs=0.0 oldestHeld=0 zeroSpan=5 movingFrozen=0 teleport=0 visualStepAvgCm=11.81 visualStepMaxCm=21.95
[rubber-banding][jump-step] time=217.211 frame=12215 focused=0 entity=2 buffer=8 count=11 maxVerticalCm=17.53 horizontalCm=13.21 verticalCm=17.53 frameDeltaMs=33.1 renderTickDelta=1.986 fromTick=7738 toTick=7740 tickSpan=2 receivedSpanMs=42.1 t=0.194 renderOffsetMs=-26.9 sourceHorizontalCm=13.33 sourceVerticalCm=15.87 fromGrounded=0 toGrounded=0 velocity=(-3.854, 4.595, 1.071) expectedTravelCm=20.16 teleport=0 previous=(-9.814, 0.357, 8.017) rendered=(-9.941, 0.533, 8.052)
[rubber-banding][remote-render] time=217.211 frame=12215 entity=4 latestHostTick=7792 buffer=8 windowMs=1006.8 fps=43.7 snapshots=30 arrivalSamples=30 arrivalAvgMs=33.6 arrivalP95Ms=50.9 arrivalMaxMs=54.2 sameArrival=3 tickGapMax=2 renderFrames=44 interpolation=44 extrapolation=0 extrapolationCapped=0 extrapolationMaxMs=0.0 oldestHeld=0 zeroSpan=5 movingFrozen=0 teleport=0 visualStepAvgCm=0.00 visualStepMaxCm=0.00
[rubber-banding][remote-render] time=218.212 frame=12260 entity=1 latestHostTick=7852 buffer=8 windowMs=1001.6 fps=44.9 snapshots=30 arrivalSamples=30 arrivalAvgMs=32.8 arrivalP95Ms=50.1 arrivalMaxMs=54.1 sameArrival=1 tickGapMax=2 renderFrames=45 interpolation=45 extrapolation=0 extrapolationCapped=0 extrapolationMaxMs=0.0 oldestHeld=0 zeroSpan=2 movingFrozen=0 teleport=0 visualStepAvgCm=0.00 visualStepMaxCm=0.00
[rubber-banding][remote-render] time=218.212 frame=12260 entity=2 latestHostTick=7852 buffer=8 windowMs=1001.6 fps=44.9 snapshots=30 arrivalSamples=30 arrivalAvgMs=32.8 arrivalP95Ms=50.1 arrivalMaxMs=54.1 sameArrival=1 tickGapMax=2 renderFrames=45 interpolation=45 extrapolation=0 extrapolationCapped=0 extrapolationMaxMs=0.0 oldestHeld=0 zeroSpan=2 movingFrozen=0 teleport=0 visualStepAvgCm=11.37 visualStepMaxCm=18.39
[rubber-banding][jump-step] time=218.212 frame=12260 focused=0 entity=2 buffer=8 count=11 maxVerticalCm=15.44 horizontalCm=9.98 verticalCm=15.44 frameDeltaMs=24.9 renderTickDelta=1.497 fromTick=7836 toTick=7838 tickSpan=2 receivedSpanMs=19.5 t=0.267 renderOffsetMs=-24.4 sourceHorizontalCm=13.33 sourceVerticalCm=19.21 fromGrounded=0 toGrounded=0 velocity=(-3.045, 5.595, -2.594) expectedTravelCm=17.16 teleport=0 previous=(-16.018, 0.305, 7.163) rendered=(-16.094, 0.459, 7.098)
[rubber-banding][remote-render] time=218.212 frame=12260 entity=4 latestHostTick=7852 buffer=8 windowMs=1001.6 fps=44.9 snapshots=30 arrivalSamples=30 arrivalAvgMs=32.8 arrivalP95Ms=50.1 arrivalMaxMs=54.1 sameArrival=1 tickGapMax=2 renderFrames=45 interpolation=45 extrapolation=0 extrapolationCapped=0 extrapolationMaxMs=0.0 oldestHeld=0 zeroSpan=2 movingFrozen=0 teleport=0 visualStepAvgCm=0.00 visualStepMaxCm=0.00
[rubber-banding][remote-render] time=219.235 frame=12302 entity=1 latestHostTick=7914 buffer=8 windowMs=1023.0 fps=41.1 snapshots=31 arrivalSamples=31 arrivalAvgMs=33.6 arrivalP95Ms=57.8 arrivalMaxMs=58.9 sameArrival=1 tickGapMax=2 renderFrames=42 interpolation=42 extrapolation=0 extrapolationCapped=0 extrapolationMaxMs=0.0 oldestHeld=0 zeroSpan=1 movingFrozen=0 teleport=0 visualStepAvgCm=0.00 visualStepMaxCm=0.00
[rubber-banding][remote-render] time=219.235 frame=12302 entity=2 latestHostTick=7914 buffer=8 windowMs=1023.0 fps=41.1 snapshots=31 arrivalSamples=31 arrivalAvgMs=33.6 arrivalP95Ms=57.8 arrivalMaxMs=58.9 sameArrival=1 tickGapMax=2 renderFrames=42 interpolation=42 extrapolation=0 extrapolationCapped=0 extrapolationMaxMs=0.0 oldestHeld=0 zeroSpan=1 movingFrozen=5 teleport=0 visualStepAvgCm=8.62 visualStepMaxCm=19.30
[rubber-banding][jump-step] time=219.235 frame=12302 focused=0 entity=2 buffer=8 count=7 maxVerticalCm=15.32 horizontalCm=1.93 verticalCm=15.32 frameDeltaMs=25.1 renderTickDelta=1.508 fromTick=7884 toTick=7886 tickSpan=2 receivedSpanMs=24.9 t=0.869 renderOffsetMs=-4.4 sourceHorizontalCm=2.56 sourceVerticalCm=20.32 fromGrounded=0 toGrounded=0 velocity=(-0.431, 5.928, -3.977) expectedTravelCm=17.97 teleport=0 previous=(-17.539, 0.896, 5.667) rendered=(-17.554, 1.050, 5.655)
[rubber-banding][remote-render] time=219.235 frame=12302 entity=4 latestHostTick=7914 buffer=8 windowMs=1023.0 fps=41.1 snapshots=31 arrivalSamples=31 arrivalAvgMs=33.6 arrivalP95Ms=57.8 arrivalMaxMs=58.9 sameArrival=1 tickGapMax=2 renderFrames=42 interpolation=42 extrapolation=0 extrapolationCapped=0 extrapolationMaxMs=0.0 oldestHeld=0 zeroSpan=1 movingFrozen=0 teleport=0 visualStepAvgCm=0.00 visualStepMaxCm=0.00
[rubber-banding][remote-render] time=220.264 frame=12347 entity=1 latestHostTick=7976 buffer=8 windowMs=1028.2 fps=43.8 snapshots=31 arrivalSamples=31 arrivalAvgMs=33.2 arrivalP95Ms=52.4 arrivalMaxMs=59.3 sameArrival=0 tickGapMax=2 renderFrames=45 interpolation=45 extrapolation=0 extrapolationCapped=0 extrapolationMaxMs=0.0 oldestHeld=0 zeroSpan=0 movingFrozen=0 teleport=0 visualStepAvgCm=0.00 visualStepMaxCm=0.00
[rubber-banding][remote-render] time=220.264 frame=12347 entity=2 latestHostTick=7976 buffer=8 windowMs=1028.2 fps=43.8 snapshots=31 arrivalSamples=31 arrivalAvgMs=33.2 arrivalP95Ms=52.4 arrivalMaxMs=59.3 sameArrival=0 tickGapMax=2 renderFrames=45 interpolation=45 extrapolation=0 extrapolationCapped=0 extrapolationMaxMs=0.0 oldestHeld=0 zeroSpan=0 movingFrozen=0 teleport=0 visualStepAvgCm=12.04 visualStepMaxCm=28.13
[rubber-banding][large-step] time=220.264 frame=12347 focused=0 entity=2 buffer=8 count=2 maxStepCm=28.13 horizontalCm=12.18 verticalCm=25.36 frameDeltaMs=30.5 renderTickDelta=1.827 fromTick=7970 toTick=7972 tickSpan=2 receivedSpanMs=35.0 t=0.576 renderOffsetMs=-14.1 sourceHorizontalCm=13.33 sourceVerticalCm=28.57 fromGrounded=0 toGrounded=0 velocity=(0.063, -8.738, -4.000) expectedTravelCm=29.27 teleport=0 previous=(-17.211, 1.651, 0.710) rendered=(-17.209, 1.397, 0.588)
[rubber-banding][jump-step] time=220.264 frame=12347 focused=0 entity=2 buffer=8 count=8 maxVerticalCm=25.36 horizontalCm=12.18 verticalCm=25.36 frameDeltaMs=30.5 renderTickDelta=1.827 fromTick=7970 toTick=7972 tickSpan=2 receivedSpanMs=35.0 t=0.576 renderOffsetMs=-14.1 sourceHorizontalCm=13.33 sourceVerticalCm=28.57 fromGrounded=0 toGrounded=0 velocity=(0.063, -8.738, -4.000) expectedTravelCm=29.27 teleport=0 previous=(-17.211, 1.651, 0.710) rendered=(-17.209, 1.397, 0.588)
[rubber-banding][remote-render] time=220.264 frame=12347 entity=4 latestHostTick=7976 buffer=8 windowMs=1028.2 fps=43.8 snapshots=31 arrivalSamples=31 arrivalAvgMs=33.2 arrivalP95Ms=52.4 arrivalMaxMs=59.3 sameArrival=0 tickGapMax=2 renderFrames=45 interpolation=45 extrapolation=0 extrapolationCapped=0 extrapolationMaxMs=0.0 oldestHeld=0 zeroSpan=0 movingFrozen=0 teleport=0 visualStepAvgCm=0.00 visualStepMaxCm=0.00
[rubber-banding][remote-render] time=221.270 frame=12389 entity=1 latestHostTick=8036 buffer=8 windowMs=1006.4 fps=41.7 snapshots=30 arrivalSamples=30 arrivalAvgMs=33.5 arrivalP95Ms=57.7 arrivalMaxMs=58.3 sameArrival=3 tickGapMax=2 renderFrames=42 interpolation=42 extrapolation=0 extrapolationCapped=0 extrapolationMaxMs=0.0 oldestHeld=0 zeroSpan=3 movingFrozen=0 teleport=0 visualStepAvgCm=0.00 visualStepMaxCm=0.00
[rubber-banding][remote-render] time=221.270 frame=12389 entity=2 latestHostTick=8036 buffer=8 windowMs=1006.4 fps=41.7 snapshots=30 arrivalSamples=30 arrivalAvgMs=33.5 arrivalP95Ms=57.7 arrivalMaxMs=58.3 sameArrival=3 tickGapMax=2 renderFrames=42 interpolation=42 extrapolation=0 extrapolationCapped=0 extrapolationMaxMs=0.0 oldestHeld=0 zeroSpan=3 movingFrozen=0 teleport=0 visualStepAvgCm=12.31 visualStepMaxCm=44.58
[rubber-banding][large-step] time=221.270 frame=12389 focused=0 entity=2 buffer=8 count=3 maxStepCm=44.58 horizontalCm=16.63 verticalCm=41.36 frameDeltaMs=41.6 renderTickDelta=2.494 fromTick=7976 toTick=7978 tickSpan=2 receivedSpanMs=28.1 t=0.167 renderOffsetMs=-27.8 sourceHorizontalCm=13.33 sourceVerticalCm=35.24 fromGrounded=0 toGrounded=0 velocity=(0.063, -10.738, -4.000) expectedTravelCm=47.63 teleport=0 previous=(-17.206, 0.993, 0.409) rendered=(-17.204, 0.579, 0.243)
[rubber-banding][jump-step] time=221.270 frame=12389 focused=0 entity=2 buffer=8 count=8 maxVerticalCm=41.36 horizontalCm=16.63 verticalCm=41.36 frameDeltaMs=41.6 renderTickDelta=2.494 fromTick=7976 toTick=7978 tickSpan=2 receivedSpanMs=28.1 t=0.167 renderOffsetMs=-27.8 sourceHorizontalCm=13.33 sourceVerticalCm=35.24 fromGrounded=0 toGrounded=0 velocity=(0.063, -10.738, -4.000) expectedTravelCm=47.63 teleport=0 previous=(-17.206, 0.993, 0.409) rendered=(-17.204, 0.579, 0.243)
[rubber-banding][remote-render] time=221.270 frame=12389 entity=4 latestHostTick=8036 buffer=8 windowMs=1006.4 fps=41.7 snapshots=30 arrivalSamples=30 arrivalAvgMs=33.5 arrivalP95Ms=57.7 arrivalMaxMs=58.3 sameArrival=3 tickGapMax=2 renderFrames=42 interpolation=42 extrapolation=0 extrapolationCapped=0 extrapolationMaxMs=0.0 oldestHeld=0 zeroSpan=3 movingFrozen=0 teleport=0 visualStepAvgCm=0.00 visualStepMaxCm=0.00
[rubber-banding][remote-render] time=222.279 frame=12432 entity=1 latestHostTick=8096 buffer=8 windowMs=1008.6 fps=42.6 snapshots=30 arrivalSamples=30 arrivalAvgMs=33.6 arrivalP95Ms=50.2 arrivalMaxMs=58.6 sameArrival=2 tickGapMax=2 renderFrames=43 interpolation=43 extrapolation=0 extrapolationCapped=0 extrapolationMaxMs=0.0 oldestHeld=0 zeroSpan=2 movingFrozen=0 teleport=0 visualStepAvgCm=0.00 visualStepMaxCm=0.00
[rubber-banding][remote-render] time=222.279 frame=12432 entity=2 latestHostTick=8096 buffer=8 windowMs=1008.6 fps=42.6 snapshots=30 arrivalSamples=30 arrivalAvgMs=33.6 arrivalP95Ms=50.2 arrivalMaxMs=58.6 sameArrival=2 tickGapMax=2 renderFrames=43 interpolation=43 extrapolation=0 extrapolationCapped=0 extrapolationMaxMs=0.0 oldestHeld=0 zeroSpan=2 movingFrozen=0 teleport=0 visualStepAvgCm=12.13 visualStepMaxCm=25.31
[rubber-banding][large-step] time=222.279 frame=12432 focused=0 entity=2 buffer=8 count=1 maxStepCm=25.31 horizontalCm=17.59 verticalCm=18.19 frameDeltaMs=44.0 renderTickDelta=2.640 fromTick=8082 toTick=8084 tickSpan=2 receivedSpanMs=39.9 t=0.582 renderOffsetMs=-13.9 sourceHorizontalCm=13.32 sourceVerticalCm=12.54 fromGrounded=0 toGrounded=0 velocity=(3.906, 3.595, -0.850) expectedTravelCm=23.66 teleport=0 previous=(-13.240, 0.623, -4.893) rendered=(-13.068, 0.805, -4.930)
[rubber-banding][jump-step] time=222.279 frame=12432 focused=0 entity=2 buffer=8 count=10 maxVerticalCm=18.19 horizontalCm=17.59 verticalCm=18.19 frameDeltaMs=44.0 renderTickDelta=2.640 fromTick=8082 toTick=8084 tickSpan=2 receivedSpanMs=39.9 t=0.582 renderOffsetMs=-13.9 sourceHorizontalCm=13.32 sourceVerticalCm=12.54 fromGrounded=0 toGrounded=0 velocity=(3.906, 3.595, -0.850) expectedTravelCm=23.66 teleport=0 previous=(-13.240, 0.623, -4.893) rendered=(-13.068, 0.805, -4.930)
[rubber-banding][remote-render] time=222.279 frame=12432 entity=4 latestHostTick=8096 buffer=8 windowMs=1008.6 fps=42.6 snapshots=30 arrivalSamples=30 arrivalAvgMs=33.6 arrivalP95Ms=50.2 arrivalMaxMs=58.6 sameArrival=2 tickGapMax=2 renderFrames=43 interpolation=43 extrapolation=0 extrapolationCapped=0 extrapolationMaxMs=0.0 oldestHeld=0 zeroSpan=2 movingFrozen=0 teleport=0 visualStepAvgCm=0.00 visualStepMaxCm=0.00
[rubber-banding][remote-render] time=223.295 frame=12476 entity=1 latestHostTick=8156 buffer=8 windowMs=1015.9 fps=43.3 snapshots=30 arrivalSamples=30 arrivalAvgMs=32.9 arrivalP95Ms=62.0 arrivalMaxMs=71.2 sameArrival=4 tickGapMax=2 renderFrames=44 interpolation=44 extrapolation=0 extrapolationCapped=0 extrapolationMaxMs=0.0 oldestHeld=0 zeroSpan=6 movingFrozen=0 teleport=0 visualStepAvgCm=0.00 visualStepMaxCm=0.00
[rubber-banding][remote-render] time=223.295 frame=12476 entity=2 latestHostTick=8156 buffer=8 windowMs=1015.9 fps=43.3 snapshots=30 arrivalSamples=30 arrivalAvgMs=32.9 arrivalP95Ms=62.0 arrivalMaxMs=71.2 sameArrival=4 tickGapMax=2 renderFrames=44 interpolation=44 extrapolation=0 extrapolationCapped=0 extrapolationMaxMs=0.0 oldestHeld=0 zeroSpan=6 movingFrozen=0 teleport=0 visualStepAvgCm=10.29 visualStepMaxCm=18.08
[rubber-banding][jump-step] time=223.295 frame=12476 focused=0 entity=2 buffer=8 count=5 maxVerticalCm=14.83 horizontalCm=9.50 verticalCm=14.83 frameDeltaMs=23.8 renderTickDelta=1.426 fromTick=8112 toTick=8114 tickSpan=2 receivedSpanMs=41.6 t=0.920 renderOffsetMs=-2.7 sourceHorizontalCm=13.32 sourceVerticalCm=20.79 fromGrounded=0 toGrounded=0 velocity=(3.906, -6.405, -0.850) expectedTravelCm=17.95 teleport=0 previous=(-11.164, 0.236, -5.345) rendered=(-11.072, 0.088, -5.365)
[rubber-banding][remote-render] time=223.295 frame=12476 entity=4 latestHostTick=8156 buffer=8 windowMs=1015.9 fps=43.3 snapshots=30 arrivalSamples=30 arrivalAvgMs=32.9 arrivalP95Ms=62.0 arrivalMaxMs=71.2 sameArrival=4 tickGapMax=2 renderFrames=44 interpolation=44 extrapolation=0 extrapolationCapped=0 extrapolationMaxMs=0.0 oldestHeld=0 zeroSpan=6 movingFrozen=0 teleport=0 visualStepAvgCm=0.00 visualStepMaxCm=0.00
[rubber-banding][remote-render] time=224.297 frame=12521 entity=1 latestHostTick=8218 buffer=8 windowMs=1002.9 fps=44.9 snapshots=31 arrivalSamples=31 arrivalAvgMs=33.3 arrivalP95Ms=58.3 arrivalMaxMs=65.9 sameArrival=3 tickGapMax=2 renderFrames=45 interpolation=45 extrapolation=0 extrapolationCapped=0 extrapolationMaxMs=0.0 oldestHeld=0 zeroSpan=5 movingFrozen=0 teleport=0 visualStepAvgCm=0.00 visualStepMaxCm=0.00
[rubber-banding][remote-render] time=224.297 frame=12521 entity=2 latestHostTick=8218 buffer=8 windowMs=1002.9 fps=44.9 snapshots=31 arrivalSamples=31 arrivalAvgMs=33.3 arrivalP95Ms=58.3 arrivalMaxMs=65.9 sameArrival=3 tickGapMax=2 renderFrames=45 interpolation=45 extrapolation=0 extrapolationCapped=0 extrapolationMaxMs=0.0 oldestHeld=0 zeroSpan=5 movingFrozen=0 teleport=0 visualStepAvgCm=11.93 visualStepMaxCm=21.53
[rubber-banding][jump-step] time=224.297 frame=12521 focused=0 entity=2 buffer=8 count=13 maxVerticalCm=16.82 horizontalCm=13.44 verticalCm=16.82 frameDeltaMs=33.6 renderTickDelta=2.018 fromTick=8158 toTick=8160 tickSpan=2 receivedSpanMs=40.6 t=0.615 renderOffsetMs=-12.8 sourceHorizontalCm=13.32 sourceVerticalCm=20.32 fromGrounded=0 toGrounded=0 velocity=(3.906, 5.928, -0.850) expectedTravelCm=24.05 teleport=0 previous=(-8.248, 0.075, -5.980) rendered=(-8.117, 0.243, -6.008)
[rubber-banding][remote-render] time=224.297 frame=12521 entity=4 latestHostTick=8218 buffer=8 windowMs=1002.9 fps=44.9 snapshots=31 arrivalSamples=31 arrivalAvgMs=33.3 arrivalP95Ms=58.3 arrivalMaxMs=65.9 sameArrival=3 tickGapMax=2 renderFrames=45 interpolation=45 extrapolation=0 extrapolationCapped=0 extrapolationMaxMs=0.0 oldestHeld=0 zeroSpan=5 movingFrozen=0 teleport=0 visualStepAvgCm=0.00 visualStepMaxCm=0.00
[rubber-banding][remote-render] time=225.301 frame=12567 entity=1 latestHostTick=8278 buffer=8 windowMs=1003.9 fps=45.8 snapshots=30 arrivalSamples=30 arrivalAvgMs=33.5 arrivalP95Ms=68.2 arrivalMaxMs=72.8 sameArrival=3 tickGapMax=2 renderFrames=46 interpolation=46 extrapolation=0 extrapolationCapped=0 extrapolationMaxMs=0.0 oldestHeld=0 zeroSpan=6 movingFrozen=0 teleport=0 visualStepAvgCm=0.00 visualStepMaxCm=0.00
[rubber-banding][remote-render] time=225.301 frame=12567 entity=2 latestHostTick=8278 buffer=8 windowMs=1003.9 fps=45.8 snapshots=30 arrivalSamples=30 arrivalAvgMs=33.5 arrivalP95Ms=68.2 arrivalMaxMs=72.8 sameArrival=3 tickGapMax=2 renderFrames=46 interpolation=46 extrapolation=0 extrapolationCapped=0 extrapolationMaxMs=0.0 oldestHeld=0 zeroSpan=6 movingFrozen=0 teleport=0 visualStepAvgCm=10.91 visualStepMaxCm=20.25
[rubber-banding][jump-step] time=225.301 frame=12567 focused=0 entity=2 buffer=8 count=7 maxVerticalCm=16.45 horizontalCm=11.82 verticalCm=16.45 frameDeltaMs=29.6 renderTickDelta=1.773 fromTick=8240 toTick=8242 tickSpan=2 receivedSpanMs=34.5 t=0.375 renderOffsetMs=-20.8 sourceHorizontalCm=13.33 sourceVerticalCm=17.00 fromGrounded=0 toGrounded=1 velocity=(3.844, -6.738, -1.107) expectedTravelCm=23.16 teleport=0 previous=(-2.934, 0.279, -7.180) rendered=(-2.820, 0.114, -7.212)
[rubber-banding][remote-render] time=225.301 frame=12567 entity=4 latestHostTick=8278 buffer=8 windowMs=1003.9 fps=45.8 snapshots=30 arrivalSamples=30 arrivalAvgMs=33.5 arrivalP95Ms=68.2 arrivalMaxMs=72.8 sameArrival=3 tickGapMax=2 renderFrames=46 interpolation=46 extrapolation=0 extrapolationCapped=0 extrapolationMaxMs=0.0 oldestHeld=0 zeroSpan=6 movingFrozen=0 teleport=0 visualStepAvgCm=0.00 visualStepMaxCm=0.00
[rubber-banding][remote-render] time=226.303 frame=12610 entity=1 latestHostTick=8338 buffer=8 windowMs=1002.0 fps=42.9 snapshots=30 arrivalSamples=30 arrivalAvgMs=32.8 arrivalP95Ms=51.7 arrivalMaxMs=53.9 sameArrival=2 tickGapMax=2 renderFrames=43 interpolation=43 extrapolation=0 extrapolationCapped=0 extrapolationMaxMs=0.0 oldestHeld=0 zeroSpan=2 movingFrozen=0 teleport=0 visualStepAvgCm=0.00 visualStepMaxCm=0.00
[rubber-banding][remote-render] time=226.303 frame=12610 entity=2 latestHostTick=8338 buffer=8 windowMs=1002.0 fps=42.9 snapshots=30 arrivalSamples=30 arrivalAvgMs=32.8 arrivalP95Ms=51.7 arrivalMaxMs=53.9 sameArrival=2 tickGapMax=2 renderFrames=43 interpolation=43 extrapolation=0 extrapolationCapped=0 extrapolationMaxMs=0.0 oldestHeld=0 zeroSpan=2 movingFrozen=0 teleport=0 visualStepAvgCm=12.57 visualStepMaxCm=22.35
[rubber-banding][jump-step] time=226.303 frame=12610 focused=0 entity=2 buffer=8 count=15 maxVerticalCm=18.19 horizontalCm=12.84 verticalCm=18.19 frameDeltaMs=32.1 renderTickDelta=1.925 fromTick=8294 toTick=8296 tickSpan=2 receivedSpanMs=42.0 t=0.134 renderOffsetMs=-28.9 sourceHorizontalCm=13.33 sourceVerticalCm=16.98 fromGrounded=0 toGrounded=0 velocity=(1.624, 4.928, -3.656) expectedTravelCm=20.37 teleport=0 previous=(-0.451, 0.255, -9.660) rendered=(-0.399, 0.437, -9.778)
[rubber-banding][remote-render] time=226.303 frame=12610 entity=4 latestHostTick=8338 buffer=8 windowMs=1002.0 fps=42.9 snapshots=30 arrivalSamples=30 arrivalAvgMs=32.8 arrivalP95Ms=51.7 arrivalMaxMs=53.9 sameArrival=2 tickGapMax=2 renderFrames=43 interpolation=43 extrapolation=0 extrapolationCapped=0 extrapolationMaxMs=0.0 oldestHeld=0 zeroSpan=2 movingFrozen=0 teleport=0 visualStepAvgCm=0.00 visualStepMaxCm=0.00
[rubber-banding][remote-render] time=227.317 frame=12651 entity=1 latestHostTick=8398 buffer=8 windowMs=1013.6 fps=40.4 snapshots=30 arrivalSamples=30 arrivalAvgMs=34.4 arrivalP95Ms=60.5 arrivalMaxMs=61.9 sameArrival=1 tickGapMax=2 renderFrames=41 interpolation=41 extrapolation=0 extrapolationCapped=0 extrapolationMaxMs=0.0 oldestHeld=0 zeroSpan=3 movingFrozen=0 teleport=0 visualStepAvgCm=0.00 visualStepMaxCm=0.00
[rubber-banding][remote-render] time=227.317 frame=12651 entity=2 latestHostTick=8398 buffer=8 windowMs=1013.6 fps=40.4 snapshots=30 arrivalSamples=30 arrivalAvgMs=34.4 arrivalP95Ms=60.5 arrivalMaxMs=61.9 sameArrival=1 tickGapMax=2 renderFrames=41 interpolation=41 extrapolation=0 extrapolationCapped=0 extrapolationMaxMs=0.0 oldestHeld=0 zeroSpan=3 movingFrozen=0 teleport=0 visualStepAvgCm=11.04 visualStepMaxCm=24.29
[rubber-banding][jump-step] time=227.317 frame=12651 focused=0 entity=2 buffer=8 count=4 maxVerticalCm=20.48 horizontalCm=13.08 verticalCm=20.48 frameDeltaMs=32.7 renderTickDelta=1.963 fromTick=8376 toTick=8378 tickSpan=2 receivedSpanMs=43.4 t=0.249 renderOffsetMs=-25.0 sourceHorizontalCm=13.32 sourceVerticalCm=19.21 fromGrounded=0 toGrounded=0 velocity=(0.850, 5.595, -3.906) expectedTravelCm=22.49 teleport=0 previous=(1.459, 0.065, -14.785) rendered=(1.487, 0.270, -14.913)
[rubber-banding][remote-render] time=227.317 frame=12651 entity=4 latestHostTick=8398 buffer=8 windowMs=1013.6 fps=40.4 snapshots=30 arrivalSamples=30 arrivalAvgMs=34.4 arrivalP95Ms=60.5 arrivalMaxMs=61.9 sameArrival=1 tickGapMax=2 renderFrames=41 interpolation=41 extrapolation=0 extrapolationCapped=0 extrapolationMaxMs=0.0 oldestHeld=0 zeroSpan=3 movingFrozen=0 teleport=0 visualStepAvgCm=0.00 visualStepMaxCm=0.00
[rubber-banding][remote-render] time=228.343 frame=12696 entity=1 latestHostTick=8460 buffer=8 windowMs=1026.0 fps=43.9 snapshots=31 arrivalSamples=31 arrivalAvgMs=33.1 arrivalP95Ms=52.7 arrivalMaxMs=63.8 sameArrival=3 tickGapMax=2 renderFrames=45 interpolation=45 extrapolation=0 extrapolationCapped=0 extrapolationMaxMs=0.0 oldestHeld=0 zeroSpan=3 movingFrozen=0 teleport=0 visualStepAvgCm=0.00 visualStepMaxCm=0.00
[rubber-banding][remote-render] time=228.343 frame=12696 entity=2 latestHostTick=8460 buffer=8 windowMs=1026.0 fps=43.9 snapshots=31 arrivalSamples=31 arrivalAvgMs=33.1 arrivalP95Ms=52.7 arrivalMaxMs=63.8 sameArrival=3 tickGapMax=2 renderFrames=45 interpolation=45 extrapolation=0 extrapolationCapped=0 extrapolationMaxMs=0.0 oldestHeld=0 zeroSpan=3 movingFrozen=0 teleport=0 visualStepAvgCm=11.70 visualStepMaxCm=19.48
[rubber-banding][jump-step] time=228.343 frame=12696 focused=0 entity=2 buffer=8 count=11 maxVerticalCm=15.85 horizontalCm=11.33 verticalCm=15.85 frameDeltaMs=29.3 renderTickDelta=1.700 fromTick=8422 toTick=8424 tickSpan=2 receivedSpanMs=25.3 t=0.640 renderOffsetMs=-12.0 sourceHorizontalCm=13.32 sourceVerticalCm=18.09 fromGrounded=0 toGrounded=0 velocity=(0.850, 5.262, -3.906) expectedTravelCm=19.37 teleport=0 previous=(2.126, 0.278, -17.847) rendered=(2.150, 0.437, -17.958)
[rubber-banding][remote-render] time=228.343 frame=12696 entity=4 latestHostTick=8460 buffer=8 windowMs=1026.0 fps=43.9 snapshots=31 arrivalSamples=31 arrivalAvgMs=33.1 arrivalP95Ms=52.7 arrivalMaxMs=63.8 sameArrival=3 tickGapMax=2 renderFrames=45 interpolation=45 extrapolation=0 extrapolationCapped=0 extrapolationMaxMs=0.0 oldestHeld=0 zeroSpan=3 movingFrozen=0 teleport=0 visualStepAvgCm=0.00 visualStepMaxCm=0.00
[rubber-banding][remote-render] time=229.355 frame=12739 entity=1 latestHostTick=8522 buffer=8 windowMs=1011.8 fps=42.5 snapshots=31 arrivalSamples=31 arrivalAvgMs=32.6 arrivalP95Ms=67.7 arrivalMaxMs=69.9 sameArrival=3 tickGapMax=2 renderFrames=43 interpolation=43 extrapolation=0 extrapolationCapped=0 extrapolationMaxMs=0.0 oldestHeld=0 zeroSpan=5 movingFrozen=0 teleport=0 visualStepAvgCm=0.00 visualStepMaxCm=0.00
[rubber-banding][remote-render] time=229.355 frame=12739 entity=2 latestHostTick=8522 buffer=8 windowMs=1011.8 fps=42.5 snapshots=31 arrivalSamples=31 arrivalAvgMs=32.6 arrivalP95Ms=67.7 arrivalMaxMs=69.9 sameArrival=3 tickGapMax=2 renderFrames=43 interpolation=43 extrapolation=0 extrapolationCapped=0 extrapolationMaxMs=0.0 oldestHeld=0 zeroSpan=5 movingFrozen=0 teleport=0 visualStepAvgCm=6.83 visualStepMaxCm=20.91
[rubber-banding][jump-step] time=229.355 frame=12739 focused=0 entity=2 buffer=8 count=11 maxVerticalCm=20.91 horizontalCm=0.00 verticalCm=20.91 frameDeltaMs=50.9 renderTickDelta=3.053 fromTick=8500 toTick=8502 tickSpan=2 receivedSpanMs=48.1 t=0.498 renderOffsetMs=-16.7 sourceHorizontalCm=0.00 sourceVerticalCm=15.24 fromGrounded=0 toGrounded=0 velocity=(0.000, -4.738, 0.000) expectedTravelCm=24.11 teleport=0 previous=(2.706, 0.835, -20.511) rendered=(2.706, 0.626, -20.511)
[rubber-banding][remote-render] time=229.355 frame=12739 entity=4 latestHostTick=8522 buffer=8 windowMs=1011.8 fps=42.5 snapshots=31 arrivalSamples=31 arrivalAvgMs=32.6 arrivalP95Ms=67.7 arrivalMaxMs=69.9 sameArrival=3 tickGapMax=2 renderFrames=43 interpolation=43 extrapolation=0 extrapolationCapped=0 extrapolationMaxMs=0.0 oldestHeld=0 zeroSpan=5 movingFrozen=0 teleport=0 visualStepAvgCm=0.00 visualStepMaxCm=0.00
[rubber-banding][remote-render] time=230.360 frame=12778 entity=1 latestHostTick=8580 buffer=8 windowMs=1004.8 fps=38.8 snapshots=29 arrivalSamples=29 arrivalAvgMs=34.6 arrivalP95Ms=61.3 arrivalMaxMs=61.5 sameArrival=1 tickGapMax=2 renderFrames=39 interpolation=39 extrapolation=0 extrapolationCapped=0 extrapolationMaxMs=0.0 oldestHeld=0 zeroSpan=1 movingFrozen=0 teleport=0 visualStepAvgCm=0.00 visualStepMaxCm=0.00
[rubber-banding][remote-render] time=230.360 frame=12778 entity=2 latestHostTick=8580 buffer=8 windowMs=1004.8 fps=38.8 snapshots=29 arrivalSamples=29 arrivalAvgMs=34.6 arrivalP95Ms=61.3 arrivalMaxMs=61.5 sameArrival=1 tickGapMax=2 renderFrames=39 interpolation=39 extrapolation=0 extrapolationCapped=0 extrapolationMaxMs=0.0 oldestHeld=0 zeroSpan=1 movingFrozen=0 teleport=0 visualStepAvgCm=8.11 visualStepMaxCm=20.34
[rubber-banding][jump-step] time=230.360 frame=12778 focused=0 entity=2 buffer=8 count=15 maxVerticalCm=20.34 horizontalCm=0.00 verticalCm=20.34 frameDeltaMs=35.9 renderTickDelta=2.152 fromTick=8522 toTick=8524 tickSpan=2 receivedSpanMs=50.2 t=0.146 renderOffsetMs=-28.5 sourceHorizontalCm=0.00 sourceVerticalCm=16.98 fromGrounded=0 toGrounded=0 velocity=(0.000, 4.928, 0.000) expectedTravelCm=17.68 teleport=0 previous=(2.706, 0.236, -20.511) rendered=(2.706, 0.439, -20.511)
[rubber-banding][remote-render] time=230.360 frame=12778 entity=4 latestHostTick=8580 buffer=8 windowMs=1004.8 fps=38.8 snapshots=29 arrivalSamples=29 arrivalAvgMs=34.6 arrivalP95Ms=61.3 arrivalMaxMs=61.5 sameArrival=1 tickGapMax=2 renderFrames=39 interpolation=39 extrapolation=0 extrapolationCapped=0 extrapolationMaxMs=0.0 oldestHeld=0 zeroSpan=1 movingFrozen=0 teleport=0 visualStepAvgCm=0.00 visualStepMaxCm=0.00
[rubber-banding][remote-render] time=231.397 frame=12820 entity=1 latestHostTick=8644 buffer=8 windowMs=1037.1 fps=40.5 snapshots=32 arrivalSamples=32 arrivalAvgMs=32.4 arrivalP95Ms=60.7 arrivalMaxMs=62.7 sameArrival=2 tickGapMax=2 renderFrames=42 interpolation=42 extrapolation=0 extrapolationCapped=0 extrapolationMaxMs=0.0 oldestHeld=0 zeroSpan=2 movingFrozen=0 teleport=0 visualStepAvgCm=0.00 visualStepMaxCm=0.00
[rubber-banding][remote-render] time=231.397 frame=12820 entity=2 latestHostTick=8644 buffer=8 windowMs=1037.1 fps=40.5 snapshots=32 arrivalSamples=32 arrivalAvgMs=32.4 arrivalP95Ms=60.7 arrivalMaxMs=62.7 sameArrival=2 tickGapMax=2 renderFrames=42 interpolation=42 extrapolation=0 extrapolationCapped=0 extrapolationMaxMs=0.0 oldestHeld=0 zeroSpan=2 movingFrozen=0 teleport=0 visualStepAvgCm=6.24 visualStepMaxCm=19.62
[rubber-banding][jump-step] time=231.397 frame=12820 focused=0 entity=2 buffer=8 count=8 maxVerticalCm=19.62 horizontalCm=0.00 verticalCm=19.62 frameDeltaMs=33.9 renderTickDelta=2.034 fromTick=8604 toTick=8606 tickSpan=2 receivedSpanMs=54.5 t=0.327 renderOffsetMs=-22.4 sourceHorizontalCm=0.00 sourceVerticalCm=20.79 fromGrounded=0 toGrounded=0 velocity=(0.000, -6.405, 0.000) expectedTravelCm=21.72 teleport=0 previous=(2.706, 0.407, -20.511) rendered=(2.706, 0.211, -20.511)
[rubber-banding][remote-render] time=231.397 frame=12820 entity=4 latestHostTick=8644 buffer=8 windowMs=1037.1 fps=40.5 snapshots=32 arrivalSamples=32 arrivalAvgMs=32.4 arrivalP95Ms=60.7 arrivalMaxMs=62.7 sameArrival=2 tickGapMax=2 renderFrames=42 interpolation=42 extrapolation=0 extrapolationCapped=0 extrapolationMaxMs=0.0 oldestHeld=0 zeroSpan=2 movingFrozen=0 teleport=0 visualStepAvgCm=0.00 visualStepMaxCm=0.00
[rubber-banding][remote-render] time=232.403 frame=12862 entity=1 latestHostTick=8704 buffer=8 windowMs=1006.2 fps=41.7 snapshots=30 arrivalSamples=30 arrivalAvgMs=33.0 arrivalP95Ms=68.9 arrivalMaxMs=75.8 sameArrival=3 tickGapMax=2 renderFrames=42 interpolation=42 extrapolation=0 extrapolationCapped=0 extrapolationMaxMs=0.0 oldestHeld=0 zeroSpan=4 movingFrozen=0 teleport=0 visualStepAvgCm=0.00 visualStepMaxCm=0.00
[rubber-banding][remote-render] time=232.403 frame=12862 entity=2 latestHostTick=8704 buffer=8 windowMs=1006.2 fps=41.7 snapshots=30 arrivalSamples=30 arrivalAvgMs=33.0 arrivalP95Ms=68.9 arrivalMaxMs=75.8 sameArrival=3 tickGapMax=2 renderFrames=42 interpolation=42 extrapolation=0 extrapolationCapped=0 extrapolationMaxMs=0.0 oldestHeld=0 zeroSpan=4 movingFrozen=0 teleport=0 visualStepAvgCm=2.51 visualStepMaxCm=19.38
[rubber-banding][jump-step] time=232.403 frame=12862 focused=0 entity=2 buffer=8 count=5 maxVerticalCm=19.38 horizontalCm=0.00 verticalCm=19.38 frameDeltaMs=33.9 renderTickDelta=2.034 fromTick=8650 toTick=8652 tickSpan=2 receivedSpanMs=51.2 t=0.727 renderOffsetMs=-9.1 sourceHorizontalCm=0.00 sourceVerticalCm=19.68 fromGrounded=0 toGrounded=0 velocity=(0.000, -6.072, 0.000) expectedTravelCm=20.59 teleport=0 previous=(2.706, 0.426, -20.511) rendered=(2.706, 0.232, -20.511)
[rubber-banding][remote-render] time=232.403 frame=12862 entity=4 latestHostTick=8704 buffer=8 windowMs=1006.2 fps=41.7 snapshots=30 arrivalSamples=30 arrivalAvgMs=33.0 arrivalP95Ms=68.9 arrivalMaxMs=75.8 sameArrival=3 tickGapMax=2 renderFrames=42 interpolation=42 extrapolation=0 extrapolationCapped=0 extrapolationMaxMs=0.0 oldestHeld=0 zeroSpan=4 movingFrozen=0 teleport=0 visualStepAvgCm=0.00 visualStepMaxCm=0.00
[rubber-banding][remote-render] time=233.435 frame=12906 entity=1 latestHostTick=8766 buffer=8 windowMs=1032.4 fps=42.6 snapshots=31 arrivalSamples=31 arrivalAvgMs=33.8 arrivalP95Ms=51.6 arrivalMaxMs=59.3 sameArrival=1 tickGapMax=2 renderFrames=44 interpolation=44 extrapolation=0 extrapolationCapped=0 extrapolationMaxMs=0.0 oldestHeld=0 zeroSpan=2 movingFrozen=0 teleport=0 visualStepAvgCm=0.00 visualStepMaxCm=0.00
[rubber-banding][remote-render] time=233.435 frame=12906 entity=2 latestHostTick=8766 buffer=8 windowMs=1032.4 fps=42.6 snapshots=31 arrivalSamples=31 arrivalAvgMs=33.8 arrivalP95Ms=51.6 arrivalMaxMs=59.3 sameArrival=1 tickGapMax=2 renderFrames=44 interpolation=44 extrapolation=0 extrapolationCapped=0 extrapolationMaxMs=0.0 oldestHeld=0 zeroSpan=2 movingFrozen=0 teleport=0 visualStepAvgCm=7.30 visualStepMaxCm=17.08
[rubber-banding][jump-step] time=233.435 frame=12906 focused=0 entity=2 buffer=8 count=18 maxVerticalCm=17.08 horizontalCm=0.00 verticalCm=17.08 frameDeltaMs=33.2 renderTickDelta=1.993 fromTick=8704 toTick=8706 tickSpan=2 receivedSpanMs=34.8 t=0.657 renderOffsetMs=-11.4 sourceHorizontalCm=0.00 sourceVerticalCm=20.32 fromGrounded=0 toGrounded=0 velocity=(0.000, 5.928, 0.000) expectedTravelCm=19.69 teleport=0 previous=(2.706, 0.081, -20.511) rendered=(2.706, 0.251, -20.511)
[rubber-banding][remote-render] time=233.435 frame=12906 entity=4 latestHostTick=8766 buffer=8 windowMs=1032.4 fps=42.6 snapshots=31 arrivalSamples=31 arrivalAvgMs=33.8 arrivalP95Ms=51.6 arrivalMaxMs=59.3 sameArrival=1 tickGapMax=2 renderFrames=44 interpolation=44 extrapolation=0 extrapolationCapped=0 extrapolationMaxMs=0.0 oldestHeld=0 zeroSpan=2 movingFrozen=0 teleport=0 visualStepAvgCm=0.00 visualStepMaxCm=0.00
[rubber-banding][remote-render] time=234.437 frame=12947 entity=1 latestHostTick=8826 buffer=8 windowMs=1002.2 fps=40.9 snapshots=30 arrivalSamples=30 arrivalAvgMs=33.4 arrivalP95Ms=59.0 arrivalMaxMs=71.5 sameArrival=4 tickGapMax=2 renderFrames=41 interpolation=41 extrapolation=0 extrapolationCapped=0 extrapolationMaxMs=0.0 oldestHeld=0 zeroSpan=7 movingFrozen=0 teleport=0 visualStepAvgCm=0.00 visualStepMaxCm=0.00
[rubber-banding][remote-render] time=234.437 frame=12947 entity=2 latestHostTick=8826 buffer=8 windowMs=1002.2 fps=40.9 snapshots=30 arrivalSamples=30 arrivalAvgMs=33.4 arrivalP95Ms=59.0 arrivalMaxMs=71.5 sameArrival=4 tickGapMax=2 renderFrames=41 interpolation=41 extrapolation=0 extrapolationCapped=0 extrapolationMaxMs=0.0 oldestHeld=0 zeroSpan=7 movingFrozen=0 teleport=0 visualStepAvgCm=3.29 visualStepMaxCm=14.33
[rubber-banding][jump-step] time=234.437 frame=12947 focused=0 entity=2 buffer=8 count=5 maxVerticalCm=14.33 horizontalCm=0.00 verticalCm=14.33 frameDeltaMs=26.7 renderTickDelta=1.604 fromTick=8786 toTick=8788 tickSpan=2 receivedSpanMs=27.4 t=0.547 renderOffsetMs=-15.1 sourceHorizontalCm=0.00 sourceVerticalCm=18.57 fromGrounded=0 toGrounded=0 velocity=(0.000, -5.738, 0.000) expectedTravelCm=15.34 teleport=0 previous=(2.706, 0.507, -20.511) rendered=(2.706, 0.363, -20.511)
[rubber-banding][remote-render] time=234.437 frame=12947 entity=4 latestHostTick=8826 buffer=8 windowMs=1002.2 fps=40.9 snapshots=30 arrivalSamples=30 arrivalAvgMs=33.4 arrivalP95Ms=59.0 arrivalMaxMs=71.5 sameArrival=4 tickGapMax=2 renderFrames=41 interpolation=41 extrapolation=0 extrapolationCapped=0 extrapolationMaxMs=0.0 oldestHeld=0 zeroSpan=7 movingFrozen=0 teleport=0 visualStepAvgCm=0.00 visualStepMaxCm=0.00
[rubber-banding][remote-render] time=235.447 frame=12995 entity=1 latestHostTick=8886 buffer=8 windowMs=1010.0 fps=47.5 snapshots=30 arrivalSamples=30 arrivalAvgMs=33.1 arrivalP95Ms=57.8 arrivalMaxMs=59.4 sameArrival=1 tickGapMax=2 renderFrames=48 interpolation=48 extrapolation=0 extrapolationCapped=0 extrapolationMaxMs=0.0 oldestHeld=0 zeroSpan=1 movingFrozen=0 teleport=0 visualStepAvgCm=0.00 visualStepMaxCm=0.00
[rubber-banding][remote-render] time=235.447 frame=12995 entity=2 latestHostTick=8886 buffer=8 windowMs=1010.0 fps=47.5 snapshots=30 arrivalSamples=30 arrivalAvgMs=33.1 arrivalP95Ms=57.8 arrivalMaxMs=59.4 sameArrival=1 tickGapMax=2 renderFrames=48 interpolation=48 extrapolation=0 extrapolationCapped=0 extrapolationMaxMs=0.0 oldestHeld=0 zeroSpan=1 movingFrozen=0 teleport=0 visualStepAvgCm=0.00 visualStepMaxCm=0.00
[rubber-banding][remote-render] time=235.447 frame=12995 entity=4 latestHostTick=8886 buffer=8 windowMs=1010.0 fps=47.5 snapshots=30 arrivalSamples=30 arrivalAvgMs=33.1 arrivalP95Ms=57.8 arrivalMaxMs=59.4 sameArrival=1 tickGapMax=2 renderFrames=48 interpolation=48 extrapolation=0 extrapolationCapped=0 extrapolationMaxMs=0.0 oldestHeld=0 zeroSpan=1 movingFrozen=0 teleport=0 visualStepAvgCm=0.00 visualStepMaxCm=0.00
[rubber-banding][remote-render] time=236.450 frame=13046 entity=1 latestHostTick=8946 buffer=8 windowMs=1002.3 fps=50.9 snapshots=30 arrivalSamples=30 arrivalAvgMs=33.4 arrivalP95Ms=46.6 arrivalMaxMs=50.4 sameArrival=1 tickGapMax=2 renderFrames=51 interpolation=51 extrapolation=0 extrapolationCapped=0 extrapolationMaxMs=0.0 oldestHeld=0 zeroSpan=2 movingFrozen=0 teleport=0 visualStepAvgCm=0.00 visualStepMaxCm=0.00
[rubber-banding][remote-render] time=236.450 frame=13046 entity=2 latestHostTick=8946 buffer=8 windowMs=1002.3 fps=50.9 snapshots=30 arrivalSamples=30 arrivalAvgMs=33.4 arrivalP95Ms=46.6 arrivalMaxMs=50.4 sameArrival=1 tickGapMax=2 renderFrames=51 interpolation=51 extrapolation=0 extrapolationCapped=0 extrapolationMaxMs=0.0 oldestHeld=0 zeroSpan=2 movingFrozen=0 teleport=0 visualStepAvgCm=0.00 visualStepMaxCm=0.00
[rubber-banding][remote-render] time=236.450 frame=13046 entity=4 latestHostTick=8946 buffer=8 windowMs=1002.3 fps=50.9 snapshots=30 arrivalSamples=30 arrivalAvgMs=33.4 arrivalP95Ms=46.6 arrivalMaxMs=50.4 sameArrival=1 tickGapMax=2 renderFrames=51 interpolation=51 extrapolation=0 extrapolationCapped=0 extrapolationMaxMs=0.0 oldestHeld=0 zeroSpan=2 movingFrozen=0 teleport=0 visualStepAvgCm=0.00 visualStepMaxCm=0.00
[rubber-banding][remote-render] time=237.456 frame=13097 entity=1 latestHostTick=9008 buffer=8 windowMs=1006.4 fps=50.7 snapshots=31 arrivalSamples=31 arrivalAvgMs=33.0 arrivalP95Ms=59.1 arrivalMaxMs=59.7 sameArrival=0 tickGapMax=2 renderFrames=51 interpolation=51 extrapolation=0 extrapolationCapped=0 extrapolationMaxMs=0.0 oldestHeld=0 zeroSpan=0 movingFrozen=0 teleport=0 visualStepAvgCm=0.00 visualStepMaxCm=0.00
[rubber-banding][remote-render] time=237.456 frame=13097 entity=2 latestHostTick=9008 buffer=8 windowMs=1006.4 fps=50.7 snapshots=31 arrivalSamples=31 arrivalAvgMs=33.0 arrivalP95Ms=59.1 arrivalMaxMs=59.7 sameArrival=0 tickGapMax=2 renderFrames=51 interpolation=51 extrapolation=0 extrapolationCapped=0 extrapolationMaxMs=0.0 oldestHeld=0 zeroSpan=0 movingFrozen=0 teleport=0 visualStepAvgCm=0.00 visualStepMaxCm=0.00
[rubber-banding][remote-render] time=237.456 frame=13097 entity=4 latestHostTick=9008 buffer=8 windowMs=1006.4 fps=50.7 snapshots=31 arrivalSamples=31 arrivalAvgMs=33.0 arrivalP95Ms=59.1 arrivalMaxMs=59.7 sameArrival=0 tickGapMax=2 renderFrames=51 interpolation=51 extrapolation=0 extrapolationCapped=0 extrapolationMaxMs=0.0 oldestHeld=0 zeroSpan=0 movingFrozen=0 teleport=0 visualStepAvgCm=0.00 visualStepMaxCm=0.00
[rubber-banding][remote-render] time=238.467 frame=13149 entity=1 latestHostTick=9068 buffer=8 windowMs=1011.1 fps=51.4 snapshots=30 arrivalSamples=30 arrivalAvgMs=33.7 arrivalP95Ms=57.6 arrivalMaxMs=58.2 sameArrival=2 tickGapMax=2 renderFrames=52 interpolation=52 extrapolation=0 extrapolationCapped=0 extrapolationMaxMs=0.0 oldestHeld=0 zeroSpan=3 movingFrozen=0 teleport=0 visualStepAvgCm=0.00 visualStepMaxCm=0.00
[rubber-banding][remote-render] time=238.467 frame=13149 entity=2 latestHostTick=9068 buffer=8 windowMs=1011.1 fps=51.4 snapshots=30 arrivalSamples=30 arrivalAvgMs=33.7 arrivalP95Ms=57.6 arrivalMaxMs=58.2 sameArrival=2 tickGapMax=2 renderFrames=52 interpolation=52 extrapolation=0 extrapolationCapped=0 extrapolationMaxMs=0.0 oldestHeld=0 zeroSpan=3 movingFrozen=0 teleport=0 visualStepAvgCm=0.00 visualStepMaxCm=0.00
[rubber-banding][remote-render] time=238.467 frame=13149 entity=4 latestHostTick=9068 buffer=8 windowMs=1011.1 fps=51.4 snapshots=30 arrivalSamples=30 arrivalAvgMs=33.7 arrivalP95Ms=57.6 arrivalMaxMs=58.2 sameArrival=2 tickGapMax=2 renderFrames=52 interpolation=52 extrapolation=0 extrapolationCapped=0 extrapolationMaxMs=0.0 oldestHeld=0 zeroSpan=3 movingFrozen=0 teleport=0 visualStepAvgCm=0.00 visualStepMaxCm=0.00
[rubber-banding][remote-render] time=239.477 frame=13200 entity=1 latestHostTick=9128 buffer=8 windowMs=1009.4 fps=50.5 snapshots=30 arrivalSamples=30 arrivalAvgMs=33.2 arrivalP95Ms=58.9 arrivalMaxMs=60.7 sameArrival=0 tickGapMax=2 renderFrames=51 interpolation=51 extrapolation=0 extrapolationCapped=0 extrapolationMaxMs=0.0 oldestHeld=0 zeroSpan=0 movingFrozen=0 teleport=0 visualStepAvgCm=0.00 visualStepMaxCm=0.00
[rubber-banding][remote-render] time=239.477 frame=13200 entity=2 latestHostTick=9128 buffer=8 windowMs=1009.4 fps=50.5 snapshots=30 arrivalSamples=30 arrivalAvgMs=33.2 arrivalP95Ms=58.9 arrivalMaxMs=60.7 sameArrival=0 tickGapMax=2 renderFrames=51 interpolation=51 extrapolation=0 extrapolationCapped=0 extrapolationMaxMs=0.0 oldestHeld=0 zeroSpan=0 movingFrozen=0 teleport=0 visualStepAvgCm=0.00 visualStepMaxCm=0.00
[rubber-banding][remote-render] time=239.477 frame=13200 entity=4 latestHostTick=9128 buffer=8 windowMs=1009.4 fps=50.5 snapshots=30 arrivalSamples=30 arrivalAvgMs=33.2 arrivalP95Ms=58.9 arrivalMaxMs=60.7 sameArrival=0 tickGapMax=2 renderFrames=51 interpolation=51 extrapolation=0 extrapolationCapped=0 extrapolationMaxMs=0.0 oldestHeld=0 zeroSpan=0 movingFrozen=0 teleport=0 visualStepAvgCm=0.00 visualStepMaxCm=0.00
[rubber-banding][remote-render] time=240.484 frame=13251 entity=1 latestHostTick=9190 buffer=8 windowMs=1007.4 fps=50.6 snapshots=31 arrivalSamples=31 arrivalAvgMs=33.0 arrivalP95Ms=58.3 arrivalMaxMs=60.3 sameArrival=1 tickGapMax=2 renderFrames=51 interpolation=51 extrapolation=0 extrapolationCapped=0 extrapolationMaxMs=0.0 oldestHeld=0 zeroSpan=2 movingFrozen=0 teleport=0 visualStepAvgCm=0.00 visualStepMaxCm=0.00
[rubber-banding][remote-render] time=240.484 frame=13251 entity=2 latestHostTick=9190 buffer=8 windowMs=1007.4 fps=50.6 snapshots=31 arrivalSamples=31 arrivalAvgMs=33.0 arrivalP95Ms=58.3 arrivalMaxMs=60.3 sameArrival=1 tickGapMax=2 renderFrames=51 interpolation=51 extrapolation=0 extrapolationCapped=0 extrapolationMaxMs=0.0 oldestHeld=0 zeroSpan=2 movingFrozen=0 teleport=0 visualStepAvgCm=0.00 visualStepMaxCm=0.00
[rubber-banding][remote-render] time=240.484 frame=13251 entity=4 latestHostTick=9190 buffer=8 windowMs=1007.4 fps=50.6 snapshots=31 arrivalSamples=31 arrivalAvgMs=33.0 arrivalP95Ms=58.3 arrivalMaxMs=60.3 sameArrival=1 tickGapMax=2 renderFrames=51 interpolation=51 extrapolation=0 extrapolationCapped=0 extrapolationMaxMs=0.0 oldestHeld=0 zeroSpan=2 movingFrozen=0 teleport=0 visualStepAvgCm=0.00 visualStepMaxCm=0.00
[rubber-banding][remote-render] time=241.492 frame=13302 entity=1 latestHostTick=9250 buffer=8 windowMs=1008.4 fps=50.6 snapshots=30 arrivalSamples=30 arrivalAvgMs=33.6 arrivalP95Ms=50.0 arrivalMaxMs=50.0 sameArrival=0 tickGapMax=2 renderFrames=51 interpolation=51 extrapolation=0 extrapolationCapped=0 extrapolationMaxMs=0.0 oldestHeld=0 zeroSpan=0 movingFrozen=0 teleport=0 visualStepAvgCm=0.00 visualStepMaxCm=0.00
[rubber-banding][remote-render] time=241.492 frame=13302 entity=2 latestHostTick=9250 buffer=8 windowMs=1008.4 fps=50.6 snapshots=30 arrivalSamples=30 arrivalAvgMs=33.6 arrivalP95Ms=50.0 arrivalMaxMs=50.0 sameArrival=0 tickGapMax=2 renderFrames=51 interpolation=51 extrapolation=0 extrapolationCapped=0 extrapolationMaxMs=0.0 oldestHeld=0 zeroSpan=0 movingFrozen=0 teleport=0 visualStepAvgCm=0.00 visualStepMaxCm=0.00
[rubber-banding][remote-render] time=241.492 frame=13302 entity=4 latestHostTick=9250 buffer=8 windowMs=1008.4 fps=50.6 snapshots=30 arrivalSamples=30 arrivalAvgMs=33.6 arrivalP95Ms=50.0 arrivalMaxMs=50.0 sameArrival=0 tickGapMax=2 renderFrames=51 interpolation=51 extrapolation=0 extrapolationCapped=0 extrapolationMaxMs=0.0 oldestHeld=0 zeroSpan=0 movingFrozen=0 teleport=0 visualStepAvgCm=0.00 visualStepMaxCm=0.00
[rubber-banding][remote-render] time=242.510 frame=13355 entity=1 latestHostTick=9310 buffer=8 windowMs=1017.2 fps=52.1 snapshots=30 arrivalSamples=30 arrivalAvgMs=33.9 arrivalP95Ms=58.9 arrivalMaxMs=58.9 sameArrival=1 tickGapMax=2 renderFrames=53 interpolation=53 extrapolation=0 extrapolationCapped=0 extrapolationMaxMs=0.0 oldestHeld=0 zeroSpan=1 movingFrozen=0 teleport=0 visualStepAvgCm=0.00 visualStepMaxCm=0.00
[rubber-banding][remote-render] time=242.510 frame=13355 entity=2 latestHostTick=9310 buffer=8 windowMs=1017.2 fps=52.1 snapshots=30 arrivalSamples=30 arrivalAvgMs=33.9 arrivalP95Ms=58.9 arrivalMaxMs=58.9 sameArrival=1 tickGapMax=2 renderFrames=53 interpolation=53 extrapolation=0 extrapolationCapped=0 extrapolationMaxMs=0.0 oldestHeld=0 zeroSpan=1 movingFrozen=0 teleport=0 visualStepAvgCm=0.00 visualStepMaxCm=0.00
[rubber-banding][remote-render] time=242.510 frame=13355 entity=4 latestHostTick=9310 buffer=8 windowMs=1017.2 fps=52.1 snapshots=30 arrivalSamples=30 arrivalAvgMs=33.9 arrivalP95Ms=58.9 arrivalMaxMs=58.9 sameArrival=1 tickGapMax=2 renderFrames=53 interpolation=53 extrapolation=0 extrapolationCapped=0 extrapolationMaxMs=0.0 oldestHeld=0 zeroSpan=1 movingFrozen=0 teleport=0 visualStepAvgCm=0.00 visualStepMaxCm=0.00
[rubber-banding][remote-render] time=243.517 frame=13407 entity=1 latestHostTick=9370 buffer=8 windowMs=1007.7 fps=51.6 snapshots=30 arrivalSamples=30 arrivalAvgMs=33.0 arrivalP95Ms=43.4 arrivalMaxMs=51.4 sameArrival=0 tickGapMax=2 renderFrames=52 interpolation=52 extrapolation=0 extrapolationCapped=0 extrapolationMaxMs=0.0 oldestHeld=0 zeroSpan=0 movingFrozen=0 teleport=0 visualStepAvgCm=0.00 visualStepMaxCm=0.00
[rubber-banding][remote-render] time=243.517 frame=13407 entity=2 latestHostTick=9370 buffer=8 windowMs=1007.7 fps=51.6 snapshots=30 arrivalSamples=30 arrivalAvgMs=33.0 arrivalP95Ms=43.4 arrivalMaxMs=51.4 sameArrival=0 tickGapMax=2 renderFrames=52 interpolation=52 extrapolation=0 extrapolationCapped=0 extrapolationMaxMs=0.0 oldestHeld=0 zeroSpan=0 movingFrozen=0 teleport=0 visualStepAvgCm=0.00 visualStepMaxCm=0.00
[rubber-banding][remote-render] time=243.517 frame=13407 entity=4 latestHostTick=9370 buffer=8 windowMs=1007.7 fps=51.6 snapshots=30 arrivalSamples=30 arrivalAvgMs=33.0 arrivalP95Ms=43.4 arrivalMaxMs=51.4 sameArrival=0 tickGapMax=2 renderFrames=52 interpolation=52 extrapolation=0 extrapolationCapped=0 extrapolationMaxMs=0.0 oldestHeld=0 zeroSpan=0 movingFrozen=0 teleport=0 visualStepAvgCm=0.00 visualStepMaxCm=0.00
[rubber-banding][remote-render] time=244.518 frame=13457 entity=1 latestHostTick=9430 buffer=8 windowMs=1000.7 fps=50.0 snapshots=30 arrivalSamples=30 arrivalAvgMs=33.4 arrivalP95Ms=50.7 arrivalMaxMs=58.3 sameArrival=0 tickGapMax=2 renderFrames=50 interpolation=50 extrapolation=0 extrapolationCapped=0 extrapolationMaxMs=0.0 oldestHeld=0 zeroSpan=0 movingFrozen=0 teleport=0 visualStepAvgCm=0.00 visualStepMaxCm=0.00
[rubber-banding][remote-render] time=244.518 frame=13457 entity=2 latestHostTick=9430 buffer=8 windowMs=1000.7 fps=50.0 snapshots=30 arrivalSamples=30 arrivalAvgMs=33.4 arrivalP95Ms=50.7 arrivalMaxMs=58.3 sameArrival=0 tickGapMax=2 renderFrames=50 interpolation=50 extrapolation=0 extrapolationCapped=0 extrapolationMaxMs=0.0 oldestHeld=0 zeroSpan=0 movingFrozen=0 teleport=0 visualStepAvgCm=0.00 visualStepMaxCm=0.00
[rubber-banding][remote-render] time=244.518 frame=13457 entity=4 latestHostTick=9430 buffer=8 windowMs=1000.7 fps=50.0 snapshots=30 arrivalSamples=30 arrivalAvgMs=33.4 arrivalP95Ms=50.7 arrivalMaxMs=58.3 sameArrival=0 tickGapMax=2 renderFrames=50 interpolation=50 extrapolation=0 extrapolationCapped=0 extrapolationMaxMs=0.0 oldestHeld=0 zeroSpan=0 movingFrozen=0 teleport=0 visualStepAvgCm=0.00 visualStepMaxCm=0.00
[rubber-banding][remote-render] time=245.526 frame=13509 entity=1 latestHostTick=9492 buffer=8 windowMs=1007.5 fps=51.6 snapshots=31 arrivalSamples=31 arrivalAvgMs=33.0 arrivalP95Ms=59.4 arrivalMaxMs=60.3 sameArrival=1 tickGapMax=2 renderFrames=52 interpolation=52 extrapolation=0 extrapolationCapped=0 extrapolationMaxMs=0.0 oldestHeld=0 zeroSpan=2 movingFrozen=0 teleport=0 visualStepAvgCm=0.00 visualStepMaxCm=0.00
[rubber-banding][remote-render] time=245.526 frame=13509 entity=2 latestHostTick=9492 buffer=8 windowMs=1007.5 fps=51.6 snapshots=31 arrivalSamples=31 arrivalAvgMs=33.0 arrivalP95Ms=59.4 arrivalMaxMs=60.3 sameArrival=1 tickGapMax=2 renderFrames=52 interpolation=52 extrapolation=0 extrapolationCapped=0 extrapolationMaxMs=0.0 oldestHeld=0 zeroSpan=2 movingFrozen=0 teleport=0 visualStepAvgCm=0.00 visualStepMaxCm=0.00
[rubber-banding][remote-render] time=245.526 frame=13509 entity=4 latestHostTick=9492 buffer=8 windowMs=1007.5 fps=51.6 snapshots=31 arrivalSamples=31 arrivalAvgMs=33.0 arrivalP95Ms=59.4 arrivalMaxMs=60.3 sameArrival=1 tickGapMax=2 renderFrames=52 interpolation=52 extrapolation=0 extrapolationCapped=0 extrapolationMaxMs=0.0 oldestHeld=0 zeroSpan=2 movingFrozen=0 teleport=0 visualStepAvgCm=0.00 visualStepMaxCm=0.00
[rubber-banding][remote-render] time=246.528 frame=13560 entity=1 latestHostTick=9552 buffer=8 windowMs=1002.5 fps=50.9 snapshots=30 arrivalSamples=30 arrivalAvgMs=33.4 arrivalP95Ms=58.5 arrivalMaxMs=66.8 sameArrival=0 tickGapMax=2 renderFrames=51 interpolation=51 extrapolation=0 extrapolationCapped=0 extrapolationMaxMs=0.0 oldestHeld=0 zeroSpan=0 movingFrozen=0 teleport=0 visualStepAvgCm=0.00 visualStepMaxCm=0.00
[rubber-banding][remote-render] time=246.528 frame=13560 entity=2 latestHostTick=9552 buffer=8 windowMs=1002.5 fps=50.9 snapshots=30 arrivalSamples=30 arrivalAvgMs=33.4 arrivalP95Ms=58.5 arrivalMaxMs=66.8 sameArrival=0 tickGapMax=2 renderFrames=51 interpolation=51 extrapolation=0 extrapolationCapped=0 extrapolationMaxMs=0.0 oldestHeld=0 zeroSpan=0 movingFrozen=0 teleport=0 visualStepAvgCm=0.00 visualStepMaxCm=0.00
[rubber-banding][remote-render] time=246.528 frame=13560 entity=4 latestHostTick=9552 buffer=8 windowMs=1002.5 fps=50.9 snapshots=30 arrivalSamples=30 arrivalAvgMs=33.4 arrivalP95Ms=58.5 arrivalMaxMs=66.8 sameArrival=0 tickGapMax=2 renderFrames=51 interpolation=51 extrapolation=0 extrapolationCapped=0 extrapolationMaxMs=0.0 oldestHeld=0 zeroSpan=0 movingFrozen=0 teleport=0 visualStepAvgCm=0.00 visualStepMaxCm=0.00
[rubber-banding][remote-render] time=247.544 frame=13612 entity=1 latestHostTick=9612 buffer=8 windowMs=1015.9 fps=51.2 snapshots=30 arrivalSamples=30 arrivalAvgMs=33.3 arrivalP95Ms=42.6 arrivalMaxMs=43.1 sameArrival=0 tickGapMax=2 renderFrames=52 interpolation=52 extrapolation=0 extrapolationCapped=0 extrapolationMaxMs=0.0 oldestHeld=0 zeroSpan=0 movingFrozen=0 teleport=0 visualStepAvgCm=0.00 visualStepMaxCm=0.00
[rubber-banding][remote-render] time=247.544 frame=13612 entity=2 latestHostTick=9612 buffer=8 windowMs=1015.9 fps=51.2 snapshots=30 arrivalSamples=30 arrivalAvgMs=33.3 arrivalP95Ms=42.6 arrivalMaxMs=43.1 sameArrival=0 tickGapMax=2 renderFrames=52 interpolation=52 extrapolation=0 extrapolationCapped=0 extrapolationMaxMs=0.0 oldestHeld=0 zeroSpan=0 movingFrozen=0 teleport=0 visualStepAvgCm=0.00 visualStepMaxCm=0.00
[rubber-banding][remote-render] time=247.544 frame=13612 entity=4 latestHostTick=9612 buffer=8 windowMs=1015.9 fps=51.2 snapshots=30 arrivalSamples=30 arrivalAvgMs=33.3 arrivalP95Ms=42.6 arrivalMaxMs=43.1 sameArrival=0 tickGapMax=2 renderFrames=52 interpolation=52 extrapolation=0 extrapolationCapped=0 extrapolationMaxMs=0.0 oldestHeld=0 zeroSpan=0 movingFrozen=0 teleport=0 visualStepAvgCm=0.00 visualStepMaxCm=0.00
[rubber-banding][remote-render] time=248.551 frame=13663 entity=1 latestHostTick=9674 buffer=8 windowMs=1006.7 fps=50.7 snapshots=31 arrivalSamples=31 arrivalAvgMs=33.0 arrivalP95Ms=44.2 arrivalMaxMs=58.0 sameArrival=0 tickGapMax=2 renderFrames=51 interpolation=51 extrapolation=0 extrapolationCapped=0 extrapolationMaxMs=0.0 oldestHeld=0 zeroSpan=0 movingFrozen=0 teleport=0 visualStepAvgCm=0.00 visualStepMaxCm=0.00
[rubber-banding][remote-render] time=248.551 frame=13663 entity=2 latestHostTick=9674 buffer=8 windowMs=1006.7 fps=50.7 snapshots=31 arrivalSamples=31 arrivalAvgMs=33.0 arrivalP95Ms=44.2 arrivalMaxMs=58.0 sameArrival=0 tickGapMax=2 renderFrames=51 interpolation=51 extrapolation=0 extrapolationCapped=0 extrapolationMaxMs=0.0 oldestHeld=0 zeroSpan=0 movingFrozen=0 teleport=0 visualStepAvgCm=0.00 visualStepMaxCm=0.00
[rubber-banding][remote-render] time=248.551 frame=13663 entity=4 latestHostTick=9674 buffer=8 windowMs=1006.7 fps=50.7 snapshots=31 arrivalSamples=31 arrivalAvgMs=33.0 arrivalP95Ms=44.2 arrivalMaxMs=58.0 sameArrival=0 tickGapMax=2 renderFrames=51 interpolation=51 extrapolation=0 extrapolationCapped=0 extrapolationMaxMs=0.0 oldestHeld=0 zeroSpan=0 movingFrozen=0 teleport=0 visualStepAvgCm=0.00 visualStepMaxCm=0.00
[rubber-banding][remote-render] time=249.554 frame=13713 entity=1 latestHostTick=9732 buffer=8 windowMs=1003.3 fps=49.8 snapshots=29 arrivalSamples=29 arrivalAvgMs=34.6 arrivalP95Ms=57.1 arrivalMaxMs=61.1 sameArrival=0 tickGapMax=2 renderFrames=50 interpolation=50 extrapolation=0 extrapolationCapped=0 extrapolationMaxMs=0.0 oldestHeld=0 zeroSpan=0 movingFrozen=0 teleport=0 visualStepAvgCm=0.00 visualStepMaxCm=0.00
[rubber-banding][remote-render] time=249.554 frame=13713 entity=2 latestHostTick=9732 buffer=8 windowMs=1003.3 fps=49.8 snapshots=29 arrivalSamples=29 arrivalAvgMs=34.6 arrivalP95Ms=57.1 arrivalMaxMs=61.1 sameArrival=0 tickGapMax=2 renderFrames=50 interpolation=50 extrapolation=0 extrapolationCapped=0 extrapolationMaxMs=0.0 oldestHeld=0 zeroSpan=0 movingFrozen=0 teleport=0 visualStepAvgCm=0.00 visualStepMaxCm=0.00
[rubber-banding][remote-render] time=249.554 frame=13713 entity=4 latestHostTick=9732 buffer=8 windowMs=1003.3 fps=49.8 snapshots=29 arrivalSamples=29 arrivalAvgMs=34.6 arrivalP95Ms=57.1 arrivalMaxMs=61.1 sameArrival=0 tickGapMax=2 renderFrames=50 interpolation=50 extrapolation=0 extrapolationCapped=0 extrapolationMaxMs=0.0 oldestHeld=0 zeroSpan=0 movingFrozen=0 teleport=0 visualStepAvgCm=0.00 visualStepMaxCm=0.00
[rubber-banding][remote-render] time=250.567 frame=13766 entity=1 latestHostTick=9794 buffer=8 windowMs=1013.3 fps=52.3 snapshots=31 arrivalSamples=31 arrivalAvgMs=32.7 arrivalP95Ms=42.6 arrivalMaxMs=43.2 sameArrival=0 tickGapMax=2 renderFrames=53 interpolation=53 extrapolation=0 extrapolationCapped=0 extrapolationMaxMs=0.0 oldestHeld=0 zeroSpan=0 movingFrozen=0 teleport=0 visualStepAvgCm=0.00 visualStepMaxCm=0.00
[rubber-banding][remote-render] time=250.567 frame=13766 entity=2 latestHostTick=9794 buffer=8 windowMs=1013.3 fps=52.3 snapshots=31 arrivalSamples=31 arrivalAvgMs=32.7 arrivalP95Ms=42.6 arrivalMaxMs=43.2 sameArrival=0 tickGapMax=2 renderFrames=53 interpolation=53 extrapolation=0 extrapolationCapped=0 extrapolationMaxMs=0.0 oldestHeld=0 zeroSpan=0 movingFrozen=0 teleport=0 visualStepAvgCm=0.00 visualStepMaxCm=0.00
[rubber-banding][remote-render] time=250.567 frame=13766 entity=4 latestHostTick=9794 buffer=8 windowMs=1013.3 fps=52.3 snapshots=31 arrivalSamples=31 arrivalAvgMs=32.7 arrivalP95Ms=42.6 arrivalMaxMs=43.2 sameArrival=0 tickGapMax=2 renderFrames=53 interpolation=53 extrapolation=0 extrapolationCapped=0 extrapolationMaxMs=0.0 oldestHeld=0 zeroSpan=0 movingFrozen=0 teleport=0 visualStepAvgCm=0.00 visualStepMaxCm=0.00
[rubber-banding][remote-render] time=251.569 frame=13817 entity=1 latestHostTick=9854 buffer=8 windowMs=1002.1 fps=50.9 snapshots=30 arrivalSamples=30 arrivalAvgMs=33.4 arrivalP95Ms=49.9 arrivalMaxMs=59.4 sameArrival=2 tickGapMax=2 renderFrames=51 interpolation=51 extrapolation=0 extrapolationCapped=0 extrapolationMaxMs=0.0 oldestHeld=0 zeroSpan=4 movingFrozen=0 teleport=0 visualStepAvgCm=0.00 visualStepMaxCm=0.00
[rubber-banding][remote-render] time=251.569 frame=13817 entity=2 latestHostTick=9854 buffer=8 windowMs=1002.1 fps=50.9 snapshots=30 arrivalSamples=30 arrivalAvgMs=33.4 arrivalP95Ms=49.9 arrivalMaxMs=59.4 sameArrival=2 tickGapMax=2 renderFrames=51 interpolation=51 extrapolation=0 extrapolationCapped=0 extrapolationMaxMs=0.0 oldestHeld=0 zeroSpan=4 movingFrozen=0 teleport=0 visualStepAvgCm=0.00 visualStepMaxCm=0.00
[rubber-banding][remote-render] time=251.569 frame=13817 entity=4 latestHostTick=9854 buffer=8 windowMs=1002.1 fps=50.9 snapshots=30 arrivalSamples=30 arrivalAvgMs=33.4 arrivalP95Ms=49.9 arrivalMaxMs=59.4 sameArrival=2 tickGapMax=2 renderFrames=51 interpolation=51 extrapolation=0 extrapolationCapped=0 extrapolationMaxMs=0.0 oldestHeld=0 zeroSpan=4 movingFrozen=0 teleport=0 visualStepAvgCm=0.00 visualStepMaxCm=0.00
[rubber-banding][remote-render] time=252.575 frame=13869 entity=1 latestHostTick=9914 buffer=8 windowMs=1006.2 fps=51.7 snapshots=30 arrivalSamples=30 arrivalAvgMs=33.0 arrivalP95Ms=48.6 arrivalMaxMs=57.1 sameArrival=1 tickGapMax=2 renderFrames=52 interpolation=52 extrapolation=0 extrapolationCapped=0 extrapolationMaxMs=0.0 oldestHeld=0 zeroSpan=2 movingFrozen=0 teleport=0 visualStepAvgCm=0.00 visualStepMaxCm=0.00
[rubber-banding][remote-render] time=252.575 frame=13869 entity=2 latestHostTick=9914 buffer=8 windowMs=1006.2 fps=51.7 snapshots=30 arrivalSamples=30 arrivalAvgMs=33.0 arrivalP95Ms=48.6 arrivalMaxMs=57.1 sameArrival=1 tickGapMax=2 renderFrames=52 interpolation=52 extrapolation=0 extrapolationCapped=0 extrapolationMaxMs=0.0 oldestHeld=0 zeroSpan=2 movingFrozen=0 teleport=0 visualStepAvgCm=0.00 visualStepMaxCm=0.00
[rubber-banding][remote-render] time=252.575 frame=13869 entity=4 latestHostTick=9914 buffer=8 windowMs=1006.2 fps=51.7 snapshots=30 arrivalSamples=30 arrivalAvgMs=33.0 arrivalP95Ms=48.6 arrivalMaxMs=57.1 sameArrival=1 tickGapMax=2 renderFrames=52 interpolation=52 extrapolation=0 extrapolationCapped=0 extrapolationMaxMs=0.0 oldestHeld=0 zeroSpan=2 movingFrozen=0 teleport=0 visualStepAvgCm=0.00 visualStepMaxCm=0.00
[rubber-banding][remote-render] time=253.584 frame=13922 entity=1 latestHostTick=9974 buffer=8 windowMs=1008.4 fps=52.6 snapshots=30 arrivalSamples=30 arrivalAvgMs=33.6 arrivalP95Ms=42.5 arrivalMaxMs=58.4 sameArrival=1 tickGapMax=2 renderFrames=53 interpolation=53 extrapolation=0 extrapolationCapped=0 extrapolationMaxMs=0.0 oldestHeld=0 zeroSpan=2 movingFrozen=0 teleport=0 visualStepAvgCm=0.00 visualStepMaxCm=0.00
[rubber-banding][remote-render] time=253.584 frame=13922 entity=2 latestHostTick=9974 buffer=8 windowMs=1008.4 fps=52.6 snapshots=30 arrivalSamples=30 arrivalAvgMs=33.6 arrivalP95Ms=42.5 arrivalMaxMs=58.4 sameArrival=1 tickGapMax=2 renderFrames=53 interpolation=53 extrapolation=0 extrapolationCapped=0 extrapolationMaxMs=0.0 oldestHeld=0 zeroSpan=2 movingFrozen=0 teleport=0 visualStepAvgCm=0.00 visualStepMaxCm=0.00
[rubber-banding][remote-render] time=253.584 frame=13922 entity=4 latestHostTick=9974 buffer=8 windowMs=1008.4 fps=52.6 snapshots=30 arrivalSamples=30 arrivalAvgMs=33.6 arrivalP95Ms=42.5 arrivalMaxMs=58.4 sameArrival=1 tickGapMax=2 renderFrames=53 interpolation=53 extrapolation=0 extrapolationCapped=0 extrapolationMaxMs=0.0 oldestHeld=0 zeroSpan=2 movingFrozen=0 teleport=0 visualStepAvgCm=0.00 visualStepMaxCm=0.00
[rubber-banding][remote-render] time=254.595 frame=13975 entity=1 latestHostTick=10034 buffer=8 windowMs=1011.0 fps=52.4 snapshots=30 arrivalSamples=30 arrivalAvgMs=33.8 arrivalP95Ms=46.7 arrivalMaxMs=60.6 sameArrival=0 tickGapMax=2 renderFrames=53 interpolation=53 extrapolation=0 extrapolationCapped=0 extrapolationMaxMs=0.0 oldestHeld=0 zeroSpan=0 movingFrozen=0 teleport=0 visualStepAvgCm=0.00 visualStepMaxCm=0.00
[rubber-banding][remote-render] time=254.595 frame=13975 entity=2 latestHostTick=10034 buffer=8 windowMs=1011.0 fps=52.4 snapshots=30 arrivalSamples=30 arrivalAvgMs=33.8 arrivalP95Ms=46.7 arrivalMaxMs=60.6 sameArrival=0 tickGapMax=2 renderFrames=53 interpolation=53 extrapolation=0 extrapolationCapped=0 extrapolationMaxMs=0.0 oldestHeld=0 zeroSpan=0 movingFrozen=0 teleport=0 visualStepAvgCm=0.00 visualStepMaxCm=0.00
[rubber-banding][remote-render] time=254.595 frame=13975 entity=4 latestHostTick=10034 buffer=8 windowMs=1011.0 fps=52.4 snapshots=30 arrivalSamples=30 arrivalAvgMs=33.8 arrivalP95Ms=46.7 arrivalMaxMs=60.6 sameArrival=0 tickGapMax=2 renderFrames=53 interpolation=53 extrapolation=0 extrapolationCapped=0 extrapolationMaxMs=0.0 oldestHeld=0 zeroSpan=0 movingFrozen=0 teleport=0 visualStepAvgCm=0.00 visualStepMaxCm=0.00
[rubber-banding][remote-render] time=255.609 frame=14025 entity=1 latestHostTick=10096 buffer=8 windowMs=1013.9 fps=49.3 snapshots=31 arrivalSamples=31 arrivalAvgMs=33.1 arrivalP95Ms=51.8 arrivalMaxMs=59.6 sameArrival=2 tickGapMax=2 renderFrames=50 interpolation=50 extrapolation=0 extrapolationCapped=0 extrapolationMaxMs=0.0 oldestHeld=0 zeroSpan=4 movingFrozen=0 teleport=0 visualStepAvgCm=0.00 visualStepMaxCm=0.00
[rubber-banding][remote-render] time=255.609 frame=14025 entity=2 latestHostTick=10096 buffer=8 windowMs=1013.9 fps=49.3 snapshots=31 arrivalSamples=31 arrivalAvgMs=33.1 arrivalP95Ms=51.8 arrivalMaxMs=59.6 sameArrival=2 tickGapMax=2 renderFrames=50 interpolation=50 extrapolation=0 extrapolationCapped=0 extrapolationMaxMs=0.0 oldestHeld=0 zeroSpan=4 movingFrozen=0 teleport=0 visualStepAvgCm=0.00 visualStepMaxCm=0.00
[rubber-banding][remote-render] time=255.609 frame=14025 entity=4 latestHostTick=10096 buffer=8 windowMs=1013.9 fps=49.3 snapshots=31 arrivalSamples=31 arrivalAvgMs=33.1 arrivalP95Ms=51.8 arrivalMaxMs=59.6 sameArrival=2 tickGapMax=2 renderFrames=50 interpolation=50 extrapolation=0 extrapolationCapped=0 extrapolationMaxMs=0.0 oldestHeld=0 zeroSpan=4 movingFrozen=0 teleport=0 visualStepAvgCm=0.00 visualStepMaxCm=0.00
[rubber-banding][remote-render] time=256.610 frame=14075 entity=1 latestHostTick=10156 buffer=8 windowMs=1001.5 fps=49.9 snapshots=30 arrivalSamples=30 arrivalAvgMs=32.8 arrivalP95Ms=58.5 arrivalMaxMs=65.6 sameArrival=2 tickGapMax=2 renderFrames=50 interpolation=50 extrapolation=0 extrapolationCapped=0 extrapolationMaxMs=0.0 oldestHeld=0 zeroSpan=4 movingFrozen=0 teleport=0 visualStepAvgCm=0.00 visualStepMaxCm=0.00
[rubber-banding][remote-render] time=256.610 frame=14075 entity=2 latestHostTick=10156 buffer=8 windowMs=1001.5 fps=49.9 snapshots=30 arrivalSamples=30 arrivalAvgMs=32.8 arrivalP95Ms=58.5 arrivalMaxMs=65.6 sameArrival=2 tickGapMax=2 renderFrames=50 interpolation=50 extrapolation=0 extrapolationCapped=0 extrapolationMaxMs=0.0 oldestHeld=0 zeroSpan=4 movingFrozen=0 teleport=0 visualStepAvgCm=0.00 visualStepMaxCm=0.00
[rubber-banding][remote-render] time=256.610 frame=14075 entity=4 latestHostTick=10156 buffer=8 windowMs=1001.5 fps=49.9 snapshots=30 arrivalSamples=30 arrivalAvgMs=32.8 arrivalP95Ms=58.5 arrivalMaxMs=65.6 sameArrival=2 tickGapMax=2 renderFrames=50 interpolation=50 extrapolation=0 extrapolationCapped=0 extrapolationMaxMs=0.0 oldestHeld=0 zeroSpan=4 movingFrozen=0 teleport=0 visualStepAvgCm=0.00 visualStepMaxCm=0.00
[rubber-banding][remote-render] time=257.625 frame=14128 entity=1 latestHostTick=10218 buffer=8 windowMs=1015.1 fps=52.2 snapshots=31 arrivalSamples=31 arrivalAvgMs=33.3 arrivalP95Ms=58.4 arrivalMaxMs=59.8 sameArrival=1 tickGapMax=2 renderFrames=53 interpolation=53 extrapolation=0 extrapolationCapped=0 extrapolationMaxMs=0.0 oldestHeld=0 zeroSpan=2 movingFrozen=0 teleport=0 visualStepAvgCm=0.00 visualStepMaxCm=0.00
[rubber-banding][remote-render] time=257.625 frame=14128 entity=2 latestHostTick=10218 buffer=8 windowMs=1015.1 fps=52.2 snapshots=31 arrivalSamples=31 arrivalAvgMs=33.3 arrivalP95Ms=58.4 arrivalMaxMs=59.8 sameArrival=1 tickGapMax=2 renderFrames=53 interpolation=53 extrapolation=0 extrapolationCapped=0 extrapolationMaxMs=0.0 oldestHeld=0 zeroSpan=2 movingFrozen=0 teleport=0 visualStepAvgCm=0.00 visualStepMaxCm=0.00
[rubber-banding][remote-render] time=257.625 frame=14128 entity=4 latestHostTick=10218 buffer=8 windowMs=1015.1 fps=52.2 snapshots=31 arrivalSamples=31 arrivalAvgMs=33.3 arrivalP95Ms=58.4 arrivalMaxMs=59.8 sameArrival=1 tickGapMax=2 renderFrames=53 interpolation=53 extrapolation=0 extrapolationCapped=0 extrapolationMaxMs=0.0 oldestHeld=0 zeroSpan=2 movingFrozen=0 teleport=0 visualStepAvgCm=0.00 visualStepMaxCm=0.00
[rubber-banding][remote-render] time=258.650 frame=14180 entity=1 latestHostTick=10278 buffer=8 windowMs=1024.3 fps=50.8 snapshots=30 arrivalSamples=30 arrivalAvgMs=33.1 arrivalP95Ms=56.1 arrivalMaxMs=58.0 sameArrival=1 tickGapMax=2 renderFrames=52 interpolation=52 extrapolation=0 extrapolationCapped=0 extrapolationMaxMs=0.0 oldestHeld=0 zeroSpan=2 movingFrozen=0 teleport=0 visualStepAvgCm=0.00 visualStepMaxCm=0.00
[rubber-banding][remote-render] time=258.650 frame=14180 entity=2 latestHostTick=10278 buffer=8 windowMs=1024.3 fps=50.8 snapshots=30 arrivalSamples=30 arrivalAvgMs=33.1 arrivalP95Ms=56.1 arrivalMaxMs=58.0 sameArrival=1 tickGapMax=2 renderFrames=52 interpolation=52 extrapolation=0 extrapolationCapped=0 extrapolationMaxMs=0.0 oldestHeld=0 zeroSpan=2 movingFrozen=0 teleport=0 visualStepAvgCm=0.00 visualStepMaxCm=0.00
[rubber-banding][remote-render] time=258.650 frame=14180 entity=4 latestHostTick=10278 buffer=8 windowMs=1024.3 fps=50.8 snapshots=30 arrivalSamples=30 arrivalAvgMs=33.1 arrivalP95Ms=56.1 arrivalMaxMs=58.0 sameArrival=1 tickGapMax=2 renderFrames=52 interpolation=52 extrapolation=0 extrapolationCapped=0 extrapolationMaxMs=0.0 oldestHeld=0 zeroSpan=2 movingFrozen=0 teleport=0 visualStepAvgCm=0.00 visualStepMaxCm=0.00
[rubber-banding][remote-render] time=259.668 frame=14232 entity=1 latestHostTick=10340 buffer=8 windowMs=1018.0 fps=51.1 snapshots=31 arrivalSamples=31 arrivalAvgMs=33.9 arrivalP95Ms=48.8 arrivalMaxMs=58.8 sameArrival=0 tickGapMax=2 renderFrames=52 interpolation=52 extrapolation=0 extrapolationCapped=0 extrapolationMaxMs=0.0 oldestHeld=0 zeroSpan=0 movingFrozen=0 teleport=0 visualStepAvgCm=0.00 visualStepMaxCm=0.00
[rubber-banding][remote-render] time=259.668 frame=14232 entity=2 latestHostTick=10340 buffer=8 windowMs=1018.0 fps=51.1 snapshots=31 arrivalSamples=31 arrivalAvgMs=33.9 arrivalP95Ms=48.8 arrivalMaxMs=58.8 sameArrival=0 tickGapMax=2 renderFrames=52 interpolation=52 extrapolation=0 extrapolationCapped=0 extrapolationMaxMs=0.0 oldestHeld=0 zeroSpan=0 movingFrozen=0 teleport=0 visualStepAvgCm=0.00 visualStepMaxCm=0.00
[rubber-banding][remote-render] time=259.668 frame=14232 entity=4 latestHostTick=10340 buffer=8 windowMs=1018.0 fps=51.1 snapshots=31 arrivalSamples=31 arrivalAvgMs=33.9 arrivalP95Ms=48.8 arrivalMaxMs=58.8 sameArrival=0 tickGapMax=2 renderFrames=52 interpolation=52 extrapolation=0 extrapolationCapped=0 extrapolationMaxMs=0.0 oldestHeld=0 zeroSpan=0 movingFrozen=0 teleport=0 visualStepAvgCm=0.00 visualStepMaxCm=0.00
[rubber-banding][remote-render] time=260.684 frame=14285 entity=1 latestHostTick=10402 buffer=8 windowMs=1016.1 fps=52.2 snapshots=31 arrivalSamples=31 arrivalAvgMs=32.8 arrivalP95Ms=43.5 arrivalMaxMs=58.3 sameArrival=0 tickGapMax=2 renderFrames=53 interpolation=53 extrapolation=0 extrapolationCapped=0 extrapolationMaxMs=0.0 oldestHeld=0 zeroSpan=0 movingFrozen=0 teleport=0 visualStepAvgCm=0.00 visualStepMaxCm=0.00
[rubber-banding][remote-render] time=260.684 frame=14285 entity=2 latestHostTick=10402 buffer=8 windowMs=1016.1 fps=52.2 snapshots=31 arrivalSamples=31 arrivalAvgMs=32.8 arrivalP95Ms=43.5 arrivalMaxMs=58.3 sameArrival=0 tickGapMax=2 renderFrames=53 interpolation=53 extrapolation=0 extrapolationCapped=0 extrapolationMaxMs=0.0 oldestHeld=0 zeroSpan=0 movingFrozen=0 teleport=0 visualStepAvgCm=0.00 visualStepMaxCm=0.00
[rubber-banding][remote-render] time=260.684 frame=14285 entity=4 latestHostTick=10402 buffer=8 windowMs=1016.1 fps=52.2 snapshots=31 arrivalSamples=31 arrivalAvgMs=32.8 arrivalP95Ms=43.5 arrivalMaxMs=58.3 sameArrival=0 tickGapMax=2 renderFrames=53 interpolation=53 extrapolation=0 extrapolationCapped=0 extrapolationMaxMs=0.0 oldestHeld=0 zeroSpan=0 movingFrozen=0 teleport=0 visualStepAvgCm=0.00 visualStepMaxCm=0.00
[rubber-banding][remote-render] time=261.701 frame=14337 entity=1 latestHostTick=10462 buffer=8 windowMs=1017.1 fps=51.1 snapshots=30 arrivalSamples=30 arrivalAvgMs=33.9 arrivalP95Ms=44.4 arrivalMaxMs=50.0 sameArrival=0 tickGapMax=2 renderFrames=52 interpolation=52 extrapolation=0 extrapolationCapped=0 extrapolationMaxMs=0.0 oldestHeld=0 zeroSpan=0 movingFrozen=0 teleport=0 visualStepAvgCm=0.00 visualStepMaxCm=0.00
[rubber-banding][remote-render] time=261.701 frame=14337 entity=2 latestHostTick=10462 buffer=8 windowMs=1017.1 fps=51.1 snapshots=30 arrivalSamples=30 arrivalAvgMs=33.9 arrivalP95Ms=44.4 arrivalMaxMs=50.0 sameArrival=0 tickGapMax=2 renderFrames=52 interpolation=52 extrapolation=0 extrapolationCapped=0 extrapolationMaxMs=0.0 oldestHeld=0 zeroSpan=0 movingFrozen=0 teleport=0 visualStepAvgCm=0.00 visualStepMaxCm=0.00
[rubber-banding][remote-render] time=261.701 frame=14337 entity=4 latestHostTick=10462 buffer=8 windowMs=1017.1 fps=51.1 snapshots=30 arrivalSamples=30 arrivalAvgMs=33.9 arrivalP95Ms=44.4 arrivalMaxMs=50.0 sameArrival=0 tickGapMax=2 renderFrames=52 interpolation=52 extrapolation=0 extrapolationCapped=0 extrapolationMaxMs=0.0 oldestHeld=0 zeroSpan=0 movingFrozen=0 teleport=0 visualStepAvgCm=0.00 visualStepMaxCm=0.00
[rubber-banding][remote-render] time=262.709 frame=14388 entity=1 latestHostTick=10522 buffer=8 windowMs=1008.0 fps=50.6 snapshots=30 arrivalSamples=30 arrivalAvgMs=33.6 arrivalP95Ms=47.8 arrivalMaxMs=50.0 sameArrival=1 tickGapMax=2 renderFrames=51 interpolation=51 extrapolation=0 extrapolationCapped=0 extrapolationMaxMs=0.0 oldestHeld=0 zeroSpan=2 movingFrozen=0 teleport=0 visualStepAvgCm=0.00 visualStepMaxCm=0.00
[rubber-banding][remote-render] time=262.709 frame=14388 entity=2 latestHostTick=10522 buffer=8 windowMs=1008.0 fps=50.6 snapshots=30 arrivalSamples=30 arrivalAvgMs=33.6 arrivalP95Ms=47.8 arrivalMaxMs=50.0 sameArrival=1 tickGapMax=2 renderFrames=51 interpolation=51 extrapolation=0 extrapolationCapped=0 extrapolationMaxMs=0.0 oldestHeld=0 zeroSpan=2 movingFrozen=0 teleport=0 visualStepAvgCm=0.00 visualStepMaxCm=0.00
[rubber-banding][remote-render] time=262.709 frame=14388 entity=4 latestHostTick=10522 buffer=8 windowMs=1008.0 fps=50.6 snapshots=30 arrivalSamples=30 arrivalAvgMs=33.6 arrivalP95Ms=47.8 arrivalMaxMs=50.0 sameArrival=1 tickGapMax=2 renderFrames=51 interpolation=51 extrapolation=0 extrapolationCapped=0 extrapolationMaxMs=0.0 oldestHeld=0 zeroSpan=2 movingFrozen=0 teleport=0 visualStepAvgCm=0.00 visualStepMaxCm=0.00
[rubber-banding][remote-render] time=263.725 frame=14441 entity=1 latestHostTick=10582 buffer=8 windowMs=1016.4 fps=52.1 snapshots=30 arrivalSamples=30 arrivalAvgMs=33.2 arrivalP95Ms=58.4 arrivalMaxMs=60.3 sameArrival=0 tickGapMax=2 renderFrames=53 interpolation=53 extrapolation=0 extrapolationCapped=0 extrapolationMaxMs=0.0 oldestHeld=0 zeroSpan=0 movingFrozen=0 teleport=0 visualStepAvgCm=0.00 visualStepMaxCm=0.00
[rubber-banding][remote-render] time=263.725 frame=14441 entity=2 latestHostTick=10582 buffer=8 windowMs=1016.4 fps=52.1 snapshots=30 arrivalSamples=30 arrivalAvgMs=33.2 arrivalP95Ms=58.4 arrivalMaxMs=60.3 sameArrival=0 tickGapMax=2 renderFrames=53 interpolation=53 extrapolation=0 extrapolationCapped=0 extrapolationMaxMs=0.0 oldestHeld=0 zeroSpan=0 movingFrozen=0 teleport=0 visualStepAvgCm=0.00 visualStepMaxCm=0.00
[rubber-banding][remote-render] time=263.725 frame=14441 entity=4 latestHostTick=10582 buffer=8 windowMs=1016.4 fps=52.1 snapshots=30 arrivalSamples=30 arrivalAvgMs=33.2 arrivalP95Ms=58.4 arrivalMaxMs=60.3 sameArrival=0 tickGapMax=2 renderFrames=53 interpolation=53 extrapolation=0 extrapolationCapped=0 extrapolationMaxMs=0.0 oldestHeld=0 zeroSpan=0 movingFrozen=0 teleport=0 visualStepAvgCm=0.00 visualStepMaxCm=0.00
[rubber-banding][remote-render] time=264.726 frame=14493 entity=1 latestHostTick=10644 buffer=8 windowMs=1001.0 fps=51.9 snapshots=31 arrivalSamples=31 arrivalAvgMs=33.0 arrivalP95Ms=48.3 arrivalMaxMs=67.2 sameArrival=1 tickGapMax=2 renderFrames=52 interpolation=52 extrapolation=0 extrapolationCapped=0 extrapolationMaxMs=0.0 oldestHeld=0 zeroSpan=1 movingFrozen=0 teleport=0 visualStepAvgCm=0.00 visualStepMaxCm=0.00
[rubber-banding][remote-render] time=264.726 frame=14493 entity=2 latestHostTick=10644 buffer=8 windowMs=1001.0 fps=51.9 snapshots=31 arrivalSamples=31 arrivalAvgMs=33.0 arrivalP95Ms=48.3 arrivalMaxMs=67.2 sameArrival=1 tickGapMax=2 renderFrames=52 interpolation=52 extrapolation=0 extrapolationCapped=0 extrapolationMaxMs=0.0 oldestHeld=0 zeroSpan=1 movingFrozen=0 teleport=0 visualStepAvgCm=0.00 visualStepMaxCm=0.00
[rubber-banding][remote-render] time=264.726 frame=14493 entity=4 latestHostTick=10644 buffer=8 windowMs=1001.0 fps=51.9 snapshots=31 arrivalSamples=31 arrivalAvgMs=33.0 arrivalP95Ms=48.3 arrivalMaxMs=67.2 sameArrival=1 tickGapMax=2 renderFrames=52 interpolation=52 extrapolation=0 extrapolationCapped=0 extrapolationMaxMs=0.0 oldestHeld=0 zeroSpan=1 movingFrozen=0 teleport=0 visualStepAvgCm=0.00 visualStepMaxCm=0.00
[rubber-banding][remote-render] time=265.735 frame=14546 entity=1 latestHostTick=10704 buffer=8 windowMs=1008.9 fps=52.5 snapshots=30 arrivalSamples=30 arrivalAvgMs=33.6 arrivalP95Ms=43.0 arrivalMaxMs=43.2 sameArrival=0 tickGapMax=2 renderFrames=53 interpolation=53 extrapolation=0 extrapolationCapped=0 extrapolationMaxMs=0.0 oldestHeld=0 zeroSpan=0 movingFrozen=0 teleport=0 visualStepAvgCm=0.00 visualStepMaxCm=0.00
[rubber-banding][remote-render] time=265.735 frame=14546 entity=2 latestHostTick=10704 buffer=8 windowMs=1008.9 fps=52.5 snapshots=30 arrivalSamples=30 arrivalAvgMs=33.6 arrivalP95Ms=43.0 arrivalMaxMs=43.2 sameArrival=0 tickGapMax=2 renderFrames=53 interpolation=53 extrapolation=0 extrapolationCapped=0 extrapolationMaxMs=0.0 oldestHeld=0 zeroSpan=0 movingFrozen=0 teleport=0 visualStepAvgCm=0.00 visualStepMaxCm=0.00
[rubber-banding][remote-render] time=265.735 frame=14546 entity=4 latestHostTick=10704 buffer=8 windowMs=1008.9 fps=52.5 snapshots=30 arrivalSamples=30 arrivalAvgMs=33.6 arrivalP95Ms=43.0 arrivalMaxMs=43.2 sameArrival=0 tickGapMax=2 renderFrames=53 interpolation=53 extrapolation=0 extrapolationCapped=0 extrapolationMaxMs=0.0 oldestHeld=0 zeroSpan=0 movingFrozen=0 teleport=0 visualStepAvgCm=0.00 visualStepMaxCm=0.00
[rubber-banding][remote-render] time=266.742 frame=14598 entity=1 latestHostTick=10764 buffer=8 windowMs=1006.9 fps=51.6 snapshots=30 arrivalSamples=30 arrivalAvgMs=33.6 arrivalP95Ms=50.0 arrivalMaxMs=58.4 sameArrival=1 tickGapMax=2 renderFrames=52 interpolation=52 extrapolation=0 extrapolationCapped=0 extrapolationMaxMs=0.0 oldestHeld=0 zeroSpan=2 movingFrozen=0 teleport=0 visualStepAvgCm=0.00 visualStepMaxCm=0.00
[rubber-banding][remote-render] time=266.742 frame=14598 entity=2 latestHostTick=10764 buffer=8 windowMs=1006.9 fps=51.6 snapshots=30 arrivalSamples=30 arrivalAvgMs=33.6 arrivalP95Ms=50.0 arrivalMaxMs=58.4 sameArrival=1 tickGapMax=2 renderFrames=52 interpolation=52 extrapolation=0 extrapolationCapped=0 extrapolationMaxMs=0.0 oldestHeld=0 zeroSpan=2 movingFrozen=0 teleport=0 visualStepAvgCm=0.00 visualStepMaxCm=0.00
[rubber-banding][remote-render] time=266.742 frame=14598 entity=4 latestHostTick=10764 buffer=8 windowMs=1006.9 fps=51.6 snapshots=30 arrivalSamples=30 arrivalAvgMs=33.6 arrivalP95Ms=50.0 arrivalMaxMs=58.4 sameArrival=1 tickGapMax=2 renderFrames=52 interpolation=52 extrapolation=0 extrapolationCapped=0 extrapolationMaxMs=0.0 oldestHeld=0 zeroSpan=2 movingFrozen=0 teleport=0 visualStepAvgCm=0.00 visualStepMaxCm=0.00
[rubber-banding][remote-render] time=267.746 frame=14650 entity=1 latestHostTick=10824 buffer=8 windowMs=1003.4 fps=51.8 snapshots=30 arrivalSamples=30 arrivalAvgMs=32.9 arrivalP95Ms=58.3 arrivalMaxMs=58.7 sameArrival=0 tickGapMax=2 renderFrames=52 interpolation=52 extrapolation=0 extrapolationCapped=0 extrapolationMaxMs=0.0 oldestHeld=0 zeroSpan=0 movingFrozen=0 teleport=0 visualStepAvgCm=0.00 visualStepMaxCm=0.00
[rubber-banding][remote-render] time=267.746 frame=14650 entity=2 latestHostTick=10824 buffer=8 windowMs=1003.4 fps=51.8 snapshots=30 arrivalSamples=30 arrivalAvgMs=32.9 arrivalP95Ms=58.3 arrivalMaxMs=58.7 sameArrival=0 tickGapMax=2 renderFrames=52 interpolation=52 extrapolation=0 extrapolationCapped=0 extrapolationMaxMs=0.0 oldestHeld=0 zeroSpan=0 movingFrozen=0 teleport=0 visualStepAvgCm=0.00 visualStepMaxCm=0.00
[rubber-banding][remote-render] time=267.746 frame=14650 entity=4 latestHostTick=10824 buffer=8 windowMs=1003.4 fps=51.8 snapshots=30 arrivalSamples=30 arrivalAvgMs=32.9 arrivalP95Ms=58.3 arrivalMaxMs=58.7 sameArrival=0 tickGapMax=2 renderFrames=52 interpolation=52 extrapolation=0 extrapolationCapped=0 extrapolationMaxMs=0.0 oldestHeld=0 zeroSpan=0 movingFrozen=0 teleport=0 visualStepAvgCm=0.00 visualStepMaxCm=0.00
[rubber-banding][remote-render] time=268.761 frame=14701 entity=1 latestHostTick=10886 buffer=8 windowMs=1015.7 fps=50.2 snapshots=31 arrivalSamples=31 arrivalAvgMs=33.3 arrivalP95Ms=44.2 arrivalMaxMs=58.3 sameArrival=0 tickGapMax=2 renderFrames=51 interpolation=51 extrapolation=0 extrapolationCapped=0 extrapolationMaxMs=0.0 oldestHeld=0 zeroSpan=0 movingFrozen=0 teleport=0 visualStepAvgCm=0.00 visualStepMaxCm=0.00
[rubber-banding][remote-render] time=268.761 frame=14701 entity=2 latestHostTick=10886 buffer=8 windowMs=1015.7 fps=50.2 snapshots=31 arrivalSamples=31 arrivalAvgMs=33.3 arrivalP95Ms=44.2 arrivalMaxMs=58.3 sameArrival=0 tickGapMax=2 renderFrames=51 interpolation=51 extrapolation=0 extrapolationCapped=0 extrapolationMaxMs=0.0 oldestHeld=0 zeroSpan=0 movingFrozen=0 teleport=0 visualStepAvgCm=0.00 visualStepMaxCm=0.00
[rubber-banding][remote-render] time=268.761 frame=14701 entity=4 latestHostTick=10886 buffer=8 windowMs=1015.7 fps=50.2 snapshots=31 arrivalSamples=31 arrivalAvgMs=33.3 arrivalP95Ms=44.2 arrivalMaxMs=58.3 sameArrival=0 tickGapMax=2 renderFrames=51 interpolation=51 extrapolation=0 extrapolationCapped=0 extrapolationMaxMs=0.0 oldestHeld=0 zeroSpan=0 movingFrozen=0 teleport=0 visualStepAvgCm=0.00 visualStepMaxCm=0.00
[rubber-banding][remote-render] time=269.775 frame=14753 entity=1 latestHostTick=10946 buffer=8 windowMs=1014.1 fps=51.3 snapshots=30 arrivalSamples=30 arrivalAvgMs=33.3 arrivalP95Ms=57.5 arrivalMaxMs=66.7 sameArrival=0 tickGapMax=2 renderFrames=52 interpolation=52 extrapolation=0 extrapolationCapped=0 extrapolationMaxMs=0.0 oldestHeld=0 zeroSpan=0 movingFrozen=0 teleport=0 visualStepAvgCm=0.00 visualStepMaxCm=0.00
[rubber-banding][remote-render] time=269.775 frame=14753 entity=2 latestHostTick=10946 buffer=8 windowMs=1014.1 fps=51.3 snapshots=30 arrivalSamples=30 arrivalAvgMs=33.3 arrivalP95Ms=57.5 arrivalMaxMs=66.7 sameArrival=0 tickGapMax=2 renderFrames=52 interpolation=52 extrapolation=0 extrapolationCapped=0 extrapolationMaxMs=0.0 oldestHeld=0 zeroSpan=0 movingFrozen=0 teleport=0 visualStepAvgCm=0.00 visualStepMaxCm=0.00
[rubber-banding][remote-render] time=269.775 frame=14753 entity=4 latestHostTick=10946 buffer=8 windowMs=1014.1 fps=51.3 snapshots=30 arrivalSamples=30 arrivalAvgMs=33.3 arrivalP95Ms=57.5 arrivalMaxMs=66.7 sameArrival=0 tickGapMax=2 renderFrames=52 interpolation=52 extrapolation=0 extrapolationCapped=0 extrapolationMaxMs=0.0 oldestHeld=0 zeroSpan=0 movingFrozen=0 teleport=0 visualStepAvgCm=0.00 visualStepMaxCm=0.00
[rubber-banding][remote-render] time=270.777 frame=14805 entity=1 latestHostTick=11006 buffer=8 windowMs=1001.3 fps=51.9 snapshots=30 arrivalSamples=30 arrivalAvgMs=33.9 arrivalP95Ms=50.0 arrivalMaxMs=58.4 sameArrival=0 tickGapMax=2 renderFrames=52 interpolation=52 extrapolation=0 extrapolationCapped=0 extrapolationMaxMs=0.0 oldestHeld=0 zeroSpan=0 movingFrozen=0 teleport=0 visualStepAvgCm=0.00 visualStepMaxCm=0.00
[rubber-banding][remote-render] time=270.777 frame=14805 entity=2 latestHostTick=11006 buffer=8 windowMs=1001.3 fps=51.9 snapshots=30 arrivalSamples=30 arrivalAvgMs=33.9 arrivalP95Ms=50.0 arrivalMaxMs=58.4 sameArrival=0 tickGapMax=2 renderFrames=52 interpolation=52 extrapolation=0 extrapolationCapped=0 extrapolationMaxMs=0.0 oldestHeld=0 zeroSpan=0 movingFrozen=0 teleport=0 visualStepAvgCm=0.00 visualStepMaxCm=0.00
[rubber-banding][remote-render] time=270.777 frame=14805 entity=4 latestHostTick=11006 buffer=8 windowMs=1001.3 fps=51.9 snapshots=30 arrivalSamples=30 arrivalAvgMs=33.9 arrivalP95Ms=50.0 arrivalMaxMs=58.4 sameArrival=0 tickGapMax=2 renderFrames=52 interpolation=52 extrapolation=0 extrapolationCapped=0 extrapolationMaxMs=0.0 oldestHeld=0 zeroSpan=0 movingFrozen=0 teleport=0 visualStepAvgCm=0.00 visualStepMaxCm=0.00
[rubber-banding][remote-render] time=271.777 frame=14857 entity=1 latestHostTick=11066 buffer=8 windowMs=1000.6 fps=52.0 snapshots=30 arrivalSamples=30 arrivalAvgMs=32.8 arrivalP95Ms=56.9 arrivalMaxMs=58.4 sameArrival=0 tickGapMax=2 renderFrames=52 interpolation=52 extrapolation=0 extrapolationCapped=0 extrapolationMaxMs=0.0 oldestHeld=0 zeroSpan=0 movingFrozen=0 teleport=0 visualStepAvgCm=0.00 visualStepMaxCm=0.00
[rubber-banding][remote-render] time=271.777 frame=14857 entity=2 latestHostTick=11066 buffer=8 windowMs=1000.6 fps=52.0 snapshots=30 arrivalSamples=30 arrivalAvgMs=32.8 arrivalP95Ms=56.9 arrivalMaxMs=58.4 sameArrival=0 tickGapMax=2 renderFrames=52 interpolation=52 extrapolation=0 extrapolationCapped=0 extrapolationMaxMs=0.0 oldestHeld=0 zeroSpan=0 movingFrozen=0 teleport=0 visualStepAvgCm=0.00 visualStepMaxCm=0.00
[rubber-banding][remote-render] time=271.777 frame=14857 entity=4 latestHostTick=11066 buffer=8 windowMs=1000.6 fps=52.0 snapshots=30 arrivalSamples=30 arrivalAvgMs=32.8 arrivalP95Ms=56.9 arrivalMaxMs=58.4 sameArrival=0 tickGapMax=2 renderFrames=52 interpolation=52 extrapolation=0 extrapolationCapped=0 extrapolationMaxMs=0.0 oldestHeld=0 zeroSpan=0 movingFrozen=0 teleport=0 visualStepAvgCm=0.00 visualStepMaxCm=0.00
[rubber-banding][remote-render] time=272.793 frame=14911 entity=1 latestHostTick=11128 buffer=8 windowMs=1015.6 fps=53.2 snapshots=31 arrivalSamples=31 arrivalAvgMs=33.3 arrivalP95Ms=58.2 arrivalMaxMs=58.3 sameArrival=1 tickGapMax=2 renderFrames=54 interpolation=54 extrapolation=0 extrapolationCapped=0 extrapolationMaxMs=0.0 oldestHeld=0 zeroSpan=2 movingFrozen=0 teleport=0 visualStepAvgCm=0.00 visualStepMaxCm=0.00
[rubber-banding][remote-render] time=272.793 frame=14911 entity=2 latestHostTick=11128 buffer=8 windowMs=1015.6 fps=53.2 snapshots=31 arrivalSamples=31 arrivalAvgMs=33.3 arrivalP95Ms=58.2 arrivalMaxMs=58.3 sameArrival=1 tickGapMax=2 renderFrames=54 interpolation=54 extrapolation=0 extrapolationCapped=0 extrapolationMaxMs=0.0 oldestHeld=0 zeroSpan=2 movingFrozen=0 teleport=0 visualStepAvgCm=0.00 visualStepMaxCm=0.00
[rubber-banding][remote-render] time=272.793 frame=14911 entity=4 latestHostTick=11128 buffer=8 windowMs=1015.6 fps=53.2 snapshots=31 arrivalSamples=31 arrivalAvgMs=33.3 arrivalP95Ms=58.2 arrivalMaxMs=58.3 sameArrival=1 tickGapMax=2 renderFrames=54 interpolation=54 extrapolation=0 extrapolationCapped=0 extrapolationMaxMs=0.0 oldestHeld=0 zeroSpan=2 movingFrozen=0 teleport=0 visualStepAvgCm=0.00 visualStepMaxCm=0.00
[rubber-banding][remote-render] time=273.802 frame=14964 entity=1 latestHostTick=11188 buffer=8 windowMs=1009.0 fps=52.5 snapshots=30 arrivalSamples=30 arrivalAvgMs=33.0 arrivalP95Ms=58.9 arrivalMaxMs=59.3 sameArrival=1 tickGapMax=2 renderFrames=53 interpolation=53 extrapolation=0 extrapolationCapped=0 extrapolationMaxMs=0.0 oldestHeld=0 zeroSpan=1 movingFrozen=0 teleport=0 visualStepAvgCm=0.00 visualStepMaxCm=0.00
[rubber-banding][remote-render] time=273.802 frame=14964 entity=2 latestHostTick=11188 buffer=8 windowMs=1009.0 fps=52.5 snapshots=30 arrivalSamples=30 arrivalAvgMs=33.0 arrivalP95Ms=58.9 arrivalMaxMs=59.3 sameArrival=1 tickGapMax=2 renderFrames=53 interpolation=53 extrapolation=0 extrapolationCapped=0 extrapolationMaxMs=0.0 oldestHeld=0 zeroSpan=1 movingFrozen=0 teleport=0 visualStepAvgCm=0.00 visualStepMaxCm=0.00
[rubber-banding][remote-render] time=273.802 frame=14964 entity=4 latestHostTick=11188 buffer=8 windowMs=1009.0 fps=52.5 snapshots=30 arrivalSamples=30 arrivalAvgMs=33.0 arrivalP95Ms=58.9 arrivalMaxMs=59.3 sameArrival=1 tickGapMax=2 renderFrames=53 interpolation=53 extrapolation=0 extrapolationCapped=0 extrapolationMaxMs=0.0 oldestHeld=0 zeroSpan=1 movingFrozen=0 teleport=0 visualStepAvgCm=0.00 visualStepMaxCm=0.00
[rubber-banding][remote-render] time=274.818 frame=15016 entity=1 latestHostTick=11250 buffer=8 windowMs=1015.6 fps=51.2 snapshots=31 arrivalSamples=31 arrivalAvgMs=33.4 arrivalP95Ms=43.2 arrivalMaxMs=58.7 sameArrival=1 tickGapMax=2 renderFrames=52 interpolation=52 extrapolation=0 extrapolationCapped=0 extrapolationMaxMs=0.0 oldestHeld=0 zeroSpan=1 movingFrozen=0 teleport=0 visualStepAvgCm=0.00 visualStepMaxCm=0.00
[rubber-banding][remote-render] time=274.818 frame=15016 entity=2 latestHostTick=11250 buffer=8 windowMs=1015.6 fps=51.2 snapshots=31 arrivalSamples=31 arrivalAvgMs=33.4 arrivalP95Ms=43.2 arrivalMaxMs=58.7 sameArrival=1 tickGapMax=2 renderFrames=52 interpolation=52 extrapolation=0 extrapolationCapped=0 extrapolationMaxMs=0.0 oldestHeld=0 zeroSpan=1 movingFrozen=0 teleport=0 visualStepAvgCm=0.00 visualStepMaxCm=0.00
[rubber-banding][remote-render] time=274.818 frame=15016 entity=4 latestHostTick=11250 buffer=8 windowMs=1015.6 fps=51.2 snapshots=31 arrivalSamples=31 arrivalAvgMs=33.4 arrivalP95Ms=43.2 arrivalMaxMs=58.7 sameArrival=1 tickGapMax=2 renderFrames=52 interpolation=52 extrapolation=0 extrapolationCapped=0 extrapolationMaxMs=0.0 oldestHeld=0 zeroSpan=1 movingFrozen=0 teleport=0 visualStepAvgCm=0.00 visualStepMaxCm=0.00
[rubber-banding][remote-render] time=275.826 frame=15069 entity=1 latestHostTick=11310 buffer=8 windowMs=1008.4 fps=52.6 snapshots=30 arrivalSamples=30 arrivalAvgMs=33.6 arrivalP95Ms=59.7 arrivalMaxMs=61.6 sameArrival=1 tickGapMax=2 renderFrames=53 interpolation=53 extrapolation=0 extrapolationCapped=0 extrapolationMaxMs=0.0 oldestHeld=0 zeroSpan=1 movingFrozen=0 teleport=0 visualStepAvgCm=0.00 visualStepMaxCm=0.00
[rubber-banding][remote-render] time=275.826 frame=15069 entity=2 latestHostTick=11310 buffer=8 windowMs=1008.4 fps=52.6 snapshots=30 arrivalSamples=30 arrivalAvgMs=33.6 arrivalP95Ms=59.7 arrivalMaxMs=61.6 sameArrival=1 tickGapMax=2 renderFrames=53 interpolation=53 extrapolation=0 extrapolationCapped=0 extrapolationMaxMs=0.0 oldestHeld=0 zeroSpan=1 movingFrozen=0 teleport=0 visualStepAvgCm=0.00 visualStepMaxCm=0.00
[rubber-banding][remote-render] time=275.826 frame=15069 entity=4 latestHostTick=11310 buffer=8 windowMs=1008.4 fps=52.6 snapshots=30 arrivalSamples=30 arrivalAvgMs=33.6 arrivalP95Ms=59.7 arrivalMaxMs=61.6 sameArrival=1 tickGapMax=2 renderFrames=53 interpolation=53 extrapolation=0 extrapolationCapped=0 extrapolationMaxMs=0.0 oldestHeld=0 zeroSpan=1 movingFrozen=0 teleport=0 visualStepAvgCm=0.00 visualStepMaxCm=0.00
[rubber-banding][remote-render] time=276.834 frame=15121 entity=1 latestHostTick=11370 buffer=8 windowMs=1007.7 fps=51.6 snapshots=30 arrivalSamples=30 arrivalAvgMs=33.6 arrivalP95Ms=43.2 arrivalMaxMs=49.8 sameArrival=1 tickGapMax=2 renderFrames=52 interpolation=52 extrapolation=0 extrapolationCapped=0 extrapolationMaxMs=0.0 oldestHeld=0 zeroSpan=2 movingFrozen=0 teleport=0 visualStepAvgCm=0.00 visualStepMaxCm=0.00
[rubber-banding][remote-render] time=276.834 frame=15121 entity=2 latestHostTick=11370 buffer=8 windowMs=1007.7 fps=51.6 snapshots=30 arrivalSamples=30 arrivalAvgMs=33.6 arrivalP95Ms=43.2 arrivalMaxMs=49.8 sameArrival=1 tickGapMax=2 renderFrames=52 interpolation=52 extrapolation=0 extrapolationCapped=0 extrapolationMaxMs=0.0 oldestHeld=0 zeroSpan=2 movingFrozen=0 teleport=0 visualStepAvgCm=0.00 visualStepMaxCm=0.00
[rubber-banding][remote-render] time=276.834 frame=15121 entity=4 latestHostTick=11370 buffer=8 windowMs=1007.7 fps=51.6 snapshots=30 arrivalSamples=30 arrivalAvgMs=33.6 arrivalP95Ms=43.2 arrivalMaxMs=49.8 sameArrival=1 tickGapMax=2 renderFrames=52 interpolation=52 extrapolation=0 extrapolationCapped=0 extrapolationMaxMs=0.0 oldestHeld=0 zeroSpan=2 movingFrozen=0 teleport=0 visualStepAvgCm=0.00 visualStepMaxCm=0.00
[rubber-banding][remote-render] time=277.852 frame=15173 entity=1 latestHostTick=11430 buffer=8 windowMs=1018.3 fps=51.1 snapshots=30 arrivalSamples=30 arrivalAvgMs=33.9 arrivalP95Ms=49.7 arrivalMaxMs=49.8 sameArrival=0 tickGapMax=2 renderFrames=52 interpolation=52 extrapolation=0 extrapolationCapped=0 extrapolationMaxMs=0.0 oldestHeld=0 zeroSpan=0 movingFrozen=0 teleport=0 visualStepAvgCm=0.00 visualStepMaxCm=0.00
[rubber-banding][remote-render] time=277.852 frame=15173 entity=2 latestHostTick=11430 buffer=8 windowMs=1018.3 fps=51.1 snapshots=30 arrivalSamples=30 arrivalAvgMs=33.9 arrivalP95Ms=49.7 arrivalMaxMs=49.8 sameArrival=0 tickGapMax=2 renderFrames=52 interpolation=52 extrapolation=0 extrapolationCapped=0 extrapolationMaxMs=0.0 oldestHeld=0 zeroSpan=0 movingFrozen=0 teleport=0 visualStepAvgCm=0.00 visualStepMaxCm=0.00
[rubber-banding][remote-render] time=277.852 frame=15173 entity=4 latestHostTick=11430 buffer=8 windowMs=1018.3 fps=51.1 snapshots=30 arrivalSamples=30 arrivalAvgMs=33.9 arrivalP95Ms=49.7 arrivalMaxMs=49.8 sameArrival=0 tickGapMax=2 renderFrames=52 interpolation=52 extrapolation=0 extrapolationCapped=0 extrapolationMaxMs=0.0 oldestHeld=0 zeroSpan=0 movingFrozen=0 teleport=0 visualStepAvgCm=0.00 visualStepMaxCm=0.00
[rubber-banding][remote-render] time=278.853 frame=15225 entity=1 latestHostTick=11490 buffer=8 windowMs=1000.8 fps=52.0 snapshots=30 arrivalSamples=30 arrivalAvgMs=32.7 arrivalP95Ms=58.3 arrivalMaxMs=58.3 sameArrival=2 tickGapMax=2 renderFrames=52 interpolation=52 extrapolation=0 extrapolationCapped=0 extrapolationMaxMs=0.0 oldestHeld=0 zeroSpan=3 movingFrozen=0 teleport=0 visualStepAvgCm=0.00 visualStepMaxCm=0.00
[rubber-banding][remote-render] time=278.853 frame=15225 entity=2 latestHostTick=11490 buffer=8 windowMs=1000.8 fps=52.0 snapshots=30 arrivalSamples=30 arrivalAvgMs=32.7 arrivalP95Ms=58.3 arrivalMaxMs=58.3 sameArrival=2 tickGapMax=2 renderFrames=52 interpolation=52 extrapolation=0 extrapolationCapped=0 extrapolationMaxMs=0.0 oldestHeld=0 zeroSpan=3 movingFrozen=0 teleport=0 visualStepAvgCm=0.00 visualStepMaxCm=0.00
[rubber-banding][remote-render] time=278.853 frame=15225 entity=4 latestHostTick=11490 buffer=8 windowMs=1000.8 fps=52.0 snapshots=30 arrivalSamples=30 arrivalAvgMs=32.7 arrivalP95Ms=58.3 arrivalMaxMs=58.3 sameArrival=2 tickGapMax=2 renderFrames=52 interpolation=52 extrapolation=0 extrapolationCapped=0 extrapolationMaxMs=0.0 oldestHeld=0 zeroSpan=3 movingFrozen=0 teleport=0 visualStepAvgCm=0.00 visualStepMaxCm=0.00
[rubber-banding][remote-render] time=279.859 frame=15278 entity=1 latestHostTick=11552 buffer=8 windowMs=1005.9 fps=52.7 snapshots=31 arrivalSamples=31 arrivalAvgMs=33.1 arrivalP95Ms=58.3 arrivalMaxMs=59.4 sameArrival=2 tickGapMax=2 renderFrames=53 interpolation=53 extrapolation=0 extrapolationCapped=0 extrapolationMaxMs=0.0 oldestHeld=0 zeroSpan=3 movingFrozen=0 teleport=0 visualStepAvgCm=0.00 visualStepMaxCm=0.00
[rubber-banding][remote-render] time=279.859 frame=15278 entity=2 latestHostTick=11552 buffer=8 windowMs=1005.9 fps=52.7 snapshots=31 arrivalSamples=31 arrivalAvgMs=33.1 arrivalP95Ms=58.3 arrivalMaxMs=59.4 sameArrival=2 tickGapMax=2 renderFrames=53 interpolation=53 extrapolation=0 extrapolationCapped=0 extrapolationMaxMs=0.0 oldestHeld=0 zeroSpan=3 movingFrozen=0 teleport=0 visualStepAvgCm=0.00 visualStepMaxCm=0.00
[rubber-banding][remote-render] time=279.859 frame=15278 entity=4 latestHostTick=11552 buffer=8 windowMs=1005.9 fps=52.7 snapshots=31 arrivalSamples=31 arrivalAvgMs=33.1 arrivalP95Ms=58.3 arrivalMaxMs=59.4 sameArrival=2 tickGapMax=2 renderFrames=53 interpolation=53 extrapolation=0 extrapolationCapped=0 extrapolationMaxMs=0.0 oldestHeld=0 zeroSpan=3 movingFrozen=0 teleport=0 visualStepAvgCm=0.00 visualStepMaxCm=0.00
[rubber-banding][remote-render] time=280.871 frame=15329 entity=1 latestHostTick=11612 buffer=8 windowMs=1012.1 fps=50.4 snapshots=30 arrivalSamples=30 arrivalAvgMs=33.7 arrivalP95Ms=58.3 arrivalMaxMs=58.3 sameArrival=0 tickGapMax=2 renderFrames=51 interpolation=51 extrapolation=0 extrapolationCapped=0 extrapolationMaxMs=0.0 oldestHeld=0 zeroSpan=0 movingFrozen=0 teleport=0 visualStepAvgCm=0.00 visualStepMaxCm=0.00
[rubber-banding][remote-render] time=280.871 frame=15329 entity=2 latestHostTick=11612 buffer=8 windowMs=1012.1 fps=50.4 snapshots=30 arrivalSamples=30 arrivalAvgMs=33.7 arrivalP95Ms=58.3 arrivalMaxMs=58.3 sameArrival=0 tickGapMax=2 renderFrames=51 interpolation=51 extrapolation=0 extrapolationCapped=0 extrapolationMaxMs=0.0 oldestHeld=0 zeroSpan=0 movingFrozen=0 teleport=0 visualStepAvgCm=0.00 visualStepMaxCm=0.00
[rubber-banding][remote-render] time=280.871 frame=15329 entity=4 latestHostTick=11612 buffer=8 windowMs=1012.1 fps=50.4 snapshots=30 arrivalSamples=30 arrivalAvgMs=33.7 arrivalP95Ms=58.3 arrivalMaxMs=58.3 sameArrival=0 tickGapMax=2 renderFrames=51 interpolation=51 extrapolation=0 extrapolationCapped=0 extrapolationMaxMs=0.0 oldestHeld=0 zeroSpan=0 movingFrozen=0 teleport=0 visualStepAvgCm=0.00 visualStepMaxCm=0.00
[rubber-banding][remote-render] time=281.876 frame=15378 entity=1 latestHostTick=11672 buffer=8 windowMs=1004.9 fps=48.8 snapshots=30 arrivalSamples=30 arrivalAvgMs=33.5 arrivalP95Ms=52.9 arrivalMaxMs=65.2 sameArrival=0 tickGapMax=2 renderFrames=49 interpolation=49 extrapolation=0 extrapolationCapped=0 extrapolationMaxMs=0.0 oldestHeld=0 zeroSpan=0 movingFrozen=0 teleport=0 visualStepAvgCm=0.00 visualStepMaxCm=0.00
[rubber-banding][remote-render] time=281.876 frame=15378 entity=2 latestHostTick=11672 buffer=8 windowMs=1004.9 fps=48.8 snapshots=30 arrivalSamples=30 arrivalAvgMs=33.5 arrivalP95Ms=52.9 arrivalMaxMs=65.2 sameArrival=0 tickGapMax=2 renderFrames=49 interpolation=49 extrapolation=0 extrapolationCapped=0 extrapolationMaxMs=0.0 oldestHeld=0 zeroSpan=0 movingFrozen=0 teleport=0 visualStepAvgCm=0.00 visualStepMaxCm=0.00
[rubber-banding][remote-render] time=281.876 frame=15378 entity=4 latestHostTick=11672 buffer=8 windowMs=1004.9 fps=48.8 snapshots=30 arrivalSamples=30 arrivalAvgMs=33.5 arrivalP95Ms=52.9 arrivalMaxMs=65.2 sameArrival=0 tickGapMax=2 renderFrames=49 interpolation=49 extrapolation=0 extrapolationCapped=0 extrapolationMaxMs=0.0 oldestHeld=0 zeroSpan=0 movingFrozen=0 teleport=0 visualStepAvgCm=0.00 visualStepMaxCm=0.00
[rubber-banding][remote-render] time=282.884 frame=15431 entity=1 latestHostTick=11732 buffer=8 windowMs=1008.0 fps=52.6 snapshots=30 arrivalSamples=30 arrivalAvgMs=32.5 arrivalP95Ms=50.1 arrivalMaxMs=58.0 sameArrival=1 tickGapMax=2 renderFrames=53 interpolation=53 extrapolation=0 extrapolationCapped=0 extrapolationMaxMs=0.0 oldestHeld=0 zeroSpan=0 movingFrozen=0 teleport=0 visualStepAvgCm=0.00 visualStepMaxCm=0.00
[rubber-banding][remote-render] time=282.884 frame=15431 entity=2 latestHostTick=11732 buffer=8 windowMs=1008.0 fps=52.6 snapshots=30 arrivalSamples=30 arrivalAvgMs=32.5 arrivalP95Ms=50.1 arrivalMaxMs=58.0 sameArrival=1 tickGapMax=2 renderFrames=53 interpolation=53 extrapolation=0 extrapolationCapped=0 extrapolationMaxMs=0.0 oldestHeld=0 zeroSpan=0 movingFrozen=0 teleport=0 visualStepAvgCm=0.00 visualStepMaxCm=0.00
[rubber-banding][remote-render] time=282.884 frame=15431 entity=4 latestHostTick=11732 buffer=8 windowMs=1008.0 fps=52.6 snapshots=30 arrivalSamples=30 arrivalAvgMs=32.5 arrivalP95Ms=50.1 arrivalMaxMs=58.0 sameArrival=1 tickGapMax=2 renderFrames=53 interpolation=53 extrapolation=0 extrapolationCapped=0 extrapolationMaxMs=0.0 oldestHeld=0 zeroSpan=0 movingFrozen=0 teleport=0 visualStepAvgCm=0.00 visualStepMaxCm=0.00
[rubber-banding][remote-render] time=283.884 frame=15482 entity=1 latestHostTick=11792 buffer=8 windowMs=1000.5 fps=51.0 snapshots=30 arrivalSamples=30 arrivalAvgMs=33.6 arrivalP95Ms=50.7 arrivalMaxMs=58.5 sameArrival=1 tickGapMax=2 renderFrames=51 interpolation=51 extrapolation=0 extrapolationCapped=0 extrapolationMaxMs=0.0 oldestHeld=0 zeroSpan=4 movingFrozen=0 teleport=0 visualStepAvgCm=0.00 visualStepMaxCm=0.00
[rubber-banding][remote-render] time=283.884 frame=15482 entity=2 latestHostTick=11792 buffer=8 windowMs=1000.5 fps=51.0 snapshots=30 arrivalSamples=30 arrivalAvgMs=33.6 arrivalP95Ms=50.7 arrivalMaxMs=58.5 sameArrival=1 tickGapMax=2 renderFrames=51 interpolation=51 extrapolation=0 extrapolationCapped=0 extrapolationMaxMs=0.0 oldestHeld=0 zeroSpan=4 movingFrozen=0 teleport=0 visualStepAvgCm=0.00 visualStepMaxCm=0.00
[rubber-banding][remote-render] time=283.884 frame=15482 entity=4 latestHostTick=11792 buffer=8 windowMs=1000.5 fps=51.0 snapshots=30 arrivalSamples=30 arrivalAvgMs=33.6 arrivalP95Ms=50.7 arrivalMaxMs=58.5 sameArrival=1 tickGapMax=2 renderFrames=51 interpolation=51 extrapolation=0 extrapolationCapped=0 extrapolationMaxMs=0.0 oldestHeld=0 zeroSpan=4 movingFrozen=0 teleport=0 visualStepAvgCm=0.00 visualStepMaxCm=0.00
[rubber-banding][remote-render] time=284.892 frame=15533 entity=1 latestHostTick=11854 buffer=8 windowMs=1008.4 fps=50.6 snapshots=31 arrivalSamples=31 arrivalAvgMs=33.3 arrivalP95Ms=57.9 arrivalMaxMs=58.5 sameArrival=1 tickGapMax=2 renderFrames=51 interpolation=51 extrapolation=0 extrapolationCapped=0 extrapolationMaxMs=0.0 oldestHeld=0 zeroSpan=2 movingFrozen=0 teleport=0 visualStepAvgCm=0.00 visualStepMaxCm=0.00
[rubber-banding][remote-render] time=284.892 frame=15533 entity=2 latestHostTick=11854 buffer=8 windowMs=1008.4 fps=50.6 snapshots=31 arrivalSamples=31 arrivalAvgMs=33.3 arrivalP95Ms=57.9 arrivalMaxMs=58.5 sameArrival=1 tickGapMax=2 renderFrames=51 interpolation=51 extrapolation=0 extrapolationCapped=0 extrapolationMaxMs=0.0 oldestHeld=0 zeroSpan=2 movingFrozen=0 teleport=0 visualStepAvgCm=0.00 visualStepMaxCm=0.00
[rubber-banding][remote-render] time=284.892 frame=15533 entity=4 latestHostTick=11854 buffer=8 windowMs=1008.4 fps=50.6 snapshots=31 arrivalSamples=31 arrivalAvgMs=33.3 arrivalP95Ms=57.9 arrivalMaxMs=58.5 sameArrival=1 tickGapMax=2 renderFrames=51 interpolation=51 extrapolation=0 extrapolationCapped=0 extrapolationMaxMs=0.0 oldestHeld=0 zeroSpan=2 movingFrozen=0 teleport=0 visualStepAvgCm=0.00 visualStepMaxCm=0.00
[rubber-banding][remote-render] time=285.920 frame=15584 entity=1 latestHostTick=11914 buffer=8 windowMs=1027.1 fps=49.7 snapshots=30 arrivalSamples=30 arrivalAvgMs=33.3 arrivalP95Ms=58.4 arrivalMaxMs=58.8 sameArrival=1 tickGapMax=2 renderFrames=51 interpolation=51 extrapolation=0 extrapolationCapped=0 extrapolationMaxMs=0.0 oldestHeld=0 zeroSpan=2 movingFrozen=0 teleport=0 visualStepAvgCm=0.00 visualStepMaxCm=0.00
[rubber-banding][remote-render] time=285.920 frame=15584 entity=2 latestHostTick=11914 buffer=8 windowMs=1027.1 fps=49.7 snapshots=30 arrivalSamples=30 arrivalAvgMs=33.3 arrivalP95Ms=58.4 arrivalMaxMs=58.8 sameArrival=1 tickGapMax=2 renderFrames=51 interpolation=51 extrapolation=0 extrapolationCapped=0 extrapolationMaxMs=0.0 oldestHeld=0 zeroSpan=2 movingFrozen=0 teleport=0 visualStepAvgCm=0.00 visualStepMaxCm=0.00
[rubber-banding][remote-render] time=285.920 frame=15584 entity=4 latestHostTick=11914 buffer=8 windowMs=1027.1 fps=49.7 snapshots=30 arrivalSamples=30 arrivalAvgMs=33.3 arrivalP95Ms=58.4 arrivalMaxMs=58.8 sameArrival=1 tickGapMax=2 renderFrames=51 interpolation=51 extrapolation=0 extrapolationCapped=0 extrapolationMaxMs=0.0 oldestHeld=0 zeroSpan=2 movingFrozen=0 teleport=0 visualStepAvgCm=0.00 visualStepMaxCm=0.00
[rubber-banding][remote-render] time=286.943 frame=15638 entity=1 latestHostTick=11976 buffer=8 windowMs=1023.7 fps=52.7 snapshots=31 arrivalSamples=31 arrivalAvgMs=33.9 arrivalP95Ms=58.4 arrivalMaxMs=66.7 sameArrival=1 tickGapMax=2 renderFrames=54 interpolation=54 extrapolation=0 extrapolationCapped=0 extrapolationMaxMs=0.0 oldestHeld=0 zeroSpan=2 movingFrozen=0 teleport=0 visualStepAvgCm=0.00 visualStepMaxCm=0.00
[rubber-banding][remote-render] time=286.943 frame=15638 entity=2 latestHostTick=11976 buffer=8 windowMs=1023.7 fps=52.7 snapshots=31 arrivalSamples=31 arrivalAvgMs=33.9 arrivalP95Ms=58.4 arrivalMaxMs=66.7 sameArrival=1 tickGapMax=2 renderFrames=54 interpolation=54 extrapolation=0 extrapolationCapped=0 extrapolationMaxMs=0.0 oldestHeld=0 zeroSpan=2 movingFrozen=0 teleport=0 visualStepAvgCm=0.00 visualStepMaxCm=0.00
[rubber-banding][remote-render] time=286.943 frame=15638 entity=4 latestHostTick=11976 buffer=8 windowMs=1023.7 fps=52.7 snapshots=31 arrivalSamples=31 arrivalAvgMs=33.9 arrivalP95Ms=58.4 arrivalMaxMs=66.7 sameArrival=1 tickGapMax=2 renderFrames=54 interpolation=54 extrapolation=0 extrapolationCapped=0 extrapolationMaxMs=0.0 oldestHeld=0 zeroSpan=2 movingFrozen=0 teleport=0 visualStepAvgCm=0.00 visualStepMaxCm=0.00
[rubber-banding][remote-render] time=287.944 frame=15689 entity=1 latestHostTick=12036 buffer=8 windowMs=1001.1 fps=50.9 snapshots=30 arrivalSamples=30 arrivalAvgMs=33.4 arrivalP95Ms=44.8 arrivalMaxMs=46.1 sameArrival=1 tickGapMax=2 renderFrames=51 interpolation=51 extrapolation=0 extrapolationCapped=0 extrapolationMaxMs=0.0 oldestHeld=0 zeroSpan=2 movingFrozen=0 teleport=0 visualStepAvgCm=0.00 visualStepMaxCm=0.00
[rubber-banding][remote-render] time=287.944 frame=15689 entity=2 latestHostTick=12036 buffer=8 windowMs=1001.1 fps=50.9 snapshots=30 arrivalSamples=30 arrivalAvgMs=33.4 arrivalP95Ms=44.8 arrivalMaxMs=46.1 sameArrival=1 tickGapMax=2 renderFrames=51 interpolation=51 extrapolation=0 extrapolationCapped=0 extrapolationMaxMs=0.0 oldestHeld=0 zeroSpan=2 movingFrozen=0 teleport=0 visualStepAvgCm=0.00 visualStepMaxCm=0.00
[rubber-banding][remote-render] time=287.944 frame=15689 entity=4 latestHostTick=12036 buffer=8 windowMs=1001.1 fps=50.9 snapshots=30 arrivalSamples=30 arrivalAvgMs=33.4 arrivalP95Ms=44.8 arrivalMaxMs=46.1 sameArrival=1 tickGapMax=2 renderFrames=51 interpolation=51 extrapolation=0 extrapolationCapped=0 extrapolationMaxMs=0.0 oldestHeld=0 zeroSpan=2 movingFrozen=0 teleport=0 visualStepAvgCm=0.00 visualStepMaxCm=0.00
[rubber-banding][remote-render] time=288.959 frame=15740 entity=1 latestHostTick=12098 buffer=8 windowMs=1014.7 fps=50.3 snapshots=31 arrivalSamples=31 arrivalAvgMs=32.7 arrivalP95Ms=46.5 arrivalMaxMs=59.6 sameArrival=1 tickGapMax=2 renderFrames=51 interpolation=51 extrapolation=0 extrapolationCapped=0 extrapolationMaxMs=0.0 oldestHeld=0 zeroSpan=2 movingFrozen=0 teleport=0 visualStepAvgCm=0.00 visualStepMaxCm=0.00
[rubber-banding][remote-render] time=288.959 frame=15740 entity=2 latestHostTick=12098 buffer=8 windowMs=1014.7 fps=50.3 snapshots=31 arrivalSamples=31 arrivalAvgMs=32.7 arrivalP95Ms=46.5 arrivalMaxMs=59.6 sameArrival=1 tickGapMax=2 renderFrames=51 interpolation=51 extrapolation=0 extrapolationCapped=0 extrapolationMaxMs=0.0 oldestHeld=0 zeroSpan=2 movingFrozen=0 teleport=0 visualStepAvgCm=0.00 visualStepMaxCm=0.00
[rubber-banding][remote-render] time=288.959 frame=15740 entity=4 latestHostTick=12098 buffer=8 windowMs=1014.7 fps=50.3 snapshots=31 arrivalSamples=31 arrivalAvgMs=32.7 arrivalP95Ms=46.5 arrivalMaxMs=59.6 sameArrival=1 tickGapMax=2 renderFrames=51 interpolation=51 extrapolation=0 extrapolationCapped=0 extrapolationMaxMs=0.0 oldestHeld=0 zeroSpan=2 movingFrozen=0 teleport=0 visualStepAvgCm=0.00 visualStepMaxCm=0.00
[rubber-banding][remote-render] time=289.977 frame=15792 entity=1 latestHostTick=12158 buffer=8 windowMs=1018.2 fps=51.1 snapshots=30 arrivalSamples=30 arrivalAvgMs=33.9 arrivalP95Ms=43.8 arrivalMaxMs=48.6 sameArrival=0 tickGapMax=2 renderFrames=52 interpolation=52 extrapolation=0 extrapolationCapped=0 extrapolationMaxMs=0.0 oldestHeld=0 zeroSpan=0 movingFrozen=0 teleport=0 visualStepAvgCm=0.00 visualStepMaxCm=0.00
[rubber-banding][remote-render] time=289.977 frame=15792 entity=2 latestHostTick=12158 buffer=8 windowMs=1018.2 fps=51.1 snapshots=30 arrivalSamples=30 arrivalAvgMs=33.9 arrivalP95Ms=43.8 arrivalMaxMs=48.6 sameArrival=0 tickGapMax=2 renderFrames=52 interpolation=52 extrapolation=0 extrapolationCapped=0 extrapolationMaxMs=0.0 oldestHeld=0 zeroSpan=0 movingFrozen=0 teleport=0 visualStepAvgCm=0.00 visualStepMaxCm=0.00
[rubber-banding][remote-render] time=289.977 frame=15792 entity=4 latestHostTick=12158 buffer=8 windowMs=1018.2 fps=51.1 snapshots=30 arrivalSamples=30 arrivalAvgMs=33.9 arrivalP95Ms=43.8 arrivalMaxMs=48.6 sameArrival=0 tickGapMax=2 renderFrames=52 interpolation=52 extrapolation=0 extrapolationCapped=0 extrapolationMaxMs=0.0 oldestHeld=0 zeroSpan=0 movingFrozen=0 teleport=0 visualStepAvgCm=0.00 visualStepMaxCm=0.00
[rubber-banding][remote-render] time=290.993 frame=15845 entity=1 latestHostTick=12220 buffer=8 windowMs=1015.7 fps=52.2 snapshots=31 arrivalSamples=31 arrivalAvgMs=32.8 arrivalP95Ms=41.7 arrivalMaxMs=41.8 sameArrival=0 tickGapMax=2 renderFrames=53 interpolation=53 extrapolation=0 extrapolationCapped=0 extrapolationMaxMs=0.0 oldestHeld=0 zeroSpan=0 movingFrozen=0 teleport=0 visualStepAvgCm=0.00 visualStepMaxCm=0.00
[rubber-banding][remote-render] time=290.993 frame=15845 entity=2 latestHostTick=12220 buffer=8 windowMs=1015.7 fps=52.2 snapshots=31 arrivalSamples=31 arrivalAvgMs=32.8 arrivalP95Ms=41.7 arrivalMaxMs=41.8 sameArrival=0 tickGapMax=2 renderFrames=53 interpolation=53 extrapolation=0 extrapolationCapped=0 extrapolationMaxMs=0.0 oldestHeld=0 zeroSpan=0 movingFrozen=0 teleport=0 visualStepAvgCm=0.00 visualStepMaxCm=0.00
[rubber-banding][remote-render] time=290.993 frame=15845 entity=4 latestHostTick=12220 buffer=8 windowMs=1015.7 fps=52.2 snapshots=31 arrivalSamples=31 arrivalAvgMs=32.8 arrivalP95Ms=41.7 arrivalMaxMs=41.8 sameArrival=0 tickGapMax=2 renderFrames=53 interpolation=53 extrapolation=0 extrapolationCapped=0 extrapolationMaxMs=0.0 oldestHeld=0 zeroSpan=0 movingFrozen=0 teleport=0 visualStepAvgCm=0.00 visualStepMaxCm=0.00
[rubber-banding][remote-render] time=292.009 frame=15898 entity=1 latestHostTick=12280 buffer=8 windowMs=1015.5 fps=52.2 snapshots=30 arrivalSamples=30 arrivalAvgMs=33.9 arrivalP95Ms=49.9 arrivalMaxMs=50.1 sameArrival=0 tickGapMax=2 renderFrames=53 interpolation=53 extrapolation=0 extrapolationCapped=0 extrapolationMaxMs=0.0 oldestHeld=0 zeroSpan=0 movingFrozen=0 teleport=0 visualStepAvgCm=0.00 visualStepMaxCm=0.00
[rubber-banding][remote-render] time=292.009 frame=15898 entity=2 latestHostTick=12280 buffer=8 windowMs=1015.5 fps=52.2 snapshots=30 arrivalSamples=30 arrivalAvgMs=33.9 arrivalP95Ms=49.9 arrivalMaxMs=50.1 sameArrival=0 tickGapMax=2 renderFrames=53 interpolation=53 extrapolation=0 extrapolationCapped=0 extrapolationMaxMs=0.0 oldestHeld=0 zeroSpan=0 movingFrozen=0 teleport=0 visualStepAvgCm=0.00 visualStepMaxCm=0.00
[rubber-banding][remote-render] time=292.009 frame=15898 entity=4 latestHostTick=12280 buffer=8 windowMs=1015.5 fps=52.2 snapshots=30 arrivalSamples=30 arrivalAvgMs=33.9 arrivalP95Ms=49.9 arrivalMaxMs=50.1 sameArrival=0 tickGapMax=2 renderFrames=53 interpolation=53 extrapolation=0 extrapolationCapped=0 extrapolationMaxMs=0.0 oldestHeld=0 zeroSpan=0 movingFrozen=0 teleport=0 visualStepAvgCm=0.00 visualStepMaxCm=0.00
[rubber-banding][remote-render] time=293.009 frame=15948 entity=1 latestHostTick=12340 buffer=8 windowMs=1000.2 fps=50.0 snapshots=30 arrivalSamples=30 arrivalAvgMs=33.3 arrivalP95Ms=49.0 arrivalMaxMs=60.5 sameArrival=0 tickGapMax=2 renderFrames=50 interpolation=50 extrapolation=0 extrapolationCapped=0 extrapolationMaxMs=0.0 oldestHeld=0 zeroSpan=0 movingFrozen=0 teleport=0 visualStepAvgCm=0.00 visualStepMaxCm=0.00
[rubber-banding][remote-render] time=293.009 frame=15948 entity=2 latestHostTick=12340 buffer=8 windowMs=1000.2 fps=50.0 snapshots=30 arrivalSamples=30 arrivalAvgMs=33.3 arrivalP95Ms=49.0 arrivalMaxMs=60.5 sameArrival=0 tickGapMax=2 renderFrames=50 interpolation=50 extrapolation=0 extrapolationCapped=0 extrapolationMaxMs=0.0 oldestHeld=0 zeroSpan=0 movingFrozen=0 teleport=0 visualStepAvgCm=0.00 visualStepMaxCm=0.00
[rubber-banding][remote-render] time=293.009 frame=15948 entity=4 latestHostTick=12340 buffer=8 windowMs=1000.2 fps=50.0 snapshots=30 arrivalSamples=30 arrivalAvgMs=33.3 arrivalP95Ms=49.0 arrivalMaxMs=60.5 sameArrival=0 tickGapMax=2 renderFrames=50 interpolation=50 extrapolation=0 extrapolationCapped=0 extrapolationMaxMs=0.0 oldestHeld=0 zeroSpan=0 movingFrozen=0 teleport=0 visualStepAvgCm=0.00 visualStepMaxCm=0.00
[rubber-banding][remote-render] time=294.017 frame=15999 entity=1 latestHostTick=12400 buffer=8 windowMs=1008.0 fps=50.6 snapshots=30 arrivalSamples=30 arrivalAvgMs=33.0 arrivalP95Ms=43.9 arrivalMaxMs=58.7 sameArrival=0 tickGapMax=2 renderFrames=51 interpolation=51 extrapolation=0 extrapolationCapped=0 extrapolationMaxMs=0.0 oldestHeld=0 zeroSpan=0 movingFrozen=0 teleport=0 visualStepAvgCm=0.00 visualStepMaxCm=0.00
[rubber-banding][remote-render] time=294.017 frame=15999 entity=2 latestHostTick=12400 buffer=8 windowMs=1008.0 fps=50.6 snapshots=30 arrivalSamples=30 arrivalAvgMs=33.0 arrivalP95Ms=43.9 arrivalMaxMs=58.7 sameArrival=0 tickGapMax=2 renderFrames=51 interpolation=51 extrapolation=0 extrapolationCapped=0 extrapolationMaxMs=0.0 oldestHeld=0 zeroSpan=0 movingFrozen=0 teleport=0 visualStepAvgCm=0.00 visualStepMaxCm=0.00
[rubber-banding][remote-render] time=294.017 frame=15999 entity=4 latestHostTick=12400 buffer=8 windowMs=1008.0 fps=50.6 snapshots=30 arrivalSamples=30 arrivalAvgMs=33.0 arrivalP95Ms=43.9 arrivalMaxMs=58.7 sameArrival=0 tickGapMax=2 renderFrames=51 interpolation=51 extrapolation=0 extrapolationCapped=0 extrapolationMaxMs=0.0 oldestHeld=0 zeroSpan=0 movingFrozen=0 teleport=0 visualStepAvgCm=0.00 visualStepMaxCm=0.00
[rubber-banding][remote-render] time=295.025 frame=16051 entity=1 latestHostTick=12462 buffer=8 windowMs=1008.3 fps=51.6 snapshots=31 arrivalSamples=31 arrivalAvgMs=33.1 arrivalP95Ms=43.0 arrivalMaxMs=58.3 sameArrival=1 tickGapMax=2 renderFrames=52 interpolation=52 extrapolation=0 extrapolationCapped=0 extrapolationMaxMs=0.0 oldestHeld=0 zeroSpan=2 movingFrozen=0 teleport=0 visualStepAvgCm=0.00 visualStepMaxCm=0.00
[rubber-banding][remote-render] time=295.025 frame=16051 entity=2 latestHostTick=12462 buffer=8 windowMs=1008.3 fps=51.6 snapshots=31 arrivalSamples=31 arrivalAvgMs=33.1 arrivalP95Ms=43.0 arrivalMaxMs=58.3 sameArrival=1 tickGapMax=2 renderFrames=52 interpolation=52 extrapolation=0 extrapolationCapped=0 extrapolationMaxMs=0.0 oldestHeld=0 zeroSpan=2 movingFrozen=0 teleport=0 visualStepAvgCm=0.00 visualStepMaxCm=0.00
[rubber-banding][remote-render] time=295.025 frame=16051 entity=4 latestHostTick=12462 buffer=8 windowMs=1008.3 fps=51.6 snapshots=31 arrivalSamples=31 arrivalAvgMs=33.1 arrivalP95Ms=43.0 arrivalMaxMs=58.3 sameArrival=1 tickGapMax=2 renderFrames=52 interpolation=52 extrapolation=0 extrapolationCapped=0 extrapolationMaxMs=0.0 oldestHeld=0 zeroSpan=2 movingFrozen=0 teleport=0 visualStepAvgCm=0.00 visualStepMaxCm=0.00
[rubber-banding][remote-render] time=296.034 frame=16103 entity=1 latestHostTick=12522 buffer=8 windowMs=1008.7 fps=51.6 snapshots=30 arrivalSamples=30 arrivalAvgMs=33.6 arrivalP95Ms=56.7 arrivalMaxMs=58.3 sameArrival=0 tickGapMax=2 renderFrames=52 interpolation=52 extrapolation=0 extrapolationCapped=0 extrapolationMaxMs=0.0 oldestHeld=0 zeroSpan=0 movingFrozen=0 teleport=0 visualStepAvgCm=0.00 visualStepMaxCm=0.00
[rubber-banding][remote-render] time=296.034 frame=16103 entity=2 latestHostTick=12522 buffer=8 windowMs=1008.7 fps=51.6 snapshots=30 arrivalSamples=30 arrivalAvgMs=33.6 arrivalP95Ms=56.7 arrivalMaxMs=58.3 sameArrival=0 tickGapMax=2 renderFrames=52 interpolation=52 extrapolation=0 extrapolationCapped=0 extrapolationMaxMs=0.0 oldestHeld=0 zeroSpan=0 movingFrozen=0 teleport=0 visualStepAvgCm=0.00 visualStepMaxCm=0.00
[rubber-banding][remote-render] time=296.034 frame=16103 entity=4 latestHostTick=12522 buffer=8 windowMs=1008.7 fps=51.6 snapshots=30 arrivalSamples=30 arrivalAvgMs=33.6 arrivalP95Ms=56.7 arrivalMaxMs=58.3 sameArrival=0 tickGapMax=2 renderFrames=52 interpolation=52 extrapolation=0 extrapolationCapped=0 extrapolationMaxMs=0.0 oldestHeld=0 zeroSpan=0 movingFrozen=0 teleport=0 visualStepAvgCm=0.00 visualStepMaxCm=0.00
[rubber-banding][remote-render] time=297.042 frame=16155 entity=1 latestHostTick=12582 buffer=8 windowMs=1008.1 fps=51.6 snapshots=30 arrivalSamples=30 arrivalAvgMs=33.6 arrivalP95Ms=49.7 arrivalMaxMs=58.5 sameArrival=0 tickGapMax=2 renderFrames=52 interpolation=52 extrapolation=0 extrapolationCapped=0 extrapolationMaxMs=0.0 oldestHeld=0 zeroSpan=0 movingFrozen=0 teleport=0 visualStepAvgCm=0.00 visualStepMaxCm=0.00
[rubber-banding][remote-render] time=297.042 frame=16155 entity=2 latestHostTick=12582 buffer=8 windowMs=1008.1 fps=51.6 snapshots=30 arrivalSamples=30 arrivalAvgMs=33.6 arrivalP95Ms=49.7 arrivalMaxMs=58.5 sameArrival=0 tickGapMax=2 renderFrames=52 interpolation=52 extrapolation=0 extrapolationCapped=0 extrapolationMaxMs=0.0 oldestHeld=0 zeroSpan=0 movingFrozen=0 teleport=0 visualStepAvgCm=0.00 visualStepMaxCm=0.00
[rubber-banding][remote-render] time=297.042 frame=16155 entity=4 latestHostTick=12582 buffer=8 windowMs=1008.1 fps=51.6 snapshots=30 arrivalSamples=30 arrivalAvgMs=33.6 arrivalP95Ms=49.7 arrivalMaxMs=58.5 sameArrival=0 tickGapMax=2 renderFrames=52 interpolation=52 extrapolation=0 extrapolationCapped=0 extrapolationMaxMs=0.0 oldestHeld=0 zeroSpan=0 movingFrozen=0 teleport=0 visualStepAvgCm=0.00 visualStepMaxCm=0.00
[rubber-banding][remote-render] time=298.058 frame=16207 entity=1 latestHostTick=12642 buffer=8 windowMs=1016.5 fps=51.2 snapshots=30 arrivalSamples=30 arrivalAvgMs=33.3 arrivalP95Ms=58.4 arrivalMaxMs=60.7 sameArrival=1 tickGapMax=2 renderFrames=52 interpolation=52 extrapolation=0 extrapolationCapped=0 extrapolationMaxMs=0.0 oldestHeld=0 zeroSpan=2 movingFrozen=0 teleport=0 visualStepAvgCm=0.00 visualStepMaxCm=0.00
[rubber-banding][remote-render] time=298.058 frame=16207 entity=2 latestHostTick=12642 buffer=8 windowMs=1016.5 fps=51.2 snapshots=30 arrivalSamples=30 arrivalAvgMs=33.3 arrivalP95Ms=58.4 arrivalMaxMs=60.7 sameArrival=1 tickGapMax=2 renderFrames=52 interpolation=52 extrapolation=0 extrapolationCapped=0 extrapolationMaxMs=0.0 oldestHeld=0 zeroSpan=2 movingFrozen=0 teleport=0 visualStepAvgCm=0.00 visualStepMaxCm=0.00
[rubber-banding][remote-render] time=298.058 frame=16207 entity=4 latestHostTick=12642 buffer=8 windowMs=1016.5 fps=51.2 snapshots=30 arrivalSamples=30 arrivalAvgMs=33.3 arrivalP95Ms=58.4 arrivalMaxMs=60.7 sameArrival=1 tickGapMax=2 renderFrames=52 interpolation=52 extrapolation=0 extrapolationCapped=0 extrapolationMaxMs=0.0 oldestHeld=0 zeroSpan=2 movingFrozen=0 teleport=0 visualStepAvgCm=0.00 visualStepMaxCm=0.00
[rubber-banding][remote-render] time=299.058 frame=16259 entity=1 latestHostTick=12702 buffer=8 windowMs=1000.1 fps=52.0 snapshots=30 arrivalSamples=30 arrivalAvgMs=33.3 arrivalP95Ms=49.0 arrivalMaxMs=49.7 sameArrival=0 tickGapMax=2 renderFrames=52 interpolation=52 extrapolation=0 extrapolationCapped=0 extrapolationMaxMs=0.0 oldestHeld=0 zeroSpan=0 movingFrozen=0 teleport=0 visualStepAvgCm=0.00 visualStepMaxCm=0.00
[rubber-banding][remote-render] time=299.058 frame=16259 entity=2 latestHostTick=12702 buffer=8 windowMs=1000.1 fps=52.0 snapshots=30 arrivalSamples=30 arrivalAvgMs=33.3 arrivalP95Ms=49.0 arrivalMaxMs=49.7 sameArrival=0 tickGapMax=2 renderFrames=52 interpolation=52 extrapolation=0 extrapolationCapped=0 extrapolationMaxMs=0.0 oldestHeld=0 zeroSpan=0 movingFrozen=0 teleport=0 visualStepAvgCm=0.00 visualStepMaxCm=0.00
[rubber-banding][remote-render] time=299.058 frame=16259 entity=4 latestHostTick=12702 buffer=8 windowMs=1000.1 fps=52.0 snapshots=30 arrivalSamples=30 arrivalAvgMs=33.3 arrivalP95Ms=49.0 arrivalMaxMs=49.7 sameArrival=0 tickGapMax=2 renderFrames=52 interpolation=52 extrapolation=0 extrapolationCapped=0 extrapolationMaxMs=0.0 oldestHeld=0 zeroSpan=0 movingFrozen=0 teleport=0 visualStepAvgCm=0.00 visualStepMaxCm=0.00
[rubber-banding][remote-render] time=300.067 frame=16311 entity=1 latestHostTick=12764 buffer=8 windowMs=1008.3 fps=51.6 snapshots=31 arrivalSamples=31 arrivalAvgMs=33.1 arrivalP95Ms=43.0 arrivalMaxMs=58.4 sameArrival=1 tickGapMax=2 renderFrames=52 interpolation=52 extrapolation=0 extrapolationCapped=0 extrapolationMaxMs=0.0 oldestHeld=0 zeroSpan=2 movingFrozen=0 teleport=0 visualStepAvgCm=0.00 visualStepMaxCm=0.00
[rubber-banding][remote-render] time=300.067 frame=16311 entity=2 latestHostTick=12764 buffer=8 windowMs=1008.3 fps=51.6 snapshots=31 arrivalSamples=31 arrivalAvgMs=33.1 arrivalP95Ms=43.0 arrivalMaxMs=58.4 sameArrival=1 tickGapMax=2 renderFrames=52 interpolation=52 extrapolation=0 extrapolationCapped=0 extrapolationMaxMs=0.0 oldestHeld=0 zeroSpan=2 movingFrozen=0 teleport=0 visualStepAvgCm=0.00 visualStepMaxCm=0.00
[rubber-banding][remote-render] time=300.067 frame=16311 entity=4 latestHostTick=12764 buffer=8 windowMs=1008.3 fps=51.6 snapshots=31 arrivalSamples=31 arrivalAvgMs=33.1 arrivalP95Ms=43.0 arrivalMaxMs=58.4 sameArrival=1 tickGapMax=2 renderFrames=52 interpolation=52 extrapolation=0 extrapolationCapped=0 extrapolationMaxMs=0.0 oldestHeld=0 zeroSpan=2 movingFrozen=0 teleport=0 visualStepAvgCm=0.00 visualStepMaxCm=0.00
[rubber-banding][remote-render] time=301.067 frame=16363 entity=1 latestHostTick=12824 buffer=8 windowMs=1000.0 fps=52.0 snapshots=30 arrivalSamples=30 arrivalAvgMs=33.3 arrivalP95Ms=58.8 arrivalMaxMs=62.7 sameArrival=2 tickGapMax=2 renderFrames=52 interpolation=52 extrapolation=0 extrapolationCapped=0 extrapolationMaxMs=0.0 oldestHeld=0 zeroSpan=4 movingFrozen=0 teleport=0 visualStepAvgCm=0.00 visualStepMaxCm=0.00
[rubber-banding][remote-render] time=301.067 frame=16363 entity=2 latestHostTick=12824 buffer=8 windowMs=1000.0 fps=52.0 snapshots=30 arrivalSamples=30 arrivalAvgMs=33.3 arrivalP95Ms=58.8 arrivalMaxMs=62.7 sameArrival=2 tickGapMax=2 renderFrames=52 interpolation=52 extrapolation=0 extrapolationCapped=0 extrapolationMaxMs=0.0 oldestHeld=0 zeroSpan=4 movingFrozen=0 teleport=0 visualStepAvgCm=0.00 visualStepMaxCm=0.00
[rubber-banding][remote-render] time=301.067 frame=16363 entity=4 latestHostTick=12824 buffer=8 windowMs=1000.0 fps=52.0 snapshots=30 arrivalSamples=30 arrivalAvgMs=33.3 arrivalP95Ms=58.8 arrivalMaxMs=62.7 sameArrival=2 tickGapMax=2 renderFrames=52 interpolation=52 extrapolation=0 extrapolationCapped=0 extrapolationMaxMs=0.0 oldestHeld=0 zeroSpan=4 movingFrozen=0 teleport=0 visualStepAvgCm=0.00 visualStepMaxCm=0.00
[rubber-banding][remote-render] time=302.067 frame=16414 entity=1 latestHostTick=12884 buffer=8 windowMs=1000.4 fps=51.0 snapshots=30 arrivalSamples=30 arrivalAvgMs=33.3 arrivalP95Ms=52.9 arrivalMaxMs=61.6 sameArrival=1 tickGapMax=2 renderFrames=51 interpolation=51 extrapolation=0 extrapolationCapped=0 extrapolationMaxMs=0.0 oldestHeld=0 zeroSpan=2 movingFrozen=0 teleport=0 visualStepAvgCm=0.00 visualStepMaxCm=0.00
[rubber-banding][remote-render] time=302.067 frame=16414 entity=2 latestHostTick=12884 buffer=8 windowMs=1000.4 fps=51.0 snapshots=30 arrivalSamples=30 arrivalAvgMs=33.3 arrivalP95Ms=52.9 arrivalMaxMs=61.6 sameArrival=1 tickGapMax=2 renderFrames=51 interpolation=51 extrapolation=0 extrapolationCapped=0 extrapolationMaxMs=0.0 oldestHeld=0 zeroSpan=2 movingFrozen=0 teleport=0 visualStepAvgCm=0.00 visualStepMaxCm=0.00
[rubber-banding][remote-render] time=302.067 frame=16414 entity=4 latestHostTick=12884 buffer=8 windowMs=1000.4 fps=51.0 snapshots=30 arrivalSamples=30 arrivalAvgMs=33.3 arrivalP95Ms=52.9 arrivalMaxMs=61.6 sameArrival=1 tickGapMax=2 renderFrames=51 interpolation=51 extrapolation=0 extrapolationCapped=0 extrapolationMaxMs=0.0 oldestHeld=0 zeroSpan=2 movingFrozen=0 teleport=0 visualStepAvgCm=0.00 visualStepMaxCm=0.00
[rubber-banding][remote-render] time=303.075 frame=16466 entity=1 latestHostTick=12944 buffer=8 windowMs=1008.0 fps=51.6 snapshots=30 arrivalSamples=30 arrivalAvgMs=33.6 arrivalP95Ms=42.2 arrivalMaxMs=58.3 sameArrival=0 tickGapMax=2 renderFrames=52 interpolation=52 extrapolation=0 extrapolationCapped=0 extrapolationMaxMs=0.0 oldestHeld=0 zeroSpan=0 movingFrozen=0 teleport=0 visualStepAvgCm=0.00 visualStepMaxCm=0.00
[rubber-banding][remote-render] time=303.075 frame=16466 entity=2 latestHostTick=12944 buffer=8 windowMs=1008.0 fps=51.6 snapshots=30 arrivalSamples=30 arrivalAvgMs=33.6 arrivalP95Ms=42.2 arrivalMaxMs=58.3 sameArrival=0 tickGapMax=2 renderFrames=52 interpolation=52 extrapolation=0 extrapolationCapped=0 extrapolationMaxMs=0.0 oldestHeld=0 zeroSpan=0 movingFrozen=0 teleport=0 visualStepAvgCm=0.00 visualStepMaxCm=0.00
[rubber-banding][remote-render] time=303.075 frame=16466 entity=4 latestHostTick=12944 buffer=8 windowMs=1008.0 fps=51.6 snapshots=30 arrivalSamples=30 arrivalAvgMs=33.6 arrivalP95Ms=42.2 arrivalMaxMs=58.3 sameArrival=0 tickGapMax=2 renderFrames=52 interpolation=52 extrapolation=0 extrapolationCapped=0 extrapolationMaxMs=0.0 oldestHeld=0 zeroSpan=0 movingFrozen=0 teleport=0 visualStepAvgCm=0.00 visualStepMaxCm=0.00
[rubber-banding][remote-render] time=304.086 frame=16517 entity=1 latestHostTick=13004 buffer=8 windowMs=1011.2 fps=50.4 snapshots=30 arrivalSamples=30 arrivalAvgMs=33.7 arrivalP95Ms=58.4 arrivalMaxMs=61.2 sameArrival=2 tickGapMax=2 renderFrames=51 interpolation=51 extrapolation=0 extrapolationCapped=0 extrapolationMaxMs=0.0 oldestHeld=0 zeroSpan=4 movingFrozen=0 teleport=0 visualStepAvgCm=0.00 visualStepMaxCm=0.00
[rubber-banding][remote-render] time=304.086 frame=16517 entity=2 latestHostTick=13004 buffer=8 windowMs=1011.2 fps=50.4 snapshots=30 arrivalSamples=30 arrivalAvgMs=33.7 arrivalP95Ms=58.4 arrivalMaxMs=61.2 sameArrival=2 tickGapMax=2 renderFrames=51 interpolation=51 extrapolation=0 extrapolationCapped=0 extrapolationMaxMs=0.0 oldestHeld=0 zeroSpan=4 movingFrozen=0 teleport=0 visualStepAvgCm=0.00 visualStepMaxCm=0.00
[rubber-banding][remote-render] time=304.086 frame=16517 entity=4 latestHostTick=13004 buffer=8 windowMs=1011.2 fps=50.4 snapshots=30 arrivalSamples=30 arrivalAvgMs=33.7 arrivalP95Ms=58.4 arrivalMaxMs=61.2 sameArrival=2 tickGapMax=2 renderFrames=51 interpolation=51 extrapolation=0 extrapolationCapped=0 extrapolationMaxMs=0.0 oldestHeld=0 zeroSpan=4 movingFrozen=0 teleport=0 visualStepAvgCm=0.00 visualStepMaxCm=0.00
[rubber-banding][remote-render] time=305.100 frame=16569 entity=1 latestHostTick=13066 buffer=8 windowMs=1014.0 fps=51.3 snapshots=31 arrivalSamples=31 arrivalAvgMs=32.7 arrivalP95Ms=43.7 arrivalMaxMs=43.8 sameArrival=1 tickGapMax=2 renderFrames=52 interpolation=52 extrapolation=0 extrapolationCapped=0 extrapolationMaxMs=0.0 oldestHeld=0 zeroSpan=2 movingFrozen=0 teleport=0 visualStepAvgCm=0.00 visualStepMaxCm=0.00
[rubber-banding][remote-render] time=305.100 frame=16569 entity=2 latestHostTick=13066 buffer=8 windowMs=1014.0 fps=51.3 snapshots=31 arrivalSamples=31 arrivalAvgMs=32.7 arrivalP95Ms=43.7 arrivalMaxMs=43.8 sameArrival=1 tickGapMax=2 renderFrames=52 interpolation=52 extrapolation=0 extrapolationCapped=0 extrapolationMaxMs=0.0 oldestHeld=0 zeroSpan=2 movingFrozen=0 teleport=0 visualStepAvgCm=0.00 visualStepMaxCm=0.00
[rubber-banding][remote-render] time=305.100 frame=16569 entity=4 latestHostTick=13066 buffer=8 windowMs=1014.0 fps=51.3 snapshots=31 arrivalSamples=31 arrivalAvgMs=32.7 arrivalP95Ms=43.7 arrivalMaxMs=43.8 sameArrival=1 tickGapMax=2 renderFrames=52 interpolation=52 extrapolation=0 extrapolationCapped=0 extrapolationMaxMs=0.0 oldestHeld=0 zeroSpan=2 movingFrozen=0 teleport=0 visualStepAvgCm=0.00 visualStepMaxCm=0.00
[rubber-banding][remote-render] time=306.108 frame=16621 entity=1 latestHostTick=13126 buffer=8 windowMs=1008.0 fps=51.6 snapshots=30 arrivalSamples=30 arrivalAvgMs=32.8 arrivalP95Ms=50.0 arrivalMaxMs=55.4 sameArrival=0 tickGapMax=2 renderFrames=52 interpolation=52 extrapolation=0 extrapolationCapped=0 extrapolationMaxMs=0.0 oldestHeld=0 zeroSpan=0 movingFrozen=0 teleport=0 visualStepAvgCm=0.00 visualStepMaxCm=0.00
[rubber-banding][remote-render] time=306.108 frame=16621 entity=2 latestHostTick=13126 buffer=8 windowMs=1008.0 fps=51.6 snapshots=30 arrivalSamples=30 arrivalAvgMs=32.8 arrivalP95Ms=50.0 arrivalMaxMs=55.4 sameArrival=0 tickGapMax=2 renderFrames=52 interpolation=52 extrapolation=0 extrapolationCapped=0 extrapolationMaxMs=0.0 oldestHeld=0 zeroSpan=0 movingFrozen=0 teleport=0 visualStepAvgCm=0.00 visualStepMaxCm=0.00
[rubber-banding][remote-render] time=306.108 frame=16621 entity=4 latestHostTick=13126 buffer=8 windowMs=1008.0 fps=51.6 snapshots=30 arrivalSamples=30 arrivalAvgMs=32.8 arrivalP95Ms=50.0 arrivalMaxMs=55.4 sameArrival=0 tickGapMax=2 renderFrames=52 interpolation=52 extrapolation=0 extrapolationCapped=0 extrapolationMaxMs=0.0 oldestHeld=0 zeroSpan=0 movingFrozen=0 teleport=0 visualStepAvgCm=0.00 visualStepMaxCm=0.00
[rubber-banding][remote-render] time=307.118 frame=16672 entity=1 latestHostTick=13186 buffer=8 windowMs=1009.9 fps=50.5 snapshots=30 arrivalSamples=30 arrivalAvgMs=33.6 arrivalP95Ms=42.4 arrivalMaxMs=57.9 sameArrival=0 tickGapMax=2 renderFrames=51 interpolation=51 extrapolation=0 extrapolationCapped=0 extrapolationMaxMs=0.0 oldestHeld=0 zeroSpan=0 movingFrozen=0 teleport=0 visualStepAvgCm=0.00 visualStepMaxCm=0.00
[rubber-banding][remote-render] time=307.118 frame=16672 entity=2 latestHostTick=13186 buffer=8 windowMs=1009.9 fps=50.5 snapshots=30 arrivalSamples=30 arrivalAvgMs=33.6 arrivalP95Ms=42.4 arrivalMaxMs=57.9 sameArrival=0 tickGapMax=2 renderFrames=51 interpolation=51 extrapolation=0 extrapolationCapped=0 extrapolationMaxMs=0.0 oldestHeld=0 zeroSpan=0 movingFrozen=0 teleport=0 visualStepAvgCm=0.00 visualStepMaxCm=0.00
[rubber-banding][remote-render] time=307.118 frame=16672 entity=4 latestHostTick=13186 buffer=8 windowMs=1009.9 fps=50.5 snapshots=30 arrivalSamples=30 arrivalAvgMs=33.6 arrivalP95Ms=42.4 arrivalMaxMs=57.9 sameArrival=0 tickGapMax=2 renderFrames=51 interpolation=51 extrapolation=0 extrapolationCapped=0 extrapolationMaxMs=0.0 oldestHeld=0 zeroSpan=0 movingFrozen=0 teleport=0 visualStepAvgCm=0.00 visualStepMaxCm=0.00
[rubber-banding][remote-render] time=308.133 frame=16725 entity=1 latestHostTick=13248 buffer=8 windowMs=1015.1 fps=52.2 snapshots=31 arrivalSamples=31 arrivalAvgMs=33.6 arrivalP95Ms=42.4 arrivalMaxMs=43.7 sameArrival=0 tickGapMax=2 renderFrames=53 interpolation=53 extrapolation=0 extrapolationCapped=0 extrapolationMaxMs=0.0 oldestHeld=0 zeroSpan=0 movingFrozen=0 teleport=0 visualStepAvgCm=0.00 visualStepMaxCm=0.00
[rubber-banding][remote-render] time=308.133 frame=16725 entity=2 latestHostTick=13248 buffer=8 windowMs=1015.1 fps=52.2 snapshots=31 arrivalSamples=31 arrivalAvgMs=33.6 arrivalP95Ms=42.4 arrivalMaxMs=43.7 sameArrival=0 tickGapMax=2 renderFrames=53 interpolation=53 extrapolation=0 extrapolationCapped=0 extrapolationMaxMs=0.0 oldestHeld=0 zeroSpan=0 movingFrozen=0 teleport=0 visualStepAvgCm=0.00 visualStepMaxCm=0.00
[rubber-banding][remote-render] time=308.133 frame=16725 entity=4 latestHostTick=13248 buffer=8 windowMs=1015.1 fps=52.2 snapshots=31 arrivalSamples=31 arrivalAvgMs=33.6 arrivalP95Ms=42.4 arrivalMaxMs=43.7 sameArrival=0 tickGapMax=2 renderFrames=53 interpolation=53 extrapolation=0 extrapolationCapped=0 extrapolationMaxMs=0.0 oldestHeld=0 zeroSpan=0 movingFrozen=0 teleport=0 visualStepAvgCm=0.00 visualStepMaxCm=0.00
[rubber-banding][remote-render] time=309.133 frame=16777 entity=1 latestHostTick=13308 buffer=8 windowMs=1000.1 fps=52.0 snapshots=30 arrivalSamples=30 arrivalAvgMs=33.3 arrivalP95Ms=58.4 arrivalMaxMs=59.6 sameArrival=0 tickGapMax=2 renderFrames=52 interpolation=52 extrapolation=0 extrapolationCapped=0 extrapolationMaxMs=0.0 oldestHeld=0 zeroSpan=0 movingFrozen=0 teleport=0 visualStepAvgCm=0.00 visualStepMaxCm=0.00
[rubber-banding][remote-render] time=309.133 frame=16777 entity=2 latestHostTick=13308 buffer=8 windowMs=1000.1 fps=52.0 snapshots=30 arrivalSamples=30 arrivalAvgMs=33.3 arrivalP95Ms=58.4 arrivalMaxMs=59.6 sameArrival=0 tickGapMax=2 renderFrames=52 interpolation=52 extrapolation=0 extrapolationCapped=0 extrapolationMaxMs=0.0 oldestHeld=0 zeroSpan=0 movingFrozen=0 teleport=0 visualStepAvgCm=0.00 visualStepMaxCm=0.00
[rubber-banding][remote-render] time=309.133 frame=16777 entity=4 latestHostTick=13308 buffer=8 windowMs=1000.1 fps=52.0 snapshots=30 arrivalSamples=30 arrivalAvgMs=33.3 arrivalP95Ms=58.4 arrivalMaxMs=59.6 sameArrival=0 tickGapMax=2 renderFrames=52 interpolation=52 extrapolation=0 extrapolationCapped=0 extrapolationMaxMs=0.0 oldestHeld=0 zeroSpan=0 movingFrozen=0 teleport=0 visualStepAvgCm=0.00 visualStepMaxCm=0.00
[rubber-banding][remote-render] time=310.142 frame=16829 entity=1 latestHostTick=13368 buffer=8 windowMs=1009.0 fps=51.5 snapshots=30 arrivalSamples=30 arrivalAvgMs=33.6 arrivalP95Ms=44.0 arrivalMaxMs=48.0 sameArrival=0 tickGapMax=2 renderFrames=52 interpolation=52 extrapolation=0 extrapolationCapped=0 extrapolationMaxMs=0.0 oldestHeld=0 zeroSpan=0 movingFrozen=0 teleport=0 visualStepAvgCm=0.00 visualStepMaxCm=0.00
[rubber-banding][remote-render] time=310.142 frame=16829 entity=2 latestHostTick=13368 buffer=8 windowMs=1009.0 fps=51.5 snapshots=30 arrivalSamples=30 arrivalAvgMs=33.6 arrivalP95Ms=44.0 arrivalMaxMs=48.0 sameArrival=0 tickGapMax=2 renderFrames=52 interpolation=52 extrapolation=0 extrapolationCapped=0 extrapolationMaxMs=0.0 oldestHeld=0 zeroSpan=0 movingFrozen=0 teleport=0 visualStepAvgCm=0.00 visualStepMaxCm=0.00
[rubber-banding][remote-render] time=310.142 frame=16829 entity=4 latestHostTick=13368 buffer=8 windowMs=1009.0 fps=51.5 snapshots=30 arrivalSamples=30 arrivalAvgMs=33.6 arrivalP95Ms=44.0 arrivalMaxMs=48.0 sameArrival=0 tickGapMax=2 renderFrames=52 interpolation=52 extrapolation=0 extrapolationCapped=0 extrapolationMaxMs=0.0 oldestHeld=0 zeroSpan=0 movingFrozen=0 teleport=0 visualStepAvgCm=0.00 visualStepMaxCm=0.00
[rubber-banding][remote-render] time=311.158 frame=16881 entity=1 latestHostTick=13430 buffer=8 windowMs=1015.9 fps=51.2 snapshots=31 arrivalSamples=31 arrivalAvgMs=32.8 arrivalP95Ms=43.6 arrivalMaxMs=58.5 sameArrival=1 tickGapMax=2 renderFrames=52 interpolation=52 extrapolation=0 extrapolationCapped=0 extrapolationMaxMs=0.0 oldestHeld=0 zeroSpan=2 movingFrozen=0 teleport=0 visualStepAvgCm=0.00 visualStepMaxCm=0.00
[rubber-banding][remote-render] time=311.158 frame=16881 entity=2 latestHostTick=13430 buffer=8 windowMs=1015.9 fps=51.2 snapshots=31 arrivalSamples=31 arrivalAvgMs=32.8 arrivalP95Ms=43.6 arrivalMaxMs=58.5 sameArrival=1 tickGapMax=2 renderFrames=52 interpolation=52 extrapolation=0 extrapolationCapped=0 extrapolationMaxMs=0.0 oldestHeld=0 zeroSpan=2 movingFrozen=0 teleport=0 visualStepAvgCm=0.00 visualStepMaxCm=0.00
[rubber-banding][remote-render] time=311.158 frame=16881 entity=4 latestHostTick=13430 buffer=8 windowMs=1015.9 fps=51.2 snapshots=31 arrivalSamples=31 arrivalAvgMs=32.8 arrivalP95Ms=43.6 arrivalMaxMs=58.5 sameArrival=1 tickGapMax=2 renderFrames=52 interpolation=52 extrapolation=0 extrapolationCapped=0 extrapolationMaxMs=0.0 oldestHeld=0 zeroSpan=2 movingFrozen=0 teleport=0 visualStepAvgCm=0.00 visualStepMaxCm=0.00
[rubber-banding][remote-render] time=312.159 frame=16932 entity=1 latestHostTick=13490 buffer=8 windowMs=1000.9 fps=51.0 snapshots=30 arrivalSamples=30 arrivalAvgMs=33.4 arrivalP95Ms=42.8 arrivalMaxMs=58.3 sameArrival=1 tickGapMax=2 renderFrames=51 interpolation=51 extrapolation=0 extrapolationCapped=0 extrapolationMaxMs=0.0 oldestHeld=0 zeroSpan=2 movingFrozen=0 teleport=0 visualStepAvgCm=0.00 visualStepMaxCm=0.00
[rubber-banding][remote-render] time=312.159 frame=16932 entity=2 latestHostTick=13490 buffer=8 windowMs=1000.9 fps=51.0 snapshots=30 arrivalSamples=30 arrivalAvgMs=33.4 arrivalP95Ms=42.8 arrivalMaxMs=58.3 sameArrival=1 tickGapMax=2 renderFrames=51 interpolation=51 extrapolation=0 extrapolationCapped=0 extrapolationMaxMs=0.0 oldestHeld=0 zeroSpan=2 movingFrozen=0 teleport=0 visualStepAvgCm=0.00 visualStepMaxCm=0.00
[rubber-banding][remote-render] time=312.159 frame=16932 entity=4 latestHostTick=13490 buffer=8 windowMs=1000.9 fps=51.0 snapshots=30 arrivalSamples=30 arrivalAvgMs=33.4 arrivalP95Ms=42.8 arrivalMaxMs=58.3 sameArrival=1 tickGapMax=2 renderFrames=51 interpolation=51 extrapolation=0 extrapolationCapped=0 extrapolationMaxMs=0.0 oldestHeld=0 zeroSpan=2 movingFrozen=0 teleport=0 visualStepAvgCm=0.00 visualStepMaxCm=0.00
[rubber-banding][remote-render] time=313.175 frame=16984 entity=1 latestHostTick=13550 buffer=8 windowMs=1015.8 fps=51.2 snapshots=30 arrivalSamples=30 arrivalAvgMs=33.3 arrivalP95Ms=42.9 arrivalMaxMs=59.5 sameArrival=0 tickGapMax=2 renderFrames=52 interpolation=52 extrapolation=0 extrapolationCapped=0 extrapolationMaxMs=0.0 oldestHeld=0 zeroSpan=0 movingFrozen=0 teleport=0 visualStepAvgCm=0.00 visualStepMaxCm=0.00
[rubber-banding][remote-render] time=313.175 frame=16984 entity=2 latestHostTick=13550 buffer=8 windowMs=1015.8 fps=51.2 snapshots=30 arrivalSamples=30 arrivalAvgMs=33.3 arrivalP95Ms=42.9 arrivalMaxMs=59.5 sameArrival=0 tickGapMax=2 renderFrames=52 interpolation=52 extrapolation=0 extrapolationCapped=0 extrapolationMaxMs=0.0 oldestHeld=0 zeroSpan=0 movingFrozen=0 teleport=0 visualStepAvgCm=0.00 visualStepMaxCm=0.00
[rubber-banding][remote-render] time=313.175 frame=16984 entity=4 latestHostTick=13550 buffer=8 windowMs=1015.8 fps=51.2 snapshots=30 arrivalSamples=30 arrivalAvgMs=33.3 arrivalP95Ms=42.9 arrivalMaxMs=59.5 sameArrival=0 tickGapMax=2 renderFrames=52 interpolation=52 extrapolation=0 extrapolationCapped=0 extrapolationMaxMs=0.0 oldestHeld=0 zeroSpan=0 movingFrozen=0 teleport=0 visualStepAvgCm=0.00 visualStepMaxCm=0.00
[rubber-banding][remote-render] time=314.176 frame=17035 entity=1 latestHostTick=13610 buffer=8 windowMs=1000.6 fps=51.0 snapshots=30 arrivalSamples=30 arrivalAvgMs=33.3 arrivalP95Ms=42.2 arrivalMaxMs=42.2 sameArrival=0 tickGapMax=2 renderFrames=51 interpolation=51 extrapolation=0 extrapolationCapped=0 extrapolationMaxMs=0.0 oldestHeld=0 zeroSpan=0 movingFrozen=0 teleport=0 visualStepAvgCm=0.00 visualStepMaxCm=0.00
[rubber-banding][remote-render] time=314.176 frame=17035 entity=2 latestHostTick=13610 buffer=8 windowMs=1000.6 fps=51.0 snapshots=30 arrivalSamples=30 arrivalAvgMs=33.3 arrivalP95Ms=42.2 arrivalMaxMs=42.2 sameArrival=0 tickGapMax=2 renderFrames=51 interpolation=51 extrapolation=0 extrapolationCapped=0 extrapolationMaxMs=0.0 oldestHeld=0 zeroSpan=0 movingFrozen=0 teleport=0 visualStepAvgCm=0.00 visualStepMaxCm=0.00
[rubber-banding][remote-render] time=314.176 frame=17035 entity=4 latestHostTick=13610 buffer=8 windowMs=1000.6 fps=51.0 snapshots=30 arrivalSamples=30 arrivalAvgMs=33.3 arrivalP95Ms=42.2 arrivalMaxMs=42.2 sameArrival=0 tickGapMax=2 renderFrames=51 interpolation=51 extrapolation=0 extrapolationCapped=0 extrapolationMaxMs=0.0 oldestHeld=0 zeroSpan=0 movingFrozen=0 teleport=0 visualStepAvgCm=0.00 visualStepMaxCm=0.00
[rubber-banding][remote-render] time=315.183 frame=17086 entity=1 latestHostTick=13670 buffer=8 windowMs=1007.8 fps=50.6 snapshots=30 arrivalSamples=30 arrivalAvgMs=34.2 arrivalP95Ms=42.7 arrivalMaxMs=62.4 sameArrival=0 tickGapMax=2 renderFrames=51 interpolation=51 extrapolation=0 extrapolationCapped=0 extrapolationMaxMs=0.0 oldestHeld=0 zeroSpan=0 movingFrozen=0 teleport=0 visualStepAvgCm=0.00 visualStepMaxCm=0.00
[rubber-banding][remote-render] time=315.183 frame=17086 entity=2 latestHostTick=13670 buffer=8 windowMs=1007.8 fps=50.6 snapshots=30 arrivalSamples=30 arrivalAvgMs=34.2 arrivalP95Ms=42.7 arrivalMaxMs=62.4 sameArrival=0 tickGapMax=2 renderFrames=51 interpolation=51 extrapolation=0 extrapolationCapped=0 extrapolationMaxMs=0.0 oldestHeld=0 zeroSpan=0 movingFrozen=0 teleport=0 visualStepAvgCm=0.00 visualStepMaxCm=0.00
[rubber-banding][remote-render] time=315.183 frame=17086 entity=4 latestHostTick=13670 buffer=8 windowMs=1007.8 fps=50.6 snapshots=30 arrivalSamples=30 arrivalAvgMs=34.2 arrivalP95Ms=42.7 arrivalMaxMs=62.4 sameArrival=0 tickGapMax=2 renderFrames=51 interpolation=51 extrapolation=0 extrapolationCapped=0 extrapolationMaxMs=0.0 oldestHeld=0 zeroSpan=0 movingFrozen=0 teleport=0 visualStepAvgCm=0.00 visualStepMaxCm=0.00
[rubber-banding][remote-render] time=316.192 frame=17138 entity=1 latestHostTick=13732 buffer=8 windowMs=1008.3 fps=51.6 snapshots=31 arrivalSamples=31 arrivalAvgMs=32.5 arrivalP95Ms=51.7 arrivalMaxMs=58.8 sameArrival=0 tickGapMax=2 renderFrames=52 interpolation=52 extrapolation=0 extrapolationCapped=0 extrapolationMaxMs=0.0 oldestHeld=0 zeroSpan=0 movingFrozen=0 teleport=0 visualStepAvgCm=0.00 visualStepMaxCm=0.00
[rubber-banding][remote-render] time=316.192 frame=17138 entity=2 latestHostTick=13732 buffer=8 windowMs=1008.3 fps=51.6 snapshots=31 arrivalSamples=31 arrivalAvgMs=32.5 arrivalP95Ms=51.7 arrivalMaxMs=58.8 sameArrival=0 tickGapMax=2 renderFrames=52 interpolation=52 extrapolation=0 extrapolationCapped=0 extrapolationMaxMs=0.0 oldestHeld=0 zeroSpan=0 movingFrozen=0 teleport=0 visualStepAvgCm=0.00 visualStepMaxCm=0.00
[rubber-banding][remote-render] time=316.192 frame=17138 entity=4 latestHostTick=13732 buffer=8 windowMs=1008.3 fps=51.6 snapshots=31 arrivalSamples=31 arrivalAvgMs=32.5 arrivalP95Ms=51.7 arrivalMaxMs=58.8 sameArrival=0 tickGapMax=2 renderFrames=52 interpolation=52 extrapolation=0 extrapolationCapped=0 extrapolationMaxMs=0.0 oldestHeld=0 zeroSpan=0 movingFrozen=0 teleport=0 visualStepAvgCm=0.00 visualStepMaxCm=0.00
[rubber-banding][remote-render] time=317.201 frame=17189 entity=1 latestHostTick=13792 buffer=8 windowMs=1009.1 fps=50.5 snapshots=30 arrivalSamples=30 arrivalAvgMs=33.1 arrivalP95Ms=58.5 arrivalMaxMs=66.7 sameArrival=2 tickGapMax=2 renderFrames=51 interpolation=51 extrapolation=0 extrapolationCapped=0 extrapolationMaxMs=0.0 oldestHeld=0 zeroSpan=2 movingFrozen=0 teleport=0 visualStepAvgCm=0.00 visualStepMaxCm=0.00
[rubber-banding][remote-render] time=317.201 frame=17189 entity=2 latestHostTick=13792 buffer=8 windowMs=1009.1 fps=50.5 snapshots=30 arrivalSamples=30 arrivalAvgMs=33.1 arrivalP95Ms=58.5 arrivalMaxMs=66.7 sameArrival=2 tickGapMax=2 renderFrames=51 interpolation=51 extrapolation=0 extrapolationCapped=0 extrapolationMaxMs=0.0 oldestHeld=0 zeroSpan=2 movingFrozen=0 teleport=0 visualStepAvgCm=0.00 visualStepMaxCm=0.00
[rubber-banding][remote-render] time=317.201 frame=17189 entity=4 latestHostTick=13792 buffer=8 windowMs=1009.1 fps=50.5 snapshots=30 arrivalSamples=30 arrivalAvgMs=33.1 arrivalP95Ms=58.5 arrivalMaxMs=66.7 sameArrival=2 tickGapMax=2 renderFrames=51 interpolation=51 extrapolation=0 extrapolationCapped=0 extrapolationMaxMs=0.0 oldestHeld=0 zeroSpan=2 movingFrozen=0 teleport=0 visualStepAvgCm=0.00 visualStepMaxCm=0.00
[rubber-banding][remote-render] time=318.208 frame=17240 entity=1 latestHostTick=13852 buffer=8 windowMs=1007.5 fps=50.6 snapshots=30 arrivalSamples=30 arrivalAvgMs=33.6 arrivalP95Ms=58.3 arrivalMaxMs=58.3 sameArrival=2 tickGapMax=2 renderFrames=51 interpolation=51 extrapolation=0 extrapolationCapped=0 extrapolationMaxMs=0.0 oldestHeld=0 zeroSpan=6 movingFrozen=0 teleport=0 visualStepAvgCm=0.00 visualStepMaxCm=0.00
[rubber-banding][remote-render] time=318.208 frame=17240 entity=2 latestHostTick=13852 buffer=8 windowMs=1007.5 fps=50.6 snapshots=30 arrivalSamples=30 arrivalAvgMs=33.6 arrivalP95Ms=58.3 arrivalMaxMs=58.3 sameArrival=2 tickGapMax=2 renderFrames=51 interpolation=51 extrapolation=0 extrapolationCapped=0 extrapolationMaxMs=0.0 oldestHeld=0 zeroSpan=6 movingFrozen=0 teleport=0 visualStepAvgCm=0.00 visualStepMaxCm=0.00
[rubber-banding][remote-render] time=318.208 frame=17240 entity=4 latestHostTick=13852 buffer=8 windowMs=1007.5 fps=50.6 snapshots=30 arrivalSamples=30 arrivalAvgMs=33.6 arrivalP95Ms=58.3 arrivalMaxMs=58.3 sameArrival=2 tickGapMax=2 renderFrames=51 interpolation=51 extrapolation=0 extrapolationCapped=0 extrapolationMaxMs=0.0 oldestHeld=0 zeroSpan=6 movingFrozen=0 teleport=0 visualStepAvgCm=0.00 visualStepMaxCm=0.00
[rubber-banding][remote-render] time=319.225 frame=17291 entity=1 latestHostTick=13914 buffer=8 windowMs=1016.6 fps=50.2 snapshots=31 arrivalSamples=31 arrivalAvgMs=33.3 arrivalP95Ms=43.2 arrivalMaxMs=58.2 sameArrival=1 tickGapMax=2 renderFrames=51 interpolation=51 extrapolation=0 extrapolationCapped=0 extrapolationMaxMs=0.0 oldestHeld=0 zeroSpan=2 movingFrozen=0 teleport=0 visualStepAvgCm=0.00 visualStepMaxCm=0.00
[rubber-banding][remote-render] time=319.225 frame=17291 entity=2 latestHostTick=13914 buffer=8 windowMs=1016.6 fps=50.2 snapshots=31 arrivalSamples=31 arrivalAvgMs=33.3 arrivalP95Ms=43.2 arrivalMaxMs=58.2 sameArrival=1 tickGapMax=2 renderFrames=51 interpolation=51 extrapolation=0 extrapolationCapped=0 extrapolationMaxMs=0.0 oldestHeld=0 zeroSpan=2 movingFrozen=0 teleport=0 visualStepAvgCm=0.00 visualStepMaxCm=0.00
[rubber-banding][remote-render] time=319.225 frame=17291 entity=4 latestHostTick=13914 buffer=8 windowMs=1016.6 fps=50.2 snapshots=31 arrivalSamples=31 arrivalAvgMs=33.3 arrivalP95Ms=43.2 arrivalMaxMs=58.2 sameArrival=1 tickGapMax=2 renderFrames=51 interpolation=51 extrapolation=0 extrapolationCapped=0 extrapolationMaxMs=0.0 oldestHeld=0 zeroSpan=2 movingFrozen=0 teleport=0 visualStepAvgCm=0.00 visualStepMaxCm=0.00
[rubber-banding][remote-render] time=320.225 frame=17342 entity=1 latestHostTick=13974 buffer=8 windowMs=1000.5 fps=51.0 snapshots=30 arrivalSamples=30 arrivalAvgMs=33.4 arrivalP95Ms=58.3 arrivalMaxMs=58.6 sameArrival=2 tickGapMax=2 renderFrames=51 interpolation=51 extrapolation=0 extrapolationCapped=0 extrapolationMaxMs=0.0 oldestHeld=0 zeroSpan=3 movingFrozen=0 teleport=0 visualStepAvgCm=0.00 visualStepMaxCm=0.00
[rubber-banding][remote-render] time=320.225 frame=17342 entity=2 latestHostTick=13974 buffer=8 windowMs=1000.5 fps=51.0 snapshots=30 arrivalSamples=30 arrivalAvgMs=33.4 arrivalP95Ms=58.3 arrivalMaxMs=58.6 sameArrival=2 tickGapMax=2 renderFrames=51 interpolation=51 extrapolation=0 extrapolationCapped=0 extrapolationMaxMs=0.0 oldestHeld=0 zeroSpan=3 movingFrozen=0 teleport=0 visualStepAvgCm=0.00 visualStepMaxCm=0.00
[rubber-banding][remote-render] time=320.225 frame=17342 entity=4 latestHostTick=13974 buffer=8 windowMs=1000.5 fps=51.0 snapshots=30 arrivalSamples=30 arrivalAvgMs=33.4 arrivalP95Ms=58.3 arrivalMaxMs=58.6 sameArrival=2 tickGapMax=2 renderFrames=51 interpolation=51 extrapolation=0 extrapolationCapped=0 extrapolationMaxMs=0.0 oldestHeld=0 zeroSpan=3 movingFrozen=0 teleport=0 visualStepAvgCm=0.00 visualStepMaxCm=0.00
[rubber-banding][remote-render] time=321.242 frame=17394 entity=1 latestHostTick=14034 buffer=8 windowMs=1016.2 fps=51.2 snapshots=30 arrivalSamples=30 arrivalAvgMs=33.9 arrivalP95Ms=59.1 arrivalMaxMs=66.6 sameArrival=0 tickGapMax=2 renderFrames=52 interpolation=52 extrapolation=0 extrapolationCapped=0 extrapolationMaxMs=0.0 oldestHeld=0 zeroSpan=0 movingFrozen=0 teleport=0 visualStepAvgCm=0.00 visualStepMaxCm=0.00
[rubber-banding][remote-render] time=321.242 frame=17394 entity=2 latestHostTick=14034 buffer=8 windowMs=1016.2 fps=51.2 snapshots=30 arrivalSamples=30 arrivalAvgMs=33.9 arrivalP95Ms=59.1 arrivalMaxMs=66.6 sameArrival=0 tickGapMax=2 renderFrames=52 interpolation=52 extrapolation=0 extrapolationCapped=0 extrapolationMaxMs=0.0 oldestHeld=0 zeroSpan=0 movingFrozen=0 teleport=0 visualStepAvgCm=0.00 visualStepMaxCm=0.00
[rubber-banding][remote-render] time=321.242 frame=17394 entity=4 latestHostTick=14034 buffer=8 windowMs=1016.2 fps=51.2 snapshots=30 arrivalSamples=30 arrivalAvgMs=33.9 arrivalP95Ms=59.1 arrivalMaxMs=66.6 sameArrival=0 tickGapMax=2 renderFrames=52 interpolation=52 extrapolation=0 extrapolationCapped=0 extrapolationMaxMs=0.0 oldestHeld=0 zeroSpan=0 movingFrozen=0 teleport=0 visualStepAvgCm=0.00 visualStepMaxCm=0.00
[rubber-banding][remote-render] time=322.267 frame=17447 entity=1 latestHostTick=14096 buffer=8 windowMs=1025.0 fps=51.7 snapshots=31 arrivalSamples=31 arrivalAvgMs=33.1 arrivalP95Ms=58.2 arrivalMaxMs=58.4 sameArrival=1 tickGapMax=2 renderFrames=53 interpolation=53 extrapolation=0 extrapolationCapped=0 extrapolationMaxMs=0.0 oldestHeld=0 zeroSpan=2 movingFrozen=0 teleport=0 visualStepAvgCm=0.00 visualStepMaxCm=0.00
[rubber-banding][remote-render] time=322.267 frame=17447 entity=2 latestHostTick=14096 buffer=8 windowMs=1025.0 fps=51.7 snapshots=31 arrivalSamples=31 arrivalAvgMs=33.1 arrivalP95Ms=58.2 arrivalMaxMs=58.4 sameArrival=1 tickGapMax=2 renderFrames=53 interpolation=53 extrapolation=0 extrapolationCapped=0 extrapolationMaxMs=0.0 oldestHeld=0 zeroSpan=2 movingFrozen=0 teleport=0 visualStepAvgCm=0.00 visualStepMaxCm=0.00
[rubber-banding][remote-render] time=322.267 frame=17447 entity=4 latestHostTick=14096 buffer=8 windowMs=1025.0 fps=51.7 snapshots=31 arrivalSamples=31 arrivalAvgMs=33.1 arrivalP95Ms=58.2 arrivalMaxMs=58.4 sameArrival=1 tickGapMax=2 renderFrames=53 interpolation=53 extrapolation=0 extrapolationCapped=0 extrapolationMaxMs=0.0 oldestHeld=0 zeroSpan=2 movingFrozen=0 teleport=0 visualStepAvgCm=0.00 visualStepMaxCm=0.00
[rubber-banding][remote-render] time=323.283 frame=17499 entity=1 latestHostTick=14158 buffer=8 windowMs=1016.6 fps=51.2 snapshots=31 arrivalSamples=31 arrivalAvgMs=32.8 arrivalP95Ms=58.3 arrivalMaxMs=58.3 sameArrival=1 tickGapMax=2 renderFrames=52 interpolation=52 extrapolation=0 extrapolationCapped=0 extrapolationMaxMs=0.0 oldestHeld=0 zeroSpan=2 movingFrozen=0 teleport=0 visualStepAvgCm=0.00 visualStepMaxCm=0.00
[rubber-banding][remote-render] time=323.283 frame=17499 entity=2 latestHostTick=14158 buffer=8 windowMs=1016.6 fps=51.2 snapshots=31 arrivalSamples=31 arrivalAvgMs=32.8 arrivalP95Ms=58.3 arrivalMaxMs=58.3 sameArrival=1 tickGapMax=2 renderFrames=52 interpolation=52 extrapolation=0 extrapolationCapped=0 extrapolationMaxMs=0.0 oldestHeld=0 zeroSpan=2 movingFrozen=0 teleport=0 visualStepAvgCm=0.00 visualStepMaxCm=0.00
[rubber-banding][remote-render] time=323.283 frame=17499 entity=4 latestHostTick=14158 buffer=8 windowMs=1016.6 fps=51.2 snapshots=31 arrivalSamples=31 arrivalAvgMs=32.8 arrivalP95Ms=58.3 arrivalMaxMs=58.3 sameArrival=1 tickGapMax=2 renderFrames=52 interpolation=52 extrapolation=0 extrapolationCapped=0 extrapolationMaxMs=0.0 oldestHeld=0 zeroSpan=2 movingFrozen=0 teleport=0 visualStepAvgCm=0.00 visualStepMaxCm=0.00
[rubber-banding][remote-render] time=324.283 frame=17550 entity=1 latestHostTick=14216 buffer=8 windowMs=1000.0 fps=51.0 snapshots=29 arrivalSamples=29 arrivalAvgMs=33.9 arrivalP95Ms=56.9 arrivalMaxMs=58.3 sameArrival=1 tickGapMax=2 renderFrames=51 interpolation=51 extrapolation=0 extrapolationCapped=0 extrapolationMaxMs=0.0 oldestHeld=0 zeroSpan=1 movingFrozen=0 teleport=0 visualStepAvgCm=0.00 visualStepMaxCm=0.00
[rubber-banding][remote-render] time=324.283 frame=17550 entity=2 latestHostTick=14216 buffer=8 windowMs=1000.0 fps=51.0 snapshots=29 arrivalSamples=29 arrivalAvgMs=33.9 arrivalP95Ms=56.9 arrivalMaxMs=58.3 sameArrival=1 tickGapMax=2 renderFrames=51 interpolation=51 extrapolation=0 extrapolationCapped=0 extrapolationMaxMs=0.0 oldestHeld=0 zeroSpan=1 movingFrozen=0 teleport=0 visualStepAvgCm=0.00 visualStepMaxCm=0.00
[rubber-banding][remote-render] time=324.283 frame=17550 entity=4 latestHostTick=14216 buffer=8 windowMs=1000.0 fps=51.0 snapshots=29 arrivalSamples=29 arrivalAvgMs=33.9 arrivalP95Ms=56.9 arrivalMaxMs=58.3 sameArrival=1 tickGapMax=2 renderFrames=51 interpolation=51 extrapolation=0 extrapolationCapped=0 extrapolationMaxMs=0.0 oldestHeld=0 zeroSpan=1 movingFrozen=0 teleport=0 visualStepAvgCm=0.00 visualStepMaxCm=0.00
[rubber-banding][remote-render] time=325.284 frame=17602 entity=1 latestHostTick=14276 buffer=8 windowMs=1000.7 fps=52.0 snapshots=30 arrivalSamples=30 arrivalAvgMs=32.8 arrivalP95Ms=41.9 arrivalMaxMs=42.5 sameArrival=0 tickGapMax=2 renderFrames=52 interpolation=52 extrapolation=0 extrapolationCapped=0 extrapolationMaxMs=0.0 oldestHeld=0 zeroSpan=0 movingFrozen=0 teleport=0 visualStepAvgCm=0.00 visualStepMaxCm=0.00
[rubber-banding][remote-render] time=325.284 frame=17602 entity=2 latestHostTick=14276 buffer=8 windowMs=1000.7 fps=52.0 snapshots=30 arrivalSamples=30 arrivalAvgMs=32.8 arrivalP95Ms=41.9 arrivalMaxMs=42.5 sameArrival=0 tickGapMax=2 renderFrames=52 interpolation=52 extrapolation=0 extrapolationCapped=0 extrapolationMaxMs=0.0 oldestHeld=0 zeroSpan=0 movingFrozen=0 teleport=0 visualStepAvgCm=0.00 visualStepMaxCm=0.00
[rubber-banding][remote-render] time=325.284 frame=17602 entity=4 latestHostTick=14276 buffer=8 windowMs=1000.7 fps=52.0 snapshots=30 arrivalSamples=30 arrivalAvgMs=32.8 arrivalP95Ms=41.9 arrivalMaxMs=42.5 sameArrival=0 tickGapMax=2 renderFrames=52 interpolation=52 extrapolation=0 extrapolationCapped=0 extrapolationMaxMs=0.0 oldestHeld=0 zeroSpan=0 movingFrozen=0 teleport=0 visualStepAvgCm=0.00 visualStepMaxCm=0.00
[rubber-banding][remote-render] time=326.292 frame=17654 entity=1 latestHostTick=14336 buffer=8 windowMs=1007.6 fps=51.6 snapshots=30 arrivalSamples=30 arrivalAvgMs=33.6 arrivalP95Ms=49.3 arrivalMaxMs=49.8 sameArrival=0 tickGapMax=2 renderFrames=52 interpolation=52 extrapolation=0 extrapolationCapped=0 extrapolationMaxMs=0.0 oldestHeld=0 zeroSpan=0 movingFrozen=0 teleport=0 visualStepAvgCm=0.00 visualStepMaxCm=0.00
[rubber-banding][remote-render] time=326.292 frame=17654 entity=2 latestHostTick=14336 buffer=8 windowMs=1007.6 fps=51.6 snapshots=30 arrivalSamples=30 arrivalAvgMs=33.6 arrivalP95Ms=49.3 arrivalMaxMs=49.8 sameArrival=0 tickGapMax=2 renderFrames=52 interpolation=52 extrapolation=0 extrapolationCapped=0 extrapolationMaxMs=0.0 oldestHeld=0 zeroSpan=0 movingFrozen=0 teleport=0 visualStepAvgCm=0.00 visualStepMaxCm=0.00
[rubber-banding][remote-render] time=326.292 frame=17654 entity=4 latestHostTick=14336 buffer=8 windowMs=1007.6 fps=51.6 snapshots=30 arrivalSamples=30 arrivalAvgMs=33.6 arrivalP95Ms=49.3 arrivalMaxMs=49.8 sameArrival=0 tickGapMax=2 renderFrames=52 interpolation=52 extrapolation=0 extrapolationCapped=0 extrapolationMaxMs=0.0 oldestHeld=0 zeroSpan=0 movingFrozen=0 teleport=0 visualStepAvgCm=0.00 visualStepMaxCm=0.00
[rubber-banding][remote-render] time=327.300 frame=17705 entity=1 latestHostTick=14398 buffer=8 windowMs=1008.3 fps=50.6 snapshots=31 arrivalSamples=31 arrivalAvgMs=33.1 arrivalP95Ms=57.3 arrivalMaxMs=59.3 sameArrival=1 tickGapMax=2 renderFrames=51 interpolation=51 extrapolation=0 extrapolationCapped=0 extrapolationMaxMs=0.0 oldestHeld=0 zeroSpan=2 movingFrozen=0 teleport=0 visualStepAvgCm=0.00 visualStepMaxCm=0.00
[rubber-banding][remote-render] time=327.300 frame=17705 entity=2 latestHostTick=14398 buffer=8 windowMs=1008.3 fps=50.6 snapshots=31 arrivalSamples=31 arrivalAvgMs=33.1 arrivalP95Ms=57.3 arrivalMaxMs=59.3 sameArrival=1 tickGapMax=2 renderFrames=51 interpolation=51 extrapolation=0 extrapolationCapped=0 extrapolationMaxMs=0.0 oldestHeld=0 zeroSpan=2 movingFrozen=0 teleport=0 visualStepAvgCm=0.00 visualStepMaxCm=0.00
[rubber-banding][remote-render] time=327.300 frame=17705 entity=4 latestHostTick=14398 buffer=8 windowMs=1008.3 fps=50.6 snapshots=31 arrivalSamples=31 arrivalAvgMs=33.1 arrivalP95Ms=57.3 arrivalMaxMs=59.3 sameArrival=1 tickGapMax=2 renderFrames=51 interpolation=51 extrapolation=0 extrapolationCapped=0 extrapolationMaxMs=0.0 oldestHeld=0 zeroSpan=2 movingFrozen=0 teleport=0 visualStepAvgCm=0.00 visualStepMaxCm=0.00
[rubber-banding][remote-render] time=328.308 frame=17757 entity=1 latestHostTick=14458 buffer=8 windowMs=1008.4 fps=51.6 snapshots=30 arrivalSamples=30 arrivalAvgMs=33.6 arrivalP95Ms=58.6 arrivalMaxMs=58.8 sameArrival=1 tickGapMax=2 renderFrames=52 interpolation=52 extrapolation=0 extrapolationCapped=0 extrapolationMaxMs=0.0 oldestHeld=0 zeroSpan=1 movingFrozen=0 teleport=0 visualStepAvgCm=0.00 visualStepMaxCm=0.00
[rubber-banding][remote-render] time=328.308 frame=17757 entity=2 latestHostTick=14458 buffer=8 windowMs=1008.4 fps=51.6 snapshots=30 arrivalSamples=30 arrivalAvgMs=33.6 arrivalP95Ms=58.6 arrivalMaxMs=58.8 sameArrival=1 tickGapMax=2 renderFrames=52 interpolation=52 extrapolation=0 extrapolationCapped=0 extrapolationMaxMs=0.0 oldestHeld=0 zeroSpan=1 movingFrozen=0 teleport=0 visualStepAvgCm=0.00 visualStepMaxCm=0.00
[rubber-banding][remote-render] time=328.308 frame=17757 entity=4 latestHostTick=14458 buffer=8 windowMs=1008.4 fps=51.6 snapshots=30 arrivalSamples=30 arrivalAvgMs=33.6 arrivalP95Ms=58.6 arrivalMaxMs=58.8 sameArrival=1 tickGapMax=2 renderFrames=52 interpolation=52 extrapolation=0 extrapolationCapped=0 extrapolationMaxMs=0.0 oldestHeld=0 zeroSpan=1 movingFrozen=0 teleport=0 visualStepAvgCm=0.00 visualStepMaxCm=0.00
[rubber-banding][remote-render] time=329.308 frame=17809 entity=1 latestHostTick=14518 buffer=8 windowMs=1000.3 fps=52.0 snapshots=30 arrivalSamples=30 arrivalAvgMs=33.4 arrivalP95Ms=44.0 arrivalMaxMs=58.3 sameArrival=1 tickGapMax=2 renderFrames=52 interpolation=52 extrapolation=0 extrapolationCapped=0 extrapolationMaxMs=0.0 oldestHeld=0 zeroSpan=1 movingFrozen=0 teleport=0 visualStepAvgCm=0.00 visualStepMaxCm=0.00
[rubber-banding][remote-render] time=329.308 frame=17809 entity=2 latestHostTick=14518 buffer=8 windowMs=1000.3 fps=52.0 snapshots=30 arrivalSamples=30 arrivalAvgMs=33.4 arrivalP95Ms=44.0 arrivalMaxMs=58.3 sameArrival=1 tickGapMax=2 renderFrames=52 interpolation=52 extrapolation=0 extrapolationCapped=0 extrapolationMaxMs=0.0 oldestHeld=0 zeroSpan=1 movingFrozen=0 teleport=0 visualStepAvgCm=0.00 visualStepMaxCm=0.00
[rubber-banding][remote-render] time=329.308 frame=17809 entity=4 latestHostTick=14518 buffer=8 windowMs=1000.3 fps=52.0 snapshots=30 arrivalSamples=30 arrivalAvgMs=33.4 arrivalP95Ms=44.0 arrivalMaxMs=58.3 sameArrival=1 tickGapMax=2 renderFrames=52 interpolation=52 extrapolation=0 extrapolationCapped=0 extrapolationMaxMs=0.0 oldestHeld=0 zeroSpan=1 movingFrozen=0 teleport=0 visualStepAvgCm=0.00 visualStepMaxCm=0.00
[rubber-banding][remote-render] time=330.325 frame=17861 entity=1 latestHostTick=14580 buffer=8 windowMs=1016.4 fps=51.2 snapshots=31 arrivalSamples=31 arrivalAvgMs=33.3 arrivalP95Ms=44.4 arrivalMaxMs=58.1 sameArrival=0 tickGapMax=2 renderFrames=52 interpolation=52 extrapolation=0 extrapolationCapped=0 extrapolationMaxMs=0.0 oldestHeld=0 zeroSpan=0 movingFrozen=0 teleport=0 visualStepAvgCm=0.00 visualStepMaxCm=0.00
[rubber-banding][remote-render] time=330.325 frame=17861 entity=2 latestHostTick=14580 buffer=8 windowMs=1016.4 fps=51.2 snapshots=31 arrivalSamples=31 arrivalAvgMs=33.3 arrivalP95Ms=44.4 arrivalMaxMs=58.1 sameArrival=0 tickGapMax=2 renderFrames=52 interpolation=52 extrapolation=0 extrapolationCapped=0 extrapolationMaxMs=0.0 oldestHeld=0 zeroSpan=0 movingFrozen=0 teleport=0 visualStepAvgCm=0.00 visualStepMaxCm=0.00
[rubber-banding][remote-render] time=330.325 frame=17861 entity=4 latestHostTick=14580 buffer=8 windowMs=1016.4 fps=51.2 snapshots=31 arrivalSamples=31 arrivalAvgMs=33.3 arrivalP95Ms=44.4 arrivalMaxMs=58.1 sameArrival=0 tickGapMax=2 renderFrames=52 interpolation=52 extrapolation=0 extrapolationCapped=0 extrapolationMaxMs=0.0 oldestHeld=0 zeroSpan=0 movingFrozen=0 teleport=0 visualStepAvgCm=0.00 visualStepMaxCm=0.00
[rubber-banding][remote-render] time=331.335 frame=17912 entity=1 latestHostTick=14640 buffer=8 windowMs=1010.5 fps=50.5 snapshots=30 arrivalSamples=30 arrivalAvgMs=33.7 arrivalP95Ms=43.4 arrivalMaxMs=43.8 sameArrival=0 tickGapMax=2 renderFrames=51 interpolation=51 extrapolation=0 extrapolationCapped=0 extrapolationMaxMs=0.0 oldestHeld=0 zeroSpan=0 movingFrozen=0 teleport=0 visualStepAvgCm=0.00 visualStepMaxCm=0.00
[rubber-banding][remote-render] time=331.335 frame=17912 entity=2 latestHostTick=14640 buffer=8 windowMs=1010.5 fps=50.5 snapshots=30 arrivalSamples=30 arrivalAvgMs=33.7 arrivalP95Ms=43.4 arrivalMaxMs=43.8 sameArrival=0 tickGapMax=2 renderFrames=51 interpolation=51 extrapolation=0 extrapolationCapped=0 extrapolationMaxMs=0.0 oldestHeld=0 zeroSpan=0 movingFrozen=0 teleport=0 visualStepAvgCm=0.00 visualStepMaxCm=0.00
[rubber-banding][remote-render] time=331.335 frame=17912 entity=4 latestHostTick=14640 buffer=8 windowMs=1010.5 fps=50.5 snapshots=30 arrivalSamples=30 arrivalAvgMs=33.7 arrivalP95Ms=43.4 arrivalMaxMs=43.8 sameArrival=0 tickGapMax=2 renderFrames=51 interpolation=51 extrapolation=0 extrapolationCapped=0 extrapolationMaxMs=0.0 oldestHeld=0 zeroSpan=0 movingFrozen=0 teleport=0 visualStepAvgCm=0.00 visualStepMaxCm=0.00
[rubber-banding][remote-render] time=332.351 frame=17965 entity=1 latestHostTick=14700 buffer=8 windowMs=1015.6 fps=52.2 snapshots=30 arrivalSamples=30 arrivalAvgMs=33.3 arrivalP95Ms=42.8 arrivalMaxMs=60.4 sameArrival=0 tickGapMax=2 renderFrames=53 interpolation=53 extrapolation=0 extrapolationCapped=0 extrapolationMaxMs=0.0 oldestHeld=0 zeroSpan=0 movingFrozen=0 teleport=0 visualStepAvgCm=0.00 visualStepMaxCm=0.00
[rubber-banding][remote-render] time=332.351 frame=17965 entity=2 latestHostTick=14700 buffer=8 windowMs=1015.6 fps=52.2 snapshots=30 arrivalSamples=30 arrivalAvgMs=33.3 arrivalP95Ms=42.8 arrivalMaxMs=60.4 sameArrival=0 tickGapMax=2 renderFrames=53 interpolation=53 extrapolation=0 extrapolationCapped=0 extrapolationMaxMs=0.0 oldestHeld=0 zeroSpan=0 movingFrozen=0 teleport=0 visualStepAvgCm=0.00 visualStepMaxCm=0.00
[rubber-banding][remote-render] time=332.351 frame=17965 entity=4 latestHostTick=14700 buffer=8 windowMs=1015.6 fps=52.2 snapshots=30 arrivalSamples=30 arrivalAvgMs=33.3 arrivalP95Ms=42.8 arrivalMaxMs=60.4 sameArrival=0 tickGapMax=2 renderFrames=53 interpolation=53 extrapolation=0 extrapolationCapped=0 extrapolationMaxMs=0.0 oldestHeld=0 zeroSpan=0 movingFrozen=0 teleport=0 visualStepAvgCm=0.00 visualStepMaxCm=0.00
[rubber-banding][remote-render] time=333.358 frame=18017 entity=1 latestHostTick=14762 buffer=8 windowMs=1007.1 fps=51.6 snapshots=31 arrivalSamples=31 arrivalAvgMs=33.1 arrivalP95Ms=51.0 arrivalMaxMs=57.0 sameArrival=1 tickGapMax=2 renderFrames=52 interpolation=52 extrapolation=0 extrapolationCapped=0 extrapolationMaxMs=0.0 oldestHeld=0 zeroSpan=2 movingFrozen=0 teleport=0 visualStepAvgCm=0.00 visualStepMaxCm=0.00
[rubber-banding][remote-render] time=333.358 frame=18017 entity=2 latestHostTick=14762 buffer=8 windowMs=1007.1 fps=51.6 snapshots=31 arrivalSamples=31 arrivalAvgMs=33.1 arrivalP95Ms=51.0 arrivalMaxMs=57.0 sameArrival=1 tickGapMax=2 renderFrames=52 interpolation=52 extrapolation=0 extrapolationCapped=0 extrapolationMaxMs=0.0 oldestHeld=0 zeroSpan=2 movingFrozen=0 teleport=0 visualStepAvgCm=0.00 visualStepMaxCm=0.00
[rubber-banding][remote-render] time=333.358 frame=18017 entity=4 latestHostTick=14762 buffer=8 windowMs=1007.1 fps=51.6 snapshots=31 arrivalSamples=31 arrivalAvgMs=33.1 arrivalP95Ms=51.0 arrivalMaxMs=57.0 sameArrival=1 tickGapMax=2 renderFrames=52 interpolation=52 extrapolation=0 extrapolationCapped=0 extrapolationMaxMs=0.0 oldestHeld=0 zeroSpan=2 movingFrozen=0 teleport=0 visualStepAvgCm=0.00 visualStepMaxCm=0.00
[rubber-banding][remote-render] time=334.367 frame=18069 entity=1 latestHostTick=14822 buffer=8 windowMs=1008.4 fps=51.6 snapshots=30 arrivalSamples=30 arrivalAvgMs=33.6 arrivalP95Ms=43.4 arrivalMaxMs=58.3 sameArrival=0 tickGapMax=2 renderFrames=52 interpolation=52 extrapolation=0 extrapolationCapped=0 extrapolationMaxMs=0.0 oldestHeld=0 zeroSpan=0 movingFrozen=0 teleport=0 visualStepAvgCm=0.00 visualStepMaxCm=0.00
[rubber-banding][remote-render] time=334.367 frame=18069 entity=2 latestHostTick=14822 buffer=8 windowMs=1008.4 fps=51.6 snapshots=30 arrivalSamples=30 arrivalAvgMs=33.6 arrivalP95Ms=43.4 arrivalMaxMs=58.3 sameArrival=0 tickGapMax=2 renderFrames=52 interpolation=52 extrapolation=0 extrapolationCapped=0 extrapolationMaxMs=0.0 oldestHeld=0 zeroSpan=0 movingFrozen=0 teleport=0 visualStepAvgCm=0.00 visualStepMaxCm=0.00
[rubber-banding][remote-render] time=334.367 frame=18069 entity=4 latestHostTick=14822 buffer=8 windowMs=1008.4 fps=51.6 snapshots=30 arrivalSamples=30 arrivalAvgMs=33.6 arrivalP95Ms=43.4 arrivalMaxMs=58.3 sameArrival=0 tickGapMax=2 renderFrames=52 interpolation=52 extrapolation=0 extrapolationCapped=0 extrapolationMaxMs=0.0 oldestHeld=0 zeroSpan=0 movingFrozen=0 teleport=0 visualStepAvgCm=0.00 visualStepMaxCm=0.00
[rubber-banding][remote-render] time=335.375 frame=18120 entity=1 latestHostTick=14882 buffer=8 windowMs=1008.2 fps=50.6 snapshots=30 arrivalSamples=30 arrivalAvgMs=33.6 arrivalP95Ms=42.3 arrivalMaxMs=58.4 sameArrival=1 tickGapMax=2 renderFrames=51 interpolation=51 extrapolation=0 extrapolationCapped=0 extrapolationMaxMs=0.0 oldestHeld=0 zeroSpan=2 movingFrozen=0 teleport=0 visualStepAvgCm=0.00 visualStepMaxCm=0.00
[rubber-banding][remote-render] time=335.375 frame=18120 entity=2 latestHostTick=14882 buffer=8 windowMs=1008.2 fps=50.6 snapshots=30 arrivalSamples=30 arrivalAvgMs=33.6 arrivalP95Ms=42.3 arrivalMaxMs=58.4 sameArrival=1 tickGapMax=2 renderFrames=51 interpolation=51 extrapolation=0 extrapolationCapped=0 extrapolationMaxMs=0.0 oldestHeld=0 zeroSpan=2 movingFrozen=0 teleport=0 visualStepAvgCm=0.00 visualStepMaxCm=0.00
[rubber-banding][remote-render] time=335.375 frame=18120 entity=4 latestHostTick=14882 buffer=8 windowMs=1008.2 fps=50.6 snapshots=30 arrivalSamples=30 arrivalAvgMs=33.6 arrivalP95Ms=42.3 arrivalMaxMs=58.4 sameArrival=1 tickGapMax=2 renderFrames=51 interpolation=51 extrapolation=0 extrapolationCapped=0 extrapolationMaxMs=0.0 oldestHeld=0 zeroSpan=2 movingFrozen=0 teleport=0 visualStepAvgCm=0.00 visualStepMaxCm=0.00
[rubber-banding][remote-render] time=336.375 frame=18172 entity=1 latestHostTick=14942 buffer=8 windowMs=1000.0 fps=52.0 snapshots=30 arrivalSamples=30 arrivalAvgMs=32.8 arrivalP95Ms=43.1 arrivalMaxMs=43.3 sameArrival=0 tickGapMax=2 renderFrames=52 interpolation=52 extrapolation=0 extrapolationCapped=0 extrapolationMaxMs=0.0 oldestHeld=0 zeroSpan=0 movingFrozen=0 teleport=0 visualStepAvgCm=0.00 visualStepMaxCm=0.00
[rubber-banding][remote-render] time=336.375 frame=18172 entity=2 latestHostTick=14942 buffer=8 windowMs=1000.0 fps=52.0 snapshots=30 arrivalSamples=30 arrivalAvgMs=32.8 arrivalP95Ms=43.1 arrivalMaxMs=43.3 sameArrival=0 tickGapMax=2 renderFrames=52 interpolation=52 extrapolation=0 extrapolationCapped=0 extrapolationMaxMs=0.0 oldestHeld=0 zeroSpan=0 movingFrozen=0 teleport=0 visualStepAvgCm=0.00 visualStepMaxCm=0.00
[rubber-banding][remote-render] time=336.375 frame=18172 entity=4 latestHostTick=14942 buffer=8 windowMs=1000.0 fps=52.0 snapshots=30 arrivalSamples=30 arrivalAvgMs=32.8 arrivalP95Ms=43.1 arrivalMaxMs=43.3 sameArrival=0 tickGapMax=2 renderFrames=52 interpolation=52 extrapolation=0 extrapolationCapped=0 extrapolationMaxMs=0.0 oldestHeld=0 zeroSpan=0 movingFrozen=0 teleport=0 visualStepAvgCm=0.00 visualStepMaxCm=0.00
[rubber-banding][remote-render] time=337.375 frame=18223 entity=1 latestHostTick=15002 buffer=8 windowMs=1000.0 fps=51.0 snapshots=30 arrivalSamples=30 arrivalAvgMs=33.9 arrivalP95Ms=58.3 arrivalMaxMs=58.4 sameArrival=0 tickGapMax=2 renderFrames=51 interpolation=51 extrapolation=0 extrapolationCapped=0 extrapolationMaxMs=0.0 oldestHeld=0 zeroSpan=0 movingFrozen=0 teleport=0 visualStepAvgCm=0.00 visualStepMaxCm=0.00
[rubber-banding][remote-render] time=337.375 frame=18223 entity=2 latestHostTick=15002 buffer=8 windowMs=1000.0 fps=51.0 snapshots=30 arrivalSamples=30 arrivalAvgMs=33.9 arrivalP95Ms=58.3 arrivalMaxMs=58.4 sameArrival=0 tickGapMax=2 renderFrames=51 interpolation=51 extrapolation=0 extrapolationCapped=0 extrapolationMaxMs=0.0 oldestHeld=0 zeroSpan=0 movingFrozen=0 teleport=0 visualStepAvgCm=0.00 visualStepMaxCm=0.00
[rubber-banding][remote-render] time=337.375 frame=18223 entity=4 latestHostTick=15002 buffer=8 windowMs=1000.0 fps=51.0 snapshots=30 arrivalSamples=30 arrivalAvgMs=33.9 arrivalP95Ms=58.3 arrivalMaxMs=58.4 sameArrival=0 tickGapMax=2 renderFrames=51 interpolation=51 extrapolation=0 extrapolationCapped=0 extrapolationMaxMs=0.0 oldestHeld=0 zeroSpan=0 movingFrozen=0 teleport=0 visualStepAvgCm=0.00 visualStepMaxCm=0.00
[rubber-banding][remote-render] time=338.383 frame=18275 entity=1 latestHostTick=15064 buffer=8 windowMs=1008.3 fps=51.6 snapshots=31 arrivalSamples=31 arrivalAvgMs=32.5 arrivalP95Ms=49.0 arrivalMaxMs=58.8 sameArrival=0 tickGapMax=2 renderFrames=52 interpolation=52 extrapolation=0 extrapolationCapped=0 extrapolationMaxMs=0.0 oldestHeld=0 zeroSpan=0 movingFrozen=0 teleport=0 visualStepAvgCm=0.00 visualStepMaxCm=0.00
[rubber-banding][remote-render] time=338.383 frame=18275 entity=2 latestHostTick=15064 buffer=8 windowMs=1008.3 fps=51.6 snapshots=31 arrivalSamples=31 arrivalAvgMs=32.5 arrivalP95Ms=49.0 arrivalMaxMs=58.8 sameArrival=0 tickGapMax=2 renderFrames=52 interpolation=52 extrapolation=0 extrapolationCapped=0 extrapolationMaxMs=0.0 oldestHeld=0 zeroSpan=0 movingFrozen=0 teleport=0 visualStepAvgCm=0.00 visualStepMaxCm=0.00
[rubber-banding][remote-render] time=338.383 frame=18275 entity=4 latestHostTick=15064 buffer=8 windowMs=1008.3 fps=51.6 snapshots=31 arrivalSamples=31 arrivalAvgMs=32.5 arrivalP95Ms=49.0 arrivalMaxMs=58.8 sameArrival=0 tickGapMax=2 renderFrames=52 interpolation=52 extrapolation=0 extrapolationCapped=0 extrapolationMaxMs=0.0 oldestHeld=0 zeroSpan=0 movingFrozen=0 teleport=0 visualStepAvgCm=0.00 visualStepMaxCm=0.00
[rubber-banding][remote-render] time=339.393 frame=18326 entity=1 latestHostTick=15124 buffer=8 windowMs=1009.6 fps=50.5 snapshots=30 arrivalSamples=30 arrivalAvgMs=33.7 arrivalP95Ms=42.8 arrivalMaxMs=59.4 sameArrival=1 tickGapMax=2 renderFrames=51 interpolation=51 extrapolation=0 extrapolationCapped=0 extrapolationMaxMs=0.0 oldestHeld=0 zeroSpan=2 movingFrozen=0 teleport=0 visualStepAvgCm=0.00 visualStepMaxCm=0.00
[rubber-banding][remote-render] time=339.393 frame=18326 entity=2 latestHostTick=15124 buffer=8 windowMs=1009.6 fps=50.5 snapshots=30 arrivalSamples=30 arrivalAvgMs=33.7 arrivalP95Ms=42.8 arrivalMaxMs=59.4 sameArrival=1 tickGapMax=2 renderFrames=51 interpolation=51 extrapolation=0 extrapolationCapped=0 extrapolationMaxMs=0.0 oldestHeld=0 zeroSpan=2 movingFrozen=0 teleport=0 visualStepAvgCm=0.00 visualStepMaxCm=0.00
[rubber-banding][remote-render] time=339.393 frame=18326 entity=4 latestHostTick=15124 buffer=8 windowMs=1009.6 fps=50.5 snapshots=30 arrivalSamples=30 arrivalAvgMs=33.7 arrivalP95Ms=42.8 arrivalMaxMs=59.4 sameArrival=1 tickGapMax=2 renderFrames=51 interpolation=51 extrapolation=0 extrapolationCapped=0 extrapolationMaxMs=0.0 oldestHeld=0 zeroSpan=2 movingFrozen=0 teleport=0 visualStepAvgCm=0.00 visualStepMaxCm=0.00
[rubber-banding][remote-render] time=340.400 frame=18378 entity=1 latestHostTick=15184 buffer=8 windowMs=1007.1 fps=51.6 snapshots=30 arrivalSamples=30 arrivalAvgMs=33.6 arrivalP95Ms=42.8 arrivalMaxMs=43.0 sameArrival=0 tickGapMax=2 renderFrames=52 interpolation=52 extrapolation=0 extrapolationCapped=0 extrapolationMaxMs=0.0 oldestHeld=0 zeroSpan=0 movingFrozen=0 teleport=0 visualStepAvgCm=0.00 visualStepMaxCm=0.00
[rubber-banding][remote-render] time=340.400 frame=18378 entity=2 latestHostTick=15184 buffer=8 windowMs=1007.1 fps=51.6 snapshots=30 arrivalSamples=30 arrivalAvgMs=33.6 arrivalP95Ms=42.8 arrivalMaxMs=43.0 sameArrival=0 tickGapMax=2 renderFrames=52 interpolation=52 extrapolation=0 extrapolationCapped=0 extrapolationMaxMs=0.0 oldestHeld=0 zeroSpan=0 movingFrozen=0 teleport=0 visualStepAvgCm=0.00 visualStepMaxCm=0.00
[rubber-banding][remote-render] time=340.400 frame=18378 entity=4 latestHostTick=15184 buffer=8 windowMs=1007.1 fps=51.6 snapshots=30 arrivalSamples=30 arrivalAvgMs=33.6 arrivalP95Ms=42.8 arrivalMaxMs=43.0 sameArrival=0 tickGapMax=2 renderFrames=52 interpolation=52 extrapolation=0 extrapolationCapped=0 extrapolationMaxMs=0.0 oldestHeld=0 zeroSpan=0 movingFrozen=0 teleport=0 visualStepAvgCm=0.00 visualStepMaxCm=0.00
[rubber-banding][remote-render] time=341.416 frame=18429 entity=1 latestHostTick=15244 buffer=8 windowMs=1016.6 fps=50.2 snapshots=30 arrivalSamples=30 arrivalAvgMs=33.1 arrivalP95Ms=49.9 arrivalMaxMs=56.9 sameArrival=0 tickGapMax=2 renderFrames=51 interpolation=51 extrapolation=0 extrapolationCapped=0 extrapolationMaxMs=0.0 oldestHeld=0 zeroSpan=0 movingFrozen=0 teleport=0 visualStepAvgCm=0.00 visualStepMaxCm=0.00
[rubber-banding][remote-render] time=341.416 frame=18429 entity=2 latestHostTick=15244 buffer=8 windowMs=1016.6 fps=50.2 snapshots=30 arrivalSamples=30 arrivalAvgMs=33.1 arrivalP95Ms=49.9 arrivalMaxMs=56.9 sameArrival=0 tickGapMax=2 renderFrames=51 interpolation=51 extrapolation=0 extrapolationCapped=0 extrapolationMaxMs=0.0 oldestHeld=0 zeroSpan=0 movingFrozen=0 teleport=0 visualStepAvgCm=0.00 visualStepMaxCm=0.00
[rubber-banding][remote-render] time=341.416 frame=18429 entity=4 latestHostTick=15244 buffer=8 windowMs=1016.6 fps=50.2 snapshots=30 arrivalSamples=30 arrivalAvgMs=33.1 arrivalP95Ms=49.9 arrivalMaxMs=56.9 sameArrival=0 tickGapMax=2 renderFrames=51 interpolation=51 extrapolation=0 extrapolationCapped=0 extrapolationMaxMs=0.0 oldestHeld=0 zeroSpan=0 movingFrozen=0 teleport=0 visualStepAvgCm=0.00 visualStepMaxCm=0.00
[rubber-banding][remote-render] time=342.425 frame=18481 entity=1 latestHostTick=15306 buffer=8 windowMs=1008.5 fps=51.6 snapshots=31 arrivalSamples=31 arrivalAvgMs=33.3 arrivalP95Ms=43.3 arrivalMaxMs=60.3 sameArrival=0 tickGapMax=2 renderFrames=52 interpolation=52 extrapolation=0 extrapolationCapped=0 extrapolationMaxMs=0.0 oldestHeld=0 zeroSpan=0 movingFrozen=0 teleport=0 visualStepAvgCm=0.00 visualStepMaxCm=0.00
[rubber-banding][remote-render] time=342.425 frame=18481 entity=2 latestHostTick=15306 buffer=8 windowMs=1008.5 fps=51.6 snapshots=31 arrivalSamples=31 arrivalAvgMs=33.3 arrivalP95Ms=43.3 arrivalMaxMs=60.3 sameArrival=0 tickGapMax=2 renderFrames=52 interpolation=52 extrapolation=0 extrapolationCapped=0 extrapolationMaxMs=0.0 oldestHeld=0 zeroSpan=0 movingFrozen=0 teleport=0 visualStepAvgCm=0.00 visualStepMaxCm=0.00
[rubber-banding][remote-render] time=342.425 frame=18481 entity=4 latestHostTick=15306 buffer=8 windowMs=1008.5 fps=51.6 snapshots=31 arrivalSamples=31 arrivalAvgMs=33.3 arrivalP95Ms=43.3 arrivalMaxMs=60.3 sameArrival=0 tickGapMax=2 renderFrames=52 interpolation=52 extrapolation=0 extrapolationCapped=0 extrapolationMaxMs=0.0 oldestHeld=0 zeroSpan=0 movingFrozen=0 teleport=0 visualStepAvgCm=0.00 visualStepMaxCm=0.00
[rubber-banding][remote-render] time=343.433 frame=18532 entity=1 latestHostTick=15366 buffer=8 windowMs=1008.2 fps=50.6 snapshots=30 arrivalSamples=30 arrivalAvgMs=33.6 arrivalP95Ms=43.2 arrivalMaxMs=43.8 sameArrival=1 tickGapMax=2 renderFrames=51 interpolation=51 extrapolation=0 extrapolationCapped=0 extrapolationMaxMs=0.0 oldestHeld=0 zeroSpan=2 movingFrozen=0 teleport=0 visualStepAvgCm=0.00 visualStepMaxCm=0.00
[rubber-banding][remote-render] time=343.433 frame=18532 entity=2 latestHostTick=15366 buffer=8 windowMs=1008.2 fps=50.6 snapshots=30 arrivalSamples=30 arrivalAvgMs=33.6 arrivalP95Ms=43.2 arrivalMaxMs=43.8 sameArrival=1 tickGapMax=2 renderFrames=51 interpolation=51 extrapolation=0 extrapolationCapped=0 extrapolationMaxMs=0.0 oldestHeld=0 zeroSpan=2 movingFrozen=0 teleport=0 visualStepAvgCm=0.00 visualStepMaxCm=0.00
[rubber-banding][remote-render] time=343.433 frame=18532 entity=4 latestHostTick=15366 buffer=8 windowMs=1008.2 fps=50.6 snapshots=30 arrivalSamples=30 arrivalAvgMs=33.6 arrivalP95Ms=43.2 arrivalMaxMs=43.8 sameArrival=1 tickGapMax=2 renderFrames=51 interpolation=51 extrapolation=0 extrapolationCapped=0 extrapolationMaxMs=0.0 oldestHeld=0 zeroSpan=2 movingFrozen=0 teleport=0 visualStepAvgCm=0.00 visualStepMaxCm=0.00
[rubber-banding][remote-render] time=344.441 frame=18584 entity=1 latestHostTick=15426 buffer=8 windowMs=1008.3 fps=51.6 snapshots=30 arrivalSamples=30 arrivalAvgMs=33.6 arrivalP95Ms=42.8 arrivalMaxMs=58.3 sameArrival=0 tickGapMax=2 renderFrames=52 interpolation=52 extrapolation=0 extrapolationCapped=0 extrapolationMaxMs=0.0 oldestHeld=0 zeroSpan=0 movingFrozen=0 teleport=0 visualStepAvgCm=0.00 visualStepMaxCm=0.00
[rubber-banding][remote-render] time=344.441 frame=18584 entity=2 latestHostTick=15426 buffer=8 windowMs=1008.3 fps=51.6 snapshots=30 arrivalSamples=30 arrivalAvgMs=33.6 arrivalP95Ms=42.8 arrivalMaxMs=58.3 sameArrival=0 tickGapMax=2 renderFrames=52 interpolation=52 extrapolation=0 extrapolationCapped=0 extrapolationMaxMs=0.0 oldestHeld=0 zeroSpan=0 movingFrozen=0 teleport=0 visualStepAvgCm=0.00 visualStepMaxCm=0.00
[rubber-banding][remote-render] time=344.441 frame=18584 entity=4 latestHostTick=15426 buffer=8 windowMs=1008.3 fps=51.6 snapshots=30 arrivalSamples=30 arrivalAvgMs=33.6 arrivalP95Ms=42.8 arrivalMaxMs=58.3 sameArrival=0 tickGapMax=2 renderFrames=52 interpolation=52 extrapolation=0 extrapolationCapped=0 extrapolationMaxMs=0.0 oldestHeld=0 zeroSpan=0 movingFrozen=0 teleport=0 visualStepAvgCm=0.00 visualStepMaxCm=0.00
[rubber-banding][remote-render] time=345.458 frame=18636 entity=1 latestHostTick=15488 buffer=8 windowMs=1016.7 fps=51.1 snapshots=31 arrivalSamples=31 arrivalAvgMs=32.8 arrivalP95Ms=58.4 arrivalMaxMs=59.0 sameArrival=0 tickGapMax=2 renderFrames=52 interpolation=52 extrapolation=0 extrapolationCapped=0 extrapolationMaxMs=0.0 oldestHeld=0 zeroSpan=0 movingFrozen=0 teleport=0 visualStepAvgCm=0.00 visualStepMaxCm=0.00
[rubber-banding][remote-render] time=345.458 frame=18636 entity=2 latestHostTick=15488 buffer=8 windowMs=1016.7 fps=51.1 snapshots=31 arrivalSamples=31 arrivalAvgMs=32.8 arrivalP95Ms=58.4 arrivalMaxMs=59.0 sameArrival=0 tickGapMax=2 renderFrames=52 interpolation=52 extrapolation=0 extrapolationCapped=0 extrapolationMaxMs=0.0 oldestHeld=0 zeroSpan=0 movingFrozen=0 teleport=0 visualStepAvgCm=0.00 visualStepMaxCm=0.00
[rubber-banding][remote-render] time=345.458 frame=18636 entity=4 latestHostTick=15488 buffer=8 windowMs=1016.7 fps=51.1 snapshots=31 arrivalSamples=31 arrivalAvgMs=32.8 arrivalP95Ms=58.4 arrivalMaxMs=59.0 sameArrival=0 tickGapMax=2 renderFrames=52 interpolation=52 extrapolation=0 extrapolationCapped=0 extrapolationMaxMs=0.0 oldestHeld=0 zeroSpan=0 movingFrozen=0 teleport=0 visualStepAvgCm=0.00 visualStepMaxCm=0.00
[rubber-banding][remote-render] time=346.475 frame=18688 entity=1 latestHostTick=15548 buffer=8 windowMs=1016.5 fps=51.2 snapshots=30 arrivalSamples=30 arrivalAvgMs=33.9 arrivalP95Ms=58.3 arrivalMaxMs=59.6 sameArrival=0 tickGapMax=2 renderFrames=52 interpolation=52 extrapolation=0 extrapolationCapped=0 extrapolationMaxMs=0.0 oldestHeld=0 zeroSpan=0 movingFrozen=0 teleport=0 visualStepAvgCm=0.00 visualStepMaxCm=0.00
[rubber-banding][remote-render] time=346.475 frame=18688 entity=2 latestHostTick=15548 buffer=8 windowMs=1016.5 fps=51.2 snapshots=30 arrivalSamples=30 arrivalAvgMs=33.9 arrivalP95Ms=58.3 arrivalMaxMs=59.6 sameArrival=0 tickGapMax=2 renderFrames=52 interpolation=52 extrapolation=0 extrapolationCapped=0 extrapolationMaxMs=0.0 oldestHeld=0 zeroSpan=0 movingFrozen=0 teleport=0 visualStepAvgCm=0.00 visualStepMaxCm=0.00
[rubber-banding][remote-render] time=346.475 frame=18688 entity=4 latestHostTick=15548 buffer=8 windowMs=1016.5 fps=51.2 snapshots=30 arrivalSamples=30 arrivalAvgMs=33.9 arrivalP95Ms=58.3 arrivalMaxMs=59.6 sameArrival=0 tickGapMax=2 renderFrames=52 interpolation=52 extrapolation=0 extrapolationCapped=0 extrapolationMaxMs=0.0 oldestHeld=0 zeroSpan=0 movingFrozen=0 teleport=0 visualStepAvgCm=0.00 visualStepMaxCm=0.00
[rubber-banding][remote-render] time=347.491 frame=18739 entity=1 latestHostTick=15610 buffer=8 windowMs=1016.7 fps=50.2 snapshots=31 arrivalSamples=31 arrivalAvgMs=32.8 arrivalP95Ms=50.0 arrivalMaxMs=63.0 sameArrival=1 tickGapMax=2 renderFrames=51 interpolation=51 extrapolation=0 extrapolationCapped=0 extrapolationMaxMs=0.0 oldestHeld=0 zeroSpan=2 movingFrozen=0 teleport=0 visualStepAvgCm=0.00 visualStepMaxCm=0.00
[rubber-banding][remote-render] time=347.491 frame=18739 entity=2 latestHostTick=15610 buffer=8 windowMs=1016.7 fps=50.2 snapshots=31 arrivalSamples=31 arrivalAvgMs=32.8 arrivalP95Ms=50.0 arrivalMaxMs=63.0 sameArrival=1 tickGapMax=2 renderFrames=51 interpolation=51 extrapolation=0 extrapolationCapped=0 extrapolationMaxMs=0.0 oldestHeld=0 zeroSpan=2 movingFrozen=0 teleport=0 visualStepAvgCm=0.00 visualStepMaxCm=0.00
[rubber-banding][remote-render] time=347.491 frame=18739 entity=4 latestHostTick=15610 buffer=8 windowMs=1016.7 fps=50.2 snapshots=31 arrivalSamples=31 arrivalAvgMs=32.8 arrivalP95Ms=50.0 arrivalMaxMs=63.0 sameArrival=1 tickGapMax=2 renderFrames=51 interpolation=51 extrapolation=0 extrapolationCapped=0 extrapolationMaxMs=0.0 oldestHeld=0 zeroSpan=2 movingFrozen=0 teleport=0 visualStepAvgCm=0.00 visualStepMaxCm=0.00
[rubber-banding][remote-render] time=348.492 frame=18790 entity=1 latestHostTick=15668 buffer=8 windowMs=1000.3 fps=51.0 snapshots=29 arrivalSamples=29 arrivalAvgMs=33.9 arrivalP95Ms=42.6 arrivalMaxMs=49.9 sameArrival=0 tickGapMax=2 renderFrames=51 interpolation=51 extrapolation=0 extrapolationCapped=0 extrapolationMaxMs=0.0 oldestHeld=0 zeroSpan=0 movingFrozen=0 teleport=0 visualStepAvgCm=0.00 visualStepMaxCm=0.00
[rubber-banding][remote-render] time=348.492 frame=18790 entity=2 latestHostTick=15668 buffer=8 windowMs=1000.3 fps=51.0 snapshots=29 arrivalSamples=29 arrivalAvgMs=33.9 arrivalP95Ms=42.6 arrivalMaxMs=49.9 sameArrival=0 tickGapMax=2 renderFrames=51 interpolation=51 extrapolation=0 extrapolationCapped=0 extrapolationMaxMs=0.0 oldestHeld=0 zeroSpan=0 movingFrozen=0 teleport=0 visualStepAvgCm=0.00 visualStepMaxCm=0.00
[rubber-banding][remote-render] time=348.492 frame=18790 entity=4 latestHostTick=15668 buffer=8 windowMs=1000.3 fps=51.0 snapshots=29 arrivalSamples=29 arrivalAvgMs=33.9 arrivalP95Ms=42.6 arrivalMaxMs=49.9 sameArrival=0 tickGapMax=2 renderFrames=51 interpolation=51 extrapolation=0 extrapolationCapped=0 extrapolationMaxMs=0.0 oldestHeld=0 zeroSpan=0 movingFrozen=0 teleport=0 visualStepAvgCm=0.00 visualStepMaxCm=0.00
[rubber-banding][remote-render] time=349.500 frame=18841 entity=1 latestHostTick=15730 buffer=8 windowMs=1008.0 fps=50.6 snapshots=31 arrivalSamples=31 arrivalAvgMs=33.1 arrivalP95Ms=58.4 arrivalMaxMs=59.4 sameArrival=1 tickGapMax=2 renderFrames=51 interpolation=51 extrapolation=0 extrapolationCapped=0 extrapolationMaxMs=0.0 oldestHeld=0 zeroSpan=1 movingFrozen=0 teleport=0 visualStepAvgCm=0.00 visualStepMaxCm=0.00
[rubber-banding][remote-render] time=349.500 frame=18841 entity=2 latestHostTick=15730 buffer=8 windowMs=1008.0 fps=50.6 snapshots=31 arrivalSamples=31 arrivalAvgMs=33.1 arrivalP95Ms=58.4 arrivalMaxMs=59.4 sameArrival=1 tickGapMax=2 renderFrames=51 interpolation=51 extrapolation=0 extrapolationCapped=0 extrapolationMaxMs=0.0 oldestHeld=0 zeroSpan=1 movingFrozen=0 teleport=0 visualStepAvgCm=0.00 visualStepMaxCm=0.00
[rubber-banding][remote-render] time=349.500 frame=18841 entity=4 latestHostTick=15730 buffer=8 windowMs=1008.0 fps=50.6 snapshots=31 arrivalSamples=31 arrivalAvgMs=33.1 arrivalP95Ms=58.4 arrivalMaxMs=59.4 sameArrival=1 tickGapMax=2 renderFrames=51 interpolation=51 extrapolation=0 extrapolationCapped=0 extrapolationMaxMs=0.0 oldestHeld=0 zeroSpan=1 movingFrozen=0 teleport=0 visualStepAvgCm=0.00 visualStepMaxCm=0.00
[rubber-banding][remote-render] time=350.509 frame=18892 entity=1 latestHostTick=15790 buffer=8 windowMs=1009.8 fps=50.5 snapshots=30 arrivalSamples=30 arrivalAvgMs=33.1 arrivalP95Ms=49.8 arrivalMaxMs=58.5 sameArrival=0 tickGapMax=2 renderFrames=51 interpolation=51 extrapolation=0 extrapolationCapped=0 extrapolationMaxMs=0.0 oldestHeld=0 zeroSpan=0 movingFrozen=0 teleport=0 visualStepAvgCm=0.00 visualStepMaxCm=0.00
[rubber-banding][remote-render] time=350.509 frame=18892 entity=2 latestHostTick=15790 buffer=8 windowMs=1009.8 fps=50.5 snapshots=30 arrivalSamples=30 arrivalAvgMs=33.1 arrivalP95Ms=49.8 arrivalMaxMs=58.5 sameArrival=0 tickGapMax=2 renderFrames=51 interpolation=51 extrapolation=0 extrapolationCapped=0 extrapolationMaxMs=0.0 oldestHeld=0 zeroSpan=0 movingFrozen=0 teleport=0 visualStepAvgCm=0.00 visualStepMaxCm=0.00
[rubber-banding][remote-render] time=350.509 frame=18892 entity=4 latestHostTick=15790 buffer=8 windowMs=1009.8 fps=50.5 snapshots=30 arrivalSamples=30 arrivalAvgMs=33.1 arrivalP95Ms=49.8 arrivalMaxMs=58.5 sameArrival=0 tickGapMax=2 renderFrames=51 interpolation=51 extrapolation=0 extrapolationCapped=0 extrapolationMaxMs=0.0 oldestHeld=0 zeroSpan=0 movingFrozen=0 teleport=0 visualStepAvgCm=0.00 visualStepMaxCm=0.00
[rubber-banding][remote-render] time=351.516 frame=18943 entity=1 latestHostTick=15852 buffer=8 windowMs=1006.9 fps=50.7 snapshots=31 arrivalSamples=31 arrivalAvgMs=33.0 arrivalP95Ms=57.9 arrivalMaxMs=58.4 sameArrival=2 tickGapMax=2 renderFrames=51 interpolation=51 extrapolation=0 extrapolationCapped=0 extrapolationMaxMs=0.0 oldestHeld=0 zeroSpan=2 movingFrozen=0 teleport=0 visualStepAvgCm=0.00 visualStepMaxCm=0.00
[rubber-banding][remote-render] time=351.516 frame=18943 entity=2 latestHostTick=15852 buffer=8 windowMs=1006.9 fps=50.7 snapshots=31 arrivalSamples=31 arrivalAvgMs=33.0 arrivalP95Ms=57.9 arrivalMaxMs=58.4 sameArrival=2 tickGapMax=2 renderFrames=51 interpolation=51 extrapolation=0 extrapolationCapped=0 extrapolationMaxMs=0.0 oldestHeld=0 zeroSpan=2 movingFrozen=0 teleport=0 visualStepAvgCm=0.00 visualStepMaxCm=0.00
[rubber-banding][remote-render] time=351.516 frame=18943 entity=4 latestHostTick=15852 buffer=8 windowMs=1006.9 fps=50.7 snapshots=31 arrivalSamples=31 arrivalAvgMs=33.0 arrivalP95Ms=57.9 arrivalMaxMs=58.4 sameArrival=2 tickGapMax=2 renderFrames=51 interpolation=51 extrapolation=0 extrapolationCapped=0 extrapolationMaxMs=0.0 oldestHeld=0 zeroSpan=2 movingFrozen=0 teleport=0 visualStepAvgCm=0.00 visualStepMaxCm=0.00
[rubber-banding][remote-render] time=352.516 frame=18994 entity=1 latestHostTick=15910 buffer=8 windowMs=1000.0 fps=51.0 snapshots=29 arrivalSamples=29 arrivalAvgMs=33.9 arrivalP95Ms=42.8 arrivalMaxMs=60.2 sameArrival=0 tickGapMax=2 renderFrames=51 interpolation=51 extrapolation=0 extrapolationCapped=0 extrapolationMaxMs=0.0 oldestHeld=0 zeroSpan=0 movingFrozen=0 teleport=0 visualStepAvgCm=0.00 visualStepMaxCm=0.00
[rubber-banding][remote-render] time=352.516 frame=18994 entity=2 latestHostTick=15910 buffer=8 windowMs=1000.0 fps=51.0 snapshots=29 arrivalSamples=29 arrivalAvgMs=33.9 arrivalP95Ms=42.8 arrivalMaxMs=60.2 sameArrival=0 tickGapMax=2 renderFrames=51 interpolation=51 extrapolation=0 extrapolationCapped=0 extrapolationMaxMs=0.0 oldestHeld=0 zeroSpan=0 movingFrozen=0 teleport=0 visualStepAvgCm=0.00 visualStepMaxCm=0.00
[rubber-banding][remote-render] time=352.516 frame=18994 entity=4 latestHostTick=15910 buffer=8 windowMs=1000.0 fps=51.0 snapshots=29 arrivalSamples=29 arrivalAvgMs=33.9 arrivalP95Ms=42.8 arrivalMaxMs=60.2 sameArrival=0 tickGapMax=2 renderFrames=51 interpolation=51 extrapolation=0 extrapolationCapped=0 extrapolationMaxMs=0.0 oldestHeld=0 zeroSpan=0 movingFrozen=0 teleport=0 visualStepAvgCm=0.00 visualStepMaxCm=0.00
[rubber-banding][remote-render] time=353.527 frame=19046 entity=1 latestHostTick=15972 buffer=8 windowMs=1010.6 fps=51.5 snapshots=31 arrivalSamples=31 arrivalAvgMs=33.1 arrivalP95Ms=48.5 arrivalMaxMs=59.8 sameArrival=1 tickGapMax=2 renderFrames=52 interpolation=52 extrapolation=0 extrapolationCapped=0 extrapolationMaxMs=0.0 oldestHeld=0 zeroSpan=2 movingFrozen=0 teleport=0 visualStepAvgCm=0.00 visualStepMaxCm=0.00
[rubber-banding][remote-render] time=353.527 frame=19046 entity=2 latestHostTick=15972 buffer=8 windowMs=1010.6 fps=51.5 snapshots=31 arrivalSamples=31 arrivalAvgMs=33.1 arrivalP95Ms=48.5 arrivalMaxMs=59.8 sameArrival=1 tickGapMax=2 renderFrames=52 interpolation=52 extrapolation=0 extrapolationCapped=0 extrapolationMaxMs=0.0 oldestHeld=0 zeroSpan=2 movingFrozen=0 teleport=0 visualStepAvgCm=0.00 visualStepMaxCm=0.00
[rubber-banding][remote-render] time=353.527 frame=19046 entity=4 latestHostTick=15972 buffer=8 windowMs=1010.6 fps=51.5 snapshots=31 arrivalSamples=31 arrivalAvgMs=33.1 arrivalP95Ms=48.5 arrivalMaxMs=59.8 sameArrival=1 tickGapMax=2 renderFrames=52 interpolation=52 extrapolation=0 extrapolationCapped=0 extrapolationMaxMs=0.0 oldestHeld=0 zeroSpan=2 movingFrozen=0 teleport=0 visualStepAvgCm=0.00 visualStepMaxCm=0.00
[rubber-banding][remote-render] time=354.533 frame=19097 entity=1 latestHostTick=16032 buffer=8 windowMs=1006.0 fps=50.7 snapshots=30 arrivalSamples=30 arrivalAvgMs=33.5 arrivalP95Ms=43.0 arrivalMaxMs=43.3 sameArrival=0 tickGapMax=2 renderFrames=51 interpolation=51 extrapolation=0 extrapolationCapped=0 extrapolationMaxMs=0.0 oldestHeld=0 zeroSpan=0 movingFrozen=0 teleport=0 visualStepAvgCm=0.00 visualStepMaxCm=0.00
[rubber-banding][remote-render] time=354.533 frame=19097 entity=2 latestHostTick=16032 buffer=8 windowMs=1006.0 fps=50.7 snapshots=30 arrivalSamples=30 arrivalAvgMs=33.5 arrivalP95Ms=43.0 arrivalMaxMs=43.3 sameArrival=0 tickGapMax=2 renderFrames=51 interpolation=51 extrapolation=0 extrapolationCapped=0 extrapolationMaxMs=0.0 oldestHeld=0 zeroSpan=0 movingFrozen=0 teleport=0 visualStepAvgCm=0.00 visualStepMaxCm=0.00
[rubber-banding][remote-render] time=354.533 frame=19097 entity=4 latestHostTick=16032 buffer=8 windowMs=1006.0 fps=50.7 snapshots=30 arrivalSamples=30 arrivalAvgMs=33.5 arrivalP95Ms=43.0 arrivalMaxMs=43.3 sameArrival=0 tickGapMax=2 renderFrames=51 interpolation=51 extrapolation=0 extrapolationCapped=0 extrapolationMaxMs=0.0 oldestHeld=0 zeroSpan=0 movingFrozen=0 teleport=0 visualStepAvgCm=0.00 visualStepMaxCm=0.00
[rubber-banding][remote-render] time=355.533 frame=19148 entity=1 latestHostTick=16092 buffer=8 windowMs=1000.1 fps=51.0 snapshots=30 arrivalSamples=30 arrivalAvgMs=32.8 arrivalP95Ms=43.6 arrivalMaxMs=57.8 sameArrival=1 tickGapMax=2 renderFrames=51 interpolation=51 extrapolation=0 extrapolationCapped=0 extrapolationMaxMs=0.0 oldestHeld=0 zeroSpan=2 movingFrozen=0 teleport=0 visualStepAvgCm=0.00 visualStepMaxCm=0.00
[rubber-banding][remote-render] time=355.533 frame=19148 entity=2 latestHostTick=16092 buffer=8 windowMs=1000.1 fps=51.0 snapshots=30 arrivalSamples=30 arrivalAvgMs=32.8 arrivalP95Ms=43.6 arrivalMaxMs=57.8 sameArrival=1 tickGapMax=2 renderFrames=51 interpolation=51 extrapolation=0 extrapolationCapped=0 extrapolationMaxMs=0.0 oldestHeld=0 zeroSpan=2 movingFrozen=0 teleport=0 visualStepAvgCm=0.00 visualStepMaxCm=0.00
[rubber-banding][remote-render] time=355.533 frame=19148 entity=4 latestHostTick=16092 buffer=8 windowMs=1000.1 fps=51.0 snapshots=30 arrivalSamples=30 arrivalAvgMs=32.8 arrivalP95Ms=43.6 arrivalMaxMs=57.8 sameArrival=1 tickGapMax=2 renderFrames=51 interpolation=51 extrapolation=0 extrapolationCapped=0 extrapolationMaxMs=0.0 oldestHeld=0 zeroSpan=2 movingFrozen=0 teleport=0 visualStepAvgCm=0.00 visualStepMaxCm=0.00
[rubber-banding][remote-render] time=356.541 frame=19200 entity=1 latestHostTick=16152 buffer=8 windowMs=1008.2 fps=51.6 snapshots=30 arrivalSamples=30 arrivalAvgMs=33.6 arrivalP95Ms=57.3 arrivalMaxMs=58.3 sameArrival=0 tickGapMax=2 renderFrames=52 interpolation=52 extrapolation=0 extrapolationCapped=0 extrapolationMaxMs=0.0 oldestHeld=0 zeroSpan=0 movingFrozen=0 teleport=0 visualStepAvgCm=0.00 visualStepMaxCm=0.00
[rubber-banding][remote-render] time=356.541 frame=19200 entity=2 latestHostTick=16152 buffer=8 windowMs=1008.2 fps=51.6 snapshots=30 arrivalSamples=30 arrivalAvgMs=33.6 arrivalP95Ms=57.3 arrivalMaxMs=58.3 sameArrival=0 tickGapMax=2 renderFrames=52 interpolation=52 extrapolation=0 extrapolationCapped=0 extrapolationMaxMs=0.0 oldestHeld=0 zeroSpan=0 movingFrozen=0 teleport=0 visualStepAvgCm=0.00 visualStepMaxCm=0.00
[rubber-banding][remote-render] time=356.541 frame=19200 entity=4 latestHostTick=16152 buffer=8 windowMs=1008.2 fps=51.6 snapshots=30 arrivalSamples=30 arrivalAvgMs=33.6 arrivalP95Ms=57.3 arrivalMaxMs=58.3 sameArrival=0 tickGapMax=2 renderFrames=52 interpolation=52 extrapolation=0 extrapolationCapped=0 extrapolationMaxMs=0.0 oldestHeld=0 zeroSpan=0 movingFrozen=0 teleport=0 visualStepAvgCm=0.00 visualStepMaxCm=0.00
[rubber-banding][remote-render] time=357.551 frame=19251 entity=1 latestHostTick=16212 buffer=8 windowMs=1009.6 fps=50.5 snapshots=30 arrivalSamples=30 arrivalAvgMs=33.6 arrivalP95Ms=58.3 arrivalMaxMs=58.4 sameArrival=1 tickGapMax=2 renderFrames=51 interpolation=51 extrapolation=0 extrapolationCapped=0 extrapolationMaxMs=0.0 oldestHeld=0 zeroSpan=2 movingFrozen=0 teleport=0 visualStepAvgCm=0.00 visualStepMaxCm=0.00
[rubber-banding][remote-render] time=357.551 frame=19251 entity=2 latestHostTick=16212 buffer=8 windowMs=1009.6 fps=50.5 snapshots=30 arrivalSamples=30 arrivalAvgMs=33.6 arrivalP95Ms=58.3 arrivalMaxMs=58.4 sameArrival=1 tickGapMax=2 renderFrames=51 interpolation=51 extrapolation=0 extrapolationCapped=0 extrapolationMaxMs=0.0 oldestHeld=0 zeroSpan=2 movingFrozen=0 teleport=0 visualStepAvgCm=0.00 visualStepMaxCm=0.00
[rubber-banding][remote-render] time=357.551 frame=19251 entity=4 latestHostTick=16212 buffer=8 windowMs=1009.6 fps=50.5 snapshots=30 arrivalSamples=30 arrivalAvgMs=33.6 arrivalP95Ms=58.3 arrivalMaxMs=58.4 sameArrival=1 tickGapMax=2 renderFrames=51 interpolation=51 extrapolation=0 extrapolationCapped=0 extrapolationMaxMs=0.0 oldestHeld=0 zeroSpan=2 movingFrozen=0 teleport=0 visualStepAvgCm=0.00 visualStepMaxCm=0.00
[rubber-banding][remote-render] time=358.566 frame=19303 entity=1 latestHostTick=16274 buffer=8 windowMs=1015.5 fps=51.2 snapshots=31 arrivalSamples=31 arrivalAvgMs=33.3 arrivalP95Ms=58.4 arrivalMaxMs=58.6 sameArrival=1 tickGapMax=2 renderFrames=52 interpolation=52 extrapolation=0 extrapolationCapped=0 extrapolationMaxMs=0.0 oldestHeld=0 zeroSpan=2 movingFrozen=0 teleport=0 visualStepAvgCm=0.00 visualStepMaxCm=0.00
[rubber-banding][remote-render] time=358.566 frame=19303 entity=2 latestHostTick=16274 buffer=8 windowMs=1015.5 fps=51.2 snapshots=31 arrivalSamples=31 arrivalAvgMs=33.3 arrivalP95Ms=58.4 arrivalMaxMs=58.6 sameArrival=1 tickGapMax=2 renderFrames=52 interpolation=52 extrapolation=0 extrapolationCapped=0 extrapolationMaxMs=0.0 oldestHeld=0 zeroSpan=2 movingFrozen=0 teleport=0 visualStepAvgCm=0.00 visualStepMaxCm=0.00
[rubber-banding][remote-render] time=358.566 frame=19303 entity=4 latestHostTick=16274 buffer=8 windowMs=1015.5 fps=51.2 snapshots=31 arrivalSamples=31 arrivalAvgMs=33.3 arrivalP95Ms=58.4 arrivalMaxMs=58.6 sameArrival=1 tickGapMax=2 renderFrames=52 interpolation=52 extrapolation=0 extrapolationCapped=0 extrapolationMaxMs=0.0 oldestHeld=0 zeroSpan=2 movingFrozen=0 teleport=0 visualStepAvgCm=0.00 visualStepMaxCm=0.00
[rubber-banding][remote-render] time=359.566 frame=19354 entity=1 latestHostTick=16334 buffer=8 windowMs=1000.1 fps=51.0 snapshots=30 arrivalSamples=30 arrivalAvgMs=32.8 arrivalP95Ms=58.3 arrivalMaxMs=58.8 sameArrival=3 tickGapMax=2 renderFrames=51 interpolation=51 extrapolation=0 extrapolationCapped=0 extrapolationMaxMs=0.0 oldestHeld=0 zeroSpan=3 movingFrozen=0 teleport=0 visualStepAvgCm=0.00 visualStepMaxCm=0.00
[rubber-banding][remote-render] time=359.566 frame=19354 entity=2 latestHostTick=16334 buffer=8 windowMs=1000.1 fps=51.0 snapshots=30 arrivalSamples=30 arrivalAvgMs=32.8 arrivalP95Ms=58.3 arrivalMaxMs=58.8 sameArrival=3 tickGapMax=2 renderFrames=51 interpolation=51 extrapolation=0 extrapolationCapped=0 extrapolationMaxMs=0.0 oldestHeld=0 zeroSpan=3 movingFrozen=0 teleport=0 visualStepAvgCm=0.00 visualStepMaxCm=0.00
[rubber-banding][remote-render] time=359.566 frame=19354 entity=4 latestHostTick=16334 buffer=8 windowMs=1000.1 fps=51.0 snapshots=30 arrivalSamples=30 arrivalAvgMs=32.8 arrivalP95Ms=58.3 arrivalMaxMs=58.8 sameArrival=3 tickGapMax=2 renderFrames=51 interpolation=51 extrapolation=0 extrapolationCapped=0 extrapolationMaxMs=0.0 oldestHeld=0 zeroSpan=3 movingFrozen=0 teleport=0 visualStepAvgCm=0.00 visualStepMaxCm=0.00
[rubber-banding][remote-render] time=360.568 frame=19405 entity=1 latestHostTick=16394 buffer=8 windowMs=1001.6 fps=50.9 snapshots=30 arrivalSamples=30 arrivalAvgMs=33.9 arrivalP95Ms=50.2 arrivalMaxMs=58.3 sameArrival=0 tickGapMax=2 renderFrames=51 interpolation=51 extrapolation=0 extrapolationCapped=0 extrapolationMaxMs=0.0 oldestHeld=0 zeroSpan=2 movingFrozen=0 teleport=0 visualStepAvgCm=0.00 visualStepMaxCm=0.00
[rubber-banding][remote-render] time=360.568 frame=19405 entity=2 latestHostTick=16394 buffer=8 windowMs=1001.6 fps=50.9 snapshots=30 arrivalSamples=30 arrivalAvgMs=33.9 arrivalP95Ms=50.2 arrivalMaxMs=58.3 sameArrival=0 tickGapMax=2 renderFrames=51 interpolation=51 extrapolation=0 extrapolationCapped=0 extrapolationMaxMs=0.0 oldestHeld=0 zeroSpan=2 movingFrozen=0 teleport=0 visualStepAvgCm=0.00 visualStepMaxCm=0.00
[rubber-banding][remote-render] time=360.568 frame=19405 entity=4 latestHostTick=16394 buffer=8 windowMs=1001.6 fps=50.9 snapshots=30 arrivalSamples=30 arrivalAvgMs=33.9 arrivalP95Ms=50.2 arrivalMaxMs=58.3 sameArrival=0 tickGapMax=2 renderFrames=51 interpolation=51 extrapolation=0 extrapolationCapped=0 extrapolationMaxMs=0.0 oldestHeld=0 zeroSpan=2 movingFrozen=0 teleport=0 visualStepAvgCm=0.00 visualStepMaxCm=0.00
[rubber-banding][remote-render] time=361.575 frame=19456 entity=1 latestHostTick=16454 buffer=8 windowMs=1006.6 fps=50.7 snapshots=30 arrivalSamples=30 arrivalAvgMs=33.6 arrivalP95Ms=43.7 arrivalMaxMs=57.7 sameArrival=1 tickGapMax=2 renderFrames=51 interpolation=51 extrapolation=0 extrapolationCapped=0 extrapolationMaxMs=0.0 oldestHeld=0 zeroSpan=0 movingFrozen=0 teleport=0 visualStepAvgCm=0.00 visualStepMaxCm=0.00
[rubber-banding][remote-render] time=361.575 frame=19456 entity=2 latestHostTick=16454 buffer=8 windowMs=1006.6 fps=50.7 snapshots=30 arrivalSamples=30 arrivalAvgMs=33.6 arrivalP95Ms=43.7 arrivalMaxMs=57.7 sameArrival=1 tickGapMax=2 renderFrames=51 interpolation=51 extrapolation=0 extrapolationCapped=0 extrapolationMaxMs=0.0 oldestHeld=0 zeroSpan=0 movingFrozen=0 teleport=0 visualStepAvgCm=0.00 visualStepMaxCm=0.00
[rubber-banding][remote-render] time=361.575 frame=19456 entity=4 latestHostTick=16454 buffer=8 windowMs=1006.6 fps=50.7 snapshots=30 arrivalSamples=30 arrivalAvgMs=33.6 arrivalP95Ms=43.7 arrivalMaxMs=57.7 sameArrival=1 tickGapMax=2 renderFrames=51 interpolation=51 extrapolation=0 extrapolationCapped=0 extrapolationMaxMs=0.0 oldestHeld=0 zeroSpan=0 movingFrozen=0 teleport=0 visualStepAvgCm=0.00 visualStepMaxCm=0.00
[rubber-banding][remote-render] time=362.575 frame=19507 entity=1 latestHostTick=16514 buffer=8 windowMs=1000.5 fps=51.0 snapshots=30 arrivalSamples=30 arrivalAvgMs=33.4 arrivalP95Ms=42.9 arrivalMaxMs=50.3 sameArrival=0 tickGapMax=2 renderFrames=51 interpolation=51 extrapolation=0 extrapolationCapped=0 extrapolationMaxMs=0.0 oldestHeld=0 zeroSpan=2 movingFrozen=0 teleport=0 visualStepAvgCm=0.00 visualStepMaxCm=0.00
[rubber-banding][remote-render] time=362.575 frame=19507 entity=2 latestHostTick=16514 buffer=8 windowMs=1000.5 fps=51.0 snapshots=30 arrivalSamples=30 arrivalAvgMs=33.4 arrivalP95Ms=42.9 arrivalMaxMs=50.3 sameArrival=0 tickGapMax=2 renderFrames=51 interpolation=51 extrapolation=0 extrapolationCapped=0 extrapolationMaxMs=0.0 oldestHeld=0 zeroSpan=2 movingFrozen=0 teleport=0 visualStepAvgCm=0.00 visualStepMaxCm=0.00
[rubber-banding][remote-render] time=362.575 frame=19507 entity=4 latestHostTick=16514 buffer=8 windowMs=1000.5 fps=51.0 snapshots=30 arrivalSamples=30 arrivalAvgMs=33.4 arrivalP95Ms=42.9 arrivalMaxMs=50.3 sameArrival=0 tickGapMax=2 renderFrames=51 interpolation=51 extrapolation=0 extrapolationCapped=0 extrapolationMaxMs=0.0 oldestHeld=0 zeroSpan=2 movingFrozen=0 teleport=0 visualStepAvgCm=0.00 visualStepMaxCm=0.00
[rubber-banding][remote-render] time=363.584 frame=19558 entity=1 latestHostTick=16576 buffer=8 windowMs=1009.1 fps=50.5 snapshots=31 arrivalSamples=31 arrivalAvgMs=32.6 arrivalP95Ms=59.7 arrivalMaxMs=59.8 sameArrival=3 tickGapMax=2 renderFrames=51 interpolation=51 extrapolation=0 extrapolationCapped=0 extrapolationMaxMs=0.0 oldestHeld=0 zeroSpan=2 movingFrozen=0 teleport=0 visualStepAvgCm=0.00 visualStepMaxCm=0.00
[rubber-banding][remote-render] time=363.584 frame=19558 entity=2 latestHostTick=16576 buffer=8 windowMs=1009.1 fps=50.5 snapshots=31 arrivalSamples=31 arrivalAvgMs=32.6 arrivalP95Ms=59.7 arrivalMaxMs=59.8 sameArrival=3 tickGapMax=2 renderFrames=51 interpolation=51 extrapolation=0 extrapolationCapped=0 extrapolationMaxMs=0.0 oldestHeld=0 zeroSpan=2 movingFrozen=0 teleport=0 visualStepAvgCm=0.00 visualStepMaxCm=0.00
[rubber-banding][remote-render] time=363.584 frame=19558 entity=4 latestHostTick=16576 buffer=8 windowMs=1009.1 fps=50.5 snapshots=31 arrivalSamples=31 arrivalAvgMs=32.6 arrivalP95Ms=59.7 arrivalMaxMs=59.8 sameArrival=3 tickGapMax=2 renderFrames=51 interpolation=51 extrapolation=0 extrapolationCapped=0 extrapolationMaxMs=0.0 oldestHeld=0 zeroSpan=2 movingFrozen=0 teleport=0 visualStepAvgCm=0.00 visualStepMaxCm=0.00
[rubber-banding][remote-render] time=364.599 frame=19610 entity=1 latestHostTick=16636 buffer=8 windowMs=1015.3 fps=51.2 snapshots=30 arrivalSamples=30 arrivalAvgMs=33.8 arrivalP95Ms=57.1 arrivalMaxMs=57.6 sameArrival=0 tickGapMax=2 renderFrames=52 interpolation=52 extrapolation=0 extrapolationCapped=0 extrapolationMaxMs=0.0 oldestHeld=0 zeroSpan=2 movingFrozen=0 teleport=0 visualStepAvgCm=0.00 visualStepMaxCm=0.00
[rubber-banding][remote-render] time=364.599 frame=19610 entity=2 latestHostTick=16636 buffer=8 windowMs=1015.3 fps=51.2 snapshots=30 arrivalSamples=30 arrivalAvgMs=33.8 arrivalP95Ms=57.1 arrivalMaxMs=57.6 sameArrival=0 tickGapMax=2 renderFrames=52 interpolation=52 extrapolation=0 extrapolationCapped=0 extrapolationMaxMs=0.0 oldestHeld=0 zeroSpan=2 movingFrozen=0 teleport=0 visualStepAvgCm=0.00 visualStepMaxCm=0.00
[rubber-banding][remote-render] time=364.599 frame=19610 entity=4 latestHostTick=16636 buffer=8 windowMs=1015.3 fps=51.2 snapshots=30 arrivalSamples=30 arrivalAvgMs=33.8 arrivalP95Ms=57.1 arrivalMaxMs=57.6 sameArrival=0 tickGapMax=2 renderFrames=52 interpolation=52 extrapolation=0 extrapolationCapped=0 extrapolationMaxMs=0.0 oldestHeld=0 zeroSpan=2 movingFrozen=0 teleport=0 visualStepAvgCm=0.00 visualStepMaxCm=0.00
[rubber-banding][remote-render] time=365.609 frame=19662 entity=1 latestHostTick=16696 buffer=8 windowMs=1009.3 fps=51.5 snapshots=30 arrivalSamples=30 arrivalAvgMs=33.6 arrivalP95Ms=58.1 arrivalMaxMs=60.2 sameArrival=0 tickGapMax=2 renderFrames=52 interpolation=52 extrapolation=0 extrapolationCapped=0 extrapolationMaxMs=0.0 oldestHeld=0 zeroSpan=0 movingFrozen=0 teleport=0 visualStepAvgCm=0.00 visualStepMaxCm=0.00
[rubber-banding][remote-render] time=365.609 frame=19662 entity=2 latestHostTick=16696 buffer=8 windowMs=1009.3 fps=51.5 snapshots=30 arrivalSamples=30 arrivalAvgMs=33.6 arrivalP95Ms=58.1 arrivalMaxMs=60.2 sameArrival=0 tickGapMax=2 renderFrames=52 interpolation=52 extrapolation=0 extrapolationCapped=0 extrapolationMaxMs=0.0 oldestHeld=0 zeroSpan=0 movingFrozen=0 teleport=0 visualStepAvgCm=0.00 visualStepMaxCm=0.00
[rubber-banding][remote-render] time=365.609 frame=19662 entity=4 latestHostTick=16696 buffer=8 windowMs=1009.3 fps=51.5 snapshots=30 arrivalSamples=30 arrivalAvgMs=33.6 arrivalP95Ms=58.1 arrivalMaxMs=60.2 sameArrival=0 tickGapMax=2 renderFrames=52 interpolation=52 extrapolation=0 extrapolationCapped=0 extrapolationMaxMs=0.0 oldestHeld=0 zeroSpan=0 movingFrozen=0 teleport=0 visualStepAvgCm=0.00 visualStepMaxCm=0.00
[rubber-banding][remote-render] time=366.616 frame=19713 entity=1 latestHostTick=16756 buffer=8 windowMs=1007.3 fps=50.6 snapshots=30 arrivalSamples=30 arrivalAvgMs=33.0 arrivalP95Ms=43.4 arrivalMaxMs=58.3 sameArrival=0 tickGapMax=2 renderFrames=51 interpolation=51 extrapolation=0 extrapolationCapped=0 extrapolationMaxMs=0.0 oldestHeld=0 zeroSpan=0 movingFrozen=0 teleport=0 visualStepAvgCm=0.00 visualStepMaxCm=0.00
[rubber-banding][remote-render] time=366.616 frame=19713 entity=2 latestHostTick=16756 buffer=8 windowMs=1007.3 fps=50.6 snapshots=30 arrivalSamples=30 arrivalAvgMs=33.0 arrivalP95Ms=43.4 arrivalMaxMs=58.3 sameArrival=0 tickGapMax=2 renderFrames=51 interpolation=51 extrapolation=0 extrapolationCapped=0 extrapolationMaxMs=0.0 oldestHeld=0 zeroSpan=0 movingFrozen=0 teleport=0 visualStepAvgCm=0.00 visualStepMaxCm=0.00
[rubber-banding][remote-render] time=366.616 frame=19713 entity=4 latestHostTick=16756 buffer=8 windowMs=1007.3 fps=50.6 snapshots=30 arrivalSamples=30 arrivalAvgMs=33.0 arrivalP95Ms=43.4 arrivalMaxMs=58.3 sameArrival=0 tickGapMax=2 renderFrames=51 interpolation=51 extrapolation=0 extrapolationCapped=0 extrapolationMaxMs=0.0 oldestHeld=0 zeroSpan=0 movingFrozen=0 teleport=0 visualStepAvgCm=0.00 visualStepMaxCm=0.00
[rubber-banding][remote-render] time=367.626 frame=19764 entity=1 latestHostTick=16818 buffer=8 windowMs=1010.2 fps=50.5 snapshots=31 arrivalSamples=31 arrivalAvgMs=33.1 arrivalP95Ms=58.3 arrivalMaxMs=58.7 sameArrival=1 tickGapMax=2 renderFrames=51 interpolation=51 extrapolation=0 extrapolationCapped=0 extrapolationMaxMs=0.0 oldestHeld=0 zeroSpan=2 movingFrozen=0 teleport=0 visualStepAvgCm=0.00 visualStepMaxCm=0.00
[rubber-banding][remote-render] time=367.626 frame=19764 entity=2 latestHostTick=16818 buffer=8 windowMs=1010.2 fps=50.5 snapshots=31 arrivalSamples=31 arrivalAvgMs=33.1 arrivalP95Ms=58.3 arrivalMaxMs=58.7 sameArrival=1 tickGapMax=2 renderFrames=51 interpolation=51 extrapolation=0 extrapolationCapped=0 extrapolationMaxMs=0.0 oldestHeld=0 zeroSpan=2 movingFrozen=0 teleport=0 visualStepAvgCm=0.00 visualStepMaxCm=0.00
[rubber-banding][remote-render] time=367.626 frame=19764 entity=4 latestHostTick=16818 buffer=8 windowMs=1010.2 fps=50.5 snapshots=31 arrivalSamples=31 arrivalAvgMs=33.1 arrivalP95Ms=58.3 arrivalMaxMs=58.7 sameArrival=1 tickGapMax=2 renderFrames=51 interpolation=51 extrapolation=0 extrapolationCapped=0 extrapolationMaxMs=0.0 oldestHeld=0 zeroSpan=2 movingFrozen=0 teleport=0 visualStepAvgCm=0.00 visualStepMaxCm=0.00
[rubber-banding][remote-render] time=368.641 frame=19815 entity=1 latestHostTick=16878 buffer=8 windowMs=1014.8 fps=50.3 snapshots=30 arrivalSamples=30 arrivalAvgMs=33.0 arrivalP95Ms=56.7 arrivalMaxMs=59.6 sameArrival=2 tickGapMax=2 renderFrames=51 interpolation=51 extrapolation=0 extrapolationCapped=0 extrapolationMaxMs=0.0 oldestHeld=0 zeroSpan=4 movingFrozen=0 teleport=0 visualStepAvgCm=0.00 visualStepMaxCm=0.00
[rubber-banding][remote-render] time=368.641 frame=19815 entity=2 latestHostTick=16878 buffer=8 windowMs=1014.8 fps=50.3 snapshots=30 arrivalSamples=30 arrivalAvgMs=33.0 arrivalP95Ms=56.7 arrivalMaxMs=59.6 sameArrival=2 tickGapMax=2 renderFrames=51 interpolation=51 extrapolation=0 extrapolationCapped=0 extrapolationMaxMs=0.0 oldestHeld=0 zeroSpan=4 movingFrozen=0 teleport=0 visualStepAvgCm=0.00 visualStepMaxCm=0.00
[rubber-banding][remote-render] time=368.641 frame=19815 entity=4 latestHostTick=16878 buffer=8 windowMs=1014.8 fps=50.3 snapshots=30 arrivalSamples=30 arrivalAvgMs=33.0 arrivalP95Ms=56.7 arrivalMaxMs=59.6 sameArrival=2 tickGapMax=2 renderFrames=51 interpolation=51 extrapolation=0 extrapolationCapped=0 extrapolationMaxMs=0.0 oldestHeld=0 zeroSpan=4 movingFrozen=0 teleport=0 visualStepAvgCm=0.00 visualStepMaxCm=0.00
[rubber-banding][remote-render] time=369.641 frame=19866 entity=1 latestHostTick=16938 buffer=8 windowMs=1000.0 fps=51.0 snapshots=30 arrivalSamples=30 arrivalAvgMs=34.2 arrivalP95Ms=58.6 arrivalMaxMs=66.7 sameArrival=2 tickGapMax=2 renderFrames=51 interpolation=51 extrapolation=0 extrapolationCapped=0 extrapolationMaxMs=0.0 oldestHeld=0 zeroSpan=3 movingFrozen=0 teleport=0 visualStepAvgCm=0.00 visualStepMaxCm=0.00
[rubber-banding][remote-render] time=369.641 frame=19866 entity=2 latestHostTick=16938 buffer=8 windowMs=1000.0 fps=51.0 snapshots=30 arrivalSamples=30 arrivalAvgMs=34.2 arrivalP95Ms=58.6 arrivalMaxMs=66.7 sameArrival=2 tickGapMax=2 renderFrames=51 interpolation=51 extrapolation=0 extrapolationCapped=0 extrapolationMaxMs=0.0 oldestHeld=0 zeroSpan=3 movingFrozen=0 teleport=0 visualStepAvgCm=0.00 visualStepMaxCm=0.00
[rubber-banding][remote-render] time=369.641 frame=19866 entity=4 latestHostTick=16938 buffer=8 windowMs=1000.0 fps=51.0 snapshots=30 arrivalSamples=30 arrivalAvgMs=34.2 arrivalP95Ms=58.6 arrivalMaxMs=66.7 sameArrival=2 tickGapMax=2 renderFrames=51 interpolation=51 extrapolation=0 extrapolationCapped=0 extrapolationMaxMs=0.0 oldestHeld=0 zeroSpan=3 movingFrozen=0 teleport=0 visualStepAvgCm=0.00 visualStepMaxCm=0.00
[rubber-banding][remote-render] time=370.649 frame=19917 entity=1 latestHostTick=17000 buffer=8 windowMs=1008.3 fps=50.6 snapshots=31 arrivalSamples=31 arrivalAvgMs=32.5 arrivalP95Ms=43.1 arrivalMaxMs=59.6 sameArrival=1 tickGapMax=2 renderFrames=51 interpolation=51 extrapolation=0 extrapolationCapped=0 extrapolationMaxMs=0.0 oldestHeld=0 zeroSpan=3 movingFrozen=0 teleport=0 visualStepAvgCm=0.00 visualStepMaxCm=0.00
[rubber-banding][remote-render] time=370.649 frame=19917 entity=2 latestHostTick=17000 buffer=8 windowMs=1008.3 fps=50.6 snapshots=31 arrivalSamples=31 arrivalAvgMs=32.5 arrivalP95Ms=43.1 arrivalMaxMs=59.6 sameArrival=1 tickGapMax=2 renderFrames=51 interpolation=51 extrapolation=0 extrapolationCapped=0 extrapolationMaxMs=0.0 oldestHeld=0 zeroSpan=3 movingFrozen=0 teleport=0 visualStepAvgCm=0.00 visualStepMaxCm=0.00
[rubber-banding][remote-render] time=370.649 frame=19917 entity=4 latestHostTick=17000 buffer=8 windowMs=1008.3 fps=50.6 snapshots=31 arrivalSamples=31 arrivalAvgMs=32.5 arrivalP95Ms=43.1 arrivalMaxMs=59.6 sameArrival=1 tickGapMax=2 renderFrames=51 interpolation=51 extrapolation=0 extrapolationCapped=0 extrapolationMaxMs=0.0 oldestHeld=0 zeroSpan=3 movingFrozen=0 teleport=0 visualStepAvgCm=0.00 visualStepMaxCm=0.00
[rubber-banding][remote-render] time=371.658 frame=19968 entity=1 latestHostTick=17060 buffer=8 windowMs=1008.6 fps=50.6 snapshots=30 arrivalSamples=30 arrivalAvgMs=33.6 arrivalP95Ms=42.7 arrivalMaxMs=44.1 sameArrival=0 tickGapMax=2 renderFrames=51 interpolation=51 extrapolation=0 extrapolationCapped=0 extrapolationMaxMs=0.0 oldestHeld=0 zeroSpan=0 movingFrozen=0 teleport=0 visualStepAvgCm=0.00 visualStepMaxCm=0.00
[rubber-banding][remote-render] time=371.658 frame=19968 entity=2 latestHostTick=17060 buffer=8 windowMs=1008.6 fps=50.6 snapshots=30 arrivalSamples=30 arrivalAvgMs=33.6 arrivalP95Ms=42.7 arrivalMaxMs=44.1 sameArrival=0 tickGapMax=2 renderFrames=51 interpolation=51 extrapolation=0 extrapolationCapped=0 extrapolationMaxMs=0.0 oldestHeld=0 zeroSpan=0 movingFrozen=0 teleport=0 visualStepAvgCm=0.00 visualStepMaxCm=0.00
[rubber-banding][remote-render] time=371.658 frame=19968 entity=4 latestHostTick=17060 buffer=8 windowMs=1008.6 fps=50.6 snapshots=30 arrivalSamples=30 arrivalAvgMs=33.6 arrivalP95Ms=42.7 arrivalMaxMs=44.1 sameArrival=0 tickGapMax=2 renderFrames=51 interpolation=51 extrapolation=0 extrapolationCapped=0 extrapolationMaxMs=0.0 oldestHeld=0 zeroSpan=0 movingFrozen=0 teleport=0 visualStepAvgCm=0.00 visualStepMaxCm=0.00
[rubber-banding][remote-render] time=372.666 frame=20019 entity=1 latestHostTick=17120 buffer=8 windowMs=1008.0 fps=50.6 snapshots=30 arrivalSamples=30 arrivalAvgMs=33.6 arrivalP95Ms=43.3 arrivalMaxMs=43.9 sameArrival=0 tickGapMax=2 renderFrames=51 interpolation=51 extrapolation=0 extrapolationCapped=0 extrapolationMaxMs=0.0 oldestHeld=0 zeroSpan=0 movingFrozen=0 teleport=0 visualStepAvgCm=0.00 visualStepMaxCm=0.00
[rubber-banding][remote-render] time=372.666 frame=20019 entity=2 latestHostTick=17120 buffer=8 windowMs=1008.0 fps=50.6 snapshots=30 arrivalSamples=30 arrivalAvgMs=33.6 arrivalP95Ms=43.3 arrivalMaxMs=43.9 sameArrival=0 tickGapMax=2 renderFrames=51 interpolation=51 extrapolation=0 extrapolationCapped=0 extrapolationMaxMs=0.0 oldestHeld=0 zeroSpan=0 movingFrozen=0 teleport=0 visualStepAvgCm=0.00 visualStepMaxCm=0.00
[rubber-banding][remote-render] time=372.666 frame=20019 entity=4 latestHostTick=17120 buffer=8 windowMs=1008.0 fps=50.6 snapshots=30 arrivalSamples=30 arrivalAvgMs=33.6 arrivalP95Ms=43.3 arrivalMaxMs=43.9 sameArrival=0 tickGapMax=2 renderFrames=51 interpolation=51 extrapolation=0 extrapolationCapped=0 extrapolationMaxMs=0.0 oldestHeld=0 zeroSpan=0 movingFrozen=0 teleport=0 visualStepAvgCm=0.00 visualStepMaxCm=0.00
[rubber-banding][remote-render] time=373.666 frame=20069 entity=1 latestHostTick=17180 buffer=8 windowMs=1000.0 fps=50.0 snapshots=30 arrivalSamples=30 arrivalAvgMs=33.3 arrivalP95Ms=49.0 arrivalMaxMs=58.7 sameArrival=0 tickGapMax=2 renderFrames=50 interpolation=50 extrapolation=0 extrapolationCapped=0 extrapolationMaxMs=0.0 oldestHeld=0 zeroSpan=0 movingFrozen=0 teleport=0 visualStepAvgCm=0.00 visualStepMaxCm=0.00
[rubber-banding][remote-render] time=373.666 frame=20069 entity=2 latestHostTick=17180 buffer=8 windowMs=1000.0 fps=50.0 snapshots=30 arrivalSamples=30 arrivalAvgMs=33.3 arrivalP95Ms=49.0 arrivalMaxMs=58.7 sameArrival=0 tickGapMax=2 renderFrames=50 interpolation=50 extrapolation=0 extrapolationCapped=0 extrapolationMaxMs=0.0 oldestHeld=0 zeroSpan=0 movingFrozen=0 teleport=0 visualStepAvgCm=0.00 visualStepMaxCm=0.00
[rubber-banding][remote-render] time=373.666 frame=20069 entity=4 latestHostTick=17180 buffer=8 windowMs=1000.0 fps=50.0 snapshots=30 arrivalSamples=30 arrivalAvgMs=33.3 arrivalP95Ms=49.0 arrivalMaxMs=58.7 sameArrival=0 tickGapMax=2 renderFrames=50 interpolation=50 extrapolation=0 extrapolationCapped=0 extrapolationMaxMs=0.0 oldestHeld=0 zeroSpan=0 movingFrozen=0 teleport=0 visualStepAvgCm=0.00 visualStepMaxCm=0.00
[rubber-banding][remote-render] time=374.693 frame=20121 entity=1 latestHostTick=17242 buffer=8 windowMs=1026.6 fps=50.7 snapshots=31 arrivalSamples=31 arrivalAvgMs=33.1 arrivalP95Ms=59.8 arrivalMaxMs=60.0 sameArrival=1 tickGapMax=2 renderFrames=52 interpolation=52 extrapolation=0 extrapolationCapped=0 extrapolationMaxMs=0.0 oldestHeld=0 zeroSpan=0 movingFrozen=0 teleport=0 visualStepAvgCm=0.00 visualStepMaxCm=0.00
[rubber-banding][remote-render] time=374.693 frame=20121 entity=2 latestHostTick=17242 buffer=8 windowMs=1026.6 fps=50.7 snapshots=31 arrivalSamples=31 arrivalAvgMs=33.1 arrivalP95Ms=59.8 arrivalMaxMs=60.0 sameArrival=1 tickGapMax=2 renderFrames=52 interpolation=52 extrapolation=0 extrapolationCapped=0 extrapolationMaxMs=0.0 oldestHeld=0 zeroSpan=0 movingFrozen=0 teleport=0 visualStepAvgCm=0.00 visualStepMaxCm=0.00
[rubber-banding][remote-render] time=374.693 frame=20121 entity=4 latestHostTick=17242 buffer=8 windowMs=1026.6 fps=50.7 snapshots=31 arrivalSamples=31 arrivalAvgMs=33.1 arrivalP95Ms=59.8 arrivalMaxMs=60.0 sameArrival=1 tickGapMax=2 renderFrames=52 interpolation=52 extrapolation=0 extrapolationCapped=0 extrapolationMaxMs=0.0 oldestHeld=0 zeroSpan=0 movingFrozen=0 teleport=0 visualStepAvgCm=0.00 visualStepMaxCm=0.00
[rubber-banding][remote-render] time=375.708 frame=20173 entity=1 latestHostTick=17302 buffer=8 windowMs=1015.0 fps=51.2 snapshots=30 arrivalSamples=30 arrivalAvgMs=33.8 arrivalP95Ms=58.4 arrivalMaxMs=59.0 sameArrival=2 tickGapMax=2 renderFrames=52 interpolation=52 extrapolation=0 extrapolationCapped=0 extrapolationMaxMs=0.0 oldestHeld=0 zeroSpan=6 movingFrozen=0 teleport=0 visualStepAvgCm=0.00 visualStepMaxCm=0.00
[rubber-banding][remote-render] time=375.708 frame=20173 entity=2 latestHostTick=17302 buffer=8 windowMs=1015.0 fps=51.2 snapshots=30 arrivalSamples=30 arrivalAvgMs=33.8 arrivalP95Ms=58.4 arrivalMaxMs=59.0 sameArrival=2 tickGapMax=2 renderFrames=52 interpolation=52 extrapolation=0 extrapolationCapped=0 extrapolationMaxMs=0.0 oldestHeld=0 zeroSpan=6 movingFrozen=0 teleport=0 visualStepAvgCm=0.00 visualStepMaxCm=0.00
[rubber-banding][remote-render] time=375.708 frame=20173 entity=4 latestHostTick=17302 buffer=8 windowMs=1015.0 fps=51.2 snapshots=30 arrivalSamples=30 arrivalAvgMs=33.8 arrivalP95Ms=58.4 arrivalMaxMs=59.0 sameArrival=2 tickGapMax=2 renderFrames=52 interpolation=52 extrapolation=0 extrapolationCapped=0 extrapolationMaxMs=0.0 oldestHeld=0 zeroSpan=6 movingFrozen=0 teleport=0 visualStepAvgCm=0.00 visualStepMaxCm=0.00
[rubber-banding][remote-render] time=376.718 frame=20224 entity=1 latestHostTick=17362 buffer=8 windowMs=1010.5 fps=50.5 snapshots=30 arrivalSamples=30 arrivalAvgMs=33.1 arrivalP95Ms=43.1 arrivalMaxMs=43.4 sameArrival=0 tickGapMax=2 renderFrames=51 interpolation=51 extrapolation=0 extrapolationCapped=0 extrapolationMaxMs=0.0 oldestHeld=0 zeroSpan=0 movingFrozen=0 teleport=0 visualStepAvgCm=0.00 visualStepMaxCm=0.00
[rubber-banding][remote-render] time=376.718 frame=20224 entity=2 latestHostTick=17362 buffer=8 windowMs=1010.5 fps=50.5 snapshots=30 arrivalSamples=30 arrivalAvgMs=33.1 arrivalP95Ms=43.1 arrivalMaxMs=43.4 sameArrival=0 tickGapMax=2 renderFrames=51 interpolation=51 extrapolation=0 extrapolationCapped=0 extrapolationMaxMs=0.0 oldestHeld=0 zeroSpan=0 movingFrozen=0 teleport=0 visualStepAvgCm=0.00 visualStepMaxCm=0.00
[rubber-banding][remote-render] time=376.718 frame=20224 entity=4 latestHostTick=17362 buffer=8 windowMs=1010.5 fps=50.5 snapshots=30 arrivalSamples=30 arrivalAvgMs=33.1 arrivalP95Ms=43.1 arrivalMaxMs=43.4 sameArrival=0 tickGapMax=2 renderFrames=51 interpolation=51 extrapolation=0 extrapolationCapped=0 extrapolationMaxMs=0.0 oldestHeld=0 zeroSpan=0 movingFrozen=0 teleport=0 visualStepAvgCm=0.00 visualStepMaxCm=0.00
[rubber-banding][remote-render] time=377.741 frame=20276 entity=1 latestHostTick=17424 buffer=8 windowMs=1022.9 fps=50.8 snapshots=31 arrivalSamples=31 arrivalAvgMs=33.6 arrivalP95Ms=49.8 arrivalMaxMs=50.3 sameArrival=0 tickGapMax=2 renderFrames=52 interpolation=52 extrapolation=0 extrapolationCapped=0 extrapolationMaxMs=0.0 oldestHeld=0 zeroSpan=0 movingFrozen=0 teleport=0 visualStepAvgCm=0.00 visualStepMaxCm=0.00
[rubber-banding][remote-render] time=377.741 frame=20276 entity=2 latestHostTick=17424 buffer=8 windowMs=1022.9 fps=50.8 snapshots=31 arrivalSamples=31 arrivalAvgMs=33.6 arrivalP95Ms=49.8 arrivalMaxMs=50.3 sameArrival=0 tickGapMax=2 renderFrames=52 interpolation=52 extrapolation=0 extrapolationCapped=0 extrapolationMaxMs=0.0 oldestHeld=0 zeroSpan=0 movingFrozen=0 teleport=0 visualStepAvgCm=0.00 visualStepMaxCm=0.00
[rubber-banding][remote-render] time=377.741 frame=20276 entity=4 latestHostTick=17424 buffer=8 windowMs=1022.9 fps=50.8 snapshots=31 arrivalSamples=31 arrivalAvgMs=33.6 arrivalP95Ms=49.8 arrivalMaxMs=50.3 sameArrival=0 tickGapMax=2 renderFrames=52 interpolation=52 extrapolation=0 extrapolationCapped=0 extrapolationMaxMs=0.0 oldestHeld=0 zeroSpan=0 movingFrozen=0 teleport=0 visualStepAvgCm=0.00 visualStepMaxCm=0.00
[rubber-banding][remote-render] time=378.751 frame=20323 entity=1 latestHostTick=17484 buffer=8 windowMs=1009.7 fps=46.5 snapshots=30 arrivalSamples=30 arrivalAvgMs=32.8 arrivalP95Ms=56.0 arrivalMaxMs=72.8 sameArrival=2 tickGapMax=2 renderFrames=47 interpolation=47 extrapolation=0 extrapolationCapped=0 extrapolationMaxMs=0.0 oldestHeld=0 zeroSpan=3 movingFrozen=0 teleport=0 visualStepAvgCm=0.00 visualStepMaxCm=0.00
[rubber-banding][remote-render] time=378.751 frame=20323 entity=2 latestHostTick=17484 buffer=8 windowMs=1009.7 fps=46.5 snapshots=30 arrivalSamples=30 arrivalAvgMs=32.8 arrivalP95Ms=56.0 arrivalMaxMs=72.8 sameArrival=2 tickGapMax=2 renderFrames=47 interpolation=47 extrapolation=0 extrapolationCapped=0 extrapolationMaxMs=0.0 oldestHeld=0 zeroSpan=3 movingFrozen=0 teleport=0 visualStepAvgCm=0.00 visualStepMaxCm=0.00
[rubber-banding][remote-render] time=378.751 frame=20323 entity=4 latestHostTick=17484 buffer=8 windowMs=1009.7 fps=46.5 snapshots=30 arrivalSamples=30 arrivalAvgMs=32.8 arrivalP95Ms=56.0 arrivalMaxMs=72.8 sameArrival=2 tickGapMax=2 renderFrames=47 interpolation=47 extrapolation=0 extrapolationCapped=0 extrapolationMaxMs=0.0 oldestHeld=0 zeroSpan=3 movingFrozen=0 teleport=0 visualStepAvgCm=0.00 visualStepMaxCm=0.00
[rubber-banding][remote-render] time=379.765 frame=20396 entity=1 latestHostTick=17546 buffer=8 windowMs=1013.9 fps=72.0 snapshots=30 arrivalSamples=30 arrivalAvgMs=34.6 arrivalP95Ms=49.9 arrivalMaxMs=60.6 sameArrival=0 tickGapMax=4 renderFrames=73 interpolation=73 extrapolation=0 extrapolationCapped=0 extrapolationMaxMs=0.0 oldestHeld=0 zeroSpan=0 movingFrozen=0 teleport=0 visualStepAvgCm=0.00 visualStepMaxCm=0.00
[rubber-banding][remote-render] time=379.765 frame=20396 entity=4 latestHostTick=17546 buffer=8 windowMs=1013.9 fps=72.0 snapshots=30 arrivalSamples=30 arrivalAvgMs=34.6 arrivalP95Ms=49.9 arrivalMaxMs=60.6 sameArrival=0 tickGapMax=4 renderFrames=73 interpolation=73 extrapolation=0 extrapolationCapped=0 extrapolationMaxMs=0.0 oldestHeld=0 zeroSpan=0 movingFrozen=0 teleport=0 visualStepAvgCm=0.00 visualStepMaxCm=0.00
[rubber-banding][remote-render] time=380.765 frame=20478 entity=1 latestHostTick=17606 buffer=8 windowMs=1000.1 fps=82.0 snapshots=30 arrivalSamples=30 arrivalAvgMs=33.3 arrivalP95Ms=41.7 arrivalMaxMs=41.7 sameArrival=0 tickGapMax=2 renderFrames=82 interpolation=82 extrapolation=0 extrapolationCapped=0 extrapolationMaxMs=0.0 oldestHeld=0 zeroSpan=0 movingFrozen=0 teleport=0 visualStepAvgCm=0.00 visualStepMaxCm=0.00
[rubber-banding][remote-render] time=380.765 frame=20478 entity=4 latestHostTick=17606 buffer=8 windowMs=1000.1 fps=82.0 snapshots=30 arrivalSamples=30 arrivalAvgMs=33.3 arrivalP95Ms=41.7 arrivalMaxMs=41.7 sameArrival=0 tickGapMax=2 renderFrames=82 interpolation=82 extrapolation=0 extrapolationCapped=0 extrapolationMaxMs=0.0 oldestHeld=0 zeroSpan=0 movingFrozen=0 teleport=0 visualStepAvgCm=0.00 visualStepMaxCm=0.00
[Physics::Module] Cleanup current backend.
[Physics::Module] Id: 0xf2b8ea05
Input System module state changed to: ShutdownInProgress.
Input System polling thread exited.
Input System module state changed to: Shutdown.
