Mono path[0] = 'C:/ssafy/S15P21D204/Client/Build/SSketch_Data/Managed'
Mono config path = 'C:/ssafy/S15P21D204/Client/Build/MonoBleedingEdge/etc'
Input System module state changed to: Initialized.
[Physics::Module] Initialized fallback backend.
[Physics::Module] Id: 0xdecafbad
Initialize engine version: 6000.3.22f1 (1c726e1fb402)
[Subsystems] Discovering subsystems at path C:/ssafy/S15P21D204/Client/Build/SSketch_Data/UnitySubsystems
[D3D12 Device Filter] Vendor Name: NVIDIA
[D3D12 Device Filter] Device Name: NVIDIA GeForce RTX 4050 Laptop GPU
[D3D12 Device Filter] Driver Version: 32.0.15.7657
[D3D12 Device Filter] Feature Level: 12.2
[D3D12 Device Filter] Graphics Memory: 5924 MB
[D3D12 Device Filter] Processor Count: 22
[D3D12 Device Filter] Device Type: Discrete
GfxDevice: creating device client; kGfxThreadingModeSplitJobs
d3d12: failed to query info queue interface (0x80004002).
Direct3D:
    Version:         Direct3D 12 [level 12.2]
    Renderer:        NVIDIA GeForce RTX 4050 Laptop GPU (ID=0x28a1)
    Vendor:          NVIDIA
    VRAM:            5924 MB
    App VRAM Budget: 5156 MB
    Driver:          32.0.15.7657
Begin MonoManager ReloadAssembly
- Loaded All Assemblies, in  0.152 seconds
- Finished resetting the current domain, in  0.002 seconds
[Physics::Module] Selected backend.
[Physics::Module] Name: PhysX
[Physics::Module] Id: 0xf2b8ea05
[Physics::Module] SDK Version: 4.1.2
[Physics::Module] Integration Version: 1.0.0
[Physics::Module] Threading Mode: Multi-Threaded
<RI> Initializing input.
Using Windows.Gaming.Input
UnloadTime: 0.485600 ms
Unloading 6 Unused Serialized files (Serialized files now loaded: 0)
UnloadTime: 7.819700 ms
Unloading 361 unused Assets to reduce memory usage. Loaded Objects now: 12361.
Total: 4.386600 ms (FindLiveObjects: 0.538400 ms CreateObjectMapping: 0.360500 ms MarkObjects: 3.208000 ms  DeleteObjects: 0.279500 ms)

Unloading 4 Unused Serialized files (Serialized files now loaded: 0)
UnloadTime: 1.222700 ms
Unloading 127 unused Assets to reduce memory usage. Loaded Objects now: 47753.
Total: 16.380400 ms (FindLiveObjects: 2.785300 ms CreateObjectMapping: 2.171000 ms MarkObjects: 11.073700 ms  DeleteObjects: 0.349700 ms)

[rubber-banding][remote-render] time=55.115 frame=5946 entity=1 latestHostTick=82 buffer=8 windowMs=1008.3 fps=62.5 snapshots=29 arrivalSamples=28 arrivalAvgMs=35.1 arrivalP95Ms=116.7 arrivalMaxMs=425.0 sameArrival=12 tickGapMax=2 renderFrames=63 interpolation=63 extrapolation=0 extrapolationCapped=0 extrapolationMaxMs=0.0 oldestHeld=3 zeroSpan=8 movingFrozen=0 teleport=0 visualStepAvgCm=0.00 visualStepMaxCm=0.00
[rubber-banding][remote-render] time=55.115 frame=5946 entity=2 latestHostTick=82 buffer=8 windowMs=1008.3 fps=62.5 snapshots=29 arrivalSamples=28 arrivalAvgMs=35.1 arrivalP95Ms=116.7 arrivalMaxMs=425.0 sameArrival=12 tickGapMax=2 renderFrames=63 interpolation=63 extrapolation=0 extrapolationCapped=0 extrapolationMaxMs=0.0 oldestHeld=3 zeroSpan=8 movingFrozen=0 teleport=0 visualStepAvgCm=0.00 visualStepMaxCm=0.00
[rubber-banding][remote-render] time=55.115 frame=5946 entity=3 latestHostTick=82 buffer=8 windowMs=1008.3 fps=62.5 snapshots=29 arrivalSamples=28 arrivalAvgMs=35.1 arrivalP95Ms=116.7 arrivalMaxMs=425.0 sameArrival=12 tickGapMax=2 renderFrames=63 interpolation=63 extrapolation=0 extrapolationCapped=0 extrapolationMaxMs=0.0 oldestHeld=3 zeroSpan=8 movingFrozen=0 teleport=0 visualStepAvgCm=0.00 visualStepMaxCm=0.00
[rubber-banding][remote-render] time=56.123 frame=6065 entity=1 latestHostTick=144 buffer=8 windowMs=1008.3 fps=118.0 snapshots=31 arrivalSamples=31 arrivalAvgMs=33.3 arrivalP95Ms=33.3 arrivalMaxMs=41.7 sameArrival=0 tickGapMax=2 renderFrames=119 interpolation=119 extrapolation=0 extrapolationCapped=0 extrapolationMaxMs=0.0 oldestHeld=0 zeroSpan=0 movingFrozen=0 teleport=0 visualStepAvgCm=0.00 visualStepMaxCm=0.00
[rubber-banding][remote-render] time=56.123 frame=6065 entity=2 latestHostTick=144 buffer=8 windowMs=1008.3 fps=118.0 snapshots=31 arrivalSamples=31 arrivalAvgMs=33.3 arrivalP95Ms=33.3 arrivalMaxMs=41.7 sameArrival=0 tickGapMax=2 renderFrames=119 interpolation=119 extrapolation=0 extrapolationCapped=0 extrapolationMaxMs=0.0 oldestHeld=0 zeroSpan=0 movingFrozen=0 teleport=0 visualStepAvgCm=0.00 visualStepMaxCm=0.00
[rubber-banding][remote-render] time=56.123 frame=6065 entity=3 latestHostTick=144 buffer=8 windowMs=1008.3 fps=118.0 snapshots=31 arrivalSamples=31 arrivalAvgMs=33.3 arrivalP95Ms=33.3 arrivalMaxMs=41.7 sameArrival=0 tickGapMax=2 renderFrames=119 interpolation=119 extrapolation=0 extrapolationCapped=0 extrapolationMaxMs=0.0 oldestHeld=0 zeroSpan=0 movingFrozen=0 teleport=0 visualStepAvgCm=0.00 visualStepMaxCm=0.00
[rubber-banding][remote-render] time=57.125 frame=6182 entity=1 latestHostTick=202 buffer=8 windowMs=1001.7 fps=116.8 snapshots=29 arrivalSamples=29 arrivalAvgMs=33.7 arrivalP95Ms=41.6 arrivalMaxMs=41.8 sameArrival=0 tickGapMax=2 renderFrames=117 interpolation=117 extrapolation=0 extrapolationCapped=0 extrapolationMaxMs=0.0 oldestHeld=0 zeroSpan=0 movingFrozen=0 teleport=0 visualStepAvgCm=0.00 visualStepMaxCm=0.00
[rubber-banding][remote-render] time=57.125 frame=6182 entity=2 latestHostTick=202 buffer=8 windowMs=1001.7 fps=116.8 snapshots=29 arrivalSamples=29 arrivalAvgMs=33.7 arrivalP95Ms=41.6 arrivalMaxMs=41.8 sameArrival=0 tickGapMax=2 renderFrames=117 interpolation=117 extrapolation=0 extrapolationCapped=0 extrapolationMaxMs=0.0 oldestHeld=0 zeroSpan=0 movingFrozen=0 teleport=0 visualStepAvgCm=0.00 visualStepMaxCm=0.00
[rubber-banding][remote-render] time=57.125 frame=6182 entity=3 latestHostTick=202 buffer=8 windowMs=1001.7 fps=116.8 snapshots=29 arrivalSamples=29 arrivalAvgMs=33.7 arrivalP95Ms=41.6 arrivalMaxMs=41.8 sameArrival=0 tickGapMax=2 renderFrames=117 interpolation=117 extrapolation=0 extrapolationCapped=0 extrapolationMaxMs=0.0 oldestHeld=0 zeroSpan=0 movingFrozen=0 teleport=0 visualStepAvgCm=0.00 visualStepMaxCm=0.00
[rubber-banding][remote-render] time=58.126 frame=6301 entity=1 latestHostTick=264 buffer=8 windowMs=1001.0 fps=118.9 snapshots=31 arrivalSamples=31 arrivalAvgMs=33.1 arrivalP95Ms=41.6 arrivalMaxMs=41.7 sameArrival=0 tickGapMax=2 renderFrames=119 interpolation=119 extrapolation=0 extrapolationCapped=0 extrapolationMaxMs=0.0 oldestHeld=0 zeroSpan=0 movingFrozen=0 teleport=0 visualStepAvgCm=0.00 visualStepMaxCm=0.00
[rubber-banding][remote-render] time=58.126 frame=6301 entity=2 latestHostTick=264 buffer=8 windowMs=1001.0 fps=118.9 snapshots=31 arrivalSamples=31 arrivalAvgMs=33.1 arrivalP95Ms=41.6 arrivalMaxMs=41.7 sameArrival=0 tickGapMax=2 renderFrames=119 interpolation=119 extrapolation=0 extrapolationCapped=0 extrapolationMaxMs=0.0 oldestHeld=0 zeroSpan=0 movingFrozen=0 teleport=0 visualStepAvgCm=0.00 visualStepMaxCm=0.00
[rubber-banding][remote-render] time=58.126 frame=6301 entity=3 latestHostTick=264 buffer=8 windowMs=1001.0 fps=118.9 snapshots=31 arrivalSamples=31 arrivalAvgMs=33.1 arrivalP95Ms=41.6 arrivalMaxMs=41.7 sameArrival=0 tickGapMax=2 renderFrames=119 interpolation=119 extrapolation=0 extrapolationCapped=0 extrapolationMaxMs=0.0 oldestHeld=0 zeroSpan=0 movingFrozen=0 teleport=0 visualStepAvgCm=0.00 visualStepMaxCm=0.00
[rubber-banding][remote-render] time=59.134 frame=6416 entity=1 latestHostTick=322 buffer=8 windowMs=1007.5 fps=114.1 snapshots=29 arrivalSamples=29 arrivalAvgMs=33.9 arrivalP95Ms=41.6 arrivalMaxMs=50.0 sameArrival=0 tickGapMax=2 renderFrames=115 interpolation=115 extrapolation=0 extrapolationCapped=0 extrapolationMaxMs=0.0 oldestHeld=0 zeroSpan=0 movingFrozen=0 teleport=0 visualStepAvgCm=0.00 visualStepMaxCm=0.00
[rubber-banding][remote-render] time=59.134 frame=6416 entity=2 latestHostTick=322 buffer=8 windowMs=1007.5 fps=114.1 snapshots=29 arrivalSamples=29 arrivalAvgMs=33.9 arrivalP95Ms=41.6 arrivalMaxMs=50.0 sameArrival=0 tickGapMax=2 renderFrames=115 interpolation=115 extrapolation=0 extrapolationCapped=0 extrapolationMaxMs=0.0 oldestHeld=0 zeroSpan=0 movingFrozen=0 teleport=0 visualStepAvgCm=0.00 visualStepMaxCm=0.00
[rubber-banding][remote-render] time=59.134 frame=6416 entity=3 latestHostTick=322 buffer=8 windowMs=1007.5 fps=114.1 snapshots=29 arrivalSamples=29 arrivalAvgMs=33.9 arrivalP95Ms=41.6 arrivalMaxMs=50.0 sameArrival=0 tickGapMax=2 renderFrames=115 interpolation=115 extrapolation=0 extrapolationCapped=0 extrapolationMaxMs=0.0 oldestHeld=0 zeroSpan=0 movingFrozen=0 teleport=0 visualStepAvgCm=0.00 visualStepMaxCm=0.00
[rubber-banding][remote-render] time=60.142 frame=6525 entity=1 latestHostTick=384 buffer=8 windowMs=1008.8 fps=108.0 snapshots=31 arrivalSamples=31 arrivalAvgMs=33.3 arrivalP95Ms=41.7 arrivalMaxMs=49.7 sameArrival=0 tickGapMax=2 renderFrames=109 interpolation=109 extrapolation=0 extrapolationCapped=0 extrapolationMaxMs=0.0 oldestHeld=0 zeroSpan=0 movingFrozen=0 teleport=0 visualStepAvgCm=0.00 visualStepMaxCm=0.00
[rubber-banding][remote-render] time=60.142 frame=6525 entity=2 latestHostTick=384 buffer=8 windowMs=1008.8 fps=108.0 snapshots=31 arrivalSamples=31 arrivalAvgMs=33.3 arrivalP95Ms=41.7 arrivalMaxMs=49.7 sameArrival=0 tickGapMax=2 renderFrames=109 interpolation=109 extrapolation=0 extrapolationCapped=0 extrapolationMaxMs=0.0 oldestHeld=0 zeroSpan=0 movingFrozen=0 teleport=0 visualStepAvgCm=0.00 visualStepMaxCm=0.00
[rubber-banding][remote-render] time=60.142 frame=6525 entity=3 latestHostTick=384 buffer=8 windowMs=1008.8 fps=108.0 snapshots=31 arrivalSamples=31 arrivalAvgMs=33.3 arrivalP95Ms=41.7 arrivalMaxMs=49.7 sameArrival=0 tickGapMax=2 renderFrames=109 interpolation=109 extrapolation=0 extrapolationCapped=0 extrapolationMaxMs=0.0 oldestHeld=0 zeroSpan=0 movingFrozen=0 teleport=0 visualStepAvgCm=0.00 visualStepMaxCm=0.00
[rubber-banding][remote-render] time=61.151 frame=6626 entity=1 latestHostTick=444 buffer=8 windowMs=1008.3 fps=100.2 snapshots=30 arrivalSamples=30 arrivalAvgMs=33.1 arrivalP95Ms=41.7 arrivalMaxMs=183.3 sameArrival=4 tickGapMax=2 renderFrames=101 interpolation=90 extrapolation=11 extrapolationCapped=0 extrapolationMaxMs=86.7 oldestHeld=0 zeroSpan=5 movingFrozen=0 teleport=0 visualStepAvgCm=0.00 visualStepMaxCm=0.00
[rubber-banding][remote-render] time=61.151 frame=6626 entity=2 latestHostTick=444 buffer=8 windowMs=1008.3 fps=100.2 snapshots=30 arrivalSamples=30 arrivalAvgMs=33.1 arrivalP95Ms=41.7 arrivalMaxMs=183.3 sameArrival=4 tickGapMax=2 renderFrames=101 interpolation=90 extrapolation=11 extrapolationCapped=0 extrapolationMaxMs=86.7 oldestHeld=0 zeroSpan=5 movingFrozen=0 teleport=0 visualStepAvgCm=2.68 visualStepMaxCm=8.35
[rubber-banding][remote-render] time=61.151 frame=6626 entity=3 latestHostTick=444 buffer=8 windowMs=1008.3 fps=100.2 snapshots=30 arrivalSamples=30 arrivalAvgMs=33.1 arrivalP95Ms=41.7 arrivalMaxMs=183.3 sameArrival=4 tickGapMax=2 renderFrames=101 interpolation=90 extrapolation=11 extrapolationCapped=0 extrapolationMaxMs=86.7 oldestHeld=0 zeroSpan=5 movingFrozen=0 teleport=0 visualStepAvgCm=0.00 visualStepMaxCm=0.00
[rubber-banding][remote-render] time=62.159 frame=6728 entity=1 latestHostTick=504 buffer=8 windowMs=1008.3 fps=101.2 snapshots=30 arrivalSamples=30 arrivalAvgMs=33.6 arrivalP95Ms=41.7 arrivalMaxMs=41.7 sameArrival=0 tickGapMax=2 renderFrames=102 interpolation=102 extrapolation=0 extrapolationCapped=0 extrapolationMaxMs=0.0 oldestHeld=0 zeroSpan=2 movingFrozen=0 teleport=0 visualStepAvgCm=0.00 visualStepMaxCm=0.00
[rubber-banding][remote-render] time=62.159 frame=6728 entity=2 latestHostTick=504 buffer=8 windowMs=1008.3 fps=101.2 snapshots=30 arrivalSamples=30 arrivalAvgMs=33.6 arrivalP95Ms=41.7 arrivalMaxMs=41.7 sameArrival=0 tickGapMax=2 renderFrames=102 interpolation=102 extrapolation=0 extrapolationCapped=0 extrapolationMaxMs=0.0 oldestHeld=0 zeroSpan=2 movingFrozen=0 teleport=0 visualStepAvgCm=2.50 visualStepMaxCm=7.69
[rubber-banding][remote-render] time=62.159 frame=6728 entity=3 latestHostTick=504 buffer=8 windowMs=1008.3 fps=101.2 snapshots=30 arrivalSamples=30 arrivalAvgMs=33.6 arrivalP95Ms=41.7 arrivalMaxMs=41.7 sameArrival=0 tickGapMax=2 renderFrames=102 interpolation=102 extrapolation=0 extrapolationCapped=0 extrapolationMaxMs=0.0 oldestHeld=0 zeroSpan=2 movingFrozen=0 teleport=0 visualStepAvgCm=0.00 visualStepMaxCm=0.00
[rubber-banding][remote-render] time=63.167 frame=6843 entity=1 latestHostTick=566 buffer=8 windowMs=1008.3 fps=114.1 snapshots=31 arrivalSamples=31 arrivalAvgMs=32.8 arrivalP95Ms=33.4 arrivalMaxMs=41.7 sameArrival=0 tickGapMax=2 renderFrames=115 interpolation=115 extrapolation=0 extrapolationCapped=0 extrapolationMaxMs=0.0 oldestHeld=0 zeroSpan=0 movingFrozen=0 teleport=0 visualStepAvgCm=0.00 visualStepMaxCm=0.00
[rubber-banding][remote-render] time=63.167 frame=6843 entity=2 latestHostTick=566 buffer=8 windowMs=1008.3 fps=114.1 snapshots=31 arrivalSamples=31 arrivalAvgMs=32.8 arrivalP95Ms=33.4 arrivalMaxMs=41.7 sameArrival=0 tickGapMax=2 renderFrames=115 interpolation=115 extrapolation=0 extrapolationCapped=0 extrapolationMaxMs=0.0 oldestHeld=0 zeroSpan=0 movingFrozen=0 teleport=0 visualStepAvgCm=0.00 visualStepMaxCm=0.00
[rubber-banding][remote-render] time=63.167 frame=6843 entity=3 latestHostTick=566 buffer=8 windowMs=1008.3 fps=114.1 snapshots=31 arrivalSamples=31 arrivalAvgMs=32.8 arrivalP95Ms=33.4 arrivalMaxMs=41.7 sameArrival=0 tickGapMax=2 renderFrames=115 interpolation=115 extrapolation=0 extrapolationCapped=0 extrapolationMaxMs=0.0 oldestHeld=0 zeroSpan=0 movingFrozen=0 teleport=0 visualStepAvgCm=0.00 visualStepMaxCm=0.00
[rubber-banding][remote-render] time=64.175 frame=6937 entity=1 latestHostTick=626 buffer=8 windowMs=1007.2 fps=93.3 snapshots=30 arrivalSamples=30 arrivalAvgMs=33.6 arrivalP95Ms=50.0 arrivalMaxMs=50.0 sameArrival=0 tickGapMax=2 renderFrames=94 interpolation=94 extrapolation=0 extrapolationCapped=0 extrapolationMaxMs=0.0 oldestHeld=0 zeroSpan=0 movingFrozen=0 teleport=0 visualStepAvgCm=0.00 visualStepMaxCm=0.00
[rubber-banding][remote-render] time=64.175 frame=6937 entity=2 latestHostTick=626 buffer=8 windowMs=1007.2 fps=93.3 snapshots=30 arrivalSamples=30 arrivalAvgMs=33.6 arrivalP95Ms=50.0 arrivalMaxMs=50.0 sameArrival=0 tickGapMax=2 renderFrames=94 interpolation=94 extrapolation=0 extrapolationCapped=0 extrapolationMaxMs=0.0 oldestHeld=0 zeroSpan=0 movingFrozen=0 teleport=0 visualStepAvgCm=0.00 visualStepMaxCm=0.00
[rubber-banding][remote-render] time=64.175 frame=6937 entity=3 latestHostTick=626 buffer=8 windowMs=1007.2 fps=93.3 snapshots=30 arrivalSamples=30 arrivalAvgMs=33.6 arrivalP95Ms=50.0 arrivalMaxMs=50.0 sameArrival=0 tickGapMax=2 renderFrames=94 interpolation=94 extrapolation=0 extrapolationCapped=0 extrapolationMaxMs=0.0 oldestHeld=0 zeroSpan=0 movingFrozen=0 teleport=0 visualStepAvgCm=1.71 visualStepMaxCm=6.88
[rubber-banding][remote-render] time=65.175 frame=7029 entity=1 latestHostTick=686 buffer=8 windowMs=1000.2 fps=92.0 snapshots=30 arrivalSamples=30 arrivalAvgMs=33.3 arrivalP95Ms=41.7 arrivalMaxMs=41.7 sameArrival=0 tickGapMax=2 renderFrames=92 interpolation=92 extrapolation=0 extrapolationCapped=0 extrapolationMaxMs=0.0 oldestHeld=0 zeroSpan=0 movingFrozen=0 teleport=0 visualStepAvgCm=0.00 visualStepMaxCm=0.00
[rubber-banding][remote-render] time=65.175 frame=7029 entity=2 latestHostTick=686 buffer=8 windowMs=1000.2 fps=92.0 snapshots=30 arrivalSamples=30 arrivalAvgMs=33.3 arrivalP95Ms=41.7 arrivalMaxMs=41.7 sameArrival=0 tickGapMax=2 renderFrames=92 interpolation=92 extrapolation=0 extrapolationCapped=0 extrapolationMaxMs=0.0 oldestHeld=0 zeroSpan=0 movingFrozen=0 teleport=0 visualStepAvgCm=0.00 visualStepMaxCm=0.00
[rubber-banding][remote-render] time=65.175 frame=7029 entity=3 latestHostTick=686 buffer=8 windowMs=1000.2 fps=92.0 snapshots=30 arrivalSamples=30 arrivalAvgMs=33.3 arrivalP95Ms=41.7 arrivalMaxMs=41.7 sameArrival=0 tickGapMax=2 renderFrames=92 interpolation=92 extrapolation=0 extrapolationCapped=0 extrapolationMaxMs=0.0 oldestHeld=0 zeroSpan=0 movingFrozen=0 teleport=0 visualStepAvgCm=4.35 visualStepMaxCm=6.93
[rubber-banding][remote-render] time=66.184 frame=7124 entity=1 latestHostTick=746 buffer=8 windowMs=1009.4 fps=94.1 snapshots=30 arrivalSamples=30 arrivalAvgMs=33.1 arrivalP95Ms=41.7 arrivalMaxMs=50.1 sameArrival=0 tickGapMax=2 renderFrames=95 interpolation=95 extrapolation=0 extrapolationCapped=0 extrapolationMaxMs=0.0 oldestHeld=0 zeroSpan=0 movingFrozen=0 teleport=0 visualStepAvgCm=0.00 visualStepMaxCm=0.00
[rubber-banding][remote-render] time=66.184 frame=7124 entity=2 latestHostTick=746 buffer=8 windowMs=1009.4 fps=94.1 snapshots=30 arrivalSamples=30 arrivalAvgMs=33.1 arrivalP95Ms=41.7 arrivalMaxMs=50.1 sameArrival=0 tickGapMax=2 renderFrames=95 interpolation=95 extrapolation=0 extrapolationCapped=0 extrapolationMaxMs=0.0 oldestHeld=0 zeroSpan=0 movingFrozen=0 teleport=0 visualStepAvgCm=0.00 visualStepMaxCm=0.00
[rubber-banding][remote-render] time=66.184 frame=7124 entity=3 latestHostTick=746 buffer=8 windowMs=1009.4 fps=94.1 snapshots=30 arrivalSamples=30 arrivalAvgMs=33.1 arrivalP95Ms=41.7 arrivalMaxMs=50.1 sameArrival=0 tickGapMax=2 renderFrames=95 interpolation=95 extrapolation=0 extrapolationCapped=0 extrapolationMaxMs=0.0 oldestHeld=0 zeroSpan=0 movingFrozen=0 teleport=0 visualStepAvgCm=4.17 visualStepMaxCm=10.54
[rubber-banding][remote-render] time=67.188 frame=7235 entity=1 latestHostTick=806 buffer=8 windowMs=1004.0 fps=110.6 snapshots=30 arrivalSamples=30 arrivalAvgMs=33.7 arrivalP95Ms=41.8 arrivalMaxMs=41.9 sameArrival=0 tickGapMax=2 renderFrames=111 interpolation=111 extrapolation=0 extrapolationCapped=0 extrapolationMaxMs=0.0 oldestHeld=0 zeroSpan=0 movingFrozen=0 teleport=0 visualStepAvgCm=0.00 visualStepMaxCm=0.00
[rubber-banding][remote-render] time=67.188 frame=7235 entity=2 latestHostTick=806 buffer=8 windowMs=1004.0 fps=110.6 snapshots=30 arrivalSamples=30 arrivalAvgMs=33.7 arrivalP95Ms=41.8 arrivalMaxMs=41.9 sameArrival=0 tickGapMax=2 renderFrames=111 interpolation=111 extrapolation=0 extrapolationCapped=0 extrapolationMaxMs=0.0 oldestHeld=0 zeroSpan=0 movingFrozen=0 teleport=0 visualStepAvgCm=0.00 visualStepMaxCm=0.00
[rubber-banding][remote-render] time=67.188 frame=7235 entity=3 latestHostTick=806 buffer=8 windowMs=1004.0 fps=110.6 snapshots=30 arrivalSamples=30 arrivalAvgMs=33.7 arrivalP95Ms=41.8 arrivalMaxMs=41.9 sameArrival=0 tickGapMax=2 renderFrames=111 interpolation=111 extrapolation=0 extrapolationCapped=0 extrapolationMaxMs=0.0 oldestHeld=0 zeroSpan=0 movingFrozen=0 teleport=0 visualStepAvgCm=0.00 visualStepMaxCm=0.00
Unloading 4 Unused Serialized files (Serialized files now loaded: 0)
UnloadTime: 13.498000 ms
Unloading 355 unused Assets to reduce memory usage. Loaded Objects now: 45217.
Total: 19.031300 ms (FindLiveObjects: 2.615500 ms CreateObjectMapping: 2.143100 ms MarkObjects: 13.844100 ms  DeleteObjects: 0.427800 ms)

Unloading 5 Unused Serialized files (Serialized files now loaded: 0)
UnloadTime: 0.567700 ms
Unloading 21 unused Assets to reduce memory usage. Loaded Objects now: 88194.
Total: 52.000900 ms (FindLiveObjects: 15.925500 ms CreateObjectMapping: 11.738100 ms MarkObjects: 23.984000 ms  DeleteObjects: 0.352300 ms)

[rubber-banding][remote-render] time=69.421 frame=7334 entity=1 latestHostTick=12 buffer=6 windowMs=1231.2 fps=1.6 snapshots=6 arrivalSamples=5 arrivalAvgMs=244.6 arrivalP95Ms=1222.9 arrivalMaxMs=1222.9 sameArrival=4 tickGapMax=2 renderFrames=2 interpolation=1 extrapolation=1 extrapolationCapped=1 extrapolationMaxMs=959.6 oldestHeld=1 zeroSpan=0 movingFrozen=0 teleport=0 visualStepAvgCm=0.00 visualStepMaxCm=0.00
[rubber-banding][remote-render] time=69.421 frame=7334 entity=2 latestHostTick=12 buffer=6 windowMs=1231.2 fps=1.6 snapshots=6 arrivalSamples=5 arrivalAvgMs=244.6 arrivalP95Ms=1222.9 arrivalMaxMs=1222.9 sameArrival=4 tickGapMax=2 renderFrames=2 interpolation=1 extrapolation=1 extrapolationCapped=1 extrapolationMaxMs=959.6 oldestHeld=1 zeroSpan=0 movingFrozen=0 teleport=0 visualStepAvgCm=0.00 visualStepMaxCm=0.00
[rubber-banding][remote-render] time=69.421 frame=7334 entity=3 latestHostTick=12 buffer=6 windowMs=1231.2 fps=1.6 snapshots=6 arrivalSamples=5 arrivalAvgMs=244.6 arrivalP95Ms=1222.9 arrivalMaxMs=1222.9 sameArrival=4 tickGapMax=2 renderFrames=2 interpolation=1 extrapolation=1 extrapolationCapped=1 extrapolationMaxMs=959.6 oldestHeld=1 zeroSpan=0 movingFrozen=0 teleport=0 visualStepAvgCm=0.00 visualStepMaxCm=0.00
[rubber-banding][remote-render] time=70.435 frame=7375 entity=1 latestHostTick=70 buffer=8 windowMs=1013.3 fps=40.5 snapshots=29 arrivalSamples=29 arrivalAvgMs=34.4 arrivalP95Ms=127.6 arrivalMaxMs=144.0 sameArrival=7 tickGapMax=2 renderFrames=41 interpolation=41 extrapolation=0 extrapolationCapped=0 extrapolationMaxMs=0.0 oldestHeld=0 zeroSpan=11 movingFrozen=0 teleport=0 visualStepAvgCm=0.00 visualStepMaxCm=0.00
[rubber-banding][remote-render] time=70.435 frame=7375 entity=2 latestHostTick=70 buffer=8 windowMs=1013.3 fps=40.5 snapshots=29 arrivalSamples=29 arrivalAvgMs=34.4 arrivalP95Ms=127.6 arrivalMaxMs=144.0 sameArrival=7 tickGapMax=2 renderFrames=41 interpolation=41 extrapolation=0 extrapolationCapped=0 extrapolationMaxMs=0.0 oldestHeld=0 zeroSpan=11 movingFrozen=0 teleport=0 visualStepAvgCm=0.00 visualStepMaxCm=0.00
[rubber-banding][remote-render] time=70.435 frame=7375 entity=3 latestHostTick=70 buffer=8 windowMs=1013.3 fps=40.5 snapshots=29 arrivalSamples=29 arrivalAvgMs=34.4 arrivalP95Ms=127.6 arrivalMaxMs=144.0 sameArrival=7 tickGapMax=2 renderFrames=41 interpolation=41 extrapolation=0 extrapolationCapped=0 extrapolationMaxMs=0.0 oldestHeld=0 zeroSpan=11 movingFrozen=0 teleport=0 visualStepAvgCm=0.00 visualStepMaxCm=0.00
[rubber-banding][remote-render] time=71.447 frame=7434 entity=1 latestHostTick=132 buffer=8 windowMs=1012.9 fps=58.3 snapshots=31 arrivalSamples=31 arrivalAvgMs=33.2 arrivalP95Ms=41.6 arrivalMaxMs=41.6 sameArrival=0 tickGapMax=2 renderFrames=59 interpolation=59 extrapolation=0 extrapolationCapped=0 extrapolationMaxMs=0.0 oldestHeld=0 zeroSpan=0 movingFrozen=0 teleport=0 visualStepAvgCm=2.02 visualStepMaxCm=9.06
[rubber-banding][remote-render] time=71.447 frame=7434 entity=2 latestHostTick=132 buffer=8 windowMs=1012.9 fps=58.3 snapshots=31 arrivalSamples=31 arrivalAvgMs=33.2 arrivalP95Ms=41.6 arrivalMaxMs=41.6 sameArrival=0 tickGapMax=2 renderFrames=59 interpolation=59 extrapolation=0 extrapolationCapped=0 extrapolationMaxMs=0.0 oldestHeld=0 zeroSpan=0 movingFrozen=0 teleport=0 visualStepAvgCm=0.00 visualStepMaxCm=0.00
[rubber-banding][remote-render] time=71.447 frame=7434 entity=3 latestHostTick=132 buffer=8 windowMs=1012.9 fps=58.3 snapshots=31 arrivalSamples=31 arrivalAvgMs=33.2 arrivalP95Ms=41.6 arrivalMaxMs=41.6 sameArrival=0 tickGapMax=2 renderFrames=59 interpolation=59 extrapolation=0 extrapolationCapped=0 extrapolationMaxMs=0.0 oldestHeld=0 zeroSpan=0 movingFrozen=0 teleport=0 visualStepAvgCm=0.00 visualStepMaxCm=0.00
[rubber-banding][remote-render] time=72.449 frame=7491 entity=1 latestHostTick=192 buffer=8 windowMs=1001.7 fps=56.9 snapshots=30 arrivalSamples=30 arrivalAvgMs=33.4 arrivalP95Ms=41.7 arrivalMaxMs=50.2 sameArrival=0 tickGapMax=2 renderFrames=57 interpolation=57 extrapolation=0 extrapolationCapped=0 extrapolationMaxMs=0.0 oldestHeld=0 zeroSpan=0 movingFrozen=0 teleport=0 visualStepAvgCm=5.75 visualStepMaxCm=16.74
[rubber-banding][remote-render] time=72.449 frame=7491 entity=2 latestHostTick=192 buffer=8 windowMs=1001.7 fps=56.9 snapshots=30 arrivalSamples=30 arrivalAvgMs=33.4 arrivalP95Ms=41.7 arrivalMaxMs=50.2 sameArrival=0 tickGapMax=2 renderFrames=57 interpolation=57 extrapolation=0 extrapolationCapped=0 extrapolationMaxMs=0.0 oldestHeld=0 zeroSpan=0 movingFrozen=0 teleport=0 visualStepAvgCm=0.00 visualStepMaxCm=0.00
[rubber-banding][remote-render] time=72.449 frame=7491 entity=3 latestHostTick=192 buffer=8 windowMs=1001.7 fps=56.9 snapshots=30 arrivalSamples=30 arrivalAvgMs=33.4 arrivalP95Ms=41.7 arrivalMaxMs=50.2 sameArrival=0 tickGapMax=2 renderFrames=57 interpolation=57 extrapolation=0 extrapolationCapped=0 extrapolationMaxMs=0.0 oldestHeld=0 zeroSpan=0 movingFrozen=0 teleport=0 visualStepAvgCm=0.00 visualStepMaxCm=0.00
[rubber-banding][remote-render] time=73.451 frame=7548 entity=1 latestHostTick=252 buffer=8 windowMs=1001.3 fps=56.9 snapshots=30 arrivalSamples=30 arrivalAvgMs=33.4 arrivalP95Ms=41.8 arrivalMaxMs=41.8 sameArrival=0 tickGapMax=2 renderFrames=57 interpolation=57 extrapolation=0 extrapolationCapped=0 extrapolationMaxMs=0.0 oldestHeld=0 zeroSpan=0 movingFrozen=0 teleport=0 visualStepAvgCm=2.26 visualStepMaxCm=6.87
[rubber-banding][remote-render] time=73.451 frame=7548 entity=2 latestHostTick=252 buffer=8 windowMs=1001.3 fps=56.9 snapshots=30 arrivalSamples=30 arrivalAvgMs=33.4 arrivalP95Ms=41.8 arrivalMaxMs=41.8 sameArrival=0 tickGapMax=2 renderFrames=57 interpolation=57 extrapolation=0 extrapolationCapped=0 extrapolationMaxMs=0.0 oldestHeld=0 zeroSpan=0 movingFrozen=0 teleport=0 visualStepAvgCm=0.00 visualStepMaxCm=0.00
[rubber-banding][remote-render] time=73.451 frame=7548 entity=3 latestHostTick=252 buffer=8 windowMs=1001.3 fps=56.9 snapshots=30 arrivalSamples=30 arrivalAvgMs=33.4 arrivalP95Ms=41.8 arrivalMaxMs=41.8 sameArrival=0 tickGapMax=2 renderFrames=57 interpolation=57 extrapolation=0 extrapolationCapped=0 extrapolationMaxMs=0.0 oldestHeld=0 zeroSpan=0 movingFrozen=0 teleport=0 visualStepAvgCm=0.00 visualStepMaxCm=0.00
[rubber-banding][remote-render] time=74.468 frame=7602 entity=1 latestHostTick=312 buffer=8 windowMs=1017.2 fps=53.1 snapshots=30 arrivalSamples=30 arrivalAvgMs=33.9 arrivalP95Ms=42.3 arrivalMaxMs=50.6 sameArrival=0 tickGapMax=2 renderFrames=54 interpolation=54 extrapolation=0 extrapolationCapped=0 extrapolationMaxMs=0.0 oldestHeld=0 zeroSpan=0 movingFrozen=1 teleport=0 visualStepAvgCm=4.45 visualStepMaxCm=16.89
[rubber-banding][remote-render] time=74.468 frame=7602 entity=2 latestHostTick=312 buffer=8 windowMs=1017.2 fps=53.1 snapshots=30 arrivalSamples=30 arrivalAvgMs=33.9 arrivalP95Ms=42.3 arrivalMaxMs=50.6 sameArrival=0 tickGapMax=2 renderFrames=54 interpolation=54 extrapolation=0 extrapolationCapped=0 extrapolationMaxMs=0.0 oldestHeld=0 zeroSpan=0 movingFrozen=0 teleport=0 visualStepAvgCm=0.00 visualStepMaxCm=0.00
[rubber-banding][remote-render] time=74.468 frame=7602 entity=3 latestHostTick=312 buffer=8 windowMs=1017.2 fps=53.1 snapshots=30 arrivalSamples=30 arrivalAvgMs=33.9 arrivalP95Ms=42.3 arrivalMaxMs=50.6 sameArrival=0 tickGapMax=2 renderFrames=54 interpolation=54 extrapolation=0 extrapolationCapped=0 extrapolationMaxMs=0.0 oldestHeld=0 zeroSpan=0 movingFrozen=0 teleport=0 visualStepAvgCm=0.00 visualStepMaxCm=0.00
[rubber-banding][remote-render] time=75.470 frame=7660 entity=1 latestHostTick=372 buffer=8 windowMs=1001.8 fps=57.9 snapshots=30 arrivalSamples=30 arrivalAvgMs=32.8 arrivalP95Ms=39.2 arrivalMaxMs=50.5 sameArrival=0 tickGapMax=2 renderFrames=58 interpolation=58 extrapolation=0 extrapolationCapped=0 extrapolationMaxMs=0.0 oldestHeld=0 zeroSpan=0 movingFrozen=1 teleport=0 visualStepAvgCm=1.80 visualStepMaxCm=16.81
[rubber-banding][remote-render] time=75.470 frame=7660 entity=2 latestHostTick=372 buffer=8 windowMs=1001.8 fps=57.9 snapshots=30 arrivalSamples=30 arrivalAvgMs=32.8 arrivalP95Ms=39.2 arrivalMaxMs=50.5 sameArrival=0 tickGapMax=2 renderFrames=58 interpolation=58 extrapolation=0 extrapolationCapped=0 extrapolationMaxMs=0.0 oldestHeld=0 zeroSpan=0 movingFrozen=0 teleport=0 visualStepAvgCm=0.00 visualStepMaxCm=0.00
[rubber-banding][remote-render] time=75.470 frame=7660 entity=3 latestHostTick=372 buffer=8 windowMs=1001.8 fps=57.9 snapshots=30 arrivalSamples=30 arrivalAvgMs=32.8 arrivalP95Ms=39.2 arrivalMaxMs=50.5 sameArrival=0 tickGapMax=2 renderFrames=58 interpolation=58 extrapolation=0 extrapolationCapped=0 extrapolationMaxMs=0.0 oldestHeld=0 zeroSpan=0 movingFrozen=0 teleport=0 visualStepAvgCm=0.00 visualStepMaxCm=0.00
[rubber-banding][remote-render] time=76.472 frame=7720 entity=1 latestHostTick=432 buffer=8 windowMs=1002.3 fps=59.9 snapshots=30 arrivalSamples=30 arrivalAvgMs=33.4 arrivalP95Ms=33.7 arrivalMaxMs=41.7 sameArrival=0 tickGapMax=2 renderFrames=60 interpolation=60 extrapolation=0 extrapolationCapped=0 extrapolationMaxMs=0.0 oldestHeld=0 zeroSpan=0 movingFrozen=1 teleport=0 visualStepAvgCm=1.57 visualStepMaxCm=6.17
[rubber-banding][remote-render] time=76.472 frame=7720 entity=2 latestHostTick=432 buffer=8 windowMs=1002.3 fps=59.9 snapshots=30 arrivalSamples=30 arrivalAvgMs=33.4 arrivalP95Ms=33.7 arrivalMaxMs=41.7 sameArrival=0 tickGapMax=2 renderFrames=60 interpolation=60 extrapolation=0 extrapolationCapped=0 extrapolationMaxMs=0.0 oldestHeld=0 zeroSpan=0 movingFrozen=0 teleport=0 visualStepAvgCm=0.00 visualStepMaxCm=0.00
[rubber-banding][remote-render] time=76.472 frame=7720 entity=3 latestHostTick=432 buffer=8 windowMs=1002.3 fps=59.9 snapshots=30 arrivalSamples=30 arrivalAvgMs=33.4 arrivalP95Ms=33.7 arrivalMaxMs=41.7 sameArrival=0 tickGapMax=2 renderFrames=60 interpolation=60 extrapolation=0 extrapolationCapped=0 extrapolationMaxMs=0.0 oldestHeld=0 zeroSpan=0 movingFrozen=0 teleport=0 visualStepAvgCm=0.00 visualStepMaxCm=0.00
[rubber-banding][remote-render] time=77.481 frame=7781 entity=1 latestHostTick=494 buffer=8 windowMs=1009.3 fps=60.4 snapshots=31 arrivalSamples=31 arrivalAvgMs=33.1 arrivalP95Ms=41.7 arrivalMaxMs=41.8 sameArrival=0 tickGapMax=2 renderFrames=61 interpolation=61 extrapolation=0 extrapolationCapped=0 extrapolationMaxMs=0.0 oldestHeld=0 zeroSpan=0 movingFrozen=2 teleport=0 visualStepAvgCm=1.63 visualStepMaxCm=7.67
[rubber-banding][remote-render] time=77.481 frame=7781 entity=2 latestHostTick=494 buffer=8 windowMs=1009.3 fps=60.4 snapshots=31 arrivalSamples=31 arrivalAvgMs=33.1 arrivalP95Ms=41.7 arrivalMaxMs=41.8 sameArrival=0 tickGapMax=2 renderFrames=61 interpolation=61 extrapolation=0 extrapolationCapped=0 extrapolationMaxMs=0.0 oldestHeld=0 zeroSpan=0 movingFrozen=0 teleport=0 visualStepAvgCm=0.00 visualStepMaxCm=0.00
[rubber-banding][remote-render] time=77.481 frame=7781 entity=3 latestHostTick=494 buffer=8 windowMs=1009.3 fps=60.4 snapshots=31 arrivalSamples=31 arrivalAvgMs=33.1 arrivalP95Ms=41.7 arrivalMaxMs=41.8 sameArrival=0 tickGapMax=2 renderFrames=61 interpolation=61 extrapolation=0 extrapolationCapped=0 extrapolationMaxMs=0.0 oldestHeld=0 zeroSpan=0 movingFrozen=0 teleport=0 visualStepAvgCm=0.00 visualStepMaxCm=0.00
[rubber-banding][remote-render] time=78.486 frame=7841 entity=1 latestHostTick=554 buffer=8 windowMs=1004.5 fps=59.7 snapshots=30 arrivalSamples=30 arrivalAvgMs=33.5 arrivalP95Ms=41.9 arrivalMaxMs=42.0 sameArrival=0 tickGapMax=2 renderFrames=60 interpolation=60 extrapolation=0 extrapolationCapped=0 extrapolationMaxMs=0.0 oldestHeld=0 zeroSpan=0 movingFrozen=1 teleport=0 visualStepAvgCm=3.89 visualStepMaxCm=10.05
[rubber-banding][remote-render] time=78.486 frame=7841 entity=2 latestHostTick=554 buffer=8 windowMs=1004.5 fps=59.7 snapshots=30 arrivalSamples=30 arrivalAvgMs=33.5 arrivalP95Ms=41.9 arrivalMaxMs=42.0 sameArrival=0 tickGapMax=2 renderFrames=60 interpolation=60 extrapolation=0 extrapolationCapped=0 extrapolationMaxMs=0.0 oldestHeld=0 zeroSpan=0 movingFrozen=0 teleport=0 visualStepAvgCm=0.00 visualStepMaxCm=0.00
[rubber-banding][remote-render] time=78.486 frame=7841 entity=3 latestHostTick=554 buffer=8 windowMs=1004.5 fps=59.7 snapshots=30 arrivalSamples=30 arrivalAvgMs=33.5 arrivalP95Ms=41.9 arrivalMaxMs=42.0 sameArrival=0 tickGapMax=2 renderFrames=60 interpolation=60 extrapolation=0 extrapolationCapped=0 extrapolationMaxMs=0.0 oldestHeld=0 zeroSpan=0 movingFrozen=0 teleport=0 visualStepAvgCm=0.00 visualStepMaxCm=0.00
[rubber-banding][remote-render] time=79.492 frame=7900 entity=1 latestHostTick=614 buffer=8 windowMs=1006.2 fps=58.6 snapshots=30 arrivalSamples=30 arrivalAvgMs=33.5 arrivalP95Ms=42.0 arrivalMaxMs=50.3 sameArrival=0 tickGapMax=2 renderFrames=59 interpolation=59 extrapolation=0 extrapolationCapped=0 extrapolationMaxMs=0.0 oldestHeld=0 zeroSpan=0 movingFrozen=0 teleport=0 visualStepAvgCm=6.81 visualStepMaxCm=10.07
[rubber-banding][remote-render] time=79.492 frame=7900 entity=2 latestHostTick=614 buffer=8 windowMs=1006.2 fps=58.6 snapshots=30 arrivalSamples=30 arrivalAvgMs=33.5 arrivalP95Ms=42.0 arrivalMaxMs=50.3 sameArrival=0 tickGapMax=2 renderFrames=59 interpolation=59 extrapolation=0 extrapolationCapped=0 extrapolationMaxMs=0.0 oldestHeld=0 zeroSpan=0 movingFrozen=0 teleport=0 visualStepAvgCm=0.00 visualStepMaxCm=0.00
[rubber-banding][remote-render] time=79.492 frame=7900 entity=3 latestHostTick=614 buffer=8 windowMs=1006.2 fps=58.6 snapshots=30 arrivalSamples=30 arrivalAvgMs=33.5 arrivalP95Ms=42.0 arrivalMaxMs=50.3 sameArrival=0 tickGapMax=2 renderFrames=59 interpolation=59 extrapolation=0 extrapolationCapped=0 extrapolationMaxMs=0.0 oldestHeld=0 zeroSpan=0 movingFrozen=0 teleport=0 visualStepAvgCm=0.00 visualStepMaxCm=0.00
[rubber-banding][remote-render] time=80.493 frame=7958 entity=1 latestHostTick=674 buffer=8 windowMs=1001.0 fps=57.9 snapshots=30 arrivalSamples=30 arrivalAvgMs=33.4 arrivalP95Ms=50.2 arrivalMaxMs=58.7 sameArrival=0 tickGapMax=2 renderFrames=58 interpolation=58 extrapolation=0 extrapolationCapped=0 extrapolationMaxMs=0.0 oldestHeld=0 zeroSpan=0 movingFrozen=0 teleport=0 visualStepAvgCm=6.89 visualStepMaxCm=16.70
[rubber-banding][remote-render] time=80.493 frame=7958 entity=2 latestHostTick=674 buffer=8 windowMs=1001.0 fps=57.9 snapshots=30 arrivalSamples=30 arrivalAvgMs=33.4 arrivalP95Ms=50.2 arrivalMaxMs=58.7 sameArrival=0 tickGapMax=2 renderFrames=58 interpolation=58 extrapolation=0 extrapolationCapped=0 extrapolationMaxMs=0.0 oldestHeld=0 zeroSpan=0 movingFrozen=0 teleport=0 visualStepAvgCm=0.00 visualStepMaxCm=0.00
[rubber-banding][remote-render] time=80.493 frame=7958 entity=3 latestHostTick=674 buffer=8 windowMs=1001.0 fps=57.9 snapshots=30 arrivalSamples=30 arrivalAvgMs=33.4 arrivalP95Ms=50.2 arrivalMaxMs=58.7 sameArrival=0 tickGapMax=2 renderFrames=58 interpolation=58 extrapolation=0 extrapolationCapped=0 extrapolationMaxMs=0.0 oldestHeld=0 zeroSpan=0 movingFrozen=0 teleport=0 visualStepAvgCm=0.00 visualStepMaxCm=0.00
[rubber-banding][remote-render] time=81.499 frame=8016 entity=1 latestHostTick=734 buffer=8 windowMs=1005.9 fps=57.7 snapshots=30 arrivalSamples=30 arrivalAvgMs=33.5 arrivalP95Ms=50.2 arrivalMaxMs=50.5 sameArrival=0 tickGapMax=2 renderFrames=58 interpolation=58 extrapolation=0 extrapolationCapped=0 extrapolationMaxMs=0.0 oldestHeld=0 zeroSpan=0 movingFrozen=1 teleport=0 visualStepAvgCm=3.13 visualStepMaxCm=7.71
[rubber-banding][remote-render] time=81.499 frame=8016 entity=2 latestHostTick=734 buffer=8 windowMs=1005.9 fps=57.7 snapshots=30 arrivalSamples=30 arrivalAvgMs=33.5 arrivalP95Ms=50.2 arrivalMaxMs=50.5 sameArrival=0 tickGapMax=2 renderFrames=58 interpolation=58 extrapolation=0 extrapolationCapped=0 extrapolationMaxMs=0.0 oldestHeld=0 zeroSpan=0 movingFrozen=0 teleport=0 visualStepAvgCm=0.00 visualStepMaxCm=0.00
[rubber-banding][remote-render] time=81.499 frame=8016 entity=3 latestHostTick=734 buffer=8 windowMs=1005.9 fps=57.7 snapshots=30 arrivalSamples=30 arrivalAvgMs=33.5 arrivalP95Ms=50.2 arrivalMaxMs=50.5 sameArrival=0 tickGapMax=2 renderFrames=58 interpolation=58 extrapolation=0 extrapolationCapped=0 extrapolationMaxMs=0.0 oldestHeld=0 zeroSpan=0 movingFrozen=0 teleport=0 visualStepAvgCm=0.00 visualStepMaxCm=0.00
[rubber-banding][remote-render] time=82.504 frame=8076 entity=1 latestHostTick=794 buffer=8 windowMs=1005.3 fps=59.7 snapshots=30 arrivalSamples=30 arrivalAvgMs=33.2 arrivalP95Ms=50.2 arrivalMaxMs=50.3 sameArrival=0 tickGapMax=2 renderFrames=60 interpolation=60 extrapolation=0 extrapolationCapped=0 extrapolationMaxMs=0.0 oldestHeld=0 zeroSpan=0 movingFrozen=0 teleport=0 visualStepAvgCm=6.36 visualStepMaxCm=13.33
[rubber-banding][remote-render] time=82.504 frame=8076 entity=2 latestHostTick=794 buffer=8 windowMs=1005.3 fps=59.7 snapshots=30 arrivalSamples=30 arrivalAvgMs=33.2 arrivalP95Ms=50.2 arrivalMaxMs=50.3 sameArrival=0 tickGapMax=2 renderFrames=60 interpolation=60 extrapolation=0 extrapolationCapped=0 extrapolationMaxMs=0.0 oldestHeld=0 zeroSpan=0 movingFrozen=0 teleport=0 visualStepAvgCm=0.00 visualStepMaxCm=0.00
[rubber-banding][remote-render] time=82.504 frame=8076 entity=3 latestHostTick=794 buffer=8 windowMs=1005.3 fps=59.7 snapshots=30 arrivalSamples=30 arrivalAvgMs=33.2 arrivalP95Ms=50.2 arrivalMaxMs=50.3 sameArrival=0 tickGapMax=2 renderFrames=60 interpolation=60 extrapolation=0 extrapolationCapped=0 extrapolationMaxMs=0.0 oldestHeld=0 zeroSpan=0 movingFrozen=0 teleport=0 visualStepAvgCm=0.00 visualStepMaxCm=0.00
[rubber-banding][remote-render] time=83.519 frame=8134 entity=1 latestHostTick=856 buffer=8 windowMs=1014.8 fps=57.2 snapshots=31 arrivalSamples=31 arrivalAvgMs=33.0 arrivalP95Ms=41.6 arrivalMaxMs=58.3 sameArrival=0 tickGapMax=2 renderFrames=58 interpolation=58 extrapolation=0 extrapolationCapped=0 extrapolationMaxMs=0.0 oldestHeld=0 zeroSpan=0 movingFrozen=0 teleport=0 visualStepAvgCm=3.95 visualStepMaxCm=13.34
[rubber-banding][remote-render] time=83.519 frame=8134 entity=2 latestHostTick=856 buffer=8 windowMs=1014.8 fps=57.2 snapshots=31 arrivalSamples=31 arrivalAvgMs=33.0 arrivalP95Ms=41.6 arrivalMaxMs=58.3 sameArrival=0 tickGapMax=2 renderFrames=58 interpolation=58 extrapolation=0 extrapolationCapped=0 extrapolationMaxMs=0.0 oldestHeld=0 zeroSpan=0 movingFrozen=0 teleport=0 visualStepAvgCm=0.00 visualStepMaxCm=0.00
[rubber-banding][remote-render] time=83.519 frame=8134 entity=3 latestHostTick=856 buffer=8 windowMs=1014.8 fps=57.2 snapshots=31 arrivalSamples=31 arrivalAvgMs=33.0 arrivalP95Ms=41.6 arrivalMaxMs=58.3 sameArrival=0 tickGapMax=2 renderFrames=58 interpolation=58 extrapolation=0 extrapolationCapped=0 extrapolationMaxMs=0.0 oldestHeld=0 zeroSpan=0 movingFrozen=0 teleport=0 visualStepAvgCm=0.00 visualStepMaxCm=0.00
[rubber-banding][remote-render] time=84.520 frame=8190 entity=1 latestHostTick=916 buffer=8 windowMs=1001.8 fps=55.9 snapshots=30 arrivalSamples=30 arrivalAvgMs=33.4 arrivalP95Ms=59.6 arrivalMaxMs=62.4 sameArrival=2 tickGapMax=2 renderFrames=56 interpolation=56 extrapolation=0 extrapolationCapped=0 extrapolationMaxMs=0.0 oldestHeld=0 zeroSpan=4 movingFrozen=0 teleport=0 visualStepAvgCm=3.04 visualStepMaxCm=14.25
[rubber-banding][remote-render] time=84.520 frame=8190 entity=2 latestHostTick=916 buffer=8 windowMs=1001.8 fps=55.9 snapshots=30 arrivalSamples=30 arrivalAvgMs=33.4 arrivalP95Ms=59.6 arrivalMaxMs=62.4 sameArrival=2 tickGapMax=2 renderFrames=56 interpolation=56 extrapolation=0 extrapolationCapped=0 extrapolationMaxMs=0.0 oldestHeld=0 zeroSpan=4 movingFrozen=0 teleport=0 visualStepAvgCm=0.00 visualStepMaxCm=0.00
[rubber-banding][remote-render] time=84.520 frame=8190 entity=3 latestHostTick=916 buffer=8 windowMs=1001.8 fps=55.9 snapshots=30 arrivalSamples=30 arrivalAvgMs=33.4 arrivalP95Ms=59.6 arrivalMaxMs=62.4 sameArrival=2 tickGapMax=2 renderFrames=56 interpolation=56 extrapolation=0 extrapolationCapped=0 extrapolationMaxMs=0.0 oldestHeld=0 zeroSpan=4 movingFrozen=0 teleport=0 visualStepAvgCm=0.00 visualStepMaxCm=0.00
[rubber-banding][remote-render] time=85.532 frame=8252 entity=1 latestHostTick=976 buffer=8 windowMs=1011.3 fps=61.3 snapshots=30 arrivalSamples=30 arrivalAvgMs=33.2 arrivalP95Ms=41.8 arrivalMaxMs=50.1 sameArrival=0 tickGapMax=2 renderFrames=62 interpolation=62 extrapolation=0 extrapolationCapped=0 extrapolationMaxMs=0.0 oldestHeld=0 zeroSpan=0 movingFrozen=0 teleport=0 visualStepAvgCm=6.52 visualStepMaxCm=10.04
[rubber-banding][remote-render] time=85.532 frame=8252 entity=2 latestHostTick=976 buffer=8 windowMs=1011.3 fps=61.3 snapshots=30 arrivalSamples=30 arrivalAvgMs=33.2 arrivalP95Ms=41.8 arrivalMaxMs=50.1 sameArrival=0 tickGapMax=2 renderFrames=62 interpolation=62 extrapolation=0 extrapolationCapped=0 extrapolationMaxMs=0.0 oldestHeld=0 zeroSpan=0 movingFrozen=0 teleport=0 visualStepAvgCm=0.00 visualStepMaxCm=0.00
[rubber-banding][remote-render] time=85.532 frame=8252 entity=3 latestHostTick=976 buffer=8 windowMs=1011.3 fps=61.3 snapshots=30 arrivalSamples=30 arrivalAvgMs=33.2 arrivalP95Ms=41.8 arrivalMaxMs=50.1 sameArrival=0 tickGapMax=2 renderFrames=62 interpolation=62 extrapolation=0 extrapolationCapped=0 extrapolationMaxMs=0.0 oldestHeld=0 zeroSpan=0 movingFrozen=0 teleport=0 visualStepAvgCm=0.00 visualStepMaxCm=0.00
[rubber-banding][remote-render] time=86.548 frame=8312 entity=1 latestHostTick=1038 buffer=8 windowMs=1016.4 fps=59.0 snapshots=31 arrivalSamples=31 arrivalAvgMs=33.3 arrivalP95Ms=50.0 arrivalMaxMs=50.0 sameArrival=0 tickGapMax=2 renderFrames=60 interpolation=60 extrapolation=0 extrapolationCapped=0 extrapolationMaxMs=0.0 oldestHeld=0 zeroSpan=0 movingFrozen=0 teleport=0 visualStepAvgCm=3.30 visualStepMaxCm=6.68
[rubber-banding][remote-render] time=86.548 frame=8312 entity=2 latestHostTick=1038 buffer=8 windowMs=1016.4 fps=59.0 snapshots=31 arrivalSamples=31 arrivalAvgMs=33.3 arrivalP95Ms=50.0 arrivalMaxMs=50.0 sameArrival=0 tickGapMax=2 renderFrames=60 interpolation=60 extrapolation=0 extrapolationCapped=0 extrapolationMaxMs=0.0 oldestHeld=0 zeroSpan=0 movingFrozen=0 teleport=0 visualStepAvgCm=0.00 visualStepMaxCm=0.00
[rubber-banding][remote-render] time=86.548 frame=8312 entity=3 latestHostTick=1038 buffer=8 windowMs=1016.4 fps=59.0 snapshots=31 arrivalSamples=31 arrivalAvgMs=33.3 arrivalP95Ms=50.0 arrivalMaxMs=50.0 sameArrival=0 tickGapMax=2 renderFrames=60 interpolation=60 extrapolation=0 extrapolationCapped=0 extrapolationMaxMs=0.0 oldestHeld=0 zeroSpan=0 movingFrozen=0 teleport=0 visualStepAvgCm=0.00 visualStepMaxCm=0.00
[rubber-banding][remote-render] time=87.563 frame=8368 entity=1 latestHostTick=1098 buffer=8 windowMs=1014.9 fps=55.2 snapshots=30 arrivalSamples=30 arrivalAvgMs=33.3 arrivalP95Ms=58.5 arrivalMaxMs=67.2 sameArrival=1 tickGapMax=2 renderFrames=56 interpolation=56 extrapolation=0 extrapolationCapped=0 extrapolationMaxMs=0.0 oldestHeld=0 zeroSpan=2 movingFrozen=0 teleport=0 visualStepAvgCm=5.95 visualStepMaxCm=16.78
[rubber-banding][remote-render] time=87.563 frame=8368 entity=2 latestHostTick=1098 buffer=8 windowMs=1014.9 fps=55.2 snapshots=30 arrivalSamples=30 arrivalAvgMs=33.3 arrivalP95Ms=58.5 arrivalMaxMs=67.2 sameArrival=1 tickGapMax=2 renderFrames=56 interpolation=56 extrapolation=0 extrapolationCapped=0 extrapolationMaxMs=0.0 oldestHeld=0 zeroSpan=2 movingFrozen=0 teleport=0 visualStepAvgCm=0.00 visualStepMaxCm=0.00
[rubber-banding][remote-render] time=87.563 frame=8368 entity=3 latestHostTick=1098 buffer=8 windowMs=1014.9 fps=55.2 snapshots=30 arrivalSamples=30 arrivalAvgMs=33.3 arrivalP95Ms=58.5 arrivalMaxMs=67.2 sameArrival=1 tickGapMax=2 renderFrames=56 interpolation=56 extrapolation=0 extrapolationCapped=0 extrapolationMaxMs=0.0 oldestHeld=0 zeroSpan=2 movingFrozen=0 teleport=0 visualStepAvgCm=0.00 visualStepMaxCm=0.00
[rubber-banding][remote-render] time=88.588 frame=8431 entity=1 latestHostTick=1160 buffer=8 windowMs=1024.9 fps=61.5 snapshots=31 arrivalSamples=31 arrivalAvgMs=33.6 arrivalP95Ms=50.0 arrivalMaxMs=50.0 sameArrival=0 tickGapMax=2 renderFrames=63 interpolation=63 extrapolation=0 extrapolationCapped=0 extrapolationMaxMs=0.0 oldestHeld=0 zeroSpan=0 movingFrozen=0 teleport=0 visualStepAvgCm=6.51 visualStepMaxCm=10.34
[rubber-banding][remote-render] time=88.588 frame=8431 entity=2 latestHostTick=1160 buffer=8 windowMs=1024.9 fps=61.5 snapshots=31 arrivalSamples=31 arrivalAvgMs=33.6 arrivalP95Ms=50.0 arrivalMaxMs=50.0 sameArrival=0 tickGapMax=2 renderFrames=63 interpolation=63 extrapolation=0 extrapolationCapped=0 extrapolationMaxMs=0.0 oldestHeld=0 zeroSpan=0 movingFrozen=0 teleport=0 visualStepAvgCm=0.00 visualStepMaxCm=0.00
[rubber-banding][remote-render] time=88.588 frame=8431 entity=3 latestHostTick=1160 buffer=8 windowMs=1024.9 fps=61.5 snapshots=31 arrivalSamples=31 arrivalAvgMs=33.6 arrivalP95Ms=50.0 arrivalMaxMs=50.0 sameArrival=0 tickGapMax=2 renderFrames=63 interpolation=63 extrapolation=0 extrapolationCapped=0 extrapolationMaxMs=0.0 oldestHeld=0 zeroSpan=0 movingFrozen=0 teleport=0 visualStepAvgCm=0.00 visualStepMaxCm=0.00
[rubber-banding][remote-render] time=89.596 frame=8491 entity=1 latestHostTick=1220 buffer=8 windowMs=1008.0 fps=59.5 snapshots=30 arrivalSamples=30 arrivalAvgMs=33.3 arrivalP95Ms=50.0 arrivalMaxMs=50.2 sameArrival=0 tickGapMax=2 renderFrames=60 interpolation=60 extrapolation=0 extrapolationCapped=0 extrapolationMaxMs=0.0 oldestHeld=0 zeroSpan=0 movingFrozen=0 teleport=0 visualStepAvgCm=6.03 visualStepMaxCm=10.04
[rubber-banding][remote-render] time=89.596 frame=8491 entity=2 latestHostTick=1220 buffer=8 windowMs=1008.0 fps=59.5 snapshots=30 arrivalSamples=30 arrivalAvgMs=33.3 arrivalP95Ms=50.0 arrivalMaxMs=50.2 sameArrival=0 tickGapMax=2 renderFrames=60 interpolation=60 extrapolation=0 extrapolationCapped=0 extrapolationMaxMs=0.0 oldestHeld=0 zeroSpan=0 movingFrozen=0 teleport=0 visualStepAvgCm=0.00 visualStepMaxCm=0.00
[rubber-banding][remote-render] time=89.596 frame=8491 entity=3 latestHostTick=1220 buffer=8 windowMs=1008.0 fps=59.5 snapshots=30 arrivalSamples=30 arrivalAvgMs=33.3 arrivalP95Ms=50.0 arrivalMaxMs=50.2 sameArrival=0 tickGapMax=2 renderFrames=60 interpolation=60 extrapolation=0 extrapolationCapped=0 extrapolationMaxMs=0.0 oldestHeld=0 zeroSpan=0 movingFrozen=0 teleport=0 visualStepAvgCm=0.00 visualStepMaxCm=0.00
[rubber-banding][remote-render] time=90.605 frame=8551 entity=1 latestHostTick=1280 buffer=8 windowMs=1009.6 fps=59.4 snapshots=30 arrivalSamples=30 arrivalAvgMs=33.4 arrivalP95Ms=42.4 arrivalMaxMs=50.6 sameArrival=0 tickGapMax=2 renderFrames=60 interpolation=60 extrapolation=0 extrapolationCapped=0 extrapolationMaxMs=0.0 oldestHeld=0 zeroSpan=0 movingFrozen=0 teleport=0 visualStepAvgCm=6.62 visualStepMaxCm=13.57
[rubber-banding][remote-render] time=90.605 frame=8551 entity=2 latestHostTick=1280 buffer=8 windowMs=1009.6 fps=59.4 snapshots=30 arrivalSamples=30 arrivalAvgMs=33.4 arrivalP95Ms=42.4 arrivalMaxMs=50.6 sameArrival=0 tickGapMax=2 renderFrames=60 interpolation=60 extrapolation=0 extrapolationCapped=0 extrapolationMaxMs=0.0 oldestHeld=0 zeroSpan=0 movingFrozen=0 teleport=0 visualStepAvgCm=0.00 visualStepMaxCm=0.00
[rubber-banding][remote-render] time=90.605 frame=8551 entity=3 latestHostTick=1280 buffer=8 windowMs=1009.6 fps=59.4 snapshots=30 arrivalSamples=30 arrivalAvgMs=33.4 arrivalP95Ms=42.4 arrivalMaxMs=50.6 sameArrival=0 tickGapMax=2 renderFrames=60 interpolation=60 extrapolation=0 extrapolationCapped=0 extrapolationMaxMs=0.0 oldestHeld=0 zeroSpan=0 movingFrozen=0 teleport=0 visualStepAvgCm=0.00 visualStepMaxCm=0.00
[rubber-banding][remote-render] time=91.607 frame=8615 entity=1 latestHostTick=1340 buffer=8 windowMs=1001.4 fps=63.9 snapshots=30 arrivalSamples=30 arrivalAvgMs=33.1 arrivalP95Ms=41.7 arrivalMaxMs=41.7 sameArrival=0 tickGapMax=2 renderFrames=64 interpolation=64 extrapolation=0 extrapolationCapped=0 extrapolationMaxMs=0.0 oldestHeld=0 zeroSpan=0 movingFrozen=0 teleport=0 visualStepAvgCm=5.10 visualStepMaxCm=13.33
[rubber-banding][remote-render] time=91.607 frame=8615 entity=2 latestHostTick=1340 buffer=8 windowMs=1001.4 fps=63.9 snapshots=30 arrivalSamples=30 arrivalAvgMs=33.1 arrivalP95Ms=41.7 arrivalMaxMs=41.7 sameArrival=0 tickGapMax=2 renderFrames=64 interpolation=64 extrapolation=0 extrapolationCapped=0 extrapolationMaxMs=0.0 oldestHeld=0 zeroSpan=0 movingFrozen=0 teleport=0 visualStepAvgCm=0.00 visualStepMaxCm=0.00
[rubber-banding][remote-render] time=91.607 frame=8615 entity=3 latestHostTick=1340 buffer=8 windowMs=1001.4 fps=63.9 snapshots=30 arrivalSamples=30 arrivalAvgMs=33.1 arrivalP95Ms=41.7 arrivalMaxMs=41.7 sameArrival=0 tickGapMax=2 renderFrames=64 interpolation=64 extrapolation=0 extrapolationCapped=0 extrapolationMaxMs=0.0 oldestHeld=0 zeroSpan=0 movingFrozen=0 teleport=0 visualStepAvgCm=0.00 visualStepMaxCm=0.00
[rubber-banding][remote-render] time=92.623 frame=8680 entity=1 latestHostTick=1402 buffer=8 windowMs=1016.0 fps=64.0 snapshots=31 arrivalSamples=31 arrivalAvgMs=33.6 arrivalP95Ms=42.1 arrivalMaxMs=50.4 sameArrival=0 tickGapMax=2 renderFrames=65 interpolation=65 extrapolation=0 extrapolationCapped=0 extrapolationMaxMs=0.0 oldestHeld=0 zeroSpan=0 movingFrozen=0 teleport=0 visualStepAvgCm=5.88 visualStepMaxCm=10.07
[rubber-banding][remote-render] time=92.623 frame=8680 entity=2 latestHostTick=1402 buffer=8 windowMs=1016.0 fps=64.0 snapshots=31 arrivalSamples=31 arrivalAvgMs=33.6 arrivalP95Ms=42.1 arrivalMaxMs=50.4 sameArrival=0 tickGapMax=2 renderFrames=65 interpolation=65 extrapolation=0 extrapolationCapped=0 extrapolationMaxMs=0.0 oldestHeld=0 zeroSpan=0 movingFrozen=0 teleport=0 visualStepAvgCm=0.00 visualStepMaxCm=0.00
[rubber-banding][remote-render] time=92.623 frame=8680 entity=3 latestHostTick=1402 buffer=8 windowMs=1016.0 fps=64.0 snapshots=31 arrivalSamples=31 arrivalAvgMs=33.6 arrivalP95Ms=42.1 arrivalMaxMs=50.4 sameArrival=0 tickGapMax=2 renderFrames=65 interpolation=65 extrapolation=0 extrapolationCapped=0 extrapolationMaxMs=0.0 oldestHeld=0 zeroSpan=0 movingFrozen=0 teleport=0 visualStepAvgCm=0.00 visualStepMaxCm=0.00
[rubber-banding][remote-render] time=93.635 frame=8741 entity=1 latestHostTick=1462 buffer=8 windowMs=1012.3 fps=60.3 snapshots=30 arrivalSamples=30 arrivalAvgMs=33.7 arrivalP95Ms=50.2 arrivalMaxMs=50.2 sameArrival=0 tickGapMax=2 renderFrames=61 interpolation=61 extrapolation=0 extrapolationCapped=0 extrapolationMaxMs=0.0 oldestHeld=0 zeroSpan=0 movingFrozen=0 teleport=0 visualStepAvgCm=6.63 visualStepMaxCm=13.33
[rubber-banding][remote-render] time=93.635 frame=8741 entity=2 latestHostTick=1462 buffer=8 windowMs=1012.3 fps=60.3 snapshots=30 arrivalSamples=30 arrivalAvgMs=33.7 arrivalP95Ms=50.2 arrivalMaxMs=50.2 sameArrival=0 tickGapMax=2 renderFrames=61 interpolation=61 extrapolation=0 extrapolationCapped=0 extrapolationMaxMs=0.0 oldestHeld=0 zeroSpan=0 movingFrozen=0 teleport=0 visualStepAvgCm=0.00 visualStepMaxCm=0.00
[rubber-banding][remote-render] time=93.635 frame=8741 entity=3 latestHostTick=1462 buffer=8 windowMs=1012.3 fps=60.3 snapshots=30 arrivalSamples=30 arrivalAvgMs=33.7 arrivalP95Ms=50.2 arrivalMaxMs=50.2 sameArrival=0 tickGapMax=2 renderFrames=61 interpolation=61 extrapolation=0 extrapolationCapped=0 extrapolationMaxMs=0.0 oldestHeld=0 zeroSpan=0 movingFrozen=0 teleport=0 visualStepAvgCm=0.00 visualStepMaxCm=0.00
[rubber-banding][remote-render] time=94.650 frame=8802 entity=1 latestHostTick=1522 buffer=8 windowMs=1014.6 fps=60.1 snapshots=30 arrivalSamples=30 arrivalAvgMs=33.3 arrivalP95Ms=41.8 arrivalMaxMs=50.3 sameArrival=0 tickGapMax=2 renderFrames=61 interpolation=61 extrapolation=0 extrapolationCapped=0 extrapolationMaxMs=0.0 oldestHeld=0 zeroSpan=0 movingFrozen=0 teleport=0 visualStepAvgCm=6.03 visualStepMaxCm=10.07
[rubber-banding][remote-render] time=94.650 frame=8802 entity=2 latestHostTick=1522 buffer=8 windowMs=1014.6 fps=60.1 snapshots=30 arrivalSamples=30 arrivalAvgMs=33.3 arrivalP95Ms=41.8 arrivalMaxMs=50.3 sameArrival=0 tickGapMax=2 renderFrames=61 interpolation=61 extrapolation=0 extrapolationCapped=0 extrapolationMaxMs=0.0 oldestHeld=0 zeroSpan=0 movingFrozen=0 teleport=0 visualStepAvgCm=0.00 visualStepMaxCm=0.00
[rubber-banding][remote-render] time=94.650 frame=8802 entity=3 latestHostTick=1522 buffer=8 windowMs=1014.6 fps=60.1 snapshots=30 arrivalSamples=30 arrivalAvgMs=33.3 arrivalP95Ms=41.8 arrivalMaxMs=50.3 sameArrival=0 tickGapMax=2 renderFrames=61 interpolation=61 extrapolation=0 extrapolationCapped=0 extrapolationMaxMs=0.0 oldestHeld=0 zeroSpan=0 movingFrozen=0 teleport=0 visualStepAvgCm=0.00 visualStepMaxCm=0.00
[rubber-banding][remote-render] time=95.664 frame=8862 entity=1 latestHostTick=1584 buffer=8 windowMs=1013.9 fps=59.2 snapshots=31 arrivalSamples=31 arrivalAvgMs=33.2 arrivalP95Ms=41.9 arrivalMaxMs=42.0 sameArrival=0 tickGapMax=2 renderFrames=60 interpolation=60 extrapolation=0 extrapolationCapped=0 extrapolationMaxMs=0.0 oldestHeld=0 zeroSpan=0 movingFrozen=0 teleport=0 visualStepAvgCm=6.75 visualStepMaxCm=10.08
[rubber-banding][remote-render] time=95.664 frame=8862 entity=2 latestHostTick=1584 buffer=8 windowMs=1013.9 fps=59.2 snapshots=31 arrivalSamples=31 arrivalAvgMs=33.2 arrivalP95Ms=41.9 arrivalMaxMs=42.0 sameArrival=0 tickGapMax=2 renderFrames=60 interpolation=60 extrapolation=0 extrapolationCapped=0 extrapolationMaxMs=0.0 oldestHeld=0 zeroSpan=0 movingFrozen=0 teleport=0 visualStepAvgCm=0.00 visualStepMaxCm=0.00
[rubber-banding][remote-render] time=95.664 frame=8862 entity=3 latestHostTick=1584 buffer=8 windowMs=1013.9 fps=59.2 snapshots=31 arrivalSamples=31 arrivalAvgMs=33.2 arrivalP95Ms=41.9 arrivalMaxMs=42.0 sameArrival=0 tickGapMax=2 renderFrames=60 interpolation=60 extrapolation=0 extrapolationCapped=0 extrapolationMaxMs=0.0 oldestHeld=0 zeroSpan=0 movingFrozen=0 teleport=0 visualStepAvgCm=0.00 visualStepMaxCm=0.00
[rubber-banding][remote-render] time=96.671 frame=8925 entity=1 latestHostTick=1644 buffer=8 windowMs=1007.2 fps=62.6 snapshots=30 arrivalSamples=30 arrivalAvgMs=33.0 arrivalP95Ms=50.8 arrivalMaxMs=51.9 sameArrival=0 tickGapMax=2 renderFrames=63 interpolation=63 extrapolation=0 extrapolationCapped=0 extrapolationMaxMs=0.0 oldestHeld=0 zeroSpan=0 movingFrozen=0 teleport=0 visualStepAvgCm=6.39 visualStepMaxCm=13.15
[rubber-banding][remote-render] time=96.671 frame=8925 entity=2 latestHostTick=1644 buffer=8 windowMs=1007.2 fps=62.6 snapshots=30 arrivalSamples=30 arrivalAvgMs=33.0 arrivalP95Ms=50.8 arrivalMaxMs=51.9 sameArrival=0 tickGapMax=2 renderFrames=63 interpolation=63 extrapolation=0 extrapolationCapped=0 extrapolationMaxMs=0.0 oldestHeld=0 zeroSpan=0 movingFrozen=0 teleport=0 visualStepAvgCm=0.00 visualStepMaxCm=0.00
[rubber-banding][remote-render] time=96.671 frame=8925 entity=3 latestHostTick=1644 buffer=8 windowMs=1007.2 fps=62.6 snapshots=30 arrivalSamples=30 arrivalAvgMs=33.0 arrivalP95Ms=50.8 arrivalMaxMs=51.9 sameArrival=0 tickGapMax=2 renderFrames=63 interpolation=63 extrapolation=0 extrapolationCapped=0 extrapolationMaxMs=0.0 oldestHeld=0 zeroSpan=0 movingFrozen=0 teleport=0 visualStepAvgCm=0.00 visualStepMaxCm=0.00
[rubber-banding][remote-render] time=97.671 frame=8990 entity=1 latestHostTick=1704 buffer=8 windowMs=1000.1 fps=65.0 snapshots=30 arrivalSamples=30 arrivalAvgMs=33.1 arrivalP95Ms=42.7 arrivalMaxMs=50.7 sameArrival=0 tickGapMax=2 renderFrames=65 interpolation=65 extrapolation=0 extrapolationCapped=0 extrapolationMaxMs=0.0 oldestHeld=0 zeroSpan=0 movingFrozen=0 teleport=0 visualStepAvgCm=6.15 visualStepMaxCm=10.39
[rubber-banding][remote-render] time=97.671 frame=8990 entity=2 latestHostTick=1704 buffer=8 windowMs=1000.1 fps=65.0 snapshots=30 arrivalSamples=30 arrivalAvgMs=33.1 arrivalP95Ms=42.7 arrivalMaxMs=50.7 sameArrival=0 tickGapMax=2 renderFrames=65 interpolation=65 extrapolation=0 extrapolationCapped=0 extrapolationMaxMs=0.0 oldestHeld=0 zeroSpan=0 movingFrozen=0 teleport=0 visualStepAvgCm=0.00 visualStepMaxCm=0.00
[rubber-banding][remote-render] time=97.671 frame=8990 entity=3 latestHostTick=1704 buffer=8 windowMs=1000.1 fps=65.0 snapshots=30 arrivalSamples=30 arrivalAvgMs=33.1 arrivalP95Ms=42.7 arrivalMaxMs=50.7 sameArrival=0 tickGapMax=2 renderFrames=65 interpolation=65 extrapolation=0 extrapolationCapped=0 extrapolationMaxMs=0.0 oldestHeld=0 zeroSpan=0 movingFrozen=0 teleport=0 visualStepAvgCm=0.00 visualStepMaxCm=0.00
[rubber-banding][remote-render] time=98.680 frame=9051 entity=1 latestHostTick=1766 buffer=8 windowMs=1008.8 fps=60.5 snapshots=31 arrivalSamples=31 arrivalAvgMs=33.3 arrivalP95Ms=41.7 arrivalMaxMs=50.0 sameArrival=0 tickGapMax=2 renderFrames=61 interpolation=61 extrapolation=0 extrapolationCapped=0 extrapolationMaxMs=0.0 oldestHeld=0 zeroSpan=0 movingFrozen=0 teleport=0 visualStepAvgCm=6.15 visualStepMaxCm=10.00
[rubber-banding][remote-render] time=98.680 frame=9051 entity=2 latestHostTick=1766 buffer=8 windowMs=1008.8 fps=60.5 snapshots=31 arrivalSamples=31 arrivalAvgMs=33.3 arrivalP95Ms=41.7 arrivalMaxMs=50.0 sameArrival=0 tickGapMax=2 renderFrames=61 interpolation=61 extrapolation=0 extrapolationCapped=0 extrapolationMaxMs=0.0 oldestHeld=0 zeroSpan=0 movingFrozen=0 teleport=0 visualStepAvgCm=0.00 visualStepMaxCm=0.00
[rubber-banding][remote-render] time=98.680 frame=9051 entity=3 latestHostTick=1766 buffer=8 windowMs=1008.8 fps=60.5 snapshots=31 arrivalSamples=31 arrivalAvgMs=33.3 arrivalP95Ms=41.7 arrivalMaxMs=50.0 sameArrival=0 tickGapMax=2 renderFrames=61 interpolation=61 extrapolation=0 extrapolationCapped=0 extrapolationMaxMs=0.0 oldestHeld=0 zeroSpan=0 movingFrozen=0 teleport=0 visualStepAvgCm=0.00 visualStepMaxCm=0.00
[rubber-banding][remote-render] time=99.685 frame=9112 entity=1 latestHostTick=1826 buffer=8 windowMs=1005.0 fps=60.7 snapshots=30 arrivalSamples=30 arrivalAvgMs=33.5 arrivalP95Ms=46.0 arrivalMaxMs=50.0 sameArrival=0 tickGapMax=2 renderFrames=61 interpolation=61 extrapolation=0 extrapolationCapped=0 extrapolationMaxMs=0.0 oldestHeld=0 zeroSpan=0 movingFrozen=0 teleport=0 visualStepAvgCm=1.61 visualStepMaxCm=10.00
[rubber-banding][remote-render] time=99.685 frame=9112 entity=2 latestHostTick=1826 buffer=8 windowMs=1005.0 fps=60.7 snapshots=30 arrivalSamples=30 arrivalAvgMs=33.5 arrivalP95Ms=46.0 arrivalMaxMs=50.0 sameArrival=0 tickGapMax=2 renderFrames=61 interpolation=61 extrapolation=0 extrapolationCapped=0 extrapolationMaxMs=0.0 oldestHeld=0 zeroSpan=0 movingFrozen=0 teleport=0 visualStepAvgCm=0.00 visualStepMaxCm=0.00
[rubber-banding][remote-render] time=99.685 frame=9112 entity=3 latestHostTick=1826 buffer=8 windowMs=1005.0 fps=60.7 snapshots=30 arrivalSamples=30 arrivalAvgMs=33.5 arrivalP95Ms=46.0 arrivalMaxMs=50.0 sameArrival=0 tickGapMax=2 renderFrames=61 interpolation=61 extrapolation=0 extrapolationCapped=0 extrapolationMaxMs=0.0 oldestHeld=0 zeroSpan=0 movingFrozen=0 teleport=0 visualStepAvgCm=0.00 visualStepMaxCm=0.00
[rubber-banding][remote-render] time=100.692 frame=9173 entity=1 latestHostTick=1884 buffer=8 windowMs=1007.5 fps=60.5 snapshots=29 arrivalSamples=29 arrivalAvgMs=33.5 arrivalP95Ms=50.0 arrivalMaxMs=66.1 sameArrival=1 tickGapMax=2 renderFrames=61 interpolation=61 extrapolation=0 extrapolationCapped=0 extrapolationMaxMs=0.0 oldestHeld=0 zeroSpan=2 movingFrozen=0 teleport=0 visualStepAvgCm=0.00 visualStepMaxCm=0.00
[rubber-banding][remote-render] time=100.692 frame=9173 entity=2 latestHostTick=1884 buffer=8 windowMs=1007.5 fps=60.5 snapshots=29 arrivalSamples=29 arrivalAvgMs=33.5 arrivalP95Ms=50.0 arrivalMaxMs=66.1 sameArrival=1 tickGapMax=2 renderFrames=61 interpolation=61 extrapolation=0 extrapolationCapped=0 extrapolationMaxMs=0.0 oldestHeld=0 zeroSpan=2 movingFrozen=0 teleport=0 visualStepAvgCm=0.00 visualStepMaxCm=0.00
[rubber-banding][remote-render] time=100.692 frame=9173 entity=3 latestHostTick=1884 buffer=8 windowMs=1007.5 fps=60.5 snapshots=29 arrivalSamples=29 arrivalAvgMs=33.5 arrivalP95Ms=50.0 arrivalMaxMs=66.1 sameArrival=1 tickGapMax=2 renderFrames=61 interpolation=61 extrapolation=0 extrapolationCapped=0 extrapolationMaxMs=0.0 oldestHeld=0 zeroSpan=2 movingFrozen=0 teleport=0 visualStepAvgCm=0.00 visualStepMaxCm=0.00
[rubber-banding][remote-render] time=101.710 frame=9233 entity=1 latestHostTick=1946 buffer=8 windowMs=1017.3 fps=59.0 snapshots=31 arrivalSamples=31 arrivalAvgMs=33.1 arrivalP95Ms=51.0 arrivalMaxMs=87.8 sameArrival=2 tickGapMax=2 renderFrames=60 interpolation=60 extrapolation=0 extrapolationCapped=0 extrapolationMaxMs=0.0 oldestHeld=0 zeroSpan=4 movingFrozen=0 teleport=0 visualStepAvgCm=0.00 visualStepMaxCm=0.00
[rubber-banding][remote-render] time=101.710 frame=9233 entity=2 latestHostTick=1946 buffer=8 windowMs=1017.3 fps=59.0 snapshots=31 arrivalSamples=31 arrivalAvgMs=33.1 arrivalP95Ms=51.0 arrivalMaxMs=87.8 sameArrival=2 tickGapMax=2 renderFrames=60 interpolation=60 extrapolation=0 extrapolationCapped=0 extrapolationMaxMs=0.0 oldestHeld=0 zeroSpan=4 movingFrozen=0 teleport=0 visualStepAvgCm=0.00 visualStepMaxCm=0.00
[rubber-banding][remote-render] time=101.710 frame=9233 entity=3 latestHostTick=1946 buffer=8 windowMs=1017.3 fps=59.0 snapshots=31 arrivalSamples=31 arrivalAvgMs=33.1 arrivalP95Ms=51.0 arrivalMaxMs=87.8 sameArrival=2 tickGapMax=2 renderFrames=60 interpolation=60 extrapolation=0 extrapolationCapped=0 extrapolationMaxMs=0.0 oldestHeld=0 zeroSpan=4 movingFrozen=0 teleport=0 visualStepAvgCm=0.00 visualStepMaxCm=0.00
[rubber-banding][remote-render] time=102.726 frame=9285 entity=1 latestHostTick=2006 buffer=8 windowMs=1016.7 fps=51.1 snapshots=30 arrivalSamples=30 arrivalAvgMs=33.3 arrivalP95Ms=50.0 arrivalMaxMs=75.0 sameArrival=1 tickGapMax=2 renderFrames=52 interpolation=52 extrapolation=0 extrapolationCapped=0 extrapolationMaxMs=0.0 oldestHeld=0 zeroSpan=2 movingFrozen=0 teleport=0 visualStepAvgCm=0.00 visualStepMaxCm=0.00
[rubber-banding][remote-render] time=102.726 frame=9285 entity=2 latestHostTick=2006 buffer=8 windowMs=1016.7 fps=51.1 snapshots=30 arrivalSamples=30 arrivalAvgMs=33.3 arrivalP95Ms=50.0 arrivalMaxMs=75.0 sameArrival=1 tickGapMax=2 renderFrames=52 interpolation=52 extrapolation=0 extrapolationCapped=0 extrapolationMaxMs=0.0 oldestHeld=0 zeroSpan=2 movingFrozen=1 teleport=0 visualStepAvgCm=3.50 visualStepMaxCm=13.33
[rubber-banding][remote-render] time=102.726 frame=9285 entity=3 latestHostTick=2006 buffer=8 windowMs=1016.7 fps=51.1 snapshots=30 arrivalSamples=30 arrivalAvgMs=33.3 arrivalP95Ms=50.0 arrivalMaxMs=75.0 sameArrival=1 tickGapMax=2 renderFrames=52 interpolation=52 extrapolation=0 extrapolationCapped=0 extrapolationMaxMs=0.0 oldestHeld=0 zeroSpan=2 movingFrozen=0 teleport=0 visualStepAvgCm=0.00 visualStepMaxCm=0.00
[rubber-banding][remote-render] time=103.735 frame=9333 entity=1 latestHostTick=2068 buffer=8 windowMs=1008.3 fps=47.6 snapshots=31 arrivalSamples=31 arrivalAvgMs=33.1 arrivalP95Ms=66.7 arrivalMaxMs=66.7 sameArrival=0 tickGapMax=2 renderFrames=48 interpolation=48 extrapolation=0 extrapolationCapped=0 extrapolationMaxMs=0.0 oldestHeld=0 zeroSpan=0 movingFrozen=0 teleport=0 visualStepAvgCm=0.00 visualStepMaxCm=0.00
[rubber-banding][remote-render] time=103.735 frame=9333 entity=2 latestHostTick=2068 buffer=8 windowMs=1008.3 fps=47.6 snapshots=31 arrivalSamples=31 arrivalAvgMs=33.1 arrivalP95Ms=66.7 arrivalMaxMs=66.7 sameArrival=0 tickGapMax=2 renderFrames=48 interpolation=48 extrapolation=0 extrapolationCapped=0 extrapolationMaxMs=0.0 oldestHeld=0 zeroSpan=0 movingFrozen=0 teleport=0 visualStepAvgCm=8.40 visualStepMaxCm=13.33
[rubber-banding][remote-render] time=103.735 frame=9333 entity=3 latestHostTick=2068 buffer=8 windowMs=1008.3 fps=47.6 snapshots=31 arrivalSamples=31 arrivalAvgMs=33.1 arrivalP95Ms=66.7 arrivalMaxMs=66.7 sameArrival=0 tickGapMax=2 renderFrames=48 interpolation=48 extrapolation=0 extrapolationCapped=0 extrapolationMaxMs=0.0 oldestHeld=0 zeroSpan=0 movingFrozen=0 teleport=0 visualStepAvgCm=0.00 visualStepMaxCm=0.00
[rubber-banding][remote-render] time=104.751 frame=9383 entity=1 latestHostTick=2128 buffer=8 windowMs=1016.7 fps=49.2 snapshots=30 arrivalSamples=30 arrivalAvgMs=34.2 arrivalP95Ms=50.0 arrivalMaxMs=50.0 sameArrival=2 tickGapMax=2 renderFrames=50 interpolation=50 extrapolation=0 extrapolationCapped=0 extrapolationMaxMs=0.0 oldestHeld=0 zeroSpan=3 movingFrozen=0 teleport=0 visualStepAvgCm=0.00 visualStepMaxCm=0.00
[rubber-banding][remote-render] time=104.751 frame=9383 entity=2 latestHostTick=2128 buffer=8 windowMs=1016.7 fps=49.2 snapshots=30 arrivalSamples=30 arrivalAvgMs=34.2 arrivalP95Ms=50.0 arrivalMaxMs=50.0 sameArrival=2 tickGapMax=2 renderFrames=50 interpolation=50 extrapolation=0 extrapolationCapped=0 extrapolationMaxMs=0.0 oldestHeld=0 zeroSpan=3 movingFrozen=1 teleport=0 visualStepAvgCm=7.87 visualStepMaxCm=16.67
[rubber-banding][remote-render] time=104.751 frame=9383 entity=3 latestHostTick=2128 buffer=8 windowMs=1016.7 fps=49.2 snapshots=30 arrivalSamples=30 arrivalAvgMs=34.2 arrivalP95Ms=50.0 arrivalMaxMs=50.0 sameArrival=2 tickGapMax=2 renderFrames=50 interpolation=50 extrapolation=0 extrapolationCapped=0 extrapolationMaxMs=0.0 oldestHeld=0 zeroSpan=3 movingFrozen=0 teleport=0 visualStepAvgCm=0.00 visualStepMaxCm=0.00
[rubber-banding][remote-render] time=105.776 frame=9434 entity=1 latestHostTick=2190 buffer=8 windowMs=1025.0 fps=49.8 snapshots=31 arrivalSamples=31 arrivalAvgMs=33.6 arrivalP95Ms=58.3 arrivalMaxMs=66.7 sameArrival=1 tickGapMax=2 renderFrames=51 interpolation=51 extrapolation=0 extrapolationCapped=0 extrapolationMaxMs=0.0 oldestHeld=0 zeroSpan=1 movingFrozen=0 teleport=0 visualStepAvgCm=0.00 visualStepMaxCm=0.00
[rubber-banding][remote-render] time=105.776 frame=9434 entity=2 latestHostTick=2190 buffer=8 windowMs=1025.0 fps=49.8 snapshots=31 arrivalSamples=31 arrivalAvgMs=33.6 arrivalP95Ms=58.3 arrivalMaxMs=66.7 sameArrival=1 tickGapMax=2 renderFrames=51 interpolation=51 extrapolation=0 extrapolationCapped=0 extrapolationMaxMs=0.0 oldestHeld=0 zeroSpan=1 movingFrozen=0 teleport=0 visualStepAvgCm=7.97 visualStepMaxCm=13.33
[rubber-banding][remote-render] time=105.776 frame=9434 entity=3 latestHostTick=2190 buffer=8 windowMs=1025.0 fps=49.8 snapshots=31 arrivalSamples=31 arrivalAvgMs=33.6 arrivalP95Ms=58.3 arrivalMaxMs=66.7 sameArrival=1 tickGapMax=2 renderFrames=51 interpolation=51 extrapolation=0 extrapolationCapped=0 extrapolationMaxMs=0.0 oldestHeld=0 zeroSpan=1 movingFrozen=0 teleport=0 visualStepAvgCm=0.00 visualStepMaxCm=0.00
[rubber-banding][remote-render] time=106.785 frame=9483 entity=1 latestHostTick=2252 buffer=8 windowMs=1008.3 fps=48.6 snapshots=31 arrivalSamples=31 arrivalAvgMs=32.5 arrivalP95Ms=58.3 arrivalMaxMs=91.7 sameArrival=2 tickGapMax=2 renderFrames=49 interpolation=49 extrapolation=0 extrapolationCapped=0 extrapolationMaxMs=0.0 oldestHeld=0 zeroSpan=3 movingFrozen=0 teleport=0 visualStepAvgCm=0.00 visualStepMaxCm=0.00
[rubber-banding][remote-render] time=106.785 frame=9483 entity=2 latestHostTick=2252 buffer=8 windowMs=1008.3 fps=48.6 snapshots=31 arrivalSamples=31 arrivalAvgMs=32.5 arrivalP95Ms=58.3 arrivalMaxMs=91.7 sameArrival=2 tickGapMax=2 renderFrames=49 interpolation=49 extrapolation=0 extrapolationCapped=0 extrapolationMaxMs=0.0 oldestHeld=0 zeroSpan=3 movingFrozen=0 teleport=0 visualStepAvgCm=8.19 visualStepMaxCm=20.00
[rubber-banding][remote-render] time=106.785 frame=9483 entity=3 latestHostTick=2252 buffer=8 windowMs=1008.3 fps=48.6 snapshots=31 arrivalSamples=31 arrivalAvgMs=32.5 arrivalP95Ms=58.3 arrivalMaxMs=91.7 sameArrival=2 tickGapMax=2 renderFrames=49 interpolation=49 extrapolation=0 extrapolationCapped=0 extrapolationMaxMs=0.0 oldestHeld=0 zeroSpan=3 movingFrozen=0 teleport=0 visualStepAvgCm=0.00 visualStepMaxCm=0.00
[rubber-banding][remote-render] time=107.801 frame=9534 entity=1 latestHostTick=2312 buffer=8 windowMs=1016.7 fps=50.2 snapshots=30 arrivalSamples=30 arrivalAvgMs=33.3 arrivalP95Ms=58.3 arrivalMaxMs=58.3 sameArrival=1 tickGapMax=2 renderFrames=51 interpolation=51 extrapolation=0 extrapolationCapped=0 extrapolationMaxMs=0.0 oldestHeld=0 zeroSpan=3 movingFrozen=0 teleport=0 visualStepAvgCm=0.00 visualStepMaxCm=0.00
[rubber-banding][remote-render] time=107.801 frame=9534 entity=2 latestHostTick=2312 buffer=8 windowMs=1016.7 fps=50.2 snapshots=30 arrivalSamples=30 arrivalAvgMs=33.3 arrivalP95Ms=58.3 arrivalMaxMs=58.3 sameArrival=1 tickGapMax=2 renderFrames=51 interpolation=51 extrapolation=0 extrapolationCapped=0 extrapolationMaxMs=0.0 oldestHeld=0 zeroSpan=3 movingFrozen=1 teleport=0 visualStepAvgCm=5.75 visualStepMaxCm=13.33
[rubber-banding][remote-render] time=107.801 frame=9534 entity=3 latestHostTick=2312 buffer=8 windowMs=1016.7 fps=50.2 snapshots=30 arrivalSamples=30 arrivalAvgMs=33.3 arrivalP95Ms=58.3 arrivalMaxMs=58.3 sameArrival=1 tickGapMax=2 renderFrames=51 interpolation=51 extrapolation=0 extrapolationCapped=0 extrapolationMaxMs=0.0 oldestHeld=0 zeroSpan=3 movingFrozen=0 teleport=0 visualStepAvgCm=0.00 visualStepMaxCm=0.00
[rubber-banding][remote-render] time=108.810 frame=9585 entity=1 latestHostTick=2372 buffer=8 windowMs=1008.3 fps=50.6 snapshots=30 arrivalSamples=30 arrivalAvgMs=33.6 arrivalP95Ms=50.0 arrivalMaxMs=66.7 sameArrival=2 tickGapMax=2 renderFrames=51 interpolation=51 extrapolation=0 extrapolationCapped=0 extrapolationMaxMs=0.0 oldestHeld=0 zeroSpan=2 movingFrozen=0 teleport=0 visualStepAvgCm=0.00 visualStepMaxCm=0.00
[rubber-banding][remote-render] time=108.810 frame=9585 entity=2 latestHostTick=2372 buffer=8 windowMs=1008.3 fps=50.6 snapshots=30 arrivalSamples=30 arrivalAvgMs=33.6 arrivalP95Ms=50.0 arrivalMaxMs=66.7 sameArrival=2 tickGapMax=2 renderFrames=51 interpolation=51 extrapolation=0 extrapolationCapped=0 extrapolationMaxMs=0.0 oldestHeld=0 zeroSpan=2 movingFrozen=0 teleport=0 visualStepAvgCm=7.91 visualStepMaxCm=13.34
[rubber-banding][remote-render] time=108.810 frame=9585 entity=3 latestHostTick=2372 buffer=8 windowMs=1008.3 fps=50.6 snapshots=30 arrivalSamples=30 arrivalAvgMs=33.6 arrivalP95Ms=50.0 arrivalMaxMs=66.7 sameArrival=2 tickGapMax=2 renderFrames=51 interpolation=51 extrapolation=0 extrapolationCapped=0 extrapolationMaxMs=0.0 oldestHeld=0 zeroSpan=2 movingFrozen=0 teleport=0 visualStepAvgCm=0.00 visualStepMaxCm=0.00
[rubber-banding][remote-render] time=109.818 frame=9634 entity=1 latestHostTick=2434 buffer=8 windowMs=1008.3 fps=48.6 snapshots=31 arrivalSamples=31 arrivalAvgMs=33.1 arrivalP95Ms=50.0 arrivalMaxMs=66.7 sameArrival=1 tickGapMax=2 renderFrames=49 interpolation=49 extrapolation=0 extrapolationCapped=0 extrapolationMaxMs=0.0 oldestHeld=0 zeroSpan=3 movingFrozen=0 teleport=0 visualStepAvgCm=0.00 visualStepMaxCm=0.00
[rubber-banding][remote-render] time=109.818 frame=9634 entity=2 latestHostTick=2434 buffer=8 windowMs=1008.3 fps=48.6 snapshots=31 arrivalSamples=31 arrivalAvgMs=33.1 arrivalP95Ms=50.0 arrivalMaxMs=66.7 sameArrival=1 tickGapMax=2 renderFrames=49 interpolation=49 extrapolation=0 extrapolationCapped=0 extrapolationMaxMs=0.0 oldestHeld=0 zeroSpan=3 movingFrozen=0 teleport=0 visualStepAvgCm=7.00 visualStepMaxCm=13.34
[rubber-banding][remote-render] time=109.818 frame=9634 entity=3 latestHostTick=2434 buffer=8 windowMs=1008.3 fps=48.6 snapshots=31 arrivalSamples=31 arrivalAvgMs=33.1 arrivalP95Ms=50.0 arrivalMaxMs=66.7 sameArrival=1 tickGapMax=2 renderFrames=49 interpolation=49 extrapolation=0 extrapolationCapped=0 extrapolationMaxMs=0.0 oldestHeld=0 zeroSpan=3 movingFrozen=0 teleport=0 visualStepAvgCm=0.00 visualStepMaxCm=0.00
[rubber-banding][remote-render] time=110.826 frame=9686 entity=1 latestHostTick=2494 buffer=8 windowMs=1008.3 fps=51.6 snapshots=30 arrivalSamples=30 arrivalAvgMs=33.6 arrivalP95Ms=58.3 arrivalMaxMs=66.7 sameArrival=0 tickGapMax=2 renderFrames=52 interpolation=52 extrapolation=0 extrapolationCapped=0 extrapolationMaxMs=0.0 oldestHeld=0 zeroSpan=0 movingFrozen=0 teleport=0 visualStepAvgCm=0.00 visualStepMaxCm=0.00
[rubber-banding][remote-render] time=110.826 frame=9686 entity=2 latestHostTick=2494 buffer=8 windowMs=1008.3 fps=51.6 snapshots=30 arrivalSamples=30 arrivalAvgMs=33.6 arrivalP95Ms=58.3 arrivalMaxMs=66.7 sameArrival=0 tickGapMax=2 renderFrames=52 interpolation=52 extrapolation=0 extrapolationCapped=0 extrapolationMaxMs=0.0 oldestHeld=0 zeroSpan=0 movingFrozen=0 teleport=0 visualStepAvgCm=7.72 visualStepMaxCm=13.34
[rubber-banding][remote-render] time=110.826 frame=9686 entity=3 latestHostTick=2494 buffer=8 windowMs=1008.3 fps=51.6 snapshots=30 arrivalSamples=30 arrivalAvgMs=33.6 arrivalP95Ms=58.3 arrivalMaxMs=66.7 sameArrival=0 tickGapMax=2 renderFrames=52 interpolation=52 extrapolation=0 extrapolationCapped=0 extrapolationMaxMs=0.0 oldestHeld=0 zeroSpan=0 movingFrozen=0 teleport=0 visualStepAvgCm=0.00 visualStepMaxCm=0.00
[rubber-banding][remote-render] time=111.843 frame=9738 entity=1 latestHostTick=2554 buffer=8 windowMs=1016.7 fps=51.1 snapshots=30 arrivalSamples=30 arrivalAvgMs=32.8 arrivalP95Ms=41.7 arrivalMaxMs=75.0 sameArrival=1 tickGapMax=2 renderFrames=52 interpolation=52 extrapolation=0 extrapolationCapped=0 extrapolationMaxMs=0.0 oldestHeld=0 zeroSpan=2 movingFrozen=0 teleport=0 visualStepAvgCm=0.00 visualStepMaxCm=0.00
[rubber-banding][remote-render] time=111.843 frame=9738 entity=2 latestHostTick=2554 buffer=8 windowMs=1016.7 fps=51.1 snapshots=30 arrivalSamples=30 arrivalAvgMs=32.8 arrivalP95Ms=41.7 arrivalMaxMs=75.0 sameArrival=1 tickGapMax=2 renderFrames=52 interpolation=52 extrapolation=0 extrapolationCapped=0 extrapolationMaxMs=0.0 oldestHeld=0 zeroSpan=2 movingFrozen=0 teleport=0 visualStepAvgCm=7.81 visualStepMaxCm=13.33
[rubber-banding][remote-render] time=111.843 frame=9738 entity=3 latestHostTick=2554 buffer=8 windowMs=1016.7 fps=51.1 snapshots=30 arrivalSamples=30 arrivalAvgMs=32.8 arrivalP95Ms=41.7 arrivalMaxMs=75.0 sameArrival=1 tickGapMax=2 renderFrames=52 interpolation=52 extrapolation=0 extrapolationCapped=0 extrapolationMaxMs=0.0 oldestHeld=0 zeroSpan=2 movingFrozen=0 teleport=0 visualStepAvgCm=0.00 visualStepMaxCm=0.00
[rubber-banding][remote-render] time=112.851 frame=9786 entity=1 latestHostTick=2616 buffer=8 windowMs=1008.3 fps=47.6 snapshots=31 arrivalSamples=31 arrivalAvgMs=33.6 arrivalP95Ms=58.3 arrivalMaxMs=66.7 sameArrival=5 tickGapMax=2 renderFrames=48 interpolation=48 extrapolation=0 extrapolationCapped=0 extrapolationMaxMs=0.0 oldestHeld=0 zeroSpan=8 movingFrozen=0 teleport=0 visualStepAvgCm=0.00 visualStepMaxCm=0.00
[rubber-banding][remote-render] time=112.851 frame=9786 entity=2 latestHostTick=2616 buffer=8 windowMs=1008.3 fps=47.6 snapshots=31 arrivalSamples=31 arrivalAvgMs=33.6 arrivalP95Ms=58.3 arrivalMaxMs=66.7 sameArrival=5 tickGapMax=2 renderFrames=48 interpolation=48 extrapolation=0 extrapolationCapped=0 extrapolationMaxMs=0.0 oldestHeld=0 zeroSpan=8 movingFrozen=1 teleport=0 visualStepAvgCm=5.99 visualStepMaxCm=20.00
[rubber-banding][remote-render] time=112.851 frame=9786 entity=3 latestHostTick=2616 buffer=8 windowMs=1008.3 fps=47.6 snapshots=31 arrivalSamples=31 arrivalAvgMs=33.6 arrivalP95Ms=58.3 arrivalMaxMs=66.7 sameArrival=5 tickGapMax=2 renderFrames=48 interpolation=48 extrapolation=0 extrapolationCapped=0 extrapolationMaxMs=0.0 oldestHeld=0 zeroSpan=8 movingFrozen=0 teleport=0 visualStepAvgCm=0.00 visualStepMaxCm=0.00
[rubber-banding][remote-render] time=113.885 frame=9836 entity=1 latestHostTick=2678 buffer=8 windowMs=1033.3 fps=48.4 snapshots=31 arrivalSamples=31 arrivalAvgMs=33.3 arrivalP95Ms=58.3 arrivalMaxMs=66.7 sameArrival=1 tickGapMax=2 renderFrames=50 interpolation=50 extrapolation=0 extrapolationCapped=0 extrapolationMaxMs=0.0 oldestHeld=0 zeroSpan=3 movingFrozen=0 teleport=0 visualStepAvgCm=0.00 visualStepMaxCm=0.00
[rubber-banding][remote-render] time=113.885 frame=9836 entity=2 latestHostTick=2678 buffer=8 windowMs=1033.3 fps=48.4 snapshots=31 arrivalSamples=31 arrivalAvgMs=33.3 arrivalP95Ms=58.3 arrivalMaxMs=66.7 sameArrival=1 tickGapMax=2 renderFrames=50 interpolation=50 extrapolation=0 extrapolationCapped=0 extrapolationMaxMs=0.0 oldestHeld=0 zeroSpan=3 movingFrozen=0 teleport=0 visualStepAvgCm=8.05 visualStepMaxCm=23.33
[rubber-banding][remote-render] time=113.885 frame=9836 entity=3 latestHostTick=2678 buffer=8 windowMs=1033.3 fps=48.4 snapshots=31 arrivalSamples=31 arrivalAvgMs=33.3 arrivalP95Ms=58.3 arrivalMaxMs=66.7 sameArrival=1 tickGapMax=2 renderFrames=50 interpolation=50 extrapolation=0 extrapolationCapped=0 extrapolationMaxMs=0.0 oldestHeld=0 zeroSpan=3 movingFrozen=0 teleport=0 visualStepAvgCm=0.00 visualStepMaxCm=0.00
[rubber-banding][remote-render] time=114.901 frame=9888 entity=1 latestHostTick=2738 buffer=8 windowMs=1016.7 fps=51.1 snapshots=30 arrivalSamples=30 arrivalAvgMs=33.9 arrivalP95Ms=58.3 arrivalMaxMs=66.7 sameArrival=1 tickGapMax=2 renderFrames=52 interpolation=52 extrapolation=0 extrapolationCapped=0 extrapolationMaxMs=0.0 oldestHeld=0 zeroSpan=2 movingFrozen=0 teleport=0 visualStepAvgCm=0.00 visualStepMaxCm=0.00
[rubber-banding][remote-render] time=114.901 frame=9888 entity=2 latestHostTick=2738 buffer=8 windowMs=1016.7 fps=51.1 snapshots=30 arrivalSamples=30 arrivalAvgMs=33.9 arrivalP95Ms=58.3 arrivalMaxMs=66.7 sameArrival=1 tickGapMax=2 renderFrames=52 interpolation=52 extrapolation=0 extrapolationCapped=0 extrapolationMaxMs=0.0 oldestHeld=0 zeroSpan=2 movingFrozen=0 teleport=0 visualStepAvgCm=7.05 visualStepMaxCm=16.67
[rubber-banding][remote-render] time=114.901 frame=9888 entity=3 latestHostTick=2738 buffer=8 windowMs=1016.7 fps=51.1 snapshots=30 arrivalSamples=30 arrivalAvgMs=33.9 arrivalP95Ms=58.3 arrivalMaxMs=66.7 sameArrival=1 tickGapMax=2 renderFrames=52 interpolation=52 extrapolation=0 extrapolationCapped=0 extrapolationMaxMs=0.0 oldestHeld=0 zeroSpan=2 movingFrozen=0 teleport=0 visualStepAvgCm=0.00 visualStepMaxCm=0.00
[rubber-banding][remote-render] time=115.926 frame=9939 entity=1 latestHostTick=2800 buffer=8 windowMs=1025.0 fps=49.8 snapshots=31 arrivalSamples=31 arrivalAvgMs=33.1 arrivalP95Ms=66.7 arrivalMaxMs=75.0 sameArrival=3 tickGapMax=2 renderFrames=51 interpolation=51 extrapolation=0 extrapolationCapped=0 extrapolationMaxMs=0.0 oldestHeld=0 zeroSpan=3 movingFrozen=0 teleport=0 visualStepAvgCm=0.00 visualStepMaxCm=0.00
[rubber-banding][remote-render] time=115.926 frame=9939 entity=2 latestHostTick=2800 buffer=8 windowMs=1025.0 fps=49.8 snapshots=31 arrivalSamples=31 arrivalAvgMs=33.1 arrivalP95Ms=66.7 arrivalMaxMs=75.0 sameArrival=3 tickGapMax=2 renderFrames=51 interpolation=51 extrapolation=0 extrapolationCapped=0 extrapolationMaxMs=0.0 oldestHeld=0 zeroSpan=3 movingFrozen=0 teleport=0 visualStepAvgCm=8.04 visualStepMaxCm=16.67
[rubber-banding][remote-render] time=115.926 frame=9939 entity=3 latestHostTick=2800 buffer=8 windowMs=1025.0 fps=49.8 snapshots=31 arrivalSamples=31 arrivalAvgMs=33.1 arrivalP95Ms=66.7 arrivalMaxMs=75.0 sameArrival=3 tickGapMax=2 renderFrames=51 interpolation=51 extrapolation=0 extrapolationCapped=0 extrapolationMaxMs=0.0 oldestHeld=0 zeroSpan=3 movingFrozen=0 teleport=0 visualStepAvgCm=0.00 visualStepMaxCm=0.00
[rubber-banding][remote-render] time=116.951 frame=9993 entity=1 latestHostTick=2862 buffer=8 windowMs=1025.0 fps=52.7 snapshots=31 arrivalSamples=31 arrivalAvgMs=33.1 arrivalP95Ms=58.3 arrivalMaxMs=66.7 sameArrival=1 tickGapMax=2 renderFrames=54 interpolation=54 extrapolation=0 extrapolationCapped=0 extrapolationMaxMs=0.0 oldestHeld=0 zeroSpan=2 movingFrozen=0 teleport=0 visualStepAvgCm=0.00 visualStepMaxCm=0.00
[rubber-banding][remote-render] time=116.951 frame=9993 entity=2 latestHostTick=2862 buffer=8 windowMs=1025.0 fps=52.7 snapshots=31 arrivalSamples=31 arrivalAvgMs=33.1 arrivalP95Ms=58.3 arrivalMaxMs=66.7 sameArrival=1 tickGapMax=2 renderFrames=54 interpolation=54 extrapolation=0 extrapolationCapped=0 extrapolationMaxMs=0.0 oldestHeld=0 zeroSpan=2 movingFrozen=0 teleport=0 visualStepAvgCm=7.28 visualStepMaxCm=13.33
[rubber-banding][remote-render] time=116.951 frame=9993 entity=3 latestHostTick=2862 buffer=8 windowMs=1025.0 fps=52.7 snapshots=31 arrivalSamples=31 arrivalAvgMs=33.1 arrivalP95Ms=58.3 arrivalMaxMs=66.7 sameArrival=1 tickGapMax=2 renderFrames=54 interpolation=54 extrapolation=0 extrapolationCapped=0 extrapolationMaxMs=0.0 oldestHeld=0 zeroSpan=2 movingFrozen=0 teleport=0 visualStepAvgCm=0.00 visualStepMaxCm=0.00
[rubber-banding][remote-render] time=117.968 frame=10045 entity=1 latestHostTick=2922 buffer=8 windowMs=1016.7 fps=51.1 snapshots=30 arrivalSamples=30 arrivalAvgMs=33.9 arrivalP95Ms=58.3 arrivalMaxMs=58.3 sameArrival=1 tickGapMax=2 renderFrames=52 interpolation=52 extrapolation=0 extrapolationCapped=0 extrapolationMaxMs=0.0 oldestHeld=0 zeroSpan=1 movingFrozen=0 teleport=0 visualStepAvgCm=0.00 visualStepMaxCm=0.00
[rubber-banding][remote-render] time=117.968 frame=10045 entity=2 latestHostTick=2922 buffer=8 windowMs=1016.7 fps=51.1 snapshots=30 arrivalSamples=30 arrivalAvgMs=33.9 arrivalP95Ms=58.3 arrivalMaxMs=58.3 sameArrival=1 tickGapMax=2 renderFrames=52 interpolation=52 extrapolation=0 extrapolationCapped=0 extrapolationMaxMs=0.0 oldestHeld=0 zeroSpan=1 movingFrozen=0 teleport=0 visualStepAvgCm=7.79 visualStepMaxCm=13.34
[rubber-banding][remote-render] time=117.968 frame=10045 entity=3 latestHostTick=2922 buffer=8 windowMs=1016.7 fps=51.1 snapshots=30 arrivalSamples=30 arrivalAvgMs=33.9 arrivalP95Ms=58.3 arrivalMaxMs=58.3 sameArrival=1 tickGapMax=2 renderFrames=52 interpolation=52 extrapolation=0 extrapolationCapped=0 extrapolationMaxMs=0.0 oldestHeld=0 zeroSpan=1 movingFrozen=0 teleport=0 visualStepAvgCm=0.00 visualStepMaxCm=0.00
[rubber-banding][remote-render] time=118.976 frame=10097 entity=1 latestHostTick=2984 buffer=8 windowMs=1008.3 fps=51.6 snapshots=31 arrivalSamples=31 arrivalAvgMs=32.5 arrivalP95Ms=58.3 arrivalMaxMs=75.0 sameArrival=2 tickGapMax=2 renderFrames=52 interpolation=52 extrapolation=0 extrapolationCapped=0 extrapolationMaxMs=0.0 oldestHeld=0 zeroSpan=2 movingFrozen=0 teleport=0 visualStepAvgCm=0.00 visualStepMaxCm=0.00
[rubber-banding][remote-render] time=118.976 frame=10097 entity=2 latestHostTick=2984 buffer=8 windowMs=1008.3 fps=51.6 snapshots=31 arrivalSamples=31 arrivalAvgMs=32.5 arrivalP95Ms=58.3 arrivalMaxMs=75.0 sameArrival=2 tickGapMax=2 renderFrames=52 interpolation=52 extrapolation=0 extrapolationCapped=0 extrapolationMaxMs=0.0 oldestHeld=0 zeroSpan=2 movingFrozen=0 teleport=0 visualStepAvgCm=7.62 visualStepMaxCm=14.77
[rubber-banding][remote-render] time=118.976 frame=10097 entity=3 latestHostTick=2984 buffer=8 windowMs=1008.3 fps=51.6 snapshots=31 arrivalSamples=31 arrivalAvgMs=32.5 arrivalP95Ms=58.3 arrivalMaxMs=75.0 sameArrival=2 tickGapMax=2 renderFrames=52 interpolation=52 extrapolation=0 extrapolationCapped=0 extrapolationMaxMs=0.0 oldestHeld=0 zeroSpan=2 movingFrozen=0 teleport=0 visualStepAvgCm=0.00 visualStepMaxCm=0.00
[rubber-banding][remote-render] time=120.001 frame=10150 entity=1 latestHostTick=3044 buffer=8 windowMs=1025.0 fps=51.7 snapshots=30 arrivalSamples=30 arrivalAvgMs=34.2 arrivalP95Ms=58.3 arrivalMaxMs=66.7 sameArrival=3 tickGapMax=2 renderFrames=53 interpolation=53 extrapolation=0 extrapolationCapped=0 extrapolationMaxMs=0.0 oldestHeld=0 zeroSpan=7 movingFrozen=0 teleport=0 visualStepAvgCm=0.00 visualStepMaxCm=0.00
[rubber-banding][remote-render] time=120.001 frame=10150 entity=2 latestHostTick=3044 buffer=8 windowMs=1025.0 fps=51.7 snapshots=30 arrivalSamples=30 arrivalAvgMs=34.2 arrivalP95Ms=58.3 arrivalMaxMs=66.7 sameArrival=3 tickGapMax=2 renderFrames=53 interpolation=53 extrapolation=0 extrapolationCapped=0 extrapolationMaxMs=0.0 oldestHeld=0 zeroSpan=7 movingFrozen=1 teleport=0 visualStepAvgCm=5.68 visualStepMaxCm=20.00
[rubber-banding][remote-render] time=120.001 frame=10150 entity=3 latestHostTick=3044 buffer=8 windowMs=1025.0 fps=51.7 snapshots=30 arrivalSamples=30 arrivalAvgMs=34.2 arrivalP95Ms=58.3 arrivalMaxMs=66.7 sameArrival=3 tickGapMax=2 renderFrames=53 interpolation=53 extrapolation=0 extrapolationCapped=0 extrapolationMaxMs=0.0 oldestHeld=0 zeroSpan=7 movingFrozen=0 teleport=0 visualStepAvgCm=0.00 visualStepMaxCm=0.00
[rubber-banding][remote-render] time=121.018 frame=10203 entity=1 latestHostTick=3106 buffer=8 windowMs=1016.7 fps=52.1 snapshots=31 arrivalSamples=31 arrivalAvgMs=32.8 arrivalP95Ms=58.3 arrivalMaxMs=66.7 sameArrival=1 tickGapMax=2 renderFrames=53 interpolation=53 extrapolation=0 extrapolationCapped=0 extrapolationMaxMs=0.0 oldestHeld=0 zeroSpan=2 movingFrozen=0 teleport=0 visualStepAvgCm=0.00 visualStepMaxCm=0.00
[rubber-banding][remote-render] time=121.018 frame=10203 entity=2 latestHostTick=3106 buffer=8 windowMs=1016.7 fps=52.1 snapshots=31 arrivalSamples=31 arrivalAvgMs=32.8 arrivalP95Ms=58.3 arrivalMaxMs=66.7 sameArrival=1 tickGapMax=2 renderFrames=53 interpolation=53 extrapolation=0 extrapolationCapped=0 extrapolationMaxMs=0.0 oldestHeld=0 zeroSpan=2 movingFrozen=0 teleport=0 visualStepAvgCm=5.38 visualStepMaxCm=12.79
[rubber-banding][remote-render] time=121.018 frame=10203 entity=3 latestHostTick=3106 buffer=8 windowMs=1016.7 fps=52.1 snapshots=31 arrivalSamples=31 arrivalAvgMs=32.8 arrivalP95Ms=58.3 arrivalMaxMs=66.7 sameArrival=1 tickGapMax=2 renderFrames=53 interpolation=53 extrapolation=0 extrapolationCapped=0 extrapolationMaxMs=0.0 oldestHeld=0 zeroSpan=2 movingFrozen=0 teleport=0 visualStepAvgCm=0.00 visualStepMaxCm=0.00
[rubber-banding][remote-render] time=122.043 frame=10255 entity=1 latestHostTick=3166 buffer=8 windowMs=1025.0 fps=50.7 snapshots=30 arrivalSamples=30 arrivalAvgMs=34.2 arrivalP95Ms=58.3 arrivalMaxMs=58.3 sameArrival=0 tickGapMax=2 renderFrames=52 interpolation=52 extrapolation=0 extrapolationCapped=0 extrapolationMaxMs=0.0 oldestHeld=0 zeroSpan=0 movingFrozen=0 teleport=0 visualStepAvgCm=0.00 visualStepMaxCm=0.00
[rubber-banding][remote-render] time=122.043 frame=10255 entity=2 latestHostTick=3166 buffer=8 windowMs=1025.0 fps=50.7 snapshots=30 arrivalSamples=30 arrivalAvgMs=34.2 arrivalP95Ms=58.3 arrivalMaxMs=58.3 sameArrival=0 tickGapMax=2 renderFrames=52 interpolation=52 extrapolation=0 extrapolationCapped=0 extrapolationMaxMs=0.0 oldestHeld=0 zeroSpan=0 movingFrozen=0 teleport=0 visualStepAvgCm=7.79 visualStepMaxCm=13.33
[rubber-banding][remote-render] time=122.043 frame=10255 entity=3 latestHostTick=3166 buffer=8 windowMs=1025.0 fps=50.7 snapshots=30 arrivalSamples=30 arrivalAvgMs=34.2 arrivalP95Ms=58.3 arrivalMaxMs=58.3 sameArrival=0 tickGapMax=2 renderFrames=52 interpolation=52 extrapolation=0 extrapolationCapped=0 extrapolationMaxMs=0.0 oldestHeld=0 zeroSpan=0 movingFrozen=0 teleport=0 visualStepAvgCm=0.00 visualStepMaxCm=0.00
[rubber-banding][remote-render] time=123.059 frame=10306 entity=1 latestHostTick=3228 buffer=8 windowMs=1016.7 fps=50.2 snapshots=31 arrivalSamples=31 arrivalAvgMs=32.3 arrivalP95Ms=58.3 arrivalMaxMs=58.3 sameArrival=1 tickGapMax=2 renderFrames=51 interpolation=51 extrapolation=0 extrapolationCapped=0 extrapolationMaxMs=0.0 oldestHeld=0 zeroSpan=1 movingFrozen=0 teleport=0 visualStepAvgCm=0.00 visualStepMaxCm=0.00
[rubber-banding][remote-render] time=123.059 frame=10306 entity=2 latestHostTick=3228 buffer=8 windowMs=1016.7 fps=50.2 snapshots=31 arrivalSamples=31 arrivalAvgMs=32.3 arrivalP95Ms=58.3 arrivalMaxMs=58.3 sameArrival=1 tickGapMax=2 renderFrames=51 interpolation=51 extrapolation=0 extrapolationCapped=0 extrapolationMaxMs=0.0 oldestHeld=0 zeroSpan=1 movingFrozen=0 teleport=0 visualStepAvgCm=7.90 visualStepMaxCm=16.67
[rubber-banding][remote-render] time=123.059 frame=10306 entity=3 latestHostTick=3228 buffer=8 windowMs=1016.7 fps=50.2 snapshots=31 arrivalSamples=31 arrivalAvgMs=32.3 arrivalP95Ms=58.3 arrivalMaxMs=58.3 sameArrival=1 tickGapMax=2 renderFrames=51 interpolation=51 extrapolation=0 extrapolationCapped=0 extrapolationMaxMs=0.0 oldestHeld=0 zeroSpan=1 movingFrozen=0 teleport=0 visualStepAvgCm=0.00 visualStepMaxCm=0.00
[rubber-banding][remote-render] time=124.068 frame=10357 entity=1 latestHostTick=3288 buffer=8 windowMs=1008.3 fps=50.6 snapshots=30 arrivalSamples=30 arrivalAvgMs=33.3 arrivalP95Ms=50.0 arrivalMaxMs=66.7 sameArrival=0 tickGapMax=2 renderFrames=51 interpolation=51 extrapolation=0 extrapolationCapped=0 extrapolationMaxMs=0.0 oldestHeld=0 zeroSpan=0 movingFrozen=0 teleport=0 visualStepAvgCm=0.00 visualStepMaxCm=0.00
[rubber-banding][remote-render] time=124.068 frame=10357 entity=2 latestHostTick=3288 buffer=8 windowMs=1008.3 fps=50.6 snapshots=30 arrivalSamples=30 arrivalAvgMs=33.3 arrivalP95Ms=50.0 arrivalMaxMs=66.7 sameArrival=0 tickGapMax=2 renderFrames=51 interpolation=51 extrapolation=0 extrapolationCapped=0 extrapolationMaxMs=0.0 oldestHeld=0 zeroSpan=0 movingFrozen=0 teleport=0 visualStepAvgCm=7.83 visualStepMaxCm=16.67
[rubber-banding][remote-render] time=124.068 frame=10357 entity=3 latestHostTick=3288 buffer=8 windowMs=1008.3 fps=50.6 snapshots=30 arrivalSamples=30 arrivalAvgMs=33.3 arrivalP95Ms=50.0 arrivalMaxMs=66.7 sameArrival=0 tickGapMax=2 renderFrames=51 interpolation=51 extrapolation=0 extrapolationCapped=0 extrapolationMaxMs=0.0 oldestHeld=0 zeroSpan=0 movingFrozen=0 teleport=0 visualStepAvgCm=0.00 visualStepMaxCm=0.00
[rubber-banding][remote-render] time=125.084 frame=10406 entity=1 latestHostTick=3348 buffer=8 windowMs=1016.7 fps=48.2 snapshots=30 arrivalSamples=30 arrivalAvgMs=34.2 arrivalP95Ms=58.3 arrivalMaxMs=66.7 sameArrival=3 tickGapMax=2 renderFrames=49 interpolation=49 extrapolation=0 extrapolationCapped=0 extrapolationMaxMs=0.0 oldestHeld=0 zeroSpan=2 movingFrozen=0 teleport=0 visualStepAvgCm=0.00 visualStepMaxCm=0.00
[rubber-banding][remote-render] time=125.084 frame=10406 entity=2 latestHostTick=3348 buffer=8 windowMs=1016.7 fps=48.2 snapshots=30 arrivalSamples=30 arrivalAvgMs=34.2 arrivalP95Ms=58.3 arrivalMaxMs=66.7 sameArrival=3 tickGapMax=2 renderFrames=49 interpolation=49 extrapolation=0 extrapolationCapped=0 extrapolationMaxMs=0.0 oldestHeld=0 zeroSpan=2 movingFrozen=0 teleport=0 visualStepAvgCm=8.24 visualStepMaxCm=18.92
[rubber-banding][remote-render] time=125.084 frame=10406 entity=3 latestHostTick=3348 buffer=8 windowMs=1016.7 fps=48.2 snapshots=30 arrivalSamples=30 arrivalAvgMs=34.2 arrivalP95Ms=58.3 arrivalMaxMs=66.7 sameArrival=3 tickGapMax=2 renderFrames=49 interpolation=49 extrapolation=0 extrapolationCapped=0 extrapolationMaxMs=0.0 oldestHeld=0 zeroSpan=2 movingFrozen=0 teleport=0 visualStepAvgCm=0.00 visualStepMaxCm=0.00
[rubber-banding][remote-render] time=126.101 frame=10460 entity=1 latestHostTick=3410 buffer=8 windowMs=1016.7 fps=53.1 snapshots=31 arrivalSamples=31 arrivalAvgMs=32.8 arrivalP95Ms=58.3 arrivalMaxMs=58.3 sameArrival=1 tickGapMax=2 renderFrames=54 interpolation=54 extrapolation=0 extrapolationCapped=0 extrapolationMaxMs=0.0 oldestHeld=0 zeroSpan=2 movingFrozen=0 teleport=0 visualStepAvgCm=0.00 visualStepMaxCm=0.00
[rubber-banding][remote-render] time=126.101 frame=10460 entity=2 latestHostTick=3410 buffer=8 windowMs=1016.7 fps=53.1 snapshots=31 arrivalSamples=31 arrivalAvgMs=32.8 arrivalP95Ms=58.3 arrivalMaxMs=58.3 sameArrival=1 tickGapMax=2 renderFrames=54 interpolation=54 extrapolation=0 extrapolationCapped=0 extrapolationMaxMs=0.0 oldestHeld=0 zeroSpan=2 movingFrozen=0 teleport=0 visualStepAvgCm=7.46 visualStepMaxCm=16.39
[rubber-banding][remote-render] time=126.101 frame=10460 entity=3 latestHostTick=3410 buffer=8 windowMs=1016.7 fps=53.1 snapshots=31 arrivalSamples=31 arrivalAvgMs=32.8 arrivalP95Ms=58.3 arrivalMaxMs=58.3 sameArrival=1 tickGapMax=2 renderFrames=54 interpolation=54 extrapolation=0 extrapolationCapped=0 extrapolationMaxMs=0.0 oldestHeld=0 zeroSpan=2 movingFrozen=0 teleport=0 visualStepAvgCm=0.00 visualStepMaxCm=0.00
[rubber-banding][remote-render] time=127.118 frame=10508 entity=1 latestHostTick=3472 buffer=8 windowMs=1016.7 fps=47.2 snapshots=31 arrivalSamples=31 arrivalAvgMs=33.3 arrivalP95Ms=58.3 arrivalMaxMs=75.0 sameArrival=1 tickGapMax=2 renderFrames=48 interpolation=48 extrapolation=0 extrapolationCapped=0 extrapolationMaxMs=0.0 oldestHeld=0 zeroSpan=1 movingFrozen=0 teleport=0 visualStepAvgCm=0.00 visualStepMaxCm=0.00
[rubber-banding][remote-render] time=127.118 frame=10508 entity=2 latestHostTick=3472 buffer=8 windowMs=1016.7 fps=47.2 snapshots=31 arrivalSamples=31 arrivalAvgMs=33.3 arrivalP95Ms=58.3 arrivalMaxMs=75.0 sameArrival=1 tickGapMax=2 renderFrames=48 interpolation=48 extrapolation=0 extrapolationCapped=0 extrapolationMaxMs=0.0 oldestHeld=0 zeroSpan=1 movingFrozen=0 teleport=0 visualStepAvgCm=8.43 visualStepMaxCm=16.67
[rubber-banding][remote-render] time=127.118 frame=10508 entity=3 latestHostTick=3472 buffer=8 windowMs=1016.7 fps=47.2 snapshots=31 arrivalSamples=31 arrivalAvgMs=33.3 arrivalP95Ms=58.3 arrivalMaxMs=75.0 sameArrival=1 tickGapMax=2 renderFrames=48 interpolation=48 extrapolation=0 extrapolationCapped=0 extrapolationMaxMs=0.0 oldestHeld=0 zeroSpan=1 movingFrozen=0 teleport=0 visualStepAvgCm=0.00 visualStepMaxCm=0.00
[rubber-banding][remote-render] time=128.126 frame=10559 entity=1 latestHostTick=3532 buffer=8 windowMs=1008.3 fps=50.6 snapshots=30 arrivalSamples=30 arrivalAvgMs=33.6 arrivalP95Ms=58.3 arrivalMaxMs=58.3 sameArrival=0 tickGapMax=2 renderFrames=51 interpolation=51 extrapolation=0 extrapolationCapped=0 extrapolationMaxMs=0.0 oldestHeld=0 zeroSpan=0 movingFrozen=0 teleport=0 visualStepAvgCm=0.00 visualStepMaxCm=0.00
[rubber-banding][remote-render] time=128.126 frame=10559 entity=2 latestHostTick=3532 buffer=8 windowMs=1008.3 fps=50.6 snapshots=30 arrivalSamples=30 arrivalAvgMs=33.6 arrivalP95Ms=58.3 arrivalMaxMs=58.3 sameArrival=0 tickGapMax=2 renderFrames=51 interpolation=51 extrapolation=0 extrapolationCapped=0 extrapolationMaxMs=0.0 oldestHeld=0 zeroSpan=0 movingFrozen=0 teleport=0 visualStepAvgCm=7.85 visualStepMaxCm=16.67
[rubber-banding][remote-render] time=128.126 frame=10559 entity=3 latestHostTick=3532 buffer=8 windowMs=1008.3 fps=50.6 snapshots=30 arrivalSamples=30 arrivalAvgMs=33.6 arrivalP95Ms=58.3 arrivalMaxMs=58.3 sameArrival=0 tickGapMax=2 renderFrames=51 interpolation=51 extrapolation=0 extrapolationCapped=0 extrapolationMaxMs=0.0 oldestHeld=0 zeroSpan=0 movingFrozen=0 teleport=0 visualStepAvgCm=0.00 visualStepMaxCm=0.00
[rubber-banding][remote-render] time=129.134 frame=10611 entity=1 latestHostTick=3592 buffer=8 windowMs=1008.3 fps=51.6 snapshots=30 arrivalSamples=30 arrivalAvgMs=33.6 arrivalP95Ms=50.0 arrivalMaxMs=66.7 sameArrival=1 tickGapMax=2 renderFrames=52 interpolation=52 extrapolation=0 extrapolationCapped=0 extrapolationMaxMs=0.0 oldestHeld=0 zeroSpan=1 movingFrozen=0 teleport=0 visualStepAvgCm=0.00 visualStepMaxCm=0.00
[rubber-banding][remote-render] time=129.134 frame=10611 entity=2 latestHostTick=3592 buffer=8 windowMs=1008.3 fps=51.6 snapshots=30 arrivalSamples=30 arrivalAvgMs=33.6 arrivalP95Ms=50.0 arrivalMaxMs=66.7 sameArrival=1 tickGapMax=2 renderFrames=52 interpolation=52 extrapolation=0 extrapolationCapped=0 extrapolationMaxMs=0.0 oldestHeld=0 zeroSpan=1 movingFrozen=0 teleport=0 visualStepAvgCm=7.70 visualStepMaxCm=13.34
[rubber-banding][remote-render] time=129.134 frame=10611 entity=3 latestHostTick=3592 buffer=8 windowMs=1008.3 fps=51.6 snapshots=30 arrivalSamples=30 arrivalAvgMs=33.6 arrivalP95Ms=50.0 arrivalMaxMs=66.7 sameArrival=1 tickGapMax=2 renderFrames=52 interpolation=52 extrapolation=0 extrapolationCapped=0 extrapolationMaxMs=0.0 oldestHeld=0 zeroSpan=1 movingFrozen=0 teleport=0 visualStepAvgCm=0.00 visualStepMaxCm=0.00
[rubber-banding][remote-render] time=130.143 frame=10661 entity=1 latestHostTick=3652 buffer=8 windowMs=1008.3 fps=49.6 snapshots=30 arrivalSamples=30 arrivalAvgMs=33.1 arrivalP95Ms=50.0 arrivalMaxMs=75.0 sameArrival=0 tickGapMax=2 renderFrames=50 interpolation=50 extrapolation=0 extrapolationCapped=0 extrapolationMaxMs=0.0 oldestHeld=0 zeroSpan=0 movingFrozen=0 teleport=0 visualStepAvgCm=0.00 visualStepMaxCm=0.00
[rubber-banding][remote-render] time=130.143 frame=10661 entity=2 latestHostTick=3652 buffer=8 windowMs=1008.3 fps=49.6 snapshots=30 arrivalSamples=30 arrivalAvgMs=33.1 arrivalP95Ms=50.0 arrivalMaxMs=75.0 sameArrival=0 tickGapMax=2 renderFrames=50 interpolation=50 extrapolation=0 extrapolationCapped=0 extrapolationMaxMs=0.0 oldestHeld=0 zeroSpan=0 movingFrozen=0 teleport=0 visualStepAvgCm=8.03 visualStepMaxCm=16.67
[rubber-banding][remote-render] time=130.143 frame=10661 entity=3 latestHostTick=3652 buffer=8 windowMs=1008.3 fps=49.6 snapshots=30 arrivalSamples=30 arrivalAvgMs=33.1 arrivalP95Ms=50.0 arrivalMaxMs=75.0 sameArrival=0 tickGapMax=2 renderFrames=50 interpolation=50 extrapolation=0 extrapolationCapped=0 extrapolationMaxMs=0.0 oldestHeld=0 zeroSpan=0 movingFrozen=0 teleport=0 visualStepAvgCm=0.00 visualStepMaxCm=0.00
[rubber-banding][remote-render] time=131.143 frame=10708 entity=1 latestHostTick=3712 buffer=8 windowMs=1000.0 fps=47.0 snapshots=30 arrivalSamples=30 arrivalAvgMs=33.1 arrivalP95Ms=66.7 arrivalMaxMs=66.7 sameArrival=3 tickGapMax=2 renderFrames=47 interpolation=47 extrapolation=0 extrapolationCapped=0 extrapolationMaxMs=0.0 oldestHeld=0 zeroSpan=6 movingFrozen=0 teleport=0 visualStepAvgCm=0.00 visualStepMaxCm=0.00
[rubber-banding][remote-render] time=131.143 frame=10708 entity=2 latestHostTick=3712 buffer=8 windowMs=1000.0 fps=47.0 snapshots=30 arrivalSamples=30 arrivalAvgMs=33.1 arrivalP95Ms=66.7 arrivalMaxMs=66.7 sameArrival=3 tickGapMax=2 renderFrames=47 interpolation=47 extrapolation=0 extrapolationCapped=0 extrapolationMaxMs=0.0 oldestHeld=0 zeroSpan=6 movingFrozen=0 teleport=0 visualStepAvgCm=8.48 visualStepMaxCm=16.67
[rubber-banding][remote-render] time=131.143 frame=10708 entity=3 latestHostTick=3712 buffer=8 windowMs=1000.0 fps=47.0 snapshots=30 arrivalSamples=30 arrivalAvgMs=33.1 arrivalP95Ms=66.7 arrivalMaxMs=66.7 sameArrival=3 tickGapMax=2 renderFrames=47 interpolation=47 extrapolation=0 extrapolationCapped=0 extrapolationMaxMs=0.0 oldestHeld=0 zeroSpan=6 movingFrozen=0 teleport=0 visualStepAvgCm=0.00 visualStepMaxCm=0.00
[rubber-banding][remote-render] time=132.159 frame=10763 entity=1 latestHostTick=3774 buffer=8 windowMs=1016.6 fps=54.1 snapshots=31 arrivalSamples=31 arrivalAvgMs=33.6 arrivalP95Ms=66.7 arrivalMaxMs=75.0 sameArrival=1 tickGapMax=2 renderFrames=55 interpolation=55 extrapolation=0 extrapolationCapped=0 extrapolationMaxMs=0.0 oldestHeld=0 zeroSpan=1 movingFrozen=0 teleport=0 visualStepAvgCm=0.00 visualStepMaxCm=0.00
[rubber-banding][remote-render] time=132.159 frame=10763 entity=2 latestHostTick=3774 buffer=8 windowMs=1016.6 fps=54.1 snapshots=31 arrivalSamples=31 arrivalAvgMs=33.6 arrivalP95Ms=66.7 arrivalMaxMs=75.0 sameArrival=1 tickGapMax=2 renderFrames=55 interpolation=55 extrapolation=0 extrapolationCapped=0 extrapolationMaxMs=0.0 oldestHeld=0 zeroSpan=1 movingFrozen=0 teleport=0 visualStepAvgCm=7.31 visualStepMaxCm=13.34
[rubber-banding][remote-render] time=132.159 frame=10763 entity=3 latestHostTick=3774 buffer=8 windowMs=1016.6 fps=54.1 snapshots=31 arrivalSamples=31 arrivalAvgMs=33.6 arrivalP95Ms=66.7 arrivalMaxMs=75.0 sameArrival=1 tickGapMax=2 renderFrames=55 interpolation=55 extrapolation=0 extrapolationCapped=0 extrapolationMaxMs=0.0 oldestHeld=0 zeroSpan=1 movingFrozen=0 teleport=0 visualStepAvgCm=0.00 visualStepMaxCm=0.00
[rubber-banding][remote-render] time=133.159 frame=10811 entity=1 latestHostTick=3832 buffer=8 windowMs=1000.0 fps=48.0 snapshots=29 arrivalSamples=29 arrivalAvgMs=33.0 arrivalP95Ms=58.3 arrivalMaxMs=66.7 sameArrival=2 tickGapMax=2 renderFrames=48 interpolation=48 extrapolation=0 extrapolationCapped=0 extrapolationMaxMs=0.0 oldestHeld=0 zeroSpan=1 movingFrozen=0 teleport=0 visualStepAvgCm=0.00 visualStepMaxCm=0.00
[rubber-banding][remote-render] time=133.159 frame=10811 entity=2 latestHostTick=3832 buffer=8 windowMs=1000.0 fps=48.0 snapshots=29 arrivalSamples=29 arrivalAvgMs=33.0 arrivalP95Ms=58.3 arrivalMaxMs=66.7 sameArrival=2 tickGapMax=2 renderFrames=48 interpolation=48 extrapolation=0 extrapolationCapped=0 extrapolationMaxMs=0.0 oldestHeld=0 zeroSpan=1 movingFrozen=0 teleport=0 visualStepAvgCm=8.30 visualStepMaxCm=16.67
[rubber-banding][remote-render] time=133.159 frame=10811 entity=3 latestHostTick=3832 buffer=8 windowMs=1000.0 fps=48.0 snapshots=29 arrivalSamples=29 arrivalAvgMs=33.0 arrivalP95Ms=58.3 arrivalMaxMs=66.7 sameArrival=2 tickGapMax=2 renderFrames=48 interpolation=48 extrapolation=0 extrapolationCapped=0 extrapolationMaxMs=0.0 oldestHeld=0 zeroSpan=1 movingFrozen=0 teleport=0 visualStepAvgCm=0.00 visualStepMaxCm=0.00
[rubber-banding][remote-render] time=134.168 frame=10861 entity=1 latestHostTick=3894 buffer=8 windowMs=1008.3 fps=49.6 snapshots=31 arrivalSamples=31 arrivalAvgMs=33.3 arrivalP95Ms=50.0 arrivalMaxMs=58.3 sameArrival=0 tickGapMax=2 renderFrames=50 interpolation=50 extrapolation=0 extrapolationCapped=0 extrapolationMaxMs=0.0 oldestHeld=0 zeroSpan=2 movingFrozen=0 teleport=0 visualStepAvgCm=0.00 visualStepMaxCm=0.00
[rubber-banding][remote-render] time=134.168 frame=10861 entity=2 latestHostTick=3894 buffer=8 windowMs=1008.3 fps=49.6 snapshots=31 arrivalSamples=31 arrivalAvgMs=33.3 arrivalP95Ms=50.0 arrivalMaxMs=58.3 sameArrival=0 tickGapMax=2 renderFrames=50 interpolation=50 extrapolation=0 extrapolationCapped=0 extrapolationMaxMs=0.0 oldestHeld=0 zeroSpan=2 movingFrozen=0 teleport=0 visualStepAvgCm=7.98 visualStepMaxCm=16.67
[rubber-banding][remote-render] time=134.168 frame=10861 entity=3 latestHostTick=3894 buffer=8 windowMs=1008.3 fps=49.6 snapshots=31 arrivalSamples=31 arrivalAvgMs=33.3 arrivalP95Ms=50.0 arrivalMaxMs=58.3 sameArrival=0 tickGapMax=2 renderFrames=50 interpolation=50 extrapolation=0 extrapolationCapped=0 extrapolationMaxMs=0.0 oldestHeld=0 zeroSpan=2 movingFrozen=0 teleport=0 visualStepAvgCm=0.00 visualStepMaxCm=0.00
[rubber-banding][remote-render] time=135.176 frame=10911 entity=1 latestHostTick=3954 buffer=8 windowMs=1008.3 fps=49.6 snapshots=30 arrivalSamples=30 arrivalAvgMs=33.9 arrivalP95Ms=58.3 arrivalMaxMs=75.0 sameArrival=1 tickGapMax=2 renderFrames=50 interpolation=50 extrapolation=0 extrapolationCapped=0 extrapolationMaxMs=0.0 oldestHeld=0 zeroSpan=2 movingFrozen=0 teleport=0 visualStepAvgCm=0.00 visualStepMaxCm=0.00
[rubber-banding][remote-render] time=135.176 frame=10911 entity=2 latestHostTick=3954 buffer=8 windowMs=1008.3 fps=49.6 snapshots=30 arrivalSamples=30 arrivalAvgMs=33.9 arrivalP95Ms=58.3 arrivalMaxMs=75.0 sameArrival=1 tickGapMax=2 renderFrames=50 interpolation=50 extrapolation=0 extrapolationCapped=0 extrapolationMaxMs=0.0 oldestHeld=0 zeroSpan=2 movingFrozen=0 teleport=0 visualStepAvgCm=8.08 visualStepMaxCm=20.67
[rubber-banding][remote-render] time=135.176 frame=10911 entity=3 latestHostTick=3954 buffer=8 windowMs=1008.3 fps=49.6 snapshots=30 arrivalSamples=30 arrivalAvgMs=33.9 arrivalP95Ms=58.3 arrivalMaxMs=75.0 sameArrival=1 tickGapMax=2 renderFrames=50 interpolation=50 extrapolation=0 extrapolationCapped=0 extrapolationMaxMs=0.0 oldestHeld=0 zeroSpan=2 movingFrozen=0 teleport=0 visualStepAvgCm=0.00 visualStepMaxCm=0.00
[rubber-banding][remote-render] time=136.184 frame=10962 entity=1 latestHostTick=4016 buffer=8 windowMs=1008.3 fps=50.6 snapshots=31 arrivalSamples=31 arrivalAvgMs=32.8 arrivalP95Ms=66.7 arrivalMaxMs=66.7 sameArrival=1 tickGapMax=2 renderFrames=51 interpolation=51 extrapolation=0 extrapolationCapped=0 extrapolationMaxMs=0.0 oldestHeld=0 zeroSpan=2 movingFrozen=0 teleport=0 visualStepAvgCm=0.00 visualStepMaxCm=0.00
[rubber-banding][remote-render] time=136.184 frame=10962 entity=2 latestHostTick=4016 buffer=8 windowMs=1008.3 fps=50.6 snapshots=31 arrivalSamples=31 arrivalAvgMs=32.8 arrivalP95Ms=66.7 arrivalMaxMs=66.7 sameArrival=1 tickGapMax=2 renderFrames=51 interpolation=51 extrapolation=0 extrapolationCapped=0 extrapolationMaxMs=0.0 oldestHeld=0 zeroSpan=2 movingFrozen=0 teleport=0 visualStepAvgCm=6.71 visualStepMaxCm=13.34
[rubber-banding][remote-render] time=136.184 frame=10962 entity=3 latestHostTick=4016 buffer=8 windowMs=1008.3 fps=50.6 snapshots=31 arrivalSamples=31 arrivalAvgMs=32.8 arrivalP95Ms=66.7 arrivalMaxMs=66.7 sameArrival=1 tickGapMax=2 renderFrames=51 interpolation=51 extrapolation=0 extrapolationCapped=0 extrapolationMaxMs=0.0 oldestHeld=0 zeroSpan=2 movingFrozen=0 teleport=0 visualStepAvgCm=0.00 visualStepMaxCm=0.00
[rubber-banding][remote-render] time=137.193 frame=11010 entity=1 latestHostTick=4076 buffer=8 windowMs=1008.3 fps=47.6 snapshots=30 arrivalSamples=30 arrivalAvgMs=33.6 arrivalP95Ms=58.3 arrivalMaxMs=58.3 sameArrival=1 tickGapMax=2 renderFrames=48 interpolation=48 extrapolation=0 extrapolationCapped=0 extrapolationMaxMs=0.0 oldestHeld=0 zeroSpan=2 movingFrozen=0 teleport=0 visualStepAvgCm=0.00 visualStepMaxCm=0.00
[rubber-banding][remote-render] time=137.193 frame=11010 entity=2 latestHostTick=4076 buffer=8 windowMs=1008.3 fps=47.6 snapshots=30 arrivalSamples=30 arrivalAvgMs=33.6 arrivalP95Ms=58.3 arrivalMaxMs=58.3 sameArrival=1 tickGapMax=2 renderFrames=48 interpolation=48 extrapolation=0 extrapolationCapped=0 extrapolationMaxMs=0.0 oldestHeld=0 zeroSpan=2 movingFrozen=0 teleport=0 visualStepAvgCm=7.95 visualStepMaxCm=20.00
[rubber-banding][remote-render] time=137.193 frame=11010 entity=3 latestHostTick=4076 buffer=8 windowMs=1008.3 fps=47.6 snapshots=30 arrivalSamples=30 arrivalAvgMs=33.6 arrivalP95Ms=58.3 arrivalMaxMs=58.3 sameArrival=1 tickGapMax=2 renderFrames=48 interpolation=48 extrapolation=0 extrapolationCapped=0 extrapolationMaxMs=0.0 oldestHeld=0 zeroSpan=2 movingFrozen=0 teleport=0 visualStepAvgCm=0.00 visualStepMaxCm=0.00
[rubber-banding][remote-render] time=138.209 frame=11062 entity=1 latestHostTick=4138 buffer=8 windowMs=1016.6 fps=51.1 snapshots=31 arrivalSamples=31 arrivalAvgMs=32.8 arrivalP95Ms=58.3 arrivalMaxMs=66.7 sameArrival=1 tickGapMax=2 renderFrames=52 interpolation=52 extrapolation=0 extrapolationCapped=0 extrapolationMaxMs=0.0 oldestHeld=0 zeroSpan=2 movingFrozen=0 teleport=0 visualStepAvgCm=0.00 visualStepMaxCm=0.00
[rubber-banding][remote-render] time=138.209 frame=11062 entity=2 latestHostTick=4138 buffer=8 windowMs=1016.6 fps=51.1 snapshots=31 arrivalSamples=31 arrivalAvgMs=32.8 arrivalP95Ms=58.3 arrivalMaxMs=66.7 sameArrival=1 tickGapMax=2 renderFrames=52 interpolation=52 extrapolation=0 extrapolationCapped=0 extrapolationMaxMs=0.0 oldestHeld=0 zeroSpan=2 movingFrozen=0 teleport=0 visualStepAvgCm=0.00 visualStepMaxCm=0.17
[rubber-banding][remote-render] time=138.209 frame=11062 entity=3 latestHostTick=4138 buffer=8 windowMs=1016.6 fps=51.1 snapshots=31 arrivalSamples=31 arrivalAvgMs=32.8 arrivalP95Ms=58.3 arrivalMaxMs=66.7 sameArrival=1 tickGapMax=2 renderFrames=52 interpolation=52 extrapolation=0 extrapolationCapped=0 extrapolationMaxMs=0.0 oldestHeld=0 zeroSpan=2 movingFrozen=0 teleport=0 visualStepAvgCm=0.00 visualStepMaxCm=0.00
[rubber-banding][remote-render] time=139.209 frame=11122 entity=1 latestHostTick=4196 buffer=8 windowMs=1000.0 fps=60.0 snapshots=29 arrivalSamples=29 arrivalAvgMs=33.3 arrivalP95Ms=50.0 arrivalMaxMs=50.1 sameArrival=1 tickGapMax=2 renderFrames=60 interpolation=60 extrapolation=0 extrapolationCapped=0 extrapolationMaxMs=0.0 oldestHeld=0 zeroSpan=0 movingFrozen=0 teleport=0 visualStepAvgCm=0.00 visualStepMaxCm=0.00
[rubber-banding][remote-render] time=139.209 frame=11122 entity=2 latestHostTick=4196 buffer=8 windowMs=1000.0 fps=60.0 snapshots=29 arrivalSamples=29 arrivalAvgMs=33.3 arrivalP95Ms=50.0 arrivalMaxMs=50.1 sameArrival=1 tickGapMax=2 renderFrames=60 interpolation=60 extrapolation=0 extrapolationCapped=0 extrapolationMaxMs=0.0 oldestHeld=0 zeroSpan=0 movingFrozen=0 teleport=0 visualStepAvgCm=0.00 visualStepMaxCm=0.00
[rubber-banding][remote-render] time=139.209 frame=11122 entity=3 latestHostTick=4196 buffer=8 windowMs=1000.0 fps=60.0 snapshots=29 arrivalSamples=29 arrivalAvgMs=33.3 arrivalP95Ms=50.0 arrivalMaxMs=50.1 sameArrival=1 tickGapMax=2 renderFrames=60 interpolation=60 extrapolation=0 extrapolationCapped=0 extrapolationMaxMs=0.0 oldestHeld=0 zeroSpan=0 movingFrozen=0 teleport=0 visualStepAvgCm=0.00 visualStepMaxCm=0.00
[rubber-banding][remote-render] time=140.209 frame=11229 entity=1 latestHostTick=4256 buffer=8 windowMs=1000.0 fps=107.0 snapshots=30 arrivalSamples=30 arrivalAvgMs=33.3 arrivalP95Ms=50.0 arrivalMaxMs=58.3 sameArrival=0 tickGapMax=2 renderFrames=107 interpolation=107 extrapolation=0 extrapolationCapped=0 extrapolationMaxMs=0.0 oldestHeld=0 zeroSpan=3 movingFrozen=0 teleport=0 visualStepAvgCm=0.00 visualStepMaxCm=0.00
[rubber-banding][remote-render] time=140.209 frame=11229 entity=2 latestHostTick=4256 buffer=8 windowMs=1000.0 fps=107.0 snapshots=30 arrivalSamples=30 arrivalAvgMs=33.3 arrivalP95Ms=50.0 arrivalMaxMs=58.3 sameArrival=0 tickGapMax=2 renderFrames=107 interpolation=107 extrapolation=0 extrapolationCapped=0 extrapolationMaxMs=0.0 oldestHeld=0 zeroSpan=3 movingFrozen=0 teleport=0 visualStepAvgCm=0.00 visualStepMaxCm=0.00
[rubber-banding][remote-render] time=140.209 frame=11229 entity=3 latestHostTick=4256 buffer=8 windowMs=1000.0 fps=107.0 snapshots=30 arrivalSamples=30 arrivalAvgMs=33.3 arrivalP95Ms=50.0 arrivalMaxMs=58.3 sameArrival=0 tickGapMax=2 renderFrames=107 interpolation=107 extrapolation=0 extrapolationCapped=0 extrapolationMaxMs=0.0 oldestHeld=0 zeroSpan=3 movingFrozen=0 teleport=0 visualStepAvgCm=0.00 visualStepMaxCm=0.00
[rubber-banding][remote-render] time=141.218 frame=11334 entity=1 latestHostTick=4318 buffer=8 windowMs=1008.3 fps=104.1 snapshots=31 arrivalSamples=31 arrivalAvgMs=33.6 arrivalP95Ms=50.0 arrivalMaxMs=50.0 sameArrival=0 tickGapMax=2 renderFrames=105 interpolation=105 extrapolation=0 extrapolationCapped=0 extrapolationMaxMs=0.0 oldestHeld=0 zeroSpan=0 movingFrozen=0 teleport=0 visualStepAvgCm=0.00 visualStepMaxCm=0.00
[rubber-banding][remote-render] time=141.218 frame=11334 entity=2 latestHostTick=4318 buffer=8 windowMs=1008.3 fps=104.1 snapshots=31 arrivalSamples=31 arrivalAvgMs=33.6 arrivalP95Ms=50.0 arrivalMaxMs=50.0 sameArrival=0 tickGapMax=2 renderFrames=105 interpolation=105 extrapolation=0 extrapolationCapped=0 extrapolationMaxMs=0.0 oldestHeld=0 zeroSpan=0 movingFrozen=0 teleport=0 visualStepAvgCm=0.00 visualStepMaxCm=0.00
[rubber-banding][remote-render] time=141.218 frame=11334 entity=3 latestHostTick=4318 buffer=8 windowMs=1008.3 fps=104.1 snapshots=31 arrivalSamples=31 arrivalAvgMs=33.6 arrivalP95Ms=50.0 arrivalMaxMs=50.0 sameArrival=0 tickGapMax=2 renderFrames=105 interpolation=105 extrapolation=0 extrapolationCapped=0 extrapolationMaxMs=0.0 oldestHeld=0 zeroSpan=0 movingFrozen=0 teleport=0 visualStepAvgCm=0.00 visualStepMaxCm=0.00
[rubber-banding][remote-render] time=142.226 frame=11429 entity=1 latestHostTick=4376 buffer=8 windowMs=1008.3 fps=94.2 snapshots=29 arrivalSamples=29 arrivalAvgMs=33.9 arrivalP95Ms=50.0 arrivalMaxMs=58.3 sameArrival=3 tickGapMax=2 renderFrames=95 interpolation=95 extrapolation=0 extrapolationCapped=0 extrapolationMaxMs=0.0 oldestHeld=0 zeroSpan=7 movingFrozen=0 teleport=0 visualStepAvgCm=0.00 visualStepMaxCm=0.00
[rubber-banding][remote-render] time=142.226 frame=11429 entity=2 latestHostTick=4376 buffer=8 windowMs=1008.3 fps=94.2 snapshots=29 arrivalSamples=29 arrivalAvgMs=33.9 arrivalP95Ms=50.0 arrivalMaxMs=58.3 sameArrival=3 tickGapMax=2 renderFrames=95 interpolation=95 extrapolation=0 extrapolationCapped=0 extrapolationMaxMs=0.0 oldestHeld=0 zeroSpan=7 movingFrozen=0 teleport=0 visualStepAvgCm=0.00 visualStepMaxCm=0.00
[rubber-banding][remote-render] time=142.226 frame=11429 entity=3 latestHostTick=4376 buffer=8 windowMs=1008.3 fps=94.2 snapshots=29 arrivalSamples=29 arrivalAvgMs=33.9 arrivalP95Ms=50.0 arrivalMaxMs=58.3 sameArrival=3 tickGapMax=2 renderFrames=95 interpolation=95 extrapolation=0 extrapolationCapped=0 extrapolationMaxMs=0.0 oldestHeld=0 zeroSpan=7 movingFrozen=0 teleport=0 visualStepAvgCm=0.00 visualStepMaxCm=0.00
[rubber-banding][remote-render] time=143.234 frame=11533 entity=1 latestHostTick=4438 buffer=8 windowMs=1008.3 fps=103.1 snapshots=31 arrivalSamples=31 arrivalAvgMs=32.8 arrivalP95Ms=50.0 arrivalMaxMs=50.0 sameArrival=0 tickGapMax=2 renderFrames=104 interpolation=104 extrapolation=0 extrapolationCapped=0 extrapolationMaxMs=0.0 oldestHeld=0 zeroSpan=0 movingFrozen=0 teleport=0 visualStepAvgCm=0.00 visualStepMaxCm=0.00
[rubber-banding][remote-render] time=143.234 frame=11533 entity=2 latestHostTick=4438 buffer=8 windowMs=1008.3 fps=103.1 snapshots=31 arrivalSamples=31 arrivalAvgMs=32.8 arrivalP95Ms=50.0 arrivalMaxMs=50.0 sameArrival=0 tickGapMax=2 renderFrames=104 interpolation=104 extrapolation=0 extrapolationCapped=0 extrapolationMaxMs=0.0 oldestHeld=0 zeroSpan=0 movingFrozen=0 teleport=0 visualStepAvgCm=0.00 visualStepMaxCm=0.00
[rubber-banding][remote-render] time=143.234 frame=11533 entity=3 latestHostTick=4438 buffer=8 windowMs=1008.3 fps=103.1 snapshots=31 arrivalSamples=31 arrivalAvgMs=32.8 arrivalP95Ms=50.0 arrivalMaxMs=50.0 sameArrival=0 tickGapMax=2 renderFrames=104 interpolation=104 extrapolation=0 extrapolationCapped=0 extrapolationMaxMs=0.0 oldestHeld=0 zeroSpan=0 movingFrozen=0 teleport=0 visualStepAvgCm=0.00 visualStepMaxCm=0.00
[rubber-banding][remote-render] time=144.234 frame=11634 entity=1 latestHostTick=4498 buffer=8 windowMs=1000.0 fps=101.0 snapshots=30 arrivalSamples=30 arrivalAvgMs=33.3 arrivalP95Ms=50.0 arrivalMaxMs=50.0 sameArrival=0 tickGapMax=2 renderFrames=101 interpolation=101 extrapolation=0 extrapolationCapped=0 extrapolationMaxMs=0.0 oldestHeld=0 zeroSpan=0 movingFrozen=0 teleport=0 visualStepAvgCm=0.00 visualStepMaxCm=0.00
[rubber-banding][remote-render] time=144.234 frame=11634 entity=2 latestHostTick=4498 buffer=8 windowMs=1000.0 fps=101.0 snapshots=30 arrivalSamples=30 arrivalAvgMs=33.3 arrivalP95Ms=50.0 arrivalMaxMs=50.0 sameArrival=0 tickGapMax=2 renderFrames=101 interpolation=101 extrapolation=0 extrapolationCapped=0 extrapolationMaxMs=0.0 oldestHeld=0 zeroSpan=0 movingFrozen=0 teleport=0 visualStepAvgCm=0.00 visualStepMaxCm=0.00
[rubber-banding][remote-render] time=144.234 frame=11634 entity=3 latestHostTick=4498 buffer=8 windowMs=1000.0 fps=101.0 snapshots=30 arrivalSamples=30 arrivalAvgMs=33.3 arrivalP95Ms=50.0 arrivalMaxMs=50.0 sameArrival=0 tickGapMax=2 renderFrames=101 interpolation=101 extrapolation=0 extrapolationCapped=0 extrapolationMaxMs=0.0 oldestHeld=0 zeroSpan=0 movingFrozen=0 teleport=0 visualStepAvgCm=0.00 visualStepMaxCm=0.00
[rubber-banding][remote-render] time=145.243 frame=11737 entity=1 latestHostTick=4560 buffer=8 windowMs=1008.3 fps=102.2 snapshots=31 arrivalSamples=31 arrivalAvgMs=33.1 arrivalP95Ms=58.3 arrivalMaxMs=75.0 sameArrival=2 tickGapMax=2 renderFrames=103 interpolation=103 extrapolation=0 extrapolationCapped=0 extrapolationMaxMs=0.0 oldestHeld=0 zeroSpan=6 movingFrozen=0 teleport=0 visualStepAvgCm=0.00 visualStepMaxCm=0.00
[rubber-banding][remote-render] time=145.243 frame=11737 entity=2 latestHostTick=4560 buffer=8 windowMs=1008.3 fps=102.2 snapshots=31 arrivalSamples=31 arrivalAvgMs=33.1 arrivalP95Ms=58.3 arrivalMaxMs=75.0 sameArrival=2 tickGapMax=2 renderFrames=103 interpolation=103 extrapolation=0 extrapolationCapped=0 extrapolationMaxMs=0.0 oldestHeld=0 zeroSpan=6 movingFrozen=0 teleport=0 visualStepAvgCm=0.00 visualStepMaxCm=0.00
[rubber-banding][remote-render] time=145.243 frame=11737 entity=3 latestHostTick=4560 buffer=8 windowMs=1008.3 fps=102.2 snapshots=31 arrivalSamples=31 arrivalAvgMs=33.1 arrivalP95Ms=58.3 arrivalMaxMs=75.0 sameArrival=2 tickGapMax=2 renderFrames=103 interpolation=103 extrapolation=0 extrapolationCapped=0 extrapolationMaxMs=0.0 oldestHeld=0 zeroSpan=6 movingFrozen=0 teleport=0 visualStepAvgCm=0.00 visualStepMaxCm=0.00
[rubber-banding][remote-render] time=146.251 frame=11843 entity=1 latestHostTick=4620 buffer=8 windowMs=1008.3 fps=105.1 snapshots=30 arrivalSamples=30 arrivalAvgMs=33.3 arrivalP95Ms=50.0 arrivalMaxMs=50.0 sameArrival=0 tickGapMax=2 renderFrames=106 interpolation=106 extrapolation=0 extrapolationCapped=0 extrapolationMaxMs=0.0 oldestHeld=0 zeroSpan=0 movingFrozen=0 teleport=0 visualStepAvgCm=0.00 visualStepMaxCm=0.00
[rubber-banding][remote-render] time=146.251 frame=11843 entity=2 latestHostTick=4620 buffer=8 windowMs=1008.3 fps=105.1 snapshots=30 arrivalSamples=30 arrivalAvgMs=33.3 arrivalP95Ms=50.0 arrivalMaxMs=50.0 sameArrival=0 tickGapMax=2 renderFrames=106 interpolation=106 extrapolation=0 extrapolationCapped=0 extrapolationMaxMs=0.0 oldestHeld=0 zeroSpan=0 movingFrozen=0 teleport=0 visualStepAvgCm=0.00 visualStepMaxCm=0.00
[rubber-banding][remote-render] time=146.251 frame=11843 entity=3 latestHostTick=4620 buffer=8 windowMs=1008.3 fps=105.1 snapshots=30 arrivalSamples=30 arrivalAvgMs=33.3 arrivalP95Ms=50.0 arrivalMaxMs=50.0 sameArrival=0 tickGapMax=2 renderFrames=106 interpolation=106 extrapolation=0 extrapolationCapped=0 extrapolationMaxMs=0.0 oldestHeld=0 zeroSpan=0 movingFrozen=0 teleport=0 visualStepAvgCm=0.00 visualStepMaxCm=0.00
[rubber-banding][remote-render] time=147.259 frame=11951 entity=1 latestHostTick=4680 buffer=8 windowMs=1008.3 fps=107.1 snapshots=30 arrivalSamples=30 arrivalAvgMs=33.6 arrivalP95Ms=41.7 arrivalMaxMs=50.0 sameArrival=0 tickGapMax=2 renderFrames=108 interpolation=108 extrapolation=0 extrapolationCapped=0 extrapolationMaxMs=0.0 oldestHeld=0 zeroSpan=0 movingFrozen=0 teleport=0 visualStepAvgCm=0.00 visualStepMaxCm=0.00
[rubber-banding][remote-render] time=147.259 frame=11951 entity=2 latestHostTick=4680 buffer=8 windowMs=1008.3 fps=107.1 snapshots=30 arrivalSamples=30 arrivalAvgMs=33.6 arrivalP95Ms=41.7 arrivalMaxMs=50.0 sameArrival=0 tickGapMax=2 renderFrames=108 interpolation=108 extrapolation=0 extrapolationCapped=0 extrapolationMaxMs=0.0 oldestHeld=0 zeroSpan=0 movingFrozen=0 teleport=0 visualStepAvgCm=0.00 visualStepMaxCm=0.00
[rubber-banding][remote-render] time=147.259 frame=11951 entity=3 latestHostTick=4680 buffer=8 windowMs=1008.3 fps=107.1 snapshots=30 arrivalSamples=30 arrivalAvgMs=33.6 arrivalP95Ms=41.7 arrivalMaxMs=50.0 sameArrival=0 tickGapMax=2 renderFrames=108 interpolation=108 extrapolation=0 extrapolationCapped=0 extrapolationMaxMs=0.0 oldestHeld=0 zeroSpan=0 movingFrozen=0 teleport=0 visualStepAvgCm=0.00 visualStepMaxCm=0.00
[rubber-banding][remote-render] time=148.259 frame=12049 entity=1 latestHostTick=4740 buffer=8 windowMs=1000.0 fps=98.0 snapshots=30 arrivalSamples=30 arrivalAvgMs=33.1 arrivalP95Ms=66.7 arrivalMaxMs=66.7 sameArrival=2 tickGapMax=2 renderFrames=98 interpolation=98 extrapolation=0 extrapolationCapped=0 extrapolationMaxMs=0.0 oldestHeld=0 zeroSpan=4 movingFrozen=0 teleport=0 visualStepAvgCm=0.00 visualStepMaxCm=0.00
[rubber-banding][remote-render] time=148.259 frame=12049 entity=2 latestHostTick=4740 buffer=8 windowMs=1000.0 fps=98.0 snapshots=30 arrivalSamples=30 arrivalAvgMs=33.1 arrivalP95Ms=66.7 arrivalMaxMs=66.7 sameArrival=2 tickGapMax=2 renderFrames=98 interpolation=98 extrapolation=0 extrapolationCapped=0 extrapolationMaxMs=0.0 oldestHeld=0 zeroSpan=4 movingFrozen=0 teleport=0 visualStepAvgCm=0.00 visualStepMaxCm=0.00
[rubber-banding][remote-render] time=148.259 frame=12049 entity=3 latestHostTick=4740 buffer=8 windowMs=1000.0 fps=98.0 snapshots=30 arrivalSamples=30 arrivalAvgMs=33.1 arrivalP95Ms=66.7 arrivalMaxMs=66.7 sameArrival=2 tickGapMax=2 renderFrames=98 interpolation=98 extrapolation=0 extrapolationCapped=0 extrapolationMaxMs=0.0 oldestHeld=0 zeroSpan=4 movingFrozen=0 teleport=0 visualStepAvgCm=0.00 visualStepMaxCm=0.00
[rubber-banding][remote-render] time=149.268 frame=12150 entity=1 latestHostTick=4800 buffer=8 windowMs=1008.3 fps=100.2 snapshots=30 arrivalSamples=30 arrivalAvgMs=33.9 arrivalP95Ms=66.7 arrivalMaxMs=75.0 sameArrival=0 tickGapMax=2 renderFrames=101 interpolation=101 extrapolation=0 extrapolationCapped=0 extrapolationMaxMs=0.0 oldestHeld=0 zeroSpan=3 movingFrozen=0 teleport=0 visualStepAvgCm=0.00 visualStepMaxCm=0.00
[rubber-banding][remote-render] time=149.268 frame=12150 entity=2 latestHostTick=4800 buffer=8 windowMs=1008.3 fps=100.2 snapshots=30 arrivalSamples=30 arrivalAvgMs=33.9 arrivalP95Ms=66.7 arrivalMaxMs=75.0 sameArrival=0 tickGapMax=2 renderFrames=101 interpolation=101 extrapolation=0 extrapolationCapped=0 extrapolationMaxMs=0.0 oldestHeld=0 zeroSpan=3 movingFrozen=0 teleport=0 visualStepAvgCm=0.00 visualStepMaxCm=0.00
[rubber-banding][remote-render] time=149.268 frame=12150 entity=3 latestHostTick=4800 buffer=8 windowMs=1008.3 fps=100.2 snapshots=30 arrivalSamples=30 arrivalAvgMs=33.9 arrivalP95Ms=66.7 arrivalMaxMs=75.0 sameArrival=0 tickGapMax=2 renderFrames=101 interpolation=101 extrapolation=0 extrapolationCapped=0 extrapolationMaxMs=0.0 oldestHeld=0 zeroSpan=3 movingFrozen=0 teleport=0 visualStepAvgCm=0.00 visualStepMaxCm=0.00
[rubber-banding][remote-render] time=150.326 frame=12210 entity=1 latestHostTick=4854 buffer=8 windowMs=1058.5 fps=56.7 snapshots=27 arrivalSamples=27 arrivalAvgMs=39.5 arrivalP95Ms=100.0 arrivalMaxMs=108.3 sameArrival=5 tickGapMax=2 renderFrames=60 interpolation=54 extrapolation=6 extrapolationCapped=0 extrapolationMaxMs=95.0 oldestHeld=0 zeroSpan=5 movingFrozen=0 teleport=0 visualStepAvgCm=0.00 visualStepMaxCm=0.00
[rubber-banding][remote-render] time=150.326 frame=12210 entity=2 latestHostTick=4854 buffer=8 windowMs=1058.5 fps=56.7 snapshots=27 arrivalSamples=27 arrivalAvgMs=39.5 arrivalP95Ms=100.0 arrivalMaxMs=108.3 sameArrival=5 tickGapMax=2 renderFrames=60 interpolation=54 extrapolation=6 extrapolationCapped=0 extrapolationMaxMs=95.0 oldestHeld=0 zeroSpan=5 movingFrozen=0 teleport=0 visualStepAvgCm=0.00 visualStepMaxCm=0.00
[rubber-banding][remote-render] time=150.326 frame=12210 entity=3 latestHostTick=4854 buffer=8 windowMs=1058.5 fps=56.7 snapshots=27 arrivalSamples=27 arrivalAvgMs=39.5 arrivalP95Ms=100.0 arrivalMaxMs=108.3 sameArrival=5 tickGapMax=2 renderFrames=60 interpolation=54 extrapolation=6 extrapolationCapped=0 extrapolationMaxMs=95.0 oldestHeld=0 zeroSpan=5 movingFrozen=0 teleport=0 visualStepAvgCm=0.00 visualStepMaxCm=0.00
[rubber-banding][remote-render] time=151.351 frame=12233 entity=1 latestHostTick=4862 buffer=8 windowMs=1025.0 fps=22.4 snapshots=4 arrivalSamples=4 arrivalAvgMs=20.8 arrivalP95Ms=83.3 arrivalMaxMs=83.3 sameArrival=3 tickGapMax=2 renderFrames=23 interpolation=0 extrapolation=23 extrapolationCapped=21 extrapolationMaxMs=952.5 oldestHeld=0 zeroSpan=23 movingFrozen=0 teleport=0 visualStepAvgCm=0.00 visualStepMaxCm=0.00
[rubber-banding][remote-render] time=151.351 frame=12233 entity=2 latestHostTick=4862 buffer=8 windowMs=1025.0 fps=22.4 snapshots=4 arrivalSamples=4 arrivalAvgMs=20.8 arrivalP95Ms=83.3 arrivalMaxMs=83.3 sameArrival=3 tickGapMax=2 renderFrames=23 interpolation=0 extrapolation=23 extrapolationCapped=21 extrapolationMaxMs=952.5 oldestHeld=0 zeroSpan=23 movingFrozen=0 teleport=0 visualStepAvgCm=0.00 visualStepMaxCm=0.00
[rubber-banding][remote-render] time=151.351 frame=12233 entity=3 latestHostTick=4862 buffer=8 windowMs=1025.0 fps=22.4 snapshots=4 arrivalSamples=4 arrivalAvgMs=20.8 arrivalP95Ms=83.3 arrivalMaxMs=83.3 sameArrival=3 tickGapMax=2 renderFrames=23 interpolation=0 extrapolation=23 extrapolationCapped=21 extrapolationMaxMs=952.5 oldestHeld=0 zeroSpan=23 movingFrozen=0 teleport=0 visualStepAvgCm=0.00 visualStepMaxCm=0.00
[rubber-banding][remote-render] time=152.376 frame=12263 entity=1 latestHostTick=4882 buffer=8 windowMs=1025.0 fps=29.3 snapshots=8 arrivalSamples=8 arrivalAvgMs=162.5 arrivalP95Ms=1299.9 arrivalMaxMs=1299.9 sameArrival=7 tickGapMax=6 renderFrames=30 interpolation=0 extrapolation=30 extrapolationCapped=29 extrapolationMaxMs=1268.0 oldestHeld=0 zeroSpan=30 movingFrozen=0 teleport=0 visualStepAvgCm=0.00 visualStepMaxCm=0.00
[rubber-banding][remote-render] time=152.376 frame=12263 entity=2 latestHostTick=4882 buffer=8 windowMs=1025.0 fps=29.3 snapshots=8 arrivalSamples=8 arrivalAvgMs=162.5 arrivalP95Ms=1299.9 arrivalMaxMs=1299.9 sameArrival=7 tickGapMax=6 renderFrames=30 interpolation=0 extrapolation=30 extrapolationCapped=29 extrapolationMaxMs=1268.0 oldestHeld=0 zeroSpan=30 movingFrozen=0 teleport=0 visualStepAvgCm=0.00 visualStepMaxCm=0.00
[rubber-banding][remote-render] time=152.376 frame=12263 entity=3 latestHostTick=4882 buffer=8 windowMs=1025.0 fps=29.3 snapshots=8 arrivalSamples=8 arrivalAvgMs=162.5 arrivalP95Ms=1299.9 arrivalMaxMs=1299.9 sameArrival=7 tickGapMax=6 renderFrames=30 interpolation=0 extrapolation=30 extrapolationCapped=29 extrapolationMaxMs=1268.0 oldestHeld=0 zeroSpan=30 movingFrozen=0 teleport=0 visualStepAvgCm=0.00 visualStepMaxCm=0.00
[rubber-banding][remote-render] time=153.401 frame=12296 entity=1 latestHostTick=4902 buffer=8 windowMs=1025.0 fps=32.2 snapshots=10 arrivalSamples=10 arrivalAvgMs=114.2 arrivalP95Ms=1108.3 arrivalMaxMs=1108.3 sameArrival=8 tickGapMax=2 renderFrames=33 interpolation=0 extrapolation=33 extrapolationCapped=33 extrapolationMaxMs=1195.0 oldestHeld=0 zeroSpan=33 movingFrozen=0 teleport=0 visualStepAvgCm=0.00 visualStepMaxCm=0.00
[rubber-banding][remote-render] time=153.401 frame=12296 entity=2 latestHostTick=4902 buffer=8 windowMs=1025.0 fps=32.2 snapshots=10 arrivalSamples=10 arrivalAvgMs=114.2 arrivalP95Ms=1108.3 arrivalMaxMs=1108.3 sameArrival=8 tickGapMax=2 renderFrames=33 interpolation=0 extrapolation=33 extrapolationCapped=33 extrapolationMaxMs=1195.0 oldestHeld=0 zeroSpan=33 movingFrozen=0 teleport=0 visualStepAvgCm=0.00 visualStepMaxCm=0.00
[rubber-banding][remote-render] time=153.401 frame=12296 entity=3 latestHostTick=4902 buffer=8 windowMs=1025.0 fps=32.2 snapshots=10 arrivalSamples=10 arrivalAvgMs=114.2 arrivalP95Ms=1108.3 arrivalMaxMs=1108.3 sameArrival=8 tickGapMax=2 renderFrames=33 interpolation=0 extrapolation=33 extrapolationCapped=33 extrapolationMaxMs=1195.0 oldestHeld=0 zeroSpan=33 movingFrozen=0 teleport=0 visualStepAvgCm=0.00 visualStepMaxCm=0.00
[rubber-banding][remote-render] time=154.526 frame=12327 entity=1 latestHostTick=4942 buffer=8 windowMs=1125.0 fps=27.6 snapshots=18 arrivalSamples=18 arrivalAvgMs=93.1 arrivalP95Ms=1066.6 arrivalMaxMs=1066.6 sameArrival=15 tickGapMax=6 renderFrames=31 interpolation=0 extrapolation=31 extrapolationCapped=31 extrapolationMaxMs=1211.6 oldestHeld=0 zeroSpan=31 movingFrozen=0 teleport=0 visualStepAvgCm=0.00 visualStepMaxCm=0.00
[rubber-banding][remote-render] time=154.526 frame=12327 entity=2 latestHostTick=4942 buffer=8 windowMs=1125.0 fps=27.6 snapshots=18 arrivalSamples=18 arrivalAvgMs=93.1 arrivalP95Ms=1066.6 arrivalMaxMs=1066.6 sameArrival=15 tickGapMax=6 renderFrames=31 interpolation=0 extrapolation=31 extrapolationCapped=31 extrapolationMaxMs=1211.6 oldestHeld=0 zeroSpan=31 movingFrozen=0 teleport=0 visualStepAvgCm=0.00 visualStepMaxCm=0.00
[rubber-banding][remote-render] time=154.526 frame=12327 entity=3 latestHostTick=4942 buffer=8 windowMs=1125.0 fps=27.6 snapshots=18 arrivalSamples=18 arrivalAvgMs=93.1 arrivalP95Ms=1066.6 arrivalMaxMs=1066.6 sameArrival=15 tickGapMax=6 renderFrames=31 interpolation=0 extrapolation=31 extrapolationCapped=31 extrapolationMaxMs=1211.6 oldestHeld=0 zeroSpan=31 movingFrozen=0 teleport=0 visualStepAvgCm=0.00 visualStepMaxCm=0.00
[rubber-banding][remote-render] time=155.626 frame=12330 entity=1 latestHostTick=4972 buffer=8 windowMs=1100.1 fps=2.7 snapshots=15 arrivalSamples=15 arrivalAvgMs=73.3 arrivalP95Ms=900.0 arrivalMaxMs=900.0 sameArrival=13 tickGapMax=2 renderFrames=3 interpolation=0 extrapolation=3 extrapolationCapped=3 extrapolationMaxMs=1008.4 oldestHeld=0 zeroSpan=3 movingFrozen=0 teleport=0 visualStepAvgCm=0.00 visualStepMaxCm=0.00
[rubber-banding][remote-render] time=155.626 frame=12330 entity=2 latestHostTick=4972 buffer=8 windowMs=1100.1 fps=2.7 snapshots=15 arrivalSamples=15 arrivalAvgMs=73.3 arrivalP95Ms=900.0 arrivalMaxMs=900.0 sameArrival=13 tickGapMax=2 renderFrames=3 interpolation=0 extrapolation=3 extrapolationCapped=3 extrapolationMaxMs=1008.4 oldestHeld=0 zeroSpan=3 movingFrozen=0 teleport=0 visualStepAvgCm=0.00 visualStepMaxCm=0.00
[rubber-banding][remote-render] time=155.626 frame=12330 entity=3 latestHostTick=4972 buffer=8 windowMs=1100.1 fps=2.7 snapshots=15 arrivalSamples=15 arrivalAvgMs=73.3 arrivalP95Ms=900.0 arrivalMaxMs=900.0 sameArrival=13 tickGapMax=2 renderFrames=3 interpolation=0 extrapolation=3 extrapolationCapped=3 extrapolationMaxMs=1008.4 oldestHeld=0 zeroSpan=3 movingFrozen=0 teleport=0 visualStepAvgCm=0.00 visualStepMaxCm=0.00
[rubber-banding][remote-render] time=157.184 frame=12332 entity=1 latestHostTick=5012 buffer=8 windowMs=1558.3 fps=1.3 snapshots=16 arrivalSamples=16 arrivalAvgMs=97.4 arrivalP95Ms=808.3 arrivalMaxMs=808.3 sameArrival=14 tickGapMax=6 renderFrames=2 interpolation=0 extrapolation=2 extrapolationCapped=2 extrapolationMaxMs=778.3 oldestHeld=0 zeroSpan=2 movingFrozen=0 teleport=0 visualStepAvgCm=0.00 visualStepMaxCm=0.00
[rubber-banding][remote-render] time=157.184 frame=12332 entity=2 latestHostTick=5012 buffer=8 windowMs=1558.3 fps=1.3 snapshots=16 arrivalSamples=16 arrivalAvgMs=97.4 arrivalP95Ms=808.3 arrivalMaxMs=808.3 sameArrival=14 tickGapMax=6 renderFrames=2 interpolation=0 extrapolation=2 extrapolationCapped=2 extrapolationMaxMs=778.3 oldestHeld=0 zeroSpan=2 movingFrozen=0 teleport=0 visualStepAvgCm=0.00 visualStepMaxCm=0.00
[rubber-banding][remote-render] time=157.184 frame=12332 entity=3 latestHostTick=5012 buffer=8 windowMs=1558.3 fps=1.3 snapshots=16 arrivalSamples=16 arrivalAvgMs=97.4 arrivalP95Ms=808.3 arrivalMaxMs=808.3 sameArrival=14 tickGapMax=6 renderFrames=2 interpolation=0 extrapolation=2 extrapolationCapped=2 extrapolationMaxMs=778.3 oldestHeld=0 zeroSpan=2 movingFrozen=0 teleport=0 visualStepAvgCm=0.00 visualStepMaxCm=0.00
[rubber-banding][remote-render] time=158.226 frame=12337 entity=1 latestHostTick=5060 buffer=8 windowMs=1041.7 fps=4.8 snapshots=22 arrivalSamples=22 arrivalAvgMs=47.3 arrivalP95Ms=158.3 arrivalMaxMs=600.0 sameArrival=18 tickGapMax=6 renderFrames=5 interpolation=0 extrapolation=5 extrapolationCapped=4 extrapolationMaxMs=1203.3 oldestHeld=0 zeroSpan=5 movingFrozen=0 teleport=0 visualStepAvgCm=0.00 visualStepMaxCm=0.00
[rubber-banding][remote-render] time=158.226 frame=12337 entity=2 latestHostTick=5060 buffer=8 windowMs=1041.7 fps=4.8 snapshots=22 arrivalSamples=22 arrivalAvgMs=47.3 arrivalP95Ms=158.3 arrivalMaxMs=600.0 sameArrival=18 tickGapMax=6 renderFrames=5 interpolation=0 extrapolation=5 extrapolationCapped=4 extrapolationMaxMs=1203.3 oldestHeld=0 zeroSpan=5 movingFrozen=0 teleport=0 visualStepAvgCm=0.00 visualStepMaxCm=0.00
[rubber-banding][remote-render] time=158.226 frame=12337 entity=3 latestHostTick=5060 buffer=8 windowMs=1041.7 fps=4.8 snapshots=22 arrivalSamples=22 arrivalAvgMs=47.3 arrivalP95Ms=158.3 arrivalMaxMs=600.0 sameArrival=18 tickGapMax=6 renderFrames=5 interpolation=0 extrapolation=5 extrapolationCapped=4 extrapolationMaxMs=1203.3 oldestHeld=0 zeroSpan=5 movingFrozen=0 teleport=0 visualStepAvgCm=0.00 visualStepMaxCm=0.00
[rubber-banding][remote-render] time=159.993 frame=12342 entity=1 latestHostTick=5208 buffer=8 windowMs=1766.7 fps=2.8 snapshots=35 arrivalSamples=35 arrivalAvgMs=50.5 arrivalP95Ms=191.7 arrivalMaxMs=1383.4 sameArrival=30 tickGapMax=38 renderFrames=5 interpolation=3 extrapolation=2 extrapolationCapped=1 extrapolationMaxMs=247.5 oldestHeld=3 zeroSpan=2 movingFrozen=0 teleport=0 visualStepAvgCm=81.15 visualStepMaxCm=220.28
[rubber-banding][large-step] time=159.993 frame=12342 focused=0 entity=1 buffer=8 count=2 maxStepCm=220.28 horizontalCm=220.28 verticalCm=0.00 frameDeltaMs=8.3 renderTickDelta=0.482 fromTick=5160 toTick=5160 tickSpan=0 receivedSpanMs=0.0 t=0.000 renderOffsetMs=-1084.5 sourceHorizontalCm=0.00 sourceVerticalCm=0.00 fromGrounded=1 toGrounded=1 velocity=(-4.000, -2.333, -0.063) expectedTravelCm=3.85 teleport=0 previous=(-0.060, 0.008, 4.514) rendered=(-2.248, 0.008, 4.257)
[rubber-banding][remote-render] time=159.993 frame=12342 entity=2 latestHostTick=5208 buffer=8 windowMs=1766.7 fps=2.8 snapshots=35 arrivalSamples=35 arrivalAvgMs=50.5 arrivalP95Ms=191.7 arrivalMaxMs=1383.4 sameArrival=30 tickGapMax=38 renderFrames=5 interpolation=3 extrapolation=2 extrapolationCapped=1 extrapolationMaxMs=247.5 oldestHeld=3 zeroSpan=2 movingFrozen=0 teleport=0 visualStepAvgCm=0.00 visualStepMaxCm=0.00
[rubber-banding][remote-render] time=159.993 frame=12342 entity=3 latestHostTick=5208 buffer=8 windowMs=1766.7 fps=2.8 snapshots=35 arrivalSamples=35 arrivalAvgMs=50.5 arrivalP95Ms=191.7 arrivalMaxMs=1383.4 sameArrival=30 tickGapMax=38 renderFrames=5 interpolation=3 extrapolation=2 extrapolationCapped=1 extrapolationMaxMs=247.5 oldestHeld=3 zeroSpan=2 movingFrozen=0 teleport=0 visualStepAvgCm=0.00 visualStepMaxCm=0.00
[rubber-banding][remote-render] time=161.390 frame=12346 entity=1 latestHostTick=5258 buffer=8 windowMs=1397.5 fps=2.9 snapshots=19 arrivalSamples=19 arrivalAvgMs=73.6 arrivalP95Ms=805.8 arrivalMaxMs=805.8 sameArrival=16 tickGapMax=14 renderFrames=4 interpolation=3 extrapolation=1 extrapolationCapped=0 extrapolationMaxMs=63.6 oldestHeld=3 zeroSpan=1 movingFrozen=0 teleport=0 visualStepAvgCm=28.79 visualStepMaxCm=115.17
[rubber-banding][large-step] time=161.390 frame=12346 focused=0 entity=1 buffer=8 count=1 maxStepCm=115.17 horizontalCm=115.17 verticalCm=0.00 frameDeltaMs=583.3 renderTickDelta=36.167 fromTick=5222 toTick=5222 tickSpan=0 receivedSpanMs=0.0 t=0.000 renderOffsetMs=-177.7 sourceHorizontalCm=0.00 sourceVerticalCm=0.00 fromGrounded=1 toGrounded=1 velocity=(0.000, -2.333, 0.000) expectedTravelCm=136.11 teleport=0 previous=(-3.768, 0.008, 3.229) rendered=(-2.758, 0.008, 2.677)
[rubber-banding][remote-render] time=161.390 frame=12346 entity=2 latestHostTick=5258 buffer=8 windowMs=1397.5 fps=2.9 snapshots=19 arrivalSamples=19 arrivalAvgMs=73.6 arrivalP95Ms=805.8 arrivalMaxMs=805.8 sameArrival=16 tickGapMax=14 renderFrames=4 interpolation=3 extrapolation=1 extrapolationCapped=0 extrapolationMaxMs=63.6 oldestHeld=3 zeroSpan=1 movingFrozen=0 teleport=0 visualStepAvgCm=0.00 visualStepMaxCm=0.00
[rubber-banding][remote-render] time=161.390 frame=12346 entity=3 latestHostTick=5258 buffer=8 windowMs=1397.5 fps=2.9 snapshots=19 arrivalSamples=19 arrivalAvgMs=73.6 arrivalP95Ms=805.8 arrivalMaxMs=805.8 sameArrival=16 tickGapMax=14 renderFrames=4 interpolation=3 extrapolation=1 extrapolationCapped=0 extrapolationMaxMs=63.6 oldestHeld=3 zeroSpan=1 movingFrozen=0 teleport=0 visualStepAvgCm=0.00 visualStepMaxCm=0.00
[rubber-banding][remote-render] time=162.401 frame=12355 entity=1 latestHostTick=5310 buffer=8 windowMs=1011.2 fps=8.9 snapshots=26 arrivalSamples=26 arrivalAvgMs=30.2 arrivalP95Ms=183.3 arrivalMaxMs=200.0 sameArrival=20 tickGapMax=2 renderFrames=9 interpolation=5 extrapolation=4 extrapolationCapped=1 extrapolationMaxMs=174.4 oldestHeld=0 zeroSpan=9 movingFrozen=0 teleport=0 visualStepAvgCm=0.00 visualStepMaxCm=0.00
[rubber-banding][remote-render] time=162.401 frame=12355 entity=2 latestHostTick=5310 buffer=8 windowMs=1011.2 fps=8.9 snapshots=26 arrivalSamples=26 arrivalAvgMs=30.2 arrivalP95Ms=183.3 arrivalMaxMs=200.0 sameArrival=20 tickGapMax=2 renderFrames=9 interpolation=5 extrapolation=4 extrapolationCapped=1 extrapolationMaxMs=174.4 oldestHeld=0 zeroSpan=9 movingFrozen=0 teleport=0 visualStepAvgCm=0.00 visualStepMaxCm=0.00
[rubber-banding][remote-render] time=162.401 frame=12355 entity=3 latestHostTick=5310 buffer=8 windowMs=1011.2 fps=8.9 snapshots=26 arrivalSamples=26 arrivalAvgMs=30.2 arrivalP95Ms=183.3 arrivalMaxMs=200.0 sameArrival=20 tickGapMax=2 renderFrames=9 interpolation=5 extrapolation=4 extrapolationCapped=1 extrapolationMaxMs=174.4 oldestHeld=0 zeroSpan=9 movingFrozen=0 teleport=0 visualStepAvgCm=0.00 visualStepMaxCm=0.00
[rubber-banding][remote-render] time=163.835 frame=12358 entity=1 latestHostTick=5350 buffer=8 windowMs=1433.4 fps=2.1 snapshots=16 arrivalSamples=16 arrivalAvgMs=72.4 arrivalP95Ms=708.6 arrivalMaxMs=708.6 sameArrival=14 tickGapMax=6 renderFrames=3 interpolation=0 extrapolation=3 extrapolationCapped=3 extrapolationMaxMs=893.3 oldestHeld=0 zeroSpan=3 movingFrozen=0 teleport=0 visualStepAvgCm=0.00 visualStepMaxCm=0.00
[rubber-banding][remote-render] time=163.835 frame=12358 entity=2 latestHostTick=5350 buffer=8 windowMs=1433.4 fps=2.1 snapshots=16 arrivalSamples=16 arrivalAvgMs=72.4 arrivalP95Ms=708.6 arrivalMaxMs=708.6 sameArrival=14 tickGapMax=6 renderFrames=3 interpolation=0 extrapolation=3 extrapolationCapped=3 extrapolationMaxMs=893.3 oldestHeld=0 zeroSpan=3 movingFrozen=0 teleport=0 visualStepAvgCm=0.00 visualStepMaxCm=0.00
[rubber-banding][remote-render] time=163.835 frame=12358 entity=3 latestHostTick=5350 buffer=8 windowMs=1433.4 fps=2.1 snapshots=16 arrivalSamples=16 arrivalAvgMs=72.4 arrivalP95Ms=708.6 arrivalMaxMs=708.6 sameArrival=14 tickGapMax=6 renderFrames=3 interpolation=0 extrapolation=3 extrapolationCapped=3 extrapolationMaxMs=893.3 oldestHeld=0 zeroSpan=3 movingFrozen=0 teleport=0 visualStepAvgCm=0.00 visualStepMaxCm=0.00
[rubber-banding][remote-render] time=165.235 frame=12361 entity=1 latestHostTick=5410 buffer=8 windowMs=1400.0 fps=2.1 snapshots=24 arrivalSamples=24 arrivalAvgMs=79.2 arrivalP95Ms=858.3 arrivalMaxMs=1033.4 sameArrival=21 tickGapMax=6 renderFrames=3 interpolation=1 extrapolation=2 extrapolationCapped=2 extrapolationMaxMs=386.6 oldestHeld=0 zeroSpan=3 movingFrozen=0 teleport=0 visualStepAvgCm=0.00 visualStepMaxCm=0.00
[rubber-banding][remote-render] time=165.235 frame=12361 entity=2 latestHostTick=5410 buffer=8 windowMs=1400.0 fps=2.1 snapshots=24 arrivalSamples=24 arrivalAvgMs=79.2 arrivalP95Ms=858.3 arrivalMaxMs=1033.4 sameArrival=21 tickGapMax=6 renderFrames=3 interpolation=1 extrapolation=2 extrapolationCapped=2 extrapolationMaxMs=386.6 oldestHeld=0 zeroSpan=3 movingFrozen=0 teleport=0 visualStepAvgCm=0.67 visualStepMaxCm=2.00
[rubber-banding][remote-render] time=165.235 frame=12361 entity=3 latestHostTick=5410 buffer=8 windowMs=1400.0 fps=2.1 snapshots=24 arrivalSamples=24 arrivalAvgMs=79.2 arrivalP95Ms=858.3 arrivalMaxMs=1033.4 sameArrival=21 tickGapMax=6 renderFrames=3 interpolation=1 extrapolation=2 extrapolationCapped=2 extrapolationMaxMs=386.6 oldestHeld=0 zeroSpan=3 movingFrozen=0 teleport=0 visualStepAvgCm=0.00 visualStepMaxCm=0.00
[rubber-banding][remote-render] time=166.401 frame=12364 entity=1 latestHostTick=5450 buffer=8 windowMs=1166.6 fps=2.6 snapshots=16 arrivalSamples=16 arrivalAvgMs=72.9 arrivalP95Ms=791.6 arrivalMaxMs=791.6 sameArrival=14 tickGapMax=6 renderFrames=3 interpolation=0 extrapolation=3 extrapolationCapped=3 extrapolationMaxMs=811.6 oldestHeld=0 zeroSpan=3 movingFrozen=0 teleport=0 visualStepAvgCm=0.00 visualStepMaxCm=0.00
[rubber-banding][remote-render] time=166.401 frame=12364 entity=2 latestHostTick=5450 buffer=8 windowMs=1166.6 fps=2.6 snapshots=16 arrivalSamples=16 arrivalAvgMs=72.9 arrivalP95Ms=791.6 arrivalMaxMs=791.6 sameArrival=14 tickGapMax=6 renderFrames=3 interpolation=0 extrapolation=3 extrapolationCapped=3 extrapolationMaxMs=811.6 oldestHeld=0 zeroSpan=3 movingFrozen=0 teleport=0 visualStepAvgCm=1.19 visualStepMaxCm=1.99
[rubber-banding][remote-render] time=166.401 frame=12364 entity=3 latestHostTick=5450 buffer=8 windowMs=1166.6 fps=2.6 snapshots=16 arrivalSamples=16 arrivalAvgMs=72.9 arrivalP95Ms=791.6 arrivalMaxMs=791.6 sameArrival=14 tickGapMax=6 renderFrames=3 interpolation=0 extrapolation=3 extrapolationCapped=3 extrapolationMaxMs=811.6 oldestHeld=0 zeroSpan=3 movingFrozen=0 teleport=0 visualStepAvgCm=0.00 visualStepMaxCm=0.00
[rubber-banding][remote-render] time=167.551 frame=12367 entity=1 latestHostTick=5490 buffer=8 windowMs=1150.0 fps=2.6 snapshots=16 arrivalSamples=16 arrivalAvgMs=71.9 arrivalP95Ms=733.3 arrivalMaxMs=733.3 sameArrival=14 tickGapMax=6 renderFrames=3 interpolation=0 extrapolation=3 extrapolationCapped=3 extrapolationMaxMs=803.0 oldestHeld=0 zeroSpan=3 movingFrozen=0 teleport=0 visualStepAvgCm=0.00 visualStepMaxCm=0.00
[rubber-banding][remote-render] time=167.551 frame=12367 entity=2 latestHostTick=5490 buffer=8 windowMs=1150.0 fps=2.6 snapshots=16 arrivalSamples=16 arrivalAvgMs=71.9 arrivalP95Ms=733.3 arrivalMaxMs=733.3 sameArrival=14 tickGapMax=6 renderFrames=3 interpolation=0 extrapolation=3 extrapolationCapped=3 extrapolationMaxMs=803.0 oldestHeld=0 zeroSpan=3 movingFrozen=0 teleport=0 visualStepAvgCm=0.67 visualStepMaxCm=2.00
[rubber-banding][remote-render] time=167.551 frame=12367 entity=3 latestHostTick=5490 buffer=8 windowMs=1150.0 fps=2.6 snapshots=16 arrivalSamples=16 arrivalAvgMs=71.9 arrivalP95Ms=733.3 arrivalMaxMs=733.3 sameArrival=14 tickGapMax=6 renderFrames=3 interpolation=0 extrapolation=3 extrapolationCapped=3 extrapolationMaxMs=803.0 oldestHeld=0 zeroSpan=3 movingFrozen=0 teleport=0 visualStepAvgCm=0.00 visualStepMaxCm=0.00
[rubber-banding][remote-render] time=168.718 frame=12372 entity=1 latestHostTick=5536 buffer=8 windowMs=1166.7 fps=4.3 snapshots=21 arrivalSamples=21 arrivalAvgMs=44.8 arrivalP95Ms=316.7 arrivalMaxMs=400.0 sameArrival=18 tickGapMax=6 renderFrames=5 interpolation=0 extrapolation=5 extrapolationCapped=4 extrapolationMaxMs=453.3 oldestHeld=0 zeroSpan=5 movingFrozen=0 teleport=0 visualStepAvgCm=876.79 visualStepMaxCm=4383.96
[rubber-banding][large-step] time=168.718 frame=12372 focused=0 entity=1 buffer=8 count=1 maxStepCm=4383.96 horizontalCm=4383.96 verticalCm=5.20 frameDeltaMs=8.3 renderTickDelta=0.500 fromTick=5534 toTick=5536 tickSpan=2 receivedSpanMs=0.0 t=7.849 renderOffsetMs=228.3 sourceHorizontalCm=0.00 sourceVerticalCm=0.00 fromGrounded=1 toGrounded=1 velocity=(0.000, -2.333, 0.000) expectedTravelCm=1.94 teleport=0 previous=(-2.758, 0.008, 2.677) rendered=(41.000, 0.060, 0.000)
[rubber-banding][remote-render] time=168.718 frame=12372 entity=2 latestHostTick=5536 buffer=8 windowMs=1166.7 fps=4.3 snapshots=21 arrivalSamples=21 arrivalAvgMs=44.8 arrivalP95Ms=316.7 arrivalMaxMs=400.0 sameArrival=18 tickGapMax=6 renderFrames=5 interpolation=0 extrapolation=5 extrapolationCapped=4 extrapolationMaxMs=453.3 oldestHeld=0 zeroSpan=5 movingFrozen=0 teleport=0 visualStepAvgCm=756.23 visualStepMaxCm=3779.15
[rubber-banding][large-step] time=168.718 frame=12372 focused=0 entity=2 buffer=8 count=1 maxStepCm=3779.15 horizontalCm=3779.15 verticalCm=5.20 frameDeltaMs=8.3 renderTickDelta=0.500 fromTick=5534 toTick=5536 tickSpan=2 receivedSpanMs=0.0 t=7.849 renderOffsetMs=228.3 sourceHorizontalCm=0.00 sourceVerticalCm=0.00 fromGrounded=1 toGrounded=1 velocity=(0.000, -2.333, 0.000) expectedTravelCm=1.94 teleport=0 previous=(0.051, 0.008, 3.209) rendered=(0.000, 0.060, 41.000)
[rubber-banding][remote-render] time=168.718 frame=12372 entity=3 latestHostTick=5536 buffer=8 windowMs=1166.7 fps=4.3 snapshots=21 arrivalSamples=21 arrivalAvgMs=44.8 arrivalP95Ms=316.7 arrivalMaxMs=400.0 sameArrival=18 tickGapMax=6 renderFrames=5 interpolation=0 extrapolation=5 extrapolationCapped=4 extrapolationMaxMs=453.3 oldestHeld=0 zeroSpan=5 movingFrozen=0 teleport=0 visualStepAvgCm=760.00 visualStepMaxCm=3800.01
[rubber-banding][large-step] time=168.718 frame=12372 focused=0 entity=3 buffer=8 count=1 maxStepCm=3800.01 horizontalCm=3800.00 verticalCm=6.00 frameDeltaMs=8.3 renderTickDelta=0.500 fromTick=5534 toTick=5536 tickSpan=2 receivedSpanMs=0.0 t=7.849 renderOffsetMs=228.3 sourceHorizontalCm=0.00 sourceVerticalCm=0.00 fromGrounded=1 toGrounded=1 velocity=(0.000, -2.333, 0.000) expectedTravelCm=1.94 teleport=0 previous=(-3.000, 0.000, 0.000) rendered=(-41.000, 0.060, 0.000)
[rubber-banding][remote-render] time=170.110 frame=12375 entity=1 latestHostTick=5596 buffer=8 windowMs=1391.7 fps=2.2 snapshots=24 arrivalSamples=24 arrivalAvgMs=67.4 arrivalP95Ms=316.6 arrivalMaxMs=1291.7 sameArrival=21 tickGapMax=6 renderFrames=3 interpolation=1 extrapolation=2 extrapolationCapped=2 extrapolationMaxMs=798.6 oldestHeld=0 zeroSpan=3 movingFrozen=0 teleport=0 visualStepAvgCm=0.00 visualStepMaxCm=0.00
[rubber-banding][remote-render] time=170.110 frame=12375 entity=2 latestHostTick=5596 buffer=8 windowMs=1391.7 fps=2.2 snapshots=24 arrivalSamples=24 arrivalAvgMs=67.4 arrivalP95Ms=316.6 arrivalMaxMs=1291.7 sameArrival=21 tickGapMax=6 renderFrames=3 interpolation=1 extrapolation=2 extrapolationCapped=2 extrapolationMaxMs=798.6 oldestHeld=0 zeroSpan=3 movingFrozen=0 teleport=0 visualStepAvgCm=0.00 visualStepMaxCm=0.00
[rubber-banding][remote-render] time=170.110 frame=12375 entity=3 latestHostTick=5596 buffer=8 windowMs=1391.7 fps=2.2 snapshots=24 arrivalSamples=24 arrivalAvgMs=67.4 arrivalP95Ms=316.6 arrivalMaxMs=1291.7 sameArrival=21 tickGapMax=6 renderFrames=3 interpolation=1 extrapolation=2 extrapolationCapped=2 extrapolationMaxMs=798.6 oldestHeld=0 zeroSpan=3 movingFrozen=0 teleport=0 visualStepAvgCm=0.00 visualStepMaxCm=0.00
[rubber-banding][remote-render] time=171.393 frame=12377 entity=1 latestHostTick=5636 buffer=8 windowMs=1283.3 fps=1.6 snapshots=16 arrivalSamples=16 arrivalAvgMs=80.2 arrivalP95Ms=666.7 arrivalMaxMs=666.7 sameArrival=14 tickGapMax=6 renderFrames=2 interpolation=0 extrapolation=2 extrapolationCapped=2 extrapolationMaxMs=536.7 oldestHeld=0 zeroSpan=2 movingFrozen=0 teleport=0 visualStepAvgCm=0.00 visualStepMaxCm=0.00
[rubber-banding][remote-render] time=171.393 frame=12377 entity=2 latestHostTick=5636 buffer=8 windowMs=1283.3 fps=1.6 snapshots=16 arrivalSamples=16 arrivalAvgMs=80.2 arrivalP95Ms=666.7 arrivalMaxMs=666.7 sameArrival=14 tickGapMax=6 renderFrames=2 interpolation=0 extrapolation=2 extrapolationCapped=2 extrapolationMaxMs=536.7 oldestHeld=0 zeroSpan=2 movingFrozen=0 teleport=0 visualStepAvgCm=0.00 visualStepMaxCm=0.00
[rubber-banding][remote-render] time=171.393 frame=12377 entity=3 latestHostTick=5636 buffer=8 windowMs=1283.3 fps=1.6 snapshots=16 arrivalSamples=16 arrivalAvgMs=80.2 arrivalP95Ms=666.7 arrivalMaxMs=666.7 sameArrival=14 tickGapMax=6 renderFrames=2 interpolation=0 extrapolation=2 extrapolationCapped=2 extrapolationMaxMs=536.7 oldestHeld=0 zeroSpan=2 movingFrozen=0 teleport=0 visualStepAvgCm=0.00 visualStepMaxCm=0.00
[rubber-banding][remote-render] time=172.726 frame=12380 entity=1 latestHostTick=5676 buffer=8 windowMs=1333.3 fps=2.3 snapshots=16 arrivalSamples=16 arrivalAvgMs=83.3 arrivalP95Ms=941.7 arrivalMaxMs=941.7 sameArrival=14 tickGapMax=6 renderFrames=3 interpolation=0 extrapolation=3 extrapolationCapped=3 extrapolationMaxMs=1111.6 oldestHeld=0 zeroSpan=3 movingFrozen=0 teleport=0 visualStepAvgCm=0.00 visualStepMaxCm=0.00
[rubber-banding][remote-render] time=172.726 frame=12380 entity=2 latestHostTick=5676 buffer=8 windowMs=1333.3 fps=2.3 snapshots=16 arrivalSamples=16 arrivalAvgMs=83.3 arrivalP95Ms=941.7 arrivalMaxMs=941.7 sameArrival=14 tickGapMax=6 renderFrames=3 interpolation=0 extrapolation=3 extrapolationCapped=3 extrapolationMaxMs=1111.6 oldestHeld=0 zeroSpan=3 movingFrozen=0 teleport=0 visualStepAvgCm=0.00 visualStepMaxCm=0.00
[rubber-banding][remote-render] time=172.726 frame=12380 entity=3 latestHostTick=5676 buffer=8 windowMs=1333.3 fps=2.3 snapshots=16 arrivalSamples=16 arrivalAvgMs=83.3 arrivalP95Ms=941.7 arrivalMaxMs=941.7 sameArrival=14 tickGapMax=6 renderFrames=3 interpolation=0 extrapolation=3 extrapolationCapped=3 extrapolationMaxMs=1111.6 oldestHeld=0 zeroSpan=3 movingFrozen=0 teleport=0 visualStepAvgCm=0.00 visualStepMaxCm=0.00
[Network] Unhandled packet id 2415 (166 byte payload). Skipped.
[밤 아이템] 기존 번호[8]: 미구현 아이템, 다른 아이템[1]으로 교체합니다
InvalidOperationException: 현재 활성 Transition과 일치하지 않습니다.
  at GameLoopClientService.MarkTransitionReadyAsync (System.UInt32 transitionId, System.Threading.CancellationToken cancellationToken) [0x00023] in <0363dfd4c09145b7831ba74be9dd35c5>:0 
  at InGamePhaseCoordinator.CompleteTransitionAsync (GameLoopSnapshot state, System.Threading.CancellationToken token) [0x00104] in <0363dfd4c09145b7831ba74be9dd35c5>:0 
UnityEngine.DebugLogHandler:Internal_LogException_Injected(Exception, IntPtr)
UnityEngine.DebugLogHandler:Internal_LogException(Exception, Object)
UnityEngine.DebugLogHandler:LogException(Exception, Object)
UnityEngine.Logger:LogException(Exception, Object)
UnityEngine.Debug:LogException(Exception)
LogPrinter:LogException(Exception)
<CompleteTransitionAsync>d__17:MoveNext()
System.Runtime.CompilerServices.MoveNextRunner:InvokeMoveNext(Object)
System.Threading.ExecutionContext:RunInternal(ExecutionContext, ContextCallback, Object, Boolean)
System.Threading.ExecutionContext:Run(ExecutionContext, ContextCallback, Object, Boolean)
System.Runtime.CompilerServices.MoveNextRunner:Run()
System.Threading.Tasks.AwaitTaskContinuation:InvokeAction(Object)
System.Threading.Tasks.AwaitTaskContinuation:RunCallback(ContextCallback, Object, Task&)
System.Threading.Tasks.SynchronizationContextAwaitTaskContinuation:Run(Task, Boolean)
System.Threading.Tasks.Task:FinishContinuations()
System.Threading.Tasks.Task:FinishStageThree()
System.Threading.Tasks.Task`1:TrySetResult(Boolean)
System.Threading.Tasks.TaskCompletionSource`1:TrySetResult(Boolean)
PhaseTransitionCutscene:Update()

[rubber-banding][remote-render] time=174.026 frame=12384 entity=1 latestHostTick=5732 buffer=8 windowMs=1300.0 fps=3.1 snapshots=24 arrivalSamples=24 arrivalAvgMs=39.2 arrivalP95Ms=250.0 arrivalMaxMs=441.7 sameArrival=21 tickGapMax=6 renderFrames=4 interpolation=0 extrapolation=4 extrapolationCapped=4 extrapolationMaxMs=768.3 oldestHeld=0 zeroSpan=4 movingFrozen=0 teleport=0 visualStepAvgCm=0.00 visualStepMaxCm=0.00
[rubber-banding][remote-render] time=174.026 frame=12384 entity=2 latestHostTick=5732 buffer=8 windowMs=1300.0 fps=3.1 snapshots=24 arrivalSamples=24 arrivalAvgMs=39.2 arrivalP95Ms=250.0 arrivalMaxMs=441.7 sameArrival=21 tickGapMax=6 renderFrames=4 interpolation=0 extrapolation=4 extrapolationCapped=4 extrapolationMaxMs=768.3 oldestHeld=0 zeroSpan=4 movingFrozen=0 teleport=0 visualStepAvgCm=0.50 visualStepMaxCm=2.00
[rubber-banding][remote-render] time=174.026 frame=12384 entity=3 latestHostTick=5732 buffer=8 windowMs=1300.0 fps=3.1 snapshots=24 arrivalSamples=24 arrivalAvgMs=39.2 arrivalP95Ms=250.0 arrivalMaxMs=441.7 sameArrival=21 tickGapMax=6 renderFrames=4 interpolation=0 extrapolation=4 extrapolationCapped=4 extrapolationMaxMs=768.3 oldestHeld=0 zeroSpan=4 movingFrozen=0 teleport=0 visualStepAvgCm=0.00 visualStepMaxCm=0.00
[rubber-banding][remote-render] time=175.426 frame=12388 entity=1 latestHostTick=5810 buffer=8 windowMs=1400.0 fps=2.9 snapshots=32 arrivalSamples=32 arrivalAvgMs=54.9 arrivalP95Ms=533.3 arrivalMaxMs=566.7 sameArrival=28 tickGapMax=6 renderFrames=4 interpolation=0 extrapolation=4 extrapolationCapped=1 extrapolationMaxMs=228.3 oldestHeld=0 zeroSpan=4 movingFrozen=0 teleport=0 visualStepAvgCm=0.00 visualStepMaxCm=0.00
[rubber-banding][remote-render] time=175.426 frame=12388 entity=2 latestHostTick=5810 buffer=8 windowMs=1400.0 fps=2.9 snapshots=32 arrivalSamples=32 arrivalAvgMs=54.9 arrivalP95Ms=533.3 arrivalMaxMs=566.7 sameArrival=28 tickGapMax=6 renderFrames=4 interpolation=0 extrapolation=4 extrapolationCapped=1 extrapolationMaxMs=228.3 oldestHeld=0 zeroSpan=4 movingFrozen=0 teleport=0 visualStepAvgCm=0.50 visualStepMaxCm=2.00
[rubber-banding][remote-render] time=175.426 frame=12388 entity=3 latestHostTick=5810 buffer=8 windowMs=1400.0 fps=2.9 snapshots=32 arrivalSamples=32 arrivalAvgMs=54.9 arrivalP95Ms=533.3 arrivalMaxMs=566.7 sameArrival=28 tickGapMax=6 renderFrames=4 interpolation=0 extrapolation=4 extrapolationCapped=1 extrapolationMaxMs=228.3 oldestHeld=0 zeroSpan=4 movingFrozen=0 teleport=0 visualStepAvgCm=0.00 visualStepMaxCm=0.00
[rubber-banding][remote-render] time=176.551 frame=12390 entity=1 latestHostTick=5850 buffer=8 windowMs=1125.0 fps=1.8 snapshots=16 arrivalSamples=16 arrivalAvgMs=70.3 arrivalP95Ms=591.7 arrivalMaxMs=591.7 sameArrival=14 tickGapMax=6 renderFrames=2 interpolation=0 extrapolation=2 extrapolationCapped=2 extrapolationMaxMs=649.1 oldestHeld=0 zeroSpan=2 movingFrozen=0 teleport=0 visualStepAvgCm=0.00 visualStepMaxCm=0.00
[rubber-banding][remote-render] time=176.551 frame=12390 entity=2 latestHostTick=5850 buffer=8 windowMs=1125.0 fps=1.8 snapshots=16 arrivalSamples=16 arrivalAvgMs=70.3 arrivalP95Ms=591.7 arrivalMaxMs=591.7 sameArrival=14 tickGapMax=6 renderFrames=2 interpolation=0 extrapolation=2 extrapolationCapped=2 extrapolationMaxMs=649.1 oldestHeld=0 zeroSpan=2 movingFrozen=0 teleport=0 visualStepAvgCm=1.00 visualStepMaxCm=2.00
[rubber-banding][remote-render] time=176.551 frame=12390 entity=3 latestHostTick=5850 buffer=8 windowMs=1125.0 fps=1.8 snapshots=16 arrivalSamples=16 arrivalAvgMs=70.3 arrivalP95Ms=591.7 arrivalMaxMs=591.7 sameArrival=14 tickGapMax=6 renderFrames=2 interpolation=0 extrapolation=2 extrapolationCapped=2 extrapolationMaxMs=649.1 oldestHeld=0 zeroSpan=2 movingFrozen=0 teleport=0 visualStepAvgCm=0.00 visualStepMaxCm=0.00
[rubber-banding][remote-render] time=177.935 frame=12393 entity=1 latestHostTick=5890 buffer=8 windowMs=1383.3 fps=2.2 snapshots=16 arrivalSamples=16 arrivalAvgMs=86.5 arrivalP95Ms=924.9 arrivalMaxMs=924.9 sameArrival=14 tickGapMax=6 renderFrames=3 interpolation=0 extrapolation=3 extrapolationCapped=2 extrapolationMaxMs=728.3 oldestHeld=0 zeroSpan=3 movingFrozen=0 teleport=0 visualStepAvgCm=0.00 visualStepMaxCm=0.00
[rubber-banding][remote-render] time=177.935 frame=12393 entity=2 latestHostTick=5890 buffer=8 windowMs=1383.3 fps=2.2 snapshots=16 arrivalSamples=16 arrivalAvgMs=86.5 arrivalP95Ms=924.9 arrivalMaxMs=924.9 sameArrival=14 tickGapMax=6 renderFrames=3 interpolation=0 extrapolation=3 extrapolationCapped=2 extrapolationMaxMs=728.3 oldestHeld=0 zeroSpan=3 movingFrozen=0 teleport=0 visualStepAvgCm=0.00 visualStepMaxCm=0.00
[rubber-banding][remote-render] time=177.935 frame=12393 entity=3 latestHostTick=5890 buffer=8 windowMs=1383.3 fps=2.2 snapshots=16 arrivalSamples=16 arrivalAvgMs=86.5 arrivalP95Ms=924.9 arrivalMaxMs=924.9 sameArrival=14 tickGapMax=6 renderFrames=3 interpolation=0 extrapolation=3 extrapolationCapped=2 extrapolationMaxMs=728.3 oldestHeld=0 zeroSpan=3 movingFrozen=0 teleport=0 visualStepAvgCm=0.00 visualStepMaxCm=0.00
[rubber-banding][remote-render] time=179.293 frame=12396 entity=1 latestHostTick=5950 buffer=8 windowMs=1358.4 fps=2.2 snapshots=24 arrivalSamples=24 arrivalAvgMs=56.6 arrivalP95Ms=441.7 arrivalMaxMs=483.3 sameArrival=21 tickGapMax=6 renderFrames=3 interpolation=0 extrapolation=3 extrapolationCapped=3 extrapolationMaxMs=361.8 oldestHeld=0 zeroSpan=3 movingFrozen=0 teleport=0 visualStepAvgCm=0.00 visualStepMaxCm=0.00
[rubber-banding][remote-render] time=179.293 frame=12396 entity=2 latestHostTick=5950 buffer=8 windowMs=1358.4 fps=2.2 snapshots=24 arrivalSamples=24 arrivalAvgMs=56.6 arrivalP95Ms=441.7 arrivalMaxMs=483.3 sameArrival=21 tickGapMax=6 renderFrames=3 interpolation=0 extrapolation=3 extrapolationCapped=3 extrapolationMaxMs=361.8 oldestHeld=0 zeroSpan=3 movingFrozen=0 teleport=0 visualStepAvgCm=0.00 visualStepMaxCm=0.00
[rubber-banding][remote-render] time=179.293 frame=12396 entity=3 latestHostTick=5950 buffer=8 windowMs=1358.4 fps=2.2 snapshots=24 arrivalSamples=24 arrivalAvgMs=56.6 arrivalP95Ms=441.7 arrivalMaxMs=483.3 sameArrival=21 tickGapMax=6 renderFrames=3 interpolation=0 extrapolation=3 extrapolationCapped=3 extrapolationMaxMs=361.8 oldestHeld=0 zeroSpan=3 movingFrozen=0 teleport=0 visualStepAvgCm=0.00 visualStepMaxCm=0.00
[rubber-banding][remote-render] time=181.260 frame=12400 entity=1 latestHostTick=6030 buffer=8 windowMs=1966.6 fps=2.0 snapshots=32 arrivalSamples=32 arrivalAvgMs=61.5 arrivalP95Ms=491.7 arrivalMaxMs=1025.0 sameArrival=28 tickGapMax=6 renderFrames=4 interpolation=0 extrapolation=4 extrapolationCapped=4 extrapolationMaxMs=929.5 oldestHeld=0 zeroSpan=4 movingFrozen=0 teleport=0 visualStepAvgCm=0.00 visualStepMaxCm=0.00
[rubber-banding][remote-render] time=181.260 frame=12400 entity=2 latestHostTick=6030 buffer=8 windowMs=1966.6 fps=2.0 snapshots=32 arrivalSamples=32 arrivalAvgMs=61.5 arrivalP95Ms=491.7 arrivalMaxMs=1025.0 sameArrival=28 tickGapMax=6 renderFrames=4 interpolation=0 extrapolation=4 extrapolationCapped=4 extrapolationMaxMs=929.5 oldestHeld=0 zeroSpan=4 movingFrozen=0 teleport=0 visualStepAvgCm=0.50 visualStepMaxCm=2.00
[rubber-banding][remote-render] time=181.260 frame=12400 entity=3 latestHostTick=6030 buffer=8 windowMs=1966.6 fps=2.0 snapshots=32 arrivalSamples=32 arrivalAvgMs=61.5 arrivalP95Ms=491.7 arrivalMaxMs=1025.0 sameArrival=28 tickGapMax=6 renderFrames=4 interpolation=0 extrapolation=4 extrapolationCapped=4 extrapolationMaxMs=929.5 oldestHeld=0 zeroSpan=4 movingFrozen=0 teleport=0 visualStepAvgCm=0.00 visualStepMaxCm=0.00
[rubber-banding][remote-render] time=183.001 frame=12403 entity=1 latestHostTick=6070 buffer=8 windowMs=1741.7 fps=1.7 snapshots=16 arrivalSamples=16 arrivalAvgMs=108.9 arrivalP95Ms=1725.1 arrivalMaxMs=1725.1 sameArrival=14 tickGapMax=6 renderFrames=3 interpolation=1 extrapolation=2 extrapolationCapped=2 extrapolationMaxMs=1311.7 oldestHeld=0 zeroSpan=3 movingFrozen=0 teleport=0 visualStepAvgCm=0.00 visualStepMaxCm=0.00
[rubber-banding][remote-render] time=183.001 frame=12403 entity=2 latestHostTick=6070 buffer=8 windowMs=1741.7 fps=1.7 snapshots=16 arrivalSamples=16 arrivalAvgMs=108.9 arrivalP95Ms=1725.1 arrivalMaxMs=1725.1 sameArrival=14 tickGapMax=6 renderFrames=3 interpolation=1 extrapolation=2 extrapolationCapped=2 extrapolationMaxMs=1311.7 oldestHeld=0 zeroSpan=3 movingFrozen=0 teleport=0 visualStepAvgCm=0.00 visualStepMaxCm=0.00
[rubber-banding][remote-render] time=183.001 frame=12403 entity=3 latestHostTick=6070 buffer=8 windowMs=1741.7 fps=1.7 snapshots=16 arrivalSamples=16 arrivalAvgMs=108.9 arrivalP95Ms=1725.1 arrivalMaxMs=1725.1 sameArrival=14 tickGapMax=6 renderFrames=3 interpolation=1 extrapolation=2 extrapolationCapped=2 extrapolationMaxMs=1311.7 oldestHeld=0 zeroSpan=3 movingFrozen=0 teleport=0 visualStepAvgCm=0.00 visualStepMaxCm=0.00
[rubber-banding][remote-render] time=184.226 frame=12406 entity=1 latestHostTick=6130 buffer=8 windowMs=1225.0 fps=2.4 snapshots=24 arrivalSamples=24 arrivalAvgMs=51.0 arrivalP95Ms=400.0 arrivalMaxMs=433.3 sameArrival=21 tickGapMax=6 renderFrames=3 interpolation=0 extrapolation=3 extrapolationCapped=2 extrapolationMaxMs=261.7 oldestHeld=0 zeroSpan=3 movingFrozen=0 teleport=0 visualStepAvgCm=0.00 visualStepMaxCm=0.00
[rubber-banding][remote-render] time=184.226 frame=12406 entity=2 latestHostTick=6130 buffer=8 windowMs=1225.0 fps=2.4 snapshots=24 arrivalSamples=24 arrivalAvgMs=51.0 arrivalP95Ms=400.0 arrivalMaxMs=433.3 sameArrival=21 tickGapMax=6 renderFrames=3 interpolation=0 extrapolation=3 extrapolationCapped=2 extrapolationMaxMs=261.7 oldestHeld=0 zeroSpan=3 movingFrozen=0 teleport=0 visualStepAvgCm=0.67 visualStepMaxCm=2.00
[rubber-banding][remote-render] time=184.226 frame=12406 entity=3 latestHostTick=6130 buffer=8 windowMs=1225.0 fps=2.4 snapshots=24 arrivalSamples=24 arrivalAvgMs=51.0 arrivalP95Ms=400.0 arrivalMaxMs=433.3 sameArrival=21 tickGapMax=6 renderFrames=3 interpolation=0 extrapolation=3 extrapolationCapped=2 extrapolationMaxMs=261.7 oldestHeld=0 zeroSpan=3 movingFrozen=0 teleport=0 visualStepAvgCm=0.00 visualStepMaxCm=0.00
[rubber-banding][remote-render] time=185.451 frame=12409 entity=1 latestHostTick=6188 buffer=8 windowMs=1225.0 fps=2.4 snapshots=24 arrivalSamples=24 arrivalAvgMs=51.0 arrivalP95Ms=383.3 arrivalMaxMs=475.0 sameArrival=21 tickGapMax=6 renderFrames=3 interpolation=0 extrapolation=3 extrapolationCapped=3 extrapolationMaxMs=479.1 oldestHeld=0 zeroSpan=3 movingFrozen=0 teleport=0 visualStepAvgCm=0.00 visualStepMaxCm=0.00
[rubber-banding][remote-render] time=185.451 frame=12409 entity=2 latestHostTick=6188 buffer=8 windowMs=1225.0 fps=2.4 snapshots=24 arrivalSamples=24 arrivalAvgMs=51.0 arrivalP95Ms=383.3 arrivalMaxMs=475.0 sameArrival=21 tickGapMax=6 renderFrames=3 interpolation=0 extrapolation=3 extrapolationCapped=3 extrapolationMaxMs=479.1 oldestHeld=0 zeroSpan=3 movingFrozen=0 teleport=0 visualStepAvgCm=0.67 visualStepMaxCm=2.00
[rubber-banding][remote-render] time=185.451 frame=12409 entity=3 latestHostTick=6188 buffer=8 windowMs=1225.0 fps=2.4 snapshots=24 arrivalSamples=24 arrivalAvgMs=51.0 arrivalP95Ms=383.3 arrivalMaxMs=475.0 sameArrival=21 tickGapMax=6 renderFrames=3 interpolation=0 extrapolation=3 extrapolationCapped=3 extrapolationMaxMs=479.1 oldestHeld=0 zeroSpan=3 movingFrozen=0 teleport=0 visualStepAvgCm=0.00 visualStepMaxCm=0.00
[rubber-banding][remote-render] time=186.801 frame=12412 entity=1 latestHostTick=6228 buffer=8 windowMs=1350.0 fps=2.2 snapshots=16 arrivalSamples=16 arrivalAvgMs=52.1 arrivalP95Ms=466.7 arrivalMaxMs=466.7 sameArrival=14 tickGapMax=6 renderFrames=3 interpolation=0 extrapolation=3 extrapolationCapped=3 extrapolationMaxMs=1117.5 oldestHeld=0 zeroSpan=3 movingFrozen=0 teleport=0 visualStepAvgCm=0.00 visualStepMaxCm=0.00
[rubber-banding][remote-render] time=186.801 frame=12412 entity=2 latestHostTick=6228 buffer=8 windowMs=1350.0 fps=2.2 snapshots=16 arrivalSamples=16 arrivalAvgMs=52.1 arrivalP95Ms=466.7 arrivalMaxMs=466.7 sameArrival=14 tickGapMax=6 renderFrames=3 interpolation=0 extrapolation=3 extrapolationCapped=3 extrapolationMaxMs=1117.5 oldestHeld=0 zeroSpan=3 movingFrozen=0 teleport=0 visualStepAvgCm=0.67 visualStepMaxCm=2.00
[rubber-banding][remote-render] time=186.801 frame=12412 entity=3 latestHostTick=6228 buffer=8 windowMs=1350.0 fps=2.2 snapshots=16 arrivalSamples=16 arrivalAvgMs=52.1 arrivalP95Ms=466.7 arrivalMaxMs=466.7 sameArrival=14 tickGapMax=6 renderFrames=3 interpolation=0 extrapolation=3 extrapolationCapped=3 extrapolationMaxMs=1117.5 oldestHeld=0 zeroSpan=3 movingFrozen=0 teleport=0 visualStepAvgCm=0.00 visualStepMaxCm=0.00
[rubber-banding][remote-render] time=187.935 frame=12415 entity=1 latestHostTick=6288 buffer=8 windowMs=1133.2 fps=2.6 snapshots=24 arrivalSamples=24 arrivalAvgMs=68.7 arrivalP95Ms=458.3 arrivalMaxMs=908.4 sameArrival=21 tickGapMax=6 renderFrames=3 interpolation=0 extrapolation=3 extrapolationCapped=2 extrapolationMaxMs=244.9 oldestHeld=0 zeroSpan=3 movingFrozen=0 teleport=0 visualStepAvgCm=0.00 visualStepMaxCm=0.00
[rubber-banding][remote-render] time=187.935 frame=12415 entity=2 latestHostTick=6288 buffer=8 windowMs=1133.2 fps=2.6 snapshots=24 arrivalSamples=24 arrivalAvgMs=68.7 arrivalP95Ms=458.3 arrivalMaxMs=908.4 sameArrival=21 tickGapMax=6 renderFrames=3 interpolation=0 extrapolation=3 extrapolationCapped=2 extrapolationMaxMs=244.9 oldestHeld=0 zeroSpan=3 movingFrozen=0 teleport=0 visualStepAvgCm=0.00 visualStepMaxCm=0.00
[rubber-banding][remote-render] time=187.935 frame=12415 entity=3 latestHostTick=6288 buffer=8 windowMs=1133.2 fps=2.6 snapshots=24 arrivalSamples=24 arrivalAvgMs=68.7 arrivalP95Ms=458.3 arrivalMaxMs=908.4 sameArrival=21 tickGapMax=6 renderFrames=3 interpolation=0 extrapolation=3 extrapolationCapped=2 extrapolationMaxMs=244.9 oldestHeld=0 zeroSpan=3 movingFrozen=0 teleport=0 visualStepAvgCm=0.00 visualStepMaxCm=0.00
[rubber-banding][remote-render] time=189.501 frame=12418 entity=1 latestHostTick=6348 buffer=8 windowMs=1566.7 fps=1.9 snapshots=24 arrivalSamples=24 arrivalAvgMs=65.3 arrivalP95Ms=525.0 arrivalMaxMs=1033.4 sameArrival=21 tickGapMax=6 renderFrames=3 interpolation=0 extrapolation=3 extrapolationCapped=2 extrapolationMaxMs=709.4 oldestHeld=0 zeroSpan=3 movingFrozen=0 teleport=0 visualStepAvgCm=0.00 visualStepMaxCm=0.00
[rubber-banding][remote-render] time=189.501 frame=12418 entity=2 latestHostTick=6348 buffer=8 windowMs=1566.7 fps=1.9 snapshots=24 arrivalSamples=24 arrivalAvgMs=65.3 arrivalP95Ms=525.0 arrivalMaxMs=1033.4 sameArrival=21 tickGapMax=6 renderFrames=3 interpolation=0 extrapolation=3 extrapolationCapped=2 extrapolationMaxMs=709.4 oldestHeld=0 zeroSpan=3 movingFrozen=0 teleport=0 visualStepAvgCm=0.00 visualStepMaxCm=0.00
[rubber-banding][remote-render] time=189.501 frame=12418 entity=3 latestHostTick=6348 buffer=8 windowMs=1566.7 fps=1.9 snapshots=24 arrivalSamples=24 arrivalAvgMs=65.3 arrivalP95Ms=525.0 arrivalMaxMs=1033.4 sameArrival=21 tickGapMax=6 renderFrames=3 interpolation=0 extrapolation=3 extrapolationCapped=2 extrapolationMaxMs=709.4 oldestHeld=0 zeroSpan=3 movingFrozen=0 teleport=0 visualStepAvgCm=0.00 visualStepMaxCm=0.00
[rubber-banding][remote-render] time=190.526 frame=12420 entity=1 latestHostTick=6368 buffer=8 windowMs=1025.0 fps=2.0 snapshots=8 arrivalSamples=8 arrivalAvgMs=66.7 arrivalP95Ms=533.3 arrivalMaxMs=533.3 sameArrival=7 tickGapMax=6 renderFrames=2 interpolation=0 extrapolation=2 extrapolationCapped=2 extrapolationMaxMs=695.0 oldestHeld=0 zeroSpan=2 movingFrozen=0 teleport=0 visualStepAvgCm=0.00 visualStepMaxCm=0.00
[rubber-banding][remote-render] time=190.526 frame=12420 entity=2 latestHostTick=6368 buffer=8 windowMs=1025.0 fps=2.0 snapshots=8 arrivalSamples=8 arrivalAvgMs=66.7 arrivalP95Ms=533.3 arrivalMaxMs=533.3 sameArrival=7 tickGapMax=6 renderFrames=2 interpolation=0 extrapolation=2 extrapolationCapped=2 extrapolationMaxMs=695.0 oldestHeld=0 zeroSpan=2 movingFrozen=0 teleport=0 visualStepAvgCm=0.00 visualStepMaxCm=0.00
[rubber-banding][remote-render] time=190.526 frame=12420 entity=3 latestHostTick=6368 buffer=8 windowMs=1025.0 fps=2.0 snapshots=8 arrivalSamples=8 arrivalAvgMs=66.7 arrivalP95Ms=533.3 arrivalMaxMs=533.3 sameArrival=7 tickGapMax=6 renderFrames=2 interpolation=0 extrapolation=2 extrapolationCapped=2 extrapolationMaxMs=695.0 oldestHeld=0 zeroSpan=2 movingFrozen=0 teleport=0 visualStepAvgCm=0.00 visualStepMaxCm=0.00
[rubber-banding][remote-render] time=191.835 frame=12423 entity=1 latestHostTick=6428 buffer=8 windowMs=1308.3 fps=2.3 snapshots=24 arrivalSamples=24 arrivalAvgMs=75.0 arrivalP95Ms=450.0 arrivalMaxMs=975.0 sameArrival=21 tickGapMax=6 renderFrames=3 interpolation=0 extrapolation=3 extrapolationCapped=3 extrapolationMaxMs=328.3 oldestHeld=0 zeroSpan=3 movingFrozen=0 teleport=0 visualStepAvgCm=0.00 visualStepMaxCm=0.00
[rubber-banding][remote-render] time=191.835 frame=12423 entity=2 latestHostTick=6428 buffer=8 windowMs=1308.3 fps=2.3 snapshots=24 arrivalSamples=24 arrivalAvgMs=75.0 arrivalP95Ms=450.0 arrivalMaxMs=975.0 sameArrival=21 tickGapMax=6 renderFrames=3 interpolation=0 extrapolation=3 extrapolationCapped=3 extrapolationMaxMs=328.3 oldestHeld=0 zeroSpan=3 movingFrozen=0 teleport=0 visualStepAvgCm=0.00 visualStepMaxCm=0.00
[rubber-banding][remote-render] time=191.835 frame=12423 entity=3 latestHostTick=6428 buffer=8 windowMs=1308.3 fps=2.3 snapshots=24 arrivalSamples=24 arrivalAvgMs=75.0 arrivalP95Ms=450.0 arrivalMaxMs=975.0 sameArrival=21 tickGapMax=6 renderFrames=3 interpolation=0 extrapolation=3 extrapolationCapped=3 extrapolationMaxMs=328.3 oldestHeld=0 zeroSpan=3 movingFrozen=0 teleport=0 visualStepAvgCm=0.00 visualStepMaxCm=0.00
[rubber-banding][remote-render] time=193.018 frame=12426 entity=1 latestHostTick=6488 buffer=8 windowMs=1183.3 fps=2.5 snapshots=24 arrivalSamples=24 arrivalAvgMs=49.3 arrivalP95Ms=441.7 arrivalMaxMs=733.3 sameArrival=21 tickGapMax=6 renderFrames=3 interpolation=0 extrapolation=3 extrapolationCapped=2 extrapolationMaxMs=472.1 oldestHeld=0 zeroSpan=3 movingFrozen=0 teleport=0 visualStepAvgCm=0.00 visualStepMaxCm=0.00
[rubber-banding][remote-render] time=193.018 frame=12426 entity=2 latestHostTick=6488 buffer=8 windowMs=1183.3 fps=2.5 snapshots=24 arrivalSamples=24 arrivalAvgMs=49.3 arrivalP95Ms=441.7 arrivalMaxMs=733.3 sameArrival=21 tickGapMax=6 renderFrames=3 interpolation=0 extrapolation=3 extrapolationCapped=2 extrapolationMaxMs=472.1 oldestHeld=0 zeroSpan=3 movingFrozen=0 teleport=0 visualStepAvgCm=0.00 visualStepMaxCm=0.00
[rubber-banding][remote-render] time=193.018 frame=12426 entity=3 latestHostTick=6488 buffer=8 windowMs=1183.3 fps=2.5 snapshots=24 arrivalSamples=24 arrivalAvgMs=49.3 arrivalP95Ms=441.7 arrivalMaxMs=733.3 sameArrival=21 tickGapMax=6 renderFrames=3 interpolation=0 extrapolation=3 extrapolationCapped=2 extrapolationMaxMs=472.1 oldestHeld=0 zeroSpan=3 movingFrozen=0 teleport=0 visualStepAvgCm=0.00 visualStepMaxCm=0.00
[rubber-banding][remote-render] time=194.151 frame=12429 entity=1 latestHostTick=6548 buffer=8 windowMs=1133.3 fps=2.6 snapshots=24 arrivalSamples=24 arrivalAvgMs=47.2 arrivalP95Ms=366.7 arrivalMaxMs=408.3 sameArrival=21 tickGapMax=6 renderFrames=3 interpolation=0 extrapolation=3 extrapolationCapped=3 extrapolationMaxMs=567.7 oldestHeld=0 zeroSpan=3 movingFrozen=0 teleport=0 visualStepAvgCm=0.00 visualStepMaxCm=0.00
[rubber-banding][remote-render] time=194.151 frame=12429 entity=2 latestHostTick=6548 buffer=8 windowMs=1133.3 fps=2.6 snapshots=24 arrivalSamples=24 arrivalAvgMs=47.2 arrivalP95Ms=366.7 arrivalMaxMs=408.3 sameArrival=21 tickGapMax=6 renderFrames=3 interpolation=0 extrapolation=3 extrapolationCapped=3 extrapolationMaxMs=567.7 oldestHeld=0 zeroSpan=3 movingFrozen=0 teleport=0 visualStepAvgCm=0.00 visualStepMaxCm=0.00
[rubber-banding][remote-render] time=194.151 frame=12429 entity=3 latestHostTick=6548 buffer=8 windowMs=1133.3 fps=2.6 snapshots=24 arrivalSamples=24 arrivalAvgMs=47.2 arrivalP95Ms=366.7 arrivalMaxMs=408.3 sameArrival=21 tickGapMax=6 renderFrames=3 interpolation=0 extrapolation=3 extrapolationCapped=3 extrapolationMaxMs=567.7 oldestHeld=0 zeroSpan=3 movingFrozen=0 teleport=0 visualStepAvgCm=0.00 visualStepMaxCm=0.00
[rubber-banding][remote-render] time=195.176 frame=12437 entity=1 latestHostTick=6592 buffer=8 windowMs=1025.0 fps=7.8 snapshots=20 arrivalSamples=20 arrivalAvgMs=48.8 arrivalP95Ms=325.0 arrivalMaxMs=333.3 sameArrival=14 tickGapMax=6 renderFrames=8 interpolation=0 extrapolation=8 extrapolationCapped=8 extrapolationMaxMs=846.9 oldestHeld=0 zeroSpan=5 movingFrozen=0 teleport=0 visualStepAvgCm=0.00 visualStepMaxCm=0.00
[rubber-banding][remote-render] time=195.176 frame=12437 entity=2 latestHostTick=6592 buffer=8 windowMs=1025.0 fps=7.8 snapshots=20 arrivalSamples=20 arrivalAvgMs=48.8 arrivalP95Ms=325.0 arrivalMaxMs=333.3 sameArrival=14 tickGapMax=6 renderFrames=8 interpolation=0 extrapolation=8 extrapolationCapped=8 extrapolationMaxMs=846.9 oldestHeld=0 zeroSpan=5 movingFrozen=1 teleport=0 visualStepAvgCm=1.37 visualStepMaxCm=7.67
[rubber-banding][remote-render] time=195.176 frame=12437 entity=3 latestHostTick=6592 buffer=8 windowMs=1025.0 fps=7.8 snapshots=20 arrivalSamples=20 arrivalAvgMs=48.8 arrivalP95Ms=325.0 arrivalMaxMs=333.3 sameArrival=14 tickGapMax=6 renderFrames=8 interpolation=0 extrapolation=8 extrapolationCapped=8 extrapolationMaxMs=846.9 oldestHeld=0 zeroSpan=5 movingFrozen=0 teleport=0 visualStepAvgCm=0.00 visualStepMaxCm=0.00
[rubber-banding][remote-render] time=196.193 frame=12480 entity=1 latestHostTick=6654 buffer=8 windowMs=1016.6 fps=42.3 snapshots=31 arrivalSamples=31 arrivalAvgMs=34.4 arrivalP95Ms=91.7 arrivalMaxMs=100.0 sameArrival=1 tickGapMax=2 renderFrames=43 interpolation=43 extrapolation=0 extrapolationCapped=0 extrapolationMaxMs=0.0 oldestHeld=0 zeroSpan=1 movingFrozen=0 teleport=0 visualStepAvgCm=0.00 visualStepMaxCm=0.00
[rubber-banding][remote-render] time=196.193 frame=12480 entity=2 latestHostTick=6654 buffer=8 windowMs=1016.6 fps=42.3 snapshots=31 arrivalSamples=31 arrivalAvgMs=34.4 arrivalP95Ms=91.7 arrivalMaxMs=100.0 sameArrival=1 tickGapMax=2 renderFrames=43 interpolation=43 extrapolation=0 extrapolationCapped=0 extrapolationMaxMs=0.0 oldestHeld=0 zeroSpan=1 movingFrozen=0 teleport=0 visualStepAvgCm=8.22 visualStepMaxCm=40.01
[rubber-banding][large-step] time=196.193 frame=12480 focused=0 entity=2 buffer=8 count=4 maxStepCm=40.01 horizontalCm=40.01 verticalCm=0.00 frameDeltaMs=100.0 renderTickDelta=6.002 fromTick=6644 toTick=6646 tickSpan=2 receivedSpanMs=16.6 t=0.598 renderOffsetMs=-13.4 sourceHorizontalCm=13.33 sourceVerticalCm=0.00 fromGrounded=1 toGrounded=1 velocity=(0.157, -2.333, -3.997) expectedTravelCm=46.33 teleport=0 previous=(0.107, 0.008, 38.321) rendered=(0.122, 0.008, 37.922)
[rubber-banding][remote-render] time=196.193 frame=12480 entity=3 latestHostTick=6654 buffer=8 windowMs=1016.6 fps=42.3 snapshots=31 arrivalSamples=31 arrivalAvgMs=34.4 arrivalP95Ms=91.7 arrivalMaxMs=100.0 sameArrival=1 tickGapMax=2 renderFrames=43 interpolation=43 extrapolation=0 extrapolationCapped=0 extrapolationMaxMs=0.0 oldestHeld=0 zeroSpan=1 movingFrozen=0 teleport=0 visualStepAvgCm=0.00 visualStepMaxCm=0.00
[rubber-banding][remote-render] time=197.201 frame=12522 entity=1 latestHostTick=6716 buffer=8 windowMs=1008.3 fps=41.7 snapshots=31 arrivalSamples=31 arrivalAvgMs=32.5 arrivalP95Ms=83.3 arrivalMaxMs=83.4 sameArrival=2 tickGapMax=2 renderFrames=42 interpolation=42 extrapolation=0 extrapolationCapped=0 extrapolationMaxMs=0.0 oldestHeld=0 zeroSpan=3 movingFrozen=0 teleport=0 visualStepAvgCm=0.00 visualStepMaxCm=0.00
[rubber-banding][remote-render] time=197.201 frame=12522 entity=2 latestHostTick=6716 buffer=8 windowMs=1008.3 fps=41.7 snapshots=31 arrivalSamples=31 arrivalAvgMs=32.5 arrivalP95Ms=83.3 arrivalMaxMs=83.4 sameArrival=2 tickGapMax=2 renderFrames=42 interpolation=42 extrapolation=0 extrapolationCapped=0 extrapolationMaxMs=0.0 oldestHeld=0 zeroSpan=3 movingFrozen=0 teleport=0 visualStepAvgCm=9.60 visualStepMaxCm=30.01
[rubber-banding][large-step] time=197.201 frame=12522 focused=0 entity=2 buffer=8 count=2 maxStepCm=30.01 horizontalCm=30.01 verticalCm=0.00 frameDeltaMs=75.0 renderTickDelta=4.502 fromTick=6658 toTick=6660 tickSpan=2 receivedSpanMs=8.3 t=0.348 renderOffsetMs=-21.7 sourceHorizontalCm=13.33 sourceVerticalCm=0.00 fromGrounded=1 toGrounded=1 velocity=(0.157, -2.333, -3.997) expectedTravelCm=34.74 teleport=0 previous=(0.146, 0.008, 37.322) rendered=(0.158, 0.008, 37.022)
[rubber-banding][remote-render] time=197.201 frame=12522 entity=3 latestHostTick=6716 buffer=8 windowMs=1008.3 fps=41.7 snapshots=31 arrivalSamples=31 arrivalAvgMs=32.5 arrivalP95Ms=83.3 arrivalMaxMs=83.4 sameArrival=2 tickGapMax=2 renderFrames=42 interpolation=42 extrapolation=0 extrapolationCapped=0 extrapolationMaxMs=0.0 oldestHeld=0 zeroSpan=3 movingFrozen=0 teleport=0 visualStepAvgCm=0.00 visualStepMaxCm=0.00
[rubber-banding][remote-render] time=198.231 frame=12560 entity=1 latestHostTick=6776 buffer=8 windowMs=1029.9 fps=36.9 snapshots=30 arrivalSamples=30 arrivalAvgMs=34.3 arrivalP95Ms=75.0 arrivalMaxMs=108.4 sameArrival=2 tickGapMax=2 renderFrames=38 interpolation=38 extrapolation=0 extrapolationCapped=0 extrapolationMaxMs=0.0 oldestHeld=0 zeroSpan=3 movingFrozen=0 teleport=0 visualStepAvgCm=0.00 visualStepMaxCm=0.00
[rubber-banding][remote-render] time=198.231 frame=12560 entity=2 latestHostTick=6776 buffer=8 windowMs=1029.9 fps=36.9 snapshots=30 arrivalSamples=30 arrivalAvgMs=34.3 arrivalP95Ms=75.0 arrivalMaxMs=108.4 sameArrival=2 tickGapMax=2 renderFrames=38 interpolation=38 extrapolation=0 extrapolationCapped=0 extrapolationMaxMs=0.0 oldestHeld=0 zeroSpan=3 movingFrozen=0 teleport=0 visualStepAvgCm=10.82 visualStepMaxCm=29.98
[rubber-banding][large-step] time=198.231 frame=12560 focused=0 entity=2 buffer=8 count=1 maxStepCm=29.98 horizontalCm=29.98 verticalCm=0.00 frameDeltaMs=75.1 renderTickDelta=4.505 fromTick=6738 toTick=6740 tickSpan=2 receivedSpanMs=8.3 t=0.849 renderOffsetMs=-5.0 sourceHorizontalCm=13.31 sourceVerticalCm=0.00 fromGrounded=1 toGrounded=1 velocity=(-0.661, -2.333, -3.937) expectedTravelCm=34.72 teleport=0 previous=(0.133, 0.008, 31.937) rendered=(0.083, 0.008, 31.641)
[rubber-banding][remote-render] time=198.231 frame=12560 entity=3 latestHostTick=6776 buffer=8 windowMs=1029.9 fps=36.9 snapshots=30 arrivalSamples=30 arrivalAvgMs=34.3 arrivalP95Ms=75.0 arrivalMaxMs=108.4 sameArrival=2 tickGapMax=2 renderFrames=38 interpolation=38 extrapolation=0 extrapolationCapped=0 extrapolationMaxMs=0.0 oldestHeld=0 zeroSpan=3 movingFrozen=0 teleport=0 visualStepAvgCm=0.00 visualStepMaxCm=0.00
[rubber-banding][remote-render] time=199.245 frame=12600 entity=1 latestHostTick=6838 buffer=8 windowMs=1014.3 fps=39.4 snapshots=31 arrivalSamples=31 arrivalAvgMs=32.7 arrivalP95Ms=59.8 arrivalMaxMs=66.7 sameArrival=1 tickGapMax=2 renderFrames=40 interpolation=40 extrapolation=0 extrapolationCapped=0 extrapolationMaxMs=0.0 oldestHeld=0 zeroSpan=1 movingFrozen=0 teleport=0 visualStepAvgCm=0.00 visualStepMaxCm=0.00
[rubber-banding][remote-render] time=199.245 frame=12600 entity=2 latestHostTick=6838 buffer=8 windowMs=1014.3 fps=39.4 snapshots=31 arrivalSamples=31 arrivalAvgMs=32.7 arrivalP95Ms=59.8 arrivalMaxMs=66.7 sameArrival=1 tickGapMax=2 renderFrames=40 interpolation=40 extrapolation=0 extrapolationCapped=0 extrapolationMaxMs=0.0 oldestHeld=0 zeroSpan=1 movingFrozen=0 teleport=0 visualStepAvgCm=11.85 visualStepMaxCm=35.73
[rubber-banding][large-step] time=199.245 frame=12600 focused=0 entity=2 buffer=8 count=1 maxStepCm=35.73 horizontalCm=23.29 verticalCm=27.10 frameDeltaMs=58.3 renderTickDelta=3.500 fromTick=6800 toTick=6802 tickSpan=2 receivedSpanMs=66.7 t=0.296 renderOffsetMs=-23.5 sourceHorizontalCm=13.31 sourceVerticalCm=19.21 fromGrounded=0 toGrounded=0 velocity=(-0.661, 5.595, -3.937) expectedTravelCm=40.09 teleport=0 previous=(-0.550, 0.008, 27.875) rendered=(-0.588, 0.279, 27.646)
[rubber-banding][jump-step] time=199.245 frame=12600 focused=0 entity=2 buffer=8 count=7 maxVerticalCm=27.10 horizontalCm=23.29 verticalCm=27.10 frameDeltaMs=58.3 renderTickDelta=3.500 fromTick=6800 toTick=6802 tickSpan=2 receivedSpanMs=66.7 t=0.296 renderOffsetMs=-23.5 sourceHorizontalCm=13.31 sourceVerticalCm=19.21 fromGrounded=0 toGrounded=0 velocity=(-0.661, 5.595, -3.937) expectedTravelCm=40.09 teleport=0 previous=(-0.550, 0.008, 27.875) rendered=(-0.588, 0.279, 27.646)
[rubber-banding][remote-render] time=199.245 frame=12600 entity=3 latestHostTick=6838 buffer=8 windowMs=1014.3 fps=39.4 snapshots=31 arrivalSamples=31 arrivalAvgMs=32.7 arrivalP95Ms=59.8 arrivalMaxMs=66.7 sameArrival=1 tickGapMax=2 renderFrames=40 interpolation=40 extrapolation=0 extrapolationCapped=0 extrapolationMaxMs=0.0 oldestHeld=0 zeroSpan=1 movingFrozen=0 teleport=0 visualStepAvgCm=0.00 visualStepMaxCm=0.00
[rubber-banding][remote-render] time=200.248 frame=12640 entity=1 latestHostTick=6898 buffer=8 windowMs=1002.6 fps=39.9 snapshots=30 arrivalSamples=30 arrivalAvgMs=33.4 arrivalP95Ms=51.3 arrivalMaxMs=51.7 sameArrival=0 tickGapMax=2 renderFrames=40 interpolation=40 extrapolation=0 extrapolationCapped=0 extrapolationMaxMs=0.0 oldestHeld=0 zeroSpan=0 movingFrozen=0 teleport=0 visualStepAvgCm=0.00 visualStepMaxCm=0.00
[rubber-banding][remote-render] time=200.248 frame=12640 entity=2 latestHostTick=6898 buffer=8 windowMs=1002.6 fps=39.9 snapshots=30 arrivalSamples=30 arrivalAvgMs=33.4 arrivalP95Ms=51.3 arrivalMaxMs=51.7 sameArrival=0 tickGapMax=2 renderFrames=40 interpolation=40 extrapolation=0 extrapolationCapped=0 extrapolationMaxMs=0.0 oldestHeld=0 zeroSpan=0 movingFrozen=0 teleport=0 visualStepAvgCm=11.27 visualStepMaxCm=24.86
[rubber-banding][jump-step] time=200.248 frame=12640 focused=0 entity=2 buffer=8 count=5 maxVerticalCm=20.75 horizontalCm=13.69 verticalCm=20.75 frameDeltaMs=34.3 renderTickDelta=2.058 fromTick=6836 toTick=6838 tickSpan=2 receivedSpanMs=34.5 t=0.738 renderOffsetMs=-8.7 sourceHorizontalCm=13.31 sourceVerticalCm=20.79 fromGrounded=0 toGrounded=0 velocity=(-0.661, -6.405, -3.937) expectedTravelCm=25.89 teleport=0 previous=(-0.972, 0.333, 25.361) rendered=(-0.995, 0.126, 25.226)
[rubber-banding][remote-render] time=200.248 frame=12640 entity=3 latestHostTick=6898 buffer=8 windowMs=1002.6 fps=39.9 snapshots=30 arrivalSamples=30 arrivalAvgMs=33.4 arrivalP95Ms=51.3 arrivalMaxMs=51.7 sameArrival=0 tickGapMax=2 renderFrames=40 interpolation=40 extrapolation=0 extrapolationCapped=0 extrapolationMaxMs=0.0 oldestHeld=0 zeroSpan=0 movingFrozen=0 teleport=0 visualStepAvgCm=0.00 visualStepMaxCm=0.00
[rubber-banding][remote-render] time=201.259 frame=12680 entity=1 latestHostTick=6958 buffer=8 windowMs=1010.8 fps=39.6 snapshots=30 arrivalSamples=30 arrivalAvgMs=33.7 arrivalP95Ms=59.8 arrivalMaxMs=71.9 sameArrival=2 tickGapMax=2 renderFrames=40 interpolation=40 extrapolation=0 extrapolationCapped=0 extrapolationMaxMs=0.0 oldestHeld=0 zeroSpan=2 movingFrozen=0 teleport=0 visualStepAvgCm=0.00 visualStepMaxCm=0.00
[rubber-banding][remote-render] time=201.259 frame=12680 entity=2 latestHostTick=6958 buffer=8 windowMs=1010.8 fps=39.6 snapshots=30 arrivalSamples=30 arrivalAvgMs=33.7 arrivalP95Ms=59.8 arrivalMaxMs=71.9 sameArrival=2 tickGapMax=2 renderFrames=40 interpolation=40 extrapolation=0 extrapolationCapped=0 extrapolationMaxMs=0.0 oldestHeld=0 zeroSpan=2 movingFrozen=0 teleport=0 visualStepAvgCm=12.78 visualStepMaxCm=20.65
[rubber-banding][jump-step] time=201.259 frame=12680 focused=0 entity=2 buffer=8 count=11 maxVerticalCm=16.62 horizontalCm=10.39 verticalCm=16.62 frameDeltaMs=26.0 renderTickDelta=1.561 fromTick=6942 toTick=6944 tickSpan=2 receivedSpanMs=25.9 t=0.046 renderOffsetMs=-31.8 sourceHorizontalCm=13.31 sourceVerticalCm=19.21 fromGrounded=0 toGrounded=0 velocity=(-0.661, 5.595, -3.937) expectedTravelCm=17.88 teleport=0 previous=(-2.131, 0.065, 18.463) rendered=(-2.148, 0.231, 18.361)
[rubber-banding][remote-render] time=201.259 frame=12680 entity=3 latestHostTick=6958 buffer=8 windowMs=1010.8 fps=39.6 snapshots=30 arrivalSamples=30 arrivalAvgMs=33.7 arrivalP95Ms=59.8 arrivalMaxMs=71.9 sameArrival=2 tickGapMax=2 renderFrames=40 interpolation=40 extrapolation=0 extrapolationCapped=0 extrapolationMaxMs=0.0 oldestHeld=0 zeroSpan=2 movingFrozen=0 teleport=0 visualStepAvgCm=0.00 visualStepMaxCm=0.00
[rubber-banding][remote-render] time=202.269 frame=12723 entity=1 latestHostTick=7018 buffer=8 windowMs=1010.4 fps=42.6 snapshots=30 arrivalSamples=30 arrivalAvgMs=32.8 arrivalP95Ms=51.0 arrivalMaxMs=51.1 sameArrival=0 tickGapMax=2 renderFrames=43 interpolation=43 extrapolation=0 extrapolationCapped=0 extrapolationMaxMs=0.0 oldestHeld=0 zeroSpan=0 movingFrozen=0 teleport=0 visualStepAvgCm=0.00 visualStepMaxCm=0.00
[rubber-banding][remote-render] time=202.269 frame=12723 entity=2 latestHostTick=7018 buffer=8 windowMs=1010.4 fps=42.6 snapshots=30 arrivalSamples=30 arrivalAvgMs=32.8 arrivalP95Ms=51.0 arrivalMaxMs=51.1 sameArrival=0 tickGapMax=2 renderFrames=43 interpolation=43 extrapolation=0 extrapolationCapped=0 extrapolationMaxMs=0.0 oldestHeld=0 zeroSpan=0 movingFrozen=0 teleport=0 visualStepAvgCm=11.65 visualStepMaxCm=21.77
[rubber-banding][jump-step] time=202.269 frame=12723 focused=0 entity=2 buffer=8 count=8 maxVerticalCm=17.03 horizontalCm=13.55 verticalCm=17.03 frameDeltaMs=34.0 renderTickDelta=2.037 fromTick=6976 toTick=6978 tickSpan=2 receivedSpanMs=25.5 t=0.171 renderOffsetMs=-27.6 sourceHorizontalCm=13.31 sourceVerticalCm=18.57 fromGrounded=0 toGrounded=0 velocity=(-0.661, -5.738, -3.937) expectedTravelCm=23.73 teleport=0 previous=(-2.503, 0.603, 16.247) rendered=(-2.526, 0.433, 16.114)
[rubber-banding][remote-render] time=202.269 frame=12723 entity=3 latestHostTick=7018 buffer=8 windowMs=1010.4 fps=42.6 snapshots=30 arrivalSamples=30 arrivalAvgMs=32.8 arrivalP95Ms=51.0 arrivalMaxMs=51.1 sameArrival=0 tickGapMax=2 renderFrames=43 interpolation=43 extrapolation=0 extrapolationCapped=0 extrapolationMaxMs=0.0 oldestHeld=0 zeroSpan=0 movingFrozen=0 teleport=0 visualStepAvgCm=0.00 visualStepMaxCm=0.00
[rubber-banding][remote-render] time=203.293 frame=12767 entity=1 latestHostTick=7078 buffer=8 windowMs=1023.7 fps=43.0 snapshots=30 arrivalSamples=30 arrivalAvgMs=34.1 arrivalP95Ms=67.5 arrivalMaxMs=76.8 sameArrival=1 tickGapMax=2 renderFrames=44 interpolation=44 extrapolation=0 extrapolationCapped=0 extrapolationMaxMs=0.0 oldestHeld=0 zeroSpan=1 movingFrozen=0 teleport=0 visualStepAvgCm=0.00 visualStepMaxCm=0.00
[rubber-banding][remote-render] time=203.293 frame=12767 entity=2 latestHostTick=7078 buffer=8 windowMs=1023.7 fps=43.0 snapshots=30 arrivalSamples=30 arrivalAvgMs=34.1 arrivalP95Ms=67.5 arrivalMaxMs=76.8 sameArrival=1 tickGapMax=2 renderFrames=44 interpolation=44 extrapolation=0 extrapolationCapped=0 extrapolationMaxMs=0.0 oldestHeld=0 zeroSpan=1 movingFrozen=0 teleport=0 visualStepAvgCm=11.84 visualStepMaxCm=17.75
[rubber-banding][jump-step] time=203.293 frame=12767 focused=0 entity=2 buffer=8 count=11 maxVerticalCm=14.59 horizontalCm=10.11 verticalCm=14.59 frameDeltaMs=25.3 renderTickDelta=1.520 fromTick=7042 toTick=7044 tickSpan=2 receivedSpanMs=25.4 t=0.771 renderOffsetMs=-7.6 sourceHorizontalCm=13.31 sourceVerticalCm=19.21 fromGrounded=0 toGrounded=0 velocity=(-0.661, 5.595, -3.937) expectedTravelCm=17.41 teleport=0 previous=(-3.245, 0.224, 11.828) rendered=(-3.262, 0.370, 11.728)
[rubber-banding][remote-render] time=203.293 frame=12767 entity=3 latestHostTick=7078 buffer=8 windowMs=1023.7 fps=43.0 snapshots=30 arrivalSamples=30 arrivalAvgMs=34.1 arrivalP95Ms=67.5 arrivalMaxMs=76.8 sameArrival=1 tickGapMax=2 renderFrames=44 interpolation=44 extrapolation=0 extrapolationCapped=0 extrapolationMaxMs=0.0 oldestHeld=0 zeroSpan=1 movingFrozen=0 teleport=0 visualStepAvgCm=0.00 visualStepMaxCm=0.00
[rubber-banding][remote-render] time=204.294 frame=12811 entity=1 latestHostTick=7140 buffer=8 windowMs=1001.3 fps=43.9 snapshots=31 arrivalSamples=31 arrivalAvgMs=33.1 arrivalP95Ms=67.4 arrivalMaxMs=67.4 sameArrival=2 tickGapMax=2 renderFrames=44 interpolation=44 extrapolation=0 extrapolationCapped=0 extrapolationMaxMs=0.0 oldestHeld=0 zeroSpan=1 movingFrozen=0 teleport=0 visualStepAvgCm=0.00 visualStepMaxCm=0.00
[rubber-banding][remote-render] time=204.294 frame=12811 entity=2 latestHostTick=7140 buffer=8 windowMs=1001.3 fps=43.9 snapshots=31 arrivalSamples=31 arrivalAvgMs=33.1 arrivalP95Ms=67.4 arrivalMaxMs=67.4 sameArrival=2 tickGapMax=2 renderFrames=44 interpolation=44 extrapolation=0 extrapolationCapped=0 extrapolationMaxMs=0.0 oldestHeld=0 zeroSpan=1 movingFrozen=0 teleport=0 visualStepAvgCm=11.73 visualStepMaxCm=21.06
[rubber-banding][jump-step] time=204.294 frame=12811 focused=0 entity=2 buffer=8 count=11 maxVerticalCm=15.41 horizontalCm=10.09 verticalCm=15.41 frameDeltaMs=25.3 renderTickDelta=1.517 fromTick=7092 toTick=7094 tickSpan=2 receivedSpanMs=42.2 t=0.854 renderOffsetMs=-4.9 sourceHorizontalCm=13.31 sourceVerticalCm=20.32 fromGrounded=0 toGrounded=0 velocity=(-0.661, 5.928, -3.937) expectedTravelCm=18.07 teleport=0 previous=(-3.799, 0.137, 8.536) rendered=(-3.815, 0.291, 8.436)
[rubber-banding][remote-render] time=204.294 frame=12811 entity=3 latestHostTick=7140 buffer=8 windowMs=1001.3 fps=43.9 snapshots=31 arrivalSamples=31 arrivalAvgMs=33.1 arrivalP95Ms=67.4 arrivalMaxMs=67.4 sameArrival=2 tickGapMax=2 renderFrames=44 interpolation=44 extrapolation=0 extrapolationCapped=0 extrapolationMaxMs=0.0 oldestHeld=0 zeroSpan=1 movingFrozen=0 teleport=0 visualStepAvgCm=0.00 visualStepMaxCm=0.00
[rubber-banding][remote-render] time=205.295 frame=12854 entity=1 latestHostTick=7198 buffer=8 windowMs=1001.2 fps=42.9 snapshots=29 arrivalSamples=29 arrivalAvgMs=33.1 arrivalP95Ms=54.3 arrivalMaxMs=75.6 sameArrival=0 tickGapMax=2 renderFrames=43 interpolation=43 extrapolation=0 extrapolationCapped=0 extrapolationMaxMs=0.0 oldestHeld=0 zeroSpan=1 movingFrozen=0 teleport=0 visualStepAvgCm=0.00 visualStepMaxCm=0.00
[rubber-banding][remote-render] time=205.295 frame=12854 entity=2 latestHostTick=7198 buffer=8 windowMs=1001.2 fps=42.9 snapshots=29 arrivalSamples=29 arrivalAvgMs=33.1 arrivalP95Ms=54.3 arrivalMaxMs=75.6 sameArrival=0 tickGapMax=2 renderFrames=43 interpolation=43 extrapolation=0 extrapolationCapped=0 extrapolationMaxMs=0.0 oldestHeld=0 zeroSpan=1 movingFrozen=0 teleport=0 visualStepAvgCm=11.55 visualStepMaxCm=29.42
[rubber-banding][large-step] time=205.295 frame=12854 focused=0 entity=2 buffer=8 count=1 maxStepCm=29.42 horizontalCm=18.05 verticalCm=23.22 frameDeltaMs=43.8 renderTickDelta=2.713 fromTick=7180 toTick=7182 tickSpan=2 receivedSpanMs=8.7 t=0.074 renderOffsetMs=-30.9 sourceHorizontalCm=13.31 sourceVerticalCm=19.68 fromGrounded=0 toGrounded=0 velocity=(-0.661, -6.072, -3.937) expectedTravelCm=31.80 teleport=0 previous=(-4.738, 0.593, 2.943) rendered=(-4.768, 0.360, 2.765)
[rubber-banding][jump-step] time=205.295 frame=12854 focused=0 entity=2 buffer=8 count=8 maxVerticalCm=23.22 horizontalCm=18.05 verticalCm=23.22 frameDeltaMs=43.8 renderTickDelta=2.713 fromTick=7180 toTick=7182 tickSpan=2 receivedSpanMs=8.7 t=0.074 renderOffsetMs=-30.9 sourceHorizontalCm=13.31 sourceVerticalCm=19.68 fromGrounded=0 toGrounded=0 velocity=(-0.661, -6.072, -3.937) expectedTravelCm=31.80 teleport=0 previous=(-4.738, 0.593, 2.943) rendered=(-4.768, 0.360, 2.765)
[rubber-banding][remote-render] time=205.295 frame=12854 entity=3 latestHostTick=7198 buffer=8 windowMs=1001.2 fps=42.9 snapshots=29 arrivalSamples=29 arrivalAvgMs=33.1 arrivalP95Ms=54.3 arrivalMaxMs=75.6 sameArrival=0 tickGapMax=2 renderFrames=43 interpolation=43 extrapolation=0 extrapolationCapped=0 extrapolationMaxMs=0.0 oldestHeld=0 zeroSpan=1 movingFrozen=0 teleport=0 visualStepAvgCm=0.00 visualStepMaxCm=0.00
[rubber-banding][remote-render] time=206.309 frame=12902 entity=1 latestHostTick=7262 buffer=8 windowMs=1013.5 fps=47.4 snapshots=32 arrivalSamples=32 arrivalAvgMs=33.0 arrivalP95Ms=58.9 arrivalMaxMs=69.7 sameArrival=3 tickGapMax=2 renderFrames=48 interpolation=48 extrapolation=0 extrapolationCapped=0 extrapolationMaxMs=0.0 oldestHeld=0 zeroSpan=4 movingFrozen=0 teleport=0 visualStepAvgCm=0.00 visualStepMaxCm=0.00
[rubber-banding][remote-render] time=206.309 frame=12902 entity=2 latestHostTick=7262 buffer=8 windowMs=1013.5 fps=47.4 snapshots=32 arrivalSamples=32 arrivalAvgMs=33.0 arrivalP95Ms=58.9 arrivalMaxMs=69.7 sameArrival=3 tickGapMax=2 renderFrames=48 interpolation=48 extrapolation=0 extrapolationCapped=0 extrapolationMaxMs=0.0 oldestHeld=0 zeroSpan=4 movingFrozen=0 teleport=0 visualStepAvgCm=10.41 visualStepMaxCm=24.29
[rubber-banding][jump-step] time=206.309 frame=12902 focused=0 entity=2 buffer=8 count=7 maxVerticalCm=20.30 horizontalCm=13.33 verticalCm=20.30 frameDeltaMs=33.3 renderTickDelta=2.000 fromTick=7202 toTick=7204 tickSpan=2 receivedSpanMs=0.0 t=0.504 renderOffsetMs=-16.5 sourceHorizontalCm=13.33 sourceVerticalCm=19.21 fromGrounded=0 toGrounded=0 velocity=(0.044, 5.595, -4.000) expectedTravelCm=22.92 teleport=0 previous=(-4.938, 0.116, 1.388) rendered=(-4.936, 0.319, 1.255)
[rubber-banding][remote-render] time=206.309 frame=12902 entity=3 latestHostTick=7262 buffer=8 windowMs=1013.5 fps=47.4 snapshots=32 arrivalSamples=32 arrivalAvgMs=33.0 arrivalP95Ms=58.9 arrivalMaxMs=69.7 sameArrival=3 tickGapMax=2 renderFrames=48 interpolation=48 extrapolation=0 extrapolationCapped=0 extrapolationMaxMs=0.0 oldestHeld=0 zeroSpan=4 movingFrozen=0 teleport=0 visualStepAvgCm=0.00 visualStepMaxCm=0.00
[rubber-banding][remote-render] time=207.322 frame=12949 entity=1 latestHostTick=7320 buffer=8 windowMs=1012.8 fps=46.4 snapshots=29 arrivalSamples=29 arrivalAvgMs=34.0 arrivalP95Ms=51.1 arrivalMaxMs=58.6 sameArrival=2 tickGapMax=2 renderFrames=47 interpolation=47 extrapolation=0 extrapolationCapped=0 extrapolationMaxMs=0.0 oldestHeld=0 zeroSpan=3 movingFrozen=0 teleport=0 visualStepAvgCm=0.00 visualStepMaxCm=0.00
[rubber-banding][remote-render] time=207.322 frame=12949 entity=2 latestHostTick=7320 buffer=8 windowMs=1012.8 fps=46.4 snapshots=29 arrivalSamples=29 arrivalAvgMs=34.0 arrivalP95Ms=51.1 arrivalMaxMs=58.6 sameArrival=2 tickGapMax=2 renderFrames=47 interpolation=47 extrapolation=0 extrapolationCapped=0 extrapolationMaxMs=0.0 oldestHeld=0 zeroSpan=3 movingFrozen=0 teleport=0 visualStepAvgCm=8.93 visualStepMaxCm=19.19
[rubber-banding][jump-step] time=207.322 frame=12949 focused=0 entity=2 buffer=8 count=2 maxVerticalCm=16.29 horizontalCm=10.14 verticalCm=16.29 frameDeltaMs=25.3 renderTickDelta=1.521 fromTick=7314 toTick=7316 tickSpan=2 receivedSpanMs=42.4 t=0.922 renderOffsetMs=-2.6 sourceHorizontalCm=13.33 sourceVerticalCm=21.43 fromGrounded=1 toGrounded=0 velocity=(-0.094, 6.262, -3.999) expectedTravelCm=18.83 teleport=0 previous=(-1.857, 0.043, -4.636) rendered=(-1.860, 0.206, -4.737)
[rubber-banding][remote-render] time=207.322 frame=12949 entity=3 latestHostTick=7320 buffer=8 windowMs=1012.8 fps=46.4 snapshots=29 arrivalSamples=29 arrivalAvgMs=34.0 arrivalP95Ms=51.1 arrivalMaxMs=58.6 sameArrival=2 tickGapMax=2 renderFrames=47 interpolation=47 extrapolation=0 extrapolationCapped=0 extrapolationMaxMs=0.0 oldestHeld=0 zeroSpan=3 movingFrozen=0 teleport=0 visualStepAvgCm=0.00 visualStepMaxCm=0.00
[rubber-banding][remote-render] time=208.334 frame=12994 entity=1 latestHostTick=7382 buffer=8 windowMs=1012.1 fps=44.5 snapshots=31 arrivalSamples=31 arrivalAvgMs=33.5 arrivalP95Ms=51.0 arrivalMaxMs=58.6 sameArrival=1 tickGapMax=2 renderFrames=45 interpolation=45 extrapolation=0 extrapolationCapped=0 extrapolationMaxMs=0.0 oldestHeld=0 zeroSpan=2 movingFrozen=0 teleport=0 visualStepAvgCm=0.00 visualStepMaxCm=0.00
[rubber-banding][remote-render] time=208.334 frame=12994 entity=2 latestHostTick=7382 buffer=8 windowMs=1012.1 fps=44.5 snapshots=31 arrivalSamples=31 arrivalAvgMs=33.5 arrivalP95Ms=51.0 arrivalMaxMs=58.6 sameArrival=1 tickGapMax=2 renderFrames=45 interpolation=45 extrapolation=0 extrapolationCapped=0 extrapolationMaxMs=0.0 oldestHeld=0 zeroSpan=2 movingFrozen=0 teleport=0 visualStepAvgCm=11.55 visualStepMaxCm=31.04
[rubber-banding][large-step] time=208.334 frame=12994 focused=0 entity=2 buffer=8 count=1 maxStepCm=31.04 horizontalCm=23.44 verticalCm=20.35 frameDeltaMs=58.6 renderTickDelta=3.516 fromTick=7376 toTick=7378 tickSpan=2 receivedSpanMs=42.1 t=0.321 renderOffsetMs=-22.6 sourceHorizontalCm=13.33 sourceVerticalCm=9.21 fromGrounded=0 toGrounded=0 velocity=(3.999, 2.595, -0.094) expectedTravelCm=27.94 teleport=0 previous=(-1.018, 0.738, -7.879) rendered=(-0.783, 0.941, -7.885)
[rubber-banding][jump-step] time=208.334 frame=12994 focused=0 entity=2 buffer=8 count=11 maxVerticalCm=20.87 horizontalCm=13.58 verticalCm=20.87 frameDeltaMs=34.0 renderTickDelta=2.037 fromTick=7352 toTick=7354 tickSpan=2 receivedSpanMs=42.3 t=0.880 renderOffsetMs=-4.0 sourceHorizontalCm=13.33 sourceVerticalCm=20.79 fromGrounded=0 toGrounded=0 velocity=(-0.094, -6.405, -3.999) expectedTravelCm=25.64 teleport=0 previous=(-1.916, 0.305, -7.128) rendered=(-1.919, 0.096, -7.264)
[rubber-banding][remote-render] time=208.334 frame=12994 entity=3 latestHostTick=7382 buffer=8 windowMs=1012.1 fps=44.5 snapshots=31 arrivalSamples=31 arrivalAvgMs=33.5 arrivalP95Ms=51.0 arrivalMaxMs=58.6 sameArrival=1 tickGapMax=2 renderFrames=45 interpolation=45 extrapolation=0 extrapolationCapped=0 extrapolationMaxMs=0.0 oldestHeld=0 zeroSpan=2 movingFrozen=0 teleport=0 visualStepAvgCm=0.00 visualStepMaxCm=0.00
[rubber-banding][remote-render] time=209.344 frame=13041 entity=1 latestHostTick=7442 buffer=8 windowMs=1010.4 fps=46.5 snapshots=30 arrivalSamples=30 arrivalAvgMs=33.1 arrivalP95Ms=67.6 arrivalMaxMs=67.8 sameArrival=2 tickGapMax=2 renderFrames=47 interpolation=47 extrapolation=0 extrapolationCapped=0 extrapolationMaxMs=0.0 oldestHeld=0 zeroSpan=4 movingFrozen=0 teleport=0 visualStepAvgCm=0.00 visualStepMaxCm=0.00
[rubber-banding][remote-render] time=209.344 frame=13041 entity=2 latestHostTick=7442 buffer=8 windowMs=1010.4 fps=46.5 snapshots=30 arrivalSamples=30 arrivalAvgMs=33.1 arrivalP95Ms=67.6 arrivalMaxMs=67.8 sameArrival=2 tickGapMax=2 renderFrames=47 interpolation=47 extrapolation=0 extrapolationCapped=0 extrapolationMaxMs=0.0 oldestHeld=0 zeroSpan=4 movingFrozen=0 teleport=0 visualStepAvgCm=10.70 visualStepMaxCm=26.80
[rubber-banding][large-step] time=209.344 frame=13041 focused=0 entity=2 buffer=8 count=1 maxStepCm=26.80 horizontalCm=15.80 verticalCm=21.65 frameDeltaMs=39.5 renderTickDelta=2.370 fromTick=7402 toTick=7404 tickSpan=2 receivedSpanMs=42.5 t=0.429 renderOffsetMs=-19.0 sourceHorizontalCm=13.33 sourceVerticalCm=19.68 fromGrounded=0 toGrounded=0 velocity=(3.986, -6.072, 0.332) expectedTravelCm=28.72 teleport=0 previous=(0.806, 0.507, -7.895) rendered=(0.964, 0.290, -7.885)
[rubber-banding][jump-step] time=209.344 frame=13041 focused=0 entity=2 buffer=8 count=6 maxVerticalCm=21.65 horizontalCm=15.80 verticalCm=21.65 frameDeltaMs=39.5 renderTickDelta=2.370 fromTick=7402 toTick=7404 tickSpan=2 receivedSpanMs=42.5 t=0.429 renderOffsetMs=-19.0 sourceHorizontalCm=13.33 sourceVerticalCm=19.68 fromGrounded=0 toGrounded=0 velocity=(3.986, -6.072, 0.332) expectedTravelCm=28.72 teleport=0 previous=(0.806, 0.507, -7.895) rendered=(0.964, 0.290, -7.885)
[rubber-banding][remote-render] time=209.344 frame=13041 entity=3 latestHostTick=7442 buffer=8 windowMs=1010.4 fps=46.5 snapshots=30 arrivalSamples=30 arrivalAvgMs=33.1 arrivalP95Ms=67.6 arrivalMaxMs=67.8 sameArrival=2 tickGapMax=2 renderFrames=47 interpolation=47 extrapolation=0 extrapolationCapped=0 extrapolationMaxMs=0.0 oldestHeld=0 zeroSpan=4 movingFrozen=0 teleport=0 visualStepAvgCm=0.00 visualStepMaxCm=0.00
[rubber-banding][remote-render] time=210.347 frame=13087 entity=1 latestHostTick=7502 buffer=8 windowMs=1002.5 fps=45.9 snapshots=30 arrivalSamples=30 arrivalAvgMs=33.4 arrivalP95Ms=58.7 arrivalMaxMs=59.5 sameArrival=3 tickGapMax=2 renderFrames=46 interpolation=46 extrapolation=0 extrapolationCapped=0 extrapolationMaxMs=0.0 oldestHeld=0 zeroSpan=6 movingFrozen=0 teleport=0 visualStepAvgCm=0.00 visualStepMaxCm=0.00
[rubber-banding][remote-render] time=210.347 frame=13087 entity=2 latestHostTick=7502 buffer=8 windowMs=1002.5 fps=45.9 snapshots=30 arrivalSamples=30 arrivalAvgMs=33.4 arrivalP95Ms=58.7 arrivalMaxMs=59.5 sameArrival=3 tickGapMax=2 renderFrames=46 interpolation=46 extrapolation=0 extrapolationCapped=0 extrapolationMaxMs=0.0 oldestHeld=0 zeroSpan=6 movingFrozen=0 teleport=0 visualStepAvgCm=9.72 visualStepMaxCm=19.99
[rubber-banding][jump-step] time=210.347 frame=13087 focused=0 entity=2 buffer=8 count=3 maxVerticalCm=14.94 horizontalCm=10.20 verticalCm=14.94 frameDeltaMs=25.5 renderTickDelta=1.531 fromTick=7454 toTick=7456 tickSpan=2 receivedSpanMs=17.1 t=0.328 renderOffsetMs=-22.4 sourceHorizontalCm=13.33 sourceVerticalCm=20.79 fromGrounded=0 toGrounded=0 velocity=(1.125, -6.405, 3.839) expectedTravelCm=19.27 teleport=0 previous=(2.825, 0.360, -5.276) rendered=(2.857, 0.211, -5.179)
[rubber-banding][remote-render] time=210.347 frame=13087 entity=3 latestHostTick=7502 buffer=8 windowMs=1002.5 fps=45.9 snapshots=30 arrivalSamples=30 arrivalAvgMs=33.4 arrivalP95Ms=58.7 arrivalMaxMs=59.5 sameArrival=3 tickGapMax=2 renderFrames=46 interpolation=46 extrapolation=0 extrapolationCapped=0 extrapolationMaxMs=0.0 oldestHeld=0 zeroSpan=6 movingFrozen=0 teleport=0 visualStepAvgCm=0.00 visualStepMaxCm=0.00
[rubber-banding][remote-render] time=211.353 frame=13137 entity=1 latestHostTick=7562 buffer=8 windowMs=1006.3 fps=49.7 snapshots=30 arrivalSamples=30 arrivalAvgMs=33.0 arrivalP95Ms=59.1 arrivalMaxMs=59.4 sameArrival=2 tickGapMax=2 renderFrames=50 interpolation=50 extrapolation=0 extrapolationCapped=0 extrapolationMaxMs=0.0 oldestHeld=0 zeroSpan=4 movingFrozen=0 teleport=0 visualStepAvgCm=0.00 visualStepMaxCm=0.00
[rubber-banding][remote-render] time=211.353 frame=13137 entity=2 latestHostTick=7562 buffer=8 windowMs=1006.3 fps=49.7 snapshots=30 arrivalSamples=30 arrivalAvgMs=33.0 arrivalP95Ms=59.1 arrivalMaxMs=59.4 sameArrival=2 tickGapMax=2 renderFrames=50 interpolation=50 extrapolation=0 extrapolationCapped=0 extrapolationMaxMs=0.0 oldestHeld=0 zeroSpan=4 movingFrozen=0 teleport=0 visualStepAvgCm=10.55 visualStepMaxCm=17.80
[rubber-banding][jump-step] time=211.353 frame=13137 focused=0 entity=2 buffer=8 count=9 maxVerticalCm=14.62 horizontalCm=10.16 verticalCm=14.62 frameDeltaMs=25.5 renderTickDelta=1.528 fromTick=7554 toTick=7556 tickSpan=2 receivedSpanMs=59.4 t=0.406 renderOffsetMs=-19.8 sourceHorizontalCm=13.30 sourceVerticalCm=18.09 fromGrounded=0 toGrounded=0 velocity=(-2.488, 5.262, 3.118) expectedTravelCm=16.82 teleport=0 previous=(-0.867, 0.248, 0.122) rendered=(-0.931, 0.394, 0.202)
[rubber-banding][remote-render] time=211.353 frame=13137 entity=3 latestHostTick=7562 buffer=8 windowMs=1006.3 fps=49.7 snapshots=30 arrivalSamples=30 arrivalAvgMs=33.0 arrivalP95Ms=59.1 arrivalMaxMs=59.4 sameArrival=2 tickGapMax=2 renderFrames=50 interpolation=50 extrapolation=0 extrapolationCapped=0 extrapolationMaxMs=0.0 oldestHeld=0 zeroSpan=4 movingFrozen=0 teleport=0 visualStepAvgCm=0.00 visualStepMaxCm=0.00
[rubber-banding][remote-render] time=212.367 frame=13186 entity=1 latestHostTick=7624 buffer=8 windowMs=1014.3 fps=48.3 snapshots=31 arrivalSamples=31 arrivalAvgMs=33.8 arrivalP95Ms=59.5 arrivalMaxMs=67.2 sameArrival=0 tickGapMax=2 renderFrames=49 interpolation=49 extrapolation=0 extrapolationCapped=0 extrapolationMaxMs=0.0 oldestHeld=0 zeroSpan=0 movingFrozen=0 teleport=0 visualStepAvgCm=0.00 visualStepMaxCm=0.00
[rubber-banding][remote-render] time=212.367 frame=13186 entity=2 latestHostTick=7624 buffer=8 windowMs=1014.3 fps=48.3 snapshots=31 arrivalSamples=31 arrivalAvgMs=33.8 arrivalP95Ms=59.5 arrivalMaxMs=67.2 sameArrival=0 tickGapMax=2 renderFrames=49 interpolation=49 extrapolation=0 extrapolationCapped=0 extrapolationMaxMs=0.0 oldestHeld=0 zeroSpan=0 movingFrozen=0 teleport=0 visualStepAvgCm=9.49 visualStepMaxCm=22.92
[rubber-banding][jump-step] time=212.367 frame=13186 focused=0 entity=2 buffer=8 count=4 maxVerticalCm=18.43 horizontalCm=13.62 verticalCm=18.43 frameDeltaMs=34.1 renderTickDelta=2.043 fromTick=7590 toTick=7592 tickSpan=2 receivedSpanMs=25.1 t=0.627 renderOffsetMs=-12.4 sourceHorizontalCm=13.33 sourceVerticalCm=17.00 fromGrounded=0 toGrounded=1 velocity=(-2.581, -6.738, 3.056) expectedTravelCm=26.69 teleport=0 previous=(-2.378, 0.256, 1.979) rendered=(-2.466, 0.071, 2.084)
[rubber-banding][remote-render] time=212.367 frame=13186 entity=3 latestHostTick=7624 buffer=8 windowMs=1014.3 fps=48.3 snapshots=31 arrivalSamples=31 arrivalAvgMs=33.8 arrivalP95Ms=59.5 arrivalMaxMs=67.2 sameArrival=0 tickGapMax=2 renderFrames=49 interpolation=49 extrapolation=0 extrapolationCapped=0 extrapolationMaxMs=0.0 oldestHeld=0 zeroSpan=0 movingFrozen=0 teleport=0 visualStepAvgCm=0.00 visualStepMaxCm=0.00
[rubber-banding][remote-render] time=213.389 frame=13238 entity=1 latestHostTick=7686 buffer=8 windowMs=1021.5 fps=50.9 snapshots=31 arrivalSamples=31 arrivalAvgMs=33.0 arrivalP95Ms=59.3 arrivalMaxMs=66.8 sameArrival=3 tickGapMax=2 renderFrames=52 interpolation=52 extrapolation=0 extrapolationCapped=0 extrapolationMaxMs=0.0 oldestHeld=0 zeroSpan=6 movingFrozen=0 teleport=0 visualStepAvgCm=0.00 visualStepMaxCm=0.00
[rubber-banding][remote-render] time=213.389 frame=13238 entity=2 latestHostTick=7686 buffer=8 windowMs=1021.5 fps=50.9 snapshots=31 arrivalSamples=31 arrivalAvgMs=33.0 arrivalP95Ms=59.3 arrivalMaxMs=66.8 sameArrival=3 tickGapMax=2 renderFrames=52 interpolation=52 extrapolation=0 extrapolationCapped=0 extrapolationMaxMs=0.0 oldestHeld=0 zeroSpan=6 movingFrozen=0 teleport=0 visualStepAvgCm=9.65 visualStepMaxCm=22.90
[rubber-banding][jump-step] time=213.389 frame=13238 focused=0 entity=2 buffer=8 count=6 maxVerticalCm=18.51 horizontalCm=13.49 verticalCm=18.51 frameDeltaMs=33.7 renderTickDelta=2.023 fromTick=7674 toTick=7676 tickSpan=2 receivedSpanMs=42.2 t=0.381 renderOffsetMs=-20.6 sourceHorizontalCm=13.33 sourceVerticalCm=19.68 fromGrounded=0 toGrounded=0 velocity=(-2.684, -6.072, 2.966) expectedTravelCm=24.52 teleport=0 previous=(-6.064, 0.485, 6.145) rendered=(-6.154, 0.300, 6.245)
[rubber-banding][remote-render] time=213.389 frame=13238 entity=3 latestHostTick=7686 buffer=8 windowMs=1021.5 fps=50.9 snapshots=31 arrivalSamples=31 arrivalAvgMs=33.0 arrivalP95Ms=59.3 arrivalMaxMs=66.8 sameArrival=3 tickGapMax=2 renderFrames=52 interpolation=52 extrapolation=0 extrapolationCapped=0 extrapolationMaxMs=0.0 oldestHeld=0 zeroSpan=6 movingFrozen=0 teleport=0 visualStepAvgCm=0.00 visualStepMaxCm=0.00
[rubber-banding][remote-render] time=214.413 frame=13287 entity=1 latestHostTick=7746 buffer=8 windowMs=1024.0 fps=47.9 snapshots=30 arrivalSamples=30 arrivalAvgMs=34.1 arrivalP95Ms=68.3 arrivalMaxMs=68.3 sameArrival=3 tickGapMax=2 renderFrames=49 interpolation=49 extrapolation=0 extrapolationCapped=0 extrapolationMaxMs=0.0 oldestHeld=0 zeroSpan=5 movingFrozen=0 teleport=0 visualStepAvgCm=0.00 visualStepMaxCm=0.00
[rubber-banding][remote-render] time=214.413 frame=13287 entity=2 latestHostTick=7746 buffer=8 windowMs=1024.0 fps=47.9 snapshots=30 arrivalSamples=30 arrivalAvgMs=34.1 arrivalP95Ms=68.3 arrivalMaxMs=68.3 sameArrival=3 tickGapMax=2 renderFrames=49 interpolation=49 extrapolation=0 extrapolationCapped=0 extrapolationMaxMs=0.0 oldestHeld=0 zeroSpan=5 movingFrozen=0 teleport=0 visualStepAvgCm=11.06 visualStepMaxCm=22.39
[rubber-banding][jump-step] time=214.413 frame=13287 focused=0 entity=2 buffer=8 count=10 maxVerticalCm=17.84 horizontalCm=13.52 verticalCm=17.84 frameDeltaMs=33.9 renderTickDelta=2.032 fromTick=7738 toTick=7740 tickSpan=2 receivedSpanMs=42.5 t=0.241 renderOffsetMs=-25.3 sourceHorizontalCm=13.33 sourceVerticalCm=15.87 fromGrounded=0 toGrounded=0 velocity=(-3.854, 4.595, 1.071) expectedTravelCm=20.63 teleport=0 previous=(-9.817, 0.362, 8.018) rendered=(-9.947, 0.540, 8.054)
[rubber-banding][remote-render] time=214.413 frame=13287 entity=3 latestHostTick=7746 buffer=8 windowMs=1024.0 fps=47.9 snapshots=30 arrivalSamples=30 arrivalAvgMs=34.1 arrivalP95Ms=68.3 arrivalMaxMs=68.3 sameArrival=3 tickGapMax=2 renderFrames=49 interpolation=49 extrapolation=0 extrapolationCapped=0 extrapolationMaxMs=0.0 oldestHeld=0 zeroSpan=5 movingFrozen=0 teleport=0 visualStepAvgCm=0.00 visualStepMaxCm=0.00
[rubber-banding][remote-render] time=215.421 frame=13331 entity=1 latestHostTick=7806 buffer=8 windowMs=1008.0 fps=43.7 snapshots=30 arrivalSamples=30 arrivalAvgMs=32.5 arrivalP95Ms=50.5 arrivalMaxMs=50.6 sameArrival=2 tickGapMax=2 renderFrames=44 interpolation=44 extrapolation=0 extrapolationCapped=0 extrapolationMaxMs=0.0 oldestHeld=0 zeroSpan=3 movingFrozen=0 teleport=0 visualStepAvgCm=0.00 visualStepMaxCm=0.00
[rubber-banding][remote-render] time=215.421 frame=13331 entity=2 latestHostTick=7806 buffer=8 windowMs=1008.0 fps=43.7 snapshots=30 arrivalSamples=30 arrivalAvgMs=32.5 arrivalP95Ms=50.5 arrivalMaxMs=50.6 sameArrival=2 tickGapMax=2 renderFrames=44 interpolation=44 extrapolation=0 extrapolationCapped=0 extrapolationMaxMs=0.0 oldestHeld=0 zeroSpan=3 movingFrozen=0 teleport=0 visualStepAvgCm=11.55 visualStepMaxCm=23.24
[rubber-banding][jump-step] time=215.421 frame=13331 focused=0 entity=2 buffer=8 count=9 maxVerticalCm=18.95 horizontalCm=13.45 verticalCm=18.95 frameDeltaMs=33.6 renderTickDelta=2.018 fromTick=7788 toTick=7790 tickSpan=2 receivedSpanMs=25.5 t=0.191 renderOffsetMs=-27.0 sourceHorizontalCm=13.33 sourceVerticalCm=16.98 fromGrounded=0 toGrounded=0 velocity=(-3.951, 4.928, -0.626) expectedTravelCm=21.35 teleport=0 previous=(-13.086, 0.382, 8.418) rendered=(-13.219, 0.571, 8.399)
[rubber-banding][remote-render] time=215.421 frame=13331 entity=3 latestHostTick=7806 buffer=8 windowMs=1008.0 fps=43.7 snapshots=30 arrivalSamples=30 arrivalAvgMs=32.5 arrivalP95Ms=50.5 arrivalMaxMs=50.6 sameArrival=2 tickGapMax=2 renderFrames=44 interpolation=44 extrapolation=0 extrapolationCapped=0 extrapolationMaxMs=0.0 oldestHeld=0 zeroSpan=3 movingFrozen=0 teleport=0 visualStepAvgCm=0.00 visualStepMaxCm=0.00
[rubber-banding][remote-render] time=216.434 frame=13376 entity=1 latestHostTick=7868 buffer=8 windowMs=1013.4 fps=44.4 snapshots=31 arrivalSamples=31 arrivalAvgMs=33.8 arrivalP95Ms=59.3 arrivalMaxMs=68.6 sameArrival=1 tickGapMax=2 renderFrames=45 interpolation=45 extrapolation=0 extrapolationCapped=0 extrapolationMaxMs=0.0 oldestHeld=0 zeroSpan=2 movingFrozen=0 teleport=0 visualStepAvgCm=0.00 visualStepMaxCm=0.00
[rubber-banding][remote-render] time=216.434 frame=13376 entity=2 latestHostTick=7868 buffer=8 windowMs=1013.4 fps=44.4 snapshots=31 arrivalSamples=31 arrivalAvgMs=33.8 arrivalP95Ms=59.3 arrivalMaxMs=68.6 sameArrival=1 tickGapMax=2 renderFrames=45 interpolation=45 extrapolation=0 extrapolationCapped=0 extrapolationMaxMs=0.0 oldestHeld=0 zeroSpan=2 movingFrozen=0 teleport=0 visualStepAvgCm=11.02 visualStepMaxCm=25.17
[rubber-banding][large-step] time=216.434 frame=13376 focused=0 entity=2 buffer=8 count=1 maxStepCm=25.17 horizontalCm=13.51 verticalCm=21.24 frameDeltaMs=33.8 renderTickDelta=2.027 fromTick=7836 toTick=7838 tickSpan=2 receivedSpanMs=25.4 t=0.216 renderOffsetMs=-26.1 sourceHorizontalCm=13.33 sourceVerticalCm=19.21 fromGrounded=0 toGrounded=0 velocity=(-3.045, 5.595, -2.594) expectedTravelCm=23.23 teleport=0 previous=(-15.986, 0.237, 7.190) rendered=(-16.089, 0.450, 7.103)
[rubber-banding][jump-step] time=216.434 frame=13376 focused=0 entity=2 buffer=8 count=8 maxVerticalCm=21.24 horizontalCm=13.51 verticalCm=21.24 frameDeltaMs=33.8 renderTickDelta=2.027 fromTick=7836 toTick=7838 tickSpan=2 receivedSpanMs=25.4 t=0.216 renderOffsetMs=-26.1 sourceHorizontalCm=13.33 sourceVerticalCm=19.21 fromGrounded=0 toGrounded=0 velocity=(-3.045, 5.595, -2.594) expectedTravelCm=23.23 teleport=0 previous=(-15.986, 0.237, 7.190) rendered=(-16.089, 0.450, 7.103)
[rubber-banding][remote-render] time=216.434 frame=13376 entity=3 latestHostTick=7868 buffer=8 windowMs=1013.4 fps=44.4 snapshots=31 arrivalSamples=31 arrivalAvgMs=33.8 arrivalP95Ms=59.3 arrivalMaxMs=68.6 sameArrival=1 tickGapMax=2 renderFrames=45 interpolation=45 extrapolation=0 extrapolationCapped=0 extrapolationMaxMs=0.0 oldestHeld=0 zeroSpan=2 movingFrozen=0 teleport=0 visualStepAvgCm=0.00 visualStepMaxCm=0.00
[rubber-banding][remote-render] time=217.435 frame=13422 entity=1 latestHostTick=7928 buffer=8 windowMs=1001.1 fps=45.9 snapshots=30 arrivalSamples=30 arrivalAvgMs=32.8 arrivalP95Ms=51.7 arrivalMaxMs=59.6 sameArrival=1 tickGapMax=2 renderFrames=46 interpolation=46 extrapolation=0 extrapolationCapped=0 extrapolationMaxMs=0.0 oldestHeld=0 zeroSpan=0 movingFrozen=0 teleport=0 visualStepAvgCm=0.00 visualStepMaxCm=0.00
[rubber-banding][remote-render] time=217.435 frame=13422 entity=2 latestHostTick=7928 buffer=8 windowMs=1001.1 fps=45.9 snapshots=30 arrivalSamples=30 arrivalAvgMs=32.8 arrivalP95Ms=51.7 arrivalMaxMs=59.6 sameArrival=1 tickGapMax=2 renderFrames=46 interpolation=46 extrapolation=0 extrapolationCapped=0 extrapolationMaxMs=0.0 oldestHeld=0 zeroSpan=0 movingFrozen=6 teleport=0 visualStepAvgCm=7.40 visualStepMaxCm=15.68
[rubber-banding][jump-step] time=217.435 frame=13422 focused=0 entity=2 buffer=8 count=5 maxVerticalCm=15.48 horizontalCm=1.95 verticalCm=15.48 frameDeltaMs=25.4 renderTickDelta=1.523 fromTick=7884 toTick=7886 tickSpan=2 receivedSpanMs=25.7 t=0.899 renderOffsetMs=-3.4 sourceHorizontalCm=2.56 sourceVerticalCm=20.32 fromGrounded=0 toGrounded=0 velocity=(-0.431, 5.928, -3.977) expectedTravelCm=18.16 teleport=0 previous=(-17.540, 0.901, 5.666) rendered=(-17.555, 1.056, 5.654)
[rubber-banding][remote-render] time=217.435 frame=13422 entity=3 latestHostTick=7928 buffer=8 windowMs=1001.1 fps=45.9 snapshots=30 arrivalSamples=30 arrivalAvgMs=32.8 arrivalP95Ms=51.7 arrivalMaxMs=59.6 sameArrival=1 tickGapMax=2 renderFrames=46 interpolation=46 extrapolation=0 extrapolationCapped=0 extrapolationMaxMs=0.0 oldestHeld=0 zeroSpan=0 movingFrozen=0 teleport=0 visualStepAvgCm=0.00 visualStepMaxCm=0.00
[rubber-banding][remote-render] time=218.461 frame=13469 entity=1 latestHostTick=7990 buffer=8 windowMs=1026.1 fps=45.8 snapshots=31 arrivalSamples=31 arrivalAvgMs=33.6 arrivalP95Ms=50.8 arrivalMaxMs=75.2 sameArrival=2 tickGapMax=2 renderFrames=47 interpolation=47 extrapolation=0 extrapolationCapped=0 extrapolationMaxMs=0.0 oldestHeld=0 zeroSpan=4 movingFrozen=0 teleport=0 visualStepAvgCm=0.00 visualStepMaxCm=0.00
[rubber-banding][remote-render] time=218.461 frame=13469 entity=2 latestHostTick=7990 buffer=8 windowMs=1026.1 fps=45.8 snapshots=31 arrivalSamples=31 arrivalAvgMs=33.6 arrivalP95Ms=50.8 arrivalMaxMs=75.2 sameArrival=2 tickGapMax=2 renderFrames=47 interpolation=47 extrapolation=0 extrapolationCapped=0 extrapolationMaxMs=0.0 oldestHeld=0 zeroSpan=4 movingFrozen=0 teleport=0 visualStepAvgCm=13.56 visualStepMaxCm=36.84
[rubber-banding][large-step] time=218.461 frame=13469 focused=0 entity=2 buffer=8 count=4 maxStepCm=36.84 horizontalCm=13.52 verticalCm=34.27 frameDeltaMs=33.8 renderTickDelta=2.028 fromTick=7976 toTick=7978 tickSpan=2 receivedSpanMs=0.0 t=0.357 renderOffsetMs=-21.4 sourceHorizontalCm=13.33 sourceVerticalCm=35.24 fromGrounded=0 toGrounded=0 velocity=(0.063, -10.738, -4.000) expectedTravelCm=38.73 teleport=0 previous=(-17.205, 0.855, 0.352) rendered=(-17.203, 0.512, 0.217)
[rubber-banding][jump-step] time=218.461 frame=13469 focused=0 entity=2 buffer=8 count=20 maxVerticalCm=34.27 horizontalCm=13.52 verticalCm=34.27 frameDeltaMs=33.8 renderTickDelta=2.028 fromTick=7976 toTick=7978 tickSpan=2 receivedSpanMs=0.0 t=0.357 renderOffsetMs=-21.4 sourceHorizontalCm=13.33 sourceVerticalCm=35.24 fromGrounded=0 toGrounded=0 velocity=(0.063, -10.738, -4.000) expectedTravelCm=38.73 teleport=0 previous=(-17.205, 0.855, 0.352) rendered=(-17.203, 0.512, 0.217)
[rubber-banding][remote-render] time=218.461 frame=13469 entity=3 latestHostTick=7990 buffer=8 windowMs=1026.1 fps=45.8 snapshots=31 arrivalSamples=31 arrivalAvgMs=33.6 arrivalP95Ms=50.8 arrivalMaxMs=75.2 sameArrival=2 tickGapMax=2 renderFrames=47 interpolation=47 extrapolation=0 extrapolationCapped=0 extrapolationMaxMs=0.0 oldestHeld=0 zeroSpan=4 movingFrozen=0 teleport=0 visualStepAvgCm=0.00 visualStepMaxCm=0.00
[rubber-banding][remote-render] time=219.479 frame=13514 entity=1 latestHostTick=8050 buffer=8 windowMs=1017.5 fps=44.2 snapshots=30 arrivalSamples=30 arrivalAvgMs=33.9 arrivalP95Ms=50.3 arrivalMaxMs=66.6 sameArrival=2 tickGapMax=2 renderFrames=45 interpolation=45 extrapolation=0 extrapolationCapped=0 extrapolationMaxMs=0.0 oldestHeld=0 zeroSpan=4 movingFrozen=0 teleport=0 visualStepAvgCm=0.00 visualStepMaxCm=0.00
[rubber-banding][remote-render] time=219.479 frame=13514 entity=2 latestHostTick=8050 buffer=8 windowMs=1017.5 fps=44.2 snapshots=30 arrivalSamples=30 arrivalAvgMs=33.9 arrivalP95Ms=50.3 arrivalMaxMs=66.6 sameArrival=2 tickGapMax=2 renderFrames=45 interpolation=45 extrapolation=0 extrapolationCapped=0 extrapolationMaxMs=0.0 oldestHeld=0 zeroSpan=4 movingFrozen=0 teleport=0 visualStepAvgCm=10.07 visualStepMaxCm=23.38
[rubber-banding][jump-step] time=219.479 frame=13514 focused=0 entity=2 buffer=8 count=4 maxVerticalCm=16.19 horizontalCm=16.87 verticalCm=16.19 frameDeltaMs=42.2 renderTickDelta=2.531 fromTick=8036 toTick=8038 tickSpan=2 receivedSpanMs=16.7 t=0.486 renderOffsetMs=-17.1 sourceHorizontalCm=13.33 sourceVerticalCm=11.43 fromGrounded=0 toGrounded=0 velocity=(2.472, 3.262, -3.145) expectedTravelCm=21.77 teleport=0 previous=(-15.643, 0.691, -3.151) rendered=(-15.540, 0.853, -3.285)
[rubber-banding][remote-render] time=219.479 frame=13514 entity=3 latestHostTick=8050 buffer=8 windowMs=1017.5 fps=44.2 snapshots=30 arrivalSamples=30 arrivalAvgMs=33.9 arrivalP95Ms=50.3 arrivalMaxMs=66.6 sameArrival=2 tickGapMax=2 renderFrames=45 interpolation=45 extrapolation=0 extrapolationCapped=0 extrapolationMaxMs=0.0 oldestHeld=0 zeroSpan=4 movingFrozen=0 teleport=0 visualStepAvgCm=0.00 visualStepMaxCm=0.00
[rubber-banding][remote-render] time=220.491 frame=13562 entity=1 latestHostTick=8112 buffer=8 windowMs=1012.0 fps=47.4 snapshots=31 arrivalSamples=31 arrivalAvgMs=32.6 arrivalP95Ms=62.1 arrivalMaxMs=63.3 sameArrival=3 tickGapMax=2 renderFrames=48 interpolation=48 extrapolation=0 extrapolationCapped=0 extrapolationMaxMs=0.0 oldestHeld=0 zeroSpan=6 movingFrozen=0 teleport=0 visualStepAvgCm=0.00 visualStepMaxCm=0.00
[rubber-banding][remote-render] time=220.491 frame=13562 entity=2 latestHostTick=8112 buffer=8 windowMs=1012.0 fps=47.4 snapshots=31 arrivalSamples=31 arrivalAvgMs=32.6 arrivalP95Ms=62.1 arrivalMaxMs=63.3 sameArrival=3 tickGapMax=2 renderFrames=48 interpolation=48 extrapolation=0 extrapolationCapped=0 extrapolationMaxMs=0.0 oldestHeld=0 zeroSpan=6 movingFrozen=0 teleport=0 visualStepAvgCm=10.70 visualStepMaxCm=20.54
[rubber-banding][jump-step] time=220.491 frame=13562 focused=0 entity=2 buffer=8 count=8 maxVerticalCm=15.63 horizontalCm=13.33 verticalCm=15.63 frameDeltaMs=33.3 renderTickDelta=2.000 fromTick=8080 toTick=8082 tickSpan=2 receivedSpanMs=38.3 t=0.611 renderOffsetMs=-13.0 sourceHorizontalCm=13.32 sourceVerticalCm=14.76 fromGrounded=0 toGrounded=0 velocity=(3.906, 4.262, -0.850) expectedTravelCm=19.48 teleport=0 previous=(-13.325, 0.518, -4.874) rendered=(-13.195, 0.674, -4.902)
[rubber-banding][remote-render] time=220.491 frame=13562 entity=3 latestHostTick=8112 buffer=8 windowMs=1012.0 fps=47.4 snapshots=31 arrivalSamples=31 arrivalAvgMs=32.6 arrivalP95Ms=62.1 arrivalMaxMs=63.3 sameArrival=3 tickGapMax=2 renderFrames=48 interpolation=48 extrapolation=0 extrapolationCapped=0 extrapolationMaxMs=0.0 oldestHeld=0 zeroSpan=6 movingFrozen=0 teleport=0 visualStepAvgCm=0.00 visualStepMaxCm=0.00
[rubber-banding][remote-render] time=221.511 frame=13608 entity=1 latestHostTick=8172 buffer=8 windowMs=1020.5 fps=45.1 snapshots=30 arrivalSamples=30 arrivalAvgMs=34.0 arrivalP95Ms=64.8 arrivalMaxMs=66.7 sameArrival=3 tickGapMax=2 renderFrames=46 interpolation=46 extrapolation=0 extrapolationCapped=0 extrapolationMaxMs=0.0 oldestHeld=0 zeroSpan=5 movingFrozen=0 teleport=0 visualStepAvgCm=0.00 visualStepMaxCm=0.00
[rubber-banding][remote-render] time=221.511 frame=13608 entity=2 latestHostTick=8172 buffer=8 windowMs=1020.5 fps=45.1 snapshots=30 arrivalSamples=30 arrivalAvgMs=34.0 arrivalP95Ms=64.8 arrivalMaxMs=66.7 sameArrival=3 tickGapMax=2 renderFrames=46 interpolation=46 extrapolation=0 extrapolationCapped=0 extrapolationMaxMs=0.0 oldestHeld=0 zeroSpan=5 movingFrozen=0 teleport=0 visualStepAvgCm=10.46 visualStepMaxCm=27.80
[rubber-banding][large-step] time=221.511 frame=13608 focused=0 entity=2 buffer=8 count=1 maxStepCm=27.80 horizontalCm=17.04 verticalCm=21.96 frameDeltaMs=42.6 renderTickDelta=2.558 fromTick=8162 toTick=8164 tickSpan=2 receivedSpanMs=50.1 t=0.531 renderOffsetMs=-15.6 sourceHorizontalCm=13.32 sourceVerticalCm=15.87 fromGrounded=0 toGrounded=0 velocity=(3.906, 4.595, -0.850) expectedTravelCm=25.96 teleport=0 previous=(-8.034, 0.367, -6.026) rendered=(-7.868, 0.586, -6.062)
[rubber-banding][jump-step] time=221.511 frame=13608 focused=0 entity=2 buffer=8 count=8 maxVerticalCm=21.96 horizontalCm=17.04 verticalCm=21.96 frameDeltaMs=42.6 renderTickDelta=2.558 fromTick=8162 toTick=8164 tickSpan=2 receivedSpanMs=50.1 t=0.531 renderOffsetMs=-15.6 sourceHorizontalCm=13.32 sourceVerticalCm=15.87 fromGrounded=0 toGrounded=0 velocity=(3.906, 4.595, -0.850) expectedTravelCm=25.96 teleport=0 previous=(-8.034, 0.367, -6.026) rendered=(-7.868, 0.586, -6.062)
[rubber-banding][remote-render] time=221.511 frame=13608 entity=3 latestHostTick=8172 buffer=8 windowMs=1020.5 fps=45.1 snapshots=30 arrivalSamples=30 arrivalAvgMs=34.0 arrivalP95Ms=64.8 arrivalMaxMs=66.7 sameArrival=3 tickGapMax=2 renderFrames=46 interpolation=46 extrapolation=0 extrapolationCapped=0 extrapolationMaxMs=0.0 oldestHeld=0 zeroSpan=5 movingFrozen=0 teleport=0 visualStepAvgCm=0.00 visualStepMaxCm=0.00
[rubber-banding][remote-render] time=222.520 frame=13653 entity=1 latestHostTick=8234 buffer=8 windowMs=1009.2 fps=44.6 snapshots=31 arrivalSamples=31 arrivalAvgMs=32.6 arrivalP95Ms=58.9 arrivalMaxMs=67.8 sameArrival=1 tickGapMax=2 renderFrames=45 interpolation=45 extrapolation=0 extrapolationCapped=0 extrapolationMaxMs=0.0 oldestHeld=0 zeroSpan=1 movingFrozen=0 teleport=0 visualStepAvgCm=0.00 visualStepMaxCm=0.00
[rubber-banding][remote-render] time=222.520 frame=13653 entity=2 latestHostTick=8234 buffer=8 windowMs=1009.2 fps=44.6 snapshots=31 arrivalSamples=31 arrivalAvgMs=32.6 arrivalP95Ms=58.9 arrivalMaxMs=67.8 sameArrival=1 tickGapMax=2 renderFrames=45 interpolation=45 extrapolation=0 extrapolationCapped=0 extrapolationMaxMs=0.0 oldestHeld=0 zeroSpan=1 movingFrozen=0 teleport=0 visualStepAvgCm=11.21 visualStepMaxCm=24.37
[rubber-banding][jump-step] time=222.520 frame=13653 focused=0 entity=2 buffer=8 count=8 maxVerticalCm=20.27 horizontalCm=13.53 verticalCm=20.27 frameDeltaMs=33.8 renderTickDelta=2.031 fromTick=8204 toTick=8206 tickSpan=2 receivedSpanMs=17.0 t=0.159 renderOffsetMs=-28.0 sourceHorizontalCm=13.32 sourceVerticalCm=18.09 fromGrounded=0 toGrounded=0 velocity=(3.906, 5.262, -0.850) expectedTravelCm=22.36 teleport=0 previous=(-5.314, 0.147, -6.618) rendered=(-5.182, 0.350, -6.647)
[rubber-banding][remote-render] time=222.520 frame=13653 entity=3 latestHostTick=8234 buffer=8 windowMs=1009.2 fps=44.6 snapshots=31 arrivalSamples=31 arrivalAvgMs=32.6 arrivalP95Ms=58.9 arrivalMaxMs=67.8 sameArrival=1 tickGapMax=2 renderFrames=45 interpolation=45 extrapolation=0 extrapolationCapped=0 extrapolationMaxMs=0.0 oldestHeld=0 zeroSpan=1 movingFrozen=0 teleport=0 visualStepAvgCm=0.00 visualStepMaxCm=0.00
[rubber-banding][remote-render] time=223.534 frame=13700 entity=1 latestHostTick=8294 buffer=8 windowMs=1013.3 fps=46.4 snapshots=30 arrivalSamples=30 arrivalAvgMs=33.2 arrivalP95Ms=58.3 arrivalMaxMs=75.8 sameArrival=1 tickGapMax=2 renderFrames=47 interpolation=47 extrapolation=0 extrapolationCapped=0 extrapolationMaxMs=0.0 oldestHeld=0 zeroSpan=1 movingFrozen=0 teleport=0 visualStepAvgCm=0.00 visualStepMaxCm=0.00
[rubber-banding][remote-render] time=223.534 frame=13700 entity=2 latestHostTick=8294 buffer=8 windowMs=1013.3 fps=46.4 snapshots=30 arrivalSamples=30 arrivalAvgMs=33.2 arrivalP95Ms=58.3 arrivalMaxMs=75.8 sameArrival=1 tickGapMax=2 renderFrames=47 interpolation=47 extrapolation=0 extrapolationCapped=0 extrapolationMaxMs=0.0 oldestHeld=0 zeroSpan=1 movingFrozen=0 teleport=0 visualStepAvgCm=11.56 visualStepMaxCm=26.03
[rubber-banding][large-step] time=223.534 frame=13700 focused=0 entity=2 buffer=8 count=1 maxStepCm=26.03 horizontalCm=16.72 verticalCm=19.95 frameDeltaMs=41.8 renderTickDelta=2.509 fromTick=8254 toTick=8256 tickSpan=2 receivedSpanMs=26.2 t=0.607 renderOffsetMs=-13.1 sourceHorizontalCm=13.33 sourceVerticalCm=14.76 fromGrounded=0 toGrounded=0 velocity=(2.886, 4.262, -2.769) expectedTravelCm=24.44 teleport=0 previous=(-2.195, 0.474, -7.693) rendered=(-2.074, 0.674, -7.808)
[rubber-banding][jump-step] time=223.534 frame=13700 focused=0 entity=2 buffer=8 count=10 maxVerticalCm=19.95 horizontalCm=16.72 verticalCm=19.95 frameDeltaMs=41.8 renderTickDelta=2.509 fromTick=8254 toTick=8256 tickSpan=2 receivedSpanMs=26.2 t=0.607 renderOffsetMs=-13.1 sourceHorizontalCm=13.33 sourceVerticalCm=14.76 fromGrounded=0 toGrounded=0 velocity=(2.886, 4.262, -2.769) expectedTravelCm=24.44 teleport=0 previous=(-2.195, 0.474, -7.693) rendered=(-2.074, 0.674, -7.808)
[rubber-banding][remote-render] time=223.534 frame=13700 entity=3 latestHostTick=8294 buffer=8 windowMs=1013.3 fps=46.4 snapshots=30 arrivalSamples=30 arrivalAvgMs=33.2 arrivalP95Ms=58.3 arrivalMaxMs=75.8 sameArrival=1 tickGapMax=2 renderFrames=47 interpolation=47 extrapolation=0 extrapolationCapped=0 extrapolationMaxMs=0.0 oldestHeld=0 zeroSpan=1 movingFrozen=0 teleport=0 visualStepAvgCm=0.00 visualStepMaxCm=0.00
[rubber-banding][remote-render] time=224.540 frame=13748 entity=1 latestHostTick=8354 buffer=8 windowMs=1006.5 fps=47.7 snapshots=30 arrivalSamples=30 arrivalAvgMs=33.2 arrivalP95Ms=59.9 arrivalMaxMs=60.3 sameArrival=1 tickGapMax=2 renderFrames=48 interpolation=48 extrapolation=0 extrapolationCapped=0 extrapolationMaxMs=0.0 oldestHeld=0 zeroSpan=1 movingFrozen=0 teleport=0 visualStepAvgCm=0.00 visualStepMaxCm=0.00
[rubber-banding][remote-render] time=224.540 frame=13748 entity=2 latestHostTick=8354 buffer=8 windowMs=1006.5 fps=47.7 snapshots=30 arrivalSamples=30 arrivalAvgMs=33.2 arrivalP95Ms=59.9 arrivalMaxMs=60.3 sameArrival=1 tickGapMax=2 renderFrames=48 interpolation=48 extrapolation=0 extrapolationCapped=0 extrapolationMaxMs=0.0 oldestHeld=0 zeroSpan=1 movingFrozen=0 teleport=0 visualStepAvgCm=10.39 visualStepMaxCm=18.61
[rubber-banding][jump-step] time=224.540 frame=13748 focused=0 entity=2 buffer=8 count=9 maxVerticalCm=15.48 horizontalCm=10.34 verticalCm=15.48 frameDeltaMs=25.0 renderTickDelta=1.551 fromTick=8292 toTick=8294 tickSpan=2 receivedSpanMs=25.0 t=0.511 renderOffsetMs=-16.3 sourceHorizontalCm=13.33 sourceVerticalCm=19.21 fromGrounded=0 toGrounded=0 velocity=(1.631, 5.595, -3.653) expectedTravelCm=17.20 teleport=0 previous=(-0.475, 0.166, -9.607) rendered=(-0.433, 0.320, -9.702)
[rubber-banding][remote-render] time=224.540 frame=13748 entity=3 latestHostTick=8354 buffer=8 windowMs=1006.5 fps=47.7 snapshots=30 arrivalSamples=30 arrivalAvgMs=33.2 arrivalP95Ms=59.9 arrivalMaxMs=60.3 sameArrival=1 tickGapMax=2 renderFrames=48 interpolation=48 extrapolation=0 extrapolationCapped=0 extrapolationMaxMs=0.0 oldestHeld=0 zeroSpan=1 movingFrozen=0 teleport=0 visualStepAvgCm=0.00 visualStepMaxCm=0.00
[rubber-banding][remote-render] time=225.544 frame=13792 entity=1 latestHostTick=8414 buffer=8 windowMs=1004.0 fps=43.8 snapshots=30 arrivalSamples=30 arrivalAvgMs=34.3 arrivalP95Ms=51.8 arrivalMaxMs=59.0 sameArrival=2 tickGapMax=2 renderFrames=44 interpolation=44 extrapolation=0 extrapolationCapped=0 extrapolationMaxMs=0.0 oldestHeld=0 zeroSpan=3 movingFrozen=0 teleport=0 visualStepAvgCm=0.00 visualStepMaxCm=0.00
[rubber-banding][remote-render] time=225.544 frame=13792 entity=2 latestHostTick=8414 buffer=8 windowMs=1004.0 fps=43.8 snapshots=30 arrivalSamples=30 arrivalAvgMs=34.3 arrivalP95Ms=51.8 arrivalMaxMs=59.0 sameArrival=2 tickGapMax=2 renderFrames=44 interpolation=44 extrapolation=0 extrapolationCapped=0 extrapolationMaxMs=0.0 oldestHeld=0 zeroSpan=3 movingFrozen=0 teleport=0 visualStepAvgCm=10.86 visualStepMaxCm=22.07
[rubber-banding][jump-step] time=225.544 frame=13792 focused=0 entity=2 buffer=8 count=7 maxVerticalCm=17.53 horizontalCm=13.41 verticalCm=17.53 frameDeltaMs=33.6 renderTickDelta=2.013 fromTick=8374 toTick=8376 tickSpan=2 receivedSpanMs=59.0 t=0.818 renderOffsetMs=-6.1 sourceHorizontalCm=13.32 sourceVerticalCm=21.43 fromGrounded=1 toGrounded=0 velocity=(0.850, 6.262, -3.906) expectedTravelCm=24.93 teleport=0 previous=(1.446, 0.008, -14.726) rendered=(1.475, 0.183, -14.857)
[rubber-banding][remote-render] time=225.544 frame=13792 entity=3 latestHostTick=8414 buffer=8 windowMs=1004.0 fps=43.8 snapshots=30 arrivalSamples=30 arrivalAvgMs=34.3 arrivalP95Ms=51.8 arrivalMaxMs=59.0 sameArrival=2 tickGapMax=2 renderFrames=44 interpolation=44 extrapolation=0 extrapolationCapped=0 extrapolationMaxMs=0.0 oldestHeld=0 zeroSpan=3 movingFrozen=0 teleport=0 visualStepAvgCm=0.00 visualStepMaxCm=0.00
[rubber-banding][remote-render] time=226.563 frame=13835 entity=1 latestHostTick=8474 buffer=8 windowMs=1018.4 fps=42.2 snapshots=30 arrivalSamples=30 arrivalAvgMs=32.6 arrivalP95Ms=58.3 arrivalMaxMs=67.9 sameArrival=3 tickGapMax=2 renderFrames=43 interpolation=43 extrapolation=0 extrapolationCapped=0 extrapolationMaxMs=0.0 oldestHeld=0 zeroSpan=5 movingFrozen=0 teleport=0 visualStepAvgCm=0.00 visualStepMaxCm=0.00
[rubber-banding][remote-render] time=226.563 frame=13835 entity=2 latestHostTick=8474 buffer=8 windowMs=1018.4 fps=42.2 snapshots=30 arrivalSamples=30 arrivalAvgMs=32.6 arrivalP95Ms=58.3 arrivalMaxMs=67.9 sameArrival=3 tickGapMax=2 renderFrames=43 interpolation=43 extrapolation=0 extrapolationCapped=0 extrapolationMaxMs=0.0 oldestHeld=0 zeroSpan=5 movingFrozen=0 teleport=0 visualStepAvgCm=11.74 visualStepMaxCm=23.37
[rubber-banding][jump-step] time=226.563 frame=13835 focused=0 entity=2 buffer=8 count=14 maxVerticalCm=18.91 horizontalCm=13.73 verticalCm=18.91 frameDeltaMs=34.4 renderTickDelta=2.062 fromTick=8422 toTick=8424 tickSpan=2 receivedSpanMs=8.4 t=0.917 renderOffsetMs=-2.8 sourceHorizontalCm=13.32 sourceVerticalCm=18.09 fromGrounded=0 toGrounded=0 velocity=(0.850, 5.262, -3.906) expectedTravelCm=22.71 teleport=0 previous=(2.129, 0.298, -17.860) rendered=(2.158, 0.487, -17.994)
[rubber-banding][remote-render] time=226.563 frame=13835 entity=3 latestHostTick=8474 buffer=8 windowMs=1018.4 fps=42.2 snapshots=30 arrivalSamples=30 arrivalAvgMs=32.6 arrivalP95Ms=58.3 arrivalMaxMs=67.9 sameArrival=3 tickGapMax=2 renderFrames=43 interpolation=43 extrapolation=0 extrapolationCapped=0 extrapolationMaxMs=0.0 oldestHeld=0 zeroSpan=5 movingFrozen=0 teleport=0 visualStepAvgCm=0.00 visualStepMaxCm=0.00
[rubber-banding][remote-render] time=227.579 frame=13879 entity=1 latestHostTick=8536 buffer=8 windowMs=1016.1 fps=43.3 snapshots=31 arrivalSamples=31 arrivalAvgMs=34.1 arrivalP95Ms=66.7 arrivalMaxMs=71.1 sameArrival=3 tickGapMax=2 renderFrames=44 interpolation=44 extrapolation=0 extrapolationCapped=0 extrapolationMaxMs=0.0 oldestHeld=0 zeroSpan=5 movingFrozen=0 teleport=0 visualStepAvgCm=0.00 visualStepMaxCm=0.00
[rubber-banding][remote-render] time=227.579 frame=13879 entity=2 latestHostTick=8536 buffer=8 windowMs=1016.1 fps=43.3 snapshots=31 arrivalSamples=31 arrivalAvgMs=34.1 arrivalP95Ms=66.7 arrivalMaxMs=71.1 sameArrival=3 tickGapMax=2 renderFrames=44 interpolation=44 extrapolation=0 extrapolationCapped=0 extrapolationMaxMs=0.0 oldestHeld=0 zeroSpan=5 movingFrozen=0 teleport=0 visualStepAvgCm=6.51 visualStepMaxCm=22.43
[rubber-banding][jump-step] time=227.579 frame=13879 focused=0 entity=2 buffer=8 count=11 maxVerticalCm=22.43 horizontalCm=0.00 verticalCm=22.43 frameDeltaMs=52.9 renderTickDelta=3.171 fromTick=8500 toTick=8502 tickSpan=2 receivedSpanMs=43.4 t=0.803 renderOffsetMs=-6.6 sourceHorizontalCm=0.00 sourceVerticalCm=15.24 fromGrounded=0 toGrounded=0 velocity=(0.000, -4.738, 0.000) expectedTravelCm=25.05 teleport=0 previous=(2.706, 0.804, -20.511) rendered=(2.706, 0.579, -20.511)
[rubber-banding][remote-render] time=227.579 frame=13879 entity=3 latestHostTick=8536 buffer=8 windowMs=1016.1 fps=43.3 snapshots=31 arrivalSamples=31 arrivalAvgMs=34.1 arrivalP95Ms=66.7 arrivalMaxMs=71.1 sameArrival=3 tickGapMax=2 renderFrames=44 interpolation=44 extrapolation=0 extrapolationCapped=0 extrapolationMaxMs=0.0 oldestHeld=0 zeroSpan=5 movingFrozen=0 teleport=0 visualStepAvgCm=0.00 visualStepMaxCm=0.00
[rubber-banding][remote-render] time=228.586 frame=13923 entity=1 latestHostTick=8596 buffer=8 windowMs=1006.7 fps=43.7 snapshots=30 arrivalSamples=30 arrivalAvgMs=32.7 arrivalP95Ms=59.3 arrivalMaxMs=61.0 sameArrival=0 tickGapMax=2 renderFrames=44 interpolation=44 extrapolation=0 extrapolationCapped=0 extrapolationMaxMs=0.0 oldestHeld=0 zeroSpan=0 movingFrozen=0 teleport=0 visualStepAvgCm=0.00 visualStepMaxCm=0.00
[rubber-banding][remote-render] time=228.586 frame=13923 entity=2 latestHostTick=8596 buffer=8 windowMs=1006.7 fps=43.7 snapshots=30 arrivalSamples=30 arrivalAvgMs=32.7 arrivalP95Ms=59.3 arrivalMaxMs=61.0 sameArrival=0 tickGapMax=2 renderFrames=44 interpolation=44 extrapolation=0 extrapolationCapped=0 extrapolationMaxMs=0.0 oldestHeld=0 zeroSpan=0 movingFrozen=0 teleport=0 visualStepAvgCm=5.67 visualStepMaxCm=15.22
[rubber-banding][jump-step] time=228.586 frame=13923 focused=0 entity=2 buffer=8 count=10 maxVerticalCm=15.22 horizontalCm=0.00 verticalCm=15.22 frameDeltaMs=25.5 renderTickDelta=1.529 fromTick=8568 toTick=8570 tickSpan=2 receivedSpanMs=50.9 t=0.524 renderOffsetMs=-15.9 sourceHorizontalCm=0.00 sourceVerticalCm=19.21 fromGrounded=0 toGrounded=0 velocity=(0.000, 5.595, 0.000) expectedTravelCm=14.26 teleport=0 previous=(2.706, 0.171, -20.511) rendered=(2.706, 0.323, -20.511)
[rubber-banding][remote-render] time=228.586 frame=13923 entity=3 latestHostTick=8596 buffer=8 windowMs=1006.7 fps=43.7 snapshots=30 arrivalSamples=30 arrivalAvgMs=32.7 arrivalP95Ms=59.3 arrivalMaxMs=61.0 sameArrival=0 tickGapMax=2 renderFrames=44 interpolation=44 extrapolation=0 extrapolationCapped=0 extrapolationMaxMs=0.0 oldestHeld=0 zeroSpan=0 movingFrozen=0 teleport=0 visualStepAvgCm=0.00 visualStepMaxCm=0.00
[rubber-banding][remote-render] time=229.586 frame=13968 entity=1 latestHostTick=8656 buffer=8 windowMs=1001.0 fps=45.0 snapshots=30 arrivalSamples=30 arrivalAvgMs=33.6 arrivalP95Ms=51.9 arrivalMaxMs=59.0 sameArrival=1 tickGapMax=2 renderFrames=45 interpolation=45 extrapolation=0 extrapolationCapped=0 extrapolationMaxMs=0.0 oldestHeld=0 zeroSpan=2 movingFrozen=0 teleport=0 visualStepAvgCm=0.00 visualStepMaxCm=0.00
[rubber-banding][remote-render] time=229.586 frame=13968 entity=2 latestHostTick=8656 buffer=8 windowMs=1001.0 fps=45.0 snapshots=30 arrivalSamples=30 arrivalAvgMs=33.6 arrivalP95Ms=51.9 arrivalMaxMs=59.0 sameArrival=1 tickGapMax=2 renderFrames=45 interpolation=45 extrapolation=0 extrapolationCapped=0 extrapolationMaxMs=0.0 oldestHeld=0 zeroSpan=2 movingFrozen=0 teleport=0 visualStepAvgCm=7.14 visualStepMaxCm=19.96
[rubber-banding][jump-step] time=229.586 frame=13968 focused=0 entity=2 buffer=8 count=9 maxVerticalCm=19.96 horizontalCm=0.00 verticalCm=19.96 frameDeltaMs=34.0 renderTickDelta=2.038 fromTick=8650 toTick=8652 tickSpan=2 receivedSpanMs=50.0 t=0.975 renderOffsetMs=-0.8 sourceHorizontalCm=0.00 sourceVerticalCm=19.68 fromGrounded=0 toGrounded=0 velocity=(0.000, -6.072, 0.000) expectedTravelCm=20.62 teleport=0 previous=(2.706, 0.383, -20.511) rendered=(2.706, 0.183, -20.511)
[rubber-banding][remote-render] time=229.586 frame=13968 entity=3 latestHostTick=8656 buffer=8 windowMs=1001.0 fps=45.0 snapshots=30 arrivalSamples=30 arrivalAvgMs=33.6 arrivalP95Ms=51.9 arrivalMaxMs=59.0 sameArrival=1 tickGapMax=2 renderFrames=45 interpolation=45 extrapolation=0 extrapolationCapped=0 extrapolationMaxMs=0.0 oldestHeld=0 zeroSpan=2 movingFrozen=0 teleport=0 visualStepAvgCm=0.00 visualStepMaxCm=0.00
[rubber-banding][remote-render] time=230.601 frame=14011 entity=1 latestHostTick=8718 buffer=8 windowMs=1014.2 fps=42.4 snapshots=31 arrivalSamples=31 arrivalAvgMs=33.3 arrivalP95Ms=66.8 arrivalMaxMs=67.2 sameArrival=3 tickGapMax=2 renderFrames=43 interpolation=43 extrapolation=0 extrapolationCapped=0 extrapolationMaxMs=0.0 oldestHeld=0 zeroSpan=3 movingFrozen=0 teleport=0 visualStepAvgCm=0.00 visualStepMaxCm=0.00
[rubber-banding][remote-render] time=230.601 frame=14011 entity=2 latestHostTick=8718 buffer=8 windowMs=1014.2 fps=42.4 snapshots=31 arrivalSamples=31 arrivalAvgMs=33.3 arrivalP95Ms=66.8 arrivalMaxMs=67.2 sameArrival=3 tickGapMax=2 renderFrames=43 interpolation=43 extrapolation=0 extrapolationCapped=0 extrapolationMaxMs=0.0 oldestHeld=0 zeroSpan=3 movingFrozen=0 teleport=0 visualStepAvgCm=2.28 visualStepMaxCm=19.69
[rubber-banding][jump-step] time=230.601 frame=14011 focused=0 entity=2 buffer=8 count=4 maxVerticalCm=19.69 horizontalCm=0.00 verticalCm=19.69 frameDeltaMs=33.4 renderTickDelta=2.006 fromTick=8704 toTick=8706 tickSpan=2 receivedSpanMs=8.3 t=0.929 renderOffsetMs=-2.4 sourceHorizontalCm=0.00 sourceVerticalCm=20.32 fromGrounded=0 toGrounded=0 velocity=(0.000, 5.928, 0.000) expectedTravelCm=19.82 teleport=0 previous=(2.706, 0.110, -20.511) rendered=(2.706, 0.307, -20.511)
[rubber-banding][remote-render] time=230.601 frame=14011 entity=3 latestHostTick=8718 buffer=8 windowMs=1014.2 fps=42.4 snapshots=31 arrivalSamples=31 arrivalAvgMs=33.3 arrivalP95Ms=66.8 arrivalMaxMs=67.2 sameArrival=3 tickGapMax=2 renderFrames=43 interpolation=43 extrapolation=0 extrapolationCapped=0 extrapolationMaxMs=0.0 oldestHeld=0 zeroSpan=3 movingFrozen=0 teleport=0 visualStepAvgCm=0.00 visualStepMaxCm=0.00
[rubber-banding][remote-render] time=231.606 frame=14058 entity=1 latestHostTick=8778 buffer=8 windowMs=1005.8 fps=46.7 snapshots=30 arrivalSamples=30 arrivalAvgMs=32.7 arrivalP95Ms=64.2 arrivalMaxMs=66.6 sameArrival=2 tickGapMax=2 renderFrames=47 interpolation=47 extrapolation=0 extrapolationCapped=0 extrapolationMaxMs=0.0 oldestHeld=0 zeroSpan=3 movingFrozen=0 teleport=0 visualStepAvgCm=0.00 visualStepMaxCm=0.00
[rubber-banding][remote-render] time=231.606 frame=14058 entity=2 latestHostTick=8778 buffer=8 windowMs=1005.8 fps=46.7 snapshots=30 arrivalSamples=30 arrivalAvgMs=32.7 arrivalP95Ms=64.2 arrivalMaxMs=66.6 sameArrival=2 tickGapMax=2 renderFrames=47 interpolation=47 extrapolation=0 extrapolationCapped=0 extrapolationMaxMs=0.0 oldestHeld=0 zeroSpan=3 movingFrozen=0 teleport=0 visualStepAvgCm=5.46 visualStepMaxCm=25.27
[rubber-banding][large-step] time=231.606 frame=14058 focused=0 entity=2 buffer=8 count=1 maxStepCm=25.27 horizontalCm=0.00 verticalCm=25.27 frameDeltaMs=50.4 renderTickDelta=3.024 fromTick=8740 toTick=8742 tickSpan=2 receivedSpanMs=8.4 t=0.001 renderOffsetMs=-33.3 sourceHorizontalCm=0.00 sourceVerticalCm=19.68 fromGrounded=0 toGrounded=0 velocity=(0.000, -6.072, 0.000) expectedTravelCm=30.60 teleport=0 previous=(2.706, 0.627, -20.511) rendered=(2.706, 0.375, -20.511)
[rubber-banding][jump-step] time=231.606 frame=14058 focused=0 entity=2 buffer=8 count=7 maxVerticalCm=25.27 horizontalCm=0.00 verticalCm=25.27 frameDeltaMs=50.4 renderTickDelta=3.024 fromTick=8740 toTick=8742 tickSpan=2 receivedSpanMs=8.4 t=0.001 renderOffsetMs=-33.3 sourceHorizontalCm=0.00 sourceVerticalCm=19.68 fromGrounded=0 toGrounded=0 velocity=(0.000, -6.072, 0.000) expectedTravelCm=30.60 teleport=0 previous=(2.706, 0.627, -20.511) rendered=(2.706, 0.375, -20.511)
[rubber-banding][remote-render] time=231.606 frame=14058 entity=3 latestHostTick=8778 buffer=8 windowMs=1005.8 fps=46.7 snapshots=30 arrivalSamples=30 arrivalAvgMs=32.7 arrivalP95Ms=64.2 arrivalMaxMs=66.6 sameArrival=2 tickGapMax=2 renderFrames=47 interpolation=47 extrapolation=0 extrapolationCapped=0 extrapolationMaxMs=0.0 oldestHeld=0 zeroSpan=3 movingFrozen=0 teleport=0 visualStepAvgCm=0.00 visualStepMaxCm=0.00
[rubber-banding][remote-render] time=232.617 frame=14100 entity=1 latestHostTick=8838 buffer=8 windowMs=1010.0 fps=41.6 snapshots=30 arrivalSamples=30 arrivalAvgMs=34.5 arrivalP95Ms=66.7 arrivalMaxMs=68.7 sameArrival=4 tickGapMax=2 renderFrames=42 interpolation=42 extrapolation=0 extrapolationCapped=0 extrapolationMaxMs=0.0 oldestHeld=0 zeroSpan=7 movingFrozen=0 teleport=0 visualStepAvgCm=0.00 visualStepMaxCm=0.00
[rubber-banding][remote-render] time=232.617 frame=14100 entity=2 latestHostTick=8838 buffer=8 windowMs=1010.0 fps=41.6 snapshots=30 arrivalSamples=30 arrivalAvgMs=34.5 arrivalP95Ms=66.7 arrivalMaxMs=68.7 sameArrival=4 tickGapMax=2 renderFrames=42 interpolation=42 extrapolation=0 extrapolationCapped=0 extrapolationMaxMs=0.0 oldestHeld=0 zeroSpan=7 movingFrozen=0 teleport=0 visualStepAvgCm=2.62 visualStepMaxCm=18.77
[rubber-banding][jump-step] time=232.617 frame=14100 focused=0 entity=2 buffer=8 count=4 maxVerticalCm=18.77 horizontalCm=0.00 verticalCm=18.77 frameDeltaMs=34.6 renderTickDelta=2.148 fromTick=8786 toTick=8788 tickSpan=2 receivedSpanMs=43.1 t=0.547 renderOffsetMs=-15.1 sourceHorizontalCm=0.00 sourceVerticalCm=18.57 fromGrounded=0 toGrounded=0 velocity=(0.000, -5.738, 0.000) expectedTravelCm=19.88 teleport=0 previous=(2.706, 0.551, -20.511) rendered=(2.706, 0.363, -20.511)
[rubber-banding][remote-render] time=232.617 frame=14100 entity=3 latestHostTick=8838 buffer=8 windowMs=1010.0 fps=41.6 snapshots=30 arrivalSamples=30 arrivalAvgMs=34.5 arrivalP95Ms=66.7 arrivalMaxMs=68.7 sameArrival=4 tickGapMax=2 renderFrames=42 interpolation=42 extrapolation=0 extrapolationCapped=0 extrapolationMaxMs=0.0 oldestHeld=0 zeroSpan=7 movingFrozen=0 teleport=0 visualStepAvgCm=0.00 visualStepMaxCm=0.00
[rubber-banding][remote-render] time=233.625 frame=14150 entity=1 latestHostTick=8900 buffer=8 windowMs=1008.1 fps=49.6 snapshots=31 arrivalSamples=31 arrivalAvgMs=32.5 arrivalP95Ms=52.1 arrivalMaxMs=59.8 sameArrival=1 tickGapMax=2 renderFrames=50 interpolation=50 extrapolation=0 extrapolationCapped=0 extrapolationMaxMs=0.0 oldestHeld=0 zeroSpan=2 movingFrozen=0 teleport=0 visualStepAvgCm=0.00 visualStepMaxCm=0.00
[rubber-banding][remote-render] time=233.625 frame=14150 entity=2 latestHostTick=8900 buffer=8 windowMs=1008.1 fps=49.6 snapshots=31 arrivalSamples=31 arrivalAvgMs=32.5 arrivalP95Ms=52.1 arrivalMaxMs=59.8 sameArrival=1 tickGapMax=2 renderFrames=50 interpolation=50 extrapolation=0 extrapolationCapped=0 extrapolationMaxMs=0.0 oldestHeld=0 zeroSpan=2 movingFrozen=0 teleport=0 visualStepAvgCm=0.00 visualStepMaxCm=0.00
[rubber-banding][remote-render] time=233.625 frame=14150 entity=3 latestHostTick=8900 buffer=8 windowMs=1008.1 fps=49.6 snapshots=31 arrivalSamples=31 arrivalAvgMs=32.5 arrivalP95Ms=52.1 arrivalMaxMs=59.8 sameArrival=1 tickGapMax=2 renderFrames=50 interpolation=50 extrapolation=0 extrapolationCapped=0 extrapolationMaxMs=0.0 oldestHeld=0 zeroSpan=2 movingFrozen=0 teleport=0 visualStepAvgCm=0.00 visualStepMaxCm=0.00
[rubber-banding][remote-render] time=234.632 frame=14208 entity=1 latestHostTick=8960 buffer=8 windowMs=1007.6 fps=57.6 snapshots=30 arrivalSamples=30 arrivalAvgMs=33.6 arrivalP95Ms=51.2 arrivalMaxMs=51.4 sameArrival=1 tickGapMax=2 renderFrames=58 interpolation=58 extrapolation=0 extrapolationCapped=0 extrapolationMaxMs=0.0 oldestHeld=0 zeroSpan=2 movingFrozen=0 teleport=0 visualStepAvgCm=0.00 visualStepMaxCm=0.00
[rubber-banding][remote-render] time=234.632 frame=14208 entity=2 latestHostTick=8960 buffer=8 windowMs=1007.6 fps=57.6 snapshots=30 arrivalSamples=30 arrivalAvgMs=33.6 arrivalP95Ms=51.2 arrivalMaxMs=51.4 sameArrival=1 tickGapMax=2 renderFrames=58 interpolation=58 extrapolation=0 extrapolationCapped=0 extrapolationMaxMs=0.0 oldestHeld=0 zeroSpan=2 movingFrozen=0 teleport=0 visualStepAvgCm=0.00 visualStepMaxCm=0.00
[rubber-banding][remote-render] time=234.632 frame=14208 entity=3 latestHostTick=8960 buffer=8 windowMs=1007.6 fps=57.6 snapshots=30 arrivalSamples=30 arrivalAvgMs=33.6 arrivalP95Ms=51.2 arrivalMaxMs=51.4 sameArrival=1 tickGapMax=2 renderFrames=58 interpolation=58 extrapolation=0 extrapolationCapped=0 extrapolationMaxMs=0.0 oldestHeld=0 zeroSpan=2 movingFrozen=0 teleport=0 visualStepAvgCm=0.00 visualStepMaxCm=0.00
[rubber-banding][remote-render] time=235.646 frame=14265 entity=1 latestHostTick=9020 buffer=8 windowMs=1014.0 fps=56.2 snapshots=30 arrivalSamples=30 arrivalAvgMs=32.7 arrivalP95Ms=51.3 arrivalMaxMs=58.8 sameArrival=0 tickGapMax=2 renderFrames=57 interpolation=57 extrapolation=0 extrapolationCapped=0 extrapolationMaxMs=0.0 oldestHeld=0 zeroSpan=0 movingFrozen=0 teleport=0 visualStepAvgCm=0.00 visualStepMaxCm=0.00
[rubber-banding][remote-render] time=235.646 frame=14265 entity=2 latestHostTick=9020 buffer=8 windowMs=1014.0 fps=56.2 snapshots=30 arrivalSamples=30 arrivalAvgMs=32.7 arrivalP95Ms=51.3 arrivalMaxMs=58.8 sameArrival=0 tickGapMax=2 renderFrames=57 interpolation=57 extrapolation=0 extrapolationCapped=0 extrapolationMaxMs=0.0 oldestHeld=0 zeroSpan=0 movingFrozen=0 teleport=0 visualStepAvgCm=0.00 visualStepMaxCm=0.00
[rubber-banding][remote-render] time=235.646 frame=14265 entity=3 latestHostTick=9020 buffer=8 windowMs=1014.0 fps=56.2 snapshots=30 arrivalSamples=30 arrivalAvgMs=32.7 arrivalP95Ms=51.3 arrivalMaxMs=58.8 sameArrival=0 tickGapMax=2 renderFrames=57 interpolation=57 extrapolation=0 extrapolationCapped=0 extrapolationMaxMs=0.0 oldestHeld=0 zeroSpan=0 movingFrozen=0 teleport=0 visualStepAvgCm=0.00 visualStepMaxCm=0.00
[rubber-banding][remote-render] time=236.647 frame=14318 entity=1 latestHostTick=9084 buffer=8 windowMs=1000.2 fps=53.0 snapshots=32 arrivalSamples=32 arrivalAvgMs=32.3 arrivalP95Ms=91.7 arrivalMaxMs=91.7 sameArrival=0 tickGapMax=2 renderFrames=53 interpolation=53 extrapolation=0 extrapolationCapped=0 extrapolationMaxMs=0.0 oldestHeld=0 zeroSpan=0 movingFrozen=0 teleport=0 visualStepAvgCm=0.00 visualStepMaxCm=0.00
[rubber-banding][remote-render] time=236.647 frame=14318 entity=2 latestHostTick=9084 buffer=8 windowMs=1000.2 fps=53.0 snapshots=32 arrivalSamples=32 arrivalAvgMs=32.3 arrivalP95Ms=91.7 arrivalMaxMs=91.7 sameArrival=0 tickGapMax=2 renderFrames=53 interpolation=53 extrapolation=0 extrapolationCapped=0 extrapolationMaxMs=0.0 oldestHeld=0 zeroSpan=0 movingFrozen=0 teleport=0 visualStepAvgCm=0.00 visualStepMaxCm=0.00
[rubber-banding][remote-render] time=236.647 frame=14318 entity=3 latestHostTick=9084 buffer=8 windowMs=1000.2 fps=53.0 snapshots=32 arrivalSamples=32 arrivalAvgMs=32.3 arrivalP95Ms=91.7 arrivalMaxMs=91.7 sameArrival=0 tickGapMax=2 renderFrames=53 interpolation=53 extrapolation=0 extrapolationCapped=0 extrapolationMaxMs=0.0 oldestHeld=0 zeroSpan=0 movingFrozen=0 teleport=0 visualStepAvgCm=0.00 visualStepMaxCm=0.00
Direct3D: detected that IDXGISwapChain::GetFrameStatistics is broken (it does not return proper timestamps). Delta time will now be calculated using cpu-side time stampling until the game window is moved.
[rubber-banding][remote-render] time=237.647 frame=14369 entity=1 latestHostTick=9140 buffer=8 windowMs=1000.3 fps=51.0 snapshots=28 arrivalSamples=28 arrivalAvgMs=34.6 arrivalP95Ms=108.4 arrivalMaxMs=142.1 sameArrival=1 tickGapMax=2 renderFrames=51 interpolation=51 extrapolation=0 extrapolationCapped=0 extrapolationMaxMs=0.0 oldestHeld=0 zeroSpan=0 movingFrozen=0 teleport=0 visualStepAvgCm=0.00 visualStepMaxCm=0.00
[rubber-banding][remote-render] time=237.647 frame=14369 entity=2 latestHostTick=9140 buffer=8 windowMs=1000.3 fps=51.0 snapshots=28 arrivalSamples=28 arrivalAvgMs=34.6 arrivalP95Ms=108.4 arrivalMaxMs=142.1 sameArrival=1 tickGapMax=2 renderFrames=51 interpolation=51 extrapolation=0 extrapolationCapped=0 extrapolationMaxMs=0.0 oldestHeld=0 zeroSpan=0 movingFrozen=0 teleport=0 visualStepAvgCm=0.00 visualStepMaxCm=0.00
[rubber-banding][remote-render] time=237.647 frame=14369 entity=3 latestHostTick=9140 buffer=8 windowMs=1000.3 fps=51.0 snapshots=28 arrivalSamples=28 arrivalAvgMs=34.6 arrivalP95Ms=108.4 arrivalMaxMs=142.1 sameArrival=1 tickGapMax=2 renderFrames=51 interpolation=51 extrapolation=0 extrapolationCapped=0 extrapolationMaxMs=0.0 oldestHeld=0 zeroSpan=0 movingFrozen=0 teleport=0 visualStepAvgCm=0.00 visualStepMaxCm=0.00
[rubber-banding][remote-render] time=238.663 frame=14421 entity=1 latestHostTick=9202 buffer=8 windowMs=1015.6 fps=51.2 snapshots=31 arrivalSamples=31 arrivalAvgMs=33.8 arrivalP95Ms=67.9 arrivalMaxMs=67.9 sameArrival=2 tickGapMax=2 renderFrames=52 interpolation=52 extrapolation=0 extrapolationCapped=0 extrapolationMaxMs=0.0 oldestHeld=0 zeroSpan=3 movingFrozen=0 teleport=0 visualStepAvgCm=0.00 visualStepMaxCm=0.00
[rubber-banding][remote-render] time=238.663 frame=14421 entity=2 latestHostTick=9202 buffer=8 windowMs=1015.6 fps=51.2 snapshots=31 arrivalSamples=31 arrivalAvgMs=33.8 arrivalP95Ms=67.9 arrivalMaxMs=67.9 sameArrival=2 tickGapMax=2 renderFrames=52 interpolation=52 extrapolation=0 extrapolationCapped=0 extrapolationMaxMs=0.0 oldestHeld=0 zeroSpan=3 movingFrozen=0 teleport=0 visualStepAvgCm=0.00 visualStepMaxCm=0.00
[rubber-banding][remote-render] time=238.663 frame=14421 entity=3 latestHostTick=9202 buffer=8 windowMs=1015.6 fps=51.2 snapshots=31 arrivalSamples=31 arrivalAvgMs=33.8 arrivalP95Ms=67.9 arrivalMaxMs=67.9 sameArrival=2 tickGapMax=2 renderFrames=52 interpolation=52 extrapolation=0 extrapolationCapped=0 extrapolationMaxMs=0.0 oldestHeld=0 zeroSpan=3 movingFrozen=0 teleport=0 visualStepAvgCm=0.00 visualStepMaxCm=0.00
[rubber-banding][remote-render] time=239.672 frame=14472 entity=1 latestHostTick=9262 buffer=8 windowMs=1009.3 fps=50.5 snapshots=30 arrivalSamples=30 arrivalAvgMs=33.6 arrivalP95Ms=54.0 arrivalMaxMs=59.7 sameArrival=3 tickGapMax=2 renderFrames=51 interpolation=51 extrapolation=0 extrapolationCapped=0 extrapolationMaxMs=0.0 oldestHeld=0 zeroSpan=4 movingFrozen=0 teleport=0 visualStepAvgCm=0.00 visualStepMaxCm=0.00
[rubber-banding][remote-render] time=239.672 frame=14472 entity=2 latestHostTick=9262 buffer=8 windowMs=1009.3 fps=50.5 snapshots=30 arrivalSamples=30 arrivalAvgMs=33.6 arrivalP95Ms=54.0 arrivalMaxMs=59.7 sameArrival=3 tickGapMax=2 renderFrames=51 interpolation=51 extrapolation=0 extrapolationCapped=0 extrapolationMaxMs=0.0 oldestHeld=0 zeroSpan=4 movingFrozen=0 teleport=0 visualStepAvgCm=0.00 visualStepMaxCm=0.00
[rubber-banding][remote-render] time=239.672 frame=14472 entity=3 latestHostTick=9262 buffer=8 windowMs=1009.3 fps=50.5 snapshots=30 arrivalSamples=30 arrivalAvgMs=33.6 arrivalP95Ms=54.0 arrivalMaxMs=59.7 sameArrival=3 tickGapMax=2 renderFrames=51 interpolation=51 extrapolation=0 extrapolationCapped=0 extrapolationMaxMs=0.0 oldestHeld=0 zeroSpan=4 movingFrozen=0 teleport=0 visualStepAvgCm=0.00 visualStepMaxCm=0.00
[rubber-banding][remote-render] time=240.680 frame=14528 entity=1 latestHostTick=9324 buffer=8 windowMs=1008.4 fps=55.5 snapshots=31 arrivalSamples=31 arrivalAvgMs=32.5 arrivalP95Ms=57.3 arrivalMaxMs=59.3 sameArrival=0 tickGapMax=2 renderFrames=56 interpolation=56 extrapolation=0 extrapolationCapped=0 extrapolationMaxMs=0.0 oldestHeld=0 zeroSpan=0 movingFrozen=0 teleport=0 visualStepAvgCm=0.00 visualStepMaxCm=0.00
[rubber-banding][remote-render] time=240.680 frame=14528 entity=2 latestHostTick=9324 buffer=8 windowMs=1008.4 fps=55.5 snapshots=31 arrivalSamples=31 arrivalAvgMs=32.5 arrivalP95Ms=57.3 arrivalMaxMs=59.3 sameArrival=0 tickGapMax=2 renderFrames=56 interpolation=56 extrapolation=0 extrapolationCapped=0 extrapolationMaxMs=0.0 oldestHeld=0 zeroSpan=0 movingFrozen=0 teleport=0 visualStepAvgCm=0.00 visualStepMaxCm=0.00
[rubber-banding][remote-render] time=240.680 frame=14528 entity=3 latestHostTick=9324 buffer=8 windowMs=1008.4 fps=55.5 snapshots=31 arrivalSamples=31 arrivalAvgMs=32.5 arrivalP95Ms=57.3 arrivalMaxMs=59.3 sameArrival=0 tickGapMax=2 renderFrames=56 interpolation=56 extrapolation=0 extrapolationCapped=0 extrapolationMaxMs=0.0 oldestHeld=0 zeroSpan=0 movingFrozen=0 teleport=0 visualStepAvgCm=0.00 visualStepMaxCm=0.00
[rubber-banding][remote-render] time=241.680 frame=14582 entity=1 latestHostTick=9382 buffer=8 windowMs=1000.1 fps=54.0 snapshots=29 arrivalSamples=29 arrivalAvgMs=33.9 arrivalP95Ms=50.6 arrivalMaxMs=53.0 sameArrival=0 tickGapMax=2 renderFrames=54 interpolation=54 extrapolation=0 extrapolationCapped=0 extrapolationMaxMs=0.0 oldestHeld=0 zeroSpan=0 movingFrozen=0 teleport=0 visualStepAvgCm=0.00 visualStepMaxCm=0.00
[rubber-banding][remote-render] time=241.680 frame=14582 entity=2 latestHostTick=9382 buffer=8 windowMs=1000.1 fps=54.0 snapshots=29 arrivalSamples=29 arrivalAvgMs=33.9 arrivalP95Ms=50.6 arrivalMaxMs=53.0 sameArrival=0 tickGapMax=2 renderFrames=54 interpolation=54 extrapolation=0 extrapolationCapped=0 extrapolationMaxMs=0.0 oldestHeld=0 zeroSpan=0 movingFrozen=0 teleport=0 visualStepAvgCm=0.00 visualStepMaxCm=0.00
[rubber-banding][remote-render] time=241.680 frame=14582 entity=3 latestHostTick=9382 buffer=8 windowMs=1000.1 fps=54.0 snapshots=29 arrivalSamples=29 arrivalAvgMs=33.9 arrivalP95Ms=50.6 arrivalMaxMs=53.0 sameArrival=0 tickGapMax=2 renderFrames=54 interpolation=54 extrapolation=0 extrapolationCapped=0 extrapolationMaxMs=0.0 oldestHeld=0 zeroSpan=0 movingFrozen=0 teleport=0 visualStepAvgCm=0.00 visualStepMaxCm=0.00
[rubber-banding][remote-render] time=242.697 frame=14634 entity=1 latestHostTick=9444 buffer=8 windowMs=1016.4 fps=51.2 snapshots=31 arrivalSamples=31 arrivalAvgMs=33.3 arrivalP95Ms=59.9 arrivalMaxMs=68.2 sameArrival=2 tickGapMax=2 renderFrames=52 interpolation=52 extrapolation=0 extrapolationCapped=0 extrapolationMaxMs=0.0 oldestHeld=0 zeroSpan=2 movingFrozen=0 teleport=0 visualStepAvgCm=0.00 visualStepMaxCm=0.00
[rubber-banding][remote-render] time=242.697 frame=14634 entity=2 latestHostTick=9444 buffer=8 windowMs=1016.4 fps=51.2 snapshots=31 arrivalSamples=31 arrivalAvgMs=33.3 arrivalP95Ms=59.9 arrivalMaxMs=68.2 sameArrival=2 tickGapMax=2 renderFrames=52 interpolation=52 extrapolation=0 extrapolationCapped=0 extrapolationMaxMs=0.0 oldestHeld=0 zeroSpan=2 movingFrozen=0 teleport=0 visualStepAvgCm=0.00 visualStepMaxCm=0.00
[rubber-banding][remote-render] time=242.697 frame=14634 entity=3 latestHostTick=9444 buffer=8 windowMs=1016.4 fps=51.2 snapshots=31 arrivalSamples=31 arrivalAvgMs=33.3 arrivalP95Ms=59.9 arrivalMaxMs=68.2 sameArrival=2 tickGapMax=2 renderFrames=52 interpolation=52 extrapolation=0 extrapolationCapped=0 extrapolationMaxMs=0.0 oldestHeld=0 zeroSpan=2 movingFrozen=0 teleport=0 visualStepAvgCm=0.00 visualStepMaxCm=0.00
[rubber-banding][remote-render] time=243.699 frame=14688 entity=1 latestHostTick=9504 buffer=8 windowMs=1002.6 fps=53.9 snapshots=30 arrivalSamples=30 arrivalAvgMs=33.4 arrivalP95Ms=52.5 arrivalMaxMs=53.0 sameArrival=0 tickGapMax=2 renderFrames=54 interpolation=54 extrapolation=0 extrapolationCapped=0 extrapolationMaxMs=0.0 oldestHeld=0 zeroSpan=0 movingFrozen=0 teleport=0 visualStepAvgCm=0.00 visualStepMaxCm=0.00
[rubber-banding][remote-render] time=243.699 frame=14688 entity=2 latestHostTick=9504 buffer=8 windowMs=1002.6 fps=53.9 snapshots=30 arrivalSamples=30 arrivalAvgMs=33.4 arrivalP95Ms=52.5 arrivalMaxMs=53.0 sameArrival=0 tickGapMax=2 renderFrames=54 interpolation=54 extrapolation=0 extrapolationCapped=0 extrapolationMaxMs=0.0 oldestHeld=0 zeroSpan=0 movingFrozen=0 teleport=0 visualStepAvgCm=0.00 visualStepMaxCm=0.00
[rubber-banding][remote-render] time=243.699 frame=14688 entity=3 latestHostTick=9504 buffer=8 windowMs=1002.6 fps=53.9 snapshots=30 arrivalSamples=30 arrivalAvgMs=33.4 arrivalP95Ms=52.5 arrivalMaxMs=53.0 sameArrival=0 tickGapMax=2 renderFrames=54 interpolation=54 extrapolation=0 extrapolationCapped=0 extrapolationMaxMs=0.0 oldestHeld=0 zeroSpan=0 movingFrozen=0 teleport=0 visualStepAvgCm=0.00 visualStepMaxCm=0.00
[rubber-banding][remote-render] time=244.713 frame=14739 entity=1 latestHostTick=9564 buffer=8 windowMs=1014.1 fps=50.3 snapshots=30 arrivalSamples=30 arrivalAvgMs=33.8 arrivalP95Ms=61.7 arrivalMaxMs=66.8 sameArrival=1 tickGapMax=2 renderFrames=51 interpolation=51 extrapolation=0 extrapolationCapped=0 extrapolationMaxMs=0.0 oldestHeld=0 zeroSpan=2 movingFrozen=0 teleport=0 visualStepAvgCm=0.00 visualStepMaxCm=0.00
[rubber-banding][remote-render] time=244.713 frame=14739 entity=2 latestHostTick=9564 buffer=8 windowMs=1014.1 fps=50.3 snapshots=30 arrivalSamples=30 arrivalAvgMs=33.8 arrivalP95Ms=61.7 arrivalMaxMs=66.8 sameArrival=1 tickGapMax=2 renderFrames=51 interpolation=51 extrapolation=0 extrapolationCapped=0 extrapolationMaxMs=0.0 oldestHeld=0 zeroSpan=2 movingFrozen=0 teleport=0 visualStepAvgCm=0.00 visualStepMaxCm=0.00
[rubber-banding][remote-render] time=244.713 frame=14739 entity=3 latestHostTick=9564 buffer=8 windowMs=1014.1 fps=50.3 snapshots=30 arrivalSamples=30 arrivalAvgMs=33.8 arrivalP95Ms=61.7 arrivalMaxMs=66.8 sameArrival=1 tickGapMax=2 renderFrames=51 interpolation=51 extrapolation=0 extrapolationCapped=0 extrapolationMaxMs=0.0 oldestHeld=0 zeroSpan=2 movingFrozen=0 teleport=0 visualStepAvgCm=0.00 visualStepMaxCm=0.00
[rubber-banding][remote-render] time=245.722 frame=14797 entity=1 latestHostTick=9626 buffer=8 windowMs=1008.6 fps=57.5 snapshots=31 arrivalSamples=31 arrivalAvgMs=32.5 arrivalP95Ms=50.1 arrivalMaxMs=64.1 sameArrival=2 tickGapMax=2 renderFrames=58 interpolation=58 extrapolation=0 extrapolationCapped=0 extrapolationMaxMs=0.0 oldestHeld=0 zeroSpan=4 movingFrozen=0 teleport=0 visualStepAvgCm=0.00 visualStepMaxCm=0.00
[rubber-banding][remote-render] time=245.722 frame=14797 entity=2 latestHostTick=9626 buffer=8 windowMs=1008.6 fps=57.5 snapshots=31 arrivalSamples=31 arrivalAvgMs=32.5 arrivalP95Ms=50.1 arrivalMaxMs=64.1 sameArrival=2 tickGapMax=2 renderFrames=58 interpolation=58 extrapolation=0 extrapolationCapped=0 extrapolationMaxMs=0.0 oldestHeld=0 zeroSpan=4 movingFrozen=0 teleport=0 visualStepAvgCm=0.00 visualStepMaxCm=0.00
[rubber-banding][remote-render] time=245.722 frame=14797 entity=3 latestHostTick=9626 buffer=8 windowMs=1008.6 fps=57.5 snapshots=31 arrivalSamples=31 arrivalAvgMs=32.5 arrivalP95Ms=50.1 arrivalMaxMs=64.1 sameArrival=2 tickGapMax=2 renderFrames=58 interpolation=58 extrapolation=0 extrapolationCapped=0 extrapolationMaxMs=0.0 oldestHeld=0 zeroSpan=4 movingFrozen=0 teleport=0 visualStepAvgCm=0.00 visualStepMaxCm=0.00
[rubber-banding][remote-render] time=246.747 frame=14853 entity=1 latestHostTick=9688 buffer=8 windowMs=1024.6 fps=54.7 snapshots=31 arrivalSamples=31 arrivalAvgMs=33.1 arrivalP95Ms=50.3 arrivalMaxMs=58.1 sameArrival=1 tickGapMax=2 renderFrames=56 interpolation=56 extrapolation=0 extrapolationCapped=0 extrapolationMaxMs=0.0 oldestHeld=0 zeroSpan=0 movingFrozen=0 teleport=0 visualStepAvgCm=0.00 visualStepMaxCm=0.00
[rubber-banding][remote-render] time=246.747 frame=14853 entity=2 latestHostTick=9688 buffer=8 windowMs=1024.6 fps=54.7 snapshots=31 arrivalSamples=31 arrivalAvgMs=33.1 arrivalP95Ms=50.3 arrivalMaxMs=58.1 sameArrival=1 tickGapMax=2 renderFrames=56 interpolation=56 extrapolation=0 extrapolationCapped=0 extrapolationMaxMs=0.0 oldestHeld=0 zeroSpan=0 movingFrozen=0 teleport=0 visualStepAvgCm=0.00 visualStepMaxCm=0.00
[rubber-banding][remote-render] time=246.747 frame=14853 entity=3 latestHostTick=9688 buffer=8 windowMs=1024.6 fps=54.7 snapshots=31 arrivalSamples=31 arrivalAvgMs=33.1 arrivalP95Ms=50.3 arrivalMaxMs=58.1 sameArrival=1 tickGapMax=2 renderFrames=56 interpolation=56 extrapolation=0 extrapolationCapped=0 extrapolationMaxMs=0.0 oldestHeld=0 zeroSpan=0 movingFrozen=0 teleport=0 visualStepAvgCm=0.00 visualStepMaxCm=0.00
[rubber-banding][remote-render] time=247.748 frame=14907 entity=1 latestHostTick=9746 buffer=8 windowMs=1001.5 fps=53.9 snapshots=29 arrivalSamples=29 arrivalAvgMs=33.7 arrivalP95Ms=58.3 arrivalMaxMs=64.1 sameArrival=0 tickGapMax=2 renderFrames=54 interpolation=54 extrapolation=0 extrapolationCapped=0 extrapolationMaxMs=0.0 oldestHeld=0 zeroSpan=1 movingFrozen=0 teleport=0 visualStepAvgCm=0.00 visualStepMaxCm=0.00
[rubber-banding][remote-render] time=247.748 frame=14907 entity=2 latestHostTick=9746 buffer=8 windowMs=1001.5 fps=53.9 snapshots=29 arrivalSamples=29 arrivalAvgMs=33.7 arrivalP95Ms=58.3 arrivalMaxMs=64.1 sameArrival=0 tickGapMax=2 renderFrames=54 interpolation=54 extrapolation=0 extrapolationCapped=0 extrapolationMaxMs=0.0 oldestHeld=0 zeroSpan=1 movingFrozen=0 teleport=0 visualStepAvgCm=0.00 visualStepMaxCm=0.00
[rubber-banding][remote-render] time=247.748 frame=14907 entity=3 latestHostTick=9746 buffer=8 windowMs=1001.5 fps=53.9 snapshots=29 arrivalSamples=29 arrivalAvgMs=33.7 arrivalP95Ms=58.3 arrivalMaxMs=64.1 sameArrival=0 tickGapMax=2 renderFrames=54 interpolation=54 extrapolation=0 extrapolationCapped=0 extrapolationMaxMs=0.0 oldestHeld=0 zeroSpan=1 movingFrozen=0 teleport=0 visualStepAvgCm=0.00 visualStepMaxCm=0.00
[rubber-banding][remote-render] time=248.755 frame=14963 entity=1 latestHostTick=9808 buffer=8 windowMs=1006.9 fps=55.6 snapshots=31 arrivalSamples=31 arrivalAvgMs=33.3 arrivalP95Ms=51.9 arrivalMaxMs=54.0 sameArrival=0 tickGapMax=2 renderFrames=56 interpolation=56 extrapolation=0 extrapolationCapped=0 extrapolationMaxMs=0.0 oldestHeld=0 zeroSpan=0 movingFrozen=0 teleport=0 visualStepAvgCm=0.00 visualStepMaxCm=0.00
[rubber-banding][remote-render] time=248.755 frame=14963 entity=2 latestHostTick=9808 buffer=8 windowMs=1006.9 fps=55.6 snapshots=31 arrivalSamples=31 arrivalAvgMs=33.3 arrivalP95Ms=51.9 arrivalMaxMs=54.0 sameArrival=0 tickGapMax=2 renderFrames=56 interpolation=56 extrapolation=0 extrapolationCapped=0 extrapolationMaxMs=0.0 oldestHeld=0 zeroSpan=0 movingFrozen=0 teleport=0 visualStepAvgCm=0.00 visualStepMaxCm=0.00
[rubber-banding][remote-render] time=248.755 frame=14963 entity=3 latestHostTick=9808 buffer=8 windowMs=1006.9 fps=55.6 snapshots=31 arrivalSamples=31 arrivalAvgMs=33.3 arrivalP95Ms=51.9 arrivalMaxMs=54.0 sameArrival=0 tickGapMax=2 renderFrames=56 interpolation=56 extrapolation=0 extrapolationCapped=0 extrapolationMaxMs=0.0 oldestHeld=0 zeroSpan=0 movingFrozen=0 teleport=0 visualStepAvgCm=0.00 visualStepMaxCm=0.00
[rubber-banding][remote-render] time=249.763 frame=15016 entity=1 latestHostTick=9868 buffer=8 windowMs=1008.3 fps=52.6 snapshots=30 arrivalSamples=30 arrivalAvgMs=33.6 arrivalP95Ms=58.3 arrivalMaxMs=60.6 sameArrival=1 tickGapMax=2 renderFrames=53 interpolation=53 extrapolation=0 extrapolationCapped=0 extrapolationMaxMs=0.0 oldestHeld=0 zeroSpan=2 movingFrozen=0 teleport=0 visualStepAvgCm=0.00 visualStepMaxCm=0.00
[rubber-banding][remote-render] time=249.763 frame=15016 entity=2 latestHostTick=9868 buffer=8 windowMs=1008.3 fps=52.6 snapshots=30 arrivalSamples=30 arrivalAvgMs=33.6 arrivalP95Ms=58.3 arrivalMaxMs=60.6 sameArrival=1 tickGapMax=2 renderFrames=53 interpolation=53 extrapolation=0 extrapolationCapped=0 extrapolationMaxMs=0.0 oldestHeld=0 zeroSpan=2 movingFrozen=0 teleport=0 visualStepAvgCm=0.00 visualStepMaxCm=0.00
[rubber-banding][remote-render] time=249.763 frame=15016 entity=3 latestHostTick=9868 buffer=8 windowMs=1008.3 fps=52.6 snapshots=30 arrivalSamples=30 arrivalAvgMs=33.6 arrivalP95Ms=58.3 arrivalMaxMs=60.6 sameArrival=1 tickGapMax=2 renderFrames=53 interpolation=53 extrapolation=0 extrapolationCapped=0 extrapolationMaxMs=0.0 oldestHeld=0 zeroSpan=2 movingFrozen=0 teleport=0 visualStepAvgCm=0.00 visualStepMaxCm=0.00
[rubber-banding][remote-render] time=250.772 frame=15071 entity=1 latestHostTick=9928 buffer=8 windowMs=1008.2 fps=54.6 snapshots=30 arrivalSamples=30 arrivalAvgMs=33.1 arrivalP95Ms=58.9 arrivalMaxMs=66.1 sameArrival=1 tickGapMax=2 renderFrames=55 interpolation=55 extrapolation=0 extrapolationCapped=0 extrapolationMaxMs=0.0 oldestHeld=0 zeroSpan=1 movingFrozen=0 teleport=0 visualStepAvgCm=0.00 visualStepMaxCm=0.00
[rubber-banding][remote-render] time=250.772 frame=15071 entity=2 latestHostTick=9928 buffer=8 windowMs=1008.2 fps=54.6 snapshots=30 arrivalSamples=30 arrivalAvgMs=33.1 arrivalP95Ms=58.9 arrivalMaxMs=66.1 sameArrival=1 tickGapMax=2 renderFrames=55 interpolation=55 extrapolation=0 extrapolationCapped=0 extrapolationMaxMs=0.0 oldestHeld=0 zeroSpan=1 movingFrozen=0 teleport=0 visualStepAvgCm=0.00 visualStepMaxCm=0.00
[rubber-banding][remote-render] time=250.772 frame=15071 entity=3 latestHostTick=9928 buffer=8 windowMs=1008.2 fps=54.6 snapshots=30 arrivalSamples=30 arrivalAvgMs=33.1 arrivalP95Ms=58.9 arrivalMaxMs=66.1 sameArrival=1 tickGapMax=2 renderFrames=55 interpolation=55 extrapolation=0 extrapolationCapped=0 extrapolationMaxMs=0.0 oldestHeld=0 zeroSpan=1 movingFrozen=0 teleport=0 visualStepAvgCm=0.00 visualStepMaxCm=0.00
[rubber-banding][remote-render] time=251.780 frame=15128 entity=1 latestHostTick=9988 buffer=8 windowMs=1008.5 fps=56.5 snapshots=30 arrivalSamples=30 arrivalAvgMs=33.6 arrivalP95Ms=50.5 arrivalMaxMs=58.3 sameArrival=0 tickGapMax=2 renderFrames=57 interpolation=57 extrapolation=0 extrapolationCapped=0 extrapolationMaxMs=0.0 oldestHeld=0 zeroSpan=0 movingFrozen=0 teleport=0 visualStepAvgCm=0.00 visualStepMaxCm=0.00
[rubber-banding][remote-render] time=251.780 frame=15128 entity=2 latestHostTick=9988 buffer=8 windowMs=1008.5 fps=56.5 snapshots=30 arrivalSamples=30 arrivalAvgMs=33.6 arrivalP95Ms=50.5 arrivalMaxMs=58.3 sameArrival=0 tickGapMax=2 renderFrames=57 interpolation=57 extrapolation=0 extrapolationCapped=0 extrapolationMaxMs=0.0 oldestHeld=0 zeroSpan=0 movingFrozen=0 teleport=0 visualStepAvgCm=0.00 visualStepMaxCm=0.00
[rubber-banding][remote-render] time=251.780 frame=15128 entity=3 latestHostTick=9988 buffer=8 windowMs=1008.5 fps=56.5 snapshots=30 arrivalSamples=30 arrivalAvgMs=33.6 arrivalP95Ms=50.5 arrivalMaxMs=58.3 sameArrival=0 tickGapMax=2 renderFrames=57 interpolation=57 extrapolation=0 extrapolationCapped=0 extrapolationMaxMs=0.0 oldestHeld=0 zeroSpan=0 movingFrozen=0 teleport=0 visualStepAvgCm=0.00 visualStepMaxCm=0.00
[rubber-banding][remote-render] time=252.807 frame=15184 entity=1 latestHostTick=10050 buffer=8 windowMs=1027.1 fps=54.5 snapshots=31 arrivalSamples=31 arrivalAvgMs=33.7 arrivalP95Ms=47.7 arrivalMaxMs=50.1 sameArrival=0 tickGapMax=2 renderFrames=56 interpolation=56 extrapolation=0 extrapolationCapped=0 extrapolationMaxMs=0.0 oldestHeld=0 zeroSpan=0 movingFrozen=0 teleport=0 visualStepAvgCm=0.00 visualStepMaxCm=0.00
[rubber-banding][remote-render] time=252.807 frame=15184 entity=2 latestHostTick=10050 buffer=8 windowMs=1027.1 fps=54.5 snapshots=31 arrivalSamples=31 arrivalAvgMs=33.7 arrivalP95Ms=47.7 arrivalMaxMs=50.1 sameArrival=0 tickGapMax=2 renderFrames=56 interpolation=56 extrapolation=0 extrapolationCapped=0 extrapolationMaxMs=0.0 oldestHeld=0 zeroSpan=0 movingFrozen=0 teleport=0 visualStepAvgCm=0.00 visualStepMaxCm=0.00
[rubber-banding][remote-render] time=252.807 frame=15184 entity=3 latestHostTick=10050 buffer=8 windowMs=1027.1 fps=54.5 snapshots=31 arrivalSamples=31 arrivalAvgMs=33.7 arrivalP95Ms=47.7 arrivalMaxMs=50.1 sameArrival=0 tickGapMax=2 renderFrames=56 interpolation=56 extrapolation=0 extrapolationCapped=0 extrapolationMaxMs=0.0 oldestHeld=0 zeroSpan=0 movingFrozen=0 teleport=0 visualStepAvgCm=0.00 visualStepMaxCm=0.00
[rubber-banding][remote-render] time=253.815 frame=15236 entity=1 latestHostTick=10110 buffer=8 windowMs=1007.6 fps=51.6 snapshots=30 arrivalSamples=30 arrivalAvgMs=32.9 arrivalP95Ms=45.6 arrivalMaxMs=60.0 sameArrival=1 tickGapMax=2 renderFrames=52 interpolation=52 extrapolation=0 extrapolationCapped=0 extrapolationMaxMs=0.0 oldestHeld=0 zeroSpan=2 movingFrozen=0 teleport=0 visualStepAvgCm=0.00 visualStepMaxCm=0.00
[rubber-banding][remote-render] time=253.815 frame=15236 entity=2 latestHostTick=10110 buffer=8 windowMs=1007.6 fps=51.6 snapshots=30 arrivalSamples=30 arrivalAvgMs=32.9 arrivalP95Ms=45.6 arrivalMaxMs=60.0 sameArrival=1 tickGapMax=2 renderFrames=52 interpolation=52 extrapolation=0 extrapolationCapped=0 extrapolationMaxMs=0.0 oldestHeld=0 zeroSpan=2 movingFrozen=0 teleport=0 visualStepAvgCm=0.00 visualStepMaxCm=0.00
[rubber-banding][remote-render] time=253.815 frame=15236 entity=3 latestHostTick=10110 buffer=8 windowMs=1007.6 fps=51.6 snapshots=30 arrivalSamples=30 arrivalAvgMs=32.9 arrivalP95Ms=45.6 arrivalMaxMs=60.0 sameArrival=1 tickGapMax=2 renderFrames=52 interpolation=52 extrapolation=0 extrapolationCapped=0 extrapolationMaxMs=0.0 oldestHeld=0 zeroSpan=2 movingFrozen=0 teleport=0 visualStepAvgCm=0.00 visualStepMaxCm=0.00
[rubber-banding][remote-render] time=254.822 frame=15289 entity=1 latestHostTick=10172 buffer=8 windowMs=1006.9 fps=52.6 snapshots=31 arrivalSamples=31 arrivalAvgMs=33.1 arrivalP95Ms=51.0 arrivalMaxMs=58.3 sameArrival=0 tickGapMax=2 renderFrames=53 interpolation=53 extrapolation=0 extrapolationCapped=0 extrapolationMaxMs=0.0 oldestHeld=0 zeroSpan=0 movingFrozen=0 teleport=0 visualStepAvgCm=0.00 visualStepMaxCm=0.00
[rubber-banding][remote-render] time=254.822 frame=15289 entity=2 latestHostTick=10172 buffer=8 windowMs=1006.9 fps=52.6 snapshots=31 arrivalSamples=31 arrivalAvgMs=33.1 arrivalP95Ms=51.0 arrivalMaxMs=58.3 sameArrival=0 tickGapMax=2 renderFrames=53 interpolation=53 extrapolation=0 extrapolationCapped=0 extrapolationMaxMs=0.0 oldestHeld=0 zeroSpan=0 movingFrozen=0 teleport=0 visualStepAvgCm=0.00 visualStepMaxCm=0.00
[rubber-banding][remote-render] time=254.822 frame=15289 entity=3 latestHostTick=10172 buffer=8 windowMs=1006.9 fps=52.6 snapshots=31 arrivalSamples=31 arrivalAvgMs=33.1 arrivalP95Ms=51.0 arrivalMaxMs=58.3 sameArrival=0 tickGapMax=2 renderFrames=53 interpolation=53 extrapolation=0 extrapolationCapped=0 extrapolationMaxMs=0.0 oldestHeld=0 zeroSpan=0 movingFrozen=0 teleport=0 visualStepAvgCm=0.00 visualStepMaxCm=0.00
[rubber-banding][remote-render] time=255.839 frame=15345 entity=1 latestHostTick=10232 buffer=8 windowMs=1017.7 fps=55.0 snapshots=30 arrivalSamples=30 arrivalAvgMs=33.9 arrivalP95Ms=51.4 arrivalMaxMs=52.4 sameArrival=0 tickGapMax=2 renderFrames=56 interpolation=56 extrapolation=0 extrapolationCapped=0 extrapolationMaxMs=0.0 oldestHeld=0 zeroSpan=0 movingFrozen=0 teleport=0 visualStepAvgCm=0.00 visualStepMaxCm=0.00
[rubber-banding][remote-render] time=255.839 frame=15345 entity=2 latestHostTick=10232 buffer=8 windowMs=1017.7 fps=55.0 snapshots=30 arrivalSamples=30 arrivalAvgMs=33.9 arrivalP95Ms=51.4 arrivalMaxMs=52.4 sameArrival=0 tickGapMax=2 renderFrames=56 interpolation=56 extrapolation=0 extrapolationCapped=0 extrapolationMaxMs=0.0 oldestHeld=0 zeroSpan=0 movingFrozen=0 teleport=0 visualStepAvgCm=0.00 visualStepMaxCm=0.00
[rubber-banding][remote-render] time=255.839 frame=15345 entity=3 latestHostTick=10232 buffer=8 windowMs=1017.7 fps=55.0 snapshots=30 arrivalSamples=30 arrivalAvgMs=33.9 arrivalP95Ms=51.4 arrivalMaxMs=52.4 sameArrival=0 tickGapMax=2 renderFrames=56 interpolation=56 extrapolation=0 extrapolationCapped=0 extrapolationMaxMs=0.0 oldestHeld=0 zeroSpan=0 movingFrozen=0 teleport=0 visualStepAvgCm=0.00 visualStepMaxCm=0.00
[rubber-banding][remote-render] time=256.855 frame=15398 entity=1 latestHostTick=10292 buffer=8 windowMs=1015.9 fps=52.2 snapshots=30 arrivalSamples=30 arrivalAvgMs=32.7 arrivalP95Ms=60.4 arrivalMaxMs=65.1 sameArrival=2 tickGapMax=2 renderFrames=53 interpolation=53 extrapolation=0 extrapolationCapped=0 extrapolationMaxMs=0.0 oldestHeld=0 zeroSpan=4 movingFrozen=0 teleport=0 visualStepAvgCm=0.00 visualStepMaxCm=0.00
[rubber-banding][remote-render] time=256.855 frame=15398 entity=2 latestHostTick=10292 buffer=8 windowMs=1015.9 fps=52.2 snapshots=30 arrivalSamples=30 arrivalAvgMs=32.7 arrivalP95Ms=60.4 arrivalMaxMs=65.1 sameArrival=2 tickGapMax=2 renderFrames=53 interpolation=53 extrapolation=0 extrapolationCapped=0 extrapolationMaxMs=0.0 oldestHeld=0 zeroSpan=4 movingFrozen=0 teleport=0 visualStepAvgCm=0.00 visualStepMaxCm=0.00
[rubber-banding][remote-render] time=256.855 frame=15398 entity=3 latestHostTick=10292 buffer=8 windowMs=1015.9 fps=52.2 snapshots=30 arrivalSamples=30 arrivalAvgMs=32.7 arrivalP95Ms=60.4 arrivalMaxMs=65.1 sameArrival=2 tickGapMax=2 renderFrames=53 interpolation=53 extrapolation=0 extrapolationCapped=0 extrapolationMaxMs=0.0 oldestHeld=0 zeroSpan=4 movingFrozen=0 teleport=0 visualStepAvgCm=0.00 visualStepMaxCm=0.00
[rubber-banding][remote-render] time=257.863 frame=15455 entity=1 latestHostTick=10354 buffer=8 windowMs=1008.1 fps=56.5 snapshots=31 arrivalSamples=31 arrivalAvgMs=33.1 arrivalP95Ms=50.0 arrivalMaxMs=50.0 sameArrival=1 tickGapMax=2 renderFrames=57 interpolation=57 extrapolation=0 extrapolationCapped=0 extrapolationMaxMs=0.0 oldestHeld=0 zeroSpan=2 movingFrozen=0 teleport=0 visualStepAvgCm=0.00 visualStepMaxCm=0.00
[rubber-banding][remote-render] time=257.863 frame=15455 entity=2 latestHostTick=10354 buffer=8 windowMs=1008.1 fps=56.5 snapshots=31 arrivalSamples=31 arrivalAvgMs=33.1 arrivalP95Ms=50.0 arrivalMaxMs=50.0 sameArrival=1 tickGapMax=2 renderFrames=57 interpolation=57 extrapolation=0 extrapolationCapped=0 extrapolationMaxMs=0.0 oldestHeld=0 zeroSpan=2 movingFrozen=0 teleport=0 visualStepAvgCm=0.00 visualStepMaxCm=0.00
[rubber-banding][remote-render] time=257.863 frame=15455 entity=3 latestHostTick=10354 buffer=8 windowMs=1008.1 fps=56.5 snapshots=31 arrivalSamples=31 arrivalAvgMs=33.1 arrivalP95Ms=50.0 arrivalMaxMs=50.0 sameArrival=1 tickGapMax=2 renderFrames=57 interpolation=57 extrapolation=0 extrapolationCapped=0 extrapolationMaxMs=0.0 oldestHeld=0 zeroSpan=2 movingFrozen=0 teleport=0 visualStepAvgCm=0.00 visualStepMaxCm=0.00
[rubber-banding][remote-render] time=258.866 frame=15506 entity=1 latestHostTick=10414 buffer=8 windowMs=1002.5 fps=50.9 snapshots=30 arrivalSamples=30 arrivalAvgMs=34.0 arrivalP95Ms=51.1 arrivalMaxMs=58.8 sameArrival=0 tickGapMax=2 renderFrames=51 interpolation=51 extrapolation=0 extrapolationCapped=0 extrapolationMaxMs=0.0 oldestHeld=0 zeroSpan=0 movingFrozen=0 teleport=0 visualStepAvgCm=0.00 visualStepMaxCm=0.00
[rubber-banding][remote-render] time=258.866 frame=15506 entity=2 latestHostTick=10414 buffer=8 windowMs=1002.5 fps=50.9 snapshots=30 arrivalSamples=30 arrivalAvgMs=34.0 arrivalP95Ms=51.1 arrivalMaxMs=58.8 sameArrival=0 tickGapMax=2 renderFrames=51 interpolation=51 extrapolation=0 extrapolationCapped=0 extrapolationMaxMs=0.0 oldestHeld=0 zeroSpan=0 movingFrozen=0 teleport=0 visualStepAvgCm=0.00 visualStepMaxCm=0.00
[rubber-banding][remote-render] time=258.866 frame=15506 entity=3 latestHostTick=10414 buffer=8 windowMs=1002.5 fps=50.9 snapshots=30 arrivalSamples=30 arrivalAvgMs=34.0 arrivalP95Ms=51.1 arrivalMaxMs=58.8 sameArrival=0 tickGapMax=2 renderFrames=51 interpolation=51 extrapolation=0 extrapolationCapped=0 extrapolationMaxMs=0.0 oldestHeld=0 zeroSpan=0 movingFrozen=0 teleport=0 visualStepAvgCm=0.00 visualStepMaxCm=0.00
[rubber-banding][remote-render] time=259.880 frame=15560 entity=1 latestHostTick=10474 buffer=8 windowMs=1014.2 fps=53.2 snapshots=30 arrivalSamples=30 arrivalAvgMs=33.0 arrivalP95Ms=50.1 arrivalMaxMs=52.3 sameArrival=0 tickGapMax=2 renderFrames=54 interpolation=54 extrapolation=0 extrapolationCapped=0 extrapolationMaxMs=0.0 oldestHeld=0 zeroSpan=0 movingFrozen=0 teleport=0 visualStepAvgCm=0.00 visualStepMaxCm=0.00
[rubber-banding][remote-render] time=259.880 frame=15560 entity=2 latestHostTick=10474 buffer=8 windowMs=1014.2 fps=53.2 snapshots=30 arrivalSamples=30 arrivalAvgMs=33.0 arrivalP95Ms=50.1 arrivalMaxMs=52.3 sameArrival=0 tickGapMax=2 renderFrames=54 interpolation=54 extrapolation=0 extrapolationCapped=0 extrapolationMaxMs=0.0 oldestHeld=0 zeroSpan=0 movingFrozen=0 teleport=0 visualStepAvgCm=0.00 visualStepMaxCm=0.00
[rubber-banding][remote-render] time=259.880 frame=15560 entity=3 latestHostTick=10474 buffer=8 windowMs=1014.2 fps=53.2 snapshots=30 arrivalSamples=30 arrivalAvgMs=33.0 arrivalP95Ms=50.1 arrivalMaxMs=52.3 sameArrival=0 tickGapMax=2 renderFrames=54 interpolation=54 extrapolation=0 extrapolationCapped=0 extrapolationMaxMs=0.0 oldestHeld=0 zeroSpan=0 movingFrozen=0 teleport=0 visualStepAvgCm=0.00 visualStepMaxCm=0.00
[rubber-banding][remote-render] time=260.897 frame=15613 entity=1 latestHostTick=10536 buffer=8 windowMs=1016.5 fps=52.1 snapshots=31 arrivalSamples=31 arrivalAvgMs=33.6 arrivalP95Ms=58.4 arrivalMaxMs=59.7 sameArrival=0 tickGapMax=2 renderFrames=53 interpolation=53 extrapolation=0 extrapolationCapped=0 extrapolationMaxMs=0.0 oldestHeld=0 zeroSpan=0 movingFrozen=0 teleport=0 visualStepAvgCm=0.00 visualStepMaxCm=0.00
[rubber-banding][remote-render] time=260.897 frame=15613 entity=2 latestHostTick=10536 buffer=8 windowMs=1016.5 fps=52.1 snapshots=31 arrivalSamples=31 arrivalAvgMs=33.6 arrivalP95Ms=58.4 arrivalMaxMs=59.7 sameArrival=0 tickGapMax=2 renderFrames=53 interpolation=53 extrapolation=0 extrapolationCapped=0 extrapolationMaxMs=0.0 oldestHeld=0 zeroSpan=0 movingFrozen=0 teleport=0 visualStepAvgCm=0.00 visualStepMaxCm=0.00
[rubber-banding][remote-render] time=260.897 frame=15613 entity=3 latestHostTick=10536 buffer=8 windowMs=1016.5 fps=52.1 snapshots=31 arrivalSamples=31 arrivalAvgMs=33.6 arrivalP95Ms=58.4 arrivalMaxMs=59.7 sameArrival=0 tickGapMax=2 renderFrames=53 interpolation=53 extrapolation=0 extrapolationCapped=0 extrapolationMaxMs=0.0 oldestHeld=0 zeroSpan=0 movingFrozen=0 teleport=0 visualStepAvgCm=0.00 visualStepMaxCm=0.00
[rubber-banding][remote-render] time=261.905 frame=15665 entity=1 latestHostTick=10596 buffer=8 windowMs=1008.4 fps=51.6 snapshots=30 arrivalSamples=30 arrivalAvgMs=33.1 arrivalP95Ms=50.1 arrivalMaxMs=58.4 sameArrival=0 tickGapMax=2 renderFrames=52 interpolation=52 extrapolation=0 extrapolationCapped=0 extrapolationMaxMs=0.0 oldestHeld=0 zeroSpan=0 movingFrozen=0 teleport=0 visualStepAvgCm=0.00 visualStepMaxCm=0.00
[rubber-banding][remote-render] time=261.905 frame=15665 entity=2 latestHostTick=10596 buffer=8 windowMs=1008.4 fps=51.6 snapshots=30 arrivalSamples=30 arrivalAvgMs=33.1 arrivalP95Ms=50.1 arrivalMaxMs=58.4 sameArrival=0 tickGapMax=2 renderFrames=52 interpolation=52 extrapolation=0 extrapolationCapped=0 extrapolationMaxMs=0.0 oldestHeld=0 zeroSpan=0 movingFrozen=0 teleport=0 visualStepAvgCm=0.00 visualStepMaxCm=0.00
[rubber-banding][remote-render] time=261.905 frame=15665 entity=3 latestHostTick=10596 buffer=8 windowMs=1008.4 fps=51.6 snapshots=30 arrivalSamples=30 arrivalAvgMs=33.1 arrivalP95Ms=50.1 arrivalMaxMs=58.4 sameArrival=0 tickGapMax=2 renderFrames=52 interpolation=52 extrapolation=0 extrapolationCapped=0 extrapolationMaxMs=0.0 oldestHeld=0 zeroSpan=0 movingFrozen=0 teleport=0 visualStepAvgCm=0.00 visualStepMaxCm=0.00
[rubber-banding][remote-render] time=262.913 frame=15722 entity=1 latestHostTick=10656 buffer=8 windowMs=1008.3 fps=56.5 snapshots=30 arrivalSamples=30 arrivalAvgMs=33.6 arrivalP95Ms=49.9 arrivalMaxMs=50.0 sameArrival=0 tickGapMax=2 renderFrames=57 interpolation=57 extrapolation=0 extrapolationCapped=0 extrapolationMaxMs=0.0 oldestHeld=0 zeroSpan=0 movingFrozen=0 teleport=0 visualStepAvgCm=0.00 visualStepMaxCm=0.00
[rubber-banding][remote-render] time=262.913 frame=15722 entity=2 latestHostTick=10656 buffer=8 windowMs=1008.3 fps=56.5 snapshots=30 arrivalSamples=30 arrivalAvgMs=33.6 arrivalP95Ms=49.9 arrivalMaxMs=50.0 sameArrival=0 tickGapMax=2 renderFrames=57 interpolation=57 extrapolation=0 extrapolationCapped=0 extrapolationMaxMs=0.0 oldestHeld=0 zeroSpan=0 movingFrozen=0 teleport=0 visualStepAvgCm=0.00 visualStepMaxCm=0.00
[rubber-banding][remote-render] time=262.913 frame=15722 entity=3 latestHostTick=10656 buffer=8 windowMs=1008.3 fps=56.5 snapshots=30 arrivalSamples=30 arrivalAvgMs=33.6 arrivalP95Ms=49.9 arrivalMaxMs=50.0 sameArrival=0 tickGapMax=2 renderFrames=57 interpolation=57 extrapolation=0 extrapolationCapped=0 extrapolationMaxMs=0.0 oldestHeld=0 zeroSpan=0 movingFrozen=0 teleport=0 visualStepAvgCm=0.00 visualStepMaxCm=0.00
[rubber-banding][remote-render] time=263.930 frame=15777 entity=1 latestHostTick=10718 buffer=8 windowMs=1016.9 fps=54.1 snapshots=31 arrivalSamples=31 arrivalAvgMs=33.3 arrivalP95Ms=49.5 arrivalMaxMs=66.0 sameArrival=1 tickGapMax=2 renderFrames=55 interpolation=55 extrapolation=0 extrapolationCapped=0 extrapolationMaxMs=0.0 oldestHeld=0 zeroSpan=2 movingFrozen=0 teleport=0 visualStepAvgCm=0.00 visualStepMaxCm=0.00
[rubber-banding][remote-render] time=263.930 frame=15777 entity=2 latestHostTick=10718 buffer=8 windowMs=1016.9 fps=54.1 snapshots=31 arrivalSamples=31 arrivalAvgMs=33.3 arrivalP95Ms=49.5 arrivalMaxMs=66.0 sameArrival=1 tickGapMax=2 renderFrames=55 interpolation=55 extrapolation=0 extrapolationCapped=0 extrapolationMaxMs=0.0 oldestHeld=0 zeroSpan=2 movingFrozen=0 teleport=0 visualStepAvgCm=0.00 visualStepMaxCm=0.00
[rubber-banding][remote-render] time=263.930 frame=15777 entity=3 latestHostTick=10718 buffer=8 windowMs=1016.9 fps=54.1 snapshots=31 arrivalSamples=31 arrivalAvgMs=33.3 arrivalP95Ms=49.5 arrivalMaxMs=66.0 sameArrival=1 tickGapMax=2 renderFrames=55 interpolation=55 extrapolation=0 extrapolationCapped=0 extrapolationMaxMs=0.0 oldestHeld=0 zeroSpan=2 movingFrozen=0 teleport=0 visualStepAvgCm=0.00 visualStepMaxCm=0.00
[rubber-banding][remote-render] time=264.949 frame=15831 entity=1 latestHostTick=10780 buffer=8 windowMs=1018.8 fps=53.0 snapshots=31 arrivalSamples=31 arrivalAvgMs=32.9 arrivalP95Ms=50.0 arrivalMaxMs=58.5 sameArrival=0 tickGapMax=2 renderFrames=54 interpolation=54 extrapolation=0 extrapolationCapped=0 extrapolationMaxMs=0.0 oldestHeld=0 zeroSpan=0 movingFrozen=0 teleport=0 visualStepAvgCm=0.00 visualStepMaxCm=0.00
[rubber-banding][remote-render] time=264.949 frame=15831 entity=2 latestHostTick=10780 buffer=8 windowMs=1018.8 fps=53.0 snapshots=31 arrivalSamples=31 arrivalAvgMs=32.9 arrivalP95Ms=50.0 arrivalMaxMs=58.5 sameArrival=0 tickGapMax=2 renderFrames=54 interpolation=54 extrapolation=0 extrapolationCapped=0 extrapolationMaxMs=0.0 oldestHeld=0 zeroSpan=0 movingFrozen=0 teleport=0 visualStepAvgCm=0.00 visualStepMaxCm=0.00
[rubber-banding][remote-render] time=264.949 frame=15831 entity=3 latestHostTick=10780 buffer=8 windowMs=1018.8 fps=53.0 snapshots=31 arrivalSamples=31 arrivalAvgMs=32.9 arrivalP95Ms=50.0 arrivalMaxMs=58.5 sameArrival=0 tickGapMax=2 renderFrames=54 interpolation=54 extrapolation=0 extrapolationCapped=0 extrapolationMaxMs=0.0 oldestHeld=0 zeroSpan=0 movingFrozen=0 teleport=0 visualStepAvgCm=0.00 visualStepMaxCm=0.00
[rubber-banding][remote-render] time=265.956 frame=15883 entity=1 latestHostTick=10840 buffer=8 windowMs=1007.0 fps=51.6 snapshots=30 arrivalSamples=30 arrivalAvgMs=33.6 arrivalP95Ms=50.0 arrivalMaxMs=58.8 sameArrival=1 tickGapMax=2 renderFrames=52 interpolation=52 extrapolation=0 extrapolationCapped=0 extrapolationMaxMs=0.0 oldestHeld=0 zeroSpan=2 movingFrozen=0 teleport=0 visualStepAvgCm=0.00 visualStepMaxCm=0.00
[rubber-banding][remote-render] time=265.956 frame=15883 entity=2 latestHostTick=10840 buffer=8 windowMs=1007.0 fps=51.6 snapshots=30 arrivalSamples=30 arrivalAvgMs=33.6 arrivalP95Ms=50.0 arrivalMaxMs=58.8 sameArrival=1 tickGapMax=2 renderFrames=52 interpolation=52 extrapolation=0 extrapolationCapped=0 extrapolationMaxMs=0.0 oldestHeld=0 zeroSpan=2 movingFrozen=0 teleport=0 visualStepAvgCm=0.00 visualStepMaxCm=0.00
[rubber-banding][remote-render] time=265.956 frame=15883 entity=3 latestHostTick=10840 buffer=8 windowMs=1007.0 fps=51.6 snapshots=30 arrivalSamples=30 arrivalAvgMs=33.6 arrivalP95Ms=50.0 arrivalMaxMs=58.8 sameArrival=1 tickGapMax=2 renderFrames=52 interpolation=52 extrapolation=0 extrapolationCapped=0 extrapolationMaxMs=0.0 oldestHeld=0 zeroSpan=2 movingFrozen=0 teleport=0 visualStepAvgCm=0.00 visualStepMaxCm=0.00
[rubber-banding][remote-render] time=266.963 frame=15938 entity=1 latestHostTick=10900 buffer=8 windowMs=1007.4 fps=54.6 snapshots=30 arrivalSamples=30 arrivalAvgMs=33.6 arrivalP95Ms=58.3 arrivalMaxMs=58.3 sameArrival=1 tickGapMax=2 renderFrames=55 interpolation=55 extrapolation=0 extrapolationCapped=0 extrapolationMaxMs=0.0 oldestHeld=0 zeroSpan=2 movingFrozen=0 teleport=0 visualStepAvgCm=0.00 visualStepMaxCm=0.00
[rubber-banding][remote-render] time=266.963 frame=15938 entity=2 latestHostTick=10900 buffer=8 windowMs=1007.4 fps=54.6 snapshots=30 arrivalSamples=30 arrivalAvgMs=33.6 arrivalP95Ms=58.3 arrivalMaxMs=58.3 sameArrival=1 tickGapMax=2 renderFrames=55 interpolation=55 extrapolation=0 extrapolationCapped=0 extrapolationMaxMs=0.0 oldestHeld=0 zeroSpan=2 movingFrozen=0 teleport=0 visualStepAvgCm=0.00 visualStepMaxCm=0.00
[rubber-banding][remote-render] time=266.963 frame=15938 entity=3 latestHostTick=10900 buffer=8 windowMs=1007.4 fps=54.6 snapshots=30 arrivalSamples=30 arrivalAvgMs=33.6 arrivalP95Ms=58.3 arrivalMaxMs=58.3 sameArrival=1 tickGapMax=2 renderFrames=55 interpolation=55 extrapolation=0 extrapolationCapped=0 extrapolationMaxMs=0.0 oldestHeld=0 zeroSpan=2 movingFrozen=0 teleport=0 visualStepAvgCm=0.00 visualStepMaxCm=0.00
[rubber-banding][remote-render] time=267.972 frame=15990 entity=1 latestHostTick=10960 buffer=8 windowMs=1008.4 fps=51.6 snapshots=30 arrivalSamples=30 arrivalAvgMs=33.1 arrivalP95Ms=58.0 arrivalMaxMs=58.3 sameArrival=1 tickGapMax=2 renderFrames=52 interpolation=52 extrapolation=0 extrapolationCapped=0 extrapolationMaxMs=0.0 oldestHeld=0 zeroSpan=1 movingFrozen=0 teleport=0 visualStepAvgCm=0.00 visualStepMaxCm=0.00
[rubber-banding][remote-render] time=267.972 frame=15990 entity=2 latestHostTick=10960 buffer=8 windowMs=1008.4 fps=51.6 snapshots=30 arrivalSamples=30 arrivalAvgMs=33.1 arrivalP95Ms=58.0 arrivalMaxMs=58.3 sameArrival=1 tickGapMax=2 renderFrames=52 interpolation=52 extrapolation=0 extrapolationCapped=0 extrapolationMaxMs=0.0 oldestHeld=0 zeroSpan=1 movingFrozen=0 teleport=0 visualStepAvgCm=0.00 visualStepMaxCm=0.00
[rubber-banding][remote-render] time=267.972 frame=15990 entity=3 latestHostTick=10960 buffer=8 windowMs=1008.4 fps=51.6 snapshots=30 arrivalSamples=30 arrivalAvgMs=33.1 arrivalP95Ms=58.0 arrivalMaxMs=58.3 sameArrival=1 tickGapMax=2 renderFrames=52 interpolation=52 extrapolation=0 extrapolationCapped=0 extrapolationMaxMs=0.0 oldestHeld=0 zeroSpan=1 movingFrozen=0 teleport=0 visualStepAvgCm=0.00 visualStepMaxCm=0.00
[rubber-banding][remote-render] time=268.972 frame=16045 entity=1 latestHostTick=11020 buffer=8 windowMs=1000.1 fps=55.0 snapshots=30 arrivalSamples=30 arrivalAvgMs=33.3 arrivalP95Ms=58.3 arrivalMaxMs=58.5 sameArrival=1 tickGapMax=2 renderFrames=55 interpolation=55 extrapolation=0 extrapolationCapped=0 extrapolationMaxMs=0.0 oldestHeld=0 zeroSpan=1 movingFrozen=0 teleport=0 visualStepAvgCm=0.00 visualStepMaxCm=0.00
[rubber-banding][remote-render] time=268.972 frame=16045 entity=2 latestHostTick=11020 buffer=8 windowMs=1000.1 fps=55.0 snapshots=30 arrivalSamples=30 arrivalAvgMs=33.3 arrivalP95Ms=58.3 arrivalMaxMs=58.5 sameArrival=1 tickGapMax=2 renderFrames=55 interpolation=55 extrapolation=0 extrapolationCapped=0 extrapolationMaxMs=0.0 oldestHeld=0 zeroSpan=1 movingFrozen=0 teleport=0 visualStepAvgCm=0.00 visualStepMaxCm=0.00
[rubber-banding][remote-render] time=268.972 frame=16045 entity=3 latestHostTick=11020 buffer=8 windowMs=1000.1 fps=55.0 snapshots=30 arrivalSamples=30 arrivalAvgMs=33.3 arrivalP95Ms=58.3 arrivalMaxMs=58.5 sameArrival=1 tickGapMax=2 renderFrames=55 interpolation=55 extrapolation=0 extrapolationCapped=0 extrapolationMaxMs=0.0 oldestHeld=0 zeroSpan=1 movingFrozen=0 teleport=0 visualStepAvgCm=0.00 visualStepMaxCm=0.00
[rubber-banding][remote-render] time=269.980 frame=16096 entity=1 latestHostTick=11080 buffer=8 windowMs=1008.2 fps=50.6 snapshots=30 arrivalSamples=30 arrivalAvgMs=33.1 arrivalP95Ms=58.4 arrivalMaxMs=59.5 sameArrival=1 tickGapMax=2 renderFrames=51 interpolation=51 extrapolation=0 extrapolationCapped=0 extrapolationMaxMs=0.0 oldestHeld=0 zeroSpan=0 movingFrozen=0 teleport=0 visualStepAvgCm=0.00 visualStepMaxCm=0.00
[rubber-banding][remote-render] time=269.980 frame=16096 entity=2 latestHostTick=11080 buffer=8 windowMs=1008.2 fps=50.6 snapshots=30 arrivalSamples=30 arrivalAvgMs=33.1 arrivalP95Ms=58.4 arrivalMaxMs=59.5 sameArrival=1 tickGapMax=2 renderFrames=51 interpolation=51 extrapolation=0 extrapolationCapped=0 extrapolationMaxMs=0.0 oldestHeld=0 zeroSpan=0 movingFrozen=0 teleport=0 visualStepAvgCm=0.00 visualStepMaxCm=0.00
[rubber-banding][remote-render] time=269.980 frame=16096 entity=3 latestHostTick=11080 buffer=8 windowMs=1008.2 fps=50.6 snapshots=30 arrivalSamples=30 arrivalAvgMs=33.1 arrivalP95Ms=58.4 arrivalMaxMs=59.5 sameArrival=1 tickGapMax=2 renderFrames=51 interpolation=51 extrapolation=0 extrapolationCapped=0 extrapolationMaxMs=0.0 oldestHeld=0 zeroSpan=0 movingFrozen=0 teleport=0 visualStepAvgCm=0.00 visualStepMaxCm=0.00
[rubber-banding][remote-render] time=270.997 frame=16150 entity=1 latestHostTick=11142 buffer=8 windowMs=1016.6 fps=53.1 snapshots=31 arrivalSamples=31 arrivalAvgMs=33.9 arrivalP95Ms=58.3 arrivalMaxMs=59.0 sameArrival=1 tickGapMax=2 renderFrames=54 interpolation=54 extrapolation=0 extrapolationCapped=0 extrapolationMaxMs=0.0 oldestHeld=0 zeroSpan=2 movingFrozen=0 teleport=0 visualStepAvgCm=0.00 visualStepMaxCm=0.00
[rubber-banding][remote-render] time=270.997 frame=16150 entity=2 latestHostTick=11142 buffer=8 windowMs=1016.6 fps=53.1 snapshots=31 arrivalSamples=31 arrivalAvgMs=33.9 arrivalP95Ms=58.3 arrivalMaxMs=59.0 sameArrival=1 tickGapMax=2 renderFrames=54 interpolation=54 extrapolation=0 extrapolationCapped=0 extrapolationMaxMs=0.0 oldestHeld=0 zeroSpan=2 movingFrozen=0 teleport=0 visualStepAvgCm=0.00 visualStepMaxCm=0.00
[rubber-banding][remote-render] time=270.997 frame=16150 entity=3 latestHostTick=11142 buffer=8 windowMs=1016.6 fps=53.1 snapshots=31 arrivalSamples=31 arrivalAvgMs=33.9 arrivalP95Ms=58.3 arrivalMaxMs=59.0 sameArrival=1 tickGapMax=2 renderFrames=54 interpolation=54 extrapolation=0 extrapolationCapped=0 extrapolationMaxMs=0.0 oldestHeld=0 zeroSpan=2 movingFrozen=0 teleport=0 visualStepAvgCm=0.00 visualStepMaxCm=0.00
[rubber-banding][remote-render] time=271.999 frame=16203 entity=1 latestHostTick=11202 buffer=8 windowMs=1002.3 fps=52.9 snapshots=30 arrivalSamples=30 arrivalAvgMs=33.4 arrivalP95Ms=50.1 arrivalMaxMs=57.5 sameArrival=0 tickGapMax=2 renderFrames=53 interpolation=53 extrapolation=0 extrapolationCapped=0 extrapolationMaxMs=0.0 oldestHeld=0 zeroSpan=0 movingFrozen=0 teleport=0 visualStepAvgCm=0.00 visualStepMaxCm=0.00
[rubber-banding][remote-render] time=271.999 frame=16203 entity=2 latestHostTick=11202 buffer=8 windowMs=1002.3 fps=52.9 snapshots=30 arrivalSamples=30 arrivalAvgMs=33.4 arrivalP95Ms=50.1 arrivalMaxMs=57.5 sameArrival=0 tickGapMax=2 renderFrames=53 interpolation=53 extrapolation=0 extrapolationCapped=0 extrapolationMaxMs=0.0 oldestHeld=0 zeroSpan=0 movingFrozen=0 teleport=0 visualStepAvgCm=0.00 visualStepMaxCm=0.00
[rubber-banding][remote-render] time=271.999 frame=16203 entity=3 latestHostTick=11202 buffer=8 windowMs=1002.3 fps=52.9 snapshots=30 arrivalSamples=30 arrivalAvgMs=33.4 arrivalP95Ms=50.1 arrivalMaxMs=57.5 sameArrival=0 tickGapMax=2 renderFrames=53 interpolation=53 extrapolation=0 extrapolationCapped=0 extrapolationMaxMs=0.0 oldestHeld=0 zeroSpan=0 movingFrozen=0 teleport=0 visualStepAvgCm=0.00 visualStepMaxCm=0.00
[rubber-banding][remote-render] time=273.009 frame=16256 entity=1 latestHostTick=11262 buffer=8 windowMs=1009.9 fps=52.5 snapshots=30 arrivalSamples=30 arrivalAvgMs=33.7 arrivalP95Ms=45.6 arrivalMaxMs=50.0 sameArrival=0 tickGapMax=2 renderFrames=53 interpolation=53 extrapolation=0 extrapolationCapped=0 extrapolationMaxMs=0.0 oldestHeld=0 zeroSpan=0 movingFrozen=0 teleport=0 visualStepAvgCm=0.00 visualStepMaxCm=0.00
[rubber-banding][remote-render] time=273.009 frame=16256 entity=2 latestHostTick=11262 buffer=8 windowMs=1009.9 fps=52.5 snapshots=30 arrivalSamples=30 arrivalAvgMs=33.7 arrivalP95Ms=45.6 arrivalMaxMs=50.0 sameArrival=0 tickGapMax=2 renderFrames=53 interpolation=53 extrapolation=0 extrapolationCapped=0 extrapolationMaxMs=0.0 oldestHeld=0 zeroSpan=0 movingFrozen=0 teleport=0 visualStepAvgCm=0.00 visualStepMaxCm=0.00
[rubber-banding][remote-render] time=273.009 frame=16256 entity=3 latestHostTick=11262 buffer=8 windowMs=1009.9 fps=52.5 snapshots=30 arrivalSamples=30 arrivalAvgMs=33.7 arrivalP95Ms=45.6 arrivalMaxMs=50.0 sameArrival=0 tickGapMax=2 renderFrames=53 interpolation=53 extrapolation=0 extrapolationCapped=0 extrapolationMaxMs=0.0 oldestHeld=0 zeroSpan=0 movingFrozen=0 teleport=0 visualStepAvgCm=0.00 visualStepMaxCm=0.00
[rubber-banding][remote-render] time=274.013 frame=16311 entity=1 latestHostTick=11324 buffer=8 windowMs=1004.4 fps=54.8 snapshots=31 arrivalSamples=31 arrivalAvgMs=32.4 arrivalP95Ms=51.7 arrivalMaxMs=58.6 sameArrival=1 tickGapMax=2 renderFrames=55 interpolation=55 extrapolation=0 extrapolationCapped=0 extrapolationMaxMs=0.0 oldestHeld=0 zeroSpan=2 movingFrozen=0 teleport=0 visualStepAvgCm=0.00 visualStepMaxCm=0.00
[rubber-banding][remote-render] time=274.013 frame=16311 entity=2 latestHostTick=11324 buffer=8 windowMs=1004.4 fps=54.8 snapshots=31 arrivalSamples=31 arrivalAvgMs=32.4 arrivalP95Ms=51.7 arrivalMaxMs=58.6 sameArrival=1 tickGapMax=2 renderFrames=55 interpolation=55 extrapolation=0 extrapolationCapped=0 extrapolationMaxMs=0.0 oldestHeld=0 zeroSpan=2 movingFrozen=0 teleport=0 visualStepAvgCm=0.00 visualStepMaxCm=0.00
[rubber-banding][remote-render] time=274.013 frame=16311 entity=3 latestHostTick=11324 buffer=8 windowMs=1004.4 fps=54.8 snapshots=31 arrivalSamples=31 arrivalAvgMs=32.4 arrivalP95Ms=51.7 arrivalMaxMs=58.6 sameArrival=1 tickGapMax=2 renderFrames=55 interpolation=55 extrapolation=0 extrapolationCapped=0 extrapolationMaxMs=0.0 oldestHeld=0 zeroSpan=2 movingFrozen=0 teleport=0 visualStepAvgCm=0.00 visualStepMaxCm=0.00
[rubber-banding][remote-render] time=275.022 frame=16369 entity=1 latestHostTick=11384 buffer=8 windowMs=1008.2 fps=57.5 snapshots=30 arrivalSamples=30 arrivalAvgMs=33.6 arrivalP95Ms=50.0 arrivalMaxMs=51.0 sameArrival=0 tickGapMax=2 renderFrames=58 interpolation=58 extrapolation=0 extrapolationCapped=0 extrapolationMaxMs=0.0 oldestHeld=0 zeroSpan=0 movingFrozen=0 teleport=0 visualStepAvgCm=0.00 visualStepMaxCm=0.00
[rubber-banding][remote-render] time=275.022 frame=16369 entity=2 latestHostTick=11384 buffer=8 windowMs=1008.2 fps=57.5 snapshots=30 arrivalSamples=30 arrivalAvgMs=33.6 arrivalP95Ms=50.0 arrivalMaxMs=51.0 sameArrival=0 tickGapMax=2 renderFrames=58 interpolation=58 extrapolation=0 extrapolationCapped=0 extrapolationMaxMs=0.0 oldestHeld=0 zeroSpan=0 movingFrozen=0 teleport=0 visualStepAvgCm=0.00 visualStepMaxCm=0.00
[rubber-banding][remote-render] time=275.022 frame=16369 entity=3 latestHostTick=11384 buffer=8 windowMs=1008.2 fps=57.5 snapshots=30 arrivalSamples=30 arrivalAvgMs=33.6 arrivalP95Ms=50.0 arrivalMaxMs=51.0 sameArrival=0 tickGapMax=2 renderFrames=58 interpolation=58 extrapolation=0 extrapolationCapped=0 extrapolationMaxMs=0.0 oldestHeld=0 zeroSpan=0 movingFrozen=0 teleport=0 visualStepAvgCm=0.00 visualStepMaxCm=0.00
[rubber-banding][remote-render] time=276.022 frame=16422 entity=1 latestHostTick=11444 buffer=8 windowMs=1000.0 fps=53.0 snapshots=30 arrivalSamples=30 arrivalAvgMs=33.3 arrivalP95Ms=58.3 arrivalMaxMs=59.9 sameArrival=1 tickGapMax=2 renderFrames=53 interpolation=53 extrapolation=0 extrapolationCapped=0 extrapolationMaxMs=0.0 oldestHeld=0 zeroSpan=1 movingFrozen=0 teleport=0 visualStepAvgCm=0.00 visualStepMaxCm=0.00
[rubber-banding][remote-render] time=276.022 frame=16422 entity=2 latestHostTick=11444 buffer=8 windowMs=1000.0 fps=53.0 snapshots=30 arrivalSamples=30 arrivalAvgMs=33.3 arrivalP95Ms=58.3 arrivalMaxMs=59.9 sameArrival=1 tickGapMax=2 renderFrames=53 interpolation=53 extrapolation=0 extrapolationCapped=0 extrapolationMaxMs=0.0 oldestHeld=0 zeroSpan=1 movingFrozen=0 teleport=0 visualStepAvgCm=0.00 visualStepMaxCm=0.00
[rubber-banding][remote-render] time=276.022 frame=16422 entity=3 latestHostTick=11444 buffer=8 windowMs=1000.0 fps=53.0 snapshots=30 arrivalSamples=30 arrivalAvgMs=33.3 arrivalP95Ms=58.3 arrivalMaxMs=59.9 sameArrival=1 tickGapMax=2 renderFrames=53 interpolation=53 extrapolation=0 extrapolationCapped=0 extrapolationMaxMs=0.0 oldestHeld=0 zeroSpan=1 movingFrozen=0 teleport=0 visualStepAvgCm=0.00 visualStepMaxCm=0.00
[rubber-banding][remote-render] time=277.038 frame=16476 entity=1 latestHostTick=11504 buffer=8 windowMs=1016.6 fps=53.1 snapshots=30 arrivalSamples=30 arrivalAvgMs=33.3 arrivalP95Ms=58.5 arrivalMaxMs=60.5 sameArrival=1 tickGapMax=2 renderFrames=54 interpolation=54 extrapolation=0 extrapolationCapped=0 extrapolationMaxMs=0.0 oldestHeld=0 zeroSpan=2 movingFrozen=0 teleport=0 visualStepAvgCm=0.00 visualStepMaxCm=0.00
[rubber-banding][remote-render] time=277.038 frame=16476 entity=2 latestHostTick=11504 buffer=8 windowMs=1016.6 fps=53.1 snapshots=30 arrivalSamples=30 arrivalAvgMs=33.3 arrivalP95Ms=58.5 arrivalMaxMs=60.5 sameArrival=1 tickGapMax=2 renderFrames=54 interpolation=54 extrapolation=0 extrapolationCapped=0 extrapolationMaxMs=0.0 oldestHeld=0 zeroSpan=2 movingFrozen=0 teleport=0 visualStepAvgCm=0.00 visualStepMaxCm=0.00
[rubber-banding][remote-render] time=277.038 frame=16476 entity=3 latestHostTick=11504 buffer=8 windowMs=1016.6 fps=53.1 snapshots=30 arrivalSamples=30 arrivalAvgMs=33.3 arrivalP95Ms=58.5 arrivalMaxMs=60.5 sameArrival=1 tickGapMax=2 renderFrames=54 interpolation=54 extrapolation=0 extrapolationCapped=0 extrapolationMaxMs=0.0 oldestHeld=0 zeroSpan=2 movingFrozen=0 teleport=0 visualStepAvgCm=0.00 visualStepMaxCm=0.00
[rubber-banding][remote-render] time=278.047 frame=16531 entity=1 latestHostTick=11564 buffer=8 windowMs=1008.5 fps=54.5 snapshots=30 arrivalSamples=30 arrivalAvgMs=33.7 arrivalP95Ms=50.1 arrivalMaxMs=51.9 sameArrival=2 tickGapMax=2 renderFrames=55 interpolation=55 extrapolation=0 extrapolationCapped=0 extrapolationMaxMs=0.0 oldestHeld=0 zeroSpan=4 movingFrozen=0 teleport=0 visualStepAvgCm=0.00 visualStepMaxCm=0.00
[rubber-banding][remote-render] time=278.047 frame=16531 entity=2 latestHostTick=11564 buffer=8 windowMs=1008.5 fps=54.5 snapshots=30 arrivalSamples=30 arrivalAvgMs=33.7 arrivalP95Ms=50.1 arrivalMaxMs=51.9 sameArrival=2 tickGapMax=2 renderFrames=55 interpolation=55 extrapolation=0 extrapolationCapped=0 extrapolationMaxMs=0.0 oldestHeld=0 zeroSpan=4 movingFrozen=0 teleport=0 visualStepAvgCm=0.00 visualStepMaxCm=0.00
[rubber-banding][remote-render] time=278.047 frame=16531 entity=3 latestHostTick=11564 buffer=8 windowMs=1008.5 fps=54.5 snapshots=30 arrivalSamples=30 arrivalAvgMs=33.7 arrivalP95Ms=50.1 arrivalMaxMs=51.9 sameArrival=2 tickGapMax=2 renderFrames=55 interpolation=55 extrapolation=0 extrapolationCapped=0 extrapolationMaxMs=0.0 oldestHeld=0 zeroSpan=4 movingFrozen=0 teleport=0 visualStepAvgCm=0.00 visualStepMaxCm=0.00
[rubber-banding][remote-render] time=279.047 frame=16584 entity=1 latestHostTick=11624 buffer=8 windowMs=1000.7 fps=53.0 snapshots=30 arrivalSamples=30 arrivalAvgMs=33.9 arrivalP95Ms=58.5 arrivalMaxMs=66.0 sameArrival=0 tickGapMax=2 renderFrames=53 interpolation=53 extrapolation=0 extrapolationCapped=0 extrapolationMaxMs=0.0 oldestHeld=0 zeroSpan=0 movingFrozen=0 teleport=0 visualStepAvgCm=0.00 visualStepMaxCm=0.00
[rubber-banding][remote-render] time=279.047 frame=16584 entity=2 latestHostTick=11624 buffer=8 windowMs=1000.7 fps=53.0 snapshots=30 arrivalSamples=30 arrivalAvgMs=33.9 arrivalP95Ms=58.5 arrivalMaxMs=66.0 sameArrival=0 tickGapMax=2 renderFrames=53 interpolation=53 extrapolation=0 extrapolationCapped=0 extrapolationMaxMs=0.0 oldestHeld=0 zeroSpan=0 movingFrozen=0 teleport=0 visualStepAvgCm=0.00 visualStepMaxCm=0.00
[rubber-banding][remote-render] time=279.047 frame=16584 entity=3 latestHostTick=11624 buffer=8 windowMs=1000.7 fps=53.0 snapshots=30 arrivalSamples=30 arrivalAvgMs=33.9 arrivalP95Ms=58.5 arrivalMaxMs=66.0 sameArrival=0 tickGapMax=2 renderFrames=53 interpolation=53 extrapolation=0 extrapolationCapped=0 extrapolationMaxMs=0.0 oldestHeld=0 zeroSpan=0 movingFrozen=0 teleport=0 visualStepAvgCm=0.00 visualStepMaxCm=0.00
[rubber-banding][remote-render] time=280.055 frame=16638 entity=1 latestHostTick=11686 buffer=8 windowMs=1007.5 fps=53.6 snapshots=31 arrivalSamples=31 arrivalAvgMs=32.5 arrivalP95Ms=50.0 arrivalMaxMs=55.8 sameArrival=0 tickGapMax=2 renderFrames=54 interpolation=54 extrapolation=0 extrapolationCapped=0 extrapolationMaxMs=0.0 oldestHeld=0 zeroSpan=0 movingFrozen=0 teleport=0 visualStepAvgCm=0.00 visualStepMaxCm=0.00
[rubber-banding][remote-render] time=280.055 frame=16638 entity=2 latestHostTick=11686 buffer=8 windowMs=1007.5 fps=53.6 snapshots=31 arrivalSamples=31 arrivalAvgMs=32.5 arrivalP95Ms=50.0 arrivalMaxMs=55.8 sameArrival=0 tickGapMax=2 renderFrames=54 interpolation=54 extrapolation=0 extrapolationCapped=0 extrapolationMaxMs=0.0 oldestHeld=0 zeroSpan=0 movingFrozen=0 teleport=0 visualStepAvgCm=0.00 visualStepMaxCm=0.00
[rubber-banding][remote-render] time=280.055 frame=16638 entity=3 latestHostTick=11686 buffer=8 windowMs=1007.5 fps=53.6 snapshots=31 arrivalSamples=31 arrivalAvgMs=32.5 arrivalP95Ms=50.0 arrivalMaxMs=55.8 sameArrival=0 tickGapMax=2 renderFrames=54 interpolation=54 extrapolation=0 extrapolationCapped=0 extrapolationMaxMs=0.0 oldestHeld=0 zeroSpan=0 movingFrozen=0 teleport=0 visualStepAvgCm=0.00 visualStepMaxCm=0.00
[rubber-banding][remote-render] time=281.063 frame=16695 entity=1 latestHostTick=11746 buffer=8 windowMs=1008.4 fps=56.5 snapshots=30 arrivalSamples=30 arrivalAvgMs=33.1 arrivalP95Ms=50.0 arrivalMaxMs=58.6 sameArrival=0 tickGapMax=2 renderFrames=57 interpolation=57 extrapolation=0 extrapolationCapped=0 extrapolationMaxMs=0.0 oldestHeld=0 zeroSpan=0 movingFrozen=0 teleport=0 visualStepAvgCm=0.00 visualStepMaxCm=0.00
[rubber-banding][remote-render] time=281.063 frame=16695 entity=2 latestHostTick=11746 buffer=8 windowMs=1008.4 fps=56.5 snapshots=30 arrivalSamples=30 arrivalAvgMs=33.1 arrivalP95Ms=50.0 arrivalMaxMs=58.6 sameArrival=0 tickGapMax=2 renderFrames=57 interpolation=57 extrapolation=0 extrapolationCapped=0 extrapolationMaxMs=0.0 oldestHeld=0 zeroSpan=0 movingFrozen=0 teleport=0 visualStepAvgCm=0.00 visualStepMaxCm=0.00
[rubber-banding][remote-render] time=281.063 frame=16695 entity=3 latestHostTick=11746 buffer=8 windowMs=1008.4 fps=56.5 snapshots=30 arrivalSamples=30 arrivalAvgMs=33.1 arrivalP95Ms=50.0 arrivalMaxMs=58.6 sameArrival=0 tickGapMax=2 renderFrames=57 interpolation=57 extrapolation=0 extrapolationCapped=0 extrapolationMaxMs=0.0 oldestHeld=0 zeroSpan=0 movingFrozen=0 teleport=0 visualStepAvgCm=0.00 visualStepMaxCm=0.00
[rubber-banding][remote-render] time=282.064 frame=16750 entity=1 latestHostTick=11806 buffer=8 windowMs=1000.5 fps=55.0 snapshots=30 arrivalSamples=30 arrivalAvgMs=33.3 arrivalP95Ms=51.1 arrivalMaxMs=51.1 sameArrival=1 tickGapMax=2 renderFrames=55 interpolation=55 extrapolation=0 extrapolationCapped=0 extrapolationMaxMs=0.0 oldestHeld=0 zeroSpan=2 movingFrozen=0 teleport=0 visualStepAvgCm=0.00 visualStepMaxCm=0.00
[rubber-banding][remote-render] time=282.064 frame=16750 entity=2 latestHostTick=11806 buffer=8 windowMs=1000.5 fps=55.0 snapshots=30 arrivalSamples=30 arrivalAvgMs=33.3 arrivalP95Ms=51.1 arrivalMaxMs=51.1 sameArrival=1 tickGapMax=2 renderFrames=55 interpolation=55 extrapolation=0 extrapolationCapped=0 extrapolationMaxMs=0.0 oldestHeld=0 zeroSpan=2 movingFrozen=0 teleport=0 visualStepAvgCm=0.00 visualStepMaxCm=0.00
[rubber-banding][remote-render] time=282.064 frame=16750 entity=3 latestHostTick=11806 buffer=8 windowMs=1000.5 fps=55.0 snapshots=30 arrivalSamples=30 arrivalAvgMs=33.3 arrivalP95Ms=51.1 arrivalMaxMs=51.1 sameArrival=1 tickGapMax=2 renderFrames=55 interpolation=55 extrapolation=0 extrapolationCapped=0 extrapolationMaxMs=0.0 oldestHeld=0 zeroSpan=2 movingFrozen=0 teleport=0 visualStepAvgCm=0.00 visualStepMaxCm=0.00
[rubber-banding][remote-render] time=283.068 frame=16804 entity=1 latestHostTick=11866 buffer=8 windowMs=1004.3 fps=53.8 snapshots=30 arrivalSamples=30 arrivalAvgMs=34.1 arrivalP95Ms=58.4 arrivalMaxMs=58.5 sameArrival=0 tickGapMax=2 renderFrames=54 interpolation=54 extrapolation=0 extrapolationCapped=0 extrapolationMaxMs=0.0 oldestHeld=0 zeroSpan=0 movingFrozen=0 teleport=0 visualStepAvgCm=0.00 visualStepMaxCm=0.00
[rubber-banding][remote-render] time=283.068 frame=16804 entity=2 latestHostTick=11866 buffer=8 windowMs=1004.3 fps=53.8 snapshots=30 arrivalSamples=30 arrivalAvgMs=34.1 arrivalP95Ms=58.4 arrivalMaxMs=58.5 sameArrival=0 tickGapMax=2 renderFrames=54 interpolation=54 extrapolation=0 extrapolationCapped=0 extrapolationMaxMs=0.0 oldestHeld=0 zeroSpan=0 movingFrozen=0 teleport=0 visualStepAvgCm=0.00 visualStepMaxCm=0.00
[rubber-banding][remote-render] time=283.068 frame=16804 entity=3 latestHostTick=11866 buffer=8 windowMs=1004.3 fps=53.8 snapshots=30 arrivalSamples=30 arrivalAvgMs=34.1 arrivalP95Ms=58.4 arrivalMaxMs=58.5 sameArrival=0 tickGapMax=2 renderFrames=54 interpolation=54 extrapolation=0 extrapolationCapped=0 extrapolationMaxMs=0.0 oldestHeld=0 zeroSpan=0 movingFrozen=0 teleport=0 visualStepAvgCm=0.00 visualStepMaxCm=0.00
[rubber-banding][remote-render] time=284.071 frame=16856 entity=1 latestHostTick=11926 buffer=8 windowMs=1003.4 fps=51.8 snapshots=30 arrivalSamples=30 arrivalAvgMs=32.9 arrivalP95Ms=47.8 arrivalMaxMs=63.9 sameArrival=0 tickGapMax=2 renderFrames=52 interpolation=52 extrapolation=0 extrapolationCapped=0 extrapolationMaxMs=0.0 oldestHeld=0 zeroSpan=0 movingFrozen=0 teleport=0 visualStepAvgCm=0.00 visualStepMaxCm=0.00
[rubber-banding][remote-render] time=284.071 frame=16856 entity=2 latestHostTick=11926 buffer=8 windowMs=1003.4 fps=51.8 snapshots=30 arrivalSamples=30 arrivalAvgMs=32.9 arrivalP95Ms=47.8 arrivalMaxMs=63.9 sameArrival=0 tickGapMax=2 renderFrames=52 interpolation=52 extrapolation=0 extrapolationCapped=0 extrapolationMaxMs=0.0 oldestHeld=0 zeroSpan=0 movingFrozen=0 teleport=0 visualStepAvgCm=0.00 visualStepMaxCm=0.00
[rubber-banding][remote-render] time=284.071 frame=16856 entity=3 latestHostTick=11926 buffer=8 windowMs=1003.4 fps=51.8 snapshots=30 arrivalSamples=30 arrivalAvgMs=32.9 arrivalP95Ms=47.8 arrivalMaxMs=63.9 sameArrival=0 tickGapMax=2 renderFrames=52 interpolation=52 extrapolation=0 extrapolationCapped=0 extrapolationMaxMs=0.0 oldestHeld=0 zeroSpan=0 movingFrozen=0 teleport=0 visualStepAvgCm=0.00 visualStepMaxCm=0.00
[rubber-banding][remote-render] time=285.072 frame=16909 entity=1 latestHostTick=11986 buffer=8 windowMs=1000.2 fps=53.0 snapshots=30 arrivalSamples=30 arrivalAvgMs=33.3 arrivalP95Ms=50.4 arrivalMaxMs=57.8 sameArrival=0 tickGapMax=2 renderFrames=53 interpolation=53 extrapolation=0 extrapolationCapped=0 extrapolationMaxMs=0.0 oldestHeld=0 zeroSpan=0 movingFrozen=0 teleport=0 visualStepAvgCm=0.00 visualStepMaxCm=0.00
[rubber-banding][remote-render] time=285.072 frame=16909 entity=2 latestHostTick=11986 buffer=8 windowMs=1000.2 fps=53.0 snapshots=30 arrivalSamples=30 arrivalAvgMs=33.3 arrivalP95Ms=50.4 arrivalMaxMs=57.8 sameArrival=0 tickGapMax=2 renderFrames=53 interpolation=53 extrapolation=0 extrapolationCapped=0 extrapolationMaxMs=0.0 oldestHeld=0 zeroSpan=0 movingFrozen=0 teleport=0 visualStepAvgCm=0.00 visualStepMaxCm=0.00
[rubber-banding][remote-render] time=285.072 frame=16909 entity=3 latestHostTick=11986 buffer=8 windowMs=1000.2 fps=53.0 snapshots=30 arrivalSamples=30 arrivalAvgMs=33.3 arrivalP95Ms=50.4 arrivalMaxMs=57.8 sameArrival=0 tickGapMax=2 renderFrames=53 interpolation=53 extrapolation=0 extrapolationCapped=0 extrapolationMaxMs=0.0 oldestHeld=0 zeroSpan=0 movingFrozen=0 teleport=0 visualStepAvgCm=0.00 visualStepMaxCm=0.00
[rubber-banding][remote-render] time=286.083 frame=16963 entity=1 latestHostTick=12046 buffer=8 windowMs=1011.4 fps=53.4 snapshots=30 arrivalSamples=30 arrivalAvgMs=33.9 arrivalP95Ms=47.5 arrivalMaxMs=49.9 sameArrival=0 tickGapMax=2 renderFrames=54 interpolation=54 extrapolation=0 extrapolationCapped=0 extrapolationMaxMs=0.0 oldestHeld=0 zeroSpan=0 movingFrozen=0 teleport=0 visualStepAvgCm=0.00 visualStepMaxCm=0.00
[rubber-banding][remote-render] time=286.083 frame=16963 entity=2 latestHostTick=12046 buffer=8 windowMs=1011.4 fps=53.4 snapshots=30 arrivalSamples=30 arrivalAvgMs=33.9 arrivalP95Ms=47.5 arrivalMaxMs=49.9 sameArrival=0 tickGapMax=2 renderFrames=54 interpolation=54 extrapolation=0 extrapolationCapped=0 extrapolationMaxMs=0.0 oldestHeld=0 zeroSpan=0 movingFrozen=0 teleport=0 visualStepAvgCm=0.00 visualStepMaxCm=0.00
[rubber-banding][remote-render] time=286.083 frame=16963 entity=3 latestHostTick=12046 buffer=8 windowMs=1011.4 fps=53.4 snapshots=30 arrivalSamples=30 arrivalAvgMs=33.9 arrivalP95Ms=47.5 arrivalMaxMs=49.9 sameArrival=0 tickGapMax=2 renderFrames=54 interpolation=54 extrapolation=0 extrapolationCapped=0 extrapolationMaxMs=0.0 oldestHeld=0 zeroSpan=0 movingFrozen=0 teleport=0 visualStepAvgCm=0.00 visualStepMaxCm=0.00
[rubber-banding][remote-render] time=287.088 frame=17017 entity=1 latestHostTick=12108 buffer=8 windowMs=1005.1 fps=53.7 snapshots=31 arrivalSamples=31 arrivalAvgMs=32.8 arrivalP95Ms=41.8 arrivalMaxMs=43.9 sameArrival=1 tickGapMax=2 renderFrames=54 interpolation=54 extrapolation=0 extrapolationCapped=0 extrapolationMaxMs=0.0 oldestHeld=0 zeroSpan=2 movingFrozen=0 teleport=0 visualStepAvgCm=0.00 visualStepMaxCm=0.00
[rubber-banding][remote-render] time=287.088 frame=17017 entity=2 latestHostTick=12108 buffer=8 windowMs=1005.1 fps=53.7 snapshots=31 arrivalSamples=31 arrivalAvgMs=32.8 arrivalP95Ms=41.8 arrivalMaxMs=43.9 sameArrival=1 tickGapMax=2 renderFrames=54 interpolation=54 extrapolation=0 extrapolationCapped=0 extrapolationMaxMs=0.0 oldestHeld=0 zeroSpan=2 movingFrozen=0 teleport=0 visualStepAvgCm=0.00 visualStepMaxCm=0.00
[rubber-banding][remote-render] time=287.088 frame=17017 entity=3 latestHostTick=12108 buffer=8 windowMs=1005.1 fps=53.7 snapshots=31 arrivalSamples=31 arrivalAvgMs=32.8 arrivalP95Ms=41.8 arrivalMaxMs=43.9 sameArrival=1 tickGapMax=2 renderFrames=54 interpolation=54 extrapolation=0 extrapolationCapped=0 extrapolationMaxMs=0.0 oldestHeld=0 zeroSpan=2 movingFrozen=0 teleport=0 visualStepAvgCm=0.00 visualStepMaxCm=0.00
[rubber-banding][remote-render] time=288.096 frame=17070 entity=1 latestHostTick=12168 buffer=8 windowMs=1008.2 fps=52.6 snapshots=30 arrivalSamples=30 arrivalAvgMs=33.6 arrivalP95Ms=42.6 arrivalMaxMs=43.3 sameArrival=0 tickGapMax=2 renderFrames=53 interpolation=53 extrapolation=0 extrapolationCapped=0 extrapolationMaxMs=0.0 oldestHeld=0 zeroSpan=0 movingFrozen=0 teleport=0 visualStepAvgCm=0.00 visualStepMaxCm=0.00
[rubber-banding][remote-render] time=288.096 frame=17070 entity=2 latestHostTick=12168 buffer=8 windowMs=1008.2 fps=52.6 snapshots=30 arrivalSamples=30 arrivalAvgMs=33.6 arrivalP95Ms=42.6 arrivalMaxMs=43.3 sameArrival=0 tickGapMax=2 renderFrames=53 interpolation=53 extrapolation=0 extrapolationCapped=0 extrapolationMaxMs=0.0 oldestHeld=0 zeroSpan=0 movingFrozen=0 teleport=0 visualStepAvgCm=0.00 visualStepMaxCm=0.00
[rubber-banding][remote-render] time=288.096 frame=17070 entity=3 latestHostTick=12168 buffer=8 windowMs=1008.2 fps=52.6 snapshots=30 arrivalSamples=30 arrivalAvgMs=33.6 arrivalP95Ms=42.6 arrivalMaxMs=43.3 sameArrival=0 tickGapMax=2 renderFrames=53 interpolation=53 extrapolation=0 extrapolationCapped=0 extrapolationMaxMs=0.0 oldestHeld=0 zeroSpan=0 movingFrozen=0 teleport=0 visualStepAvgCm=0.00 visualStepMaxCm=0.00
[rubber-banding][remote-render] time=289.105 frame=17129 entity=1 latestHostTick=12228 buffer=8 windowMs=1008.5 fps=58.5 snapshots=30 arrivalSamples=30 arrivalAvgMs=33.6 arrivalP95Ms=50.0 arrivalMaxMs=51.1 sameArrival=0 tickGapMax=2 renderFrames=59 interpolation=59 extrapolation=0 extrapolationCapped=0 extrapolationMaxMs=0.0 oldestHeld=0 zeroSpan=0 movingFrozen=0 teleport=0 visualStepAvgCm=0.00 visualStepMaxCm=0.00
[rubber-banding][remote-render] time=289.105 frame=17129 entity=2 latestHostTick=12228 buffer=8 windowMs=1008.5 fps=58.5 snapshots=30 arrivalSamples=30 arrivalAvgMs=33.6 arrivalP95Ms=50.0 arrivalMaxMs=51.1 sameArrival=0 tickGapMax=2 renderFrames=59 interpolation=59 extrapolation=0 extrapolationCapped=0 extrapolationMaxMs=0.0 oldestHeld=0 zeroSpan=0 movingFrozen=0 teleport=0 visualStepAvgCm=0.00 visualStepMaxCm=0.00
[rubber-banding][remote-render] time=289.105 frame=17129 entity=3 latestHostTick=12228 buffer=8 windowMs=1008.5 fps=58.5 snapshots=30 arrivalSamples=30 arrivalAvgMs=33.6 arrivalP95Ms=50.0 arrivalMaxMs=51.1 sameArrival=0 tickGapMax=2 renderFrames=59 interpolation=59 extrapolation=0 extrapolationCapped=0 extrapolationMaxMs=0.0 oldestHeld=0 zeroSpan=0 movingFrozen=0 teleport=0 visualStepAvgCm=0.00 visualStepMaxCm=0.00
[rubber-banding][remote-render] time=290.121 frame=17181 entity=1 latestHostTick=12290 buffer=8 windowMs=1016.5 fps=51.2 snapshots=31 arrivalSamples=31 arrivalAvgMs=32.8 arrivalP95Ms=49.5 arrivalMaxMs=50.1 sameArrival=1 tickGapMax=2 renderFrames=52 interpolation=52 extrapolation=0 extrapolationCapped=0 extrapolationMaxMs=0.0 oldestHeld=0 zeroSpan=1 movingFrozen=0 teleport=0 visualStepAvgCm=0.00 visualStepMaxCm=0.00
[rubber-banding][remote-render] time=290.121 frame=17181 entity=2 latestHostTick=12290 buffer=8 windowMs=1016.5 fps=51.2 snapshots=31 arrivalSamples=31 arrivalAvgMs=32.8 arrivalP95Ms=49.5 arrivalMaxMs=50.1 sameArrival=1 tickGapMax=2 renderFrames=52 interpolation=52 extrapolation=0 extrapolationCapped=0 extrapolationMaxMs=0.0 oldestHeld=0 zeroSpan=1 movingFrozen=0 teleport=0 visualStepAvgCm=0.00 visualStepMaxCm=0.00
[rubber-banding][remote-render] time=290.121 frame=17181 entity=3 latestHostTick=12290 buffer=8 windowMs=1016.5 fps=51.2 snapshots=31 arrivalSamples=31 arrivalAvgMs=32.8 arrivalP95Ms=49.5 arrivalMaxMs=50.1 sameArrival=1 tickGapMax=2 renderFrames=52 interpolation=52 extrapolation=0 extrapolationCapped=0 extrapolationMaxMs=0.0 oldestHeld=0 zeroSpan=1 movingFrozen=0 teleport=0 visualStepAvgCm=0.00 visualStepMaxCm=0.00
[rubber-banding][remote-render] time=291.122 frame=17235 entity=1 latestHostTick=12350 buffer=8 windowMs=1000.1 fps=54.0 snapshots=30 arrivalSamples=30 arrivalAvgMs=33.3 arrivalP95Ms=56.8 arrivalMaxMs=60.0 sameArrival=0 tickGapMax=2 renderFrames=54 interpolation=54 extrapolation=0 extrapolationCapped=0 extrapolationMaxMs=0.0 oldestHeld=0 zeroSpan=0 movingFrozen=0 teleport=0 visualStepAvgCm=0.00 visualStepMaxCm=0.00
[rubber-banding][remote-render] time=291.122 frame=17235 entity=2 latestHostTick=12350 buffer=8 windowMs=1000.1 fps=54.0 snapshots=30 arrivalSamples=30 arrivalAvgMs=33.3 arrivalP95Ms=56.8 arrivalMaxMs=60.0 sameArrival=0 tickGapMax=2 renderFrames=54 interpolation=54 extrapolation=0 extrapolationCapped=0 extrapolationMaxMs=0.0 oldestHeld=0 zeroSpan=0 movingFrozen=0 teleport=0 visualStepAvgCm=0.00 visualStepMaxCm=0.00
[rubber-banding][remote-render] time=291.122 frame=17235 entity=3 latestHostTick=12350 buffer=8 windowMs=1000.1 fps=54.0 snapshots=30 arrivalSamples=30 arrivalAvgMs=33.3 arrivalP95Ms=56.8 arrivalMaxMs=60.0 sameArrival=0 tickGapMax=2 renderFrames=54 interpolation=54 extrapolation=0 extrapolationCapped=0 extrapolationMaxMs=0.0 oldestHeld=0 zeroSpan=0 movingFrozen=0 teleport=0 visualStepAvgCm=0.00 visualStepMaxCm=0.00
[rubber-banding][remote-render] time=292.122 frame=17289 entity=1 latestHostTick=12410 buffer=8 windowMs=1000.3 fps=54.0 snapshots=30 arrivalSamples=30 arrivalAvgMs=33.3 arrivalP95Ms=42.7 arrivalMaxMs=58.7 sameArrival=0 tickGapMax=2 renderFrames=54 interpolation=54 extrapolation=0 extrapolationCapped=0 extrapolationMaxMs=0.0 oldestHeld=0 zeroSpan=0 movingFrozen=0 teleport=0 visualStepAvgCm=0.00 visualStepMaxCm=0.00
[rubber-banding][remote-render] time=292.122 frame=17289 entity=2 latestHostTick=12410 buffer=8 windowMs=1000.3 fps=54.0 snapshots=30 arrivalSamples=30 arrivalAvgMs=33.3 arrivalP95Ms=42.7 arrivalMaxMs=58.7 sameArrival=0 tickGapMax=2 renderFrames=54 interpolation=54 extrapolation=0 extrapolationCapped=0 extrapolationMaxMs=0.0 oldestHeld=0 zeroSpan=0 movingFrozen=0 teleport=0 visualStepAvgCm=0.00 visualStepMaxCm=0.00
[rubber-banding][remote-render] time=292.122 frame=17289 entity=3 latestHostTick=12410 buffer=8 windowMs=1000.3 fps=54.0 snapshots=30 arrivalSamples=30 arrivalAvgMs=33.3 arrivalP95Ms=42.7 arrivalMaxMs=58.7 sameArrival=0 tickGapMax=2 renderFrames=54 interpolation=54 extrapolation=0 extrapolationCapped=0 extrapolationMaxMs=0.0 oldestHeld=0 zeroSpan=0 movingFrozen=0 teleport=0 visualStepAvgCm=0.00 visualStepMaxCm=0.00
[rubber-banding][remote-render] time=293.130 frame=17347 entity=1 latestHostTick=12470 buffer=8 windowMs=1007.9 fps=57.5 snapshots=30 arrivalSamples=30 arrivalAvgMs=33.6 arrivalP95Ms=50.0 arrivalMaxMs=50.0 sameArrival=0 tickGapMax=2 renderFrames=58 interpolation=58 extrapolation=0 extrapolationCapped=0 extrapolationMaxMs=0.0 oldestHeld=0 zeroSpan=0 movingFrozen=0 teleport=0 visualStepAvgCm=0.00 visualStepMaxCm=0.00
[rubber-banding][remote-render] time=293.130 frame=17347 entity=2 latestHostTick=12470 buffer=8 windowMs=1007.9 fps=57.5 snapshots=30 arrivalSamples=30 arrivalAvgMs=33.6 arrivalP95Ms=50.0 arrivalMaxMs=50.0 sameArrival=0 tickGapMax=2 renderFrames=58 interpolation=58 extrapolation=0 extrapolationCapped=0 extrapolationMaxMs=0.0 oldestHeld=0 zeroSpan=0 movingFrozen=0 teleport=0 visualStepAvgCm=0.00 visualStepMaxCm=0.00
[rubber-banding][remote-render] time=293.130 frame=17347 entity=3 latestHostTick=12470 buffer=8 windowMs=1007.9 fps=57.5 snapshots=30 arrivalSamples=30 arrivalAvgMs=33.6 arrivalP95Ms=50.0 arrivalMaxMs=50.0 sameArrival=0 tickGapMax=2 renderFrames=58 interpolation=58 extrapolation=0 extrapolationCapped=0 extrapolationMaxMs=0.0 oldestHeld=0 zeroSpan=0 movingFrozen=0 teleport=0 visualStepAvgCm=0.00 visualStepMaxCm=0.00
[rubber-banding][remote-render] time=294.130 frame=17404 entity=1 latestHostTick=12530 buffer=8 windowMs=1000.0 fps=57.0 snapshots=30 arrivalSamples=30 arrivalAvgMs=33.3 arrivalP95Ms=50.0 arrivalMaxMs=51.3 sameArrival=0 tickGapMax=2 renderFrames=57 interpolation=57 extrapolation=0 extrapolationCapped=0 extrapolationMaxMs=0.0 oldestHeld=0 zeroSpan=0 movingFrozen=0 teleport=0 visualStepAvgCm=0.00 visualStepMaxCm=0.00
[rubber-banding][remote-render] time=294.130 frame=17404 entity=2 latestHostTick=12530 buffer=8 windowMs=1000.0 fps=57.0 snapshots=30 arrivalSamples=30 arrivalAvgMs=33.3 arrivalP95Ms=50.0 arrivalMaxMs=51.3 sameArrival=0 tickGapMax=2 renderFrames=57 interpolation=57 extrapolation=0 extrapolationCapped=0 extrapolationMaxMs=0.0 oldestHeld=0 zeroSpan=0 movingFrozen=0 teleport=0 visualStepAvgCm=0.00 visualStepMaxCm=0.00
[rubber-banding][remote-render] time=294.130 frame=17404 entity=3 latestHostTick=12530 buffer=8 windowMs=1000.0 fps=57.0 snapshots=30 arrivalSamples=30 arrivalAvgMs=33.3 arrivalP95Ms=50.0 arrivalMaxMs=51.3 sameArrival=0 tickGapMax=2 renderFrames=57 interpolation=57 extrapolation=0 extrapolationCapped=0 extrapolationMaxMs=0.0 oldestHeld=0 zeroSpan=0 movingFrozen=0 teleport=0 visualStepAvgCm=0.00 visualStepMaxCm=0.00
[rubber-banding][remote-render] time=295.138 frame=17459 entity=1 latestHostTick=12590 buffer=8 windowMs=1008.3 fps=54.5 snapshots=30 arrivalSamples=30 arrivalAvgMs=33.1 arrivalP95Ms=50.8 arrivalMaxMs=58.5 sameArrival=0 tickGapMax=2 renderFrames=55 interpolation=55 extrapolation=0 extrapolationCapped=0 extrapolationMaxMs=0.0 oldestHeld=0 zeroSpan=0 movingFrozen=0 teleport=0 visualStepAvgCm=0.00 visualStepMaxCm=0.00
[rubber-banding][remote-render] time=295.138 frame=17459 entity=2 latestHostTick=12590 buffer=8 windowMs=1008.3 fps=54.5 snapshots=30 arrivalSamples=30 arrivalAvgMs=33.1 arrivalP95Ms=50.8 arrivalMaxMs=58.5 sameArrival=0 tickGapMax=2 renderFrames=55 interpolation=55 extrapolation=0 extrapolationCapped=0 extrapolationMaxMs=0.0 oldestHeld=0 zeroSpan=0 movingFrozen=0 teleport=0 visualStepAvgCm=0.00 visualStepMaxCm=0.00
[rubber-banding][remote-render] time=295.138 frame=17459 entity=3 latestHostTick=12590 buffer=8 windowMs=1008.3 fps=54.5 snapshots=30 arrivalSamples=30 arrivalAvgMs=33.1 arrivalP95Ms=50.8 arrivalMaxMs=58.5 sameArrival=0 tickGapMax=2 renderFrames=55 interpolation=55 extrapolation=0 extrapolationCapped=0 extrapolationMaxMs=0.0 oldestHeld=0 zeroSpan=0 movingFrozen=0 teleport=0 visualStepAvgCm=0.00 visualStepMaxCm=0.00
[rubber-banding][remote-render] time=296.148 frame=17515 entity=1 latestHostTick=12650 buffer=8 windowMs=1009.5 fps=55.5 snapshots=30 arrivalSamples=30 arrivalAvgMs=33.6 arrivalP95Ms=51.5 arrivalMaxMs=58.3 sameArrival=1 tickGapMax=2 renderFrames=56 interpolation=56 extrapolation=0 extrapolationCapped=0 extrapolationMaxMs=0.0 oldestHeld=0 zeroSpan=1 movingFrozen=0 teleport=0 visualStepAvgCm=0.00 visualStepMaxCm=0.00
[rubber-banding][remote-render] time=296.148 frame=17515 entity=2 latestHostTick=12650 buffer=8 windowMs=1009.5 fps=55.5 snapshots=30 arrivalSamples=30 arrivalAvgMs=33.6 arrivalP95Ms=51.5 arrivalMaxMs=58.3 sameArrival=1 tickGapMax=2 renderFrames=56 interpolation=56 extrapolation=0 extrapolationCapped=0 extrapolationMaxMs=0.0 oldestHeld=0 zeroSpan=1 movingFrozen=0 teleport=0 visualStepAvgCm=0.00 visualStepMaxCm=0.00
[rubber-banding][remote-render] time=296.148 frame=17515 entity=3 latestHostTick=12650 buffer=8 windowMs=1009.5 fps=55.5 snapshots=30 arrivalSamples=30 arrivalAvgMs=33.6 arrivalP95Ms=51.5 arrivalMaxMs=58.3 sameArrival=1 tickGapMax=2 renderFrames=56 interpolation=56 extrapolation=0 extrapolationCapped=0 extrapolationMaxMs=0.0 oldestHeld=0 zeroSpan=1 movingFrozen=0 teleport=0 visualStepAvgCm=0.00 visualStepMaxCm=0.00
[rubber-banding][remote-render] time=297.155 frame=17569 entity=1 latestHostTick=12712 buffer=8 windowMs=1007.2 fps=53.6 snapshots=31 arrivalSamples=31 arrivalAvgMs=33.0 arrivalP95Ms=57.2 arrivalMaxMs=58.2 sameArrival=1 tickGapMax=2 renderFrames=54 interpolation=54 extrapolation=0 extrapolationCapped=0 extrapolationMaxMs=0.0 oldestHeld=0 zeroSpan=2 movingFrozen=0 teleport=0 visualStepAvgCm=0.00 visualStepMaxCm=0.00
[rubber-banding][remote-render] time=297.155 frame=17569 entity=2 latestHostTick=12712 buffer=8 windowMs=1007.2 fps=53.6 snapshots=31 arrivalSamples=31 arrivalAvgMs=33.0 arrivalP95Ms=57.2 arrivalMaxMs=58.2 sameArrival=1 tickGapMax=2 renderFrames=54 interpolation=54 extrapolation=0 extrapolationCapped=0 extrapolationMaxMs=0.0 oldestHeld=0 zeroSpan=2 movingFrozen=0 teleport=0 visualStepAvgCm=0.00 visualStepMaxCm=0.00
[rubber-banding][remote-render] time=297.155 frame=17569 entity=3 latestHostTick=12712 buffer=8 windowMs=1007.2 fps=53.6 snapshots=31 arrivalSamples=31 arrivalAvgMs=33.0 arrivalP95Ms=57.2 arrivalMaxMs=58.2 sameArrival=1 tickGapMax=2 renderFrames=54 interpolation=54 extrapolation=0 extrapolationCapped=0 extrapolationMaxMs=0.0 oldestHeld=0 zeroSpan=2 movingFrozen=0 teleport=0 visualStepAvgCm=0.00 visualStepMaxCm=0.00
[rubber-banding][remote-render] time=298.155 frame=17624 entity=1 latestHostTick=12772 buffer=8 windowMs=1000.7 fps=55.0 snapshots=30 arrivalSamples=30 arrivalAvgMs=33.4 arrivalP95Ms=49.5 arrivalMaxMs=50.0 sameArrival=0 tickGapMax=2 renderFrames=55 interpolation=55 extrapolation=0 extrapolationCapped=0 extrapolationMaxMs=0.0 oldestHeld=0 zeroSpan=0 movingFrozen=0 teleport=0 visualStepAvgCm=0.00 visualStepMaxCm=0.00
[rubber-banding][remote-render] time=298.155 frame=17624 entity=2 latestHostTick=12772 buffer=8 windowMs=1000.7 fps=55.0 snapshots=30 arrivalSamples=30 arrivalAvgMs=33.4 arrivalP95Ms=49.5 arrivalMaxMs=50.0 sameArrival=0 tickGapMax=2 renderFrames=55 interpolation=55 extrapolation=0 extrapolationCapped=0 extrapolationMaxMs=0.0 oldestHeld=0 zeroSpan=0 movingFrozen=0 teleport=0 visualStepAvgCm=0.00 visualStepMaxCm=0.00
[rubber-banding][remote-render] time=298.155 frame=17624 entity=3 latestHostTick=12772 buffer=8 windowMs=1000.7 fps=55.0 snapshots=30 arrivalSamples=30 arrivalAvgMs=33.4 arrivalP95Ms=49.5 arrivalMaxMs=50.0 sameArrival=0 tickGapMax=2 renderFrames=55 interpolation=55 extrapolation=0 extrapolationCapped=0 extrapolationMaxMs=0.0 oldestHeld=0 zeroSpan=0 movingFrozen=0 teleport=0 visualStepAvgCm=0.00 visualStepMaxCm=0.00
[rubber-banding][remote-render] time=299.163 frame=17677 entity=1 latestHostTick=12832 buffer=8 windowMs=1007.7 fps=52.6 snapshots=30 arrivalSamples=30 arrivalAvgMs=33.6 arrivalP95Ms=58.3 arrivalMaxMs=58.4 sameArrival=2 tickGapMax=2 renderFrames=53 interpolation=53 extrapolation=0 extrapolationCapped=0 extrapolationMaxMs=0.0 oldestHeld=0 zeroSpan=4 movingFrozen=0 teleport=0 visualStepAvgCm=0.00 visualStepMaxCm=0.00
[rubber-banding][remote-render] time=299.163 frame=17677 entity=2 latestHostTick=12832 buffer=8 windowMs=1007.7 fps=52.6 snapshots=30 arrivalSamples=30 arrivalAvgMs=33.6 arrivalP95Ms=58.3 arrivalMaxMs=58.4 sameArrival=2 tickGapMax=2 renderFrames=53 interpolation=53 extrapolation=0 extrapolationCapped=0 extrapolationMaxMs=0.0 oldestHeld=0 zeroSpan=4 movingFrozen=0 teleport=0 visualStepAvgCm=0.00 visualStepMaxCm=0.00
[rubber-banding][remote-render] time=299.163 frame=17677 entity=3 latestHostTick=12832 buffer=8 windowMs=1007.7 fps=52.6 snapshots=30 arrivalSamples=30 arrivalAvgMs=33.6 arrivalP95Ms=58.3 arrivalMaxMs=58.4 sameArrival=2 tickGapMax=2 renderFrames=53 interpolation=53 extrapolation=0 extrapolationCapped=0 extrapolationMaxMs=0.0 oldestHeld=0 zeroSpan=4 movingFrozen=0 teleport=0 visualStepAvgCm=0.00 visualStepMaxCm=0.00
[rubber-banding][remote-render] time=300.180 frame=17733 entity=1 latestHostTick=12892 buffer=8 windowMs=1016.6 fps=55.1 snapshots=30 arrivalSamples=30 arrivalAvgMs=33.1 arrivalP95Ms=58.3 arrivalMaxMs=66.7 sameArrival=0 tickGapMax=2 renderFrames=56 interpolation=56 extrapolation=0 extrapolationCapped=0 extrapolationMaxMs=0.0 oldestHeld=0 zeroSpan=0 movingFrozen=0 teleport=0 visualStepAvgCm=0.00 visualStepMaxCm=0.00
[rubber-banding][remote-render] time=300.180 frame=17733 entity=2 latestHostTick=12892 buffer=8 windowMs=1016.6 fps=55.1 snapshots=30 arrivalSamples=30 arrivalAvgMs=33.1 arrivalP95Ms=58.3 arrivalMaxMs=66.7 sameArrival=0 tickGapMax=2 renderFrames=56 interpolation=56 extrapolation=0 extrapolationCapped=0 extrapolationMaxMs=0.0 oldestHeld=0 zeroSpan=0 movingFrozen=0 teleport=0 visualStepAvgCm=0.00 visualStepMaxCm=0.00
[rubber-banding][remote-render] time=300.180 frame=17733 entity=3 latestHostTick=12892 buffer=8 windowMs=1016.6 fps=55.1 snapshots=30 arrivalSamples=30 arrivalAvgMs=33.1 arrivalP95Ms=58.3 arrivalMaxMs=66.7 sameArrival=0 tickGapMax=2 renderFrames=56 interpolation=56 extrapolation=0 extrapolationCapped=0 extrapolationMaxMs=0.0 oldestHeld=0 zeroSpan=0 movingFrozen=0 teleport=0 visualStepAvgCm=0.00 visualStepMaxCm=0.00
[rubber-banding][remote-render] time=301.180 frame=17790 entity=1 latestHostTick=12952 buffer=8 windowMs=1000.1 fps=57.0 snapshots=30 arrivalSamples=30 arrivalAvgMs=33.6 arrivalP95Ms=50.0 arrivalMaxMs=50.1 sameArrival=0 tickGapMax=2 renderFrames=57 interpolation=57 extrapolation=0 extrapolationCapped=0 extrapolationMaxMs=0.0 oldestHeld=0 zeroSpan=0 movingFrozen=0 teleport=0 visualStepAvgCm=0.00 visualStepMaxCm=0.00
[rubber-banding][remote-render] time=301.180 frame=17790 entity=2 latestHostTick=12952 buffer=8 windowMs=1000.1 fps=57.0 snapshots=30 arrivalSamples=30 arrivalAvgMs=33.6 arrivalP95Ms=50.0 arrivalMaxMs=50.1 sameArrival=0 tickGapMax=2 renderFrames=57 interpolation=57 extrapolation=0 extrapolationCapped=0 extrapolationMaxMs=0.0 oldestHeld=0 zeroSpan=0 movingFrozen=0 teleport=0 visualStepAvgCm=0.00 visualStepMaxCm=0.00
[rubber-banding][remote-render] time=301.180 frame=17790 entity=3 latestHostTick=12952 buffer=8 windowMs=1000.1 fps=57.0 snapshots=30 arrivalSamples=30 arrivalAvgMs=33.6 arrivalP95Ms=50.0 arrivalMaxMs=50.1 sameArrival=0 tickGapMax=2 renderFrames=57 interpolation=57 extrapolation=0 extrapolationCapped=0 extrapolationMaxMs=0.0 oldestHeld=0 zeroSpan=0 movingFrozen=0 teleport=0 visualStepAvgCm=0.00 visualStepMaxCm=0.00
[rubber-banding][remote-render] time=302.189 frame=17841 entity=1 latestHostTick=13014 buffer=8 windowMs=1009.3 fps=50.5 snapshots=31 arrivalSamples=31 arrivalAvgMs=33.1 arrivalP95Ms=50.0 arrivalMaxMs=58.4 sameArrival=1 tickGapMax=2 renderFrames=51 interpolation=51 extrapolation=0 extrapolationCapped=0 extrapolationMaxMs=0.0 oldestHeld=0 zeroSpan=2 movingFrozen=0 teleport=0 visualStepAvgCm=0.00 visualStepMaxCm=0.00
[rubber-banding][remote-render] time=302.189 frame=17841 entity=2 latestHostTick=13014 buffer=8 windowMs=1009.3 fps=50.5 snapshots=31 arrivalSamples=31 arrivalAvgMs=33.1 arrivalP95Ms=50.0 arrivalMaxMs=58.4 sameArrival=1 tickGapMax=2 renderFrames=51 interpolation=51 extrapolation=0 extrapolationCapped=0 extrapolationMaxMs=0.0 oldestHeld=0 zeroSpan=2 movingFrozen=0 teleport=0 visualStepAvgCm=0.00 visualStepMaxCm=0.00
[rubber-banding][remote-render] time=302.189 frame=17841 entity=3 latestHostTick=13014 buffer=8 windowMs=1009.3 fps=50.5 snapshots=31 arrivalSamples=31 arrivalAvgMs=33.1 arrivalP95Ms=50.0 arrivalMaxMs=58.4 sameArrival=1 tickGapMax=2 renderFrames=51 interpolation=51 extrapolation=0 extrapolationCapped=0 extrapolationMaxMs=0.0 oldestHeld=0 zeroSpan=2 movingFrozen=0 teleport=0 visualStepAvgCm=0.00 visualStepMaxCm=0.00
[rubber-banding][remote-render] time=303.189 frame=17898 entity=1 latestHostTick=13074 buffer=8 windowMs=1000.1 fps=57.0 snapshots=30 arrivalSamples=30 arrivalAvgMs=33.3 arrivalP95Ms=50.0 arrivalMaxMs=50.0 sameArrival=0 tickGapMax=2 renderFrames=57 interpolation=57 extrapolation=0 extrapolationCapped=0 extrapolationMaxMs=0.0 oldestHeld=0 zeroSpan=0 movingFrozen=0 teleport=0 visualStepAvgCm=0.00 visualStepMaxCm=0.00
[rubber-banding][remote-render] time=303.189 frame=17898 entity=2 latestHostTick=13074 buffer=8 windowMs=1000.1 fps=57.0 snapshots=30 arrivalSamples=30 arrivalAvgMs=33.3 arrivalP95Ms=50.0 arrivalMaxMs=50.0 sameArrival=0 tickGapMax=2 renderFrames=57 interpolation=57 extrapolation=0 extrapolationCapped=0 extrapolationMaxMs=0.0 oldestHeld=0 zeroSpan=0 movingFrozen=0 teleport=0 visualStepAvgCm=0.00 visualStepMaxCm=0.00
[rubber-banding][remote-render] time=303.189 frame=17898 entity=3 latestHostTick=13074 buffer=8 windowMs=1000.1 fps=57.0 snapshots=30 arrivalSamples=30 arrivalAvgMs=33.3 arrivalP95Ms=50.0 arrivalMaxMs=50.0 sameArrival=0 tickGapMax=2 renderFrames=57 interpolation=57 extrapolation=0 extrapolationCapped=0 extrapolationMaxMs=0.0 oldestHeld=0 zeroSpan=0 movingFrozen=0 teleport=0 visualStepAvgCm=0.00 visualStepMaxCm=0.00
[rubber-banding][remote-render] time=304.191 frame=17953 entity=1 latestHostTick=13134 buffer=8 windowMs=1001.6 fps=54.9 snapshots=30 arrivalSamples=30 arrivalAvgMs=33.4 arrivalP95Ms=55.1 arrivalMaxMs=60.0 sameArrival=0 tickGapMax=2 renderFrames=55 interpolation=55 extrapolation=0 extrapolationCapped=0 extrapolationMaxMs=0.0 oldestHeld=0 zeroSpan=0 movingFrozen=0 teleport=0 visualStepAvgCm=0.00 visualStepMaxCm=0.00
[rubber-banding][remote-render] time=304.191 frame=17953 entity=2 latestHostTick=13134 buffer=8 windowMs=1001.6 fps=54.9 snapshots=30 arrivalSamples=30 arrivalAvgMs=33.4 arrivalP95Ms=55.1 arrivalMaxMs=60.0 sameArrival=0 tickGapMax=2 renderFrames=55 interpolation=55 extrapolation=0 extrapolationCapped=0 extrapolationMaxMs=0.0 oldestHeld=0 zeroSpan=0 movingFrozen=0 teleport=0 visualStepAvgCm=0.00 visualStepMaxCm=0.00
[rubber-banding][remote-render] time=304.191 frame=17953 entity=3 latestHostTick=13134 buffer=8 windowMs=1001.6 fps=54.9 snapshots=30 arrivalSamples=30 arrivalAvgMs=33.4 arrivalP95Ms=55.1 arrivalMaxMs=60.0 sameArrival=0 tickGapMax=2 renderFrames=55 interpolation=55 extrapolation=0 extrapolationCapped=0 extrapolationMaxMs=0.0 oldestHeld=0 zeroSpan=0 movingFrozen=0 teleport=0 visualStepAvgCm=0.00 visualStepMaxCm=0.00
[rubber-banding][remote-render] time=305.205 frame=18009 entity=1 latestHostTick=13194 buffer=8 windowMs=1013.8 fps=55.2 snapshots=30 arrivalSamples=30 arrivalAvgMs=33.2 arrivalP95Ms=50.0 arrivalMaxMs=58.3 sameArrival=0 tickGapMax=2 renderFrames=56 interpolation=56 extrapolation=0 extrapolationCapped=0 extrapolationMaxMs=0.0 oldestHeld=0 zeroSpan=0 movingFrozen=0 teleport=0 visualStepAvgCm=0.00 visualStepMaxCm=0.00
[rubber-banding][remote-render] time=305.205 frame=18009 entity=2 latestHostTick=13194 buffer=8 windowMs=1013.8 fps=55.2 snapshots=30 arrivalSamples=30 arrivalAvgMs=33.2 arrivalP95Ms=50.0 arrivalMaxMs=58.3 sameArrival=0 tickGapMax=2 renderFrames=56 interpolation=56 extrapolation=0 extrapolationCapped=0 extrapolationMaxMs=0.0 oldestHeld=0 zeroSpan=0 movingFrozen=0 teleport=0 visualStepAvgCm=0.00 visualStepMaxCm=0.00
[rubber-banding][remote-render] time=305.205 frame=18009 entity=3 latestHostTick=13194 buffer=8 windowMs=1013.8 fps=55.2 snapshots=30 arrivalSamples=30 arrivalAvgMs=33.2 arrivalP95Ms=50.0 arrivalMaxMs=58.3 sameArrival=0 tickGapMax=2 renderFrames=56 interpolation=56 extrapolation=0 extrapolationCapped=0 extrapolationMaxMs=0.0 oldestHeld=0 zeroSpan=0 movingFrozen=0 teleport=0 visualStepAvgCm=0.00 visualStepMaxCm=0.00
[rubber-banding][remote-render] time=306.205 frame=18067 entity=1 latestHostTick=13254 buffer=8 windowMs=1000.0 fps=58.0 snapshots=30 arrivalSamples=30 arrivalAvgMs=33.9 arrivalP95Ms=50.0 arrivalMaxMs=59.3 sameArrival=1 tickGapMax=2 renderFrames=58 interpolation=58 extrapolation=0 extrapolationCapped=0 extrapolationMaxMs=0.0 oldestHeld=0 zeroSpan=2 movingFrozen=0 teleport=0 visualStepAvgCm=0.00 visualStepMaxCm=0.00
[rubber-banding][remote-render] time=306.205 frame=18067 entity=2 latestHostTick=13254 buffer=8 windowMs=1000.0 fps=58.0 snapshots=30 arrivalSamples=30 arrivalAvgMs=33.9 arrivalP95Ms=50.0 arrivalMaxMs=59.3 sameArrival=1 tickGapMax=2 renderFrames=58 interpolation=58 extrapolation=0 extrapolationCapped=0 extrapolationMaxMs=0.0 oldestHeld=0 zeroSpan=2 movingFrozen=0 teleport=0 visualStepAvgCm=0.00 visualStepMaxCm=0.00
[rubber-banding][remote-render] time=306.205 frame=18067 entity=3 latestHostTick=13254 buffer=8 windowMs=1000.0 fps=58.0 snapshots=30 arrivalSamples=30 arrivalAvgMs=33.9 arrivalP95Ms=50.0 arrivalMaxMs=59.3 sameArrival=1 tickGapMax=2 renderFrames=58 interpolation=58 extrapolation=0 extrapolationCapped=0 extrapolationMaxMs=0.0 oldestHeld=0 zeroSpan=2 movingFrozen=0 teleport=0 visualStepAvgCm=0.00 visualStepMaxCm=0.00
[rubber-banding][remote-render] time=307.208 frame=18124 entity=1 latestHostTick=13314 buffer=8 windowMs=1003.1 fps=56.8 snapshots=30 arrivalSamples=30 arrivalAvgMs=33.1 arrivalP95Ms=50.0 arrivalMaxMs=50.1 sameArrival=0 tickGapMax=2 renderFrames=57 interpolation=57 extrapolation=0 extrapolationCapped=0 extrapolationMaxMs=0.0 oldestHeld=0 zeroSpan=0 movingFrozen=0 teleport=0 visualStepAvgCm=0.00 visualStepMaxCm=0.00
[rubber-banding][remote-render] time=307.208 frame=18124 entity=2 latestHostTick=13314 buffer=8 windowMs=1003.1 fps=56.8 snapshots=30 arrivalSamples=30 arrivalAvgMs=33.1 arrivalP95Ms=50.0 arrivalMaxMs=50.1 sameArrival=0 tickGapMax=2 renderFrames=57 interpolation=57 extrapolation=0 extrapolationCapped=0 extrapolationMaxMs=0.0 oldestHeld=0 zeroSpan=0 movingFrozen=0 teleport=0 visualStepAvgCm=0.00 visualStepMaxCm=0.00
[rubber-banding][remote-render] time=307.208 frame=18124 entity=3 latestHostTick=13314 buffer=8 windowMs=1003.1 fps=56.8 snapshots=30 arrivalSamples=30 arrivalAvgMs=33.1 arrivalP95Ms=50.0 arrivalMaxMs=50.1 sameArrival=0 tickGapMax=2 renderFrames=57 interpolation=57 extrapolation=0 extrapolationCapped=0 extrapolationMaxMs=0.0 oldestHeld=0 zeroSpan=0 movingFrozen=0 teleport=0 visualStepAvgCm=0.00 visualStepMaxCm=0.00
[rubber-banding][remote-render] time=308.213 frame=18175 entity=1 latestHostTick=13374 buffer=8 windowMs=1005.2 fps=50.7 snapshots=30 arrivalSamples=30 arrivalAvgMs=33.1 arrivalP95Ms=50.2 arrivalMaxMs=59.1 sameArrival=0 tickGapMax=2 renderFrames=51 interpolation=51 extrapolation=0 extrapolationCapped=0 extrapolationMaxMs=0.0 oldestHeld=0 zeroSpan=0 movingFrozen=0 teleport=0 visualStepAvgCm=0.00 visualStepMaxCm=0.00
[rubber-banding][remote-render] time=308.213 frame=18175 entity=2 latestHostTick=13374 buffer=8 windowMs=1005.2 fps=50.7 snapshots=30 arrivalSamples=30 arrivalAvgMs=33.1 arrivalP95Ms=50.2 arrivalMaxMs=59.1 sameArrival=0 tickGapMax=2 renderFrames=51 interpolation=51 extrapolation=0 extrapolationCapped=0 extrapolationMaxMs=0.0 oldestHeld=0 zeroSpan=0 movingFrozen=0 teleport=0 visualStepAvgCm=0.00 visualStepMaxCm=0.00
[rubber-banding][remote-render] time=308.213 frame=18175 entity=3 latestHostTick=13374 buffer=8 windowMs=1005.2 fps=50.7 snapshots=30 arrivalSamples=30 arrivalAvgMs=33.1 arrivalP95Ms=50.2 arrivalMaxMs=59.1 sameArrival=0 tickGapMax=2 renderFrames=51 interpolation=51 extrapolation=0 extrapolationCapped=0 extrapolationMaxMs=0.0 oldestHeld=0 zeroSpan=0 movingFrozen=0 teleport=0 visualStepAvgCm=0.00 visualStepMaxCm=0.00
[rubber-banding][remote-render] time=309.221 frame=18234 entity=1 latestHostTick=13436 buffer=8 windowMs=1008.4 fps=58.5 snapshots=31 arrivalSamples=31 arrivalAvgMs=33.3 arrivalP95Ms=50.1 arrivalMaxMs=51.7 sameArrival=1 tickGapMax=2 renderFrames=59 interpolation=59 extrapolation=0 extrapolationCapped=0 extrapolationMaxMs=0.0 oldestHeld=0 zeroSpan=2 movingFrozen=0 teleport=0 visualStepAvgCm=0.00 visualStepMaxCm=0.00
[rubber-banding][remote-render] time=309.221 frame=18234 entity=2 latestHostTick=13436 buffer=8 windowMs=1008.4 fps=58.5 snapshots=31 arrivalSamples=31 arrivalAvgMs=33.3 arrivalP95Ms=50.1 arrivalMaxMs=51.7 sameArrival=1 tickGapMax=2 renderFrames=59 interpolation=59 extrapolation=0 extrapolationCapped=0 extrapolationMaxMs=0.0 oldestHeld=0 zeroSpan=2 movingFrozen=0 teleport=0 visualStepAvgCm=0.00 visualStepMaxCm=0.00
[rubber-banding][remote-render] time=309.221 frame=18234 entity=3 latestHostTick=13436 buffer=8 windowMs=1008.4 fps=58.5 snapshots=31 arrivalSamples=31 arrivalAvgMs=33.3 arrivalP95Ms=50.1 arrivalMaxMs=51.7 sameArrival=1 tickGapMax=2 renderFrames=59 interpolation=59 extrapolation=0 extrapolationCapped=0 extrapolationMaxMs=0.0 oldestHeld=0 zeroSpan=2 movingFrozen=0 teleport=0 visualStepAvgCm=0.00 visualStepMaxCm=0.00
[rubber-banding][remote-render] time=310.230 frame=18291 entity=1 latestHostTick=13496 buffer=8 windowMs=1009.1 fps=56.5 snapshots=30 arrivalSamples=30 arrivalAvgMs=33.6 arrivalP95Ms=58.4 arrivalMaxMs=59.2 sameArrival=0 tickGapMax=2 renderFrames=57 interpolation=57 extrapolation=0 extrapolationCapped=0 extrapolationMaxMs=0.0 oldestHeld=0 zeroSpan=0 movingFrozen=0 teleport=0 visualStepAvgCm=0.00 visualStepMaxCm=0.00
[rubber-banding][remote-render] time=310.230 frame=18291 entity=2 latestHostTick=13496 buffer=8 windowMs=1009.1 fps=56.5 snapshots=30 arrivalSamples=30 arrivalAvgMs=33.6 arrivalP95Ms=58.4 arrivalMaxMs=59.2 sameArrival=0 tickGapMax=2 renderFrames=57 interpolation=57 extrapolation=0 extrapolationCapped=0 extrapolationMaxMs=0.0 oldestHeld=0 zeroSpan=0 movingFrozen=0 teleport=0 visualStepAvgCm=0.00 visualStepMaxCm=0.00
[rubber-banding][remote-render] time=310.230 frame=18291 entity=3 latestHostTick=13496 buffer=8 windowMs=1009.1 fps=56.5 snapshots=30 arrivalSamples=30 arrivalAvgMs=33.6 arrivalP95Ms=58.4 arrivalMaxMs=59.2 sameArrival=0 tickGapMax=2 renderFrames=57 interpolation=57 extrapolation=0 extrapolationCapped=0 extrapolationMaxMs=0.0 oldestHeld=0 zeroSpan=0 movingFrozen=0 teleport=0 visualStepAvgCm=0.00 visualStepMaxCm=0.00
[rubber-banding][remote-render] time=311.231 frame=18349 entity=1 latestHostTick=13556 buffer=8 windowMs=1000.2 fps=58.0 snapshots=30 arrivalSamples=30 arrivalAvgMs=33.3 arrivalP95Ms=49.9 arrivalMaxMs=50.1 sameArrival=0 tickGapMax=2 renderFrames=58 interpolation=58 extrapolation=0 extrapolationCapped=0 extrapolationMaxMs=0.0 oldestHeld=0 zeroSpan=0 movingFrozen=0 teleport=0 visualStepAvgCm=0.00 visualStepMaxCm=0.00
[rubber-banding][remote-render] time=311.231 frame=18349 entity=2 latestHostTick=13556 buffer=8 windowMs=1000.2 fps=58.0 snapshots=30 arrivalSamples=30 arrivalAvgMs=33.3 arrivalP95Ms=49.9 arrivalMaxMs=50.1 sameArrival=0 tickGapMax=2 renderFrames=58 interpolation=58 extrapolation=0 extrapolationCapped=0 extrapolationMaxMs=0.0 oldestHeld=0 zeroSpan=0 movingFrozen=0 teleport=0 visualStepAvgCm=0.00 visualStepMaxCm=0.00
[rubber-banding][remote-render] time=311.231 frame=18349 entity=3 latestHostTick=13556 buffer=8 windowMs=1000.2 fps=58.0 snapshots=30 arrivalSamples=30 arrivalAvgMs=33.3 arrivalP95Ms=49.9 arrivalMaxMs=50.1 sameArrival=0 tickGapMax=2 renderFrames=58 interpolation=58 extrapolation=0 extrapolationCapped=0 extrapolationMaxMs=0.0 oldestHeld=0 zeroSpan=0 movingFrozen=0 teleport=0 visualStepAvgCm=0.00 visualStepMaxCm=0.00
[rubber-banding][remote-render] time=312.232 frame=18407 entity=1 latestHostTick=13616 buffer=8 windowMs=1000.9 fps=57.9 snapshots=30 arrivalSamples=30 arrivalAvgMs=33.4 arrivalP95Ms=49.8 arrivalMaxMs=58.2 sameArrival=0 tickGapMax=2 renderFrames=58 interpolation=58 extrapolation=0 extrapolationCapped=0 extrapolationMaxMs=0.0 oldestHeld=0 zeroSpan=0 movingFrozen=0 teleport=0 visualStepAvgCm=0.00 visualStepMaxCm=0.00
[rubber-banding][remote-render] time=312.232 frame=18407 entity=2 latestHostTick=13616 buffer=8 windowMs=1000.9 fps=57.9 snapshots=30 arrivalSamples=30 arrivalAvgMs=33.4 arrivalP95Ms=49.8 arrivalMaxMs=58.2 sameArrival=0 tickGapMax=2 renderFrames=58 interpolation=58 extrapolation=0 extrapolationCapped=0 extrapolationMaxMs=0.0 oldestHeld=0 zeroSpan=0 movingFrozen=0 teleport=0 visualStepAvgCm=0.00 visualStepMaxCm=0.00
[rubber-banding][remote-render] time=312.232 frame=18407 entity=3 latestHostTick=13616 buffer=8 windowMs=1000.9 fps=57.9 snapshots=30 arrivalSamples=30 arrivalAvgMs=33.4 arrivalP95Ms=49.8 arrivalMaxMs=58.2 sameArrival=0 tickGapMax=2 renderFrames=58 interpolation=58 extrapolation=0 extrapolationCapped=0 extrapolationMaxMs=0.0 oldestHeld=0 zeroSpan=0 movingFrozen=0 teleport=0 visualStepAvgCm=0.00 visualStepMaxCm=0.00
[rubber-banding][remote-render] time=313.247 frame=18464 entity=1 latestHostTick=13676 buffer=8 windowMs=1015.1 fps=56.2 snapshots=30 arrivalSamples=30 arrivalAvgMs=33.0 arrivalP95Ms=58.4 arrivalMaxMs=59.2 sameArrival=0 tickGapMax=2 renderFrames=57 interpolation=57 extrapolation=0 extrapolationCapped=0 extrapolationMaxMs=0.0 oldestHeld=0 zeroSpan=0 movingFrozen=0 teleport=0 visualStepAvgCm=0.00 visualStepMaxCm=0.00
[rubber-banding][remote-render] time=313.247 frame=18464 entity=2 latestHostTick=13676 buffer=8 windowMs=1015.1 fps=56.2 snapshots=30 arrivalSamples=30 arrivalAvgMs=33.0 arrivalP95Ms=58.4 arrivalMaxMs=59.2 sameArrival=0 tickGapMax=2 renderFrames=57 interpolation=57 extrapolation=0 extrapolationCapped=0 extrapolationMaxMs=0.0 oldestHeld=0 zeroSpan=0 movingFrozen=0 teleport=0 visualStepAvgCm=0.00 visualStepMaxCm=0.00
[rubber-banding][remote-render] time=313.247 frame=18464 entity=3 latestHostTick=13676 buffer=8 windowMs=1015.1 fps=56.2 snapshots=30 arrivalSamples=30 arrivalAvgMs=33.0 arrivalP95Ms=58.4 arrivalMaxMs=59.2 sameArrival=0 tickGapMax=2 renderFrames=57 interpolation=57 extrapolation=0 extrapolationCapped=0 extrapolationMaxMs=0.0 oldestHeld=0 zeroSpan=0 movingFrozen=0 teleport=0 visualStepAvgCm=0.00 visualStepMaxCm=0.00
[rubber-banding][remote-render] time=314.254 frame=18518 entity=1 latestHostTick=13738 buffer=8 windowMs=1007.8 fps=53.6 snapshots=31 arrivalSamples=31 arrivalAvgMs=33.3 arrivalP95Ms=58.6 arrivalMaxMs=65.8 sameArrival=2 tickGapMax=2 renderFrames=54 interpolation=54 extrapolation=0 extrapolationCapped=0 extrapolationMaxMs=0.0 oldestHeld=0 zeroSpan=1 movingFrozen=0 teleport=0 visualStepAvgCm=0.00 visualStepMaxCm=0.00
[rubber-banding][remote-render] time=314.254 frame=18518 entity=2 latestHostTick=13738 buffer=8 windowMs=1007.8 fps=53.6 snapshots=31 arrivalSamples=31 arrivalAvgMs=33.3 arrivalP95Ms=58.6 arrivalMaxMs=65.8 sameArrival=2 tickGapMax=2 renderFrames=54 interpolation=54 extrapolation=0 extrapolationCapped=0 extrapolationMaxMs=0.0 oldestHeld=0 zeroSpan=1 movingFrozen=0 teleport=0 visualStepAvgCm=0.00 visualStepMaxCm=0.00
[rubber-banding][remote-render] time=314.254 frame=18518 entity=3 latestHostTick=13738 buffer=8 windowMs=1007.8 fps=53.6 snapshots=31 arrivalSamples=31 arrivalAvgMs=33.3 arrivalP95Ms=58.6 arrivalMaxMs=65.8 sameArrival=2 tickGapMax=2 renderFrames=54 interpolation=54 extrapolation=0 extrapolationCapped=0 extrapolationMaxMs=0.0 oldestHeld=0 zeroSpan=1 movingFrozen=0 teleport=0 visualStepAvgCm=0.00 visualStepMaxCm=0.00
[rubber-banding][remote-render] time=315.263 frame=18574 entity=1 latestHostTick=13798 buffer=8 windowMs=1008.4 fps=55.5 snapshots=30 arrivalSamples=30 arrivalAvgMs=33.1 arrivalP95Ms=50.6 arrivalMaxMs=58.2 sameArrival=3 tickGapMax=2 renderFrames=56 interpolation=56 extrapolation=0 extrapolationCapped=0 extrapolationMaxMs=0.0 oldestHeld=0 zeroSpan=6 movingFrozen=0 teleport=0 visualStepAvgCm=0.00 visualStepMaxCm=0.00
[rubber-banding][remote-render] time=315.263 frame=18574 entity=2 latestHostTick=13798 buffer=8 windowMs=1008.4 fps=55.5 snapshots=30 arrivalSamples=30 arrivalAvgMs=33.1 arrivalP95Ms=50.6 arrivalMaxMs=58.2 sameArrival=3 tickGapMax=2 renderFrames=56 interpolation=56 extrapolation=0 extrapolationCapped=0 extrapolationMaxMs=0.0 oldestHeld=0 zeroSpan=6 movingFrozen=0 teleport=0 visualStepAvgCm=0.00 visualStepMaxCm=0.00
[rubber-banding][remote-render] time=315.263 frame=18574 entity=3 latestHostTick=13798 buffer=8 windowMs=1008.4 fps=55.5 snapshots=30 arrivalSamples=30 arrivalAvgMs=33.1 arrivalP95Ms=50.6 arrivalMaxMs=58.2 sameArrival=3 tickGapMax=2 renderFrames=56 interpolation=56 extrapolation=0 extrapolationCapped=0 extrapolationMaxMs=0.0 oldestHeld=0 zeroSpan=6 movingFrozen=0 teleport=0 visualStepAvgCm=0.00 visualStepMaxCm=0.00
[rubber-banding][remote-render] time=316.271 frame=18631 entity=1 latestHostTick=13858 buffer=8 windowMs=1008.2 fps=56.5 snapshots=30 arrivalSamples=30 arrivalAvgMs=33.3 arrivalP95Ms=50.1 arrivalMaxMs=51.5 sameArrival=0 tickGapMax=2 renderFrames=57 interpolation=57 extrapolation=0 extrapolationCapped=0 extrapolationMaxMs=0.0 oldestHeld=0 zeroSpan=2 movingFrozen=0 teleport=0 visualStepAvgCm=0.00 visualStepMaxCm=0.00
[rubber-banding][remote-render] time=316.271 frame=18631 entity=2 latestHostTick=13858 buffer=8 windowMs=1008.2 fps=56.5 snapshots=30 arrivalSamples=30 arrivalAvgMs=33.3 arrivalP95Ms=50.1 arrivalMaxMs=51.5 sameArrival=0 tickGapMax=2 renderFrames=57 interpolation=57 extrapolation=0 extrapolationCapped=0 extrapolationMaxMs=0.0 oldestHeld=0 zeroSpan=2 movingFrozen=0 teleport=0 visualStepAvgCm=0.00 visualStepMaxCm=0.00
[rubber-banding][remote-render] time=316.271 frame=18631 entity=3 latestHostTick=13858 buffer=8 windowMs=1008.2 fps=56.5 snapshots=30 arrivalSamples=30 arrivalAvgMs=33.3 arrivalP95Ms=50.1 arrivalMaxMs=51.5 sameArrival=0 tickGapMax=2 renderFrames=57 interpolation=57 extrapolation=0 extrapolationCapped=0 extrapolationMaxMs=0.0 oldestHeld=0 zeroSpan=2 movingFrozen=0 teleport=0 visualStepAvgCm=0.00 visualStepMaxCm=0.00
[rubber-banding][remote-render] time=317.279 frame=18688 entity=1 latestHostTick=13918 buffer=8 windowMs=1008.3 fps=56.5 snapshots=30 arrivalSamples=30 arrivalAvgMs=33.6 arrivalP95Ms=51.1 arrivalMaxMs=58.2 sameArrival=1 tickGapMax=2 renderFrames=57 interpolation=57 extrapolation=0 extrapolationCapped=0 extrapolationMaxMs=0.0 oldestHeld=0 zeroSpan=2 movingFrozen=0 teleport=0 visualStepAvgCm=0.00 visualStepMaxCm=0.00
[rubber-banding][remote-render] time=317.279 frame=18688 entity=2 latestHostTick=13918 buffer=8 windowMs=1008.3 fps=56.5 snapshots=30 arrivalSamples=30 arrivalAvgMs=33.6 arrivalP95Ms=51.1 arrivalMaxMs=58.2 sameArrival=1 tickGapMax=2 renderFrames=57 interpolation=57 extrapolation=0 extrapolationCapped=0 extrapolationMaxMs=0.0 oldestHeld=0 zeroSpan=2 movingFrozen=0 teleport=0 visualStepAvgCm=0.00 visualStepMaxCm=0.00
[rubber-banding][remote-render] time=317.279 frame=18688 entity=3 latestHostTick=13918 buffer=8 windowMs=1008.3 fps=56.5 snapshots=30 arrivalSamples=30 arrivalAvgMs=33.6 arrivalP95Ms=51.1 arrivalMaxMs=58.2 sameArrival=1 tickGapMax=2 renderFrames=57 interpolation=57 extrapolation=0 extrapolationCapped=0 extrapolationMaxMs=0.0 oldestHeld=0 zeroSpan=2 movingFrozen=0 teleport=0 visualStepAvgCm=0.00 visualStepMaxCm=0.00
[rubber-banding][remote-render] time=318.296 frame=18748 entity=1 latestHostTick=13980 buffer=8 windowMs=1016.6 fps=59.0 snapshots=31 arrivalSamples=31 arrivalAvgMs=33.1 arrivalP95Ms=58.3 arrivalMaxMs=58.3 sameArrival=2 tickGapMax=2 renderFrames=60 interpolation=60 extrapolation=0 extrapolationCapped=0 extrapolationMaxMs=0.0 oldestHeld=0 zeroSpan=2 movingFrozen=0 teleport=0 visualStepAvgCm=0.00 visualStepMaxCm=0.00
[rubber-banding][remote-render] time=318.296 frame=18748 entity=2 latestHostTick=13980 buffer=8 windowMs=1016.6 fps=59.0 snapshots=31 arrivalSamples=31 arrivalAvgMs=33.1 arrivalP95Ms=58.3 arrivalMaxMs=58.3 sameArrival=2 tickGapMax=2 renderFrames=60 interpolation=60 extrapolation=0 extrapolationCapped=0 extrapolationMaxMs=0.0 oldestHeld=0 zeroSpan=2 movingFrozen=0 teleport=0 visualStepAvgCm=0.00 visualStepMaxCm=0.00
[rubber-banding][remote-render] time=318.296 frame=18748 entity=3 latestHostTick=13980 buffer=8 windowMs=1016.6 fps=59.0 snapshots=31 arrivalSamples=31 arrivalAvgMs=33.1 arrivalP95Ms=58.3 arrivalMaxMs=58.3 sameArrival=2 tickGapMax=2 renderFrames=60 interpolation=60 extrapolation=0 extrapolationCapped=0 extrapolationMaxMs=0.0 oldestHeld=0 zeroSpan=2 movingFrozen=0 teleport=0 visualStepAvgCm=0.00 visualStepMaxCm=0.00
[rubber-banding][remote-render] time=319.306 frame=18799 entity=1 latestHostTick=14040 buffer=8 windowMs=1009.6 fps=50.5 snapshots=30 arrivalSamples=30 arrivalAvgMs=33.7 arrivalP95Ms=58.4 arrivalMaxMs=59.6 sameArrival=0 tickGapMax=2 renderFrames=51 interpolation=51 extrapolation=0 extrapolationCapped=0 extrapolationMaxMs=0.0 oldestHeld=0 zeroSpan=2 movingFrozen=0 teleport=0 visualStepAvgCm=0.00 visualStepMaxCm=0.00
[rubber-banding][remote-render] time=319.306 frame=18799 entity=2 latestHostTick=14040 buffer=8 windowMs=1009.6 fps=50.5 snapshots=30 arrivalSamples=30 arrivalAvgMs=33.7 arrivalP95Ms=58.4 arrivalMaxMs=59.6 sameArrival=0 tickGapMax=2 renderFrames=51 interpolation=51 extrapolation=0 extrapolationCapped=0 extrapolationMaxMs=0.0 oldestHeld=0 zeroSpan=2 movingFrozen=0 teleport=0 visualStepAvgCm=0.00 visualStepMaxCm=0.00
[rubber-banding][remote-render] time=319.306 frame=18799 entity=3 latestHostTick=14040 buffer=8 windowMs=1009.6 fps=50.5 snapshots=30 arrivalSamples=30 arrivalAvgMs=33.7 arrivalP95Ms=58.4 arrivalMaxMs=59.6 sameArrival=0 tickGapMax=2 renderFrames=51 interpolation=51 extrapolation=0 extrapolationCapped=0 extrapolationMaxMs=0.0 oldestHeld=0 zeroSpan=2 movingFrozen=0 teleport=0 visualStepAvgCm=0.00 visualStepMaxCm=0.00
[rubber-banding][remote-render] time=320.321 frame=18857 entity=1 latestHostTick=14102 buffer=8 windowMs=1015.4 fps=57.1 snapshots=31 arrivalSamples=31 arrivalAvgMs=33.3 arrivalP95Ms=57.8 arrivalMaxMs=58.3 sameArrival=1 tickGapMax=2 renderFrames=58 interpolation=58 extrapolation=0 extrapolationCapped=0 extrapolationMaxMs=0.0 oldestHeld=0 zeroSpan=2 movingFrozen=0 teleport=0 visualStepAvgCm=0.00 visualStepMaxCm=0.00
[rubber-banding][remote-render] time=320.321 frame=18857 entity=2 latestHostTick=14102 buffer=8 windowMs=1015.4 fps=57.1 snapshots=31 arrivalSamples=31 arrivalAvgMs=33.3 arrivalP95Ms=57.8 arrivalMaxMs=58.3 sameArrival=1 tickGapMax=2 renderFrames=58 interpolation=58 extrapolation=0 extrapolationCapped=0 extrapolationMaxMs=0.0 oldestHeld=0 zeroSpan=2 movingFrozen=0 teleport=0 visualStepAvgCm=0.00 visualStepMaxCm=0.00
[rubber-banding][remote-render] time=320.321 frame=18857 entity=3 latestHostTick=14102 buffer=8 windowMs=1015.4 fps=57.1 snapshots=31 arrivalSamples=31 arrivalAvgMs=33.3 arrivalP95Ms=57.8 arrivalMaxMs=58.3 sameArrival=1 tickGapMax=2 renderFrames=58 interpolation=58 extrapolation=0 extrapolationCapped=0 extrapolationMaxMs=0.0 oldestHeld=0 zeroSpan=2 movingFrozen=0 teleport=0 visualStepAvgCm=0.00 visualStepMaxCm=0.00
[rubber-banding][remote-render] time=321.321 frame=18912 entity=1 latestHostTick=14162 buffer=8 windowMs=1000.0 fps=55.0 snapshots=30 arrivalSamples=30 arrivalAvgMs=33.3 arrivalP95Ms=57.4 arrivalMaxMs=58.3 sameArrival=1 tickGapMax=2 renderFrames=55 interpolation=55 extrapolation=0 extrapolationCapped=0 extrapolationMaxMs=0.0 oldestHeld=0 zeroSpan=2 movingFrozen=0 teleport=0 visualStepAvgCm=0.00 visualStepMaxCm=0.00
[rubber-banding][remote-render] time=321.321 frame=18912 entity=2 latestHostTick=14162 buffer=8 windowMs=1000.0 fps=55.0 snapshots=30 arrivalSamples=30 arrivalAvgMs=33.3 arrivalP95Ms=57.4 arrivalMaxMs=58.3 sameArrival=1 tickGapMax=2 renderFrames=55 interpolation=55 extrapolation=0 extrapolationCapped=0 extrapolationMaxMs=0.0 oldestHeld=0 zeroSpan=2 movingFrozen=0 teleport=0 visualStepAvgCm=0.00 visualStepMaxCm=0.00
[rubber-banding][remote-render] time=321.321 frame=18912 entity=3 latestHostTick=14162 buffer=8 windowMs=1000.0 fps=55.0 snapshots=30 arrivalSamples=30 arrivalAvgMs=33.3 arrivalP95Ms=57.4 arrivalMaxMs=58.3 sameArrival=1 tickGapMax=2 renderFrames=55 interpolation=55 extrapolation=0 extrapolationCapped=0 extrapolationMaxMs=0.0 oldestHeld=0 zeroSpan=2 movingFrozen=0 teleport=0 visualStepAvgCm=0.00 visualStepMaxCm=0.00
[rubber-banding][remote-render] time=322.330 frame=18969 entity=1 latestHostTick=14222 buffer=8 windowMs=1009.2 fps=56.5 snapshots=30 arrivalSamples=30 arrivalAvgMs=33.6 arrivalP95Ms=50.9 arrivalMaxMs=50.9 sameArrival=0 tickGapMax=2 renderFrames=57 interpolation=57 extrapolation=0 extrapolationCapped=0 extrapolationMaxMs=0.0 oldestHeld=0 zeroSpan=0 movingFrozen=0 teleport=0 visualStepAvgCm=0.00 visualStepMaxCm=0.00
[rubber-banding][remote-render] time=322.330 frame=18969 entity=2 latestHostTick=14222 buffer=8 windowMs=1009.2 fps=56.5 snapshots=30 arrivalSamples=30 arrivalAvgMs=33.6 arrivalP95Ms=50.9 arrivalMaxMs=50.9 sameArrival=0 tickGapMax=2 renderFrames=57 interpolation=57 extrapolation=0 extrapolationCapped=0 extrapolationMaxMs=0.0 oldestHeld=0 zeroSpan=0 movingFrozen=0 teleport=0 visualStepAvgCm=0.00 visualStepMaxCm=0.00
[rubber-banding][remote-render] time=322.330 frame=18969 entity=3 latestHostTick=14222 buffer=8 windowMs=1009.2 fps=56.5 snapshots=30 arrivalSamples=30 arrivalAvgMs=33.6 arrivalP95Ms=50.9 arrivalMaxMs=50.9 sameArrival=0 tickGapMax=2 renderFrames=57 interpolation=57 extrapolation=0 extrapolationCapped=0 extrapolationMaxMs=0.0 oldestHeld=0 zeroSpan=0 movingFrozen=0 teleport=0 visualStepAvgCm=0.00 visualStepMaxCm=0.00
[rubber-banding][remote-render] time=323.346 frame=19027 entity=1 latestHostTick=14282 buffer=8 windowMs=1016.1 fps=57.1 snapshots=30 arrivalSamples=30 arrivalAvgMs=33.3 arrivalP95Ms=50.0 arrivalMaxMs=50.9 sameArrival=0 tickGapMax=2 renderFrames=58 interpolation=58 extrapolation=0 extrapolationCapped=0 extrapolationMaxMs=0.0 oldestHeld=0 zeroSpan=0 movingFrozen=0 teleport=0 visualStepAvgCm=0.00 visualStepMaxCm=0.00
[rubber-banding][remote-render] time=323.346 frame=19027 entity=2 latestHostTick=14282 buffer=8 windowMs=1016.1 fps=57.1 snapshots=30 arrivalSamples=30 arrivalAvgMs=33.3 arrivalP95Ms=50.0 arrivalMaxMs=50.9 sameArrival=0 tickGapMax=2 renderFrames=58 interpolation=58 extrapolation=0 extrapolationCapped=0 extrapolationMaxMs=0.0 oldestHeld=0 zeroSpan=0 movingFrozen=0 teleport=0 visualStepAvgCm=0.00 visualStepMaxCm=0.00
[rubber-banding][remote-render] time=323.346 frame=19027 entity=3 latestHostTick=14282 buffer=8 windowMs=1016.1 fps=57.1 snapshots=30 arrivalSamples=30 arrivalAvgMs=33.3 arrivalP95Ms=50.0 arrivalMaxMs=50.9 sameArrival=0 tickGapMax=2 renderFrames=58 interpolation=58 extrapolation=0 extrapolationCapped=0 extrapolationMaxMs=0.0 oldestHeld=0 zeroSpan=0 movingFrozen=0 teleport=0 visualStepAvgCm=0.00 visualStepMaxCm=0.00
[rubber-banding][remote-render] time=324.348 frame=19083 entity=1 latestHostTick=14342 buffer=8 windowMs=1001.5 fps=55.9 snapshots=30 arrivalSamples=30 arrivalAvgMs=33.1 arrivalP95Ms=50.0 arrivalMaxMs=50.8 sameArrival=0 tickGapMax=2 renderFrames=56 interpolation=56 extrapolation=0 extrapolationCapped=0 extrapolationMaxMs=0.0 oldestHeld=0 zeroSpan=0 movingFrozen=0 teleport=0 visualStepAvgCm=0.00 visualStepMaxCm=0.00
[rubber-banding][remote-render] time=324.348 frame=19083 entity=2 latestHostTick=14342 buffer=8 windowMs=1001.5 fps=55.9 snapshots=30 arrivalSamples=30 arrivalAvgMs=33.1 arrivalP95Ms=50.0 arrivalMaxMs=50.8 sameArrival=0 tickGapMax=2 renderFrames=56 interpolation=56 extrapolation=0 extrapolationCapped=0 extrapolationMaxMs=0.0 oldestHeld=0 zeroSpan=0 movingFrozen=0 teleport=0 visualStepAvgCm=0.00 visualStepMaxCm=0.00
[rubber-banding][remote-render] time=324.348 frame=19083 entity=3 latestHostTick=14342 buffer=8 windowMs=1001.5 fps=55.9 snapshots=30 arrivalSamples=30 arrivalAvgMs=33.1 arrivalP95Ms=50.0 arrivalMaxMs=50.8 sameArrival=0 tickGapMax=2 renderFrames=56 interpolation=56 extrapolation=0 extrapolationCapped=0 extrapolationMaxMs=0.0 oldestHeld=0 zeroSpan=0 movingFrozen=0 teleport=0 visualStepAvgCm=0.00 visualStepMaxCm=0.00
[rubber-banding][remote-render] time=325.363 frame=19139 entity=1 latestHostTick=14404 buffer=8 windowMs=1015.0 fps=55.2 snapshots=31 arrivalSamples=31 arrivalAvgMs=33.6 arrivalP95Ms=50.0 arrivalMaxMs=50.1 sameArrival=0 tickGapMax=2 renderFrames=56 interpolation=56 extrapolation=0 extrapolationCapped=0 extrapolationMaxMs=0.0 oldestHeld=0 zeroSpan=0 movingFrozen=0 teleport=0 visualStepAvgCm=0.00 visualStepMaxCm=0.00
[rubber-banding][remote-render] time=325.363 frame=19139 entity=2 latestHostTick=14404 buffer=8 windowMs=1015.0 fps=55.2 snapshots=31 arrivalSamples=31 arrivalAvgMs=33.6 arrivalP95Ms=50.0 arrivalMaxMs=50.1 sameArrival=0 tickGapMax=2 renderFrames=56 interpolation=56 extrapolation=0 extrapolationCapped=0 extrapolationMaxMs=0.0 oldestHeld=0 zeroSpan=0 movingFrozen=0 teleport=0 visualStepAvgCm=0.00 visualStepMaxCm=0.00
[rubber-banding][remote-render] time=325.363 frame=19139 entity=3 latestHostTick=14404 buffer=8 windowMs=1015.0 fps=55.2 snapshots=31 arrivalSamples=31 arrivalAvgMs=33.6 arrivalP95Ms=50.0 arrivalMaxMs=50.1 sameArrival=0 tickGapMax=2 renderFrames=56 interpolation=56 extrapolation=0 extrapolationCapped=0 extrapolationMaxMs=0.0 oldestHeld=0 zeroSpan=0 movingFrozen=0 teleport=0 visualStepAvgCm=0.00 visualStepMaxCm=0.00
[rubber-banding][remote-render] time=326.379 frame=19198 entity=1 latestHostTick=14464 buffer=8 windowMs=1016.6 fps=58.0 snapshots=30 arrivalSamples=30 arrivalAvgMs=33.3 arrivalP95Ms=50.0 arrivalMaxMs=50.0 sameArrival=0 tickGapMax=2 renderFrames=59 interpolation=59 extrapolation=0 extrapolationCapped=0 extrapolationMaxMs=0.0 oldestHeld=0 zeroSpan=0 movingFrozen=0 teleport=0 visualStepAvgCm=0.00 visualStepMaxCm=0.00
[rubber-banding][remote-render] time=326.379 frame=19198 entity=2 latestHostTick=14464 buffer=8 windowMs=1016.6 fps=58.0 snapshots=30 arrivalSamples=30 arrivalAvgMs=33.3 arrivalP95Ms=50.0 arrivalMaxMs=50.0 sameArrival=0 tickGapMax=2 renderFrames=59 interpolation=59 extrapolation=0 extrapolationCapped=0 extrapolationMaxMs=0.0 oldestHeld=0 zeroSpan=0 movingFrozen=0 teleport=0 visualStepAvgCm=0.00 visualStepMaxCm=0.00
[rubber-banding][remote-render] time=326.379 frame=19198 entity=3 latestHostTick=14464 buffer=8 windowMs=1016.6 fps=58.0 snapshots=30 arrivalSamples=30 arrivalAvgMs=33.3 arrivalP95Ms=50.0 arrivalMaxMs=50.0 sameArrival=0 tickGapMax=2 renderFrames=59 interpolation=59 extrapolation=0 extrapolationCapped=0 extrapolationMaxMs=0.0 oldestHeld=0 zeroSpan=0 movingFrozen=0 teleport=0 visualStepAvgCm=0.00 visualStepMaxCm=0.00
[rubber-banding][remote-render] time=327.396 frame=19255 entity=1 latestHostTick=14526 buffer=8 windowMs=1016.8 fps=56.1 snapshots=31 arrivalSamples=31 arrivalAvgMs=33.3 arrivalP95Ms=50.0 arrivalMaxMs=50.1 sameArrival=0 tickGapMax=2 renderFrames=57 interpolation=57 extrapolation=0 extrapolationCapped=0 extrapolationMaxMs=0.0 oldestHeld=0 zeroSpan=0 movingFrozen=0 teleport=0 visualStepAvgCm=0.00 visualStepMaxCm=0.00
[rubber-banding][remote-render] time=327.396 frame=19255 entity=2 latestHostTick=14526 buffer=8 windowMs=1016.8 fps=56.1 snapshots=31 arrivalSamples=31 arrivalAvgMs=33.3 arrivalP95Ms=50.0 arrivalMaxMs=50.1 sameArrival=0 tickGapMax=2 renderFrames=57 interpolation=57 extrapolation=0 extrapolationCapped=0 extrapolationMaxMs=0.0 oldestHeld=0 zeroSpan=0 movingFrozen=0 teleport=0 visualStepAvgCm=0.00 visualStepMaxCm=0.00
[rubber-banding][remote-render] time=327.396 frame=19255 entity=3 latestHostTick=14526 buffer=8 windowMs=1016.8 fps=56.1 snapshots=31 arrivalSamples=31 arrivalAvgMs=33.3 arrivalP95Ms=50.0 arrivalMaxMs=50.1 sameArrival=0 tickGapMax=2 renderFrames=57 interpolation=57 extrapolation=0 extrapolationCapped=0 extrapolationMaxMs=0.0 oldestHeld=0 zeroSpan=0 movingFrozen=0 teleport=0 visualStepAvgCm=0.00 visualStepMaxCm=0.00
[rubber-banding][remote-render] time=328.413 frame=19315 entity=1 latestHostTick=14588 buffer=8 windowMs=1016.5 fps=59.0 snapshots=31 arrivalSamples=31 arrivalAvgMs=32.8 arrivalP95Ms=50.0 arrivalMaxMs=50.0 sameArrival=0 tickGapMax=2 renderFrames=60 interpolation=60 extrapolation=0 extrapolationCapped=0 extrapolationMaxMs=0.0 oldestHeld=0 zeroSpan=0 movingFrozen=0 teleport=0 visualStepAvgCm=0.00 visualStepMaxCm=0.00
[rubber-banding][remote-render] time=328.413 frame=19315 entity=2 latestHostTick=14588 buffer=8 windowMs=1016.5 fps=59.0 snapshots=31 arrivalSamples=31 arrivalAvgMs=32.8 arrivalP95Ms=50.0 arrivalMaxMs=50.0 sameArrival=0 tickGapMax=2 renderFrames=60 interpolation=60 extrapolation=0 extrapolationCapped=0 extrapolationMaxMs=0.0 oldestHeld=0 zeroSpan=0 movingFrozen=0 teleport=0 visualStepAvgCm=0.00 visualStepMaxCm=0.00
[rubber-banding][remote-render] time=328.413 frame=19315 entity=3 latestHostTick=14588 buffer=8 windowMs=1016.5 fps=59.0 snapshots=31 arrivalSamples=31 arrivalAvgMs=32.8 arrivalP95Ms=50.0 arrivalMaxMs=50.0 sameArrival=0 tickGapMax=2 renderFrames=60 interpolation=60 extrapolation=0 extrapolationCapped=0 extrapolationMaxMs=0.0 oldestHeld=0 zeroSpan=0 movingFrozen=0 teleport=0 visualStepAvgCm=0.00 visualStepMaxCm=0.00
[rubber-banding][remote-render] time=329.429 frame=19373 entity=1 latestHostTick=14648 buffer=8 windowMs=1016.6 fps=57.1 snapshots=30 arrivalSamples=30 arrivalAvgMs=33.9 arrivalP95Ms=50.6 arrivalMaxMs=51.2 sameArrival=0 tickGapMax=2 renderFrames=58 interpolation=58 extrapolation=0 extrapolationCapped=0 extrapolationMaxMs=0.0 oldestHeld=0 zeroSpan=0 movingFrozen=0 teleport=0 visualStepAvgCm=0.00 visualStepMaxCm=0.00
[rubber-banding][remote-render] time=329.429 frame=19373 entity=2 latestHostTick=14648 buffer=8 windowMs=1016.6 fps=57.1 snapshots=30 arrivalSamples=30 arrivalAvgMs=33.9 arrivalP95Ms=50.6 arrivalMaxMs=51.2 sameArrival=0 tickGapMax=2 renderFrames=58 interpolation=58 extrapolation=0 extrapolationCapped=0 extrapolationMaxMs=0.0 oldestHeld=0 zeroSpan=0 movingFrozen=0 teleport=0 visualStepAvgCm=0.00 visualStepMaxCm=0.00
[rubber-banding][remote-render] time=329.429 frame=19373 entity=3 latestHostTick=14648 buffer=8 windowMs=1016.6 fps=57.1 snapshots=30 arrivalSamples=30 arrivalAvgMs=33.9 arrivalP95Ms=50.6 arrivalMaxMs=51.2 sameArrival=0 tickGapMax=2 renderFrames=58 interpolation=58 extrapolation=0 extrapolationCapped=0 extrapolationMaxMs=0.0 oldestHeld=0 zeroSpan=0 movingFrozen=0 teleport=0 visualStepAvgCm=0.00 visualStepMaxCm=0.00
[rubber-banding][remote-render] time=330.446 frame=19430 entity=1 latestHostTick=14708 buffer=8 windowMs=1016.7 fps=56.1 snapshots=30 arrivalSamples=30 arrivalAvgMs=33.1 arrivalP95Ms=49.9 arrivalMaxMs=51.3 sameArrival=0 tickGapMax=2 renderFrames=57 interpolation=57 extrapolation=0 extrapolationCapped=0 extrapolationMaxMs=0.0 oldestHeld=0 zeroSpan=0 movingFrozen=0 teleport=0 visualStepAvgCm=0.00 visualStepMaxCm=0.00
[rubber-banding][remote-render] time=330.446 frame=19430 entity=2 latestHostTick=14708 buffer=8 windowMs=1016.7 fps=56.1 snapshots=30 arrivalSamples=30 arrivalAvgMs=33.1 arrivalP95Ms=49.9 arrivalMaxMs=51.3 sameArrival=0 tickGapMax=2 renderFrames=57 interpolation=57 extrapolation=0 extrapolationCapped=0 extrapolationMaxMs=0.0 oldestHeld=0 zeroSpan=0 movingFrozen=0 teleport=0 visualStepAvgCm=0.00 visualStepMaxCm=0.00
[rubber-banding][remote-render] time=330.446 frame=19430 entity=3 latestHostTick=14708 buffer=8 windowMs=1016.7 fps=56.1 snapshots=30 arrivalSamples=30 arrivalAvgMs=33.1 arrivalP95Ms=49.9 arrivalMaxMs=51.3 sameArrival=0 tickGapMax=2 renderFrames=57 interpolation=57 extrapolation=0 extrapolationCapped=0 extrapolationMaxMs=0.0 oldestHeld=0 zeroSpan=0 movingFrozen=0 teleport=0 visualStepAvgCm=0.00 visualStepMaxCm=0.00
[rubber-banding][remote-render] time=331.463 frame=19488 entity=1 latestHostTick=14770 buffer=8 windowMs=1016.7 fps=57.0 snapshots=31 arrivalSamples=31 arrivalAvgMs=33.6 arrivalP95Ms=50.1 arrivalMaxMs=50.4 sameArrival=1 tickGapMax=2 renderFrames=58 interpolation=58 extrapolation=0 extrapolationCapped=0 extrapolationMaxMs=0.0 oldestHeld=0 zeroSpan=2 movingFrozen=0 teleport=0 visualStepAvgCm=0.00 visualStepMaxCm=0.00
[rubber-banding][remote-render] time=331.463 frame=19488 entity=2 latestHostTick=14770 buffer=8 windowMs=1016.7 fps=57.0 snapshots=31 arrivalSamples=31 arrivalAvgMs=33.6 arrivalP95Ms=50.1 arrivalMaxMs=50.4 sameArrival=1 tickGapMax=2 renderFrames=58 interpolation=58 extrapolation=0 extrapolationCapped=0 extrapolationMaxMs=0.0 oldestHeld=0 zeroSpan=2 movingFrozen=0 teleport=0 visualStepAvgCm=0.00 visualStepMaxCm=0.00
[rubber-banding][remote-render] time=331.463 frame=19488 entity=3 latestHostTick=14770 buffer=8 windowMs=1016.7 fps=57.0 snapshots=31 arrivalSamples=31 arrivalAvgMs=33.6 arrivalP95Ms=50.1 arrivalMaxMs=50.4 sameArrival=1 tickGapMax=2 renderFrames=58 interpolation=58 extrapolation=0 extrapolationCapped=0 extrapolationMaxMs=0.0 oldestHeld=0 zeroSpan=2 movingFrozen=0 teleport=0 visualStepAvgCm=0.00 visualStepMaxCm=0.00
[rubber-banding][remote-render] time=332.479 frame=19547 entity=1 latestHostTick=14830 buffer=8 windowMs=1016.6 fps=58.0 snapshots=30 arrivalSamples=30 arrivalAvgMs=33.3 arrivalP95Ms=50.7 arrivalMaxMs=51.6 sameArrival=0 tickGapMax=2 renderFrames=59 interpolation=59 extrapolation=0 extrapolationCapped=0 extrapolationMaxMs=0.0 oldestHeld=0 zeroSpan=0 movingFrozen=0 teleport=0 visualStepAvgCm=0.00 visualStepMaxCm=0.00
[rubber-banding][remote-render] time=332.479 frame=19547 entity=2 latestHostTick=14830 buffer=8 windowMs=1016.6 fps=58.0 snapshots=30 arrivalSamples=30 arrivalAvgMs=33.3 arrivalP95Ms=50.7 arrivalMaxMs=51.6 sameArrival=0 tickGapMax=2 renderFrames=59 interpolation=59 extrapolation=0 extrapolationCapped=0 extrapolationMaxMs=0.0 oldestHeld=0 zeroSpan=0 movingFrozen=0 teleport=0 visualStepAvgCm=0.00 visualStepMaxCm=0.00
[rubber-banding][remote-render] time=332.479 frame=19547 entity=3 latestHostTick=14830 buffer=8 windowMs=1016.6 fps=58.0 snapshots=30 arrivalSamples=30 arrivalAvgMs=33.3 arrivalP95Ms=50.7 arrivalMaxMs=51.6 sameArrival=0 tickGapMax=2 renderFrames=59 interpolation=59 extrapolation=0 extrapolationCapped=0 extrapolationMaxMs=0.0 oldestHeld=0 zeroSpan=0 movingFrozen=0 teleport=0 visualStepAvgCm=0.00 visualStepMaxCm=0.00
[rubber-banding][remote-render] time=333.496 frame=19606 entity=1 latestHostTick=14892 buffer=8 windowMs=1017.0 fps=58.0 snapshots=31 arrivalSamples=31 arrivalAvgMs=33.3 arrivalP95Ms=51.3 arrivalMaxMs=58.3 sameArrival=0 tickGapMax=2 renderFrames=59 interpolation=59 extrapolation=0 extrapolationCapped=0 extrapolationMaxMs=0.0 oldestHeld=0 zeroSpan=0 movingFrozen=0 teleport=0 visualStepAvgCm=0.00 visualStepMaxCm=0.00
[rubber-banding][remote-render] time=333.496 frame=19606 entity=2 latestHostTick=14892 buffer=8 windowMs=1017.0 fps=58.0 snapshots=31 arrivalSamples=31 arrivalAvgMs=33.3 arrivalP95Ms=51.3 arrivalMaxMs=58.3 sameArrival=0 tickGapMax=2 renderFrames=59 interpolation=59 extrapolation=0 extrapolationCapped=0 extrapolationMaxMs=0.0 oldestHeld=0 zeroSpan=0 movingFrozen=0 teleport=0 visualStepAvgCm=0.00 visualStepMaxCm=0.00
[rubber-banding][remote-render] time=333.496 frame=19606 entity=3 latestHostTick=14892 buffer=8 windowMs=1017.0 fps=58.0 snapshots=31 arrivalSamples=31 arrivalAvgMs=33.3 arrivalP95Ms=51.3 arrivalMaxMs=58.3 sameArrival=0 tickGapMax=2 renderFrames=59 interpolation=59 extrapolation=0 extrapolationCapped=0 extrapolationMaxMs=0.0 oldestHeld=0 zeroSpan=0 movingFrozen=0 teleport=0 visualStepAvgCm=0.00 visualStepMaxCm=0.00
[rubber-banding][remote-render] time=334.504 frame=19665 entity=1 latestHostTick=14952 buffer=8 windowMs=1008.1 fps=58.5 snapshots=30 arrivalSamples=30 arrivalAvgMs=33.0 arrivalP95Ms=50.1 arrivalMaxMs=50.4 sameArrival=0 tickGapMax=2 renderFrames=59 interpolation=59 extrapolation=0 extrapolationCapped=0 extrapolationMaxMs=0.0 oldestHeld=0 zeroSpan=0 movingFrozen=0 teleport=0 visualStepAvgCm=0.00 visualStepMaxCm=0.00
[rubber-banding][remote-render] time=334.504 frame=19665 entity=2 latestHostTick=14952 buffer=8 windowMs=1008.1 fps=58.5 snapshots=30 arrivalSamples=30 arrivalAvgMs=33.0 arrivalP95Ms=50.1 arrivalMaxMs=50.4 sameArrival=0 tickGapMax=2 renderFrames=59 interpolation=59 extrapolation=0 extrapolationCapped=0 extrapolationMaxMs=0.0 oldestHeld=0 zeroSpan=0 movingFrozen=0 teleport=0 visualStepAvgCm=0.00 visualStepMaxCm=0.00
[rubber-banding][remote-render] time=334.504 frame=19665 entity=3 latestHostTick=14952 buffer=8 windowMs=1008.1 fps=58.5 snapshots=30 arrivalSamples=30 arrivalAvgMs=33.0 arrivalP95Ms=50.1 arrivalMaxMs=50.4 sameArrival=0 tickGapMax=2 renderFrames=59 interpolation=59 extrapolation=0 extrapolationCapped=0 extrapolationMaxMs=0.0 oldestHeld=0 zeroSpan=0 movingFrozen=0 teleport=0 visualStepAvgCm=0.00 visualStepMaxCm=0.00
[rubber-banding][remote-render] time=335.506 frame=19722 entity=1 latestHostTick=15012 buffer=8 windowMs=1001.5 fps=56.9 snapshots=30 arrivalSamples=30 arrivalAvgMs=33.3 arrivalP95Ms=50.2 arrivalMaxMs=50.2 sameArrival=0 tickGapMax=2 renderFrames=57 interpolation=57 extrapolation=0 extrapolationCapped=0 extrapolationMaxMs=0.0 oldestHeld=0 zeroSpan=0 movingFrozen=0 teleport=0 visualStepAvgCm=0.00 visualStepMaxCm=0.00
[rubber-banding][remote-render] time=335.506 frame=19722 entity=2 latestHostTick=15012 buffer=8 windowMs=1001.5 fps=56.9 snapshots=30 arrivalSamples=30 arrivalAvgMs=33.3 arrivalP95Ms=50.2 arrivalMaxMs=50.2 sameArrival=0 tickGapMax=2 renderFrames=57 interpolation=57 extrapolation=0 extrapolationCapped=0 extrapolationMaxMs=0.0 oldestHeld=0 zeroSpan=0 movingFrozen=0 teleport=0 visualStepAvgCm=0.00 visualStepMaxCm=0.00
[rubber-banding][remote-render] time=335.506 frame=19722 entity=3 latestHostTick=15012 buffer=8 windowMs=1001.5 fps=56.9 snapshots=30 arrivalSamples=30 arrivalAvgMs=33.3 arrivalP95Ms=50.2 arrivalMaxMs=50.2 sameArrival=0 tickGapMax=2 renderFrames=57 interpolation=57 extrapolation=0 extrapolationCapped=0 extrapolationMaxMs=0.0 oldestHeld=0 zeroSpan=0 movingFrozen=0 teleport=0 visualStepAvgCm=0.00 visualStepMaxCm=0.00
[rubber-banding][remote-render] time=336.521 frame=19780 entity=1 latestHostTick=15074 buffer=8 windowMs=1015.0 fps=57.1 snapshots=31 arrivalSamples=31 arrivalAvgMs=33.3 arrivalP95Ms=50.1 arrivalMaxMs=58.9 sameArrival=0 tickGapMax=2 renderFrames=58 interpolation=58 extrapolation=0 extrapolationCapped=0 extrapolationMaxMs=0.0 oldestHeld=0 zeroSpan=0 movingFrozen=0 teleport=0 visualStepAvgCm=0.00 visualStepMaxCm=0.00
[rubber-banding][remote-render] time=336.521 frame=19780 entity=2 latestHostTick=15074 buffer=8 windowMs=1015.0 fps=57.1 snapshots=31 arrivalSamples=31 arrivalAvgMs=33.3 arrivalP95Ms=50.1 arrivalMaxMs=58.9 sameArrival=0 tickGapMax=2 renderFrames=58 interpolation=58 extrapolation=0 extrapolationCapped=0 extrapolationMaxMs=0.0 oldestHeld=0 zeroSpan=0 movingFrozen=0 teleport=0 visualStepAvgCm=0.00 visualStepMaxCm=0.00
[rubber-banding][remote-render] time=336.521 frame=19780 entity=3 latestHostTick=15074 buffer=8 windowMs=1015.0 fps=57.1 snapshots=31 arrivalSamples=31 arrivalAvgMs=33.3 arrivalP95Ms=50.1 arrivalMaxMs=58.9 sameArrival=0 tickGapMax=2 renderFrames=58 interpolation=58 extrapolation=0 extrapolationCapped=0 extrapolationMaxMs=0.0 oldestHeld=0 zeroSpan=0 movingFrozen=0 teleport=0 visualStepAvgCm=0.00 visualStepMaxCm=0.00
[rubber-banding][remote-render] time=337.521 frame=19837 entity=1 latestHostTick=15134 buffer=8 windowMs=1000.4 fps=57.0 snapshots=30 arrivalSamples=30 arrivalAvgMs=33.3 arrivalP95Ms=51.7 arrivalMaxMs=58.3 sameArrival=0 tickGapMax=2 renderFrames=57 interpolation=57 extrapolation=0 extrapolationCapped=0 extrapolationMaxMs=0.0 oldestHeld=0 zeroSpan=0 movingFrozen=0 teleport=0 visualStepAvgCm=0.00 visualStepMaxCm=0.00
[rubber-banding][remote-render] time=337.521 frame=19837 entity=2 latestHostTick=15134 buffer=8 windowMs=1000.4 fps=57.0 snapshots=30 arrivalSamples=30 arrivalAvgMs=33.3 arrivalP95Ms=51.7 arrivalMaxMs=58.3 sameArrival=0 tickGapMax=2 renderFrames=57 interpolation=57 extrapolation=0 extrapolationCapped=0 extrapolationMaxMs=0.0 oldestHeld=0 zeroSpan=0 movingFrozen=0 teleport=0 visualStepAvgCm=0.00 visualStepMaxCm=0.00
[rubber-banding][remote-render] time=337.521 frame=19837 entity=3 latestHostTick=15134 buffer=8 windowMs=1000.4 fps=57.0 snapshots=30 arrivalSamples=30 arrivalAvgMs=33.3 arrivalP95Ms=51.7 arrivalMaxMs=58.3 sameArrival=0 tickGapMax=2 renderFrames=57 interpolation=57 extrapolation=0 extrapolationCapped=0 extrapolationMaxMs=0.0 oldestHeld=0 zeroSpan=0 movingFrozen=0 teleport=0 visualStepAvgCm=0.00 visualStepMaxCm=0.00
[rubber-banding][remote-render] time=338.538 frame=19894 entity=1 latestHostTick=15194 buffer=8 windowMs=1016.2 fps=56.1 snapshots=30 arrivalSamples=30 arrivalAvgMs=33.3 arrivalP95Ms=50.2 arrivalMaxMs=58.4 sameArrival=1 tickGapMax=2 renderFrames=57 interpolation=57 extrapolation=0 extrapolationCapped=0 extrapolationMaxMs=0.0 oldestHeld=0 zeroSpan=2 movingFrozen=0 teleport=0 visualStepAvgCm=0.00 visualStepMaxCm=0.00
[rubber-banding][remote-render] time=338.538 frame=19894 entity=2 latestHostTick=15194 buffer=8 windowMs=1016.2 fps=56.1 snapshots=30 arrivalSamples=30 arrivalAvgMs=33.3 arrivalP95Ms=50.2 arrivalMaxMs=58.4 sameArrival=1 tickGapMax=2 renderFrames=57 interpolation=57 extrapolation=0 extrapolationCapped=0 extrapolationMaxMs=0.0 oldestHeld=0 zeroSpan=2 movingFrozen=0 teleport=0 visualStepAvgCm=0.00 visualStepMaxCm=0.00
[rubber-banding][remote-render] time=338.538 frame=19894 entity=3 latestHostTick=15194 buffer=8 windowMs=1016.2 fps=56.1 snapshots=30 arrivalSamples=30 arrivalAvgMs=33.3 arrivalP95Ms=50.2 arrivalMaxMs=58.4 sameArrival=1 tickGapMax=2 renderFrames=57 interpolation=57 extrapolation=0 extrapolationCapped=0 extrapolationMaxMs=0.0 oldestHeld=0 zeroSpan=2 movingFrozen=0 teleport=0 visualStepAvgCm=0.00 visualStepMaxCm=0.00
[rubber-banding][remote-render] time=339.538 frame=19952 entity=1 latestHostTick=15254 buffer=8 windowMs=1000.1 fps=58.0 snapshots=30 arrivalSamples=30 arrivalAvgMs=33.3 arrivalP95Ms=50.4 arrivalMaxMs=59.6 sameArrival=1 tickGapMax=2 renderFrames=58 interpolation=58 extrapolation=0 extrapolationCapped=0 extrapolationMaxMs=0.0 oldestHeld=0 zeroSpan=2 movingFrozen=0 teleport=0 visualStepAvgCm=0.00 visualStepMaxCm=0.00
[rubber-banding][remote-render] time=339.538 frame=19952 entity=2 latestHostTick=15254 buffer=8 windowMs=1000.1 fps=58.0 snapshots=30 arrivalSamples=30 arrivalAvgMs=33.3 arrivalP95Ms=50.4 arrivalMaxMs=59.6 sameArrival=1 tickGapMax=2 renderFrames=58 interpolation=58 extrapolation=0 extrapolationCapped=0 extrapolationMaxMs=0.0 oldestHeld=0 zeroSpan=2 movingFrozen=0 teleport=0 visualStepAvgCm=0.00 visualStepMaxCm=0.00
[rubber-banding][remote-render] time=339.538 frame=19952 entity=3 latestHostTick=15254 buffer=8 windowMs=1000.1 fps=58.0 snapshots=30 arrivalSamples=30 arrivalAvgMs=33.3 arrivalP95Ms=50.4 arrivalMaxMs=59.6 sameArrival=1 tickGapMax=2 renderFrames=58 interpolation=58 extrapolation=0 extrapolationCapped=0 extrapolationMaxMs=0.0 oldestHeld=0 zeroSpan=2 movingFrozen=0 teleport=0 visualStepAvgCm=0.00 visualStepMaxCm=0.00
[rubber-banding][remote-render] time=340.546 frame=20010 entity=1 latestHostTick=15316 buffer=8 windowMs=1008.2 fps=57.5 snapshots=31 arrivalSamples=31 arrivalAvgMs=33.1 arrivalP95Ms=50.0 arrivalMaxMs=50.3 sameArrival=0 tickGapMax=2 renderFrames=58 interpolation=58 extrapolation=0 extrapolationCapped=0 extrapolationMaxMs=0.0 oldestHeld=0 zeroSpan=0 movingFrozen=0 teleport=0 visualStepAvgCm=0.00 visualStepMaxCm=0.00
[rubber-banding][remote-render] time=340.546 frame=20010 entity=2 latestHostTick=15316 buffer=8 windowMs=1008.2 fps=57.5 snapshots=31 arrivalSamples=31 arrivalAvgMs=33.1 arrivalP95Ms=50.0 arrivalMaxMs=50.3 sameArrival=0 tickGapMax=2 renderFrames=58 interpolation=58 extrapolation=0 extrapolationCapped=0 extrapolationMaxMs=0.0 oldestHeld=0 zeroSpan=0 movingFrozen=0 teleport=0 visualStepAvgCm=0.00 visualStepMaxCm=0.00
[rubber-banding][remote-render] time=340.546 frame=20010 entity=3 latestHostTick=15316 buffer=8 windowMs=1008.2 fps=57.5 snapshots=31 arrivalSamples=31 arrivalAvgMs=33.1 arrivalP95Ms=50.0 arrivalMaxMs=50.3 sameArrival=0 tickGapMax=2 renderFrames=58 interpolation=58 extrapolation=0 extrapolationCapped=0 extrapolationMaxMs=0.0 oldestHeld=0 zeroSpan=0 movingFrozen=0 teleport=0 visualStepAvgCm=0.00 visualStepMaxCm=0.00
[rubber-banding][remote-render] time=341.554 frame=20068 entity=1 latestHostTick=15376 buffer=8 windowMs=1008.4 fps=57.5 snapshots=30 arrivalSamples=30 arrivalAvgMs=33.6 arrivalP95Ms=51.3 arrivalMaxMs=51.8 sameArrival=0 tickGapMax=2 renderFrames=58 interpolation=58 extrapolation=0 extrapolationCapped=0 extrapolationMaxMs=0.0 oldestHeld=0 zeroSpan=0 movingFrozen=0 teleport=0 visualStepAvgCm=0.00 visualStepMaxCm=0.00
[rubber-banding][remote-render] time=341.554 frame=20068 entity=2 latestHostTick=15376 buffer=8 windowMs=1008.4 fps=57.5 snapshots=30 arrivalSamples=30 arrivalAvgMs=33.6 arrivalP95Ms=51.3 arrivalMaxMs=51.8 sameArrival=0 tickGapMax=2 renderFrames=58 interpolation=58 extrapolation=0 extrapolationCapped=0 extrapolationMaxMs=0.0 oldestHeld=0 zeroSpan=0 movingFrozen=0 teleport=0 visualStepAvgCm=0.00 visualStepMaxCm=0.00
[rubber-banding][remote-render] time=341.554 frame=20068 entity=3 latestHostTick=15376 buffer=8 windowMs=1008.4 fps=57.5 snapshots=30 arrivalSamples=30 arrivalAvgMs=33.6 arrivalP95Ms=51.3 arrivalMaxMs=51.8 sameArrival=0 tickGapMax=2 renderFrames=58 interpolation=58 extrapolation=0 extrapolationCapped=0 extrapolationMaxMs=0.0 oldestHeld=0 zeroSpan=0 movingFrozen=0 teleport=0 visualStepAvgCm=0.00 visualStepMaxCm=0.00
[rubber-banding][remote-render] time=342.563 frame=20126 entity=1 latestHostTick=15436 buffer=8 windowMs=1008.4 fps=57.5 snapshots=30 arrivalSamples=30 arrivalAvgMs=33.6 arrivalP95Ms=58.0 arrivalMaxMs=58.3 sameArrival=1 tickGapMax=2 renderFrames=58 interpolation=58 extrapolation=0 extrapolationCapped=0 extrapolationMaxMs=0.0 oldestHeld=0 zeroSpan=2 movingFrozen=0 teleport=0 visualStepAvgCm=0.00 visualStepMaxCm=0.00
[rubber-banding][remote-render] time=342.563 frame=20126 entity=2 latestHostTick=15436 buffer=8 windowMs=1008.4 fps=57.5 snapshots=30 arrivalSamples=30 arrivalAvgMs=33.6 arrivalP95Ms=58.0 arrivalMaxMs=58.3 sameArrival=1 tickGapMax=2 renderFrames=58 interpolation=58 extrapolation=0 extrapolationCapped=0 extrapolationMaxMs=0.0 oldestHeld=0 zeroSpan=2 movingFrozen=0 teleport=0 visualStepAvgCm=0.00 visualStepMaxCm=0.00
[rubber-banding][remote-render] time=342.563 frame=20126 entity=3 latestHostTick=15436 buffer=8 windowMs=1008.4 fps=57.5 snapshots=30 arrivalSamples=30 arrivalAvgMs=33.6 arrivalP95Ms=58.0 arrivalMaxMs=58.3 sameArrival=1 tickGapMax=2 renderFrames=58 interpolation=58 extrapolation=0 extrapolationCapped=0 extrapolationMaxMs=0.0 oldestHeld=0 zeroSpan=2 movingFrozen=0 teleport=0 visualStepAvgCm=0.00 visualStepMaxCm=0.00
[rubber-banding][remote-render] time=343.571 frame=20184 entity=1 latestHostTick=15496 buffer=8 windowMs=1008.3 fps=57.5 snapshots=30 arrivalSamples=30 arrivalAvgMs=33.1 arrivalP95Ms=50.0 arrivalMaxMs=60.0 sameArrival=0 tickGapMax=2 renderFrames=58 interpolation=58 extrapolation=0 extrapolationCapped=0 extrapolationMaxMs=0.0 oldestHeld=0 zeroSpan=0 movingFrozen=0 teleport=0 visualStepAvgCm=0.00 visualStepMaxCm=0.00
[rubber-banding][remote-render] time=343.571 frame=20184 entity=2 latestHostTick=15496 buffer=8 windowMs=1008.3 fps=57.5 snapshots=30 arrivalSamples=30 arrivalAvgMs=33.1 arrivalP95Ms=50.0 arrivalMaxMs=60.0 sameArrival=0 tickGapMax=2 renderFrames=58 interpolation=58 extrapolation=0 extrapolationCapped=0 extrapolationMaxMs=0.0 oldestHeld=0 zeroSpan=0 movingFrozen=0 teleport=0 visualStepAvgCm=0.00 visualStepMaxCm=0.00
[rubber-banding][remote-render] time=343.571 frame=20184 entity=3 latestHostTick=15496 buffer=8 windowMs=1008.3 fps=57.5 snapshots=30 arrivalSamples=30 arrivalAvgMs=33.1 arrivalP95Ms=50.0 arrivalMaxMs=60.0 sameArrival=0 tickGapMax=2 renderFrames=58 interpolation=58 extrapolation=0 extrapolationCapped=0 extrapolationMaxMs=0.0 oldestHeld=0 zeroSpan=0 movingFrozen=0 teleport=0 visualStepAvgCm=0.00 visualStepMaxCm=0.00
[rubber-banding][remote-render] time=344.579 frame=20242 entity=1 latestHostTick=15558 buffer=8 windowMs=1008.3 fps=57.5 snapshots=31 arrivalSamples=31 arrivalAvgMs=33.1 arrivalP95Ms=50.3 arrivalMaxMs=52.3 sameArrival=1 tickGapMax=2 renderFrames=58 interpolation=58 extrapolation=0 extrapolationCapped=0 extrapolationMaxMs=0.0 oldestHeld=0 zeroSpan=0 movingFrozen=0 teleport=0 visualStepAvgCm=0.00 visualStepMaxCm=0.00
[rubber-banding][remote-render] time=344.579 frame=20242 entity=2 latestHostTick=15558 buffer=8 windowMs=1008.3 fps=57.5 snapshots=31 arrivalSamples=31 arrivalAvgMs=33.1 arrivalP95Ms=50.3 arrivalMaxMs=52.3 sameArrival=1 tickGapMax=2 renderFrames=58 interpolation=58 extrapolation=0 extrapolationCapped=0 extrapolationMaxMs=0.0 oldestHeld=0 zeroSpan=0 movingFrozen=0 teleport=0 visualStepAvgCm=0.00 visualStepMaxCm=0.00
[rubber-banding][remote-render] time=344.579 frame=20242 entity=3 latestHostTick=15558 buffer=8 windowMs=1008.3 fps=57.5 snapshots=31 arrivalSamples=31 arrivalAvgMs=33.1 arrivalP95Ms=50.3 arrivalMaxMs=52.3 sameArrival=1 tickGapMax=2 renderFrames=58 interpolation=58 extrapolation=0 extrapolationCapped=0 extrapolationMaxMs=0.0 oldestHeld=0 zeroSpan=0 movingFrozen=0 teleport=0 visualStepAvgCm=0.00 visualStepMaxCm=0.00
[rubber-banding][remote-render] time=345.596 frame=20301 entity=1 latestHostTick=15618 buffer=8 windowMs=1016.6 fps=58.0 snapshots=30 arrivalSamples=30 arrivalAvgMs=33.9 arrivalP95Ms=50.8 arrivalMaxMs=51.0 sameArrival=1 tickGapMax=2 renderFrames=59 interpolation=59 extrapolation=0 extrapolationCapped=0 extrapolationMaxMs=0.0 oldestHeld=0 zeroSpan=3 movingFrozen=0 teleport=0 visualStepAvgCm=0.00 visualStepMaxCm=0.00
[rubber-banding][remote-render] time=345.596 frame=20301 entity=2 latestHostTick=15618 buffer=8 windowMs=1016.6 fps=58.0 snapshots=30 arrivalSamples=30 arrivalAvgMs=33.9 arrivalP95Ms=50.8 arrivalMaxMs=51.0 sameArrival=1 tickGapMax=2 renderFrames=59 interpolation=59 extrapolation=0 extrapolationCapped=0 extrapolationMaxMs=0.0 oldestHeld=0 zeroSpan=3 movingFrozen=0 teleport=0 visualStepAvgCm=0.00 visualStepMaxCm=0.00
[rubber-banding][remote-render] time=345.596 frame=20301 entity=3 latestHostTick=15618 buffer=8 windowMs=1016.6 fps=58.0 snapshots=30 arrivalSamples=30 arrivalAvgMs=33.9 arrivalP95Ms=50.8 arrivalMaxMs=51.0 sameArrival=1 tickGapMax=2 renderFrames=59 interpolation=59 extrapolation=0 extrapolationCapped=0 extrapolationMaxMs=0.0 oldestHeld=0 zeroSpan=3 movingFrozen=0 teleport=0 visualStepAvgCm=0.00 visualStepMaxCm=0.00
[rubber-banding][remote-render] time=346.604 frame=20360 entity=1 latestHostTick=15678 buffer=8 windowMs=1008.4 fps=58.5 snapshots=30 arrivalSamples=30 arrivalAvgMs=33.6 arrivalP95Ms=50.1 arrivalMaxMs=51.5 sameArrival=1 tickGapMax=2 renderFrames=59 interpolation=59 extrapolation=0 extrapolationCapped=0 extrapolationMaxMs=0.0 oldestHeld=0 zeroSpan=2 movingFrozen=0 teleport=0 visualStepAvgCm=0.00 visualStepMaxCm=0.00
[rubber-banding][remote-render] time=346.604 frame=20360 entity=2 latestHostTick=15678 buffer=8 windowMs=1008.4 fps=58.5 snapshots=30 arrivalSamples=30 arrivalAvgMs=33.6 arrivalP95Ms=50.1 arrivalMaxMs=51.5 sameArrival=1 tickGapMax=2 renderFrames=59 interpolation=59 extrapolation=0 extrapolationCapped=0 extrapolationMaxMs=0.0 oldestHeld=0 zeroSpan=2 movingFrozen=0 teleport=0 visualStepAvgCm=0.00 visualStepMaxCm=0.00
[rubber-banding][remote-render] time=346.604 frame=20360 entity=3 latestHostTick=15678 buffer=8 windowMs=1008.4 fps=58.5 snapshots=30 arrivalSamples=30 arrivalAvgMs=33.6 arrivalP95Ms=50.1 arrivalMaxMs=51.5 sameArrival=1 tickGapMax=2 renderFrames=59 interpolation=59 extrapolation=0 extrapolationCapped=0 extrapolationMaxMs=0.0 oldestHeld=0 zeroSpan=2 movingFrozen=0 teleport=0 visualStepAvgCm=0.00 visualStepMaxCm=0.00
[rubber-banding][remote-render] time=347.613 frame=20418 entity=1 latestHostTick=15738 buffer=8 windowMs=1008.4 fps=57.5 snapshots=30 arrivalSamples=30 arrivalAvgMs=32.5 arrivalP95Ms=51.0 arrivalMaxMs=58.5 sameArrival=0 tickGapMax=2 renderFrames=58 interpolation=58 extrapolation=0 extrapolationCapped=0 extrapolationMaxMs=0.0 oldestHeld=0 zeroSpan=0 movingFrozen=0 teleport=0 visualStepAvgCm=0.00 visualStepMaxCm=0.00
[rubber-banding][remote-render] time=347.613 frame=20418 entity=2 latestHostTick=15738 buffer=8 windowMs=1008.4 fps=57.5 snapshots=30 arrivalSamples=30 arrivalAvgMs=32.5 arrivalP95Ms=51.0 arrivalMaxMs=58.5 sameArrival=0 tickGapMax=2 renderFrames=58 interpolation=58 extrapolation=0 extrapolationCapped=0 extrapolationMaxMs=0.0 oldestHeld=0 zeroSpan=0 movingFrozen=0 teleport=0 visualStepAvgCm=0.00 visualStepMaxCm=0.00
[rubber-banding][remote-render] time=347.613 frame=20418 entity=3 latestHostTick=15738 buffer=8 windowMs=1008.4 fps=57.5 snapshots=30 arrivalSamples=30 arrivalAvgMs=32.5 arrivalP95Ms=51.0 arrivalMaxMs=58.5 sameArrival=0 tickGapMax=2 renderFrames=58 interpolation=58 extrapolation=0 extrapolationCapped=0 extrapolationMaxMs=0.0 oldestHeld=0 zeroSpan=0 movingFrozen=0 teleport=0 visualStepAvgCm=0.00 visualStepMaxCm=0.00
[rubber-banding][remote-render] time=348.629 frame=20478 entity=1 latestHostTick=15800 buffer=8 windowMs=1016.8 fps=59.0 snapshots=31 arrivalSamples=31 arrivalAvgMs=33.9 arrivalP95Ms=50.1 arrivalMaxMs=50.2 sameArrival=0 tickGapMax=2 renderFrames=60 interpolation=60 extrapolation=0 extrapolationCapped=0 extrapolationMaxMs=0.0 oldestHeld=0 zeroSpan=0 movingFrozen=0 teleport=0 visualStepAvgCm=0.00 visualStepMaxCm=0.00
[rubber-banding][remote-render] time=348.629 frame=20478 entity=2 latestHostTick=15800 buffer=8 windowMs=1016.8 fps=59.0 snapshots=31 arrivalSamples=31 arrivalAvgMs=33.9 arrivalP95Ms=50.1 arrivalMaxMs=50.2 sameArrival=0 tickGapMax=2 renderFrames=60 interpolation=60 extrapolation=0 extrapolationCapped=0 extrapolationMaxMs=0.0 oldestHeld=0 zeroSpan=0 movingFrozen=0 teleport=0 visualStepAvgCm=0.00 visualStepMaxCm=0.00
[rubber-banding][remote-render] time=348.629 frame=20478 entity=3 latestHostTick=15800 buffer=8 windowMs=1016.8 fps=59.0 snapshots=31 arrivalSamples=31 arrivalAvgMs=33.9 arrivalP95Ms=50.1 arrivalMaxMs=50.2 sameArrival=0 tickGapMax=2 renderFrames=60 interpolation=60 extrapolation=0 extrapolationCapped=0 extrapolationMaxMs=0.0 oldestHeld=0 zeroSpan=0 movingFrozen=0 teleport=0 visualStepAvgCm=0.00 visualStepMaxCm=0.00
[rubber-banding][remote-render] time=349.638 frame=20538 entity=1 latestHostTick=15860 buffer=8 windowMs=1008.1 fps=59.5 snapshots=30 arrivalSamples=30 arrivalAvgMs=33.0 arrivalP95Ms=50.1 arrivalMaxMs=50.2 sameArrival=0 tickGapMax=2 renderFrames=60 interpolation=60 extrapolation=0 extrapolationCapped=0 extrapolationMaxMs=0.0 oldestHeld=0 zeroSpan=0 movingFrozen=0 teleport=0 visualStepAvgCm=0.00 visualStepMaxCm=0.00
[rubber-banding][remote-render] time=349.638 frame=20538 entity=2 latestHostTick=15860 buffer=8 windowMs=1008.1 fps=59.5 snapshots=30 arrivalSamples=30 arrivalAvgMs=33.0 arrivalP95Ms=50.1 arrivalMaxMs=50.2 sameArrival=0 tickGapMax=2 renderFrames=60 interpolation=60 extrapolation=0 extrapolationCapped=0 extrapolationMaxMs=0.0 oldestHeld=0 zeroSpan=0 movingFrozen=0 teleport=0 visualStepAvgCm=0.00 visualStepMaxCm=0.00
[rubber-banding][remote-render] time=349.638 frame=20538 entity=3 latestHostTick=15860 buffer=8 windowMs=1008.1 fps=59.5 snapshots=30 arrivalSamples=30 arrivalAvgMs=33.0 arrivalP95Ms=50.1 arrivalMaxMs=50.2 sameArrival=0 tickGapMax=2 renderFrames=60 interpolation=60 extrapolation=0 extrapolationCapped=0 extrapolationMaxMs=0.0 oldestHeld=0 zeroSpan=0 movingFrozen=0 teleport=0 visualStepAvgCm=0.00 visualStepMaxCm=0.00
[rubber-banding][remote-render] time=350.646 frame=20596 entity=1 latestHostTick=15920 buffer=8 windowMs=1008.4 fps=57.5 snapshots=30 arrivalSamples=30 arrivalAvgMs=33.1 arrivalP95Ms=50.0 arrivalMaxMs=50.9 sameArrival=1 tickGapMax=2 renderFrames=58 interpolation=58 extrapolation=0 extrapolationCapped=0 extrapolationMaxMs=0.0 oldestHeld=0 zeroSpan=2 movingFrozen=0 teleport=0 visualStepAvgCm=0.00 visualStepMaxCm=0.00
[rubber-banding][remote-render] time=350.646 frame=20596 entity=2 latestHostTick=15920 buffer=8 windowMs=1008.4 fps=57.5 snapshots=30 arrivalSamples=30 arrivalAvgMs=33.1 arrivalP95Ms=50.0 arrivalMaxMs=50.9 sameArrival=1 tickGapMax=2 renderFrames=58 interpolation=58 extrapolation=0 extrapolationCapped=0 extrapolationMaxMs=0.0 oldestHeld=0 zeroSpan=2 movingFrozen=0 teleport=0 visualStepAvgCm=0.00 visualStepMaxCm=0.00
[rubber-banding][remote-render] time=350.646 frame=20596 entity=3 latestHostTick=15920 buffer=8 windowMs=1008.4 fps=57.5 snapshots=30 arrivalSamples=30 arrivalAvgMs=33.1 arrivalP95Ms=50.0 arrivalMaxMs=50.9 sameArrival=1 tickGapMax=2 renderFrames=58 interpolation=58 extrapolation=0 extrapolationCapped=0 extrapolationMaxMs=0.0 oldestHeld=0 zeroSpan=2 movingFrozen=0 teleport=0 visualStepAvgCm=0.00 visualStepMaxCm=0.00
[rubber-banding][remote-render] time=351.646 frame=20655 entity=1 latestHostTick=15980 buffer=8 windowMs=1000.0 fps=59.0 snapshots=30 arrivalSamples=30 arrivalAvgMs=33.9 arrivalP95Ms=51.2 arrivalMaxMs=51.7 sameArrival=0 tickGapMax=2 renderFrames=59 interpolation=59 extrapolation=0 extrapolationCapped=0 extrapolationMaxMs=0.0 oldestHeld=0 zeroSpan=0 movingFrozen=0 teleport=0 visualStepAvgCm=0.00 visualStepMaxCm=0.00
[rubber-banding][remote-render] time=351.646 frame=20655 entity=2 latestHostTick=15980 buffer=8 windowMs=1000.0 fps=59.0 snapshots=30 arrivalSamples=30 arrivalAvgMs=33.9 arrivalP95Ms=51.2 arrivalMaxMs=51.7 sameArrival=0 tickGapMax=2 renderFrames=59 interpolation=59 extrapolation=0 extrapolationCapped=0 extrapolationMaxMs=0.0 oldestHeld=0 zeroSpan=0 movingFrozen=0 teleport=0 visualStepAvgCm=0.00 visualStepMaxCm=0.00
[rubber-banding][remote-render] time=351.646 frame=20655 entity=3 latestHostTick=15980 buffer=8 windowMs=1000.0 fps=59.0 snapshots=30 arrivalSamples=30 arrivalAvgMs=33.9 arrivalP95Ms=51.2 arrivalMaxMs=51.7 sameArrival=0 tickGapMax=2 renderFrames=59 interpolation=59 extrapolation=0 extrapolationCapped=0 extrapolationMaxMs=0.0 oldestHeld=0 zeroSpan=0 movingFrozen=0 teleport=0 visualStepAvgCm=0.00 visualStepMaxCm=0.00
[rubber-banding][remote-render] time=352.654 frame=20713 entity=1 latestHostTick=16040 buffer=8 windowMs=1008.3 fps=57.5 snapshots=30 arrivalSamples=30 arrivalAvgMs=33.0 arrivalP95Ms=50.0 arrivalMaxMs=50.0 sameArrival=0 tickGapMax=2 renderFrames=58 interpolation=58 extrapolation=0 extrapolationCapped=0 extrapolationMaxMs=0.0 oldestHeld=0 zeroSpan=0 movingFrozen=0 teleport=0 visualStepAvgCm=0.00 visualStepMaxCm=0.00
[rubber-banding][remote-render] time=352.654 frame=20713 entity=2 latestHostTick=16040 buffer=8 windowMs=1008.3 fps=57.5 snapshots=30 arrivalSamples=30 arrivalAvgMs=33.0 arrivalP95Ms=50.0 arrivalMaxMs=50.0 sameArrival=0 tickGapMax=2 renderFrames=58 interpolation=58 extrapolation=0 extrapolationCapped=0 extrapolationMaxMs=0.0 oldestHeld=0 zeroSpan=0 movingFrozen=0 teleport=0 visualStepAvgCm=0.00 visualStepMaxCm=0.00
[rubber-banding][remote-render] time=352.654 frame=20713 entity=3 latestHostTick=16040 buffer=8 windowMs=1008.3 fps=57.5 snapshots=30 arrivalSamples=30 arrivalAvgMs=33.0 arrivalP95Ms=50.0 arrivalMaxMs=50.0 sameArrival=0 tickGapMax=2 renderFrames=58 interpolation=58 extrapolation=0 extrapolationCapped=0 extrapolationMaxMs=0.0 oldestHeld=0 zeroSpan=0 movingFrozen=0 teleport=0 visualStepAvgCm=0.00 visualStepMaxCm=0.00
[rubber-banding][remote-render] time=353.654 frame=20772 entity=1 latestHostTick=16102 buffer=8 windowMs=1000.3 fps=59.0 snapshots=31 arrivalSamples=31 arrivalAvgMs=33.3 arrivalP95Ms=50.0 arrivalMaxMs=51.3 sameArrival=0 tickGapMax=2 renderFrames=59 interpolation=59 extrapolation=0 extrapolationCapped=0 extrapolationMaxMs=0.0 oldestHeld=0 zeroSpan=0 movingFrozen=0 teleport=0 visualStepAvgCm=0.00 visualStepMaxCm=0.00
[rubber-banding][remote-render] time=353.654 frame=20772 entity=2 latestHostTick=16102 buffer=8 windowMs=1000.3 fps=59.0 snapshots=31 arrivalSamples=31 arrivalAvgMs=33.3 arrivalP95Ms=50.0 arrivalMaxMs=51.3 sameArrival=0 tickGapMax=2 renderFrames=59 interpolation=59 extrapolation=0 extrapolationCapped=0 extrapolationMaxMs=0.0 oldestHeld=0 zeroSpan=0 movingFrozen=0 teleport=0 visualStepAvgCm=0.00 visualStepMaxCm=0.00
[rubber-banding][remote-render] time=353.654 frame=20772 entity=3 latestHostTick=16102 buffer=8 windowMs=1000.3 fps=59.0 snapshots=31 arrivalSamples=31 arrivalAvgMs=33.3 arrivalP95Ms=50.0 arrivalMaxMs=51.3 sameArrival=0 tickGapMax=2 renderFrames=59 interpolation=59 extrapolation=0 extrapolationCapped=0 extrapolationMaxMs=0.0 oldestHeld=0 zeroSpan=0 movingFrozen=0 teleport=0 visualStepAvgCm=0.00 visualStepMaxCm=0.00
[rubber-banding][remote-render] time=354.662 frame=20829 entity=1 latestHostTick=16162 buffer=8 windowMs=1007.9 fps=56.6 snapshots=30 arrivalSamples=30 arrivalAvgMs=33.6 arrivalP95Ms=50.0 arrivalMaxMs=50.1 sameArrival=0 tickGapMax=2 renderFrames=57 interpolation=57 extrapolation=0 extrapolationCapped=0 extrapolationMaxMs=0.0 oldestHeld=0 zeroSpan=0 movingFrozen=0 teleport=0 visualStepAvgCm=0.00 visualStepMaxCm=0.00
[rubber-banding][remote-render] time=354.662 frame=20829 entity=2 latestHostTick=16162 buffer=8 windowMs=1007.9 fps=56.6 snapshots=30 arrivalSamples=30 arrivalAvgMs=33.6 arrivalP95Ms=50.0 arrivalMaxMs=50.1 sameArrival=0 tickGapMax=2 renderFrames=57 interpolation=57 extrapolation=0 extrapolationCapped=0 extrapolationMaxMs=0.0 oldestHeld=0 zeroSpan=0 movingFrozen=0 teleport=0 visualStepAvgCm=0.00 visualStepMaxCm=0.00
[rubber-banding][remote-render] time=354.662 frame=20829 entity=3 latestHostTick=16162 buffer=8 windowMs=1007.9 fps=56.6 snapshots=30 arrivalSamples=30 arrivalAvgMs=33.6 arrivalP95Ms=50.0 arrivalMaxMs=50.1 sameArrival=0 tickGapMax=2 renderFrames=57 interpolation=57 extrapolation=0 extrapolationCapped=0 extrapolationMaxMs=0.0 oldestHeld=0 zeroSpan=0 movingFrozen=0 teleport=0 visualStepAvgCm=0.00 visualStepMaxCm=0.00
[rubber-banding][remote-render] time=355.671 frame=20887 entity=1 latestHostTick=16222 buffer=8 windowMs=1008.3 fps=57.5 snapshots=30 arrivalSamples=30 arrivalAvgMs=33.1 arrivalP95Ms=50.0 arrivalMaxMs=50.1 sameArrival=0 tickGapMax=2 renderFrames=58 interpolation=58 extrapolation=0 extrapolationCapped=0 extrapolationMaxMs=0.0 oldestHeld=0 zeroSpan=0 movingFrozen=0 teleport=0 visualStepAvgCm=0.00 visualStepMaxCm=0.00
[rubber-banding][remote-render] time=355.671 frame=20887 entity=2 latestHostTick=16222 buffer=8 windowMs=1008.3 fps=57.5 snapshots=30 arrivalSamples=30 arrivalAvgMs=33.1 arrivalP95Ms=50.0 arrivalMaxMs=50.1 sameArrival=0 tickGapMax=2 renderFrames=58 interpolation=58 extrapolation=0 extrapolationCapped=0 extrapolationMaxMs=0.0 oldestHeld=0 zeroSpan=0 movingFrozen=0 teleport=0 visualStepAvgCm=0.00 visualStepMaxCm=0.00
[rubber-banding][remote-render] time=355.671 frame=20887 entity=3 latestHostTick=16222 buffer=8 windowMs=1008.3 fps=57.5 snapshots=30 arrivalSamples=30 arrivalAvgMs=33.1 arrivalP95Ms=50.0 arrivalMaxMs=50.1 sameArrival=0 tickGapMax=2 renderFrames=58 interpolation=58 extrapolation=0 extrapolationCapped=0 extrapolationMaxMs=0.0 oldestHeld=0 zeroSpan=0 movingFrozen=0 teleport=0 visualStepAvgCm=0.00 visualStepMaxCm=0.00
[rubber-banding][remote-render] time=356.671 frame=20944 entity=1 latestHostTick=16282 buffer=8 windowMs=1000.1 fps=57.0 snapshots=30 arrivalSamples=30 arrivalAvgMs=33.3 arrivalP95Ms=50.3 arrivalMaxMs=58.3 sameArrival=0 tickGapMax=2 renderFrames=57 interpolation=57 extrapolation=0 extrapolationCapped=0 extrapolationMaxMs=0.0 oldestHeld=0 zeroSpan=0 movingFrozen=0 teleport=0 visualStepAvgCm=0.00 visualStepMaxCm=0.00
[rubber-banding][remote-render] time=356.671 frame=20944 entity=2 latestHostTick=16282 buffer=8 windowMs=1000.1 fps=57.0 snapshots=30 arrivalSamples=30 arrivalAvgMs=33.3 arrivalP95Ms=50.3 arrivalMaxMs=58.3 sameArrival=0 tickGapMax=2 renderFrames=57 interpolation=57 extrapolation=0 extrapolationCapped=0 extrapolationMaxMs=0.0 oldestHeld=0 zeroSpan=0 movingFrozen=0 teleport=0 visualStepAvgCm=0.00 visualStepMaxCm=0.00
[rubber-banding][remote-render] time=356.671 frame=20944 entity=3 latestHostTick=16282 buffer=8 windowMs=1000.1 fps=57.0 snapshots=30 arrivalSamples=30 arrivalAvgMs=33.3 arrivalP95Ms=50.3 arrivalMaxMs=58.3 sameArrival=0 tickGapMax=2 renderFrames=57 interpolation=57 extrapolation=0 extrapolationCapped=0 extrapolationMaxMs=0.0 oldestHeld=0 zeroSpan=0 movingFrozen=0 teleport=0 visualStepAvgCm=0.00 visualStepMaxCm=0.00
[rubber-banding][remote-render] time=357.688 frame=21002 entity=1 latestHostTick=16344 buffer=8 windowMs=1017.5 fps=57.0 snapshots=31 arrivalSamples=31 arrivalAvgMs=33.4 arrivalP95Ms=50.3 arrivalMaxMs=58.3 sameArrival=1 tickGapMax=2 renderFrames=58 interpolation=58 extrapolation=0 extrapolationCapped=0 extrapolationMaxMs=0.0 oldestHeld=0 zeroSpan=2 movingFrozen=0 teleport=0 visualStepAvgCm=0.00 visualStepMaxCm=0.00
[rubber-banding][remote-render] time=357.688 frame=21002 entity=2 latestHostTick=16344 buffer=8 windowMs=1017.5 fps=57.0 snapshots=31 arrivalSamples=31 arrivalAvgMs=33.4 arrivalP95Ms=50.3 arrivalMaxMs=58.3 sameArrival=1 tickGapMax=2 renderFrames=58 interpolation=58 extrapolation=0 extrapolationCapped=0 extrapolationMaxMs=0.0 oldestHeld=0 zeroSpan=2 movingFrozen=0 teleport=0 visualStepAvgCm=0.00 visualStepMaxCm=0.00
[rubber-banding][remote-render] time=357.688 frame=21002 entity=3 latestHostTick=16344 buffer=8 windowMs=1017.5 fps=57.0 snapshots=31 arrivalSamples=31 arrivalAvgMs=33.4 arrivalP95Ms=50.3 arrivalMaxMs=58.3 sameArrival=1 tickGapMax=2 renderFrames=58 interpolation=58 extrapolation=0 extrapolationCapped=0 extrapolationMaxMs=0.0 oldestHeld=0 zeroSpan=2 movingFrozen=0 teleport=0 visualStepAvgCm=0.00 visualStepMaxCm=0.00
[rubber-banding][remote-render] time=358.697 frame=21060 entity=1 latestHostTick=16404 buffer=8 windowMs=1009.1 fps=57.5 snapshots=30 arrivalSamples=30 arrivalAvgMs=33.0 arrivalP95Ms=58.4 arrivalMaxMs=58.4 sameArrival=1 tickGapMax=2 renderFrames=58 interpolation=58 extrapolation=0 extrapolationCapped=0 extrapolationMaxMs=0.0 oldestHeld=0 zeroSpan=0 movingFrozen=0 teleport=0 visualStepAvgCm=0.00 visualStepMaxCm=0.00
[rubber-banding][remote-render] time=358.697 frame=21060 entity=2 latestHostTick=16404 buffer=8 windowMs=1009.1 fps=57.5 snapshots=30 arrivalSamples=30 arrivalAvgMs=33.0 arrivalP95Ms=58.4 arrivalMaxMs=58.4 sameArrival=1 tickGapMax=2 renderFrames=58 interpolation=58 extrapolation=0 extrapolationCapped=0 extrapolationMaxMs=0.0 oldestHeld=0 zeroSpan=0 movingFrozen=0 teleport=0 visualStepAvgCm=0.00 visualStepMaxCm=0.00
[rubber-banding][remote-render] time=358.697 frame=21060 entity=3 latestHostTick=16404 buffer=8 windowMs=1009.1 fps=57.5 snapshots=30 arrivalSamples=30 arrivalAvgMs=33.0 arrivalP95Ms=58.4 arrivalMaxMs=58.4 sameArrival=1 tickGapMax=2 renderFrames=58 interpolation=58 extrapolation=0 extrapolationCapped=0 extrapolationMaxMs=0.0 oldestHeld=0 zeroSpan=0 movingFrozen=0 teleport=0 visualStepAvgCm=0.00 visualStepMaxCm=0.00
[rubber-banding][remote-render] time=359.712 frame=21119 entity=1 latestHostTick=16464 buffer=8 windowMs=1015.0 fps=58.1 snapshots=30 arrivalSamples=30 arrivalAvgMs=33.9 arrivalP95Ms=50.0 arrivalMaxMs=50.0 sameArrival=0 tickGapMax=2 renderFrames=59 interpolation=59 extrapolation=0 extrapolationCapped=0 extrapolationMaxMs=0.0 oldestHeld=0 zeroSpan=2 movingFrozen=0 teleport=0 visualStepAvgCm=0.00 visualStepMaxCm=0.00
[rubber-banding][remote-render] time=359.712 frame=21119 entity=2 latestHostTick=16464 buffer=8 windowMs=1015.0 fps=58.1 snapshots=30 arrivalSamples=30 arrivalAvgMs=33.9 arrivalP95Ms=50.0 arrivalMaxMs=50.0 sameArrival=0 tickGapMax=2 renderFrames=59 interpolation=59 extrapolation=0 extrapolationCapped=0 extrapolationMaxMs=0.0 oldestHeld=0 zeroSpan=2 movingFrozen=0 teleport=0 visualStepAvgCm=0.00 visualStepMaxCm=0.00
[rubber-banding][remote-render] time=359.712 frame=21119 entity=3 latestHostTick=16464 buffer=8 windowMs=1015.0 fps=58.1 snapshots=30 arrivalSamples=30 arrivalAvgMs=33.9 arrivalP95Ms=50.0 arrivalMaxMs=50.0 sameArrival=0 tickGapMax=2 renderFrames=59 interpolation=59 extrapolation=0 extrapolationCapped=0 extrapolationMaxMs=0.0 oldestHeld=0 zeroSpan=2 movingFrozen=0 teleport=0 visualStepAvgCm=0.00 visualStepMaxCm=0.00
[rubber-banding][remote-render] time=360.721 frame=21177 entity=1 latestHostTick=16526 buffer=8 windowMs=1008.5 fps=57.5 snapshots=31 arrivalSamples=31 arrivalAvgMs=33.1 arrivalP95Ms=50.6 arrivalMaxMs=51.0 sameArrival=1 tickGapMax=2 renderFrames=58 interpolation=58 extrapolation=0 extrapolationCapped=0 extrapolationMaxMs=0.0 oldestHeld=0 zeroSpan=2 movingFrozen=0 teleport=0 visualStepAvgCm=0.00 visualStepMaxCm=0.00
[rubber-banding][remote-render] time=360.721 frame=21177 entity=2 latestHostTick=16526 buffer=8 windowMs=1008.5 fps=57.5 snapshots=31 arrivalSamples=31 arrivalAvgMs=33.1 arrivalP95Ms=50.6 arrivalMaxMs=51.0 sameArrival=1 tickGapMax=2 renderFrames=58 interpolation=58 extrapolation=0 extrapolationCapped=0 extrapolationMaxMs=0.0 oldestHeld=0 zeroSpan=2 movingFrozen=0 teleport=0 visualStepAvgCm=0.00 visualStepMaxCm=0.00
[rubber-banding][remote-render] time=360.721 frame=21177 entity=3 latestHostTick=16526 buffer=8 windowMs=1008.5 fps=57.5 snapshots=31 arrivalSamples=31 arrivalAvgMs=33.1 arrivalP95Ms=50.6 arrivalMaxMs=51.0 sameArrival=1 tickGapMax=2 renderFrames=58 interpolation=58 extrapolation=0 extrapolationCapped=0 extrapolationMaxMs=0.0 oldestHeld=0 zeroSpan=2 movingFrozen=0 teleport=0 visualStepAvgCm=0.00 visualStepMaxCm=0.00
[rubber-banding][remote-render] time=361.729 frame=21236 entity=1 latestHostTick=16586 buffer=8 windowMs=1008.2 fps=58.5 snapshots=30 arrivalSamples=30 arrivalAvgMs=33.6 arrivalP95Ms=51.3 arrivalMaxMs=58.4 sameArrival=0 tickGapMax=2 renderFrames=59 interpolation=59 extrapolation=0 extrapolationCapped=0 extrapolationMaxMs=0.0 oldestHeld=0 zeroSpan=0 movingFrozen=0 teleport=0 visualStepAvgCm=0.00 visualStepMaxCm=0.00
[rubber-banding][remote-render] time=361.729 frame=21236 entity=2 latestHostTick=16586 buffer=8 windowMs=1008.2 fps=58.5 snapshots=30 arrivalSamples=30 arrivalAvgMs=33.6 arrivalP95Ms=51.3 arrivalMaxMs=58.4 sameArrival=0 tickGapMax=2 renderFrames=59 interpolation=59 extrapolation=0 extrapolationCapped=0 extrapolationMaxMs=0.0 oldestHeld=0 zeroSpan=0 movingFrozen=0 teleport=0 visualStepAvgCm=0.00 visualStepMaxCm=0.00
[rubber-banding][remote-render] time=361.729 frame=21236 entity=3 latestHostTick=16586 buffer=8 windowMs=1008.2 fps=58.5 snapshots=30 arrivalSamples=30 arrivalAvgMs=33.6 arrivalP95Ms=51.3 arrivalMaxMs=58.4 sameArrival=0 tickGapMax=2 renderFrames=59 interpolation=59 extrapolation=0 extrapolationCapped=0 extrapolationMaxMs=0.0 oldestHeld=0 zeroSpan=0 movingFrozen=0 teleport=0 visualStepAvgCm=0.00 visualStepMaxCm=0.00
[rubber-banding][remote-render] time=362.746 frame=21295 entity=1 latestHostTick=16646 buffer=8 windowMs=1016.6 fps=58.0 snapshots=30 arrivalSamples=30 arrivalAvgMs=33.3 arrivalP95Ms=51.2 arrivalMaxMs=58.3 sameArrival=1 tickGapMax=2 renderFrames=59 interpolation=59 extrapolation=0 extrapolationCapped=0 extrapolationMaxMs=0.0 oldestHeld=0 zeroSpan=2 movingFrozen=0 teleport=0 visualStepAvgCm=0.00 visualStepMaxCm=0.00
[rubber-banding][remote-render] time=362.746 frame=21295 entity=2 latestHostTick=16646 buffer=8 windowMs=1016.6 fps=58.0 snapshots=30 arrivalSamples=30 arrivalAvgMs=33.3 arrivalP95Ms=51.2 arrivalMaxMs=58.3 sameArrival=1 tickGapMax=2 renderFrames=59 interpolation=59 extrapolation=0 extrapolationCapped=0 extrapolationMaxMs=0.0 oldestHeld=0 zeroSpan=2 movingFrozen=0 teleport=0 visualStepAvgCm=0.00 visualStepMaxCm=0.00
[rubber-banding][remote-render] time=362.746 frame=21295 entity=3 latestHostTick=16646 buffer=8 windowMs=1016.6 fps=58.0 snapshots=30 arrivalSamples=30 arrivalAvgMs=33.3 arrivalP95Ms=51.2 arrivalMaxMs=58.3 sameArrival=1 tickGapMax=2 renderFrames=59 interpolation=59 extrapolation=0 extrapolationCapped=0 extrapolationMaxMs=0.0 oldestHeld=0 zeroSpan=2 movingFrozen=0 teleport=0 visualStepAvgCm=0.00 visualStepMaxCm=0.00
[rubber-banding][remote-render] time=363.754 frame=21353 entity=1 latestHostTick=16708 buffer=8 windowMs=1008.3 fps=57.5 snapshots=31 arrivalSamples=31 arrivalAvgMs=33.1 arrivalP95Ms=49.9 arrivalMaxMs=50.8 sameArrival=0 tickGapMax=2 renderFrames=58 interpolation=58 extrapolation=0 extrapolationCapped=0 extrapolationMaxMs=0.0 oldestHeld=0 zeroSpan=0 movingFrozen=0 teleport=0 visualStepAvgCm=0.00 visualStepMaxCm=0.00
[rubber-banding][remote-render] time=363.754 frame=21353 entity=2 latestHostTick=16708 buffer=8 windowMs=1008.3 fps=57.5 snapshots=31 arrivalSamples=31 arrivalAvgMs=33.1 arrivalP95Ms=49.9 arrivalMaxMs=50.8 sameArrival=0 tickGapMax=2 renderFrames=58 interpolation=58 extrapolation=0 extrapolationCapped=0 extrapolationMaxMs=0.0 oldestHeld=0 zeroSpan=0 movingFrozen=0 teleport=0 visualStepAvgCm=0.00 visualStepMaxCm=0.00
[rubber-banding][remote-render] time=363.754 frame=21353 entity=3 latestHostTick=16708 buffer=8 windowMs=1008.3 fps=57.5 snapshots=31 arrivalSamples=31 arrivalAvgMs=33.1 arrivalP95Ms=49.9 arrivalMaxMs=50.8 sameArrival=0 tickGapMax=2 renderFrames=58 interpolation=58 extrapolation=0 extrapolationCapped=0 extrapolationMaxMs=0.0 oldestHeld=0 zeroSpan=0 movingFrozen=0 teleport=0 visualStepAvgCm=0.00 visualStepMaxCm=0.00
[rubber-banding][remote-render] time=364.754 frame=21411 entity=1 latestHostTick=16766 buffer=8 windowMs=1000.0 fps=58.0 snapshots=29 arrivalSamples=29 arrivalAvgMs=33.3 arrivalP95Ms=50.8 arrivalMaxMs=58.2 sameArrival=0 tickGapMax=2 renderFrames=58 interpolation=58 extrapolation=0 extrapolationCapped=0 extrapolationMaxMs=0.0 oldestHeld=0 zeroSpan=0 movingFrozen=0 teleport=0 visualStepAvgCm=0.00 visualStepMaxCm=0.00
[rubber-banding][remote-render] time=364.754 frame=21411 entity=2 latestHostTick=16766 buffer=8 windowMs=1000.0 fps=58.0 snapshots=29 arrivalSamples=29 arrivalAvgMs=33.3 arrivalP95Ms=50.8 arrivalMaxMs=58.2 sameArrival=0 tickGapMax=2 renderFrames=58 interpolation=58 extrapolation=0 extrapolationCapped=0 extrapolationMaxMs=0.0 oldestHeld=0 zeroSpan=0 movingFrozen=0 teleport=0 visualStepAvgCm=0.00 visualStepMaxCm=0.00
[rubber-banding][remote-render] time=364.754 frame=21411 entity=3 latestHostTick=16766 buffer=8 windowMs=1000.0 fps=58.0 snapshots=29 arrivalSamples=29 arrivalAvgMs=33.3 arrivalP95Ms=50.8 arrivalMaxMs=58.2 sameArrival=0 tickGapMax=2 renderFrames=58 interpolation=58 extrapolation=0 extrapolationCapped=0 extrapolationMaxMs=0.0 oldestHeld=0 zeroSpan=0 movingFrozen=0 teleport=0 visualStepAvgCm=0.00 visualStepMaxCm=0.00
[rubber-banding][remote-render] time=365.771 frame=21470 entity=1 latestHostTick=16828 buffer=8 windowMs=1016.6 fps=58.0 snapshots=31 arrivalSamples=31 arrivalAvgMs=33.9 arrivalP95Ms=58.2 arrivalMaxMs=58.2 sameArrival=0 tickGapMax=2 renderFrames=59 interpolation=59 extrapolation=0 extrapolationCapped=0 extrapolationMaxMs=0.0 oldestHeld=0 zeroSpan=0 movingFrozen=0 teleport=0 visualStepAvgCm=0.00 visualStepMaxCm=0.00
[rubber-banding][remote-render] time=365.771 frame=21470 entity=2 latestHostTick=16828 buffer=8 windowMs=1016.6 fps=58.0 snapshots=31 arrivalSamples=31 arrivalAvgMs=33.9 arrivalP95Ms=58.2 arrivalMaxMs=58.2 sameArrival=0 tickGapMax=2 renderFrames=59 interpolation=59 extrapolation=0 extrapolationCapped=0 extrapolationMaxMs=0.0 oldestHeld=0 zeroSpan=0 movingFrozen=0 teleport=0 visualStepAvgCm=0.00 visualStepMaxCm=0.00
[rubber-banding][remote-render] time=365.771 frame=21470 entity=3 latestHostTick=16828 buffer=8 windowMs=1016.6 fps=58.0 snapshots=31 arrivalSamples=31 arrivalAvgMs=33.9 arrivalP95Ms=58.2 arrivalMaxMs=58.2 sameArrival=0 tickGapMax=2 renderFrames=59 interpolation=59 extrapolation=0 extrapolationCapped=0 extrapolationMaxMs=0.0 oldestHeld=0 zeroSpan=0 movingFrozen=0 teleport=0 visualStepAvgCm=0.00 visualStepMaxCm=0.00
[rubber-banding][remote-render] time=366.779 frame=21529 entity=1 latestHostTick=16888 buffer=8 windowMs=1008.4 fps=58.5 snapshots=30 arrivalSamples=30 arrivalAvgMs=33.1 arrivalP95Ms=50.0 arrivalMaxMs=50.0 sameArrival=0 tickGapMax=2 renderFrames=59 interpolation=59 extrapolation=0 extrapolationCapped=0 extrapolationMaxMs=0.0 oldestHeld=0 zeroSpan=0 movingFrozen=0 teleport=0 visualStepAvgCm=0.00 visualStepMaxCm=0.00
[rubber-banding][remote-render] time=366.779 frame=21529 entity=2 latestHostTick=16888 buffer=8 windowMs=1008.4 fps=58.5 snapshots=30 arrivalSamples=30 arrivalAvgMs=33.1 arrivalP95Ms=50.0 arrivalMaxMs=50.0 sameArrival=0 tickGapMax=2 renderFrames=59 interpolation=59 extrapolation=0 extrapolationCapped=0 extrapolationMaxMs=0.0 oldestHeld=0 zeroSpan=0 movingFrozen=0 teleport=0 visualStepAvgCm=0.00 visualStepMaxCm=0.00
[rubber-banding][remote-render] time=366.779 frame=21529 entity=3 latestHostTick=16888 buffer=8 windowMs=1008.4 fps=58.5 snapshots=30 arrivalSamples=30 arrivalAvgMs=33.1 arrivalP95Ms=50.0 arrivalMaxMs=50.0 sameArrival=0 tickGapMax=2 renderFrames=59 interpolation=59 extrapolation=0 extrapolationCapped=0 extrapolationMaxMs=0.0 oldestHeld=0 zeroSpan=0 movingFrozen=0 teleport=0 visualStepAvgCm=0.00 visualStepMaxCm=0.00
[rubber-banding][remote-render] time=367.796 frame=21588 entity=1 latestHostTick=16950 buffer=8 windowMs=1016.6 fps=58.0 snapshots=31 arrivalSamples=31 arrivalAvgMs=33.3 arrivalP95Ms=51.6 arrivalMaxMs=58.2 sameArrival=0 tickGapMax=2 renderFrames=59 interpolation=59 extrapolation=0 extrapolationCapped=0 extrapolationMaxMs=0.0 oldestHeld=0 zeroSpan=0 movingFrozen=0 teleport=0 visualStepAvgCm=0.00 visualStepMaxCm=0.00
[rubber-banding][remote-render] time=367.796 frame=21588 entity=2 latestHostTick=16950 buffer=8 windowMs=1016.6 fps=58.0 snapshots=31 arrivalSamples=31 arrivalAvgMs=33.3 arrivalP95Ms=51.6 arrivalMaxMs=58.2 sameArrival=0 tickGapMax=2 renderFrames=59 interpolation=59 extrapolation=0 extrapolationCapped=0 extrapolationMaxMs=0.0 oldestHeld=0 zeroSpan=0 movingFrozen=0 teleport=0 visualStepAvgCm=0.00 visualStepMaxCm=0.00
[rubber-banding][remote-render] time=367.796 frame=21588 entity=3 latestHostTick=16950 buffer=8 windowMs=1016.6 fps=58.0 snapshots=31 arrivalSamples=31 arrivalAvgMs=33.3 arrivalP95Ms=51.6 arrivalMaxMs=58.2 sameArrival=0 tickGapMax=2 renderFrames=59 interpolation=59 extrapolation=0 extrapolationCapped=0 extrapolationMaxMs=0.0 oldestHeld=0 zeroSpan=0 movingFrozen=0 teleport=0 visualStepAvgCm=0.00 visualStepMaxCm=0.00
[rubber-banding][remote-render] time=368.796 frame=21646 entity=1 latestHostTick=17010 buffer=8 windowMs=1000.1 fps=58.0 snapshots=30 arrivalSamples=30 arrivalAvgMs=33.3 arrivalP95Ms=51.0 arrivalMaxMs=51.9 sameArrival=0 tickGapMax=2 renderFrames=58 interpolation=58 extrapolation=0 extrapolationCapped=0 extrapolationMaxMs=0.0 oldestHeld=0 zeroSpan=0 movingFrozen=0 teleport=0 visualStepAvgCm=0.00 visualStepMaxCm=0.00
[rubber-banding][remote-render] time=368.796 frame=21646 entity=2 latestHostTick=17010 buffer=8 windowMs=1000.1 fps=58.0 snapshots=30 arrivalSamples=30 arrivalAvgMs=33.3 arrivalP95Ms=51.0 arrivalMaxMs=51.9 sameArrival=0 tickGapMax=2 renderFrames=58 interpolation=58 extrapolation=0 extrapolationCapped=0 extrapolationMaxMs=0.0 oldestHeld=0 zeroSpan=0 movingFrozen=0 teleport=0 visualStepAvgCm=0.00 visualStepMaxCm=0.00
[rubber-banding][remote-render] time=368.796 frame=21646 entity=3 latestHostTick=17010 buffer=8 windowMs=1000.1 fps=58.0 snapshots=30 arrivalSamples=30 arrivalAvgMs=33.3 arrivalP95Ms=51.0 arrivalMaxMs=51.9 sameArrival=0 tickGapMax=2 renderFrames=58 interpolation=58 extrapolation=0 extrapolationCapped=0 extrapolationMaxMs=0.0 oldestHeld=0 zeroSpan=0 movingFrozen=0 teleport=0 visualStepAvgCm=0.00 visualStepMaxCm=0.00
[rubber-banding][remote-render] time=369.812 frame=21704 entity=1 latestHostTick=17072 buffer=8 windowMs=1016.5 fps=57.1 snapshots=31 arrivalSamples=31 arrivalAvgMs=32.8 arrivalP95Ms=58.3 arrivalMaxMs=58.3 sameArrival=1 tickGapMax=2 renderFrames=58 interpolation=58 extrapolation=0 extrapolationCapped=0 extrapolationMaxMs=0.0 oldestHeld=0 zeroSpan=2 movingFrozen=0 teleport=0 visualStepAvgCm=0.00 visualStepMaxCm=0.00
[rubber-banding][remote-render] time=369.812 frame=21704 entity=2 latestHostTick=17072 buffer=8 windowMs=1016.5 fps=57.1 snapshots=31 arrivalSamples=31 arrivalAvgMs=32.8 arrivalP95Ms=58.3 arrivalMaxMs=58.3 sameArrival=1 tickGapMax=2 renderFrames=58 interpolation=58 extrapolation=0 extrapolationCapped=0 extrapolationMaxMs=0.0 oldestHeld=0 zeroSpan=2 movingFrozen=0 teleport=0 visualStepAvgCm=0.00 visualStepMaxCm=0.00
[rubber-banding][remote-render] time=369.812 frame=21704 entity=3 latestHostTick=17072 buffer=8 windowMs=1016.5 fps=57.1 snapshots=31 arrivalSamples=31 arrivalAvgMs=32.8 arrivalP95Ms=58.3 arrivalMaxMs=58.3 sameArrival=1 tickGapMax=2 renderFrames=58 interpolation=58 extrapolation=0 extrapolationCapped=0 extrapolationMaxMs=0.0 oldestHeld=0 zeroSpan=2 movingFrozen=0 teleport=0 visualStepAvgCm=0.00 visualStepMaxCm=0.00
[rubber-banding][remote-render] time=370.822 frame=21762 entity=1 latestHostTick=17132 buffer=8 windowMs=1010.1 fps=57.4 snapshots=30 arrivalSamples=30 arrivalAvgMs=33.7 arrivalP95Ms=50.0 arrivalMaxMs=50.0 sameArrival=0 tickGapMax=2 renderFrames=58 interpolation=58 extrapolation=0 extrapolationCapped=0 extrapolationMaxMs=0.0 oldestHeld=0 zeroSpan=0 movingFrozen=0 teleport=0 visualStepAvgCm=0.00 visualStepMaxCm=0.00
[rubber-banding][remote-render] time=370.822 frame=21762 entity=2 latestHostTick=17132 buffer=8 windowMs=1010.1 fps=57.4 snapshots=30 arrivalSamples=30 arrivalAvgMs=33.7 arrivalP95Ms=50.0 arrivalMaxMs=50.0 sameArrival=0 tickGapMax=2 renderFrames=58 interpolation=58 extrapolation=0 extrapolationCapped=0 extrapolationMaxMs=0.0 oldestHeld=0 zeroSpan=0 movingFrozen=0 teleport=0 visualStepAvgCm=0.00 visualStepMaxCm=0.00
[rubber-banding][remote-render] time=370.822 frame=21762 entity=3 latestHostTick=17132 buffer=8 windowMs=1010.1 fps=57.4 snapshots=30 arrivalSamples=30 arrivalAvgMs=33.7 arrivalP95Ms=50.0 arrivalMaxMs=50.0 sameArrival=0 tickGapMax=2 renderFrames=58 interpolation=58 extrapolation=0 extrapolationCapped=0 extrapolationMaxMs=0.0 oldestHeld=0 zeroSpan=0 movingFrozen=0 teleport=0 visualStepAvgCm=0.00 visualStepMaxCm=0.00
[rubber-banding][remote-render] time=371.837 frame=21822 entity=1 latestHostTick=17192 buffer=8 windowMs=1015.0 fps=59.1 snapshots=30 arrivalSamples=30 arrivalAvgMs=33.8 arrivalP95Ms=50.0 arrivalMaxMs=50.0 sameArrival=0 tickGapMax=2 renderFrames=60 interpolation=60 extrapolation=0 extrapolationCapped=0 extrapolationMaxMs=0.0 oldestHeld=0 zeroSpan=0 movingFrozen=0 teleport=0 visualStepAvgCm=0.00 visualStepMaxCm=0.00
[rubber-banding][remote-render] time=371.837 frame=21822 entity=2 latestHostTick=17192 buffer=8 windowMs=1015.0 fps=59.1 snapshots=30 arrivalSamples=30 arrivalAvgMs=33.8 arrivalP95Ms=50.0 arrivalMaxMs=50.0 sameArrival=0 tickGapMax=2 renderFrames=60 interpolation=60 extrapolation=0 extrapolationCapped=0 extrapolationMaxMs=0.0 oldestHeld=0 zeroSpan=0 movingFrozen=0 teleport=0 visualStepAvgCm=0.00 visualStepMaxCm=0.00
[rubber-banding][remote-render] time=371.837 frame=21822 entity=3 latestHostTick=17192 buffer=8 windowMs=1015.0 fps=59.1 snapshots=30 arrivalSamples=30 arrivalAvgMs=33.8 arrivalP95Ms=50.0 arrivalMaxMs=50.0 sameArrival=0 tickGapMax=2 renderFrames=60 interpolation=60 extrapolation=0 extrapolationCapped=0 extrapolationMaxMs=0.0 oldestHeld=0 zeroSpan=0 movingFrozen=0 teleport=0 visualStepAvgCm=0.00 visualStepMaxCm=0.00
[rubber-banding][remote-render] time=372.847 frame=21880 entity=1 latestHostTick=17252 buffer=8 windowMs=1009.8 fps=57.4 snapshots=30 arrivalSamples=30 arrivalAvgMs=33.1 arrivalP95Ms=50.1 arrivalMaxMs=51.5 sameArrival=0 tickGapMax=2 renderFrames=58 interpolation=58 extrapolation=0 extrapolationCapped=0 extrapolationMaxMs=0.0 oldestHeld=0 zeroSpan=0 movingFrozen=0 teleport=0 visualStepAvgCm=0.00 visualStepMaxCm=0.00
[rubber-banding][remote-render] time=372.847 frame=21880 entity=2 latestHostTick=17252 buffer=8 windowMs=1009.8 fps=57.4 snapshots=30 arrivalSamples=30 arrivalAvgMs=33.1 arrivalP95Ms=50.1 arrivalMaxMs=51.5 sameArrival=0 tickGapMax=2 renderFrames=58 interpolation=58 extrapolation=0 extrapolationCapped=0 extrapolationMaxMs=0.0 oldestHeld=0 zeroSpan=0 movingFrozen=0 teleport=0 visualStepAvgCm=0.00 visualStepMaxCm=0.00
[rubber-banding][remote-render] time=372.847 frame=21880 entity=3 latestHostTick=17252 buffer=8 windowMs=1009.8 fps=57.4 snapshots=30 arrivalSamples=30 arrivalAvgMs=33.1 arrivalP95Ms=50.1 arrivalMaxMs=51.5 sameArrival=0 tickGapMax=2 renderFrames=58 interpolation=58 extrapolation=0 extrapolationCapped=0 extrapolationMaxMs=0.0 oldestHeld=0 zeroSpan=0 movingFrozen=0 teleport=0 visualStepAvgCm=0.00 visualStepMaxCm=0.00
[rubber-banding][remote-render] time=373.854 frame=21939 entity=1 latestHostTick=17312 buffer=8 windowMs=1006.7 fps=58.6 snapshots=30 arrivalSamples=30 arrivalAvgMs=33.6 arrivalP95Ms=50.0 arrivalMaxMs=50.0 sameArrival=1 tickGapMax=2 renderFrames=59 interpolation=59 extrapolation=0 extrapolationCapped=0 extrapolationMaxMs=0.0 oldestHeld=0 zeroSpan=2 movingFrozen=0 teleport=0 visualStepAvgCm=0.00 visualStepMaxCm=0.00
[rubber-banding][remote-render] time=373.854 frame=21939 entity=2 latestHostTick=17312 buffer=8 windowMs=1006.7 fps=58.6 snapshots=30 arrivalSamples=30 arrivalAvgMs=33.6 arrivalP95Ms=50.0 arrivalMaxMs=50.0 sameArrival=1 tickGapMax=2 renderFrames=59 interpolation=59 extrapolation=0 extrapolationCapped=0 extrapolationMaxMs=0.0 oldestHeld=0 zeroSpan=2 movingFrozen=0 teleport=0 visualStepAvgCm=0.00 visualStepMaxCm=0.00
[rubber-banding][remote-render] time=373.854 frame=21939 entity=3 latestHostTick=17312 buffer=8 windowMs=1006.7 fps=58.6 snapshots=30 arrivalSamples=30 arrivalAvgMs=33.6 arrivalP95Ms=50.0 arrivalMaxMs=50.0 sameArrival=1 tickGapMax=2 renderFrames=59 interpolation=59 extrapolation=0 extrapolationCapped=0 extrapolationMaxMs=0.0 oldestHeld=0 zeroSpan=2 movingFrozen=0 teleport=0 visualStepAvgCm=0.00 visualStepMaxCm=0.00
[rubber-banding][remote-render] time=374.854 frame=21997 entity=1 latestHostTick=17374 buffer=8 windowMs=1000.0 fps=58.0 snapshots=31 arrivalSamples=31 arrivalAvgMs=32.8 arrivalP95Ms=50.0 arrivalMaxMs=50.1 sameArrival=0 tickGapMax=2 renderFrames=58 interpolation=58 extrapolation=0 extrapolationCapped=0 extrapolationMaxMs=0.0 oldestHeld=0 zeroSpan=0 movingFrozen=0 teleport=0 visualStepAvgCm=0.00 visualStepMaxCm=0.00
[rubber-banding][remote-render] time=374.854 frame=21997 entity=2 latestHostTick=17374 buffer=8 windowMs=1000.0 fps=58.0 snapshots=31 arrivalSamples=31 arrivalAvgMs=32.8 arrivalP95Ms=50.0 arrivalMaxMs=50.1 sameArrival=0 tickGapMax=2 renderFrames=58 interpolation=58 extrapolation=0 extrapolationCapped=0 extrapolationMaxMs=0.0 oldestHeld=0 zeroSpan=0 movingFrozen=0 teleport=0 visualStepAvgCm=0.00 visualStepMaxCm=0.00
[rubber-banding][remote-render] time=374.854 frame=21997 entity=3 latestHostTick=17374 buffer=8 windowMs=1000.0 fps=58.0 snapshots=31 arrivalSamples=31 arrivalAvgMs=32.8 arrivalP95Ms=50.0 arrivalMaxMs=50.1 sameArrival=0 tickGapMax=2 renderFrames=58 interpolation=58 extrapolation=0 extrapolationCapped=0 extrapolationMaxMs=0.0 oldestHeld=0 zeroSpan=0 movingFrozen=0 teleport=0 visualStepAvgCm=0.00 visualStepMaxCm=0.00
[rubber-banding][remote-render] time=375.886 frame=22050 entity=1 latestHostTick=17434 buffer=8 windowMs=1032.5 fps=51.3 snapshots=30 arrivalSamples=30 arrivalAvgMs=33.3 arrivalP95Ms=50.0 arrivalMaxMs=66.9 sameArrival=1 tickGapMax=2 renderFrames=53 interpolation=53 extrapolation=0 extrapolationCapped=0 extrapolationMaxMs=0.0 oldestHeld=0 zeroSpan=2 movingFrozen=0 teleport=0 visualStepAvgCm=0.00 visualStepMaxCm=0.00
[rubber-banding][remote-render] time=375.886 frame=22050 entity=2 latestHostTick=17434 buffer=8 windowMs=1032.5 fps=51.3 snapshots=30 arrivalSamples=30 arrivalAvgMs=33.3 arrivalP95Ms=50.0 arrivalMaxMs=66.9 sameArrival=1 tickGapMax=2 renderFrames=53 interpolation=53 extrapolation=0 extrapolationCapped=0 extrapolationMaxMs=0.0 oldestHeld=0 zeroSpan=2 movingFrozen=0 teleport=0 visualStepAvgCm=0.00 visualStepMaxCm=0.00
[rubber-banding][remote-render] time=375.886 frame=22050 entity=3 latestHostTick=17434 buffer=8 windowMs=1032.5 fps=51.3 snapshots=30 arrivalSamples=30 arrivalAvgMs=33.3 arrivalP95Ms=50.0 arrivalMaxMs=66.9 sameArrival=1 tickGapMax=2 renderFrames=53 interpolation=53 extrapolation=0 extrapolationCapped=0 extrapolationMaxMs=0.0 oldestHeld=0 zeroSpan=2 movingFrozen=0 teleport=0 visualStepAvgCm=0.00 visualStepMaxCm=0.00
[rubber-banding][remote-render] time=376.889 frame=22107 entity=1 latestHostTick=17496 buffer=8 windowMs=1002.1 fps=56.9 snapshots=31 arrivalSamples=31 arrivalAvgMs=33.4 arrivalP95Ms=59.7 arrivalMaxMs=61.9 sameArrival=1 tickGapMax=2 renderFrames=57 interpolation=57 extrapolation=0 extrapolationCapped=0 extrapolationMaxMs=0.0 oldestHeld=0 zeroSpan=2 movingFrozen=0 teleport=0 visualStepAvgCm=0.00 visualStepMaxCm=0.00
[rubber-banding][remote-render] time=376.889 frame=22107 entity=2 latestHostTick=17496 buffer=8 windowMs=1002.1 fps=56.9 snapshots=31 arrivalSamples=31 arrivalAvgMs=33.4 arrivalP95Ms=59.7 arrivalMaxMs=61.9 sameArrival=1 tickGapMax=2 renderFrames=57 interpolation=57 extrapolation=0 extrapolationCapped=0 extrapolationMaxMs=0.0 oldestHeld=0 zeroSpan=2 movingFrozen=0 teleport=0 visualStepAvgCm=0.00 visualStepMaxCm=0.00
[rubber-banding][remote-render] time=376.889 frame=22107 entity=3 latestHostTick=17496 buffer=8 windowMs=1002.1 fps=56.9 snapshots=31 arrivalSamples=31 arrivalAvgMs=33.4 arrivalP95Ms=59.7 arrivalMaxMs=61.9 sameArrival=1 tickGapMax=2 renderFrames=57 interpolation=57 extrapolation=0 extrapolationCapped=0 extrapolationMaxMs=0.0 oldestHeld=0 zeroSpan=2 movingFrozen=0 teleport=0 visualStepAvgCm=0.00 visualStepMaxCm=0.00
[rubber-banding][remote-render] time=377.903 frame=22180 entity=1 latestHostTick=17556 buffer=8 windowMs=1014.4 fps=72.0 snapshots=29 arrivalSamples=29 arrivalAvgMs=35.0 arrivalP95Ms=42.1 arrivalMaxMs=68.9 sameArrival=0 tickGapMax=4 renderFrames=73 interpolation=73 extrapolation=0 extrapolationCapped=0 extrapolationMaxMs=0.0 oldestHeld=0 zeroSpan=0 movingFrozen=0 teleport=0 visualStepAvgCm=0.00 visualStepMaxCm=0.00
[rubber-banding][remote-render] time=377.903 frame=22180 entity=3 latestHostTick=17556 buffer=8 windowMs=1014.4 fps=72.0 snapshots=29 arrivalSamples=29 arrivalAvgMs=35.0 arrivalP95Ms=42.1 arrivalMaxMs=68.9 sameArrival=0 tickGapMax=4 renderFrames=73 interpolation=73 extrapolation=0 extrapolationCapped=0 extrapolationMaxMs=0.0 oldestHeld=0 zeroSpan=0 movingFrozen=0 teleport=0 visualStepAvgCm=0.00 visualStepMaxCm=0.00
InvalidOperationException: GameInstance에 UIRoot가 연결되지 않았습니다.
  at GameInstance.InitializeServices () [0x0000e] in <0363dfd4c09145b7831ba74be9dd35c5>:0 
  at GameInstance.InitializeInstance () [0x00027] in <0363dfd4c09145b7831ba74be9dd35c5>:0 
  at GameInstance.Awake () [0x0002c] in <0363dfd4c09145b7831ba74be9dd35c5>:0 
UnityEngine.GameObject:Internal_AddComponentWithType_Injected(IntPtr, Type)
UnityEngine.GameObject:Internal_AddComponentWithType(Type)
UnityEngine.GameObject:AddComponent(Type)
UnityEngine.GameObject:AddComponent()
GameInstance:Initialize()
GameInstance:get_Instance()
InGameEntryPoint:ResolveHostEntityTransform(UInt32)
HostAuthorityWeaponSpawnBinder:RefreshRemoteEquipmentMode(UInt32)
HostAuthorityWeaponSpawnBinder:ForgetGrantedWeapon(UInt32, Boolean)
NightItemEquipmentBinder:DestroyEntries()
NightItemEquipmentBinder:DisposeBindings()
InGameEntryPoint:OnDestroy()

[Physics::Module] Cleanup current backend.
[Physics::Module] Id: 0xf2b8ea05
Input System module state changed to: ShutdownInProgress.
Input System polling thread exited.
Input System module state changed to: Shutdown.
Internal: There are remaining Allocations on the JobTempAlloc. This is a leak, and will impact performance
To Debug, run app with -diag-job-temp-memory-leak-validation cmd line argument. This will output the callstacks of the leaked allocations.
