Mono path[0] = 'C:/ssafy/S15P21D204/Client/Build/SSketch_Data/Managed'
Mono config path = 'C:/ssafy/S15P21D204/Client/Build/MonoBleedingEdge/etc'
Input System module state changed to: Initialized.
[Physics::Module] Initialized fallback backend.
[Physics::Module] Id: 0xdecafbad
Initialize engine version: 6000.3.22f1 (1c726e1fb402)
[Subsystems] Discovering subsystems at path C:/ssafy/S15P21D204/Client/Build/SSketch_Data/UnitySubsystems
[D3D12 Device Filter] Vendor Name: NVIDIA
[D3D12 Device Filter] Device Name: NVIDIA GeForce RTX 4050 Laptop GPU
[D3D12 Device Filter] Driver Version: 32.0.15.7657
[D3D12 Device Filter] Feature Level: 12.2
[D3D12 Device Filter] Graphics Memory: 5924 MB
[D3D12 Device Filter] Processor Count: 22
[D3D12 Device Filter] Device Type: Discrete
GfxDevice: creating device client; kGfxThreadingModeSplitJobs
d3d12: failed to query info queue interface (0x80004002).
Direct3D:
    Version:         Direct3D 12 [level 12.2]
    Renderer:        NVIDIA GeForce RTX 4050 Laptop GPU (ID=0x28a1)
    Vendor:          NVIDIA
    VRAM:            5924 MB
    App VRAM Budget: 5156 MB
    Driver:          32.0.15.7657
Begin MonoManager ReloadAssembly
- Loaded All Assemblies, in  0.185 seconds
- Finished resetting the current domain, in  0.003 seconds
[Physics::Module] Selected backend.
[Physics::Module] Name: PhysX
[Physics::Module] Id: 0xf2b8ea05
[Physics::Module] SDK Version: 4.1.2
[Physics::Module] Integration Version: 1.0.0
[Physics::Module] Threading Mode: Multi-Threaded
<RI> Initializing input.
Using Windows.Gaming.Input
UnloadTime: 0.477400 ms
Unloading 6 Unused Serialized files (Serialized files now loaded: 0)
UnloadTime: 7.475300 ms
Unloading 361 unused Assets to reduce memory usage. Loaded Objects now: 12361.
Total: 3.591100 ms (FindLiveObjects: 0.503300 ms CreateObjectMapping: 0.289800 ms MarkObjects: 2.642100 ms  DeleteObjects: 0.155500 ms)

Unloading 4 Unused Serialized files (Serialized files now loaded: 0)
UnloadTime: 0.797700 ms
Unloading 125 unused Assets to reduce memory usage. Loaded Objects now: 47755.
Total: 20.335100 ms (FindLiveObjects: 2.284600 ms CreateObjectMapping: 3.447900 ms MarkObjects: 14.297400 ms  DeleteObjects: 0.304800 ms)

[rubber-banding][remote-render] time=21.325 frame=1938 entity=1 latestHostTick=80 buffer=8 windowMs=1008.3 fps=83.3 snapshots=30 arrivalSamples=29 arrivalAvgMs=34.8 arrivalP95Ms=33.3 arrivalMaxMs=316.7 sameArrival=7 tickGapMax=2 renderFrames=84 interpolation=84 extrapolation=0 extrapolationCapped=0 extrapolationMaxMs=0.0 oldestHeld=1 zeroSpan=5 movingFrozen=0 teleport=0 visualStepAvgCm=0.00 visualStepMaxCm=0.00
[rubber-banding][remote-render] time=22.325 frame=2058 entity=1 latestHostTick=140 buffer=8 windowMs=1000.0 fps=120.0 snapshots=30 arrivalSamples=30 arrivalAvgMs=33.3 arrivalP95Ms=33.3 arrivalMaxMs=33.3 sameArrival=0 tickGapMax=2 renderFrames=120 interpolation=120 extrapolation=0 extrapolationCapped=0 extrapolationMaxMs=0.0 oldestHeld=0 zeroSpan=0 movingFrozen=0 teleport=0 visualStepAvgCm=0.00 visualStepMaxCm=0.00
[rubber-banding][remote-render] time=23.333 frame=2176 entity=1 latestHostTick=200 buffer=8 windowMs=1008.3 fps=117.0 snapshots=30 arrivalSamples=30 arrivalAvgMs=33.6 arrivalP95Ms=41.7 arrivalMaxMs=41.7 sameArrival=0 tickGapMax=2 renderFrames=118 interpolation=118 extrapolation=0 extrapolationCapped=0 extrapolationMaxMs=0.0 oldestHeld=0 zeroSpan=0 movingFrozen=0 teleport=0 visualStepAvgCm=0.00 visualStepMaxCm=0.00
[rubber-banding][remote-render] time=24.342 frame=2297 entity=1 latestHostTick=260 buffer=8 windowMs=1008.3 fps=120.0 snapshots=30 arrivalSamples=30 arrivalAvgMs=33.3 arrivalP95Ms=41.7 arrivalMaxMs=41.7 sameArrival=0 tickGapMax=2 renderFrames=121 interpolation=121 extrapolation=0 extrapolationCapped=0 extrapolationMaxMs=0.0 oldestHeld=0 zeroSpan=0 movingFrozen=0 teleport=0 visualStepAvgCm=0.00 visualStepMaxCm=0.00
[rubber-banding][remote-render] time=25.350 frame=2413 entity=1 latestHostTick=320 buffer=8 windowMs=1008.3 fps=115.0 snapshots=30 arrivalSamples=30 arrivalAvgMs=33.3 arrivalP95Ms=41.7 arrivalMaxMs=41.7 sameArrival=0 tickGapMax=2 renderFrames=116 interpolation=116 extrapolation=0 extrapolationCapped=0 extrapolationMaxMs=0.0 oldestHeld=0 zeroSpan=0 movingFrozen=0 teleport=0 visualStepAvgCm=0.00 visualStepMaxCm=0.00
[rubber-banding][remote-render] time=26.358 frame=2533 entity=1 latestHostTick=380 buffer=8 windowMs=1007.8 fps=119.1 snapshots=30 arrivalSamples=30 arrivalAvgMs=33.3 arrivalP95Ms=33.3 arrivalMaxMs=41.7 sameArrival=0 tickGapMax=2 renderFrames=120 interpolation=120 extrapolation=0 extrapolationCapped=0 extrapolationMaxMs=0.0 oldestHeld=0 zeroSpan=0 movingFrozen=0 teleport=0 visualStepAvgCm=0.37 visualStepMaxCm=2.69
[rubber-banding][remote-render] time=27.365 frame=2654 entity=1 latestHostTick=442 buffer=8 windowMs=1007.3 fps=120.1 snapshots=31 arrivalSamples=31 arrivalAvgMs=33.3 arrivalP95Ms=33.3 arrivalMaxMs=33.3 sameArrival=0 tickGapMax=2 renderFrames=121 interpolation=121 extrapolation=0 extrapolationCapped=0 extrapolationMaxMs=0.0 oldestHeld=0 zeroSpan=0 movingFrozen=0 teleport=0 visualStepAvgCm=1.91 visualStepMaxCm=5.96
[rubber-banding][remote-render] time=28.366 frame=2774 entity=1 latestHostTick=502 buffer=8 windowMs=1000.7 fps=119.9 snapshots=30 arrivalSamples=30 arrivalAvgMs=33.1 arrivalP95Ms=33.3 arrivalMaxMs=33.3 sameArrival=0 tickGapMax=2 renderFrames=120 interpolation=120 extrapolation=0 extrapolationCapped=0 extrapolationMaxMs=0.0 oldestHeld=0 zeroSpan=0 movingFrozen=0 teleport=0 visualStepAvgCm=5.00 visualStepMaxCm=7.25
[rubber-banding][remote-render] time=30.241 frame=2997 entity=1 latestHostTick=614 buffer=8 windowMs=1000.5 fps=119.9 snapshots=38 arrivalSamples=37 arrivalAvgMs=33.1 arrivalP95Ms=33.7 arrivalMaxMs=41.7 sameArrival=0 tickGapMax=2 renderFrames=120 interpolation=120 extrapolation=0 extrapolationCapped=0 extrapolationMaxMs=0.0 oldestHeld=0 zeroSpan=0 movingFrozen=0 teleport=0 visualStepAvgCm=0.90 visualStepMaxCm=3.35
[rubber-banding][remote-render] time=31.242 frame=3113 entity=1 latestHostTick=674 buffer=8 windowMs=1001.2 fps=115.9 snapshots=30 arrivalSamples=30 arrivalAvgMs=33.4 arrivalP95Ms=33.5 arrivalMaxMs=50.0 sameArrival=0 tickGapMax=2 renderFrames=116 interpolation=116 extrapolation=0 extrapolationCapped=0 extrapolationMaxMs=0.0 oldestHeld=0 zeroSpan=0 movingFrozen=0 teleport=0 visualStepAvgCm=3.94 visualStepMaxCm=11.89
[rubber-banding][remote-render] time=32.243 frame=3233 entity=1 latestHostTick=734 buffer=8 windowMs=1000.7 fps=119.9 snapshots=30 arrivalSamples=30 arrivalAvgMs=33.4 arrivalP95Ms=33.4 arrivalMaxMs=33.4 sameArrival=0 tickGapMax=2 renderFrames=120 interpolation=120 extrapolation=0 extrapolationCapped=0 extrapolationMaxMs=0.0 oldestHeld=0 zeroSpan=0 movingFrozen=0 teleport=0 visualStepAvgCm=3.69 visualStepMaxCm=4.09
[rubber-banding][remote-render] time=33.251 frame=3352 entity=1 latestHostTick=794 buffer=8 windowMs=1007.9 fps=118.1 snapshots=30 arrivalSamples=30 arrivalAvgMs=33.3 arrivalP95Ms=33.3 arrivalMaxMs=33.3 sameArrival=0 tickGapMax=2 renderFrames=119 interpolation=119 extrapolation=0 extrapolationCapped=0 extrapolationMaxMs=0.0 oldestHeld=0 zeroSpan=0 movingFrozen=0 teleport=0 visualStepAvgCm=2.77 visualStepMaxCm=7.94
[rubber-banding][remote-render] time=34.251 frame=3472 entity=1 latestHostTick=854 buffer=8 windowMs=1000.0 fps=120.0 snapshots=30 arrivalSamples=30 arrivalAvgMs=33.3 arrivalP95Ms=33.3 arrivalMaxMs=33.3 sameArrival=0 tickGapMax=2 renderFrames=120 interpolation=120 extrapolation=0 extrapolationCapped=0 extrapolationMaxMs=0.0 oldestHeld=0 zeroSpan=0 movingFrozen=4 teleport=0 visualStepAvgCm=1.55 visualStepMaxCm=3.33
[rubber-banding][remote-render] time=35.258 frame=3591 entity=1 latestHostTick=914 buffer=8 windowMs=1007.9 fps=118.1 snapshots=30 arrivalSamples=30 arrivalAvgMs=33.6 arrivalP95Ms=33.3 arrivalMaxMs=41.7 sameArrival=0 tickGapMax=2 renderFrames=119 interpolation=119 extrapolation=0 extrapolationCapped=0 extrapolationMaxMs=0.0 oldestHeld=0 zeroSpan=0 movingFrozen=4 teleport=0 visualStepAvgCm=2.07 visualStepMaxCm=9.76
[rubber-banding][remote-render] time=36.259 frame=3711 entity=1 latestHostTick=976 buffer=8 windowMs=1000.4 fps=119.9 snapshots=31 arrivalSamples=31 arrivalAvgMs=33.1 arrivalP95Ms=33.3 arrivalMaxMs=33.3 sameArrival=0 tickGapMax=2 renderFrames=120 interpolation=120 extrapolation=0 extrapolationCapped=0 extrapolationMaxMs=0.0 oldestHeld=0 zeroSpan=0 movingFrozen=1 teleport=0 visualStepAvgCm=2.08 visualStepMaxCm=3.52
[rubber-banding][remote-render] time=37.267 frame=3830 entity=1 latestHostTick=1036 buffer=8 windowMs=1008.3 fps=118.0 snapshots=30 arrivalSamples=30 arrivalAvgMs=33.3 arrivalP95Ms=33.4 arrivalMaxMs=41.7 sameArrival=0 tickGapMax=2 renderFrames=119 interpolation=119 extrapolation=0 extrapolationCapped=0 extrapolationMaxMs=0.0 oldestHeld=0 zeroSpan=0 movingFrozen=4 teleport=0 visualStepAvgCm=1.82 visualStepMaxCm=3.34
[rubber-banding][remote-render] time=38.276 frame=3950 entity=1 latestHostTick=1096 buffer=8 windowMs=1008.3 fps=119.0 snapshots=30 arrivalSamples=30 arrivalAvgMs=33.3 arrivalP95Ms=33.3 arrivalMaxMs=33.3 sameArrival=0 tickGapMax=2 renderFrames=120 interpolation=120 extrapolation=0 extrapolationCapped=0 extrapolationMaxMs=0.0 oldestHeld=0 zeroSpan=0 movingFrozen=4 teleport=0 visualStepAvgCm=1.87 visualStepMaxCm=4.40
[rubber-banding][remote-render] time=39.284 frame=4070 entity=1 latestHostTick=1156 buffer=8 windowMs=1008.3 fps=119.0 snapshots=30 arrivalSamples=30 arrivalAvgMs=33.3 arrivalP95Ms=33.3 arrivalMaxMs=41.7 sameArrival=0 tickGapMax=2 renderFrames=120 interpolation=120 extrapolation=0 extrapolationCapped=0 extrapolationMaxMs=0.0 oldestHeld=0 zeroSpan=0 movingFrozen=0 teleport=0 visualStepAvgCm=2.49 visualStepMaxCm=6.69
[rubber-banding][remote-render] time=40.292 frame=4189 entity=1 latestHostTick=1218 buffer=8 windowMs=1008.3 fps=118.0 snapshots=31 arrivalSamples=31 arrivalAvgMs=33.3 arrivalP95Ms=33.3 arrivalMaxMs=33.3 sameArrival=0 tickGapMax=2 renderFrames=119 interpolation=119 extrapolation=0 extrapolationCapped=0 extrapolationMaxMs=0.0 oldestHeld=0 zeroSpan=0 movingFrozen=0 teleport=0 visualStepAvgCm=2.53 visualStepMaxCm=7.17
[rubber-banding][remote-render] time=41.300 frame=4308 entity=1 latestHostTick=1278 buffer=8 windowMs=1008.3 fps=118.0 snapshots=30 arrivalSamples=30 arrivalAvgMs=32.8 arrivalP95Ms=33.5 arrivalMaxMs=41.7 sameArrival=0 tickGapMax=2 renderFrames=119 interpolation=119 extrapolation=0 extrapolationCapped=0 extrapolationMaxMs=0.0 oldestHeld=0 zeroSpan=0 movingFrozen=0 teleport=0 visualStepAvgCm=0.00 visualStepMaxCm=0.00
[rubber-banding][remote-render] time=42.302 frame=4420 entity=1 latestHostTick=1338 buffer=8 windowMs=1001.2 fps=111.9 snapshots=30 arrivalSamples=30 arrivalAvgMs=33.9 arrivalP95Ms=41.9 arrivalMaxMs=50.1 sameArrival=0 tickGapMax=2 renderFrames=112 interpolation=112 extrapolation=0 extrapolationCapped=0 extrapolationMaxMs=0.0 oldestHeld=0 zeroSpan=0 movingFrozen=0 teleport=0 visualStepAvgCm=0.00 visualStepMaxCm=0.00
[rubber-banding][remote-render] time=43.310 frame=4532 entity=1 latestHostTick=1398 buffer=8 windowMs=1008.2 fps=111.1 snapshots=30 arrivalSamples=30 arrivalAvgMs=33.6 arrivalP95Ms=41.7 arrivalMaxMs=41.7 sameArrival=0 tickGapMax=2 renderFrames=112 interpolation=112 extrapolation=0 extrapolationCapped=0 extrapolationMaxMs=0.0 oldestHeld=0 zeroSpan=0 movingFrozen=0 teleport=0 visualStepAvgCm=0.00 visualStepMaxCm=0.00
[rubber-banding][remote-render] time=44.318 frame=4653 entity=1 latestHostTick=1458 buffer=8 windowMs=1008.3 fps=120.0 snapshots=30 arrivalSamples=30 arrivalAvgMs=33.3 arrivalP95Ms=33.3 arrivalMaxMs=33.3 sameArrival=0 tickGapMax=2 renderFrames=121 interpolation=121 extrapolation=0 extrapolationCapped=0 extrapolationMaxMs=0.0 oldestHeld=0 zeroSpan=0 movingFrozen=0 teleport=0 visualStepAvgCm=0.00 visualStepMaxCm=0.00
[rubber-banding][remote-render] time=45.318 frame=4770 entity=1 latestHostTick=1518 buffer=8 windowMs=1000.0 fps=117.0 snapshots=30 arrivalSamples=30 arrivalAvgMs=33.3 arrivalP95Ms=33.3 arrivalMaxMs=33.3 sameArrival=0 tickGapMax=2 renderFrames=117 interpolation=117 extrapolation=0 extrapolationCapped=0 extrapolationMaxMs=0.0 oldestHeld=0 zeroSpan=0 movingFrozen=0 teleport=0 visualStepAvgCm=0.00 visualStepMaxCm=0.00
[rubber-banding][remote-render] time=46.319 frame=4889 entity=1 latestHostTick=1578 buffer=8 windowMs=1000.5 fps=118.9 snapshots=30 arrivalSamples=30 arrivalAvgMs=33.3 arrivalP95Ms=33.4 arrivalMaxMs=41.7 sameArrival=0 tickGapMax=2 renderFrames=119 interpolation=119 extrapolation=0 extrapolationCapped=0 extrapolationMaxMs=0.0 oldestHeld=0 zeroSpan=0 movingFrozen=0 teleport=0 visualStepAvgCm=0.00 visualStepMaxCm=0.00
[rubber-banding][remote-render] time=47.319 frame=5009 entity=1 latestHostTick=1638 buffer=8 windowMs=1000.7 fps=119.9 snapshots=30 arrivalSamples=30 arrivalAvgMs=33.4 arrivalP95Ms=33.4 arrivalMaxMs=33.4 sameArrival=0 tickGapMax=2 renderFrames=120 interpolation=120 extrapolation=0 extrapolationCapped=0 extrapolationMaxMs=0.0 oldestHeld=0 zeroSpan=0 movingFrozen=0 teleport=0 visualStepAvgCm=0.00 visualStepMaxCm=0.00
[rubber-banding][remote-render] time=48.327 frame=5130 entity=1 latestHostTick=1698 buffer=8 windowMs=1008.0 fps=120.0 snapshots=30 arrivalSamples=30 arrivalAvgMs=33.3 arrivalP95Ms=33.3 arrivalMaxMs=33.3 sameArrival=0 tickGapMax=2 renderFrames=121 interpolation=121 extrapolation=0 extrapolationCapped=0 extrapolationMaxMs=0.0 oldestHeld=0 zeroSpan=0 movingFrozen=0 teleport=0 visualStepAvgCm=0.00 visualStepMaxCm=0.00
[rubber-banding][remote-render] time=49.527 frame=5244 entity=1 latestHostTick=60 buffer=8 windowMs=1025.0 fps=85.9 snapshots=30 arrivalSamples=29 arrivalAvgMs=33.6 arrivalP95Ms=50.0 arrivalMaxMs=125.0 sameArrival=2 tickGapMax=2 renderFrames=88 interpolation=88 extrapolation=0 extrapolationCapped=0 extrapolationMaxMs=0.0 oldestHeld=0 zeroSpan=5 movingFrozen=0 teleport=0 visualStepAvgCm=0.00 visualStepMaxCm=0.00
[rubber-banding][remote-render] time=49.527 frame=5244 entity=3 latestHostTick=60 buffer=8 windowMs=1025.0 fps=85.9 snapshots=30 arrivalSamples=29 arrivalAvgMs=33.6 arrivalP95Ms=50.0 arrivalMaxMs=125.0 sameArrival=2 tickGapMax=2 renderFrames=88 interpolation=88 extrapolation=0 extrapolationCapped=0 extrapolationMaxMs=0.0 oldestHeld=0 zeroSpan=5 movingFrozen=0 teleport=0 visualStepAvgCm=0.00 visualStepMaxCm=0.00
[rubber-banding][remote-render] time=50.537 frame=5310 entity=1 latestHostTick=120 buffer=8 windowMs=1009.7 fps=65.4 snapshots=30 arrivalSamples=30 arrivalAvgMs=33.1 arrivalP95Ms=41.8 arrivalMaxMs=41.8 sameArrival=0 tickGapMax=2 renderFrames=66 interpolation=66 extrapolation=0 extrapolationCapped=0 extrapolationMaxMs=0.0 oldestHeld=0 zeroSpan=0 movingFrozen=0 teleport=0 visualStepAvgCm=0.00 visualStepMaxCm=0.00
[rubber-banding][remote-render] time=50.537 frame=5310 entity=3 latestHostTick=120 buffer=8 windowMs=1009.7 fps=65.4 snapshots=30 arrivalSamples=30 arrivalAvgMs=33.1 arrivalP95Ms=41.8 arrivalMaxMs=41.8 sameArrival=0 tickGapMax=2 renderFrames=66 interpolation=66 extrapolation=0 extrapolationCapped=0 extrapolationMaxMs=0.0 oldestHeld=0 zeroSpan=0 movingFrozen=0 teleport=0 visualStepAvgCm=3.28 visualStepMaxCm=10.01
[rubber-banding][remote-render] time=51.538 frame=5390 entity=1 latestHostTick=180 buffer=8 windowMs=1000.7 fps=79.9 snapshots=30 arrivalSamples=30 arrivalAvgMs=33.4 arrivalP95Ms=41.7 arrivalMaxMs=41.7 sameArrival=0 tickGapMax=2 renderFrames=80 interpolation=80 extrapolation=0 extrapolationCapped=0 extrapolationMaxMs=0.0 oldestHeld=0 zeroSpan=0 movingFrozen=0 teleport=0 visualStepAvgCm=0.00 visualStepMaxCm=0.00
[rubber-banding][remote-render] time=51.538 frame=5390 entity=3 latestHostTick=180 buffer=8 windowMs=1000.7 fps=79.9 snapshots=30 arrivalSamples=30 arrivalAvgMs=33.4 arrivalP95Ms=41.7 arrivalMaxMs=41.7 sameArrival=0 tickGapMax=2 renderFrames=80 interpolation=80 extrapolation=0 extrapolationCapped=0 extrapolationMaxMs=0.0 oldestHeld=0 zeroSpan=0 movingFrozen=0 teleport=0 visualStepAvgCm=4.32 visualStepMaxCm=6.81
[rubber-banding][remote-render] time=52.542 frame=5475 entity=1 latestHostTick=242 buffer=8 windowMs=1004.0 fps=84.7 snapshots=31 arrivalSamples=31 arrivalAvgMs=32.9 arrivalP95Ms=42.0 arrivalMaxMs=42.1 sameArrival=0 tickGapMax=2 renderFrames=85 interpolation=85 extrapolation=0 extrapolationCapped=0 extrapolationMaxMs=0.0 oldestHeld=0 zeroSpan=0 movingFrozen=0 teleport=0 visualStepAvgCm=0.00 visualStepMaxCm=0.00
[rubber-banding][remote-render] time=52.542 frame=5475 entity=3 latestHostTick=242 buffer=8 windowMs=1004.0 fps=84.7 snapshots=31 arrivalSamples=31 arrivalAvgMs=32.9 arrivalP95Ms=42.0 arrivalMaxMs=42.1 sameArrival=0 tickGapMax=2 renderFrames=85 interpolation=85 extrapolation=0 extrapolationCapped=0 extrapolationMaxMs=0.0 oldestHeld=0 zeroSpan=0 movingFrozen=0 teleport=0 visualStepAvgCm=0.00 visualStepMaxCm=0.00
[rubber-banding][remote-render] time=53.546 frame=5566 entity=1 latestHostTick=302 buffer=8 windowMs=1004.8 fps=90.6 snapshots=30 arrivalSamples=30 arrivalAvgMs=33.5 arrivalP95Ms=42.0 arrivalMaxMs=50.3 sameArrival=0 tickGapMax=2 renderFrames=91 interpolation=91 extrapolation=0 extrapolationCapped=0 extrapolationMaxMs=0.0 oldestHeld=0 zeroSpan=0 movingFrozen=0 teleport=0 visualStepAvgCm=0.00 visualStepMaxCm=0.00
[rubber-banding][remote-render] time=53.546 frame=5566 entity=3 latestHostTick=302 buffer=8 windowMs=1004.8 fps=90.6 snapshots=30 arrivalSamples=30 arrivalAvgMs=33.5 arrivalP95Ms=42.0 arrivalMaxMs=50.3 sameArrival=0 tickGapMax=2 renderFrames=91 interpolation=91 extrapolation=0 extrapolationCapped=0 extrapolationMaxMs=0.0 oldestHeld=0 zeroSpan=0 movingFrozen=0 teleport=0 visualStepAvgCm=0.00 visualStepMaxCm=0.00
[rubber-banding][remote-render] time=54.553 frame=5658 entity=1 latestHostTick=362 buffer=8 windowMs=1006.9 fps=91.4 snapshots=30 arrivalSamples=30 arrivalAvgMs=33.3 arrivalP95Ms=33.3 arrivalMaxMs=41.5 sameArrival=0 tickGapMax=2 renderFrames=92 interpolation=92 extrapolation=0 extrapolationCapped=0 extrapolationMaxMs=0.0 oldestHeld=0 zeroSpan=0 movingFrozen=0 teleport=0 visualStepAvgCm=0.00 visualStepMaxCm=0.00
[rubber-banding][remote-render] time=54.553 frame=5658 entity=3 latestHostTick=362 buffer=8 windowMs=1006.9 fps=91.4 snapshots=30 arrivalSamples=30 arrivalAvgMs=33.3 arrivalP95Ms=33.3 arrivalMaxMs=41.5 sameArrival=0 tickGapMax=2 renderFrames=92 interpolation=92 extrapolation=0 extrapolationCapped=0 extrapolationMaxMs=0.0 oldestHeld=0 zeroSpan=0 movingFrozen=0 teleport=0 visualStepAvgCm=0.00 visualStepMaxCm=0.00
[rubber-banding][remote-render] time=55.894 frame=5778 entity=1 latestHostTick=60 buffer=8 windowMs=1016.6 fps=86.6 snapshots=30 arrivalSamples=29 arrivalAvgMs=33.3 arrivalP95Ms=41.7 arrivalMaxMs=41.7 sameArrival=0 tickGapMax=2 renderFrames=88 interpolation=88 extrapolation=0 extrapolationCapped=0 extrapolationMaxMs=0.0 oldestHeld=5 zeroSpan=0 movingFrozen=0 teleport=0 visualStepAvgCm=0.00 visualStepMaxCm=0.00
[rubber-banding][remote-render] time=55.894 frame=5778 entity=3 latestHostTick=60 buffer=8 windowMs=1016.6 fps=86.6 snapshots=30 arrivalSamples=29 arrivalAvgMs=33.3 arrivalP95Ms=41.7 arrivalMaxMs=41.7 sameArrival=0 tickGapMax=2 renderFrames=88 interpolation=88 extrapolation=0 extrapolationCapped=0 extrapolationMaxMs=0.0 oldestHeld=5 zeroSpan=0 movingFrozen=0 teleport=0 visualStepAvgCm=0.00 visualStepMaxCm=0.00
[rubber-banding][remote-render] time=55.894 frame=5778 entity=4 latestHostTick=60 buffer=8 windowMs=1016.6 fps=86.6 snapshots=30 arrivalSamples=29 arrivalAvgMs=33.3 arrivalP95Ms=41.7 arrivalMaxMs=41.7 sameArrival=0 tickGapMax=2 renderFrames=88 interpolation=88 extrapolation=0 extrapolationCapped=0 extrapolationMaxMs=0.0 oldestHeld=5 zeroSpan=0 movingFrozen=0 teleport=0 visualStepAvgCm=0.00 visualStepMaxCm=0.00
[rubber-banding][remote-render] time=56.903 frame=5858 entity=1 latestHostTick=120 buffer=8 windowMs=1008.3 fps=79.3 snapshots=30 arrivalSamples=30 arrivalAvgMs=33.3 arrivalP95Ms=41.7 arrivalMaxMs=41.7 sameArrival=0 tickGapMax=2 renderFrames=80 interpolation=80 extrapolation=0 extrapolationCapped=0 extrapolationMaxMs=0.0 oldestHeld=0 zeroSpan=0 movingFrozen=0 teleport=0 visualStepAvgCm=0.00 visualStepMaxCm=0.00
[rubber-banding][remote-render] time=56.903 frame=5858 entity=3 latestHostTick=120 buffer=8 windowMs=1008.3 fps=79.3 snapshots=30 arrivalSamples=30 arrivalAvgMs=33.3 arrivalP95Ms=41.7 arrivalMaxMs=41.7 sameArrival=0 tickGapMax=2 renderFrames=80 interpolation=80 extrapolation=0 extrapolationCapped=0 extrapolationMaxMs=0.0 oldestHeld=0 zeroSpan=0 movingFrozen=0 teleport=0 visualStepAvgCm=0.00 visualStepMaxCm=0.00
[rubber-banding][remote-render] time=56.903 frame=5858 entity=4 latestHostTick=120 buffer=8 windowMs=1008.3 fps=79.3 snapshots=30 arrivalSamples=30 arrivalAvgMs=33.3 arrivalP95Ms=41.7 arrivalMaxMs=41.7 sameArrival=0 tickGapMax=2 renderFrames=80 interpolation=80 extrapolation=0 extrapolationCapped=0 extrapolationMaxMs=0.0 oldestHeld=0 zeroSpan=0 movingFrozen=0 teleport=0 visualStepAvgCm=1.48 visualStepMaxCm=6.97
[rubber-banding][remote-render] time=57.904 frame=5942 entity=1 latestHostTick=180 buffer=8 windowMs=1001.2 fps=83.9 snapshots=30 arrivalSamples=30 arrivalAvgMs=33.4 arrivalP95Ms=41.8 arrivalMaxMs=41.8 sameArrival=0 tickGapMax=2 renderFrames=84 interpolation=84 extrapolation=0 extrapolationCapped=0 extrapolationMaxMs=0.0 oldestHeld=0 zeroSpan=0 movingFrozen=0 teleport=0 visualStepAvgCm=0.00 visualStepMaxCm=0.00
[rubber-banding][remote-render] time=57.904 frame=5942 entity=3 latestHostTick=180 buffer=8 windowMs=1001.2 fps=83.9 snapshots=30 arrivalSamples=30 arrivalAvgMs=33.4 arrivalP95Ms=41.8 arrivalMaxMs=41.8 sameArrival=0 tickGapMax=2 renderFrames=84 interpolation=84 extrapolation=0 extrapolationCapped=0 extrapolationMaxMs=0.0 oldestHeld=0 zeroSpan=0 movingFrozen=0 teleport=0 visualStepAvgCm=0.00 visualStepMaxCm=0.00
[rubber-banding][remote-render] time=57.904 frame=5942 entity=4 latestHostTick=180 buffer=8 windowMs=1001.2 fps=83.9 snapshots=30 arrivalSamples=30 arrivalAvgMs=33.4 arrivalP95Ms=41.8 arrivalMaxMs=41.8 sameArrival=0 tickGapMax=2 renderFrames=84 interpolation=84 extrapolation=0 extrapolationCapped=0 extrapolationMaxMs=0.0 oldestHeld=0 zeroSpan=0 movingFrozen=5 teleport=0 visualStepAvgCm=2.74 visualStepMaxCm=6.83
[rubber-banding][remote-render] time=58.905 frame=6027 entity=1 latestHostTick=240 buffer=8 windowMs=1001.7 fps=84.9 snapshots=30 arrivalSamples=30 arrivalAvgMs=33.4 arrivalP95Ms=41.8 arrivalMaxMs=41.8 sameArrival=0 tickGapMax=2 renderFrames=85 interpolation=85 extrapolation=0 extrapolationCapped=0 extrapolationMaxMs=0.0 oldestHeld=0 zeroSpan=0 movingFrozen=0 teleport=0 visualStepAvgCm=0.00 visualStepMaxCm=0.00
[rubber-banding][remote-render] time=58.905 frame=6027 entity=3 latestHostTick=240 buffer=8 windowMs=1001.7 fps=84.9 snapshots=30 arrivalSamples=30 arrivalAvgMs=33.4 arrivalP95Ms=41.8 arrivalMaxMs=41.8 sameArrival=0 tickGapMax=2 renderFrames=85 interpolation=85 extrapolation=0 extrapolationCapped=0 extrapolationMaxMs=0.0 oldestHeld=0 zeroSpan=0 movingFrozen=0 teleport=0 visualStepAvgCm=0.00 visualStepMaxCm=0.00
[rubber-banding][remote-render] time=58.905 frame=6027 entity=4 latestHostTick=240 buffer=8 windowMs=1001.7 fps=84.9 snapshots=30 arrivalSamples=30 arrivalAvgMs=33.4 arrivalP95Ms=41.8 arrivalMaxMs=41.8 sameArrival=0 tickGapMax=2 renderFrames=85 interpolation=85 extrapolation=0 extrapolationCapped=0 extrapolationMaxMs=0.0 oldestHeld=0 zeroSpan=0 movingFrozen=0 teleport=0 visualStepAvgCm=4.54 visualStepMaxCm=7.14
[rubber-banding][remote-render] time=59.915 frame=6111 entity=1 latestHostTick=302 buffer=8 windowMs=1009.5 fps=83.2 snapshots=31 arrivalSamples=31 arrivalAvgMs=33.4 arrivalP95Ms=41.7 arrivalMaxMs=41.8 sameArrival=0 tickGapMax=2 renderFrames=84 interpolation=84 extrapolation=0 extrapolationCapped=0 extrapolationMaxMs=0.0 oldestHeld=0 zeroSpan=0 movingFrozen=0 teleport=0 visualStepAvgCm=0.00 visualStepMaxCm=0.00
[rubber-banding][remote-render] time=59.915 frame=6111 entity=3 latestHostTick=302 buffer=8 windowMs=1009.5 fps=83.2 snapshots=31 arrivalSamples=31 arrivalAvgMs=33.4 arrivalP95Ms=41.7 arrivalMaxMs=41.8 sameArrival=0 tickGapMax=2 renderFrames=84 interpolation=84 extrapolation=0 extrapolationCapped=0 extrapolationMaxMs=0.0 oldestHeld=0 zeroSpan=0 movingFrozen=0 teleport=0 visualStepAvgCm=0.00 visualStepMaxCm=0.00
[rubber-banding][remote-render] time=59.915 frame=6111 entity=4 latestHostTick=302 buffer=8 windowMs=1009.5 fps=83.2 snapshots=31 arrivalSamples=31 arrivalAvgMs=33.4 arrivalP95Ms=41.7 arrivalMaxMs=41.8 sameArrival=0 tickGapMax=2 renderFrames=84 interpolation=84 extrapolation=0 extrapolationCapped=0 extrapolationMaxMs=0.0 oldestHeld=0 zeroSpan=0 movingFrozen=0 teleport=0 visualStepAvgCm=2.02 visualStepMaxCm=7.27
[rubber-banding][remote-render] time=60.917 frame=6195 entity=1 latestHostTick=362 buffer=8 windowMs=1001.8 fps=83.9 snapshots=30 arrivalSamples=30 arrivalAvgMs=33.4 arrivalP95Ms=42.4 arrivalMaxMs=42.6 sameArrival=0 tickGapMax=2 renderFrames=84 interpolation=84 extrapolation=0 extrapolationCapped=0 extrapolationMaxMs=0.0 oldestHeld=0 zeroSpan=0 movingFrozen=0 teleport=0 visualStepAvgCm=0.00 visualStepMaxCm=0.00
[rubber-banding][remote-render] time=60.917 frame=6195 entity=3 latestHostTick=362 buffer=8 windowMs=1001.8 fps=83.9 snapshots=30 arrivalSamples=30 arrivalAvgMs=33.4 arrivalP95Ms=42.4 arrivalMaxMs=42.6 sameArrival=0 tickGapMax=2 renderFrames=84 interpolation=84 extrapolation=0 extrapolationCapped=0 extrapolationMaxMs=0.0 oldestHeld=0 zeroSpan=0 movingFrozen=0 teleport=0 visualStepAvgCm=0.00 visualStepMaxCm=0.00
[rubber-banding][remote-render] time=60.917 frame=6195 entity=4 latestHostTick=362 buffer=8 windowMs=1001.8 fps=83.9 snapshots=30 arrivalSamples=30 arrivalAvgMs=33.4 arrivalP95Ms=42.4 arrivalMaxMs=42.6 sameArrival=0 tickGapMax=2 renderFrames=84 interpolation=84 extrapolation=0 extrapolationCapped=0 extrapolationMaxMs=0.0 oldestHeld=0 zeroSpan=0 movingFrozen=0 teleport=0 visualStepAvgCm=0.00 visualStepMaxCm=0.00
[rubber-banding][remote-render] time=61.922 frame=6296 entity=1 latestHostTick=422 buffer=8 windowMs=1005.0 fps=100.5 snapshots=30 arrivalSamples=30 arrivalAvgMs=33.5 arrivalP95Ms=42.5 arrivalMaxMs=42.6 sameArrival=0 tickGapMax=2 renderFrames=101 interpolation=101 extrapolation=0 extrapolationCapped=0 extrapolationMaxMs=0.0 oldestHeld=0 zeroSpan=0 movingFrozen=0 teleport=0 visualStepAvgCm=0.00 visualStepMaxCm=0.00
[rubber-banding][remote-render] time=61.922 frame=6296 entity=3 latestHostTick=422 buffer=8 windowMs=1005.0 fps=100.5 snapshots=30 arrivalSamples=30 arrivalAvgMs=33.5 arrivalP95Ms=42.5 arrivalMaxMs=42.6 sameArrival=0 tickGapMax=2 renderFrames=101 interpolation=101 extrapolation=0 extrapolationCapped=0 extrapolationMaxMs=0.0 oldestHeld=0 zeroSpan=0 movingFrozen=0 teleport=0 visualStepAvgCm=0.00 visualStepMaxCm=0.00
[rubber-banding][remote-render] time=61.922 frame=6296 entity=4 latestHostTick=422 buffer=8 windowMs=1005.0 fps=100.5 snapshots=30 arrivalSamples=30 arrivalAvgMs=33.5 arrivalP95Ms=42.5 arrivalMaxMs=42.6 sameArrival=0 tickGapMax=2 renderFrames=101 interpolation=101 extrapolation=0 extrapolationCapped=0 extrapolationMaxMs=0.0 oldestHeld=0 zeroSpan=0 movingFrozen=0 teleport=0 visualStepAvgCm=0.00 visualStepMaxCm=0.00
[rubber-banding][remote-render] time=62.930 frame=6415 entity=1 latestHostTick=482 buffer=8 windowMs=1008.3 fps=118.0 snapshots=30 arrivalSamples=30 arrivalAvgMs=33.1 arrivalP95Ms=41.7 arrivalMaxMs=175.0 sameArrival=3 tickGapMax=2 renderFrames=119 interpolation=109 extrapolation=10 extrapolationCapped=0 extrapolationMaxMs=80.8 oldestHeld=0 zeroSpan=6 movingFrozen=0 teleport=0 visualStepAvgCm=0.00 visualStepMaxCm=0.00
[rubber-banding][remote-render] time=62.930 frame=6415 entity=3 latestHostTick=482 buffer=8 windowMs=1008.3 fps=118.0 snapshots=30 arrivalSamples=30 arrivalAvgMs=33.1 arrivalP95Ms=41.7 arrivalMaxMs=175.0 sameArrival=3 tickGapMax=2 renderFrames=119 interpolation=109 extrapolation=10 extrapolationCapped=0 extrapolationMaxMs=80.8 oldestHeld=0 zeroSpan=6 movingFrozen=0 teleport=0 visualStepAvgCm=0.00 visualStepMaxCm=0.00
[rubber-banding][remote-render] time=62.930 frame=6415 entity=4 latestHostTick=482 buffer=8 windowMs=1008.3 fps=118.0 snapshots=30 arrivalSamples=30 arrivalAvgMs=33.1 arrivalP95Ms=41.7 arrivalMaxMs=175.0 sameArrival=3 tickGapMax=2 renderFrames=119 interpolation=109 extrapolation=10 extrapolationCapped=0 extrapolationMaxMs=80.8 oldestHeld=0 zeroSpan=6 movingFrozen=0 teleport=0 visualStepAvgCm=0.00 visualStepMaxCm=0.00
[rubber-banding][remote-render] time=63.947 frame=6512 entity=1 latestHostTick=544 buffer=8 windowMs=1016.7 fps=95.4 snapshots=31 arrivalSamples=31 arrivalAvgMs=33.3 arrivalP95Ms=41.7 arrivalMaxMs=41.7 sameArrival=0 tickGapMax=2 renderFrames=97 interpolation=97 extrapolation=0 extrapolationCapped=0 extrapolationMaxMs=0.0 oldestHeld=0 zeroSpan=0 movingFrozen=0 teleport=0 visualStepAvgCm=0.00 visualStepMaxCm=0.00
[rubber-banding][remote-render] time=63.947 frame=6512 entity=3 latestHostTick=544 buffer=8 windowMs=1016.7 fps=95.4 snapshots=31 arrivalSamples=31 arrivalAvgMs=33.3 arrivalP95Ms=41.7 arrivalMaxMs=41.7 sameArrival=0 tickGapMax=2 renderFrames=97 interpolation=97 extrapolation=0 extrapolationCapped=0 extrapolationMaxMs=0.0 oldestHeld=0 zeroSpan=0 movingFrozen=0 teleport=0 visualStepAvgCm=0.00 visualStepMaxCm=0.00
[rubber-banding][remote-render] time=63.947 frame=6512 entity=4 latestHostTick=544 buffer=8 windowMs=1016.7 fps=95.4 snapshots=31 arrivalSamples=31 arrivalAvgMs=33.3 arrivalP95Ms=41.7 arrivalMaxMs=41.7 sameArrival=0 tickGapMax=2 renderFrames=97 interpolation=97 extrapolation=0 extrapolationCapped=0 extrapolationMaxMs=0.0 oldestHeld=0 zeroSpan=0 movingFrozen=0 teleport=0 visualStepAvgCm=0.00 visualStepMaxCm=0.00
[rubber-banding][remote-render] time=64.954 frame=6591 entity=1 latestHostTick=604 buffer=8 windowMs=1006.9 fps=78.5 snapshots=30 arrivalSamples=30 arrivalAvgMs=33.6 arrivalP95Ms=41.7 arrivalMaxMs=41.7 sameArrival=0 tickGapMax=2 renderFrames=79 interpolation=79 extrapolation=0 extrapolationCapped=0 extrapolationMaxMs=0.0 oldestHeld=0 zeroSpan=0 movingFrozen=0 teleport=0 visualStepAvgCm=0.00 visualStepMaxCm=0.00
[rubber-banding][remote-render] time=64.954 frame=6591 entity=3 latestHostTick=604 buffer=8 windowMs=1006.9 fps=78.5 snapshots=30 arrivalSamples=30 arrivalAvgMs=33.6 arrivalP95Ms=41.7 arrivalMaxMs=41.7 sameArrival=0 tickGapMax=2 renderFrames=79 interpolation=79 extrapolation=0 extrapolationCapped=0 extrapolationMaxMs=0.0 oldestHeld=0 zeroSpan=0 movingFrozen=0 teleport=0 visualStepAvgCm=0.28 visualStepMaxCm=4.47
[rubber-banding][remote-render] time=64.954 frame=6591 entity=4 latestHostTick=604 buffer=8 windowMs=1006.9 fps=78.5 snapshots=30 arrivalSamples=30 arrivalAvgMs=33.6 arrivalP95Ms=41.7 arrivalMaxMs=41.7 sameArrival=0 tickGapMax=2 renderFrames=79 interpolation=79 extrapolation=0 extrapolationCapped=0 extrapolationMaxMs=0.0 oldestHeld=0 zeroSpan=0 movingFrozen=0 teleport=0 visualStepAvgCm=0.00 visualStepMaxCm=0.00
[rubber-banding][remote-render] time=65.954 frame=6675 entity=1 latestHostTick=664 buffer=8 windowMs=1000.5 fps=84.0 snapshots=30 arrivalSamples=30 arrivalAvgMs=33.4 arrivalP95Ms=41.7 arrivalMaxMs=41.7 sameArrival=0 tickGapMax=2 renderFrames=84 interpolation=84 extrapolation=0 extrapolationCapped=0 extrapolationMaxMs=0.0 oldestHeld=0 zeroSpan=0 movingFrozen=0 teleport=0 visualStepAvgCm=0.00 visualStepMaxCm=0.00
[rubber-banding][remote-render] time=65.954 frame=6675 entity=3 latestHostTick=664 buffer=8 windowMs=1000.5 fps=84.0 snapshots=30 arrivalSamples=30 arrivalAvgMs=33.4 arrivalP95Ms=41.7 arrivalMaxMs=41.7 sameArrival=0 tickGapMax=2 renderFrames=84 interpolation=84 extrapolation=0 extrapolationCapped=0 extrapolationMaxMs=0.0 oldestHeld=0 zeroSpan=0 movingFrozen=0 teleport=0 visualStepAvgCm=4.64 visualStepMaxCm=10.13
[rubber-banding][remote-render] time=65.954 frame=6675 entity=4 latestHostTick=664 buffer=8 windowMs=1000.5 fps=84.0 snapshots=30 arrivalSamples=30 arrivalAvgMs=33.4 arrivalP95Ms=41.7 arrivalMaxMs=41.7 sameArrival=0 tickGapMax=2 renderFrames=84 interpolation=84 extrapolation=0 extrapolationCapped=0 extrapolationMaxMs=0.0 oldestHeld=0 zeroSpan=0 movingFrozen=0 teleport=0 visualStepAvgCm=0.00 visualStepMaxCm=0.00
[rubber-banding][remote-render] time=66.955 frame=6762 entity=1 latestHostTick=724 buffer=8 windowMs=1000.5 fps=87.0 snapshots=30 arrivalSamples=30 arrivalAvgMs=33.1 arrivalP95Ms=41.7 arrivalMaxMs=41.7 sameArrival=0 tickGapMax=2 renderFrames=87 interpolation=87 extrapolation=0 extrapolationCapped=0 extrapolationMaxMs=0.0 oldestHeld=0 zeroSpan=0 movingFrozen=0 teleport=0 visualStepAvgCm=0.00 visualStepMaxCm=0.00
[rubber-banding][remote-render] time=66.955 frame=6762 entity=3 latestHostTick=724 buffer=8 windowMs=1000.5 fps=87.0 snapshots=30 arrivalSamples=30 arrivalAvgMs=33.1 arrivalP95Ms=41.7 arrivalMaxMs=41.7 sameArrival=0 tickGapMax=2 renderFrames=87 interpolation=87 extrapolation=0 extrapolationCapped=0 extrapolationMaxMs=0.0 oldestHeld=0 zeroSpan=0 movingFrozen=0 teleport=0 visualStepAvgCm=4.69 visualStepMaxCm=10.58
[rubber-banding][remote-render] time=66.955 frame=6762 entity=4 latestHostTick=724 buffer=8 windowMs=1000.5 fps=87.0 snapshots=30 arrivalSamples=30 arrivalAvgMs=33.1 arrivalP95Ms=41.7 arrivalMaxMs=41.7 sameArrival=0 tickGapMax=2 renderFrames=87 interpolation=87 extrapolation=0 extrapolationCapped=0 extrapolationMaxMs=0.0 oldestHeld=0 zeroSpan=0 movingFrozen=0 teleport=0 visualStepAvgCm=0.00 visualStepMaxCm=0.00
[rubber-banding][remote-render] time=67.957 frame=6852 entity=1 latestHostTick=784 buffer=8 windowMs=1002.7 fps=89.8 snapshots=30 arrivalSamples=30 arrivalAvgMs=33.4 arrivalP95Ms=41.8 arrivalMaxMs=41.8 sameArrival=0 tickGapMax=2 renderFrames=90 interpolation=90 extrapolation=0 extrapolationCapped=0 extrapolationMaxMs=0.0 oldestHeld=0 zeroSpan=0 movingFrozen=0 teleport=0 visualStepAvgCm=0.00 visualStepMaxCm=0.00
[rubber-banding][remote-render] time=67.957 frame=6852 entity=3 latestHostTick=784 buffer=8 windowMs=1002.7 fps=89.8 snapshots=30 arrivalSamples=30 arrivalAvgMs=33.4 arrivalP95Ms=41.8 arrivalMaxMs=41.8 sameArrival=0 tickGapMax=2 renderFrames=90 interpolation=90 extrapolation=0 extrapolationCapped=0 extrapolationMaxMs=0.0 oldestHeld=0 zeroSpan=0 movingFrozen=0 teleport=0 visualStepAvgCm=1.52 visualStepMaxCm=7.17
[rubber-banding][remote-render] time=67.957 frame=6852 entity=4 latestHostTick=784 buffer=8 windowMs=1002.7 fps=89.8 snapshots=30 arrivalSamples=30 arrivalAvgMs=33.4 arrivalP95Ms=41.8 arrivalMaxMs=41.8 sameArrival=0 tickGapMax=2 renderFrames=90 interpolation=90 extrapolation=0 extrapolationCapped=0 extrapolationMaxMs=0.0 oldestHeld=0 zeroSpan=0 movingFrozen=0 teleport=0 visualStepAvgCm=0.00 visualStepMaxCm=0.00
Unloading 4 Unused Serialized files (Serialized files now loaded: 0)
UnloadTime: 12.813200 ms
Unloading 355 unused Assets to reduce memory usage. Loaded Objects now: 45219.
Total: 19.983100 ms (FindLiveObjects: 1.789500 ms CreateObjectMapping: 3.172000 ms MarkObjects: 14.619800 ms  DeleteObjects: 0.400900 ms)

Unloading 5 Unused Serialized files (Serialized files now loaded: 0)
UnloadTime: 1.175600 ms
Unloading 21 unused Assets to reduce memory usage. Loaded Objects now: 88196.
Total: 37.536500 ms (FindLiveObjects: 8.554000 ms CreateObjectMapping: 6.272700 ms MarkObjects: 22.418200 ms  DeleteObjects: 0.291000 ms)

[rubber-banding][remote-render] time=70.683 frame=6986 entity=1 latestHostTick=22 buffer=8 windowMs=1388.1 fps=2.9 snapshots=11 arrivalSamples=10 arrivalAvgMs=133.8 arrivalP95Ms=1321.4 arrivalMaxMs=1321.4 sameArrival=7 tickGapMax=2 renderFrames=4 interpolation=3 extrapolation=1 extrapolationCapped=1 extrapolationMaxMs=958.1 oldestHeld=3 zeroSpan=1 movingFrozen=0 teleport=0 visualStepAvgCm=0.00 visualStepMaxCm=0.00
[rubber-banding][remote-render] time=70.683 frame=6986 entity=3 latestHostTick=22 buffer=8 windowMs=1388.1 fps=2.9 snapshots=11 arrivalSamples=10 arrivalAvgMs=133.8 arrivalP95Ms=1321.4 arrivalMaxMs=1321.4 sameArrival=7 tickGapMax=2 renderFrames=4 interpolation=3 extrapolation=1 extrapolationCapped=1 extrapolationMaxMs=958.1 oldestHeld=3 zeroSpan=1 movingFrozen=0 teleport=0 visualStepAvgCm=0.00 visualStepMaxCm=0.00
[rubber-banding][remote-render] time=70.683 frame=6986 entity=4 latestHostTick=22 buffer=8 windowMs=1388.1 fps=2.9 snapshots=11 arrivalSamples=10 arrivalAvgMs=133.8 arrivalP95Ms=1321.4 arrivalMaxMs=1321.4 sameArrival=7 tickGapMax=2 renderFrames=4 interpolation=3 extrapolation=1 extrapolationCapped=1 extrapolationMaxMs=958.1 oldestHeld=3 zeroSpan=1 movingFrozen=0 teleport=0 visualStepAvgCm=0.00 visualStepMaxCm=0.00
[rubber-banding][remote-render] time=71.698 frame=7031 entity=1 latestHostTick=78 buffer=8 windowMs=1015.2 fps=44.3 snapshots=28 arrivalSamples=28 arrivalAvgMs=36.3 arrivalP95Ms=94.3 arrivalMaxMs=98.9 sameArrival=1 tickGapMax=2 renderFrames=45 interpolation=27 extrapolation=18 extrapolationCapped=0 extrapolationMaxMs=26.3 oldestHeld=0 zeroSpan=2 movingFrozen=0 teleport=0 visualStepAvgCm=0.00 visualStepMaxCm=0.00
[rubber-banding][remote-render] time=71.698 frame=7031 entity=3 latestHostTick=78 buffer=8 windowMs=1015.2 fps=44.3 snapshots=28 arrivalSamples=28 arrivalAvgMs=36.3 arrivalP95Ms=94.3 arrivalMaxMs=98.9 sameArrival=1 tickGapMax=2 renderFrames=45 interpolation=27 extrapolation=18 extrapolationCapped=0 extrapolationMaxMs=26.3 oldestHeld=0 zeroSpan=2 movingFrozen=0 teleport=0 visualStepAvgCm=0.00 visualStepMaxCm=0.00
[rubber-banding][remote-render] time=71.698 frame=7031 entity=4 latestHostTick=78 buffer=8 windowMs=1015.2 fps=44.3 snapshots=28 arrivalSamples=28 arrivalAvgMs=36.3 arrivalP95Ms=94.3 arrivalMaxMs=98.9 sameArrival=1 tickGapMax=2 renderFrames=45 interpolation=27 extrapolation=18 extrapolationCapped=0 extrapolationMaxMs=26.3 oldestHeld=0 zeroSpan=2 movingFrozen=0 teleport=0 visualStepAvgCm=0.00 visualStepMaxCm=0.00
[rubber-banding][remote-render] time=72.702 frame=7081 entity=1 latestHostTick=138 buffer=8 windowMs=1004.2 fps=49.8 snapshots=30 arrivalSamples=30 arrivalAvgMs=32.9 arrivalP95Ms=75.0 arrivalMaxMs=76.2 sameArrival=0 tickGapMax=2 renderFrames=50 interpolation=43 extrapolation=7 extrapolationCapped=0 extrapolationMaxMs=17.5 oldestHeld=0 zeroSpan=0 movingFrozen=0 teleport=0 visualStepAvgCm=3.79 visualStepMaxCm=18.78
[rubber-banding][remote-render] time=72.702 frame=7081 entity=3 latestHostTick=138 buffer=8 windowMs=1004.2 fps=49.8 snapshots=30 arrivalSamples=30 arrivalAvgMs=32.9 arrivalP95Ms=75.0 arrivalMaxMs=76.2 sameArrival=0 tickGapMax=2 renderFrames=50 interpolation=43 extrapolation=7 extrapolationCapped=0 extrapolationMaxMs=17.5 oldestHeld=0 zeroSpan=0 movingFrozen=0 teleport=0 visualStepAvgCm=0.00 visualStepMaxCm=0.00
[rubber-banding][remote-render] time=72.702 frame=7081 entity=4 latestHostTick=138 buffer=8 windowMs=1004.2 fps=49.8 snapshots=30 arrivalSamples=30 arrivalAvgMs=32.9 arrivalP95Ms=75.0 arrivalMaxMs=76.2 sameArrival=0 tickGapMax=2 renderFrames=50 interpolation=43 extrapolation=7 extrapolationCapped=0 extrapolationMaxMs=17.5 oldestHeld=0 zeroSpan=0 movingFrozen=0 teleport=0 visualStepAvgCm=0.00 visualStepMaxCm=0.00
[rubber-banding][remote-render] time=73.703 frame=7131 entity=1 latestHostTick=198 buffer=8 windowMs=1001.0 fps=49.9 snapshots=30 arrivalSamples=30 arrivalAvgMs=33.7 arrivalP95Ms=58.3 arrivalMaxMs=75.3 sameArrival=0 tickGapMax=2 renderFrames=50 interpolation=50 extrapolation=0 extrapolationCapped=0 extrapolationMaxMs=0.0 oldestHeld=0 zeroSpan=0 movingFrozen=0 teleport=0 visualStepAvgCm=5.15 visualStepMaxCm=25.86
[rubber-banding][large-step] time=73.703 frame=7131 focused=0 entity=1 buffer=8 count=1 maxStepCm=25.86 horizontalCm=25.86 verticalCm=0.00 frameDeltaMs=67.0 renderTickDelta=3.884 fromTick=146 toTick=148 tickSpan=2 receivedSpanMs=8.3 t=0.520 renderOffsetMs=-16.0 sourceHorizontalCm=13.32 sourceVerticalCm=0.00 fromGrounded=1 toGrounded=1 velocity=(-1.386, -2.333, 3.748) expectedTravelCm=30.99 teleport=0 previous=(2.311, 0.008, 2.205) rendered=(2.224, 0.008, 2.448)
[rubber-banding][remote-render] time=73.703 frame=7131 entity=3 latestHostTick=198 buffer=8 windowMs=1001.0 fps=49.9 snapshots=30 arrivalSamples=30 arrivalAvgMs=33.7 arrivalP95Ms=58.3 arrivalMaxMs=75.3 sameArrival=0 tickGapMax=2 renderFrames=50 interpolation=50 extrapolation=0 extrapolationCapped=0 extrapolationMaxMs=0.0 oldestHeld=0 zeroSpan=0 movingFrozen=0 teleport=0 visualStepAvgCm=0.00 visualStepMaxCm=0.00
[rubber-banding][remote-render] time=73.703 frame=7131 entity=4 latestHostTick=198 buffer=8 windowMs=1001.0 fps=49.9 snapshots=30 arrivalSamples=30 arrivalAvgMs=33.7 arrivalP95Ms=58.3 arrivalMaxMs=75.3 sameArrival=0 tickGapMax=2 renderFrames=50 interpolation=50 extrapolation=0 extrapolationCapped=0 extrapolationMaxMs=0.0 oldestHeld=0 zeroSpan=0 movingFrozen=0 teleport=0 visualStepAvgCm=0.00 visualStepMaxCm=0.00
[rubber-banding][remote-render] time=74.722 frame=7182 entity=1 latestHostTick=260 buffer=8 windowMs=1018.5 fps=50.1 snapshots=31 arrivalSamples=31 arrivalAvgMs=33.1 arrivalP95Ms=67.0 arrivalMaxMs=83.4 sameArrival=0 tickGapMax=2 renderFrames=51 interpolation=51 extrapolation=0 extrapolationCapped=0 extrapolationMaxMs=0.0 oldestHeld=0 zeroSpan=0 movingFrozen=0 teleport=0 visualStepAvgCm=3.69 visualStepMaxCm=17.13
[rubber-banding][remote-render] time=74.722 frame=7182 entity=3 latestHostTick=260 buffer=8 windowMs=1018.5 fps=50.1 snapshots=31 arrivalSamples=31 arrivalAvgMs=33.1 arrivalP95Ms=67.0 arrivalMaxMs=83.4 sameArrival=0 tickGapMax=2 renderFrames=51 interpolation=51 extrapolation=0 extrapolationCapped=0 extrapolationMaxMs=0.0 oldestHeld=0 zeroSpan=0 movingFrozen=0 teleport=0 visualStepAvgCm=0.00 visualStepMaxCm=0.00
[rubber-banding][remote-render] time=74.722 frame=7182 entity=4 latestHostTick=260 buffer=8 windowMs=1018.5 fps=50.1 snapshots=31 arrivalSamples=31 arrivalAvgMs=33.1 arrivalP95Ms=67.0 arrivalMaxMs=83.4 sameArrival=0 tickGapMax=2 renderFrames=51 interpolation=51 extrapolation=0 extrapolationCapped=0 extrapolationMaxMs=0.0 oldestHeld=0 zeroSpan=0 movingFrozen=0 teleport=0 visualStepAvgCm=0.00 visualStepMaxCm=0.00
[rubber-banding][remote-render] time=75.723 frame=7233 entity=1 latestHostTick=320 buffer=8 windowMs=1001.1 fps=50.9 snapshots=30 arrivalSamples=30 arrivalAvgMs=33.4 arrivalP95Ms=84.7 arrivalMaxMs=92.7 sameArrival=0 tickGapMax=2 renderFrames=51 interpolation=51 extrapolation=0 extrapolationCapped=0 extrapolationMaxMs=0.0 oldestHeld=0 zeroSpan=0 movingFrozen=0 teleport=0 visualStepAvgCm=4.56 visualStepMaxCm=28.33
[rubber-banding][large-step] time=75.723 frame=7233 focused=0 entity=1 buffer=8 count=1 maxStepCm=28.33 horizontalCm=28.33 verticalCm=0.00 frameDeltaMs=76.4 renderTickDelta=4.583 fromTick=300 toTick=302 tickSpan=2 receivedSpanMs=16.6 t=0.800 renderOffsetMs=-6.7 sourceHorizontalCm=13.31 sourceVerticalCm=0.00 fromGrounded=1 toGrounded=1 velocity=(-2.709, -2.333, -2.929) expectedTravelCm=35.30 teleport=0 previous=(-1.506, 0.008, 4.196) rendered=(-1.714, 0.008, 4.003)
[rubber-banding][remote-render] time=75.723 frame=7233 entity=3 latestHostTick=320 buffer=8 windowMs=1001.1 fps=50.9 snapshots=30 arrivalSamples=30 arrivalAvgMs=33.4 arrivalP95Ms=84.7 arrivalMaxMs=92.7 sameArrival=0 tickGapMax=2 renderFrames=51 interpolation=51 extrapolation=0 extrapolationCapped=0 extrapolationMaxMs=0.0 oldestHeld=0 zeroSpan=0 movingFrozen=0 teleport=0 visualStepAvgCm=0.00 visualStepMaxCm=0.00
[rubber-banding][remote-render] time=75.723 frame=7233 entity=4 latestHostTick=320 buffer=8 windowMs=1001.1 fps=50.9 snapshots=30 arrivalSamples=30 arrivalAvgMs=33.4 arrivalP95Ms=84.7 arrivalMaxMs=92.7 sameArrival=0 tickGapMax=2 renderFrames=51 interpolation=51 extrapolation=0 extrapolationCapped=0 extrapolationMaxMs=0.0 oldestHeld=0 zeroSpan=0 movingFrozen=0 teleport=0 visualStepAvgCm=0.00 visualStepMaxCm=0.00
[rubber-banding][remote-render] time=76.757 frame=7287 entity=1 latestHostTick=382 buffer=8 windowMs=1034.1 fps=52.2 snapshots=31 arrivalSamples=31 arrivalAvgMs=33.4 arrivalP95Ms=58.6 arrivalMaxMs=58.8 sameArrival=0 tickGapMax=2 renderFrames=54 interpolation=54 extrapolation=0 extrapolationCapped=0 extrapolationMaxMs=0.0 oldestHeld=0 zeroSpan=0 movingFrozen=1 teleport=0 visualStepAvgCm=1.68 visualStepMaxCm=11.86
[rubber-banding][remote-render] time=76.757 frame=7287 entity=3 latestHostTick=382 buffer=8 windowMs=1034.1 fps=52.2 snapshots=31 arrivalSamples=31 arrivalAvgMs=33.4 arrivalP95Ms=58.6 arrivalMaxMs=58.8 sameArrival=0 tickGapMax=2 renderFrames=54 interpolation=54 extrapolation=0 extrapolationCapped=0 extrapolationMaxMs=0.0 oldestHeld=0 zeroSpan=0 movingFrozen=0 teleport=0 visualStepAvgCm=0.00 visualStepMaxCm=0.00
[rubber-banding][remote-render] time=76.757 frame=7287 entity=4 latestHostTick=382 buffer=8 windowMs=1034.1 fps=52.2 snapshots=31 arrivalSamples=31 arrivalAvgMs=33.4 arrivalP95Ms=58.6 arrivalMaxMs=58.8 sameArrival=0 tickGapMax=2 renderFrames=54 interpolation=54 extrapolation=0 extrapolationCapped=0 extrapolationMaxMs=0.0 oldestHeld=0 zeroSpan=0 movingFrozen=0 teleport=0 visualStepAvgCm=0.00 visualStepMaxCm=0.00
[rubber-banding][remote-render] time=77.768 frame=7339 entity=1 latestHostTick=442 buffer=8 windowMs=1010.6 fps=51.5 snapshots=30 arrivalSamples=30 arrivalAvgMs=33.7 arrivalP95Ms=50.4 arrivalMaxMs=58.6 sameArrival=0 tickGapMax=2 renderFrames=52 interpolation=52 extrapolation=0 extrapolationCapped=0 extrapolationMaxMs=0.0 oldestHeld=0 zeroSpan=0 movingFrozen=1 teleport=0 visualStepAvgCm=1.07 visualStepMaxCm=7.76
[rubber-banding][remote-render] time=77.768 frame=7339 entity=3 latestHostTick=442 buffer=8 windowMs=1010.6 fps=51.5 snapshots=30 arrivalSamples=30 arrivalAvgMs=33.7 arrivalP95Ms=50.4 arrivalMaxMs=58.6 sameArrival=0 tickGapMax=2 renderFrames=52 interpolation=52 extrapolation=0 extrapolationCapped=0 extrapolationMaxMs=0.0 oldestHeld=0 zeroSpan=0 movingFrozen=0 teleport=0 visualStepAvgCm=0.00 visualStepMaxCm=0.00
[rubber-banding][remote-render] time=77.768 frame=7339 entity=4 latestHostTick=442 buffer=8 windowMs=1010.6 fps=51.5 snapshots=30 arrivalSamples=30 arrivalAvgMs=33.7 arrivalP95Ms=50.4 arrivalMaxMs=58.6 sameArrival=0 tickGapMax=2 renderFrames=52 interpolation=52 extrapolation=0 extrapolationCapped=0 extrapolationMaxMs=0.0 oldestHeld=0 zeroSpan=0 movingFrozen=0 teleport=0 visualStepAvgCm=0.00 visualStepMaxCm=0.00
[rubber-banding][remote-render] time=78.777 frame=7393 entity=1 latestHostTick=502 buffer=8 windowMs=1009.5 fps=53.5 snapshots=30 arrivalSamples=30 arrivalAvgMs=32.0 arrivalP95Ms=66.7 arrivalMaxMs=66.7 sameArrival=0 tickGapMax=2 renderFrames=54 interpolation=54 extrapolation=0 extrapolationCapped=0 extrapolationMaxMs=0.0 oldestHeld=0 zeroSpan=0 movingFrozen=1 teleport=0 visualStepAvgCm=1.92 visualStepMaxCm=9.86
[rubber-banding][remote-render] time=78.777 frame=7393 entity=3 latestHostTick=502 buffer=8 windowMs=1009.5 fps=53.5 snapshots=30 arrivalSamples=30 arrivalAvgMs=32.0 arrivalP95Ms=66.7 arrivalMaxMs=66.7 sameArrival=0 tickGapMax=2 renderFrames=54 interpolation=54 extrapolation=0 extrapolationCapped=0 extrapolationMaxMs=0.0 oldestHeld=0 zeroSpan=0 movingFrozen=0 teleport=0 visualStepAvgCm=0.00 visualStepMaxCm=0.00
[rubber-banding][remote-render] time=78.777 frame=7393 entity=4 latestHostTick=502 buffer=8 windowMs=1009.5 fps=53.5 snapshots=30 arrivalSamples=30 arrivalAvgMs=32.0 arrivalP95Ms=66.7 arrivalMaxMs=66.7 sameArrival=0 tickGapMax=2 renderFrames=54 interpolation=54 extrapolation=0 extrapolationCapped=0 extrapolationMaxMs=0.0 oldestHeld=0 zeroSpan=0 movingFrozen=0 teleport=0 visualStepAvgCm=0.00 visualStepMaxCm=0.00
[rubber-banding][remote-render] time=79.799 frame=7448 entity=1 latestHostTick=564 buffer=8 windowMs=1022.0 fps=53.8 snapshots=31 arrivalSamples=31 arrivalAvgMs=34.6 arrivalP95Ms=66.9 arrivalMaxMs=92.5 sameArrival=0 tickGapMax=2 renderFrames=55 interpolation=55 extrapolation=0 extrapolationCapped=0 extrapolationMaxMs=0.0 oldestHeld=0 zeroSpan=0 movingFrozen=0 teleport=0 visualStepAvgCm=5.50 visualStepMaxCm=20.42
[rubber-banding][remote-render] time=79.799 frame=7448 entity=3 latestHostTick=564 buffer=8 windowMs=1022.0 fps=53.8 snapshots=31 arrivalSamples=31 arrivalAvgMs=34.6 arrivalP95Ms=66.9 arrivalMaxMs=92.5 sameArrival=0 tickGapMax=2 renderFrames=55 interpolation=55 extrapolation=0 extrapolationCapped=0 extrapolationMaxMs=0.0 oldestHeld=0 zeroSpan=0 movingFrozen=0 teleport=0 visualStepAvgCm=0.00 visualStepMaxCm=0.00
[rubber-banding][remote-render] time=79.799 frame=7448 entity=4 latestHostTick=564 buffer=8 windowMs=1022.0 fps=53.8 snapshots=31 arrivalSamples=31 arrivalAvgMs=34.6 arrivalP95Ms=66.9 arrivalMaxMs=92.5 sameArrival=0 tickGapMax=2 renderFrames=55 interpolation=55 extrapolation=0 extrapolationCapped=0 extrapolationMaxMs=0.0 oldestHeld=0 zeroSpan=0 movingFrozen=0 teleport=0 visualStepAvgCm=0.00 visualStepMaxCm=0.00
[rubber-banding][remote-render] time=80.805 frame=7503 entity=1 latestHostTick=624 buffer=8 windowMs=1005.8 fps=54.7 snapshots=30 arrivalSamples=30 arrivalAvgMs=33.3 arrivalP95Ms=76.1 arrivalMaxMs=92.3 sameArrival=0 tickGapMax=2 renderFrames=55 interpolation=55 extrapolation=0 extrapolationCapped=0 extrapolationMaxMs=0.0 oldestHeld=0 zeroSpan=0 movingFrozen=0 teleport=0 visualStepAvgCm=7.30 visualStepMaxCm=33.55
[rubber-banding][large-step] time=80.805 frame=7503 focused=0 entity=1 buffer=8 count=2 maxStepCm=33.55 horizontalCm=33.55 verticalCm=0.00 frameDeltaMs=84.0 renderTickDelta=5.041 fromTick=570 toTick=572 tickSpan=2 receivedSpanMs=16.7 t=0.539 renderOffsetMs=-15.4 sourceHorizontalCm=13.33 sourceVerticalCm=0.00 fromGrounded=1 toGrounded=1 velocity=(-3.994, -2.333, -0.220) expectedTravelCm=38.91 teleport=0 previous=(-2.973, 0.008, -2.027) rendered=(-3.305, 0.008, -2.075)
[rubber-banding][remote-render] time=80.805 frame=7503 entity=3 latestHostTick=624 buffer=8 windowMs=1005.8 fps=54.7 snapshots=30 arrivalSamples=30 arrivalAvgMs=33.3 arrivalP95Ms=76.1 arrivalMaxMs=92.3 sameArrival=0 tickGapMax=2 renderFrames=55 interpolation=55 extrapolation=0 extrapolationCapped=0 extrapolationMaxMs=0.0 oldestHeld=0 zeroSpan=0 movingFrozen=0 teleport=0 visualStepAvgCm=0.00 visualStepMaxCm=0.00
[rubber-banding][remote-render] time=80.805 frame=7503 entity=4 latestHostTick=624 buffer=8 windowMs=1005.8 fps=54.7 snapshots=30 arrivalSamples=30 arrivalAvgMs=33.3 arrivalP95Ms=76.1 arrivalMaxMs=92.3 sameArrival=0 tickGapMax=2 renderFrames=55 interpolation=55 extrapolation=0 extrapolationCapped=0 extrapolationMaxMs=0.0 oldestHeld=0 zeroSpan=0 movingFrozen=0 teleport=0 visualStepAvgCm=0.00 visualStepMaxCm=0.00
[rubber-banding][remote-render] time=81.807 frame=7558 entity=1 latestHostTick=684 buffer=8 windowMs=1001.6 fps=54.9 snapshots=30 arrivalSamples=30 arrivalAvgMs=33.1 arrivalP95Ms=58.8 arrivalMaxMs=79.7 sameArrival=0 tickGapMax=2 renderFrames=55 interpolation=55 extrapolation=0 extrapolationCapped=0 extrapolationMaxMs=0.0 oldestHeld=0 zeroSpan=0 movingFrozen=0 teleport=0 visualStepAvgCm=7.27 visualStepMaxCm=31.82
[rubber-banding][large-step] time=81.807 frame=7558 focused=0 entity=1 buffer=8 count=1 maxStepCm=31.82 horizontalCm=31.82 verticalCm=0.00 frameDeltaMs=79.7 renderTickDelta=4.785 fromTick=666 toTick=668 tickSpan=2 receivedSpanMs=16.7 t=0.944 renderOffsetMs=-1.9 sourceHorizontalCm=13.32 sourceVerticalCm=0.00 fromGrounded=1 toGrounded=1 velocity=(3.895, -2.333, -0.911) expectedTravelCm=36.93 teleport=0 previous=(-2.649, 0.008, 1.821) rendered=(-2.334, 0.008, 1.777)
[rubber-banding][remote-render] time=81.807 frame=7558 entity=3 latestHostTick=684 buffer=8 windowMs=1001.6 fps=54.9 snapshots=30 arrivalSamples=30 arrivalAvgMs=33.1 arrivalP95Ms=58.8 arrivalMaxMs=79.7 sameArrival=0 tickGapMax=2 renderFrames=55 interpolation=55 extrapolation=0 extrapolationCapped=0 extrapolationMaxMs=0.0 oldestHeld=0 zeroSpan=0 movingFrozen=0 teleport=0 visualStepAvgCm=0.00 visualStepMaxCm=0.00
[rubber-banding][remote-render] time=81.807 frame=7558 entity=4 latestHostTick=684 buffer=8 windowMs=1001.6 fps=54.9 snapshots=30 arrivalSamples=30 arrivalAvgMs=33.1 arrivalP95Ms=58.8 arrivalMaxMs=79.7 sameArrival=0 tickGapMax=2 renderFrames=55 interpolation=55 extrapolation=0 extrapolationCapped=0 extrapolationMaxMs=0.0 oldestHeld=0 zeroSpan=0 movingFrozen=0 teleport=0 visualStepAvgCm=0.00 visualStepMaxCm=0.00
[rubber-banding][remote-render] time=82.813 frame=7612 entity=1 latestHostTick=744 buffer=8 windowMs=1005.9 fps=53.7 snapshots=30 arrivalSamples=30 arrivalAvgMs=33.5 arrivalP95Ms=67.6 arrivalMaxMs=75.2 sameArrival=0 tickGapMax=2 renderFrames=54 interpolation=54 extrapolation=0 extrapolationCapped=0 extrapolationMaxMs=0.0 oldestHeld=0 zeroSpan=0 movingFrozen=1 teleport=0 visualStepAvgCm=3.01 visualStepMaxCm=13.41
[rubber-banding][remote-render] time=82.813 frame=7612 entity=3 latestHostTick=744 buffer=8 windowMs=1005.9 fps=53.7 snapshots=30 arrivalSamples=30 arrivalAvgMs=33.5 arrivalP95Ms=67.6 arrivalMaxMs=75.2 sameArrival=0 tickGapMax=2 renderFrames=54 interpolation=54 extrapolation=0 extrapolationCapped=0 extrapolationMaxMs=0.0 oldestHeld=0 zeroSpan=0 movingFrozen=0 teleport=0 visualStepAvgCm=0.00 visualStepMaxCm=0.00
[rubber-banding][remote-render] time=82.813 frame=7612 entity=4 latestHostTick=744 buffer=8 windowMs=1005.9 fps=53.7 snapshots=30 arrivalSamples=30 arrivalAvgMs=33.5 arrivalP95Ms=67.6 arrivalMaxMs=75.2 sameArrival=0 tickGapMax=2 renderFrames=54 interpolation=54 extrapolation=0 extrapolationCapped=0 extrapolationMaxMs=0.0 oldestHeld=0 zeroSpan=0 movingFrozen=0 teleport=0 visualStepAvgCm=0.00 visualStepMaxCm=0.00
[rubber-banding][remote-render] time=83.822 frame=7666 entity=1 latestHostTick=806 buffer=8 windowMs=1009.0 fps=53.5 snapshots=31 arrivalSamples=31 arrivalAvgMs=33.1 arrivalP95Ms=55.8 arrivalMaxMs=84.0 sameArrival=0 tickGapMax=2 renderFrames=54 interpolation=54 extrapolation=0 extrapolationCapped=0 extrapolationMaxMs=0.0 oldestHeld=0 zeroSpan=0 movingFrozen=0 teleport=0 visualStepAvgCm=7.43 visualStepMaxCm=26.78
[rubber-banding][large-step] time=83.822 frame=7666 focused=0 entity=1 buffer=8 count=1 maxStepCm=26.78 horizontalCm=26.78 verticalCm=0.00 frameDeltaMs=67.2 renderTickDelta=4.030 fromTick=760 toTick=762 tickSpan=2 receivedSpanMs=16.7 t=0.364 renderOffsetMs=-21.2 sourceHorizontalCm=13.29 sourceVerticalCm=0.00 fromGrounded=1 toGrounded=1 velocity=(1.732, -2.333, -3.591) expectedTravelCm=31.03 teleport=0 previous=(-0.013, 0.008, -0.590) rendered=(0.103, 0.008, -0.832)
[rubber-banding][remote-render] time=83.822 frame=7666 entity=3 latestHostTick=806 buffer=8 windowMs=1009.0 fps=53.5 snapshots=31 arrivalSamples=31 arrivalAvgMs=33.1 arrivalP95Ms=55.8 arrivalMaxMs=84.0 sameArrival=0 tickGapMax=2 renderFrames=54 interpolation=54 extrapolation=0 extrapolationCapped=0 extrapolationMaxMs=0.0 oldestHeld=0 zeroSpan=0 movingFrozen=0 teleport=0 visualStepAvgCm=0.00 visualStepMaxCm=0.00
[rubber-banding][remote-render] time=83.822 frame=7666 entity=4 latestHostTick=806 buffer=8 windowMs=1009.0 fps=53.5 snapshots=31 arrivalSamples=31 arrivalAvgMs=33.1 arrivalP95Ms=55.8 arrivalMaxMs=84.0 sameArrival=0 tickGapMax=2 renderFrames=54 interpolation=54 extrapolation=0 extrapolationCapped=0 extrapolationMaxMs=0.0 oldestHeld=0 zeroSpan=0 movingFrozen=0 teleport=0 visualStepAvgCm=0.00 visualStepMaxCm=0.00
[rubber-banding][remote-render] time=84.832 frame=7721 entity=1 latestHostTick=866 buffer=8 windowMs=1010.4 fps=54.4 snapshots=30 arrivalSamples=30 arrivalAvgMs=33.7 arrivalP95Ms=58.3 arrivalMaxMs=75.2 sameArrival=0 tickGapMax=2 renderFrames=55 interpolation=55 extrapolation=0 extrapolationCapped=0 extrapolationMaxMs=0.0 oldestHeld=0 zeroSpan=0 movingFrozen=0 teleport=0 visualStepAvgCm=2.83 visualStepMaxCm=24.70
[rubber-banding][remote-render] time=84.832 frame=7721 entity=3 latestHostTick=866 buffer=8 windowMs=1010.4 fps=54.4 snapshots=30 arrivalSamples=30 arrivalAvgMs=33.7 arrivalP95Ms=58.3 arrivalMaxMs=75.2 sameArrival=0 tickGapMax=2 renderFrames=55 interpolation=55 extrapolation=0 extrapolationCapped=0 extrapolationMaxMs=0.0 oldestHeld=0 zeroSpan=0 movingFrozen=0 teleport=0 visualStepAvgCm=0.00 visualStepMaxCm=0.00
[rubber-banding][remote-render] time=84.832 frame=7721 entity=4 latestHostTick=866 buffer=8 windowMs=1010.4 fps=54.4 snapshots=30 arrivalSamples=30 arrivalAvgMs=33.7 arrivalP95Ms=58.3 arrivalMaxMs=75.2 sameArrival=0 tickGapMax=2 renderFrames=55 interpolation=55 extrapolation=0 extrapolationCapped=0 extrapolationMaxMs=0.0 oldestHeld=0 zeroSpan=0 movingFrozen=0 teleport=0 visualStepAvgCm=0.00 visualStepMaxCm=0.00
[rubber-banding][remote-render] time=85.866 frame=7775 entity=1 latestHostTick=928 buffer=8 windowMs=1034.0 fps=52.2 snapshots=31 arrivalSamples=31 arrivalAvgMs=33.4 arrivalP95Ms=83.3 arrivalMaxMs=100.4 sameArrival=0 tickGapMax=2 renderFrames=54 interpolation=54 extrapolation=0 extrapolationCapped=0 extrapolationMaxMs=0.0 oldestHeld=0 zeroSpan=0 movingFrozen=0 teleport=0 visualStepAvgCm=4.74 visualStepMaxCm=26.62
[rubber-banding][large-step] time=85.866 frame=7775 focused=0 entity=1 buffer=8 count=1 maxStepCm=26.62 horizontalCm=26.62 verticalCm=0.00 frameDeltaMs=66.6 renderTickDelta=3.998 fromTick=906 toTick=908 tickSpan=2 receivedSpanMs=16.7 t=0.962 renderOffsetMs=-1.3 sourceHorizontalCm=13.33 sourceVerticalCm=0.00 fromGrounded=1 toGrounded=1 velocity=(-0.566, -2.333, 3.960) expectedTravelCm=30.85 teleport=0 previous=(2.748, 0.008, 1.444) rendered=(2.715, 0.008, 1.709)
[rubber-banding][remote-render] time=85.866 frame=7775 entity=3 latestHostTick=928 buffer=8 windowMs=1034.0 fps=52.2 snapshots=31 arrivalSamples=31 arrivalAvgMs=33.4 arrivalP95Ms=83.3 arrivalMaxMs=100.4 sameArrival=0 tickGapMax=2 renderFrames=54 interpolation=54 extrapolation=0 extrapolationCapped=0 extrapolationMaxMs=0.0 oldestHeld=0 zeroSpan=0 movingFrozen=0 teleport=0 visualStepAvgCm=0.00 visualStepMaxCm=0.00
[rubber-banding][remote-render] time=85.866 frame=7775 entity=4 latestHostTick=928 buffer=8 windowMs=1034.0 fps=52.2 snapshots=31 arrivalSamples=31 arrivalAvgMs=33.4 arrivalP95Ms=83.3 arrivalMaxMs=100.4 sameArrival=0 tickGapMax=2 renderFrames=54 interpolation=54 extrapolation=0 extrapolationCapped=0 extrapolationMaxMs=0.0 oldestHeld=0 zeroSpan=0 movingFrozen=0 teleport=0 visualStepAvgCm=0.00 visualStepMaxCm=0.00
Direct3D: detected that IDXGISwapChain::GetFrameStatistics is broken (it does not return proper timestamps). Delta time will now be calculated using cpu-side time stampling until the game window is moved.
[rubber-banding][remote-render] time=86.936 frame=7836 entity=1 latestHostTick=992 buffer=8 windowMs=1070.2 fps=57.0 snapshots=32 arrivalSamples=32 arrivalAvgMs=29.8 arrivalP95Ms=50.2 arrivalMaxMs=58.6 sameArrival=0 tickGapMax=2 renderFrames=61 interpolation=61 extrapolation=0 extrapolationCapped=0 extrapolationMaxMs=0.0 oldestHeld=0 zeroSpan=0 movingFrozen=0 teleport=0 visualStepAvgCm=7.02 visualStepMaxCm=46.69
[rubber-banding][large-step] time=86.936 frame=7836 focused=0 entity=1 buffer=8 count=1 maxStepCm=46.69 horizontalCm=46.69 verticalCm=0.00 frameDeltaMs=116.8 renderTickDelta=7.009 fromTick=988 toTick=990 tickSpan=2 receivedSpanMs=16.7 t=0.103 renderOffsetMs=-29.9 sourceHorizontalCm=13.30 sourceVerticalCm=0.00 fromGrounded=1 toGrounded=1 velocity=(-3.843, -2.333, -1.071) expectedTravelCm=53.99 teleport=0 previous=(-0.772, 0.008, 3.782) rendered=(-1.222, 0.008, 3.660)
[rubber-banding][remote-render] time=86.936 frame=7836 entity=3 latestHostTick=992 buffer=8 windowMs=1070.2 fps=57.0 snapshots=32 arrivalSamples=32 arrivalAvgMs=29.8 arrivalP95Ms=50.2 arrivalMaxMs=58.6 sameArrival=0 tickGapMax=2 renderFrames=61 interpolation=61 extrapolation=0 extrapolationCapped=0 extrapolationMaxMs=0.0 oldestHeld=0 zeroSpan=0 movingFrozen=0 teleport=0 visualStepAvgCm=0.00 visualStepMaxCm=0.00
[rubber-banding][remote-render] time=86.936 frame=7836 entity=4 latestHostTick=992 buffer=8 windowMs=1070.2 fps=57.0 snapshots=32 arrivalSamples=32 arrivalAvgMs=29.8 arrivalP95Ms=50.2 arrivalMaxMs=58.6 sameArrival=0 tickGapMax=2 renderFrames=61 interpolation=61 extrapolation=0 extrapolationCapped=0 extrapolationMaxMs=0.0 oldestHeld=0 zeroSpan=0 movingFrozen=0 teleport=0 visualStepAvgCm=0.00 visualStepMaxCm=0.00
[rubber-banding][remote-render] time=87.946 frame=7893 entity=1 latestHostTick=1052 buffer=8 windowMs=1009.6 fps=56.5 snapshots=30 arrivalSamples=30 arrivalAvgMs=37.0 arrivalP95Ms=58.8 arrivalMaxMs=150.6 sameArrival=0 tickGapMax=2 renderFrames=57 interpolation=57 extrapolation=0 extrapolationCapped=0 extrapolationMaxMs=0.0 oldestHeld=0 zeroSpan=0 movingFrozen=0 teleport=0 visualStepAvgCm=2.23 visualStepMaxCm=8.56
[rubber-banding][remote-render] time=87.946 frame=7893 entity=3 latestHostTick=1052 buffer=8 windowMs=1009.6 fps=56.5 snapshots=30 arrivalSamples=30 arrivalAvgMs=37.0 arrivalP95Ms=58.8 arrivalMaxMs=150.6 sameArrival=0 tickGapMax=2 renderFrames=57 interpolation=57 extrapolation=0 extrapolationCapped=0 extrapolationMaxMs=0.0 oldestHeld=0 zeroSpan=0 movingFrozen=0 teleport=0 visualStepAvgCm=0.00 visualStepMaxCm=0.00
[rubber-banding][remote-render] time=87.946 frame=7893 entity=4 latestHostTick=1052 buffer=8 windowMs=1009.6 fps=56.5 snapshots=30 arrivalSamples=30 arrivalAvgMs=37.0 arrivalP95Ms=58.8 arrivalMaxMs=150.6 sameArrival=0 tickGapMax=2 renderFrames=57 interpolation=57 extrapolation=0 extrapolationCapped=0 extrapolationMaxMs=0.0 oldestHeld=0 zeroSpan=0 movingFrozen=0 teleport=0 visualStepAvgCm=0.00 visualStepMaxCm=0.00
[rubber-banding][remote-render] time=88.949 frame=7947 entity=1 latestHostTick=1112 buffer=8 windowMs=1003.4 fps=53.8 snapshots=30 arrivalSamples=30 arrivalAvgMs=33.4 arrivalP95Ms=50.7 arrivalMaxMs=56.6 sameArrival=1 tickGapMax=2 renderFrames=54 interpolation=54 extrapolation=0 extrapolationCapped=0 extrapolationMaxMs=0.0 oldestHeld=0 zeroSpan=2 movingFrozen=0 teleport=0 visualStepAvgCm=7.33 visualStepMaxCm=16.04
[rubber-banding][remote-render] time=88.949 frame=7947 entity=3 latestHostTick=1112 buffer=8 windowMs=1003.4 fps=53.8 snapshots=30 arrivalSamples=30 arrivalAvgMs=33.4 arrivalP95Ms=50.7 arrivalMaxMs=56.6 sameArrival=1 tickGapMax=2 renderFrames=54 interpolation=54 extrapolation=0 extrapolationCapped=0 extrapolationMaxMs=0.0 oldestHeld=0 zeroSpan=2 movingFrozen=0 teleport=0 visualStepAvgCm=0.00 visualStepMaxCm=0.00
[rubber-banding][remote-render] time=88.949 frame=7947 entity=4 latestHostTick=1112 buffer=8 windowMs=1003.4 fps=53.8 snapshots=30 arrivalSamples=30 arrivalAvgMs=33.4 arrivalP95Ms=50.7 arrivalMaxMs=56.6 sameArrival=1 tickGapMax=2 renderFrames=54 interpolation=54 extrapolation=0 extrapolationCapped=0 extrapolationMaxMs=0.0 oldestHeld=0 zeroSpan=2 movingFrozen=0 teleport=0 visualStepAvgCm=0.00 visualStepMaxCm=0.00
[rubber-banding][remote-render] time=89.950 frame=8004 entity=1 latestHostTick=1172 buffer=8 windowMs=1001.1 fps=56.9 snapshots=30 arrivalSamples=30 arrivalAvgMs=33.4 arrivalP95Ms=41.6 arrivalMaxMs=42.6 sameArrival=0 tickGapMax=2 renderFrames=57 interpolation=57 extrapolation=0 extrapolationCapped=0 extrapolationMaxMs=0.0 oldestHeld=0 zeroSpan=0 movingFrozen=0 teleport=0 visualStepAvgCm=7.01 visualStepMaxCm=12.78
[rubber-banding][remote-render] time=89.950 frame=8004 entity=3 latestHostTick=1172 buffer=8 windowMs=1001.1 fps=56.9 snapshots=30 arrivalSamples=30 arrivalAvgMs=33.4 arrivalP95Ms=41.6 arrivalMaxMs=42.6 sameArrival=0 tickGapMax=2 renderFrames=57 interpolation=57 extrapolation=0 extrapolationCapped=0 extrapolationMaxMs=0.0 oldestHeld=0 zeroSpan=0 movingFrozen=0 teleport=0 visualStepAvgCm=0.00 visualStepMaxCm=0.00
[rubber-banding][remote-render] time=89.950 frame=8004 entity=4 latestHostTick=1172 buffer=8 windowMs=1001.1 fps=56.9 snapshots=30 arrivalSamples=30 arrivalAvgMs=33.4 arrivalP95Ms=41.6 arrivalMaxMs=42.6 sameArrival=0 tickGapMax=2 renderFrames=57 interpolation=57 extrapolation=0 extrapolationCapped=0 extrapolationMaxMs=0.0 oldestHeld=0 zeroSpan=0 movingFrozen=0 teleport=0 visualStepAvgCm=0.00 visualStepMaxCm=0.00
[rubber-banding][remote-render] time=90.971 frame=8061 entity=1 latestHostTick=1234 buffer=8 windowMs=1020.4 fps=55.9 snapshots=31 arrivalSamples=31 arrivalAvgMs=33.4 arrivalP95Ms=50.0 arrivalMaxMs=51.8 sameArrival=0 tickGapMax=2 renderFrames=57 interpolation=57 extrapolation=0 extrapolationCapped=0 extrapolationMaxMs=0.0 oldestHeld=0 zeroSpan=0 movingFrozen=0 teleport=0 visualStepAvgCm=6.32 visualStepMaxCm=13.39
[rubber-banding][remote-render] time=90.971 frame=8061 entity=3 latestHostTick=1234 buffer=8 windowMs=1020.4 fps=55.9 snapshots=31 arrivalSamples=31 arrivalAvgMs=33.4 arrivalP95Ms=50.0 arrivalMaxMs=51.8 sameArrival=0 tickGapMax=2 renderFrames=57 interpolation=57 extrapolation=0 extrapolationCapped=0 extrapolationMaxMs=0.0 oldestHeld=0 zeroSpan=0 movingFrozen=0 teleport=0 visualStepAvgCm=0.00 visualStepMaxCm=0.00
[rubber-banding][remote-render] time=90.971 frame=8061 entity=4 latestHostTick=1234 buffer=8 windowMs=1020.4 fps=55.9 snapshots=31 arrivalSamples=31 arrivalAvgMs=33.4 arrivalP95Ms=50.0 arrivalMaxMs=51.8 sameArrival=0 tickGapMax=2 renderFrames=57 interpolation=57 extrapolation=0 extrapolationCapped=0 extrapolationMaxMs=0.0 oldestHeld=0 zeroSpan=0 movingFrozen=0 teleport=0 visualStepAvgCm=0.00 visualStepMaxCm=0.00
[rubber-banding][remote-render] time=91.983 frame=8120 entity=1 latestHostTick=1294 buffer=8 windowMs=1012.1 fps=58.3 snapshots=30 arrivalSamples=30 arrivalAvgMs=33.2 arrivalP95Ms=42.2 arrivalMaxMs=43.2 sameArrival=0 tickGapMax=2 renderFrames=59 interpolation=59 extrapolation=0 extrapolationCapped=0 extrapolationMaxMs=0.0 oldestHeld=0 zeroSpan=0 movingFrozen=0 teleport=0 visualStepAvgCm=6.83 visualStepMaxCm=10.55
[rubber-banding][remote-render] time=91.983 frame=8120 entity=3 latestHostTick=1294 buffer=8 windowMs=1012.1 fps=58.3 snapshots=30 arrivalSamples=30 arrivalAvgMs=33.2 arrivalP95Ms=42.2 arrivalMaxMs=43.2 sameArrival=0 tickGapMax=2 renderFrames=59 interpolation=59 extrapolation=0 extrapolationCapped=0 extrapolationMaxMs=0.0 oldestHeld=0 zeroSpan=0 movingFrozen=0 teleport=0 visualStepAvgCm=0.00 visualStepMaxCm=0.00
[rubber-banding][remote-render] time=91.983 frame=8120 entity=4 latestHostTick=1294 buffer=8 windowMs=1012.1 fps=58.3 snapshots=30 arrivalSamples=30 arrivalAvgMs=33.2 arrivalP95Ms=42.2 arrivalMaxMs=43.2 sameArrival=0 tickGapMax=2 renderFrames=59 interpolation=59 extrapolation=0 extrapolationCapped=0 extrapolationMaxMs=0.0 oldestHeld=0 zeroSpan=0 movingFrozen=0 teleport=0 visualStepAvgCm=0.00 visualStepMaxCm=0.00
[rubber-banding][remote-render] time=92.990 frame=8178 entity=1 latestHostTick=1354 buffer=8 windowMs=1007.4 fps=57.6 snapshots=30 arrivalSamples=30 arrivalAvgMs=33.6 arrivalP95Ms=43.5 arrivalMaxMs=50.0 sameArrival=0 tickGapMax=2 renderFrames=58 interpolation=58 extrapolation=0 extrapolationCapped=0 extrapolationMaxMs=0.0 oldestHeld=0 zeroSpan=0 movingFrozen=0 teleport=0 visualStepAvgCm=5.26 visualStepMaxCm=13.06
[rubber-banding][remote-render] time=92.990 frame=8178 entity=3 latestHostTick=1354 buffer=8 windowMs=1007.4 fps=57.6 snapshots=30 arrivalSamples=30 arrivalAvgMs=33.6 arrivalP95Ms=43.5 arrivalMaxMs=50.0 sameArrival=0 tickGapMax=2 renderFrames=58 interpolation=58 extrapolation=0 extrapolationCapped=0 extrapolationMaxMs=0.0 oldestHeld=0 zeroSpan=0 movingFrozen=0 teleport=0 visualStepAvgCm=0.00 visualStepMaxCm=0.00
[rubber-banding][remote-render] time=92.990 frame=8178 entity=4 latestHostTick=1354 buffer=8 windowMs=1007.4 fps=57.6 snapshots=30 arrivalSamples=30 arrivalAvgMs=33.6 arrivalP95Ms=43.5 arrivalMaxMs=50.0 sameArrival=0 tickGapMax=2 renderFrames=58 interpolation=58 extrapolation=0 extrapolationCapped=0 extrapolationMaxMs=0.0 oldestHeld=0 zeroSpan=0 movingFrozen=0 teleport=0 visualStepAvgCm=0.00 visualStepMaxCm=0.00
[rubber-banding][remote-render] time=93.992 frame=8237 entity=1 latestHostTick=1414 buffer=8 windowMs=1001.9 fps=58.9 snapshots=30 arrivalSamples=30 arrivalAvgMs=33.4 arrivalP95Ms=42.1 arrivalMaxMs=51.2 sameArrival=0 tickGapMax=2 renderFrames=59 interpolation=59 extrapolation=0 extrapolationCapped=0 extrapolationMaxMs=0.0 oldestHeld=0 zeroSpan=0 movingFrozen=0 teleport=0 visualStepAvgCm=6.77 visualStepMaxCm=16.09
[rubber-banding][remote-render] time=93.992 frame=8237 entity=3 latestHostTick=1414 buffer=8 windowMs=1001.9 fps=58.9 snapshots=30 arrivalSamples=30 arrivalAvgMs=33.4 arrivalP95Ms=42.1 arrivalMaxMs=51.2 sameArrival=0 tickGapMax=2 renderFrames=59 interpolation=59 extrapolation=0 extrapolationCapped=0 extrapolationMaxMs=0.0 oldestHeld=0 zeroSpan=0 movingFrozen=0 teleport=0 visualStepAvgCm=0.00 visualStepMaxCm=0.00
[rubber-banding][remote-render] time=93.992 frame=8237 entity=4 latestHostTick=1414 buffer=8 windowMs=1001.9 fps=58.9 snapshots=30 arrivalSamples=30 arrivalAvgMs=33.4 arrivalP95Ms=42.1 arrivalMaxMs=51.2 sameArrival=0 tickGapMax=2 renderFrames=59 interpolation=59 extrapolation=0 extrapolationCapped=0 extrapolationMaxMs=0.0 oldestHeld=0 zeroSpan=0 movingFrozen=0 teleport=0 visualStepAvgCm=0.00 visualStepMaxCm=0.00
[rubber-banding][remote-render] time=94.993 frame=8296 entity=1 latestHostTick=1474 buffer=8 windowMs=1000.7 fps=59.0 snapshots=30 arrivalSamples=30 arrivalAvgMs=33.4 arrivalP95Ms=41.4 arrivalMaxMs=41.9 sameArrival=0 tickGapMax=2 renderFrames=59 interpolation=59 extrapolation=0 extrapolationCapped=0 extrapolationMaxMs=0.0 oldestHeld=0 zeroSpan=0 movingFrozen=0 teleport=0 visualStepAvgCm=6.74 visualStepMaxCm=11.17
[rubber-banding][remote-render] time=94.993 frame=8296 entity=3 latestHostTick=1474 buffer=8 windowMs=1000.7 fps=59.0 snapshots=30 arrivalSamples=30 arrivalAvgMs=33.4 arrivalP95Ms=41.4 arrivalMaxMs=41.9 sameArrival=0 tickGapMax=2 renderFrames=59 interpolation=59 extrapolation=0 extrapolationCapped=0 extrapolationMaxMs=0.0 oldestHeld=0 zeroSpan=0 movingFrozen=0 teleport=0 visualStepAvgCm=0.00 visualStepMaxCm=0.00
[rubber-banding][remote-render] time=94.993 frame=8296 entity=4 latestHostTick=1474 buffer=8 windowMs=1000.7 fps=59.0 snapshots=30 arrivalSamples=30 arrivalAvgMs=33.4 arrivalP95Ms=41.4 arrivalMaxMs=41.9 sameArrival=0 tickGapMax=2 renderFrames=59 interpolation=59 extrapolation=0 extrapolationCapped=0 extrapolationMaxMs=0.0 oldestHeld=0 zeroSpan=0 movingFrozen=0 teleport=0 visualStepAvgCm=0.00 visualStepMaxCm=0.00
[rubber-banding][remote-render] time=95.999 frame=8354 entity=1 latestHostTick=1534 buffer=8 windowMs=1006.7 fps=57.6 snapshots=30 arrivalSamples=30 arrivalAvgMs=33.5 arrivalP95Ms=47.3 arrivalMaxMs=51.4 sameArrival=0 tickGapMax=2 renderFrames=58 interpolation=58 extrapolation=0 extrapolationCapped=0 extrapolationMaxMs=0.0 oldestHeld=0 zeroSpan=0 movingFrozen=0 teleport=0 visualStepAvgCm=6.28 visualStepMaxCm=10.43
[rubber-banding][remote-render] time=95.999 frame=8354 entity=3 latestHostTick=1534 buffer=8 windowMs=1006.7 fps=57.6 snapshots=30 arrivalSamples=30 arrivalAvgMs=33.5 arrivalP95Ms=47.3 arrivalMaxMs=51.4 sameArrival=0 tickGapMax=2 renderFrames=58 interpolation=58 extrapolation=0 extrapolationCapped=0 extrapolationMaxMs=0.0 oldestHeld=0 zeroSpan=0 movingFrozen=0 teleport=0 visualStepAvgCm=0.00 visualStepMaxCm=0.00
[rubber-banding][remote-render] time=95.999 frame=8354 entity=4 latestHostTick=1534 buffer=8 windowMs=1006.7 fps=57.6 snapshots=30 arrivalSamples=30 arrivalAvgMs=33.5 arrivalP95Ms=47.3 arrivalMaxMs=51.4 sameArrival=0 tickGapMax=2 renderFrames=58 interpolation=58 extrapolation=0 extrapolationCapped=0 extrapolationMaxMs=0.0 oldestHeld=0 zeroSpan=0 movingFrozen=0 teleport=0 visualStepAvgCm=0.00 visualStepMaxCm=0.00
[rubber-banding][remote-render] time=97.028 frame=8409 entity=1 latestHostTick=1598 buffer=8 windowMs=1028.5 fps=53.5 snapshots=32 arrivalSamples=32 arrivalAvgMs=32.7 arrivalP95Ms=43.4 arrivalMaxMs=55.0 sameArrival=1 tickGapMax=2 renderFrames=55 interpolation=55 extrapolation=0 extrapolationCapped=0 extrapolationMaxMs=0.0 oldestHeld=0 zeroSpan=0 movingFrozen=0 teleport=0 visualStepAvgCm=7.44 visualStepMaxCm=17.13
[rubber-banding][remote-render] time=97.028 frame=8409 entity=3 latestHostTick=1598 buffer=8 windowMs=1028.5 fps=53.5 snapshots=32 arrivalSamples=32 arrivalAvgMs=32.7 arrivalP95Ms=43.4 arrivalMaxMs=55.0 sameArrival=1 tickGapMax=2 renderFrames=55 interpolation=55 extrapolation=0 extrapolationCapped=0 extrapolationMaxMs=0.0 oldestHeld=0 zeroSpan=0 movingFrozen=0 teleport=0 visualStepAvgCm=0.00 visualStepMaxCm=0.00
[rubber-banding][remote-render] time=97.028 frame=8409 entity=4 latestHostTick=1598 buffer=8 windowMs=1028.5 fps=53.5 snapshots=32 arrivalSamples=32 arrivalAvgMs=32.7 arrivalP95Ms=43.4 arrivalMaxMs=55.0 sameArrival=1 tickGapMax=2 renderFrames=55 interpolation=55 extrapolation=0 extrapolationCapped=0 extrapolationMaxMs=0.0 oldestHeld=0 zeroSpan=0 movingFrozen=0 teleport=0 visualStepAvgCm=0.00 visualStepMaxCm=0.00
[rubber-banding][remote-render] time=98.031 frame=8467 entity=1 latestHostTick=1658 buffer=8 windowMs=1002.6 fps=57.9 snapshots=30 arrivalSamples=30 arrivalAvgMs=33.1 arrivalP95Ms=48.1 arrivalMaxMs=50.1 sameArrival=0 tickGapMax=2 renderFrames=58 interpolation=58 extrapolation=0 extrapolationCapped=0 extrapolationMaxMs=0.0 oldestHeld=0 zeroSpan=1 movingFrozen=0 teleport=0 visualStepAvgCm=6.92 visualStepMaxCm=14.24
[rubber-banding][remote-render] time=98.031 frame=8467 entity=3 latestHostTick=1658 buffer=8 windowMs=1002.6 fps=57.9 snapshots=30 arrivalSamples=30 arrivalAvgMs=33.1 arrivalP95Ms=48.1 arrivalMaxMs=50.1 sameArrival=0 tickGapMax=2 renderFrames=58 interpolation=58 extrapolation=0 extrapolationCapped=0 extrapolationMaxMs=0.0 oldestHeld=0 zeroSpan=1 movingFrozen=0 teleport=0 visualStepAvgCm=0.00 visualStepMaxCm=0.00
[rubber-banding][remote-render] time=98.031 frame=8467 entity=4 latestHostTick=1658 buffer=8 windowMs=1002.6 fps=57.9 snapshots=30 arrivalSamples=30 arrivalAvgMs=33.1 arrivalP95Ms=48.1 arrivalMaxMs=50.1 sameArrival=0 tickGapMax=2 renderFrames=58 interpolation=58 extrapolation=0 extrapolationCapped=0 extrapolationMaxMs=0.0 oldestHeld=0 zeroSpan=1 movingFrozen=0 teleport=0 visualStepAvgCm=0.00 visualStepMaxCm=0.00
[rubber-banding][remote-render] time=99.042 frame=8526 entity=1 latestHostTick=1718 buffer=8 windowMs=1011.8 fps=58.3 snapshots=30 arrivalSamples=30 arrivalAvgMs=33.5 arrivalP95Ms=46.6 arrivalMaxMs=50.8 sameArrival=0 tickGapMax=2 renderFrames=59 interpolation=59 extrapolation=0 extrapolationCapped=0 extrapolationMaxMs=0.0 oldestHeld=0 zeroSpan=0 movingFrozen=0 teleport=0 visualStepAvgCm=6.85 visualStepMaxCm=12.62
[rubber-banding][remote-render] time=99.042 frame=8526 entity=3 latestHostTick=1718 buffer=8 windowMs=1011.8 fps=58.3 snapshots=30 arrivalSamples=30 arrivalAvgMs=33.5 arrivalP95Ms=46.6 arrivalMaxMs=50.8 sameArrival=0 tickGapMax=2 renderFrames=59 interpolation=59 extrapolation=0 extrapolationCapped=0 extrapolationMaxMs=0.0 oldestHeld=0 zeroSpan=0 movingFrozen=0 teleport=0 visualStepAvgCm=0.00 visualStepMaxCm=0.00
[rubber-banding][remote-render] time=99.042 frame=8526 entity=4 latestHostTick=1718 buffer=8 windowMs=1011.8 fps=58.3 snapshots=30 arrivalSamples=30 arrivalAvgMs=33.5 arrivalP95Ms=46.6 arrivalMaxMs=50.8 sameArrival=0 tickGapMax=2 renderFrames=59 interpolation=59 extrapolation=0 extrapolationCapped=0 extrapolationMaxMs=0.0 oldestHeld=0 zeroSpan=0 movingFrozen=0 teleport=0 visualStepAvgCm=0.00 visualStepMaxCm=0.00
[rubber-banding][remote-render] time=100.051 frame=8586 entity=1 latestHostTick=1778 buffer=8 windowMs=1008.9 fps=59.5 snapshots=30 arrivalSamples=30 arrivalAvgMs=33.6 arrivalP95Ms=33.5 arrivalMaxMs=44.8 sameArrival=0 tickGapMax=2 renderFrames=60 interpolation=60 extrapolation=0 extrapolationCapped=0 extrapolationMaxMs=0.0 oldestHeld=0 zeroSpan=0 movingFrozen=0 teleport=0 visualStepAvgCm=6.23 visualStepMaxCm=10.34
[rubber-banding][remote-render] time=100.051 frame=8586 entity=3 latestHostTick=1778 buffer=8 windowMs=1008.9 fps=59.5 snapshots=30 arrivalSamples=30 arrivalAvgMs=33.6 arrivalP95Ms=33.5 arrivalMaxMs=44.8 sameArrival=0 tickGapMax=2 renderFrames=60 interpolation=60 extrapolation=0 extrapolationCapped=0 extrapolationMaxMs=0.0 oldestHeld=0 zeroSpan=0 movingFrozen=0 teleport=0 visualStepAvgCm=0.00 visualStepMaxCm=0.00
[rubber-banding][remote-render] time=100.051 frame=8586 entity=4 latestHostTick=1778 buffer=8 windowMs=1008.9 fps=59.5 snapshots=30 arrivalSamples=30 arrivalAvgMs=33.6 arrivalP95Ms=33.5 arrivalMaxMs=44.8 sameArrival=0 tickGapMax=2 renderFrames=60 interpolation=60 extrapolation=0 extrapolationCapped=0 extrapolationMaxMs=0.0 oldestHeld=0 zeroSpan=0 movingFrozen=0 teleport=0 visualStepAvgCm=0.00 visualStepMaxCm=0.00
[rubber-banding][remote-render] time=101.057 frame=8643 entity=1 latestHostTick=1840 buffer=8 windowMs=1006.0 fps=56.7 snapshots=31 arrivalSamples=31 arrivalAvgMs=33.0 arrivalP95Ms=50.1 arrivalMaxMs=50.2 sameArrival=0 tickGapMax=2 renderFrames=57 interpolation=57 extrapolation=0 extrapolationCapped=0 extrapolationMaxMs=0.0 oldestHeld=0 zeroSpan=0 movingFrozen=0 teleport=0 visualStepAvgCm=0.18 visualStepMaxCm=4.35
[rubber-banding][remote-render] time=101.057 frame=8643 entity=3 latestHostTick=1840 buffer=8 windowMs=1006.0 fps=56.7 snapshots=31 arrivalSamples=31 arrivalAvgMs=33.0 arrivalP95Ms=50.1 arrivalMaxMs=50.2 sameArrival=0 tickGapMax=2 renderFrames=57 interpolation=57 extrapolation=0 extrapolationCapped=0 extrapolationMaxMs=0.0 oldestHeld=0 zeroSpan=0 movingFrozen=0 teleport=0 visualStepAvgCm=0.00 visualStepMaxCm=0.00
[rubber-banding][remote-render] time=101.057 frame=8643 entity=4 latestHostTick=1840 buffer=8 windowMs=1006.0 fps=56.7 snapshots=31 arrivalSamples=31 arrivalAvgMs=33.0 arrivalP95Ms=50.1 arrivalMaxMs=50.2 sameArrival=0 tickGapMax=2 renderFrames=57 interpolation=57 extrapolation=0 extrapolationCapped=0 extrapolationMaxMs=0.0 oldestHeld=0 zeroSpan=0 movingFrozen=0 teleport=0 visualStepAvgCm=0.00 visualStepMaxCm=0.00
[rubber-banding][remote-render] time=102.066 frame=8699 entity=1 latestHostTick=1898 buffer=8 windowMs=1008.9 fps=55.5 snapshots=29 arrivalSamples=29 arrivalAvgMs=33.5 arrivalP95Ms=51.6 arrivalMaxMs=89.4 sameArrival=2 tickGapMax=2 renderFrames=56 interpolation=56 extrapolation=0 extrapolationCapped=0 extrapolationMaxMs=0.0 oldestHeld=0 zeroSpan=5 movingFrozen=0 teleport=0 visualStepAvgCm=0.00 visualStepMaxCm=0.00
[rubber-banding][remote-render] time=102.066 frame=8699 entity=3 latestHostTick=1898 buffer=8 windowMs=1008.9 fps=55.5 snapshots=29 arrivalSamples=29 arrivalAvgMs=33.5 arrivalP95Ms=51.6 arrivalMaxMs=89.4 sameArrival=2 tickGapMax=2 renderFrames=56 interpolation=56 extrapolation=0 extrapolationCapped=0 extrapolationMaxMs=0.0 oldestHeld=0 zeroSpan=5 movingFrozen=0 teleport=0 visualStepAvgCm=0.00 visualStepMaxCm=0.00
[rubber-banding][remote-render] time=102.066 frame=8699 entity=4 latestHostTick=1898 buffer=8 windowMs=1008.9 fps=55.5 snapshots=29 arrivalSamples=29 arrivalAvgMs=33.5 arrivalP95Ms=51.6 arrivalMaxMs=89.4 sameArrival=2 tickGapMax=2 renderFrames=56 interpolation=56 extrapolation=0 extrapolationCapped=0 extrapolationMaxMs=0.0 oldestHeld=0 zeroSpan=5 movingFrozen=0 teleport=0 visualStepAvgCm=0.00 visualStepMaxCm=0.00
[rubber-banding][remote-render] time=103.074 frame=8757 entity=1 latestHostTick=1960 buffer=8 windowMs=1007.3 fps=57.6 snapshots=31 arrivalSamples=31 arrivalAvgMs=33.7 arrivalP95Ms=54.0 arrivalMaxMs=56.4 sameArrival=2 tickGapMax=2 renderFrames=58 interpolation=58 extrapolation=0 extrapolationCapped=0 extrapolationMaxMs=0.0 oldestHeld=0 zeroSpan=4 movingFrozen=0 teleport=0 visualStepAvgCm=0.00 visualStepMaxCm=0.00
[rubber-banding][remote-render] time=103.074 frame=8757 entity=3 latestHostTick=1960 buffer=8 windowMs=1007.3 fps=57.6 snapshots=31 arrivalSamples=31 arrivalAvgMs=33.7 arrivalP95Ms=54.0 arrivalMaxMs=56.4 sameArrival=2 tickGapMax=2 renderFrames=58 interpolation=58 extrapolation=0 extrapolationCapped=0 extrapolationMaxMs=0.0 oldestHeld=0 zeroSpan=4 movingFrozen=0 teleport=0 visualStepAvgCm=0.00 visualStepMaxCm=0.00
[rubber-banding][remote-render] time=103.074 frame=8757 entity=4 latestHostTick=1960 buffer=8 windowMs=1007.3 fps=57.6 snapshots=31 arrivalSamples=31 arrivalAvgMs=33.7 arrivalP95Ms=54.0 arrivalMaxMs=56.4 sameArrival=2 tickGapMax=2 renderFrames=58 interpolation=58 extrapolation=0 extrapolationCapped=0 extrapolationMaxMs=0.0 oldestHeld=0 zeroSpan=4 movingFrozen=0 teleport=0 visualStepAvgCm=0.00 visualStepMaxCm=0.00
[rubber-banding][remote-render] time=104.081 frame=8864 entity=1 latestHostTick=2020 buffer=8 windowMs=1007.0 fps=106.3 snapshots=30 arrivalSamples=30 arrivalAvgMs=33.6 arrivalP95Ms=58.4 arrivalMaxMs=66.7 sameArrival=0 tickGapMax=2 renderFrames=107 interpolation=107 extrapolation=0 extrapolationCapped=0 extrapolationMaxMs=0.0 oldestHeld=0 zeroSpan=0 movingFrozen=0 teleport=0 visualStepAvgCm=0.00 visualStepMaxCm=0.00
[rubber-banding][remote-render] time=104.081 frame=8864 entity=3 latestHostTick=2020 buffer=8 windowMs=1007.0 fps=106.3 snapshots=30 arrivalSamples=30 arrivalAvgMs=33.6 arrivalP95Ms=58.4 arrivalMaxMs=66.7 sameArrival=0 tickGapMax=2 renderFrames=107 interpolation=107 extrapolation=0 extrapolationCapped=0 extrapolationMaxMs=0.0 oldestHeld=0 zeroSpan=0 movingFrozen=0 teleport=0 visualStepAvgCm=0.00 visualStepMaxCm=0.00
[rubber-banding][remote-render] time=104.081 frame=8864 entity=4 latestHostTick=2020 buffer=8 windowMs=1007.0 fps=106.3 snapshots=30 arrivalSamples=30 arrivalAvgMs=33.6 arrivalP95Ms=58.4 arrivalMaxMs=66.7 sameArrival=0 tickGapMax=2 renderFrames=107 interpolation=107 extrapolation=0 extrapolationCapped=0 extrapolationMaxMs=0.0 oldestHeld=0 zeroSpan=0 movingFrozen=0 teleport=0 visualStepAvgCm=0.00 visualStepMaxCm=0.00
[rubber-banding][remote-render] time=105.081 frame=8970 entity=1 latestHostTick=2080 buffer=8 windowMs=1000.0 fps=106.0 snapshots=30 arrivalSamples=30 arrivalAvgMs=33.1 arrivalP95Ms=58.4 arrivalMaxMs=58.4 sameArrival=0 tickGapMax=2 renderFrames=106 interpolation=106 extrapolation=0 extrapolationCapped=0 extrapolationMaxMs=0.0 oldestHeld=0 zeroSpan=0 movingFrozen=0 teleport=0 visualStepAvgCm=0.00 visualStepMaxCm=0.00
[rubber-banding][remote-render] time=105.081 frame=8970 entity=3 latestHostTick=2080 buffer=8 windowMs=1000.0 fps=106.0 snapshots=30 arrivalSamples=30 arrivalAvgMs=33.1 arrivalP95Ms=58.4 arrivalMaxMs=58.4 sameArrival=0 tickGapMax=2 renderFrames=106 interpolation=106 extrapolation=0 extrapolationCapped=0 extrapolationMaxMs=0.0 oldestHeld=0 zeroSpan=0 movingFrozen=0 teleport=0 visualStepAvgCm=0.00 visualStepMaxCm=0.00
[rubber-banding][remote-render] time=105.081 frame=8970 entity=4 latestHostTick=2080 buffer=8 windowMs=1000.0 fps=106.0 snapshots=30 arrivalSamples=30 arrivalAvgMs=33.1 arrivalP95Ms=58.4 arrivalMaxMs=58.4 sameArrival=0 tickGapMax=2 renderFrames=106 interpolation=106 extrapolation=0 extrapolationCapped=0 extrapolationMaxMs=0.0 oldestHeld=0 zeroSpan=0 movingFrozen=0 teleport=0 visualStepAvgCm=0.00 visualStepMaxCm=0.00
[rubber-banding][remote-render] time=106.106 frame=9079 entity=1 latestHostTick=2142 buffer=8 windowMs=1025.0 fps=106.3 snapshots=31 arrivalSamples=31 arrivalAvgMs=33.3 arrivalP95Ms=50.0 arrivalMaxMs=58.4 sameArrival=0 tickGapMax=2 renderFrames=109 interpolation=109 extrapolation=0 extrapolationCapped=0 extrapolationMaxMs=0.0 oldestHeld=0 zeroSpan=0 movingFrozen=0 teleport=0 visualStepAvgCm=0.00 visualStepMaxCm=0.00
[rubber-banding][remote-render] time=106.106 frame=9079 entity=3 latestHostTick=2142 buffer=8 windowMs=1025.0 fps=106.3 snapshots=31 arrivalSamples=31 arrivalAvgMs=33.3 arrivalP95Ms=50.0 arrivalMaxMs=58.4 sameArrival=0 tickGapMax=2 renderFrames=109 interpolation=109 extrapolation=0 extrapolationCapped=0 extrapolationMaxMs=0.0 oldestHeld=0 zeroSpan=0 movingFrozen=0 teleport=0 visualStepAvgCm=0.00 visualStepMaxCm=0.00
[rubber-banding][remote-render] time=106.106 frame=9079 entity=4 latestHostTick=2142 buffer=8 windowMs=1025.0 fps=106.3 snapshots=31 arrivalSamples=31 arrivalAvgMs=33.3 arrivalP95Ms=50.0 arrivalMaxMs=58.4 sameArrival=0 tickGapMax=2 renderFrames=109 interpolation=109 extrapolation=0 extrapolationCapped=0 extrapolationMaxMs=0.0 oldestHeld=0 zeroSpan=0 movingFrozen=0 teleport=0 visualStepAvgCm=0.00 visualStepMaxCm=0.00
[rubber-banding][remote-render] time=107.106 frame=9182 entity=1 latestHostTick=2200 buffer=8 windowMs=1000.2 fps=103.0 snapshots=29 arrivalSamples=29 arrivalAvgMs=33.1 arrivalP95Ms=58.3 arrivalMaxMs=58.4 sameArrival=1 tickGapMax=2 renderFrames=103 interpolation=103 extrapolation=0 extrapolationCapped=0 extrapolationMaxMs=0.0 oldestHeld=0 zeroSpan=4 movingFrozen=0 teleport=0 visualStepAvgCm=0.00 visualStepMaxCm=0.00
[rubber-banding][remote-render] time=107.106 frame=9182 entity=3 latestHostTick=2200 buffer=8 windowMs=1000.2 fps=103.0 snapshots=29 arrivalSamples=29 arrivalAvgMs=33.1 arrivalP95Ms=58.3 arrivalMaxMs=58.4 sameArrival=1 tickGapMax=2 renderFrames=103 interpolation=103 extrapolation=0 extrapolationCapped=0 extrapolationMaxMs=0.0 oldestHeld=0 zeroSpan=4 movingFrozen=0 teleport=0 visualStepAvgCm=0.00 visualStepMaxCm=0.00
[rubber-banding][remote-render] time=107.106 frame=9182 entity=4 latestHostTick=2200 buffer=8 windowMs=1000.2 fps=103.0 snapshots=29 arrivalSamples=29 arrivalAvgMs=33.1 arrivalP95Ms=58.3 arrivalMaxMs=58.4 sameArrival=1 tickGapMax=2 renderFrames=103 interpolation=103 extrapolation=0 extrapolationCapped=0 extrapolationMaxMs=0.0 oldestHeld=0 zeroSpan=4 movingFrozen=0 teleport=0 visualStepAvgCm=0.00 visualStepMaxCm=0.00
[rubber-banding][remote-render] time=108.114 frame=9279 entity=1 latestHostTick=2262 buffer=8 windowMs=1008.2 fps=96.2 snapshots=31 arrivalSamples=31 arrivalAvgMs=33.6 arrivalP95Ms=50.0 arrivalMaxMs=58.4 sameArrival=2 tickGapMax=2 renderFrames=97 interpolation=97 extrapolation=0 extrapolationCapped=0 extrapolationMaxMs=0.0 oldestHeld=0 zeroSpan=8 movingFrozen=0 teleport=0 visualStepAvgCm=0.00 visualStepMaxCm=0.00
[rubber-banding][remote-render] time=108.114 frame=9279 entity=3 latestHostTick=2262 buffer=8 windowMs=1008.2 fps=96.2 snapshots=31 arrivalSamples=31 arrivalAvgMs=33.6 arrivalP95Ms=50.0 arrivalMaxMs=58.4 sameArrival=2 tickGapMax=2 renderFrames=97 interpolation=97 extrapolation=0 extrapolationCapped=0 extrapolationMaxMs=0.0 oldestHeld=0 zeroSpan=8 movingFrozen=0 teleport=0 visualStepAvgCm=0.00 visualStepMaxCm=0.00
[rubber-banding][remote-render] time=108.114 frame=9279 entity=4 latestHostTick=2262 buffer=8 windowMs=1008.2 fps=96.2 snapshots=31 arrivalSamples=31 arrivalAvgMs=33.6 arrivalP95Ms=50.0 arrivalMaxMs=58.4 sameArrival=2 tickGapMax=2 renderFrames=97 interpolation=97 extrapolation=0 extrapolationCapped=0 extrapolationMaxMs=0.0 oldestHeld=0 zeroSpan=8 movingFrozen=0 teleport=0 visualStepAvgCm=0.00 visualStepMaxCm=0.00
[rubber-banding][remote-render] time=109.131 frame=9382 entity=1 latestHostTick=2324 buffer=8 windowMs=1016.7 fps=101.3 snapshots=31 arrivalSamples=31 arrivalAvgMs=33.1 arrivalP95Ms=50.0 arrivalMaxMs=50.2 sameArrival=0 tickGapMax=2 renderFrames=103 interpolation=103 extrapolation=0 extrapolationCapped=0 extrapolationMaxMs=0.0 oldestHeld=0 zeroSpan=0 movingFrozen=0 teleport=0 visualStepAvgCm=0.00 visualStepMaxCm=0.00
[rubber-banding][remote-render] time=109.131 frame=9382 entity=3 latestHostTick=2324 buffer=8 windowMs=1016.7 fps=101.3 snapshots=31 arrivalSamples=31 arrivalAvgMs=33.1 arrivalP95Ms=50.0 arrivalMaxMs=50.2 sameArrival=0 tickGapMax=2 renderFrames=103 interpolation=103 extrapolation=0 extrapolationCapped=0 extrapolationMaxMs=0.0 oldestHeld=0 zeroSpan=0 movingFrozen=0 teleport=0 visualStepAvgCm=0.00 visualStepMaxCm=0.00
[rubber-banding][remote-render] time=109.131 frame=9382 entity=4 latestHostTick=2324 buffer=8 windowMs=1016.7 fps=101.3 snapshots=31 arrivalSamples=31 arrivalAvgMs=33.1 arrivalP95Ms=50.0 arrivalMaxMs=50.2 sameArrival=0 tickGapMax=2 renderFrames=103 interpolation=103 extrapolation=0 extrapolationCapped=0 extrapolationMaxMs=0.0 oldestHeld=0 zeroSpan=0 movingFrozen=0 teleport=0 visualStepAvgCm=0.00 visualStepMaxCm=0.00
[rubber-banding][remote-render] time=110.139 frame=9489 entity=1 latestHostTick=2382 buffer=8 windowMs=1008.2 fps=106.1 snapshots=29 arrivalSamples=29 arrivalAvgMs=33.3 arrivalP95Ms=50.3 arrivalMaxMs=58.3 sameArrival=0 tickGapMax=2 renderFrames=107 interpolation=107 extrapolation=0 extrapolationCapped=0 extrapolationMaxMs=0.0 oldestHeld=0 zeroSpan=0 movingFrozen=0 teleport=0 visualStepAvgCm=0.00 visualStepMaxCm=0.00
[rubber-banding][remote-render] time=110.139 frame=9489 entity=3 latestHostTick=2382 buffer=8 windowMs=1008.2 fps=106.1 snapshots=29 arrivalSamples=29 arrivalAvgMs=33.3 arrivalP95Ms=50.3 arrivalMaxMs=58.3 sameArrival=0 tickGapMax=2 renderFrames=107 interpolation=107 extrapolation=0 extrapolationCapped=0 extrapolationMaxMs=0.0 oldestHeld=0 zeroSpan=0 movingFrozen=0 teleport=0 visualStepAvgCm=0.00 visualStepMaxCm=0.00
[rubber-banding][remote-render] time=110.139 frame=9489 entity=4 latestHostTick=2382 buffer=8 windowMs=1008.2 fps=106.1 snapshots=29 arrivalSamples=29 arrivalAvgMs=33.3 arrivalP95Ms=50.3 arrivalMaxMs=58.3 sameArrival=0 tickGapMax=2 renderFrames=107 interpolation=107 extrapolation=0 extrapolationCapped=0 extrapolationMaxMs=0.0 oldestHeld=0 zeroSpan=0 movingFrozen=0 teleport=0 visualStepAvgCm=0.00 visualStepMaxCm=0.00
[rubber-banding][remote-render] time=111.147 frame=9587 entity=1 latestHostTick=2444 buffer=8 windowMs=1008.3 fps=97.2 snapshots=31 arrivalSamples=31 arrivalAvgMs=33.3 arrivalP95Ms=58.3 arrivalMaxMs=58.3 sameArrival=3 tickGapMax=2 renderFrames=98 interpolation=98 extrapolation=0 extrapolationCapped=0 extrapolationMaxMs=0.0 oldestHeld=0 zeroSpan=12 movingFrozen=0 teleport=0 visualStepAvgCm=0.00 visualStepMaxCm=0.00
[rubber-banding][remote-render] time=111.147 frame=9587 entity=3 latestHostTick=2444 buffer=8 windowMs=1008.3 fps=97.2 snapshots=31 arrivalSamples=31 arrivalAvgMs=33.3 arrivalP95Ms=58.3 arrivalMaxMs=58.3 sameArrival=3 tickGapMax=2 renderFrames=98 interpolation=98 extrapolation=0 extrapolationCapped=0 extrapolationMaxMs=0.0 oldestHeld=0 zeroSpan=12 movingFrozen=0 teleport=0 visualStepAvgCm=0.00 visualStepMaxCm=0.00
[rubber-banding][remote-render] time=111.147 frame=9587 entity=4 latestHostTick=2444 buffer=8 windowMs=1008.3 fps=97.2 snapshots=31 arrivalSamples=31 arrivalAvgMs=33.3 arrivalP95Ms=58.3 arrivalMaxMs=58.3 sameArrival=3 tickGapMax=2 renderFrames=98 interpolation=98 extrapolation=0 extrapolationCapped=0 extrapolationMaxMs=0.0 oldestHeld=0 zeroSpan=12 movingFrozen=0 teleport=0 visualStepAvgCm=0.00 visualStepMaxCm=0.00
[rubber-banding][remote-render] time=112.147 frame=9689 entity=1 latestHostTick=2504 buffer=8 windowMs=1000.0 fps=102.0 snapshots=30 arrivalSamples=30 arrivalAvgMs=33.1 arrivalP95Ms=50.0 arrivalMaxMs=66.6 sameArrival=1 tickGapMax=2 renderFrames=102 interpolation=102 extrapolation=0 extrapolationCapped=0 extrapolationMaxMs=0.0 oldestHeld=0 zeroSpan=4 movingFrozen=0 teleport=0 visualStepAvgCm=0.00 visualStepMaxCm=0.00
[rubber-banding][remote-render] time=112.147 frame=9689 entity=3 latestHostTick=2504 buffer=8 windowMs=1000.0 fps=102.0 snapshots=30 arrivalSamples=30 arrivalAvgMs=33.1 arrivalP95Ms=50.0 arrivalMaxMs=66.6 sameArrival=1 tickGapMax=2 renderFrames=102 interpolation=102 extrapolation=0 extrapolationCapped=0 extrapolationMaxMs=0.0 oldestHeld=0 zeroSpan=4 movingFrozen=0 teleport=0 visualStepAvgCm=0.00 visualStepMaxCm=0.00
[rubber-banding][remote-render] time=112.147 frame=9689 entity=4 latestHostTick=2504 buffer=8 windowMs=1000.0 fps=102.0 snapshots=30 arrivalSamples=30 arrivalAvgMs=33.1 arrivalP95Ms=50.0 arrivalMaxMs=66.6 sameArrival=1 tickGapMax=2 renderFrames=102 interpolation=102 extrapolation=0 extrapolationCapped=0 extrapolationMaxMs=0.0 oldestHeld=0 zeroSpan=4 movingFrozen=0 teleport=0 visualStepAvgCm=0.00 visualStepMaxCm=0.00
[rubber-banding][remote-render] time=113.147 frame=9792 entity=1 latestHostTick=2564 buffer=8 windowMs=1000.1 fps=103.0 snapshots=30 arrivalSamples=30 arrivalAvgMs=33.6 arrivalP95Ms=50.0 arrivalMaxMs=66.7 sameArrival=1 tickGapMax=2 renderFrames=103 interpolation=103 extrapolation=0 extrapolationCapped=0 extrapolationMaxMs=0.0 oldestHeld=0 zeroSpan=3 movingFrozen=0 teleport=0 visualStepAvgCm=0.00 visualStepMaxCm=0.00
[rubber-banding][remote-render] time=113.147 frame=9792 entity=3 latestHostTick=2564 buffer=8 windowMs=1000.1 fps=103.0 snapshots=30 arrivalSamples=30 arrivalAvgMs=33.6 arrivalP95Ms=50.0 arrivalMaxMs=66.7 sameArrival=1 tickGapMax=2 renderFrames=103 interpolation=103 extrapolation=0 extrapolationCapped=0 extrapolationMaxMs=0.0 oldestHeld=0 zeroSpan=3 movingFrozen=0 teleport=0 visualStepAvgCm=0.00 visualStepMaxCm=0.00
[rubber-banding][remote-render] time=113.147 frame=9792 entity=4 latestHostTick=2564 buffer=8 windowMs=1000.1 fps=103.0 snapshots=30 arrivalSamples=30 arrivalAvgMs=33.6 arrivalP95Ms=50.0 arrivalMaxMs=66.7 sameArrival=1 tickGapMax=2 renderFrames=103 interpolation=103 extrapolation=0 extrapolationCapped=0 extrapolationMaxMs=0.0 oldestHeld=0 zeroSpan=3 movingFrozen=0 teleport=0 visualStepAvgCm=0.00 visualStepMaxCm=0.00
[rubber-banding][remote-render] time=114.156 frame=9892 entity=1 latestHostTick=2624 buffer=8 windowMs=1008.3 fps=99.2 snapshots=30 arrivalSamples=30 arrivalAvgMs=33.3 arrivalP95Ms=50.3 arrivalMaxMs=58.3 sameArrival=1 tickGapMax=2 renderFrames=100 interpolation=100 extrapolation=0 extrapolationCapped=0 extrapolationMaxMs=0.0 oldestHeld=0 zeroSpan=4 movingFrozen=0 teleport=0 visualStepAvgCm=0.00 visualStepMaxCm=0.00
[rubber-banding][remote-render] time=114.156 frame=9892 entity=3 latestHostTick=2624 buffer=8 windowMs=1008.3 fps=99.2 snapshots=30 arrivalSamples=30 arrivalAvgMs=33.3 arrivalP95Ms=50.3 arrivalMaxMs=58.3 sameArrival=1 tickGapMax=2 renderFrames=100 interpolation=100 extrapolation=0 extrapolationCapped=0 extrapolationMaxMs=0.0 oldestHeld=0 zeroSpan=4 movingFrozen=0 teleport=0 visualStepAvgCm=0.00 visualStepMaxCm=0.00
[rubber-banding][remote-render] time=114.156 frame=9892 entity=4 latestHostTick=2624 buffer=8 windowMs=1008.3 fps=99.2 snapshots=30 arrivalSamples=30 arrivalAvgMs=33.3 arrivalP95Ms=50.3 arrivalMaxMs=58.3 sameArrival=1 tickGapMax=2 renderFrames=100 interpolation=100 extrapolation=0 extrapolationCapped=0 extrapolationMaxMs=0.0 oldestHeld=0 zeroSpan=4 movingFrozen=0 teleport=0 visualStepAvgCm=0.00 visualStepMaxCm=0.00
[rubber-banding][remote-render] time=115.156 frame=9993 entity=1 latestHostTick=2684 buffer=8 windowMs=1000.0 fps=101.0 snapshots=30 arrivalSamples=30 arrivalAvgMs=33.6 arrivalP95Ms=50.1 arrivalMaxMs=58.2 sameArrival=2 tickGapMax=2 renderFrames=101 interpolation=101 extrapolation=0 extrapolationCapped=0 extrapolationMaxMs=0.0 oldestHeld=0 zeroSpan=8 movingFrozen=0 teleport=0 visualStepAvgCm=0.00 visualStepMaxCm=0.00
[rubber-banding][remote-render] time=115.156 frame=9993 entity=3 latestHostTick=2684 buffer=8 windowMs=1000.0 fps=101.0 snapshots=30 arrivalSamples=30 arrivalAvgMs=33.6 arrivalP95Ms=50.1 arrivalMaxMs=58.2 sameArrival=2 tickGapMax=2 renderFrames=101 interpolation=101 extrapolation=0 extrapolationCapped=0 extrapolationMaxMs=0.0 oldestHeld=0 zeroSpan=8 movingFrozen=0 teleport=0 visualStepAvgCm=0.00 visualStepMaxCm=0.00
[rubber-banding][remote-render] time=115.156 frame=9993 entity=4 latestHostTick=2684 buffer=8 windowMs=1000.0 fps=101.0 snapshots=30 arrivalSamples=30 arrivalAvgMs=33.6 arrivalP95Ms=50.1 arrivalMaxMs=58.2 sameArrival=2 tickGapMax=2 renderFrames=101 interpolation=101 extrapolation=0 extrapolationCapped=0 extrapolationMaxMs=0.0 oldestHeld=0 zeroSpan=8 movingFrozen=0 teleport=0 visualStepAvgCm=0.00 visualStepMaxCm=0.00
[rubber-banding][remote-render] time=116.156 frame=10096 entity=1 latestHostTick=2744 buffer=8 windowMs=1000.0 fps=103.0 snapshots=30 arrivalSamples=30 arrivalAvgMs=33.6 arrivalP95Ms=58.0 arrivalMaxMs=58.1 sameArrival=1 tickGapMax=2 renderFrames=103 interpolation=103 extrapolation=0 extrapolationCapped=0 extrapolationMaxMs=0.0 oldestHeld=0 zeroSpan=4 movingFrozen=0 teleport=0 visualStepAvgCm=0.00 visualStepMaxCm=0.00
[rubber-banding][remote-render] time=116.156 frame=10096 entity=3 latestHostTick=2744 buffer=8 windowMs=1000.0 fps=103.0 snapshots=30 arrivalSamples=30 arrivalAvgMs=33.6 arrivalP95Ms=58.0 arrivalMaxMs=58.1 sameArrival=1 tickGapMax=2 renderFrames=103 interpolation=103 extrapolation=0 extrapolationCapped=0 extrapolationMaxMs=0.0 oldestHeld=0 zeroSpan=4 movingFrozen=0 teleport=0 visualStepAvgCm=0.00 visualStepMaxCm=0.00
[rubber-banding][remote-render] time=116.156 frame=10096 entity=4 latestHostTick=2744 buffer=8 windowMs=1000.0 fps=103.0 snapshots=30 arrivalSamples=30 arrivalAvgMs=33.6 arrivalP95Ms=58.0 arrivalMaxMs=58.1 sameArrival=1 tickGapMax=2 renderFrames=103 interpolation=103 extrapolation=0 extrapolationCapped=0 extrapolationMaxMs=0.0 oldestHeld=0 zeroSpan=4 movingFrozen=0 teleport=0 visualStepAvgCm=0.00 visualStepMaxCm=0.00
[rubber-banding][remote-render] time=117.197 frame=10202 entity=1 latestHostTick=2808 buffer=8 windowMs=1041.7 fps=101.8 snapshots=32 arrivalSamples=32 arrivalAvgMs=32.8 arrivalP95Ms=50.0 arrivalMaxMs=50.1 sameArrival=1 tickGapMax=2 renderFrames=106 interpolation=106 extrapolation=0 extrapolationCapped=0 extrapolationMaxMs=0.0 oldestHeld=0 zeroSpan=0 movingFrozen=0 teleport=0 visualStepAvgCm=0.00 visualStepMaxCm=0.00
[rubber-banding][remote-render] time=117.197 frame=10202 entity=3 latestHostTick=2808 buffer=8 windowMs=1041.7 fps=101.8 snapshots=32 arrivalSamples=32 arrivalAvgMs=32.8 arrivalP95Ms=50.0 arrivalMaxMs=50.1 sameArrival=1 tickGapMax=2 renderFrames=106 interpolation=106 extrapolation=0 extrapolationCapped=0 extrapolationMaxMs=0.0 oldestHeld=0 zeroSpan=0 movingFrozen=0 teleport=0 visualStepAvgCm=0.00 visualStepMaxCm=0.00
[rubber-banding][remote-render] time=117.197 frame=10202 entity=4 latestHostTick=2808 buffer=8 windowMs=1041.7 fps=101.8 snapshots=32 arrivalSamples=32 arrivalAvgMs=32.8 arrivalP95Ms=50.0 arrivalMaxMs=50.1 sameArrival=1 tickGapMax=2 renderFrames=106 interpolation=106 extrapolation=0 extrapolationCapped=0 extrapolationMaxMs=0.0 oldestHeld=0 zeroSpan=0 movingFrozen=0 teleport=0 visualStepAvgCm=0.00 visualStepMaxCm=0.00
[rubber-banding][remote-render] time=118.206 frame=10307 entity=1 latestHostTick=2868 buffer=8 windowMs=1008.4 fps=104.1 snapshots=30 arrivalSamples=30 arrivalAvgMs=33.3 arrivalP95Ms=66.9 arrivalMaxMs=83.4 sameArrival=2 tickGapMax=2 renderFrames=105 interpolation=105 extrapolation=0 extrapolationCapped=0 extrapolationMaxMs=0.0 oldestHeld=0 zeroSpan=11 movingFrozen=0 teleport=0 visualStepAvgCm=0.00 visualStepMaxCm=0.00
[rubber-banding][remote-render] time=118.206 frame=10307 entity=3 latestHostTick=2868 buffer=8 windowMs=1008.4 fps=104.1 snapshots=30 arrivalSamples=30 arrivalAvgMs=33.3 arrivalP95Ms=66.9 arrivalMaxMs=83.4 sameArrival=2 tickGapMax=2 renderFrames=105 interpolation=105 extrapolation=0 extrapolationCapped=0 extrapolationMaxMs=0.0 oldestHeld=0 zeroSpan=11 movingFrozen=0 teleport=0 visualStepAvgCm=0.00 visualStepMaxCm=0.00
[rubber-banding][remote-render] time=118.206 frame=10307 entity=4 latestHostTick=2868 buffer=8 windowMs=1008.4 fps=104.1 snapshots=30 arrivalSamples=30 arrivalAvgMs=33.3 arrivalP95Ms=66.9 arrivalMaxMs=83.4 sameArrival=2 tickGapMax=2 renderFrames=105 interpolation=105 extrapolation=0 extrapolationCapped=0 extrapolationMaxMs=0.0 oldestHeld=0 zeroSpan=11 movingFrozen=0 teleport=0 visualStepAvgCm=0.00 visualStepMaxCm=0.00
[rubber-banding][remote-render] time=119.214 frame=10404 entity=1 latestHostTick=2928 buffer=8 windowMs=1008.2 fps=96.2 snapshots=30 arrivalSamples=30 arrivalAvgMs=33.6 arrivalP95Ms=58.4 arrivalMaxMs=66.9 sameArrival=0 tickGapMax=2 renderFrames=97 interpolation=97 extrapolation=0 extrapolationCapped=0 extrapolationMaxMs=0.0 oldestHeld=0 zeroSpan=0 movingFrozen=0 teleport=0 visualStepAvgCm=0.00 visualStepMaxCm=0.00
[rubber-banding][remote-render] time=119.214 frame=10404 entity=3 latestHostTick=2928 buffer=8 windowMs=1008.2 fps=96.2 snapshots=30 arrivalSamples=30 arrivalAvgMs=33.6 arrivalP95Ms=58.4 arrivalMaxMs=66.9 sameArrival=0 tickGapMax=2 renderFrames=97 interpolation=97 extrapolation=0 extrapolationCapped=0 extrapolationMaxMs=0.0 oldestHeld=0 zeroSpan=0 movingFrozen=0 teleport=0 visualStepAvgCm=0.00 visualStepMaxCm=0.00
[rubber-banding][remote-render] time=119.214 frame=10404 entity=4 latestHostTick=2928 buffer=8 windowMs=1008.2 fps=96.2 snapshots=30 arrivalSamples=30 arrivalAvgMs=33.6 arrivalP95Ms=58.4 arrivalMaxMs=66.9 sameArrival=0 tickGapMax=2 renderFrames=97 interpolation=97 extrapolation=0 extrapolationCapped=0 extrapolationMaxMs=0.0 oldestHeld=0 zeroSpan=0 movingFrozen=0 teleport=0 visualStepAvgCm=0.00 visualStepMaxCm=0.00
[rubber-banding][remote-render] time=120.214 frame=10506 entity=1 latestHostTick=2988 buffer=8 windowMs=1000.1 fps=102.0 snapshots=30 arrivalSamples=30 arrivalAvgMs=33.3 arrivalP95Ms=50.1 arrivalMaxMs=75.0 sameArrival=2 tickGapMax=2 renderFrames=102 interpolation=102 extrapolation=0 extrapolationCapped=0 extrapolationMaxMs=0.0 oldestHeld=0 zeroSpan=4 movingFrozen=0 teleport=0 visualStepAvgCm=0.00 visualStepMaxCm=0.00
[rubber-banding][remote-render] time=120.214 frame=10506 entity=3 latestHostTick=2988 buffer=8 windowMs=1000.1 fps=102.0 snapshots=30 arrivalSamples=30 arrivalAvgMs=33.3 arrivalP95Ms=50.1 arrivalMaxMs=75.0 sameArrival=2 tickGapMax=2 renderFrames=102 interpolation=102 extrapolation=0 extrapolationCapped=0 extrapolationMaxMs=0.0 oldestHeld=0 zeroSpan=4 movingFrozen=0 teleport=0 visualStepAvgCm=0.00 visualStepMaxCm=0.00
[rubber-banding][remote-render] time=120.214 frame=10506 entity=4 latestHostTick=2988 buffer=8 windowMs=1000.1 fps=102.0 snapshots=30 arrivalSamples=30 arrivalAvgMs=33.3 arrivalP95Ms=50.1 arrivalMaxMs=75.0 sameArrival=2 tickGapMax=2 renderFrames=102 interpolation=102 extrapolation=0 extrapolationCapped=0 extrapolationMaxMs=0.0 oldestHeld=0 zeroSpan=4 movingFrozen=0 teleport=0 visualStepAvgCm=0.00 visualStepMaxCm=0.00
[rubber-banding][remote-render] time=121.222 frame=10612 entity=1 latestHostTick=3048 buffer=8 windowMs=1008.2 fps=105.1 snapshots=30 arrivalSamples=30 arrivalAvgMs=33.1 arrivalP95Ms=58.5 arrivalMaxMs=66.7 sameArrival=0 tickGapMax=2 renderFrames=106 interpolation=106 extrapolation=0 extrapolationCapped=0 extrapolationMaxMs=0.0 oldestHeld=0 zeroSpan=4 movingFrozen=0 teleport=0 visualStepAvgCm=0.00 visualStepMaxCm=0.00
[rubber-banding][remote-render] time=121.222 frame=10612 entity=3 latestHostTick=3048 buffer=8 windowMs=1008.2 fps=105.1 snapshots=30 arrivalSamples=30 arrivalAvgMs=33.1 arrivalP95Ms=58.5 arrivalMaxMs=66.7 sameArrival=0 tickGapMax=2 renderFrames=106 interpolation=106 extrapolation=0 extrapolationCapped=0 extrapolationMaxMs=0.0 oldestHeld=0 zeroSpan=4 movingFrozen=0 teleport=0 visualStepAvgCm=0.00 visualStepMaxCm=0.00
[rubber-banding][remote-render] time=121.222 frame=10612 entity=4 latestHostTick=3048 buffer=8 windowMs=1008.2 fps=105.1 snapshots=30 arrivalSamples=30 arrivalAvgMs=33.1 arrivalP95Ms=58.5 arrivalMaxMs=66.7 sameArrival=0 tickGapMax=2 renderFrames=106 interpolation=106 extrapolation=0 extrapolationCapped=0 extrapolationMaxMs=0.0 oldestHeld=0 zeroSpan=4 movingFrozen=0 teleport=0 visualStepAvgCm=0.00 visualStepMaxCm=0.00
[rubber-banding][remote-render] time=122.231 frame=10716 entity=1 latestHostTick=3108 buffer=8 windowMs=1008.4 fps=103.1 snapshots=30 arrivalSamples=30 arrivalAvgMs=33.6 arrivalP95Ms=50.0 arrivalMaxMs=50.1 sameArrival=0 tickGapMax=2 renderFrames=104 interpolation=104 extrapolation=0 extrapolationCapped=0 extrapolationMaxMs=0.0 oldestHeld=0 zeroSpan=0 movingFrozen=0 teleport=0 visualStepAvgCm=0.00 visualStepMaxCm=0.00
[rubber-banding][remote-render] time=122.231 frame=10716 entity=3 latestHostTick=3108 buffer=8 windowMs=1008.4 fps=103.1 snapshots=30 arrivalSamples=30 arrivalAvgMs=33.6 arrivalP95Ms=50.0 arrivalMaxMs=50.1 sameArrival=0 tickGapMax=2 renderFrames=104 interpolation=104 extrapolation=0 extrapolationCapped=0 extrapolationMaxMs=0.0 oldestHeld=0 zeroSpan=0 movingFrozen=0 teleport=0 visualStepAvgCm=0.00 visualStepMaxCm=0.00
[rubber-banding][remote-render] time=122.231 frame=10716 entity=4 latestHostTick=3108 buffer=8 windowMs=1008.4 fps=103.1 snapshots=30 arrivalSamples=30 arrivalAvgMs=33.6 arrivalP95Ms=50.0 arrivalMaxMs=50.1 sameArrival=0 tickGapMax=2 renderFrames=104 interpolation=104 extrapolation=0 extrapolationCapped=0 extrapolationMaxMs=0.0 oldestHeld=0 zeroSpan=0 movingFrozen=0 teleport=0 visualStepAvgCm=0.00 visualStepMaxCm=0.00
[rubber-banding][remote-render] time=123.239 frame=10826 entity=1 latestHostTick=3170 buffer=8 windowMs=1008.3 fps=109.1 snapshots=31 arrivalSamples=31 arrivalAvgMs=33.1 arrivalP95Ms=50.1 arrivalMaxMs=66.9 sameArrival=0 tickGapMax=2 renderFrames=110 interpolation=110 extrapolation=0 extrapolationCapped=0 extrapolationMaxMs=0.0 oldestHeld=0 zeroSpan=0 movingFrozen=0 teleport=0 visualStepAvgCm=0.00 visualStepMaxCm=0.00
[rubber-banding][remote-render] time=123.239 frame=10826 entity=3 latestHostTick=3170 buffer=8 windowMs=1008.3 fps=109.1 snapshots=31 arrivalSamples=31 arrivalAvgMs=33.1 arrivalP95Ms=50.1 arrivalMaxMs=66.9 sameArrival=0 tickGapMax=2 renderFrames=110 interpolation=110 extrapolation=0 extrapolationCapped=0 extrapolationMaxMs=0.0 oldestHeld=0 zeroSpan=0 movingFrozen=0 teleport=0 visualStepAvgCm=0.00 visualStepMaxCm=0.00
[rubber-banding][remote-render] time=123.239 frame=10826 entity=4 latestHostTick=3170 buffer=8 windowMs=1008.3 fps=109.1 snapshots=31 arrivalSamples=31 arrivalAvgMs=33.1 arrivalP95Ms=50.1 arrivalMaxMs=66.9 sameArrival=0 tickGapMax=2 renderFrames=110 interpolation=110 extrapolation=0 extrapolationCapped=0 extrapolationMaxMs=0.0 oldestHeld=0 zeroSpan=0 movingFrozen=0 teleport=0 visualStepAvgCm=0.00 visualStepMaxCm=0.00
[rubber-banding][remote-render] time=124.247 frame=10928 entity=1 latestHostTick=3230 buffer=8 windowMs=1008.3 fps=101.2 snapshots=30 arrivalSamples=30 arrivalAvgMs=33.6 arrivalP95Ms=66.6 arrivalMaxMs=66.6 sameArrival=2 tickGapMax=2 renderFrames=102 interpolation=102 extrapolation=0 extrapolationCapped=0 extrapolationMaxMs=0.0 oldestHeld=0 zeroSpan=6 movingFrozen=0 teleport=0 visualStepAvgCm=0.00 visualStepMaxCm=0.00
[rubber-banding][remote-render] time=124.247 frame=10928 entity=3 latestHostTick=3230 buffer=8 windowMs=1008.3 fps=101.2 snapshots=30 arrivalSamples=30 arrivalAvgMs=33.6 arrivalP95Ms=66.6 arrivalMaxMs=66.6 sameArrival=2 tickGapMax=2 renderFrames=102 interpolation=102 extrapolation=0 extrapolationCapped=0 extrapolationMaxMs=0.0 oldestHeld=0 zeroSpan=6 movingFrozen=0 teleport=0 visualStepAvgCm=0.00 visualStepMaxCm=0.00
[rubber-banding][remote-render] time=124.247 frame=10928 entity=4 latestHostTick=3230 buffer=8 windowMs=1008.3 fps=101.2 snapshots=30 arrivalSamples=30 arrivalAvgMs=33.6 arrivalP95Ms=66.6 arrivalMaxMs=66.6 sameArrival=2 tickGapMax=2 renderFrames=102 interpolation=102 extrapolation=0 extrapolationCapped=0 extrapolationMaxMs=0.0 oldestHeld=0 zeroSpan=6 movingFrozen=0 teleport=0 visualStepAvgCm=0.00 visualStepMaxCm=0.00
[rubber-banding][remote-render] time=125.255 frame=11030 entity=1 latestHostTick=3290 buffer=8 windowMs=1008.2 fps=101.2 snapshots=30 arrivalSamples=30 arrivalAvgMs=33.3 arrivalP95Ms=50.0 arrivalMaxMs=50.1 sameArrival=0 tickGapMax=2 renderFrames=102 interpolation=102 extrapolation=0 extrapolationCapped=0 extrapolationMaxMs=0.0 oldestHeld=0 zeroSpan=0 movingFrozen=0 teleport=0 visualStepAvgCm=0.00 visualStepMaxCm=0.00
[rubber-banding][remote-render] time=125.255 frame=11030 entity=3 latestHostTick=3290 buffer=8 windowMs=1008.2 fps=101.2 snapshots=30 arrivalSamples=30 arrivalAvgMs=33.3 arrivalP95Ms=50.0 arrivalMaxMs=50.1 sameArrival=0 tickGapMax=2 renderFrames=102 interpolation=102 extrapolation=0 extrapolationCapped=0 extrapolationMaxMs=0.0 oldestHeld=0 zeroSpan=0 movingFrozen=0 teleport=0 visualStepAvgCm=0.00 visualStepMaxCm=0.00
[rubber-banding][remote-render] time=125.255 frame=11030 entity=4 latestHostTick=3290 buffer=8 windowMs=1008.2 fps=101.2 snapshots=30 arrivalSamples=30 arrivalAvgMs=33.3 arrivalP95Ms=50.0 arrivalMaxMs=50.1 sameArrival=0 tickGapMax=2 renderFrames=102 interpolation=102 extrapolation=0 extrapolationCapped=0 extrapolationMaxMs=0.0 oldestHeld=0 zeroSpan=0 movingFrozen=0 teleport=0 visualStepAvgCm=0.00 visualStepMaxCm=0.00
[rubber-banding][remote-render] time=126.255 frame=11133 entity=1 latestHostTick=3352 buffer=8 windowMs=1000.0 fps=103.0 snapshots=31 arrivalSamples=31 arrivalAvgMs=32.8 arrivalP95Ms=50.0 arrivalMaxMs=50.3 sameArrival=0 tickGapMax=2 renderFrames=103 interpolation=103 extrapolation=0 extrapolationCapped=0 extrapolationMaxMs=0.0 oldestHeld=0 zeroSpan=0 movingFrozen=0 teleport=0 visualStepAvgCm=0.00 visualStepMaxCm=0.00
[rubber-banding][remote-render] time=126.255 frame=11133 entity=3 latestHostTick=3352 buffer=8 windowMs=1000.0 fps=103.0 snapshots=31 arrivalSamples=31 arrivalAvgMs=32.8 arrivalP95Ms=50.0 arrivalMaxMs=50.3 sameArrival=0 tickGapMax=2 renderFrames=103 interpolation=103 extrapolation=0 extrapolationCapped=0 extrapolationMaxMs=0.0 oldestHeld=0 zeroSpan=0 movingFrozen=0 teleport=0 visualStepAvgCm=0.00 visualStepMaxCm=0.00
[rubber-banding][remote-render] time=126.255 frame=11133 entity=4 latestHostTick=3352 buffer=8 windowMs=1000.0 fps=103.0 snapshots=31 arrivalSamples=31 arrivalAvgMs=32.8 arrivalP95Ms=50.0 arrivalMaxMs=50.3 sameArrival=0 tickGapMax=2 renderFrames=103 interpolation=103 extrapolation=0 extrapolationCapped=0 extrapolationMaxMs=0.0 oldestHeld=0 zeroSpan=0 movingFrozen=0 teleport=0 visualStepAvgCm=0.00 visualStepMaxCm=0.00
[rubber-banding][remote-render] time=127.255 frame=11236 entity=1 latestHostTick=3410 buffer=8 windowMs=1000.1 fps=103.0 snapshots=29 arrivalSamples=29 arrivalAvgMs=33.6 arrivalP95Ms=50.1 arrivalMaxMs=50.1 sameArrival=0 tickGapMax=2 renderFrames=103 interpolation=103 extrapolation=0 extrapolationCapped=0 extrapolationMaxMs=0.0 oldestHeld=0 zeroSpan=0 movingFrozen=0 teleport=0 visualStepAvgCm=0.00 visualStepMaxCm=0.00
[rubber-banding][remote-render] time=127.255 frame=11236 entity=3 latestHostTick=3410 buffer=8 windowMs=1000.1 fps=103.0 snapshots=29 arrivalSamples=29 arrivalAvgMs=33.6 arrivalP95Ms=50.1 arrivalMaxMs=50.1 sameArrival=0 tickGapMax=2 renderFrames=103 interpolation=103 extrapolation=0 extrapolationCapped=0 extrapolationMaxMs=0.0 oldestHeld=0 zeroSpan=0 movingFrozen=0 teleport=0 visualStepAvgCm=0.00 visualStepMaxCm=0.00
[rubber-banding][remote-render] time=127.255 frame=11236 entity=4 latestHostTick=3410 buffer=8 windowMs=1000.1 fps=103.0 snapshots=29 arrivalSamples=29 arrivalAvgMs=33.6 arrivalP95Ms=50.1 arrivalMaxMs=50.1 sameArrival=0 tickGapMax=2 renderFrames=103 interpolation=103 extrapolation=0 extrapolationCapped=0 extrapolationMaxMs=0.0 oldestHeld=0 zeroSpan=0 movingFrozen=0 teleport=0 visualStepAvgCm=0.00 visualStepMaxCm=0.00
[rubber-banding][remote-render] time=128.264 frame=11345 entity=1 latestHostTick=3472 buffer=8 windowMs=1008.4 fps=108.1 snapshots=31 arrivalSamples=31 arrivalAvgMs=33.3 arrivalP95Ms=41.8 arrivalMaxMs=50.0 sameArrival=0 tickGapMax=2 renderFrames=109 interpolation=109 extrapolation=0 extrapolationCapped=0 extrapolationMaxMs=0.0 oldestHeld=0 zeroSpan=0 movingFrozen=0 teleport=0 visualStepAvgCm=0.00 visualStepMaxCm=0.00
[rubber-banding][remote-render] time=128.264 frame=11345 entity=3 latestHostTick=3472 buffer=8 windowMs=1008.4 fps=108.1 snapshots=31 arrivalSamples=31 arrivalAvgMs=33.3 arrivalP95Ms=41.8 arrivalMaxMs=50.0 sameArrival=0 tickGapMax=2 renderFrames=109 interpolation=109 extrapolation=0 extrapolationCapped=0 extrapolationMaxMs=0.0 oldestHeld=0 zeroSpan=0 movingFrozen=0 teleport=0 visualStepAvgCm=0.00 visualStepMaxCm=0.00
[rubber-banding][remote-render] time=128.264 frame=11345 entity=4 latestHostTick=3472 buffer=8 windowMs=1008.4 fps=108.1 snapshots=31 arrivalSamples=31 arrivalAvgMs=33.3 arrivalP95Ms=41.8 arrivalMaxMs=50.0 sameArrival=0 tickGapMax=2 renderFrames=109 interpolation=109 extrapolation=0 extrapolationCapped=0 extrapolationMaxMs=0.0 oldestHeld=0 zeroSpan=0 movingFrozen=0 teleport=0 visualStepAvgCm=0.00 visualStepMaxCm=0.00
[rubber-banding][remote-render] time=129.272 frame=11450 entity=1 latestHostTick=3532 buffer=8 windowMs=1008.2 fps=104.1 snapshots=30 arrivalSamples=30 arrivalAvgMs=33.6 arrivalP95Ms=58.3 arrivalMaxMs=66.7 sameArrival=1 tickGapMax=2 renderFrames=105 interpolation=105 extrapolation=0 extrapolationCapped=0 extrapolationMaxMs=0.0 oldestHeld=0 zeroSpan=4 movingFrozen=0 teleport=0 visualStepAvgCm=0.00 visualStepMaxCm=0.00
[rubber-banding][remote-render] time=129.272 frame=11450 entity=3 latestHostTick=3532 buffer=8 windowMs=1008.2 fps=104.1 snapshots=30 arrivalSamples=30 arrivalAvgMs=33.6 arrivalP95Ms=58.3 arrivalMaxMs=66.7 sameArrival=1 tickGapMax=2 renderFrames=105 interpolation=105 extrapolation=0 extrapolationCapped=0 extrapolationMaxMs=0.0 oldestHeld=0 zeroSpan=4 movingFrozen=0 teleport=0 visualStepAvgCm=0.00 visualStepMaxCm=0.00
[rubber-banding][remote-render] time=129.272 frame=11450 entity=4 latestHostTick=3532 buffer=8 windowMs=1008.2 fps=104.1 snapshots=30 arrivalSamples=30 arrivalAvgMs=33.6 arrivalP95Ms=58.3 arrivalMaxMs=66.7 sameArrival=1 tickGapMax=2 renderFrames=105 interpolation=105 extrapolation=0 extrapolationCapped=0 extrapolationMaxMs=0.0 oldestHeld=0 zeroSpan=4 movingFrozen=0 teleport=0 visualStepAvgCm=0.00 visualStepMaxCm=0.00
[rubber-banding][remote-render] time=130.272 frame=11555 entity=1 latestHostTick=3590 buffer=8 windowMs=1000.1 fps=105.0 snapshots=29 arrivalSamples=29 arrivalAvgMs=33.3 arrivalP95Ms=50.1 arrivalMaxMs=50.1 sameArrival=0 tickGapMax=2 renderFrames=105 interpolation=105 extrapolation=0 extrapolationCapped=0 extrapolationMaxMs=0.0 oldestHeld=0 zeroSpan=0 movingFrozen=0 teleport=0 visualStepAvgCm=0.00 visualStepMaxCm=0.00
[rubber-banding][remote-render] time=130.272 frame=11555 entity=3 latestHostTick=3590 buffer=8 windowMs=1000.1 fps=105.0 snapshots=29 arrivalSamples=29 arrivalAvgMs=33.3 arrivalP95Ms=50.1 arrivalMaxMs=50.1 sameArrival=0 tickGapMax=2 renderFrames=105 interpolation=105 extrapolation=0 extrapolationCapped=0 extrapolationMaxMs=0.0 oldestHeld=0 zeroSpan=0 movingFrozen=0 teleport=0 visualStepAvgCm=0.00 visualStepMaxCm=0.00
[rubber-banding][remote-render] time=130.272 frame=11555 entity=4 latestHostTick=3590 buffer=8 windowMs=1000.1 fps=105.0 snapshots=29 arrivalSamples=29 arrivalAvgMs=33.3 arrivalP95Ms=50.1 arrivalMaxMs=50.1 sameArrival=0 tickGapMax=2 renderFrames=105 interpolation=105 extrapolation=0 extrapolationCapped=0 extrapolationMaxMs=0.0 oldestHeld=0 zeroSpan=0 movingFrozen=0 teleport=0 visualStepAvgCm=0.00 visualStepMaxCm=0.00
[rubber-banding][remote-render] time=131.272 frame=11654 entity=1 latestHostTick=3652 buffer=8 windowMs=1000.0 fps=99.0 snapshots=31 arrivalSamples=31 arrivalAvgMs=33.3 arrivalP95Ms=50.1 arrivalMaxMs=66.7 sameArrival=1 tickGapMax=2 renderFrames=99 interpolation=99 extrapolation=0 extrapolationCapped=0 extrapolationMaxMs=0.0 oldestHeld=0 zeroSpan=4 movingFrozen=0 teleport=0 visualStepAvgCm=0.00 visualStepMaxCm=0.00
[rubber-banding][remote-render] time=131.272 frame=11654 entity=3 latestHostTick=3652 buffer=8 windowMs=1000.0 fps=99.0 snapshots=31 arrivalSamples=31 arrivalAvgMs=33.3 arrivalP95Ms=50.1 arrivalMaxMs=66.7 sameArrival=1 tickGapMax=2 renderFrames=99 interpolation=99 extrapolation=0 extrapolationCapped=0 extrapolationMaxMs=0.0 oldestHeld=0 zeroSpan=4 movingFrozen=0 teleport=0 visualStepAvgCm=0.00 visualStepMaxCm=0.00
[rubber-banding][remote-render] time=131.272 frame=11654 entity=4 latestHostTick=3652 buffer=8 windowMs=1000.0 fps=99.0 snapshots=31 arrivalSamples=31 arrivalAvgMs=33.3 arrivalP95Ms=50.1 arrivalMaxMs=66.7 sameArrival=1 tickGapMax=2 renderFrames=99 interpolation=99 extrapolation=0 extrapolationCapped=0 extrapolationMaxMs=0.0 oldestHeld=0 zeroSpan=4 movingFrozen=0 teleport=0 visualStepAvgCm=0.00 visualStepMaxCm=0.00
[rubber-banding][remote-render] time=132.280 frame=11763 entity=1 latestHostTick=3712 buffer=8 windowMs=1008.2 fps=108.1 snapshots=30 arrivalSamples=30 arrivalAvgMs=33.1 arrivalP95Ms=57.7 arrivalMaxMs=66.9 sameArrival=1 tickGapMax=2 renderFrames=109 interpolation=109 extrapolation=0 extrapolationCapped=0 extrapolationMaxMs=0.0 oldestHeld=0 zeroSpan=4 movingFrozen=0 teleport=0 visualStepAvgCm=0.00 visualStepMaxCm=0.00
[rubber-banding][remote-render] time=132.280 frame=11763 entity=3 latestHostTick=3712 buffer=8 windowMs=1008.2 fps=108.1 snapshots=30 arrivalSamples=30 arrivalAvgMs=33.1 arrivalP95Ms=57.7 arrivalMaxMs=66.9 sameArrival=1 tickGapMax=2 renderFrames=109 interpolation=109 extrapolation=0 extrapolationCapped=0 extrapolationMaxMs=0.0 oldestHeld=0 zeroSpan=4 movingFrozen=0 teleport=0 visualStepAvgCm=0.00 visualStepMaxCm=0.00
[rubber-banding][remote-render] time=132.280 frame=11763 entity=4 latestHostTick=3712 buffer=8 windowMs=1008.2 fps=108.1 snapshots=30 arrivalSamples=30 arrivalAvgMs=33.1 arrivalP95Ms=57.7 arrivalMaxMs=66.9 sameArrival=1 tickGapMax=2 renderFrames=109 interpolation=109 extrapolation=0 extrapolationCapped=0 extrapolationMaxMs=0.0 oldestHeld=0 zeroSpan=4 movingFrozen=0 teleport=0 visualStepAvgCm=0.00 visualStepMaxCm=0.00
[rubber-banding][remote-render] time=133.280 frame=11867 entity=1 latestHostTick=3772 buffer=8 windowMs=1000.0 fps=104.0 snapshots=30 arrivalSamples=30 arrivalAvgMs=33.9 arrivalP95Ms=50.2 arrivalMaxMs=66.6 sameArrival=0 tickGapMax=2 renderFrames=104 interpolation=104 extrapolation=0 extrapolationCapped=0 extrapolationMaxMs=0.0 oldestHeld=0 zeroSpan=0 movingFrozen=0 teleport=0 visualStepAvgCm=0.00 visualStepMaxCm=0.00
[rubber-banding][remote-render] time=133.280 frame=11867 entity=3 latestHostTick=3772 buffer=8 windowMs=1000.0 fps=104.0 snapshots=30 arrivalSamples=30 arrivalAvgMs=33.9 arrivalP95Ms=50.2 arrivalMaxMs=66.6 sameArrival=0 tickGapMax=2 renderFrames=104 interpolation=104 extrapolation=0 extrapolationCapped=0 extrapolationMaxMs=0.0 oldestHeld=0 zeroSpan=0 movingFrozen=0 teleport=0 visualStepAvgCm=0.00 visualStepMaxCm=0.00
[rubber-banding][remote-render] time=133.280 frame=11867 entity=4 latestHostTick=3772 buffer=8 windowMs=1000.0 fps=104.0 snapshots=30 arrivalSamples=30 arrivalAvgMs=33.9 arrivalP95Ms=50.2 arrivalMaxMs=66.6 sameArrival=0 tickGapMax=2 renderFrames=104 interpolation=104 extrapolation=0 extrapolationCapped=0 extrapolationMaxMs=0.0 oldestHeld=0 zeroSpan=0 movingFrozen=0 teleport=0 visualStepAvgCm=0.00 visualStepMaxCm=0.00
[rubber-banding][remote-render] time=134.280 frame=11976 entity=1 latestHostTick=3832 buffer=8 windowMs=1000.1 fps=109.0 snapshots=30 arrivalSamples=30 arrivalAvgMs=33.1 arrivalP95Ms=50.0 arrivalMaxMs=58.5 sameArrival=0 tickGapMax=2 renderFrames=109 interpolation=109 extrapolation=0 extrapolationCapped=0 extrapolationMaxMs=0.0 oldestHeld=0 zeroSpan=0 movingFrozen=0 teleport=0 visualStepAvgCm=0.00 visualStepMaxCm=0.00
[rubber-banding][remote-render] time=134.280 frame=11976 entity=3 latestHostTick=3832 buffer=8 windowMs=1000.1 fps=109.0 snapshots=30 arrivalSamples=30 arrivalAvgMs=33.1 arrivalP95Ms=50.0 arrivalMaxMs=58.5 sameArrival=0 tickGapMax=2 renderFrames=109 interpolation=109 extrapolation=0 extrapolationCapped=0 extrapolationMaxMs=0.0 oldestHeld=0 zeroSpan=0 movingFrozen=0 teleport=0 visualStepAvgCm=0.00 visualStepMaxCm=0.00
[rubber-banding][remote-render] time=134.280 frame=11976 entity=4 latestHostTick=3832 buffer=8 windowMs=1000.1 fps=109.0 snapshots=30 arrivalSamples=30 arrivalAvgMs=33.1 arrivalP95Ms=50.0 arrivalMaxMs=58.5 sameArrival=0 tickGapMax=2 renderFrames=109 interpolation=109 extrapolation=0 extrapolationCapped=0 extrapolationMaxMs=0.0 oldestHeld=0 zeroSpan=0 movingFrozen=0 teleport=0 visualStepAvgCm=0.00 visualStepMaxCm=0.00
[rubber-banding][remote-render] time=135.289 frame=12083 entity=1 latestHostTick=3892 buffer=8 windowMs=1008.2 fps=106.1 snapshots=30 arrivalSamples=30 arrivalAvgMs=33.3 arrivalP95Ms=50.0 arrivalMaxMs=58.3 sameArrival=1 tickGapMax=2 renderFrames=107 interpolation=107 extrapolation=0 extrapolationCapped=0 extrapolationMaxMs=0.0 oldestHeld=0 zeroSpan=4 movingFrozen=0 teleport=0 visualStepAvgCm=0.00 visualStepMaxCm=0.00
[rubber-banding][remote-render] time=135.289 frame=12083 entity=3 latestHostTick=3892 buffer=8 windowMs=1008.2 fps=106.1 snapshots=30 arrivalSamples=30 arrivalAvgMs=33.3 arrivalP95Ms=50.0 arrivalMaxMs=58.3 sameArrival=1 tickGapMax=2 renderFrames=107 interpolation=107 extrapolation=0 extrapolationCapped=0 extrapolationMaxMs=0.0 oldestHeld=0 zeroSpan=4 movingFrozen=0 teleport=0 visualStepAvgCm=0.00 visualStepMaxCm=0.00
[rubber-banding][remote-render] time=135.289 frame=12083 entity=4 latestHostTick=3892 buffer=8 windowMs=1008.2 fps=106.1 snapshots=30 arrivalSamples=30 arrivalAvgMs=33.3 arrivalP95Ms=50.0 arrivalMaxMs=58.3 sameArrival=1 tickGapMax=2 renderFrames=107 interpolation=107 extrapolation=0 extrapolationCapped=0 extrapolationMaxMs=0.0 oldestHeld=0 zeroSpan=4 movingFrozen=0 teleport=0 visualStepAvgCm=0.00 visualStepMaxCm=0.00
[rubber-banding][remote-render] time=136.297 frame=12193 entity=1 latestHostTick=3952 buffer=8 windowMs=1008.3 fps=109.1 snapshots=30 arrivalSamples=30 arrivalAvgMs=33.6 arrivalP95Ms=50.1 arrivalMaxMs=55.7 sameArrival=0 tickGapMax=2 renderFrames=110 interpolation=110 extrapolation=0 extrapolationCapped=0 extrapolationMaxMs=0.0 oldestHeld=0 zeroSpan=0 movingFrozen=0 teleport=0 visualStepAvgCm=0.00 visualStepMaxCm=0.00
[rubber-banding][remote-render] time=136.297 frame=12193 entity=3 latestHostTick=3952 buffer=8 windowMs=1008.3 fps=109.1 snapshots=30 arrivalSamples=30 arrivalAvgMs=33.6 arrivalP95Ms=50.1 arrivalMaxMs=55.7 sameArrival=0 tickGapMax=2 renderFrames=110 interpolation=110 extrapolation=0 extrapolationCapped=0 extrapolationMaxMs=0.0 oldestHeld=0 zeroSpan=0 movingFrozen=0 teleport=0 visualStepAvgCm=0.00 visualStepMaxCm=0.00
[rubber-banding][remote-render] time=136.297 frame=12193 entity=4 latestHostTick=3952 buffer=8 windowMs=1008.3 fps=109.1 snapshots=30 arrivalSamples=30 arrivalAvgMs=33.6 arrivalP95Ms=50.1 arrivalMaxMs=55.7 sameArrival=0 tickGapMax=2 renderFrames=110 interpolation=110 extrapolation=0 extrapolationCapped=0 extrapolationMaxMs=0.0 oldestHeld=0 zeroSpan=0 movingFrozen=0 teleport=0 visualStepAvgCm=0.00 visualStepMaxCm=0.00
[rubber-banding][remote-render] time=137.305 frame=12299 entity=1 latestHostTick=4014 buffer=8 windowMs=1008.4 fps=105.1 snapshots=31 arrivalSamples=31 arrivalAvgMs=33.1 arrivalP95Ms=50.0 arrivalMaxMs=50.2 sameArrival=0 tickGapMax=2 renderFrames=106 interpolation=106 extrapolation=0 extrapolationCapped=0 extrapolationMaxMs=0.0 oldestHeld=0 zeroSpan=0 movingFrozen=0 teleport=0 visualStepAvgCm=0.00 visualStepMaxCm=0.00
[rubber-banding][remote-render] time=137.305 frame=12299 entity=3 latestHostTick=4014 buffer=8 windowMs=1008.4 fps=105.1 snapshots=31 arrivalSamples=31 arrivalAvgMs=33.1 arrivalP95Ms=50.0 arrivalMaxMs=50.2 sameArrival=0 tickGapMax=2 renderFrames=106 interpolation=106 extrapolation=0 extrapolationCapped=0 extrapolationMaxMs=0.0 oldestHeld=0 zeroSpan=0 movingFrozen=0 teleport=0 visualStepAvgCm=0.00 visualStepMaxCm=0.00
[rubber-banding][remote-render] time=137.305 frame=12299 entity=4 latestHostTick=4014 buffer=8 windowMs=1008.4 fps=105.1 snapshots=31 arrivalSamples=31 arrivalAvgMs=33.1 arrivalP95Ms=50.0 arrivalMaxMs=50.2 sameArrival=0 tickGapMax=2 renderFrames=106 interpolation=106 extrapolation=0 extrapolationCapped=0 extrapolationMaxMs=0.0 oldestHeld=0 zeroSpan=0 movingFrozen=0 teleport=0 visualStepAvgCm=0.00 visualStepMaxCm=0.00
[rubber-banding][remote-render] time=138.314 frame=12406 entity=1 latestHostTick=4074 buffer=8 windowMs=1008.3 fps=106.1 snapshots=30 arrivalSamples=30 arrivalAvgMs=33.1 arrivalP95Ms=41.8 arrivalMaxMs=58.4 sameArrival=0 tickGapMax=2 renderFrames=107 interpolation=107 extrapolation=0 extrapolationCapped=0 extrapolationMaxMs=0.0 oldestHeld=0 zeroSpan=0 movingFrozen=0 teleport=0 visualStepAvgCm=0.00 visualStepMaxCm=0.00
[rubber-banding][remote-render] time=138.314 frame=12406 entity=3 latestHostTick=4074 buffer=8 windowMs=1008.3 fps=106.1 snapshots=30 arrivalSamples=30 arrivalAvgMs=33.1 arrivalP95Ms=41.8 arrivalMaxMs=58.4 sameArrival=0 tickGapMax=2 renderFrames=107 interpolation=107 extrapolation=0 extrapolationCapped=0 extrapolationMaxMs=0.0 oldestHeld=0 zeroSpan=0 movingFrozen=0 teleport=0 visualStepAvgCm=0.00 visualStepMaxCm=0.00
[rubber-banding][remote-render] time=138.314 frame=12406 entity=4 latestHostTick=4074 buffer=8 windowMs=1008.3 fps=106.1 snapshots=30 arrivalSamples=30 arrivalAvgMs=33.1 arrivalP95Ms=41.8 arrivalMaxMs=58.4 sameArrival=0 tickGapMax=2 renderFrames=107 interpolation=107 extrapolation=0 extrapolationCapped=0 extrapolationMaxMs=0.0 oldestHeld=0 zeroSpan=0 movingFrozen=0 teleport=0 visualStepAvgCm=0.00 visualStepMaxCm=0.00
[rubber-banding][remote-render] time=139.347 frame=12500 entity=1 latestHostTick=4136 buffer=8 windowMs=1033.0 fps=91.0 snapshots=31 arrivalSamples=31 arrivalAvgMs=33.9 arrivalP95Ms=50.0 arrivalMaxMs=58.2 sameArrival=2 tickGapMax=2 renderFrames=94 interpolation=94 extrapolation=0 extrapolationCapped=0 extrapolationMaxMs=0.0 oldestHeld=0 zeroSpan=6 movingFrozen=0 teleport=0 visualStepAvgCm=0.00 visualStepMaxCm=0.00
[rubber-banding][remote-render] time=139.347 frame=12500 entity=3 latestHostTick=4136 buffer=8 windowMs=1033.0 fps=91.0 snapshots=31 arrivalSamples=31 arrivalAvgMs=33.9 arrivalP95Ms=50.0 arrivalMaxMs=58.2 sameArrival=2 tickGapMax=2 renderFrames=94 interpolation=94 extrapolation=0 extrapolationCapped=0 extrapolationMaxMs=0.0 oldestHeld=0 zeroSpan=6 movingFrozen=0 teleport=0 visualStepAvgCm=0.00 visualStepMaxCm=0.00
[rubber-banding][remote-render] time=139.347 frame=12500 entity=4 latestHostTick=4136 buffer=8 windowMs=1033.0 fps=91.0 snapshots=31 arrivalSamples=31 arrivalAvgMs=33.9 arrivalP95Ms=50.0 arrivalMaxMs=58.2 sameArrival=2 tickGapMax=2 renderFrames=94 interpolation=94 extrapolation=0 extrapolationCapped=0 extrapolationMaxMs=0.0 oldestHeld=0 zeroSpan=6 movingFrozen=0 teleport=0 visualStepAvgCm=0.00 visualStepMaxCm=0.00
[rubber-banding][remote-render] time=140.361 frame=12559 entity=1 latestHostTick=4196 buffer=8 windowMs=1014.7 fps=58.1 snapshots=30 arrivalSamples=30 arrivalAvgMs=32.7 arrivalP95Ms=48.6 arrivalMaxMs=50.0 sameArrival=0 tickGapMax=2 renderFrames=59 interpolation=59 extrapolation=0 extrapolationCapped=0 extrapolationMaxMs=0.0 oldestHeld=0 zeroSpan=0 movingFrozen=0 teleport=0 visualStepAvgCm=0.00 visualStepMaxCm=0.00
[rubber-banding][remote-render] time=140.361 frame=12559 entity=3 latestHostTick=4196 buffer=8 windowMs=1014.7 fps=58.1 snapshots=30 arrivalSamples=30 arrivalAvgMs=32.7 arrivalP95Ms=48.6 arrivalMaxMs=50.0 sameArrival=0 tickGapMax=2 renderFrames=59 interpolation=59 extrapolation=0 extrapolationCapped=0 extrapolationMaxMs=0.0 oldestHeld=0 zeroSpan=0 movingFrozen=0 teleport=0 visualStepAvgCm=0.00 visualStepMaxCm=0.00
[rubber-banding][remote-render] time=140.361 frame=12559 entity=4 latestHostTick=4196 buffer=8 windowMs=1014.7 fps=58.1 snapshots=30 arrivalSamples=30 arrivalAvgMs=32.7 arrivalP95Ms=48.6 arrivalMaxMs=50.0 sameArrival=0 tickGapMax=2 renderFrames=59 interpolation=59 extrapolation=0 extrapolationCapped=0 extrapolationMaxMs=0.0 oldestHeld=0 zeroSpan=0 movingFrozen=0 teleport=0 visualStepAvgCm=0.00 visualStepMaxCm=0.00
[rubber-banding][remote-render] time=141.380 frame=12610 entity=1 latestHostTick=4258 buffer=8 windowMs=1019.1 fps=50.0 snapshots=31 arrivalSamples=31 arrivalAvgMs=33.9 arrivalP95Ms=57.8 arrivalMaxMs=64.0 sameArrival=1 tickGapMax=2 renderFrames=51 interpolation=51 extrapolation=0 extrapolationCapped=0 extrapolationMaxMs=0.0 oldestHeld=0 zeroSpan=2 movingFrozen=0 teleport=0 visualStepAvgCm=0.00 visualStepMaxCm=0.00
[rubber-banding][remote-render] time=141.380 frame=12610 entity=3 latestHostTick=4258 buffer=8 windowMs=1019.1 fps=50.0 snapshots=31 arrivalSamples=31 arrivalAvgMs=33.9 arrivalP95Ms=57.8 arrivalMaxMs=64.0 sameArrival=1 tickGapMax=2 renderFrames=51 interpolation=51 extrapolation=0 extrapolationCapped=0 extrapolationMaxMs=0.0 oldestHeld=0 zeroSpan=2 movingFrozen=0 teleport=0 visualStepAvgCm=0.00 visualStepMaxCm=0.00
[rubber-banding][remote-render] time=141.380 frame=12610 entity=4 latestHostTick=4258 buffer=8 windowMs=1019.1 fps=50.0 snapshots=31 arrivalSamples=31 arrivalAvgMs=33.9 arrivalP95Ms=57.8 arrivalMaxMs=64.0 sameArrival=1 tickGapMax=2 renderFrames=51 interpolation=51 extrapolation=0 extrapolationCapped=0 extrapolationMaxMs=0.0 oldestHeld=0 zeroSpan=2 movingFrozen=1 teleport=0 visualStepAvgCm=4.52 visualStepMaxCm=13.08
[rubber-banding][remote-render] time=142.381 frame=12661 entity=1 latestHostTick=4318 buffer=8 windowMs=1000.5 fps=51.0 snapshots=30 arrivalSamples=30 arrivalAvgMs=32.8 arrivalP95Ms=50.5 arrivalMaxMs=58.3 sameArrival=1 tickGapMax=2 renderFrames=51 interpolation=51 extrapolation=0 extrapolationCapped=0 extrapolationMaxMs=0.0 oldestHeld=0 zeroSpan=1 movingFrozen=0 teleport=0 visualStepAvgCm=0.00 visualStepMaxCm=0.00
[rubber-banding][remote-render] time=142.381 frame=12661 entity=3 latestHostTick=4318 buffer=8 windowMs=1000.5 fps=51.0 snapshots=30 arrivalSamples=30 arrivalAvgMs=32.8 arrivalP95Ms=50.5 arrivalMaxMs=58.3 sameArrival=1 tickGapMax=2 renderFrames=51 interpolation=51 extrapolation=0 extrapolationCapped=0 extrapolationMaxMs=0.0 oldestHeld=0 zeroSpan=1 movingFrozen=0 teleport=0 visualStepAvgCm=0.00 visualStepMaxCm=0.00
[rubber-banding][remote-render] time=142.381 frame=12661 entity=4 latestHostTick=4318 buffer=8 windowMs=1000.5 fps=51.0 snapshots=30 arrivalSamples=30 arrivalAvgMs=32.8 arrivalP95Ms=50.5 arrivalMaxMs=58.3 sameArrival=1 tickGapMax=2 renderFrames=51 interpolation=51 extrapolation=0 extrapolationCapped=0 extrapolationMaxMs=0.0 oldestHeld=0 zeroSpan=1 movingFrozen=0 teleport=0 visualStepAvgCm=7.75 visualStepMaxCm=13.29
[rubber-banding][remote-render] time=143.398 frame=12711 entity=1 latestHostTick=4380 buffer=8 windowMs=1016.8 fps=49.2 snapshots=31 arrivalSamples=31 arrivalAvgMs=33.4 arrivalP95Ms=50.6 arrivalMaxMs=58.6 sameArrival=1 tickGapMax=2 renderFrames=50 interpolation=50 extrapolation=0 extrapolationCapped=0 extrapolationMaxMs=0.0 oldestHeld=0 zeroSpan=1 movingFrozen=0 teleport=0 visualStepAvgCm=0.00 visualStepMaxCm=0.00
[rubber-banding][remote-render] time=143.398 frame=12711 entity=3 latestHostTick=4380 buffer=8 windowMs=1016.8 fps=49.2 snapshots=31 arrivalSamples=31 arrivalAvgMs=33.4 arrivalP95Ms=50.6 arrivalMaxMs=58.6 sameArrival=1 tickGapMax=2 renderFrames=50 interpolation=50 extrapolation=0 extrapolationCapped=0 extrapolationMaxMs=0.0 oldestHeld=0 zeroSpan=1 movingFrozen=0 teleport=0 visualStepAvgCm=0.00 visualStepMaxCm=0.00
[rubber-banding][remote-render] time=143.398 frame=12711 entity=4 latestHostTick=4380 buffer=8 windowMs=1016.8 fps=49.2 snapshots=31 arrivalSamples=31 arrivalAvgMs=33.4 arrivalP95Ms=50.6 arrivalMaxMs=58.6 sameArrival=1 tickGapMax=2 renderFrames=50 interpolation=50 extrapolation=0 extrapolationCapped=0 extrapolationMaxMs=0.0 oldestHeld=0 zeroSpan=1 movingFrozen=0 teleport=0 visualStepAvgCm=8.04 visualStepMaxCm=14.24
[rubber-banding][remote-render] time=144.414 frame=12763 entity=1 latestHostTick=4440 buffer=8 windowMs=1015.9 fps=51.2 snapshots=30 arrivalSamples=30 arrivalAvgMs=33.3 arrivalP95Ms=47.3 arrivalMaxMs=52.7 sameArrival=0 tickGapMax=2 renderFrames=52 interpolation=52 extrapolation=0 extrapolationCapped=0 extrapolationMaxMs=0.0 oldestHeld=0 zeroSpan=0 movingFrozen=0 teleport=0 visualStepAvgCm=0.00 visualStepMaxCm=0.00
[rubber-banding][remote-render] time=144.414 frame=12763 entity=3 latestHostTick=4440 buffer=8 windowMs=1015.9 fps=51.2 snapshots=30 arrivalSamples=30 arrivalAvgMs=33.3 arrivalP95Ms=47.3 arrivalMaxMs=52.7 sameArrival=0 tickGapMax=2 renderFrames=52 interpolation=52 extrapolation=0 extrapolationCapped=0 extrapolationMaxMs=0.0 oldestHeld=0 zeroSpan=0 movingFrozen=0 teleport=0 visualStepAvgCm=0.00 visualStepMaxCm=0.00
[rubber-banding][remote-render] time=144.414 frame=12763 entity=4 latestHostTick=4440 buffer=8 windowMs=1015.9 fps=51.2 snapshots=30 arrivalSamples=30 arrivalAvgMs=33.3 arrivalP95Ms=47.3 arrivalMaxMs=52.7 sameArrival=0 tickGapMax=2 renderFrames=52 interpolation=52 extrapolation=0 extrapolationCapped=0 extrapolationMaxMs=0.0 oldestHeld=0 zeroSpan=0 movingFrozen=0 teleport=0 visualStepAvgCm=7.77 visualStepMaxCm=12.10
[rubber-banding][remote-render] time=145.414 frame=12816 entity=1 latestHostTick=4500 buffer=8 windowMs=1000.5 fps=53.0 snapshots=30 arrivalSamples=30 arrivalAvgMs=33.9 arrivalP95Ms=50.2 arrivalMaxMs=66.7 sameArrival=0 tickGapMax=2 renderFrames=53 interpolation=53 extrapolation=0 extrapolationCapped=0 extrapolationMaxMs=0.0 oldestHeld=0 zeroSpan=0 movingFrozen=0 teleport=0 visualStepAvgCm=0.00 visualStepMaxCm=0.00
[rubber-banding][remote-render] time=145.414 frame=12816 entity=3 latestHostTick=4500 buffer=8 windowMs=1000.5 fps=53.0 snapshots=30 arrivalSamples=30 arrivalAvgMs=33.9 arrivalP95Ms=50.2 arrivalMaxMs=66.7 sameArrival=0 tickGapMax=2 renderFrames=53 interpolation=53 extrapolation=0 extrapolationCapped=0 extrapolationMaxMs=0.0 oldestHeld=0 zeroSpan=0 movingFrozen=0 teleport=0 visualStepAvgCm=0.00 visualStepMaxCm=0.00
[rubber-banding][remote-render] time=145.414 frame=12816 entity=4 latestHostTick=4500 buffer=8 windowMs=1000.5 fps=53.0 snapshots=30 arrivalSamples=30 arrivalAvgMs=33.9 arrivalP95Ms=50.2 arrivalMaxMs=66.7 sameArrival=0 tickGapMax=2 renderFrames=53 interpolation=53 extrapolation=0 extrapolationCapped=0 extrapolationMaxMs=0.0 oldestHeld=0 zeroSpan=0 movingFrozen=0 teleport=0 visualStepAvgCm=7.50 visualStepMaxCm=11.54
[rubber-banding][remote-render] time=146.439 frame=12866 entity=1 latestHostTick=4562 buffer=8 windowMs=1024.9 fps=48.8 snapshots=31 arrivalSamples=31 arrivalAvgMs=33.1 arrivalP95Ms=75.1 arrivalMaxMs=75.3 sameArrival=3 tickGapMax=2 renderFrames=50 interpolation=50 extrapolation=0 extrapolationCapped=0 extrapolationMaxMs=0.0 oldestHeld=0 zeroSpan=5 movingFrozen=0 teleport=0 visualStepAvgCm=0.00 visualStepMaxCm=0.00
[rubber-banding][remote-render] time=146.439 frame=12866 entity=3 latestHostTick=4562 buffer=8 windowMs=1024.9 fps=48.8 snapshots=31 arrivalSamples=31 arrivalAvgMs=33.1 arrivalP95Ms=75.1 arrivalMaxMs=75.3 sameArrival=3 tickGapMax=2 renderFrames=50 interpolation=50 extrapolation=0 extrapolationCapped=0 extrapolationMaxMs=0.0 oldestHeld=0 zeroSpan=5 movingFrozen=0 teleport=0 visualStepAvgCm=0.00 visualStepMaxCm=0.00
[rubber-banding][remote-render] time=146.439 frame=12866 entity=4 latestHostTick=4562 buffer=8 windowMs=1024.9 fps=48.8 snapshots=31 arrivalSamples=31 arrivalAvgMs=33.1 arrivalP95Ms=75.1 arrivalMaxMs=75.3 sameArrival=3 tickGapMax=2 renderFrames=50 interpolation=50 extrapolation=0 extrapolationCapped=0 extrapolationMaxMs=0.0 oldestHeld=0 zeroSpan=5 movingFrozen=0 teleport=0 visualStepAvgCm=8.10 visualStepMaxCm=19.55
[rubber-banding][remote-render] time=147.447 frame=12918 entity=1 latestHostTick=4622 buffer=8 windowMs=1008.0 fps=51.6 snapshots=30 arrivalSamples=30 arrivalAvgMs=33.6 arrivalP95Ms=58.3 arrivalMaxMs=58.4 sameArrival=1 tickGapMax=2 renderFrames=52 interpolation=52 extrapolation=0 extrapolationCapped=0 extrapolationMaxMs=0.0 oldestHeld=0 zeroSpan=1 movingFrozen=0 teleport=0 visualStepAvgCm=0.00 visualStepMaxCm=0.00
[rubber-banding][remote-render] time=147.447 frame=12918 entity=3 latestHostTick=4622 buffer=8 windowMs=1008.0 fps=51.6 snapshots=30 arrivalSamples=30 arrivalAvgMs=33.6 arrivalP95Ms=58.3 arrivalMaxMs=58.4 sameArrival=1 tickGapMax=2 renderFrames=52 interpolation=52 extrapolation=0 extrapolationCapped=0 extrapolationMaxMs=0.0 oldestHeld=0 zeroSpan=1 movingFrozen=0 teleport=0 visualStepAvgCm=0.00 visualStepMaxCm=0.00
[rubber-banding][remote-render] time=147.447 frame=12918 entity=4 latestHostTick=4622 buffer=8 windowMs=1008.0 fps=51.6 snapshots=30 arrivalSamples=30 arrivalAvgMs=33.6 arrivalP95Ms=58.3 arrivalMaxMs=58.4 sameArrival=1 tickGapMax=2 renderFrames=52 interpolation=52 extrapolation=0 extrapolationCapped=0 extrapolationMaxMs=0.0 oldestHeld=0 zeroSpan=1 movingFrozen=0 teleport=0 visualStepAvgCm=6.99 visualStepMaxCm=10.83
[rubber-banding][remote-render] time=148.455 frame=12969 entity=1 latestHostTick=4684 buffer=8 windowMs=1008.3 fps=50.6 snapshots=31 arrivalSamples=31 arrivalAvgMs=32.5 arrivalP95Ms=50.0 arrivalMaxMs=50.1 sameArrival=1 tickGapMax=2 renderFrames=51 interpolation=51 extrapolation=0 extrapolationCapped=0 extrapolationMaxMs=0.0 oldestHeld=0 zeroSpan=1 movingFrozen=0 teleport=0 visualStepAvgCm=0.00 visualStepMaxCm=0.00
[rubber-banding][remote-render] time=148.455 frame=12969 entity=3 latestHostTick=4684 buffer=8 windowMs=1008.3 fps=50.6 snapshots=31 arrivalSamples=31 arrivalAvgMs=32.5 arrivalP95Ms=50.0 arrivalMaxMs=50.1 sameArrival=1 tickGapMax=2 renderFrames=51 interpolation=51 extrapolation=0 extrapolationCapped=0 extrapolationMaxMs=0.0 oldestHeld=0 zeroSpan=1 movingFrozen=0 teleport=0 visualStepAvgCm=0.00 visualStepMaxCm=0.00
[rubber-banding][remote-render] time=148.455 frame=12969 entity=4 latestHostTick=4684 buffer=8 windowMs=1008.3 fps=50.6 snapshots=31 arrivalSamples=31 arrivalAvgMs=32.5 arrivalP95Ms=50.0 arrivalMaxMs=50.1 sameArrival=1 tickGapMax=2 renderFrames=51 interpolation=51 extrapolation=0 extrapolationCapped=0 extrapolationMaxMs=0.0 oldestHeld=0 zeroSpan=1 movingFrozen=0 teleport=0 visualStepAvgCm=7.35 visualStepMaxCm=12.66
[rubber-banding][remote-render] time=149.455 frame=13018 entity=1 latestHostTick=4742 buffer=8 windowMs=1000.1 fps=49.0 snapshots=29 arrivalSamples=29 arrivalAvgMs=34.5 arrivalP95Ms=58.5 arrivalMaxMs=66.7 sameArrival=2 tickGapMax=2 renderFrames=49 interpolation=49 extrapolation=0 extrapolationCapped=0 extrapolationMaxMs=0.0 oldestHeld=0 zeroSpan=5 movingFrozen=0 teleport=0 visualStepAvgCm=0.00 visualStepMaxCm=0.00
[rubber-banding][remote-render] time=149.455 frame=13018 entity=3 latestHostTick=4742 buffer=8 windowMs=1000.1 fps=49.0 snapshots=29 arrivalSamples=29 arrivalAvgMs=34.5 arrivalP95Ms=58.5 arrivalMaxMs=66.7 sameArrival=2 tickGapMax=2 renderFrames=49 interpolation=49 extrapolation=0 extrapolationCapped=0 extrapolationMaxMs=0.0 oldestHeld=0 zeroSpan=5 movingFrozen=0 teleport=0 visualStepAvgCm=0.00 visualStepMaxCm=0.00
[rubber-banding][remote-render] time=149.455 frame=13018 entity=4 latestHostTick=4742 buffer=8 windowMs=1000.1 fps=49.0 snapshots=29 arrivalSamples=29 arrivalAvgMs=34.5 arrivalP95Ms=58.5 arrivalMaxMs=66.7 sameArrival=2 tickGapMax=2 renderFrames=49 interpolation=49 extrapolation=0 extrapolationCapped=0 extrapolationMaxMs=0.0 oldestHeld=0 zeroSpan=5 movingFrozen=0 teleport=0 visualStepAvgCm=8.14 visualStepMaxCm=17.87
[rubber-banding][remote-render] time=150.464 frame=13072 entity=1 latestHostTick=4804 buffer=8 windowMs=1008.1 fps=53.6 snapshots=31 arrivalSamples=31 arrivalAvgMs=32.5 arrivalP95Ms=58.3 arrivalMaxMs=58.4 sameArrival=2 tickGapMax=2 renderFrames=54 interpolation=54 extrapolation=0 extrapolationCapped=0 extrapolationMaxMs=0.0 oldestHeld=0 zeroSpan=4 movingFrozen=0 teleport=0 visualStepAvgCm=0.00 visualStepMaxCm=0.00
[rubber-banding][remote-render] time=150.464 frame=13072 entity=3 latestHostTick=4804 buffer=8 windowMs=1008.1 fps=53.6 snapshots=31 arrivalSamples=31 arrivalAvgMs=32.5 arrivalP95Ms=58.3 arrivalMaxMs=58.4 sameArrival=2 tickGapMax=2 renderFrames=54 interpolation=54 extrapolation=0 extrapolationCapped=0 extrapolationMaxMs=0.0 oldestHeld=0 zeroSpan=4 movingFrozen=0 teleport=0 visualStepAvgCm=0.00 visualStepMaxCm=0.00
[rubber-banding][remote-render] time=150.464 frame=13072 entity=4 latestHostTick=4804 buffer=8 windowMs=1008.1 fps=53.6 snapshots=31 arrivalSamples=31 arrivalAvgMs=32.5 arrivalP95Ms=58.3 arrivalMaxMs=58.4 sameArrival=2 tickGapMax=2 renderFrames=54 interpolation=54 extrapolation=0 extrapolationCapped=0 extrapolationMaxMs=0.0 oldestHeld=0 zeroSpan=4 movingFrozen=0 teleport=0 visualStepAvgCm=4.55 visualStepMaxCm=10.35
[rubber-banding][remote-render] time=152.039 frame=13098 entity=1 latestHostTick=4862 buffer=8 windowMs=1575.0 fps=16.5 snapshots=29 arrivalSamples=29 arrivalAvgMs=54.3 arrivalP95Ms=170.5 arrivalMaxMs=749.5 sameArrival=13 tickGapMax=2 renderFrames=26 interpolation=23 extrapolation=3 extrapolationCapped=1 extrapolationMaxMs=527.7 oldestHeld=0 zeroSpan=5 movingFrozen=0 teleport=0 visualStepAvgCm=0.00 visualStepMaxCm=0.00
[rubber-banding][remote-render] time=152.039 frame=13098 entity=3 latestHostTick=4862 buffer=8 windowMs=1575.0 fps=16.5 snapshots=29 arrivalSamples=29 arrivalAvgMs=54.3 arrivalP95Ms=170.5 arrivalMaxMs=749.5 sameArrival=13 tickGapMax=2 renderFrames=26 interpolation=23 extrapolation=3 extrapolationCapped=1 extrapolationMaxMs=527.7 oldestHeld=0 zeroSpan=5 movingFrozen=0 teleport=0 visualStepAvgCm=0.00 visualStepMaxCm=0.00
[rubber-banding][remote-render] time=152.039 frame=13098 entity=4 latestHostTick=4862 buffer=8 windowMs=1575.0 fps=16.5 snapshots=29 arrivalSamples=29 arrivalAvgMs=54.3 arrivalP95Ms=170.5 arrivalMaxMs=749.5 sameArrival=13 tickGapMax=2 renderFrames=26 interpolation=23 extrapolation=3 extrapolationCapped=1 extrapolationMaxMs=527.7 oldestHeld=0 zeroSpan=5 movingFrozen=0 teleport=0 visualStepAvgCm=0.00 visualStepMaxCm=0.00
[rubber-banding][remote-render] time=153.305 frame=13099 entity=1 latestHostTick=4882 buffer=8 windowMs=1266.9 fps=0.8 snapshots=8 arrivalSamples=8 arrivalAvgMs=158.4 arrivalP95Ms=1266.9 arrivalMaxMs=1266.9 sameArrival=7 tickGapMax=6 renderFrames=1 interpolation=0 extrapolation=1 extrapolationCapped=1 extrapolationMaxMs=570.0 oldestHeld=0 zeroSpan=1 movingFrozen=0 teleport=0 visualStepAvgCm=0.00 visualStepMaxCm=0.00
[rubber-banding][remote-render] time=153.305 frame=13099 entity=3 latestHostTick=4882 buffer=8 windowMs=1266.9 fps=0.8 snapshots=8 arrivalSamples=8 arrivalAvgMs=158.4 arrivalP95Ms=1266.9 arrivalMaxMs=1266.9 sameArrival=7 tickGapMax=6 renderFrames=1 interpolation=0 extrapolation=1 extrapolationCapped=1 extrapolationMaxMs=570.0 oldestHeld=0 zeroSpan=1 movingFrozen=0 teleport=0 visualStepAvgCm=0.00 visualStepMaxCm=0.00
[rubber-banding][remote-render] time=153.305 frame=13099 entity=4 latestHostTick=4882 buffer=8 windowMs=1266.9 fps=0.8 snapshots=8 arrivalSamples=8 arrivalAvgMs=158.4 arrivalP95Ms=1266.9 arrivalMaxMs=1266.9 sameArrival=7 tickGapMax=6 renderFrames=1 interpolation=0 extrapolation=1 extrapolationCapped=1 extrapolationMaxMs=570.0 oldestHeld=0 zeroSpan=1 movingFrozen=0 teleport=0 visualStepAvgCm=0.00 visualStepMaxCm=0.00
[rubber-banding][remote-render] time=154.505 frame=13100 entity=1 latestHostTick=4902 buffer=8 windowMs=1199.9 fps=0.8 snapshots=8 arrivalSamples=8 arrivalAvgMs=150.0 arrivalP95Ms=1199.9 arrivalMaxMs=1199.9 sameArrival=7 tickGapMax=6 renderFrames=1 interpolation=0 extrapolation=1 extrapolationCapped=1 extrapolationMaxMs=536.7 oldestHeld=0 zeroSpan=1 movingFrozen=0 teleport=0 visualStepAvgCm=0.00 visualStepMaxCm=0.00
[rubber-banding][remote-render] time=154.505 frame=13100 entity=3 latestHostTick=4902 buffer=8 windowMs=1199.9 fps=0.8 snapshots=8 arrivalSamples=8 arrivalAvgMs=150.0 arrivalP95Ms=1199.9 arrivalMaxMs=1199.9 sameArrival=7 tickGapMax=6 renderFrames=1 interpolation=0 extrapolation=1 extrapolationCapped=1 extrapolationMaxMs=536.7 oldestHeld=0 zeroSpan=1 movingFrozen=0 teleport=0 visualStepAvgCm=0.00 visualStepMaxCm=0.00
[rubber-banding][remote-render] time=154.505 frame=13100 entity=4 latestHostTick=4902 buffer=8 windowMs=1199.9 fps=0.8 snapshots=8 arrivalSamples=8 arrivalAvgMs=150.0 arrivalP95Ms=1199.9 arrivalMaxMs=1199.9 sameArrival=7 tickGapMax=6 renderFrames=1 interpolation=0 extrapolation=1 extrapolationCapped=1 extrapolationMaxMs=536.7 oldestHeld=0 zeroSpan=1 movingFrozen=0 teleport=0 visualStepAvgCm=0.00 visualStepMaxCm=0.00
[rubber-banding][remote-render] time=155.705 frame=13102 entity=1 latestHostTick=4942 buffer=8 windowMs=1199.9 fps=1.7 snapshots=16 arrivalSamples=16 arrivalAvgMs=75.0 arrivalP95Ms=933.2 arrivalMaxMs=933.2 sameArrival=14 tickGapMax=6 renderFrames=2 interpolation=0 extrapolation=2 extrapolationCapped=2 extrapolationMaxMs=403.3 oldestHeld=0 zeroSpan=2 movingFrozen=0 teleport=0 visualStepAvgCm=0.00 visualStepMaxCm=0.00
[rubber-banding][remote-render] time=155.705 frame=13102 entity=3 latestHostTick=4942 buffer=8 windowMs=1199.9 fps=1.7 snapshots=16 arrivalSamples=16 arrivalAvgMs=75.0 arrivalP95Ms=933.2 arrivalMaxMs=933.2 sameArrival=14 tickGapMax=6 renderFrames=2 interpolation=0 extrapolation=2 extrapolationCapped=2 extrapolationMaxMs=403.3 oldestHeld=0 zeroSpan=2 movingFrozen=0 teleport=0 visualStepAvgCm=0.00 visualStepMaxCm=0.00
[rubber-banding][remote-render] time=155.705 frame=13102 entity=4 latestHostTick=4942 buffer=8 windowMs=1199.9 fps=1.7 snapshots=16 arrivalSamples=16 arrivalAvgMs=75.0 arrivalP95Ms=933.2 arrivalMaxMs=933.2 sameArrival=14 tickGapMax=6 renderFrames=2 interpolation=0 extrapolation=2 extrapolationCapped=2 extrapolationMaxMs=403.3 oldestHeld=0 zeroSpan=2 movingFrozen=0 teleport=0 visualStepAvgCm=0.00 visualStepMaxCm=0.00
[rubber-banding][remote-render] time=156.714 frame=13118 entity=1 latestHostTick=4972 buffer=8 windowMs=1008.6 fps=15.9 snapshots=15 arrivalSamples=15 arrivalAvgMs=26.7 arrivalP95Ms=244.1 arrivalMaxMs=244.1 sameArrival=13 tickGapMax=2 renderFrames=16 interpolation=0 extrapolation=16 extrapolationCapped=16 extrapolationMaxMs=811.7 oldestHeld=0 zeroSpan=16 movingFrozen=0 teleport=0 visualStepAvgCm=0.00 visualStepMaxCm=0.00
[rubber-banding][remote-render] time=156.714 frame=13118 entity=3 latestHostTick=4972 buffer=8 windowMs=1008.6 fps=15.9 snapshots=15 arrivalSamples=15 arrivalAvgMs=26.7 arrivalP95Ms=244.1 arrivalMaxMs=244.1 sameArrival=13 tickGapMax=2 renderFrames=16 interpolation=0 extrapolation=16 extrapolationCapped=16 extrapolationMaxMs=811.7 oldestHeld=0 zeroSpan=16 movingFrozen=0 teleport=0 visualStepAvgCm=0.00 visualStepMaxCm=0.00
[rubber-banding][remote-render] time=156.714 frame=13118 entity=4 latestHostTick=4972 buffer=8 windowMs=1008.6 fps=15.9 snapshots=15 arrivalSamples=15 arrivalAvgMs=26.7 arrivalP95Ms=244.1 arrivalMaxMs=244.1 sameArrival=13 tickGapMax=2 renderFrames=16 interpolation=0 extrapolation=16 extrapolationCapped=16 extrapolationMaxMs=811.7 oldestHeld=0 zeroSpan=16 movingFrozen=0 teleport=0 visualStepAvgCm=0.00 visualStepMaxCm=0.00
[rubber-banding][remote-render] time=157.723 frame=13141 entity=1 latestHostTick=4992 buffer=8 windowMs=1008.7 fps=22.8 snapshots=8 arrivalSamples=8 arrivalAvgMs=124.0 arrivalP95Ms=991.6 arrivalMaxMs=991.6 sameArrival=7 tickGapMax=6 renderFrames=23 interpolation=0 extrapolation=23 extrapolationCapped=22 extrapolationMaxMs=1141.9 oldestHeld=0 zeroSpan=23 movingFrozen=0 teleport=0 visualStepAvgCm=0.00 visualStepMaxCm=0.00
[rubber-banding][remote-render] time=157.723 frame=13141 entity=3 latestHostTick=4992 buffer=8 windowMs=1008.7 fps=22.8 snapshots=8 arrivalSamples=8 arrivalAvgMs=124.0 arrivalP95Ms=991.6 arrivalMaxMs=991.6 sameArrival=7 tickGapMax=6 renderFrames=23 interpolation=0 extrapolation=23 extrapolationCapped=22 extrapolationMaxMs=1141.9 oldestHeld=0 zeroSpan=23 movingFrozen=0 teleport=0 visualStepAvgCm=0.00 visualStepMaxCm=0.00
[rubber-banding][remote-render] time=157.723 frame=13141 entity=4 latestHostTick=4992 buffer=8 windowMs=1008.7 fps=22.8 snapshots=8 arrivalSamples=8 arrivalAvgMs=124.0 arrivalP95Ms=991.6 arrivalMaxMs=991.6 sameArrival=7 tickGapMax=6 renderFrames=23 interpolation=0 extrapolation=23 extrapolationCapped=22 extrapolationMaxMs=1141.9 oldestHeld=0 zeroSpan=23 movingFrozen=0 teleport=0 visualStepAvgCm=0.00 visualStepMaxCm=0.00
[rubber-banding][remote-render] time=158.947 frame=13162 entity=1 latestHostTick=5032 buffer=8 windowMs=1224.6 fps=17.1 snapshots=16 arrivalSamples=16 arrivalAvgMs=115.6 arrivalP95Ms=1041.5 arrivalMaxMs=1041.5 sameArrival=14 tickGapMax=6 renderFrames=21 interpolation=0 extrapolation=21 extrapolationCapped=20 extrapolationMaxMs=1111.7 oldestHeld=0 zeroSpan=21 movingFrozen=0 teleport=0 visualStepAvgCm=0.00 visualStepMaxCm=0.00
[rubber-banding][remote-render] time=158.947 frame=13162 entity=3 latestHostTick=5032 buffer=8 windowMs=1224.6 fps=17.1 snapshots=16 arrivalSamples=16 arrivalAvgMs=115.6 arrivalP95Ms=1041.5 arrivalMaxMs=1041.5 sameArrival=14 tickGapMax=6 renderFrames=21 interpolation=0 extrapolation=21 extrapolationCapped=20 extrapolationMaxMs=1111.7 oldestHeld=0 zeroSpan=21 movingFrozen=0 teleport=0 visualStepAvgCm=0.00 visualStepMaxCm=0.00
[rubber-banding][remote-render] time=158.947 frame=13162 entity=4 latestHostTick=5032 buffer=8 windowMs=1224.6 fps=17.1 snapshots=16 arrivalSamples=16 arrivalAvgMs=115.6 arrivalP95Ms=1041.5 arrivalMaxMs=1041.5 sameArrival=14 tickGapMax=6 renderFrames=21 interpolation=0 extrapolation=21 extrapolationCapped=20 extrapolationMaxMs=1111.7 oldestHeld=0 zeroSpan=21 movingFrozen=0 teleport=0 visualStepAvgCm=0.00 visualStepMaxCm=0.00
[rubber-banding][remote-render] time=160.255 frame=13166 entity=1 latestHostTick=5120 buffer=8 windowMs=1308.3 fps=3.1 snapshots=28 arrivalSamples=28 arrivalAvgMs=46.7 arrivalP95Ms=258.2 arrivalMaxMs=641.9 sameArrival=24 tickGapMax=24 renderFrames=4 interpolation=2 extrapolation=2 extrapolationCapped=0 extrapolationMaxMs=45.0 oldestHeld=0 zeroSpan=4 movingFrozen=0 teleport=0 visualStepAvgCm=0.00 visualStepMaxCm=0.00
[rubber-banding][remote-render] time=160.255 frame=13166 entity=3 latestHostTick=5120 buffer=8 windowMs=1308.3 fps=3.1 snapshots=28 arrivalSamples=28 arrivalAvgMs=46.7 arrivalP95Ms=258.2 arrivalMaxMs=641.9 sameArrival=24 tickGapMax=24 renderFrames=4 interpolation=2 extrapolation=2 extrapolationCapped=0 extrapolationMaxMs=45.0 oldestHeld=0 zeroSpan=4 movingFrozen=0 teleport=0 visualStepAvgCm=0.00 visualStepMaxCm=0.00
[rubber-banding][remote-render] time=160.255 frame=13166 entity=4 latestHostTick=5120 buffer=8 windowMs=1308.3 fps=3.1 snapshots=28 arrivalSamples=28 arrivalAvgMs=46.7 arrivalP95Ms=258.2 arrivalMaxMs=641.9 sameArrival=24 tickGapMax=24 renderFrames=4 interpolation=2 extrapolation=2 extrapolationCapped=0 extrapolationMaxMs=45.0 oldestHeld=0 zeroSpan=4 movingFrozen=0 teleport=0 visualStepAvgCm=0.00 visualStepMaxCm=0.00
[rubber-banding][remote-render] time=161.972 frame=13168 entity=1 latestHostTick=5224 buffer=8 windowMs=1716.9 fps=1.2 snapshots=16 arrivalSamples=16 arrivalAvgMs=107.3 arrivalP95Ms=925.5 arrivalMaxMs=925.5 sameArrival=14 tickGapMax=42 renderFrames=2 interpolation=2 extrapolation=0 extrapolationCapped=0 extrapolationMaxMs=0.0 oldestHeld=0 zeroSpan=2 movingFrozen=0 teleport=0 visualStepAvgCm=212.49 visualStepMaxCm=264.50
[rubber-banding][large-step] time=161.972 frame=13168 focused=0 entity=1 buffer=8 count=2 maxStepCm=264.50 horizontalCm=264.50 verticalCm=0.00 frameDeltaMs=925.5 renderTickDelta=53.681 fromTick=5166 toTick=5168 tickSpan=2 receivedSpanMs=0.0 t=0.193 renderOffsetMs=-26.9 sourceHorizontalCm=13.33 sourceVerticalCm=0.00 fromGrounded=1 toGrounded=1 velocity=(-4.000, -2.333, -0.063) expectedTravelCm=428.60 teleport=0 previous=(-0.043, 0.008, 4.524) rendered=(-2.674, 0.008, 4.250)
[rubber-banding][remote-render] time=161.972 frame=13168 entity=3 latestHostTick=5224 buffer=8 windowMs=1716.9 fps=1.2 snapshots=16 arrivalSamples=16 arrivalAvgMs=107.3 arrivalP95Ms=925.5 arrivalMaxMs=925.5 sameArrival=14 tickGapMax=42 renderFrames=2 interpolation=2 extrapolation=0 extrapolationCapped=0 extrapolationMaxMs=0.0 oldestHeld=0 zeroSpan=2 movingFrozen=0 teleport=0 visualStepAvgCm=0.00 visualStepMaxCm=0.00
[rubber-banding][remote-render] time=161.972 frame=13168 entity=4 latestHostTick=5224 buffer=8 windowMs=1716.9 fps=1.2 snapshots=16 arrivalSamples=16 arrivalAvgMs=107.3 arrivalP95Ms=925.5 arrivalMaxMs=925.5 sameArrival=14 tickGapMax=42 renderFrames=2 interpolation=2 extrapolation=0 extrapolationCapped=0 extrapolationMaxMs=0.0 oldestHeld=0 zeroSpan=2 movingFrozen=0 teleport=0 visualStepAvgCm=0.00 visualStepMaxCm=0.00
[rubber-banding][remote-render] time=162.997 frame=13173 entity=1 latestHostTick=5284 buffer=8 windowMs=1025.1 fps=4.9 snapshots=28 arrivalSamples=28 arrivalAvgMs=36.6 arrivalP95Ms=203.1 arrivalMaxMs=396.6 sameArrival=23 tickGapMax=6 renderFrames=5 interpolation=5 extrapolation=0 extrapolationCapped=0 extrapolationMaxMs=0.0 oldestHeld=0 zeroSpan=5 movingFrozen=0 teleport=0 visualStepAvgCm=4.32 visualStepMaxCm=21.61
[rubber-banding][remote-render] time=162.997 frame=13173 entity=3 latestHostTick=5284 buffer=8 windowMs=1025.1 fps=4.9 snapshots=28 arrivalSamples=28 arrivalAvgMs=36.6 arrivalP95Ms=203.1 arrivalMaxMs=396.6 sameArrival=23 tickGapMax=6 renderFrames=5 interpolation=5 extrapolation=0 extrapolationCapped=0 extrapolationMaxMs=0.0 oldestHeld=0 zeroSpan=5 movingFrozen=0 teleport=0 visualStepAvgCm=0.00 visualStepMaxCm=0.00
[rubber-banding][remote-render] time=162.997 frame=13173 entity=4 latestHostTick=5284 buffer=8 windowMs=1025.1 fps=4.9 snapshots=28 arrivalSamples=28 arrivalAvgMs=36.6 arrivalP95Ms=203.1 arrivalMaxMs=396.6 sameArrival=23 tickGapMax=6 renderFrames=5 interpolation=5 extrapolation=0 extrapolationCapped=0 extrapolationMaxMs=0.0 oldestHeld=0 zeroSpan=5 movingFrozen=0 teleport=0 visualStepAvgCm=0.00 visualStepMaxCm=0.00
[rubber-banding][remote-render] time=164.014 frame=13199 entity=1 latestHostTick=5310 buffer=8 windowMs=1016.8 fps=25.6 snapshots=13 arrivalSamples=13 arrivalAvgMs=31.7 arrivalP95Ms=141.7 arrivalMaxMs=141.7 sameArrival=10 tickGapMax=2 renderFrames=26 interpolation=11 extrapolation=15 extrapolationCapped=11 extrapolationMaxMs=413.0 oldestHeld=0 zeroSpan=24 movingFrozen=0 teleport=0 visualStepAvgCm=0.00 visualStepMaxCm=0.00
[rubber-banding][remote-render] time=164.014 frame=13199 entity=3 latestHostTick=5310 buffer=8 windowMs=1016.8 fps=25.6 snapshots=13 arrivalSamples=13 arrivalAvgMs=31.7 arrivalP95Ms=141.7 arrivalMaxMs=141.7 sameArrival=10 tickGapMax=2 renderFrames=26 interpolation=11 extrapolation=15 extrapolationCapped=11 extrapolationMaxMs=413.0 oldestHeld=0 zeroSpan=24 movingFrozen=0 teleport=0 visualStepAvgCm=0.00 visualStepMaxCm=0.00
[rubber-banding][remote-render] time=164.014 frame=13199 entity=4 latestHostTick=5310 buffer=8 windowMs=1016.8 fps=25.6 snapshots=13 arrivalSamples=13 arrivalAvgMs=31.7 arrivalP95Ms=141.7 arrivalMaxMs=141.7 sameArrival=10 tickGapMax=2 renderFrames=26 interpolation=11 extrapolation=15 extrapolationCapped=11 extrapolationMaxMs=413.0 oldestHeld=0 zeroSpan=24 movingFrozen=0 teleport=0 visualStepAvgCm=0.00 visualStepMaxCm=0.00
[rubber-banding][remote-render] time=165.039 frame=13239 entity=1 latestHostTick=5350 buffer=8 windowMs=1024.9 fps=39.0 snapshots=16 arrivalSamples=16 arrivalAvgMs=86.8 arrivalP95Ms=696.6 arrivalMaxMs=696.6 sameArrival=14 tickGapMax=6 renderFrames=40 interpolation=0 extrapolation=40 extrapolationCapped=40 extrapolationMaxMs=808.5 oldestHeld=0 zeroSpan=40 movingFrozen=0 teleport=0 visualStepAvgCm=0.00 visualStepMaxCm=0.00
[rubber-banding][remote-render] time=165.039 frame=13239 entity=3 latestHostTick=5350 buffer=8 windowMs=1024.9 fps=39.0 snapshots=16 arrivalSamples=16 arrivalAvgMs=86.8 arrivalP95Ms=696.6 arrivalMaxMs=696.6 sameArrival=14 tickGapMax=6 renderFrames=40 interpolation=0 extrapolation=40 extrapolationCapped=40 extrapolationMaxMs=808.5 oldestHeld=0 zeroSpan=40 movingFrozen=0 teleport=0 visualStepAvgCm=0.00 visualStepMaxCm=0.00
[rubber-banding][remote-render] time=165.039 frame=13239 entity=4 latestHostTick=5350 buffer=8 windowMs=1024.9 fps=39.0 snapshots=16 arrivalSamples=16 arrivalAvgMs=86.8 arrivalP95Ms=696.6 arrivalMaxMs=696.6 sameArrival=14 tickGapMax=6 renderFrames=40 interpolation=0 extrapolation=40 extrapolationCapped=40 extrapolationMaxMs=808.5 oldestHeld=0 zeroSpan=40 movingFrozen=0 teleport=0 visualStepAvgCm=0.00 visualStepMaxCm=0.00
[rubber-banding][remote-render] time=166.056 frame=13279 entity=1 latestHostTick=5370 buffer=8 windowMs=1016.6 fps=39.3 snapshots=10 arrivalSamples=10 arrivalAvgMs=75.8 arrivalP95Ms=727.1 arrivalMaxMs=727.1 sameArrival=8 tickGapMax=2 renderFrames=40 interpolation=0 extrapolation=40 extrapolationCapped=40 extrapolationMaxMs=1176.0 oldestHeld=0 zeroSpan=40 movingFrozen=0 teleport=0 visualStepAvgCm=0.00 visualStepMaxCm=0.00
[rubber-banding][remote-render] time=166.056 frame=13279 entity=3 latestHostTick=5370 buffer=8 windowMs=1016.6 fps=39.3 snapshots=10 arrivalSamples=10 arrivalAvgMs=75.8 arrivalP95Ms=727.1 arrivalMaxMs=727.1 sameArrival=8 tickGapMax=2 renderFrames=40 interpolation=0 extrapolation=40 extrapolationCapped=40 extrapolationMaxMs=1176.0 oldestHeld=0 zeroSpan=40 movingFrozen=0 teleport=0 visualStepAvgCm=0.00 visualStepMaxCm=0.00
[rubber-banding][remote-render] time=166.056 frame=13279 entity=4 latestHostTick=5370 buffer=8 windowMs=1016.6 fps=39.3 snapshots=10 arrivalSamples=10 arrivalAvgMs=75.8 arrivalP95Ms=727.1 arrivalMaxMs=727.1 sameArrival=8 tickGapMax=2 renderFrames=40 interpolation=0 extrapolation=40 extrapolationCapped=40 extrapolationMaxMs=1176.0 oldestHeld=0 zeroSpan=40 movingFrozen=0 teleport=0 visualStepAvgCm=0.00 visualStepMaxCm=0.00
[rubber-banding][remote-render] time=167.064 frame=13324 entity=1 latestHostTick=5410 buffer=8 windowMs=1008.3 fps=44.6 snapshots=20 arrivalSamples=20 arrivalAvgMs=61.7 arrivalP95Ms=533.6 arrivalMaxMs=641.5 sameArrival=16 tickGapMax=2 renderFrames=45 interpolation=0 extrapolation=45 extrapolationCapped=45 extrapolationMaxMs=1002.3 oldestHeld=0 zeroSpan=45 movingFrozen=0 teleport=0 visualStepAvgCm=0.00 visualStepMaxCm=0.00
[rubber-banding][remote-render] time=167.064 frame=13324 entity=3 latestHostTick=5410 buffer=8 windowMs=1008.3 fps=44.6 snapshots=20 arrivalSamples=20 arrivalAvgMs=61.7 arrivalP95Ms=533.6 arrivalMaxMs=641.5 sameArrival=16 tickGapMax=2 renderFrames=45 interpolation=0 extrapolation=45 extrapolationCapped=45 extrapolationMaxMs=1002.3 oldestHeld=0 zeroSpan=45 movingFrozen=0 teleport=0 visualStepAvgCm=0.00 visualStepMaxCm=0.00
[rubber-banding][remote-render] time=167.064 frame=13324 entity=4 latestHostTick=5410 buffer=8 windowMs=1008.3 fps=44.6 snapshots=20 arrivalSamples=20 arrivalAvgMs=61.7 arrivalP95Ms=533.6 arrivalMaxMs=641.5 sameArrival=16 tickGapMax=2 renderFrames=45 interpolation=0 extrapolation=45 extrapolationCapped=45 extrapolationMaxMs=1002.3 oldestHeld=0 zeroSpan=45 movingFrozen=0 teleport=0 visualStepAvgCm=0.00 visualStepMaxCm=0.00
[rubber-banding][remote-render] time=168.072 frame=13372 entity=1 latestHostTick=5450 buffer=8 windowMs=1008.3 fps=47.6 snapshots=16 arrivalSamples=16 arrivalAvgMs=67.7 arrivalP95Ms=558.2 arrivalMaxMs=558.2 sameArrival=14 tickGapMax=6 renderFrames=48 interpolation=0 extrapolation=48 extrapolationCapped=42 extrapolationMaxMs=1200.1 oldestHeld=0 zeroSpan=48 movingFrozen=0 teleport=0 visualStepAvgCm=0.00 visualStepMaxCm=0.00
[rubber-banding][remote-render] time=168.072 frame=13372 entity=3 latestHostTick=5450 buffer=8 windowMs=1008.3 fps=47.6 snapshots=16 arrivalSamples=16 arrivalAvgMs=67.7 arrivalP95Ms=558.2 arrivalMaxMs=558.2 sameArrival=14 tickGapMax=6 renderFrames=48 interpolation=0 extrapolation=48 extrapolationCapped=42 extrapolationMaxMs=1200.1 oldestHeld=0 zeroSpan=48 movingFrozen=0 teleport=0 visualStepAvgCm=0.00 visualStepMaxCm=0.00
[rubber-banding][remote-render] time=168.072 frame=13372 entity=4 latestHostTick=5450 buffer=8 windowMs=1008.3 fps=47.6 snapshots=16 arrivalSamples=16 arrivalAvgMs=67.7 arrivalP95Ms=558.2 arrivalMaxMs=558.2 sameArrival=14 tickGapMax=6 renderFrames=48 interpolation=0 extrapolation=48 extrapolationCapped=42 extrapolationMaxMs=1200.1 oldestHeld=0 zeroSpan=48 movingFrozen=0 teleport=0 visualStepAvgCm=0.00 visualStepMaxCm=0.00
[rubber-banding][remote-render] time=169.097 frame=13420 entity=1 latestHostTick=5490 buffer=8 windowMs=1025.1 fps=46.8 snapshots=17 arrivalSamples=17 arrivalAvgMs=57.3 arrivalP95Ms=508.3 arrivalMaxMs=508.3 sameArrival=14 tickGapMax=6 renderFrames=48 interpolation=0 extrapolation=48 extrapolationCapped=48 extrapolationMaxMs=846.8 oldestHeld=0 zeroSpan=27 movingFrozen=0 teleport=0 visualStepAvgCm=0.00 visualStepMaxCm=0.00
[rubber-banding][remote-render] time=169.097 frame=13420 entity=3 latestHostTick=5490 buffer=8 windowMs=1025.1 fps=46.8 snapshots=17 arrivalSamples=17 arrivalAvgMs=57.3 arrivalP95Ms=508.3 arrivalMaxMs=508.3 sameArrival=14 tickGapMax=6 renderFrames=48 interpolation=0 extrapolation=48 extrapolationCapped=48 extrapolationMaxMs=846.8 oldestHeld=0 zeroSpan=27 movingFrozen=0 teleport=0 visualStepAvgCm=0.00 visualStepMaxCm=0.00
[rubber-banding][remote-render] time=169.097 frame=13420 entity=4 latestHostTick=5490 buffer=8 windowMs=1025.1 fps=46.8 snapshots=17 arrivalSamples=17 arrivalAvgMs=57.3 arrivalP95Ms=508.3 arrivalMaxMs=508.3 sameArrival=14 tickGapMax=6 renderFrames=48 interpolation=0 extrapolation=48 extrapolationCapped=48 extrapolationMaxMs=846.8 oldestHeld=0 zeroSpan=27 movingFrozen=0 teleport=0 visualStepAvgCm=0.00 visualStepMaxCm=0.00
[rubber-banding][remote-render] time=170.106 frame=13449 entity=1 latestHostTick=5556 buffer=8 windowMs=1008.4 fps=28.8 snapshots=29 arrivalSamples=29 arrivalAvgMs=42.0 arrivalP95Ms=333.2 arrivalMaxMs=441.8 sameArrival=25 tickGapMax=6 renderFrames=29 interpolation=0 extrapolation=29 extrapolationCapped=16 extrapolationMaxMs=948.5 oldestHeld=0 zeroSpan=29 movingFrozen=0 teleport=0 visualStepAvgCm=151.17 visualStepMaxCm=4383.96
[rubber-banding][large-step] time=170.106 frame=13449 focused=1 entity=1 buffer=8 count=1 maxStepCm=4383.96 horizontalCm=4383.96 verticalCm=5.20 frameDeltaMs=148.0 renderTickDelta=8.880 fromTick=5534 toTick=5536 tickSpan=2 receivedSpanMs=0.0 t=1.354 renderOffsetMs=11.8 sourceHorizontalCm=0.00 sourceVerticalCm=0.00 fromGrounded=1 toGrounded=1 velocity=(0.000, -2.333, 0.000) expectedTravelCm=34.53 teleport=0 previous=(-2.758, 0.008, 2.677) rendered=(41.000, 0.060, 0.000)
[rubber-banding][remote-render] time=170.106 frame=13449 entity=3 latestHostTick=5556 buffer=8 windowMs=1008.4 fps=28.8 snapshots=29 arrivalSamples=29 arrivalAvgMs=42.0 arrivalP95Ms=333.2 arrivalMaxMs=441.8 sameArrival=25 tickGapMax=6 renderFrames=29 interpolation=0 extrapolation=29 extrapolationCapped=16 extrapolationMaxMs=948.5 oldestHeld=0 zeroSpan=29 movingFrozen=0 teleport=0 visualStepAvgCm=131.03 visualStepMaxCm=3800.01
[rubber-banding][large-step] time=170.106 frame=13449 focused=1 entity=3 buffer=8 count=1 maxStepCm=3800.01 horizontalCm=3800.00 verticalCm=6.00 frameDeltaMs=148.0 renderTickDelta=8.880 fromTick=5534 toTick=5536 tickSpan=2 receivedSpanMs=0.0 t=1.354 renderOffsetMs=11.8 sourceHorizontalCm=0.00 sourceVerticalCm=0.00 fromGrounded=1 toGrounded=1 velocity=(0.000, -2.333, 0.000) expectedTravelCm=34.53 teleport=0 previous=(-3.000, 0.000, 0.000) rendered=(-41.000, 0.060, 0.000)
[rubber-banding][remote-render] time=170.106 frame=13449 entity=4 latestHostTick=5556 buffer=8 windowMs=1008.4 fps=28.8 snapshots=29 arrivalSamples=29 arrivalAvgMs=42.0 arrivalP95Ms=333.2 arrivalMaxMs=441.8 sameArrival=25 tickGapMax=6 renderFrames=29 interpolation=0 extrapolation=29 extrapolationCapped=16 extrapolationMaxMs=948.5 oldestHeld=0 zeroSpan=29 movingFrozen=0 teleport=0 visualStepAvgCm=154.61 visualStepMaxCm=4483.60
[rubber-banding][large-step] time=170.106 frame=13449 focused=1 entity=4 buffer=8 count=1 maxStepCm=4483.60 horizontalCm=4483.60 verticalCm=5.20 frameDeltaMs=148.0 renderTickDelta=8.880 fromTick=5534 toTick=5536 tickSpan=2 receivedSpanMs=0.0 t=1.354 renderOffsetMs=11.8 sourceHorizontalCm=0.00 sourceVerticalCm=0.00 fromGrounded=1 toGrounded=1 velocity=(0.000, -2.333, 0.000) expectedTravelCm=34.53 teleport=0 previous=(0.033, 0.008, 3.836) rendered=(0.000, 0.060, -41.000)
[rubber-banding][remote-render] time=171.131 frame=13479 entity=1 latestHostTick=5576 buffer=8 windowMs=1024.9 fps=29.3 snapshots=8 arrivalSamples=8 arrivalAvgMs=113.5 arrivalP95Ms=908.3 arrivalMaxMs=908.3 sameArrival=7 tickGapMax=6 renderFrames=30 interpolation=0 extrapolation=30 extrapolationCapped=28 extrapolationMaxMs=878.4 oldestHeld=0 zeroSpan=30 movingFrozen=0 teleport=0 visualStepAvgCm=0.00 visualStepMaxCm=0.00
[rubber-banding][remote-render] time=171.131 frame=13479 entity=3 latestHostTick=5576 buffer=8 windowMs=1024.9 fps=29.3 snapshots=8 arrivalSamples=8 arrivalAvgMs=113.5 arrivalP95Ms=908.3 arrivalMaxMs=908.3 sameArrival=7 tickGapMax=6 renderFrames=30 interpolation=0 extrapolation=30 extrapolationCapped=28 extrapolationMaxMs=878.4 oldestHeld=0 zeroSpan=30 movingFrozen=0 teleport=0 visualStepAvgCm=0.00 visualStepMaxCm=0.00
[rubber-banding][remote-render] time=171.131 frame=13479 entity=4 latestHostTick=5576 buffer=8 windowMs=1024.9 fps=29.3 snapshots=8 arrivalSamples=8 arrivalAvgMs=113.5 arrivalP95Ms=908.3 arrivalMaxMs=908.3 sameArrival=7 tickGapMax=6 renderFrames=30 interpolation=0 extrapolation=30 extrapolationCapped=28 extrapolationMaxMs=878.4 oldestHeld=0 zeroSpan=30 movingFrozen=0 teleport=0 visualStepAvgCm=0.00 visualStepMaxCm=0.00
[rubber-banding][remote-render] time=172.131 frame=13509 entity=1 latestHostTick=5596 buffer=8 windowMs=1000.0 fps=30.0 snapshots=8 arrivalSamples=8 arrivalAvgMs=87.5 arrivalP95Ms=700.1 arrivalMaxMs=700.1 sameArrival=7 tickGapMax=6 renderFrames=30 interpolation=0 extrapolation=30 extrapolationCapped=30 extrapolationMaxMs=1229.8 oldestHeld=0 zeroSpan=30 movingFrozen=0 teleport=0 visualStepAvgCm=0.00 visualStepMaxCm=0.00
[rubber-banding][remote-render] time=172.131 frame=13509 entity=3 latestHostTick=5596 buffer=8 windowMs=1000.0 fps=30.0 snapshots=8 arrivalSamples=8 arrivalAvgMs=87.5 arrivalP95Ms=700.1 arrivalMaxMs=700.1 sameArrival=7 tickGapMax=6 renderFrames=30 interpolation=0 extrapolation=30 extrapolationCapped=30 extrapolationMaxMs=1229.8 oldestHeld=0 zeroSpan=30 movingFrozen=0 teleport=0 visualStepAvgCm=0.00 visualStepMaxCm=0.00
[rubber-banding][remote-render] time=172.131 frame=13509 entity=4 latestHostTick=5596 buffer=8 windowMs=1000.0 fps=30.0 snapshots=8 arrivalSamples=8 arrivalAvgMs=87.5 arrivalP95Ms=700.1 arrivalMaxMs=700.1 sameArrival=7 tickGapMax=6 renderFrames=30 interpolation=0 extrapolation=30 extrapolationCapped=30 extrapolationMaxMs=1229.8 oldestHeld=0 zeroSpan=30 movingFrozen=0 teleport=0 visualStepAvgCm=0.00 visualStepMaxCm=0.00
[rubber-banding][remote-render] time=173.131 frame=13547 entity=1 latestHostTick=5636 buffer=8 windowMs=1000.5 fps=38.0 snapshots=16 arrivalSamples=16 arrivalAvgMs=88.5 arrivalP95Ms=733.7 arrivalMaxMs=733.7 sameArrival=14 tickGapMax=6 renderFrames=38 interpolation=0 extrapolation=38 extrapolationCapped=34 extrapolationMaxMs=886.7 oldestHeld=0 zeroSpan=38 movingFrozen=0 teleport=0 visualStepAvgCm=0.00 visualStepMaxCm=0.00
[rubber-banding][remote-render] time=173.131 frame=13547 entity=3 latestHostTick=5636 buffer=8 windowMs=1000.5 fps=38.0 snapshots=16 arrivalSamples=16 arrivalAvgMs=88.5 arrivalP95Ms=733.7 arrivalMaxMs=733.7 sameArrival=14 tickGapMax=6 renderFrames=38 interpolation=0 extrapolation=38 extrapolationCapped=34 extrapolationMaxMs=886.7 oldestHeld=0 zeroSpan=38 movingFrozen=0 teleport=0 visualStepAvgCm=0.00 visualStepMaxCm=0.00
[rubber-banding][remote-render] time=173.131 frame=13547 entity=4 latestHostTick=5636 buffer=8 windowMs=1000.5 fps=38.0 snapshots=16 arrivalSamples=16 arrivalAvgMs=88.5 arrivalP95Ms=733.7 arrivalMaxMs=733.7 sameArrival=14 tickGapMax=6 renderFrames=38 interpolation=0 extrapolation=38 extrapolationCapped=34 extrapolationMaxMs=886.7 oldestHeld=0 zeroSpan=38 movingFrozen=0 teleport=0 visualStepAvgCm=0.00 visualStepMaxCm=0.00
[rubber-banding][remote-render] time=174.139 frame=13605 entity=1 latestHostTick=5676 buffer=8 windowMs=1007.8 fps=57.6 snapshots=16 arrivalSamples=16 arrivalAvgMs=59.9 arrivalP95Ms=508.5 arrivalMaxMs=508.5 sameArrival=14 tickGapMax=6 renderFrames=58 interpolation=0 extrapolation=58 extrapolationCapped=58 extrapolationMaxMs=969.7 oldestHeld=0 zeroSpan=58 movingFrozen=0 teleport=0 visualStepAvgCm=0.00 visualStepMaxCm=0.00
[rubber-banding][remote-render] time=174.139 frame=13605 entity=3 latestHostTick=5676 buffer=8 windowMs=1007.8 fps=57.6 snapshots=16 arrivalSamples=16 arrivalAvgMs=59.9 arrivalP95Ms=508.5 arrivalMaxMs=508.5 sameArrival=14 tickGapMax=6 renderFrames=58 interpolation=0 extrapolation=58 extrapolationCapped=58 extrapolationMaxMs=969.7 oldestHeld=0 zeroSpan=58 movingFrozen=0 teleport=0 visualStepAvgCm=0.00 visualStepMaxCm=0.00
[rubber-banding][remote-render] time=174.139 frame=13605 entity=4 latestHostTick=5676 buffer=8 windowMs=1007.8 fps=57.6 snapshots=16 arrivalSamples=16 arrivalAvgMs=59.9 arrivalP95Ms=508.5 arrivalMaxMs=508.5 sameArrival=14 tickGapMax=6 renderFrames=58 interpolation=0 extrapolation=58 extrapolationCapped=58 extrapolationMaxMs=969.7 oldestHeld=0 zeroSpan=58 movingFrozen=0 teleport=0 visualStepAvgCm=0.00 visualStepMaxCm=0.00
[Network] Unhandled packet id 2415 (166 byte payload). Skipped.
[밤 아이템] 기존 번호[8]: 미구현 아이템, 다른 아이템[1]으로 교체합니다
[rubber-banding][remote-render] time=175.139 frame=13660 entity=1 latestHostTick=5732 buffer=8 windowMs=1000.1 fps=55.0 snapshots=26 arrivalSamples=26 arrivalAvgMs=41.3 arrivalP95Ms=325.0 arrivalMaxMs=441.7 sameArrival=20 tickGapMax=6 renderFrames=55 interpolation=0 extrapolation=55 extrapolationCapped=48 extrapolationMaxMs=1063.3 oldestHeld=0 zeroSpan=55 movingFrozen=0 teleport=0 visualStepAvgCm=0.00 visualStepMaxCm=0.00
[rubber-banding][remote-render] time=175.139 frame=13660 entity=3 latestHostTick=5732 buffer=8 windowMs=1000.1 fps=55.0 snapshots=26 arrivalSamples=26 arrivalAvgMs=41.3 arrivalP95Ms=325.0 arrivalMaxMs=441.7 sameArrival=20 tickGapMax=6 renderFrames=55 interpolation=0 extrapolation=55 extrapolationCapped=48 extrapolationMaxMs=1063.3 oldestHeld=0 zeroSpan=55 movingFrozen=0 teleport=0 visualStepAvgCm=0.00 visualStepMaxCm=0.00
[rubber-banding][remote-render] time=175.139 frame=13660 entity=4 latestHostTick=5732 buffer=8 windowMs=1000.1 fps=55.0 snapshots=26 arrivalSamples=26 arrivalAvgMs=41.3 arrivalP95Ms=325.0 arrivalMaxMs=441.7 sameArrival=20 tickGapMax=6 renderFrames=55 interpolation=0 extrapolation=55 extrapolationCapped=48 extrapolationMaxMs=1063.3 oldestHeld=0 zeroSpan=55 movingFrozen=0 teleport=0 visualStepAvgCm=0.00 visualStepMaxCm=0.00
[rubber-banding][remote-render] time=176.147 frame=13722 entity=1 latestHostTick=5770 buffer=8 windowMs=1008.0 fps=61.5 snapshots=16 arrivalSamples=16 arrivalAvgMs=47.4 arrivalP95Ms=466.7 arrivalMaxMs=466.7 sameArrival=14 tickGapMax=6 renderFrames=62 interpolation=0 extrapolation=62 extrapolationCapped=59 extrapolationMaxMs=546.0 oldestHeld=0 zeroSpan=62 movingFrozen=0 teleport=0 visualStepAvgCm=0.00 visualStepMaxCm=0.00
[rubber-banding][remote-render] time=176.147 frame=13722 entity=3 latestHostTick=5770 buffer=8 windowMs=1008.0 fps=61.5 snapshots=16 arrivalSamples=16 arrivalAvgMs=47.4 arrivalP95Ms=466.7 arrivalMaxMs=466.7 sameArrival=14 tickGapMax=6 renderFrames=62 interpolation=0 extrapolation=62 extrapolationCapped=59 extrapolationMaxMs=546.0 oldestHeld=0 zeroSpan=62 movingFrozen=0 teleport=0 visualStepAvgCm=0.00 visualStepMaxCm=0.00
[rubber-banding][remote-render] time=176.147 frame=13722 entity=4 latestHostTick=5770 buffer=8 windowMs=1008.0 fps=61.5 snapshots=16 arrivalSamples=16 arrivalAvgMs=47.4 arrivalP95Ms=466.7 arrivalMaxMs=466.7 sameArrival=14 tickGapMax=6 renderFrames=62 interpolation=0 extrapolation=62 extrapolationCapped=59 extrapolationMaxMs=546.0 oldestHeld=0 zeroSpan=62 movingFrozen=0 teleport=0 visualStepAvgCm=0.00 visualStepMaxCm=0.00
[rubber-banding][remote-render] time=177.148 frame=13773 entity=1 latestHostTick=5810 buffer=8 windowMs=1001.0 fps=50.9 snapshots=17 arrivalSamples=17 arrivalAvgMs=56.4 arrivalP95Ms=616.7 arrivalMaxMs=616.7 sameArrival=14 tickGapMax=6 renderFrames=51 interpolation=0 extrapolation=51 extrapolationCapped=51 extrapolationMaxMs=788.5 oldestHeld=0 zeroSpan=35 movingFrozen=0 teleport=0 visualStepAvgCm=0.00 visualStepMaxCm=0.00
[rubber-banding][remote-render] time=177.148 frame=13773 entity=3 latestHostTick=5810 buffer=8 windowMs=1001.0 fps=50.9 snapshots=17 arrivalSamples=17 arrivalAvgMs=56.4 arrivalP95Ms=616.7 arrivalMaxMs=616.7 sameArrival=14 tickGapMax=6 renderFrames=51 interpolation=0 extrapolation=51 extrapolationCapped=51 extrapolationMaxMs=788.5 oldestHeld=0 zeroSpan=35 movingFrozen=0 teleport=0 visualStepAvgCm=0.00 visualStepMaxCm=0.00
[rubber-banding][remote-render] time=177.148 frame=13773 entity=4 latestHostTick=5810 buffer=8 windowMs=1001.0 fps=50.9 snapshots=17 arrivalSamples=17 arrivalAvgMs=56.4 arrivalP95Ms=616.7 arrivalMaxMs=616.7 sameArrival=14 tickGapMax=6 renderFrames=51 interpolation=0 extrapolation=51 extrapolationCapped=51 extrapolationMaxMs=788.5 oldestHeld=0 zeroSpan=35 movingFrozen=0 teleport=0 visualStepAvgCm=0.00 visualStepMaxCm=0.00
[rubber-banding][remote-render] time=178.156 frame=13822 entity=1 latestHostTick=5850 buffer=8 windowMs=1007.6 fps=48.6 snapshots=20 arrivalSamples=20 arrivalAvgMs=58.8 arrivalP95Ms=558.3 arrivalMaxMs=575.0 sameArrival=16 tickGapMax=2 renderFrames=49 interpolation=0 extrapolation=49 extrapolationCapped=44 extrapolationMaxMs=1013.1 oldestHeld=0 zeroSpan=38 movingFrozen=0 teleport=0 visualStepAvgCm=0.00 visualStepMaxCm=0.00
[rubber-banding][remote-render] time=178.156 frame=13822 entity=3 latestHostTick=5850 buffer=8 windowMs=1007.6 fps=48.6 snapshots=20 arrivalSamples=20 arrivalAvgMs=58.8 arrivalP95Ms=558.3 arrivalMaxMs=575.0 sameArrival=16 tickGapMax=2 renderFrames=49 interpolation=0 extrapolation=49 extrapolationCapped=44 extrapolationMaxMs=1013.1 oldestHeld=0 zeroSpan=38 movingFrozen=0 teleport=0 visualStepAvgCm=0.00 visualStepMaxCm=0.00
[rubber-banding][remote-render] time=178.156 frame=13822 entity=4 latestHostTick=5850 buffer=8 windowMs=1007.6 fps=48.6 snapshots=20 arrivalSamples=20 arrivalAvgMs=58.8 arrivalP95Ms=558.3 arrivalMaxMs=575.0 sameArrival=16 tickGapMax=2 renderFrames=49 interpolation=0 extrapolation=49 extrapolationCapped=44 extrapolationMaxMs=1013.1 oldestHeld=0 zeroSpan=38 movingFrozen=0 teleport=0 visualStepAvgCm=0.00 visualStepMaxCm=0.00
[rubber-banding][remote-render] time=179.164 frame=13877 entity=1 latestHostTick=5890 buffer=8 windowMs=1008.0 fps=54.6 snapshots=16 arrivalSamples=16 arrivalAvgMs=67.2 arrivalP95Ms=566.9 arrivalMaxMs=566.9 sameArrival=14 tickGapMax=6 renderFrames=55 interpolation=0 extrapolation=55 extrapolationCapped=55 extrapolationMaxMs=1002.1 oldestHeld=0 zeroSpan=55 movingFrozen=0 teleport=0 visualStepAvgCm=0.00 visualStepMaxCm=0.00
[rubber-banding][remote-render] time=179.164 frame=13877 entity=3 latestHostTick=5890 buffer=8 windowMs=1008.0 fps=54.6 snapshots=16 arrivalSamples=16 arrivalAvgMs=67.2 arrivalP95Ms=566.9 arrivalMaxMs=566.9 sameArrival=14 tickGapMax=6 renderFrames=55 interpolation=0 extrapolation=55 extrapolationCapped=55 extrapolationMaxMs=1002.1 oldestHeld=0 zeroSpan=55 movingFrozen=0 teleport=0 visualStepAvgCm=0.00 visualStepMaxCm=0.00
[rubber-banding][remote-render] time=179.164 frame=13877 entity=4 latestHostTick=5890 buffer=8 windowMs=1008.0 fps=54.6 snapshots=16 arrivalSamples=16 arrivalAvgMs=67.2 arrivalP95Ms=566.9 arrivalMaxMs=566.9 sameArrival=14 tickGapMax=6 renderFrames=55 interpolation=0 extrapolation=55 extrapolationCapped=55 extrapolationMaxMs=1002.1 oldestHeld=0 zeroSpan=55 movingFrozen=0 teleport=0 visualStepAvgCm=0.00 visualStepMaxCm=0.00
[rubber-banding][remote-render] time=180.181 frame=13932 entity=1 latestHostTick=5930 buffer=8 windowMs=1016.9 fps=54.1 snapshots=18 arrivalSamples=18 arrivalAvgMs=60.6 arrivalP95Ms=574.9 arrivalMaxMs=574.9 sameArrival=15 tickGapMax=6 renderFrames=55 interpolation=0 extrapolation=55 extrapolationCapped=55 extrapolationMaxMs=1240.3 oldestHeld=0 zeroSpan=55 movingFrozen=0 teleport=0 visualStepAvgCm=0.00 visualStepMaxCm=0.00
[rubber-banding][remote-render] time=180.181 frame=13932 entity=3 latestHostTick=5930 buffer=8 windowMs=1016.9 fps=54.1 snapshots=18 arrivalSamples=18 arrivalAvgMs=60.6 arrivalP95Ms=574.9 arrivalMaxMs=574.9 sameArrival=15 tickGapMax=6 renderFrames=55 interpolation=0 extrapolation=55 extrapolationCapped=55 extrapolationMaxMs=1240.3 oldestHeld=0 zeroSpan=55 movingFrozen=0 teleport=0 visualStepAvgCm=0.00 visualStepMaxCm=0.00
[rubber-banding][remote-render] time=180.181 frame=13932 entity=4 latestHostTick=5930 buffer=8 windowMs=1016.9 fps=54.1 snapshots=18 arrivalSamples=18 arrivalAvgMs=60.6 arrivalP95Ms=574.9 arrivalMaxMs=574.9 sameArrival=15 tickGapMax=6 renderFrames=55 interpolation=0 extrapolation=55 extrapolationCapped=55 extrapolationMaxMs=1240.3 oldestHeld=0 zeroSpan=55 movingFrozen=0 teleport=0 visualStepAvgCm=0.00 visualStepMaxCm=0.00
[rubber-banding][remote-render] time=181.197 frame=13983 entity=1 latestHostTick=5950 buffer=8 windowMs=1016.5 fps=50.2 snapshots=10 arrivalSamples=10 arrivalAvgMs=54.2 arrivalP95Ms=516.5 arrivalMaxMs=516.5 sameArrival=8 tickGapMax=2 renderFrames=51 interpolation=0 extrapolation=51 extrapolationCapped=51 extrapolationMaxMs=1019.9 oldestHeld=0 zeroSpan=51 movingFrozen=0 teleport=0 visualStepAvgCm=0.00 visualStepMaxCm=0.00
[rubber-banding][remote-render] time=181.197 frame=13983 entity=3 latestHostTick=5950 buffer=8 windowMs=1016.5 fps=50.2 snapshots=10 arrivalSamples=10 arrivalAvgMs=54.2 arrivalP95Ms=516.5 arrivalMaxMs=516.5 sameArrival=8 tickGapMax=2 renderFrames=51 interpolation=0 extrapolation=51 extrapolationCapped=51 extrapolationMaxMs=1019.9 oldestHeld=0 zeroSpan=51 movingFrozen=0 teleport=0 visualStepAvgCm=0.00 visualStepMaxCm=0.00
[rubber-banding][remote-render] time=181.197 frame=13983 entity=4 latestHostTick=5950 buffer=8 windowMs=1016.5 fps=50.2 snapshots=10 arrivalSamples=10 arrivalAvgMs=54.2 arrivalP95Ms=516.5 arrivalMaxMs=516.5 sameArrival=8 tickGapMax=2 renderFrames=51 interpolation=0 extrapolation=51 extrapolationCapped=51 extrapolationMaxMs=1019.9 oldestHeld=0 zeroSpan=51 movingFrozen=0 teleport=0 visualStepAvgCm=0.00 visualStepMaxCm=0.00
[rubber-banding][remote-render] time=182.206 frame=14024 entity=1 latestHostTick=5990 buffer=8 windowMs=1008.4 fps=40.7 snapshots=16 arrivalSamples=16 arrivalAvgMs=63.0 arrivalP95Ms=517.0 arrivalMaxMs=517.0 sameArrival=14 tickGapMax=6 renderFrames=41 interpolation=3 extrapolation=38 extrapolationCapped=30 extrapolationMaxMs=702.7 oldestHeld=0 zeroSpan=41 movingFrozen=0 teleport=0 visualStepAvgCm=0.00 visualStepMaxCm=0.00
[rubber-banding][remote-render] time=182.206 frame=14024 entity=3 latestHostTick=5990 buffer=8 windowMs=1008.4 fps=40.7 snapshots=16 arrivalSamples=16 arrivalAvgMs=63.0 arrivalP95Ms=517.0 arrivalMaxMs=517.0 sameArrival=14 tickGapMax=6 renderFrames=41 interpolation=3 extrapolation=38 extrapolationCapped=30 extrapolationMaxMs=702.7 oldestHeld=0 zeroSpan=41 movingFrozen=0 teleport=0 visualStepAvgCm=0.00 visualStepMaxCm=0.00
[rubber-banding][remote-render] time=182.206 frame=14024 entity=4 latestHostTick=5990 buffer=8 windowMs=1008.4 fps=40.7 snapshots=16 arrivalSamples=16 arrivalAvgMs=63.0 arrivalP95Ms=517.0 arrivalMaxMs=517.0 sameArrival=14 tickGapMax=6 renderFrames=41 interpolation=3 extrapolation=38 extrapolationCapped=30 extrapolationMaxMs=702.7 oldestHeld=0 zeroSpan=41 movingFrozen=0 teleport=0 visualStepAvgCm=0.00 visualStepMaxCm=0.00
[rubber-banding][remote-render] time=183.214 frame=14056 entity=1 latestHostTick=6030 buffer=8 windowMs=1008.4 fps=31.7 snapshots=16 arrivalSamples=16 arrivalAvgMs=80.7 arrivalP95Ms=689.8 arrivalMaxMs=689.8 sameArrival=14 tickGapMax=6 renderFrames=32 interpolation=0 extrapolation=32 extrapolationCapped=32 extrapolationMaxMs=996.7 oldestHeld=0 zeroSpan=32 movingFrozen=0 teleport=0 visualStepAvgCm=0.00 visualStepMaxCm=0.00
[rubber-banding][remote-render] time=183.214 frame=14056 entity=3 latestHostTick=6030 buffer=8 windowMs=1008.4 fps=31.7 snapshots=16 arrivalSamples=16 arrivalAvgMs=80.7 arrivalP95Ms=689.8 arrivalMaxMs=689.8 sameArrival=14 tickGapMax=6 renderFrames=32 interpolation=0 extrapolation=32 extrapolationCapped=32 extrapolationMaxMs=996.7 oldestHeld=0 zeroSpan=32 movingFrozen=0 teleport=0 visualStepAvgCm=0.00 visualStepMaxCm=0.00
[rubber-banding][remote-render] time=183.214 frame=14056 entity=4 latestHostTick=6030 buffer=8 windowMs=1008.4 fps=31.7 snapshots=16 arrivalSamples=16 arrivalAvgMs=80.7 arrivalP95Ms=689.8 arrivalMaxMs=689.8 sameArrival=14 tickGapMax=6 renderFrames=32 interpolation=0 extrapolation=32 extrapolationCapped=32 extrapolationMaxMs=996.7 oldestHeld=0 zeroSpan=32 movingFrozen=0 teleport=0 visualStepAvgCm=0.00 visualStepMaxCm=0.00
[rubber-banding][remote-render] time=184.214 frame=14095 entity=1 latestHostTick=6070 buffer=8 windowMs=1000.0 fps=39.0 snapshots=16 arrivalSamples=16 arrivalAvgMs=72.9 arrivalP95Ms=641.9 arrivalMaxMs=641.9 sameArrival=14 tickGapMax=6 renderFrames=39 interpolation=0 extrapolation=39 extrapolationCapped=38 extrapolationMaxMs=1291.7 oldestHeld=0 zeroSpan=39 movingFrozen=0 teleport=0 visualStepAvgCm=0.00 visualStepMaxCm=0.00
[rubber-banding][remote-render] time=184.214 frame=14095 entity=3 latestHostTick=6070 buffer=8 windowMs=1000.0 fps=39.0 snapshots=16 arrivalSamples=16 arrivalAvgMs=72.9 arrivalP95Ms=641.9 arrivalMaxMs=641.9 sameArrival=14 tickGapMax=6 renderFrames=39 interpolation=0 extrapolation=39 extrapolationCapped=38 extrapolationMaxMs=1291.7 oldestHeld=0 zeroSpan=39 movingFrozen=0 teleport=0 visualStepAvgCm=0.00 visualStepMaxCm=0.00
[rubber-banding][remote-render] time=184.214 frame=14095 entity=4 latestHostTick=6070 buffer=8 windowMs=1000.0 fps=39.0 snapshots=16 arrivalSamples=16 arrivalAvgMs=72.9 arrivalP95Ms=641.9 arrivalMaxMs=641.9 sameArrival=14 tickGapMax=6 renderFrames=39 interpolation=0 extrapolation=39 extrapolationCapped=38 extrapolationMaxMs=1291.7 oldestHeld=0 zeroSpan=39 movingFrozen=0 teleport=0 visualStepAvgCm=0.00 visualStepMaxCm=0.00
[rubber-banding][remote-render] time=185.222 frame=14145 entity=1 latestHostTick=6110 buffer=8 windowMs=1008.3 fps=49.6 snapshots=19 arrivalSamples=19 arrivalAvgMs=50.4 arrivalP95Ms=508.2 arrivalMaxMs=508.2 sameArrival=15 tickGapMax=4 renderFrames=50 interpolation=0 extrapolation=50 extrapolationCapped=50 extrapolationMaxMs=898.2 oldestHeld=0 zeroSpan=49 movingFrozen=0 teleport=0 visualStepAvgCm=0.00 visualStepMaxCm=0.00
[rubber-banding][remote-render] time=185.222 frame=14145 entity=3 latestHostTick=6110 buffer=8 windowMs=1008.3 fps=49.6 snapshots=19 arrivalSamples=19 arrivalAvgMs=50.4 arrivalP95Ms=508.2 arrivalMaxMs=508.2 sameArrival=15 tickGapMax=4 renderFrames=50 interpolation=0 extrapolation=50 extrapolationCapped=50 extrapolationMaxMs=898.2 oldestHeld=0 zeroSpan=49 movingFrozen=0 teleport=0 visualStepAvgCm=0.00 visualStepMaxCm=0.00
[rubber-banding][remote-render] time=185.222 frame=14145 entity=4 latestHostTick=6110 buffer=8 windowMs=1008.3 fps=49.6 snapshots=19 arrivalSamples=19 arrivalAvgMs=50.4 arrivalP95Ms=508.2 arrivalMaxMs=508.2 sameArrival=15 tickGapMax=4 renderFrames=50 interpolation=0 extrapolation=50 extrapolationCapped=50 extrapolationMaxMs=898.2 oldestHeld=0 zeroSpan=49 movingFrozen=0 teleport=0 visualStepAvgCm=0.00 visualStepMaxCm=0.00
[rubber-banding][remote-render] time=186.231 frame=14195 entity=1 latestHostTick=6150 buffer=8 windowMs=1008.3 fps=49.6 snapshots=18 arrivalSamples=18 arrivalAvgMs=50.9 arrivalP95Ms=500.2 arrivalMaxMs=500.2 sameArrival=15 tickGapMax=6 renderFrames=50 interpolation=0 extrapolation=50 extrapolationCapped=46 extrapolationMaxMs=975.7 oldestHeld=0 zeroSpan=50 movingFrozen=0 teleport=0 visualStepAvgCm=0.00 visualStepMaxCm=0.00
[rubber-banding][remote-render] time=186.231 frame=14195 entity=3 latestHostTick=6150 buffer=8 windowMs=1008.3 fps=49.6 snapshots=18 arrivalSamples=18 arrivalAvgMs=50.9 arrivalP95Ms=500.2 arrivalMaxMs=500.2 sameArrival=15 tickGapMax=6 renderFrames=50 interpolation=0 extrapolation=50 extrapolationCapped=46 extrapolationMaxMs=975.7 oldestHeld=0 zeroSpan=50 movingFrozen=0 teleport=0 visualStepAvgCm=0.00 visualStepMaxCm=0.00
[rubber-banding][remote-render] time=186.231 frame=14195 entity=4 latestHostTick=6150 buffer=8 windowMs=1008.3 fps=49.6 snapshots=18 arrivalSamples=18 arrivalAvgMs=50.9 arrivalP95Ms=500.2 arrivalMaxMs=500.2 sameArrival=15 tickGapMax=6 renderFrames=50 interpolation=0 extrapolation=50 extrapolationCapped=46 extrapolationMaxMs=975.7 oldestHeld=0 zeroSpan=50 movingFrozen=0 teleport=0 visualStepAvgCm=0.00 visualStepMaxCm=0.00
[rubber-banding][remote-render] time=187.247 frame=14237 entity=1 latestHostTick=6188 buffer=8 windowMs=1016.7 fps=41.3 snapshots=19 arrivalSamples=19 arrivalAvgMs=41.7 arrivalP95Ms=441.6 arrivalMaxMs=441.6 sameArrival=15 tickGapMax=2 renderFrames=42 interpolation=0 extrapolation=42 extrapolationCapped=42 extrapolationMaxMs=778.6 oldestHeld=0 zeroSpan=25 movingFrozen=0 teleport=0 visualStepAvgCm=0.00 visualStepMaxCm=0.00
[rubber-banding][remote-render] time=187.247 frame=14237 entity=3 latestHostTick=6188 buffer=8 windowMs=1016.7 fps=41.3 snapshots=19 arrivalSamples=19 arrivalAvgMs=41.7 arrivalP95Ms=441.6 arrivalMaxMs=441.6 sameArrival=15 tickGapMax=2 renderFrames=42 interpolation=0 extrapolation=42 extrapolationCapped=42 extrapolationMaxMs=778.6 oldestHeld=0 zeroSpan=25 movingFrozen=0 teleport=0 visualStepAvgCm=0.00 visualStepMaxCm=0.00
[rubber-banding][remote-render] time=187.247 frame=14237 entity=4 latestHostTick=6188 buffer=8 windowMs=1016.7 fps=41.3 snapshots=19 arrivalSamples=19 arrivalAvgMs=41.7 arrivalP95Ms=441.6 arrivalMaxMs=441.6 sameArrival=15 tickGapMax=2 renderFrames=42 interpolation=0 extrapolation=42 extrapolationCapped=42 extrapolationMaxMs=778.6 oldestHeld=0 zeroSpan=25 movingFrozen=0 teleport=0 visualStepAvgCm=0.00 visualStepMaxCm=0.00
[rubber-banding][remote-render] time=188.256 frame=14279 entity=1 latestHostTick=6228 buffer=8 windowMs=1008.3 fps=41.7 snapshots=18 arrivalSamples=18 arrivalAvgMs=59.3 arrivalP95Ms=541.8 arrivalMaxMs=541.8 sameArrival=15 tickGapMax=6 renderFrames=42 interpolation=0 extrapolation=42 extrapolationCapped=35 extrapolationMaxMs=899.3 oldestHeld=0 zeroSpan=37 movingFrozen=0 teleport=0 visualStepAvgCm=0.00 visualStepMaxCm=0.00
[rubber-banding][remote-render] time=188.256 frame=14279 entity=3 latestHostTick=6228 buffer=8 windowMs=1008.3 fps=41.7 snapshots=18 arrivalSamples=18 arrivalAvgMs=59.3 arrivalP95Ms=541.8 arrivalMaxMs=541.8 sameArrival=15 tickGapMax=6 renderFrames=42 interpolation=0 extrapolation=42 extrapolationCapped=35 extrapolationMaxMs=899.3 oldestHeld=0 zeroSpan=37 movingFrozen=0 teleport=0 visualStepAvgCm=0.00 visualStepMaxCm=0.00
[rubber-banding][remote-render] time=188.256 frame=14279 entity=4 latestHostTick=6228 buffer=8 windowMs=1008.3 fps=41.7 snapshots=18 arrivalSamples=18 arrivalAvgMs=59.3 arrivalP95Ms=541.8 arrivalMaxMs=541.8 sameArrival=15 tickGapMax=6 renderFrames=42 interpolation=0 extrapolation=42 extrapolationCapped=35 extrapolationMaxMs=899.3 oldestHeld=0 zeroSpan=37 movingFrozen=0 teleport=0 visualStepAvgCm=0.00 visualStepMaxCm=0.00
[rubber-banding][remote-render] time=189.272 frame=14327 entity=1 latestHostTick=6268 buffer=8 windowMs=1016.6 fps=47.2 snapshots=18 arrivalSamples=18 arrivalAvgMs=57.4 arrivalP95Ms=508.4 arrivalMaxMs=508.4 sameArrival=15 tickGapMax=6 renderFrames=48 interpolation=0 extrapolation=48 extrapolationCapped=48 extrapolationMaxMs=849.1 oldestHeld=0 zeroSpan=48 movingFrozen=0 teleport=0 visualStepAvgCm=0.00 visualStepMaxCm=0.00
[rubber-banding][remote-render] time=189.272 frame=14327 entity=3 latestHostTick=6268 buffer=8 windowMs=1016.6 fps=47.2 snapshots=18 arrivalSamples=18 arrivalAvgMs=57.4 arrivalP95Ms=508.4 arrivalMaxMs=508.4 sameArrival=15 tickGapMax=6 renderFrames=48 interpolation=0 extrapolation=48 extrapolationCapped=48 extrapolationMaxMs=849.1 oldestHeld=0 zeroSpan=48 movingFrozen=0 teleport=0 visualStepAvgCm=0.00 visualStepMaxCm=0.00
[rubber-banding][remote-render] time=189.272 frame=14327 entity=4 latestHostTick=6268 buffer=8 windowMs=1016.6 fps=47.2 snapshots=18 arrivalSamples=18 arrivalAvgMs=57.4 arrivalP95Ms=508.4 arrivalMaxMs=508.4 sameArrival=15 tickGapMax=6 renderFrames=48 interpolation=0 extrapolation=48 extrapolationCapped=48 extrapolationMaxMs=849.1 oldestHeld=0 zeroSpan=48 movingFrozen=0 teleport=0 visualStepAvgCm=0.00 visualStepMaxCm=0.00
[rubber-banding][remote-render] time=190.289 frame=14363 entity=1 latestHostTick=6308 buffer=8 windowMs=1016.8 fps=35.4 snapshots=16 arrivalSamples=16 arrivalAvgMs=61.0 arrivalP95Ms=608.6 arrivalMaxMs=608.6 sameArrival=14 tickGapMax=6 renderFrames=36 interpolation=2 extrapolation=34 extrapolationCapped=29 extrapolationMaxMs=865.1 oldestHeld=0 zeroSpan=36 movingFrozen=0 teleport=0 visualStepAvgCm=0.00 visualStepMaxCm=0.00
[rubber-banding][remote-render] time=190.289 frame=14363 entity=3 latestHostTick=6308 buffer=8 windowMs=1016.8 fps=35.4 snapshots=16 arrivalSamples=16 arrivalAvgMs=61.0 arrivalP95Ms=608.6 arrivalMaxMs=608.6 sameArrival=14 tickGapMax=6 renderFrames=36 interpolation=2 extrapolation=34 extrapolationCapped=29 extrapolationMaxMs=865.1 oldestHeld=0 zeroSpan=36 movingFrozen=0 teleport=0 visualStepAvgCm=0.00 visualStepMaxCm=0.00
[rubber-banding][remote-render] time=190.289 frame=14363 entity=4 latestHostTick=6308 buffer=8 windowMs=1016.8 fps=35.4 snapshots=16 arrivalSamples=16 arrivalAvgMs=61.0 arrivalP95Ms=608.6 arrivalMaxMs=608.6 sameArrival=14 tickGapMax=6 renderFrames=36 interpolation=2 extrapolation=34 extrapolationCapped=29 extrapolationMaxMs=865.1 oldestHeld=0 zeroSpan=36 movingFrozen=0 teleport=0 visualStepAvgCm=0.00 visualStepMaxCm=0.00
[rubber-banding][remote-render] time=191.306 frame=14405 entity=1 latestHostTick=6348 buffer=8 windowMs=1016.6 fps=41.3 snapshots=16 arrivalSamples=16 arrivalAvgMs=70.8 arrivalP95Ms=591.4 arrivalMaxMs=591.4 sameArrival=14 tickGapMax=6 renderFrames=42 interpolation=0 extrapolation=42 extrapolationCapped=42 extrapolationMaxMs=985.2 oldestHeld=0 zeroSpan=42 movingFrozen=0 teleport=0 visualStepAvgCm=0.00 visualStepMaxCm=0.00
[rubber-banding][remote-render] time=191.306 frame=14405 entity=3 latestHostTick=6348 buffer=8 windowMs=1016.6 fps=41.3 snapshots=16 arrivalSamples=16 arrivalAvgMs=70.8 arrivalP95Ms=591.4 arrivalMaxMs=591.4 sameArrival=14 tickGapMax=6 renderFrames=42 interpolation=0 extrapolation=42 extrapolationCapped=42 extrapolationMaxMs=985.2 oldestHeld=0 zeroSpan=42 movingFrozen=0 teleport=0 visualStepAvgCm=0.00 visualStepMaxCm=0.00
[rubber-banding][remote-render] time=191.306 frame=14405 entity=4 latestHostTick=6348 buffer=8 windowMs=1016.6 fps=41.3 snapshots=16 arrivalSamples=16 arrivalAvgMs=70.8 arrivalP95Ms=591.4 arrivalMaxMs=591.4 sameArrival=14 tickGapMax=6 renderFrames=42 interpolation=0 extrapolation=42 extrapolationCapped=42 extrapolationMaxMs=985.2 oldestHeld=0 zeroSpan=42 movingFrozen=0 teleport=0 visualStepAvgCm=0.00 visualStepMaxCm=0.00
[rubber-banding][remote-render] time=192.331 frame=14450 entity=1 latestHostTick=6388 buffer=8 windowMs=1024.9 fps=43.9 snapshots=18 arrivalSamples=18 arrivalAvgMs=62.5 arrivalP95Ms=582.9 arrivalMaxMs=582.9 sameArrival=15 tickGapMax=6 renderFrames=45 interpolation=0 extrapolation=45 extrapolationCapped=43 extrapolationMaxMs=1217.0 oldestHeld=0 zeroSpan=45 movingFrozen=0 teleport=0 visualStepAvgCm=0.00 visualStepMaxCm=0.00
[rubber-banding][remote-render] time=192.331 frame=14450 entity=3 latestHostTick=6388 buffer=8 windowMs=1024.9 fps=43.9 snapshots=18 arrivalSamples=18 arrivalAvgMs=62.5 arrivalP95Ms=582.9 arrivalMaxMs=582.9 sameArrival=15 tickGapMax=6 renderFrames=45 interpolation=0 extrapolation=45 extrapolationCapped=43 extrapolationMaxMs=1217.0 oldestHeld=0 zeroSpan=45 movingFrozen=0 teleport=0 visualStepAvgCm=0.00 visualStepMaxCm=0.00
[rubber-banding][remote-render] time=192.331 frame=14450 entity=4 latestHostTick=6388 buffer=8 windowMs=1024.9 fps=43.9 snapshots=18 arrivalSamples=18 arrivalAvgMs=62.5 arrivalP95Ms=582.9 arrivalMaxMs=582.9 sameArrival=15 tickGapMax=6 renderFrames=45 interpolation=0 extrapolation=45 extrapolationCapped=43 extrapolationMaxMs=1217.0 oldestHeld=0 zeroSpan=45 movingFrozen=0 teleport=0 visualStepAvgCm=0.00 visualStepMaxCm=0.00
[rubber-banding][remote-render] time=193.339 frame=14494 entity=1 latestHostTick=6428 buffer=8 windowMs=1008.8 fps=43.6 snapshots=16 arrivalSamples=16 arrivalAvgMs=58.8 arrivalP95Ms=491.5 arrivalMaxMs=491.5 sameArrival=14 tickGapMax=6 renderFrames=44 interpolation=0 extrapolation=44 extrapolationCapped=44 extrapolationMaxMs=869.0 oldestHeld=0 zeroSpan=44 movingFrozen=0 teleport=0 visualStepAvgCm=0.00 visualStepMaxCm=0.00
[rubber-banding][remote-render] time=193.339 frame=14494 entity=3 latestHostTick=6428 buffer=8 windowMs=1008.8 fps=43.6 snapshots=16 arrivalSamples=16 arrivalAvgMs=58.8 arrivalP95Ms=491.5 arrivalMaxMs=491.5 sameArrival=14 tickGapMax=6 renderFrames=44 interpolation=0 extrapolation=44 extrapolationCapped=44 extrapolationMaxMs=869.0 oldestHeld=0 zeroSpan=44 movingFrozen=0 teleport=0 visualStepAvgCm=0.00 visualStepMaxCm=0.00
[rubber-banding][remote-render] time=193.339 frame=14494 entity=4 latestHostTick=6428 buffer=8 windowMs=1008.8 fps=43.6 snapshots=16 arrivalSamples=16 arrivalAvgMs=58.8 arrivalP95Ms=491.5 arrivalMaxMs=491.5 sameArrival=14 tickGapMax=6 renderFrames=44 interpolation=0 extrapolation=44 extrapolationCapped=44 extrapolationMaxMs=869.0 oldestHeld=0 zeroSpan=44 movingFrozen=0 teleport=0 visualStepAvgCm=0.00 visualStepMaxCm=0.00
[rubber-banding][remote-render] time=194.372 frame=14541 entity=1 latestHostTick=6476 buffer=8 windowMs=1032.8 fps=45.5 snapshots=22 arrivalSamples=22 arrivalAvgMs=56.4 arrivalP95Ms=400.1 arrivalMaxMs=416.6 sameArrival=18 tickGapMax=6 renderFrames=47 interpolation=0 extrapolation=47 extrapolationCapped=37 extrapolationMaxMs=914.0 oldestHeld=0 zeroSpan=47 movingFrozen=0 teleport=0 visualStepAvgCm=0.00 visualStepMaxCm=0.00
[rubber-banding][remote-render] time=194.372 frame=14541 entity=3 latestHostTick=6476 buffer=8 windowMs=1032.8 fps=45.5 snapshots=22 arrivalSamples=22 arrivalAvgMs=56.4 arrivalP95Ms=400.1 arrivalMaxMs=416.6 sameArrival=18 tickGapMax=6 renderFrames=47 interpolation=0 extrapolation=47 extrapolationCapped=37 extrapolationMaxMs=914.0 oldestHeld=0 zeroSpan=47 movingFrozen=0 teleport=0 visualStepAvgCm=0.00 visualStepMaxCm=0.00
[rubber-banding][remote-render] time=194.372 frame=14541 entity=4 latestHostTick=6476 buffer=8 windowMs=1032.8 fps=45.5 snapshots=22 arrivalSamples=22 arrivalAvgMs=56.4 arrivalP95Ms=400.1 arrivalMaxMs=416.6 sameArrival=18 tickGapMax=6 renderFrames=47 interpolation=0 extrapolation=47 extrapolationCapped=37 extrapolationMaxMs=914.0 oldestHeld=0 zeroSpan=47 movingFrozen=0 teleport=0 visualStepAvgCm=0.00 visualStepMaxCm=0.00
[rubber-banding][remote-render] time=195.380 frame=14590 entity=1 latestHostTick=6528 buffer=8 windowMs=1008.3 fps=48.6 snapshots=26 arrivalSamples=26 arrivalAvgMs=31.1 arrivalP95Ms=341.7 arrivalMaxMs=416.6 sameArrival=21 tickGapMax=2 renderFrames=49 interpolation=0 extrapolation=49 extrapolationCapped=49 extrapolationMaxMs=610.8 oldestHeld=0 zeroSpan=49 movingFrozen=0 teleport=0 visualStepAvgCm=0.00 visualStepMaxCm=0.00
[rubber-banding][remote-render] time=195.380 frame=14590 entity=3 latestHostTick=6528 buffer=8 windowMs=1008.3 fps=48.6 snapshots=26 arrivalSamples=26 arrivalAvgMs=31.1 arrivalP95Ms=341.7 arrivalMaxMs=416.6 sameArrival=21 tickGapMax=2 renderFrames=49 interpolation=0 extrapolation=49 extrapolationCapped=49 extrapolationMaxMs=610.8 oldestHeld=0 zeroSpan=49 movingFrozen=0 teleport=0 visualStepAvgCm=0.00 visualStepMaxCm=0.00
[rubber-banding][remote-render] time=195.380 frame=14590 entity=4 latestHostTick=6528 buffer=8 windowMs=1008.3 fps=48.6 snapshots=26 arrivalSamples=26 arrivalAvgMs=31.1 arrivalP95Ms=341.7 arrivalMaxMs=416.6 sameArrival=21 tickGapMax=2 renderFrames=49 interpolation=0 extrapolation=49 extrapolationCapped=49 extrapolationMaxMs=610.8 oldestHeld=0 zeroSpan=49 movingFrozen=0 teleport=0 visualStepAvgCm=0.00 visualStepMaxCm=0.00
[rubber-banding][remote-render] time=196.389 frame=14649 entity=1 latestHostTick=6596 buffer=8 windowMs=1008.3 fps=58.5 snapshots=34 arrivalSamples=34 arrivalAvgMs=34.8 arrivalP95Ms=324.9 arrivalMaxMs=399.9 sameArrival=22 tickGapMax=2 renderFrames=59 interpolation=0 extrapolation=59 extrapolationCapped=59 extrapolationMaxMs=669.1 oldestHeld=0 zeroSpan=45 movingFrozen=0 teleport=0 visualStepAvgCm=0.00 visualStepMaxCm=0.00
[rubber-banding][remote-render] time=196.389 frame=14649 entity=3 latestHostTick=6596 buffer=8 windowMs=1008.3 fps=58.5 snapshots=34 arrivalSamples=34 arrivalAvgMs=34.8 arrivalP95Ms=324.9 arrivalMaxMs=399.9 sameArrival=22 tickGapMax=2 renderFrames=59 interpolation=0 extrapolation=59 extrapolationCapped=59 extrapolationMaxMs=669.1 oldestHeld=0 zeroSpan=45 movingFrozen=0 teleport=0 visualStepAvgCm=0.00 visualStepMaxCm=0.00
[rubber-banding][remote-render] time=196.389 frame=14649 entity=4 latestHostTick=6596 buffer=8 windowMs=1008.3 fps=58.5 snapshots=34 arrivalSamples=34 arrivalAvgMs=34.8 arrivalP95Ms=324.9 arrivalMaxMs=399.9 sameArrival=22 tickGapMax=2 renderFrames=59 interpolation=0 extrapolation=59 extrapolationCapped=59 extrapolationMaxMs=669.1 oldestHeld=0 zeroSpan=45 movingFrozen=0 teleport=0 visualStepAvgCm=0.00 visualStepMaxCm=0.00
[rubber-banding][remote-render] time=197.389 frame=14742 entity=1 latestHostTick=6656 buffer=8 windowMs=1000.0 fps=93.0 snapshots=30 arrivalSamples=30 arrivalAvgMs=33.9 arrivalP95Ms=58.3 arrivalMaxMs=65.1 sameArrival=0 tickGapMax=2 renderFrames=93 interpolation=0 extrapolation=93 extrapolationCapped=93 extrapolationMaxMs=355.1 oldestHeld=0 zeroSpan=0 movingFrozen=0 teleport=0 visualStepAvgCm=0.00 visualStepMaxCm=0.00
[rubber-banding][remote-render] time=197.389 frame=14742 entity=3 latestHostTick=6656 buffer=8 windowMs=1000.0 fps=93.0 snapshots=30 arrivalSamples=30 arrivalAvgMs=33.9 arrivalP95Ms=58.3 arrivalMaxMs=65.1 sameArrival=0 tickGapMax=2 renderFrames=93 interpolation=0 extrapolation=93 extrapolationCapped=93 extrapolationMaxMs=355.1 oldestHeld=0 zeroSpan=0 movingFrozen=0 teleport=0 visualStepAvgCm=0.00 visualStepMaxCm=0.00
[rubber-banding][remote-render] time=197.389 frame=14742 entity=4 latestHostTick=6656 buffer=8 windowMs=1000.0 fps=93.0 snapshots=30 arrivalSamples=30 arrivalAvgMs=33.9 arrivalP95Ms=58.3 arrivalMaxMs=65.1 sameArrival=0 tickGapMax=2 renderFrames=93 interpolation=0 extrapolation=93 extrapolationCapped=93 extrapolationMaxMs=355.1 oldestHeld=0 zeroSpan=0 movingFrozen=0 teleport=0 visualStepAvgCm=0.00 visualStepMaxCm=0.00
[rubber-banding][remote-render] time=198.397 frame=14834 entity=1 latestHostTick=6716 buffer=8 windowMs=1008.3 fps=91.2 snapshots=30 arrivalSamples=30 arrivalAvgMs=33.1 arrivalP95Ms=66.5 arrivalMaxMs=74.9 sameArrival=2 tickGapMax=2 renderFrames=92 interpolation=0 extrapolation=92 extrapolationCapped=92 extrapolationMaxMs=335.4 oldestHeld=0 zeroSpan=6 movingFrozen=0 teleport=0 visualStepAvgCm=0.00 visualStepMaxCm=0.00
[rubber-banding][remote-render] time=198.397 frame=14834 entity=3 latestHostTick=6716 buffer=8 windowMs=1008.3 fps=91.2 snapshots=30 arrivalSamples=30 arrivalAvgMs=33.1 arrivalP95Ms=66.5 arrivalMaxMs=74.9 sameArrival=2 tickGapMax=2 renderFrames=92 interpolation=0 extrapolation=92 extrapolationCapped=92 extrapolationMaxMs=335.4 oldestHeld=0 zeroSpan=6 movingFrozen=0 teleport=0 visualStepAvgCm=0.00 visualStepMaxCm=0.00
[rubber-banding][remote-render] time=198.397 frame=14834 entity=4 latestHostTick=6716 buffer=8 windowMs=1008.3 fps=91.2 snapshots=30 arrivalSamples=30 arrivalAvgMs=33.1 arrivalP95Ms=66.5 arrivalMaxMs=74.9 sameArrival=2 tickGapMax=2 renderFrames=92 interpolation=0 extrapolation=92 extrapolationCapped=92 extrapolationMaxMs=335.4 oldestHeld=0 zeroSpan=6 movingFrozen=0 teleport=0 visualStepAvgCm=0.00 visualStepMaxCm=0.00
[rubber-banding][remote-render] time=199.409 frame=14934 entity=1 latestHostTick=6778 buffer=8 windowMs=1012.3 fps=98.8 snapshots=31 arrivalSamples=31 arrivalAvgMs=33.5 arrivalP95Ms=58.4 arrivalMaxMs=67.0 sameArrival=2 tickGapMax=2 renderFrames=100 interpolation=0 extrapolation=100 extrapolationCapped=100 extrapolationMaxMs=302.0 oldestHeld=0 zeroSpan=12 movingFrozen=0 teleport=0 visualStepAvgCm=0.00 visualStepMaxCm=0.00
[rubber-banding][remote-render] time=199.409 frame=14934 entity=3 latestHostTick=6778 buffer=8 windowMs=1012.3 fps=98.8 snapshots=31 arrivalSamples=31 arrivalAvgMs=33.5 arrivalP95Ms=58.4 arrivalMaxMs=67.0 sameArrival=2 tickGapMax=2 renderFrames=100 interpolation=0 extrapolation=100 extrapolationCapped=100 extrapolationMaxMs=302.0 oldestHeld=0 zeroSpan=12 movingFrozen=0 teleport=0 visualStepAvgCm=0.00 visualStepMaxCm=0.00
[rubber-banding][remote-render] time=199.409 frame=14934 entity=4 latestHostTick=6778 buffer=8 windowMs=1012.3 fps=98.8 snapshots=31 arrivalSamples=31 arrivalAvgMs=33.5 arrivalP95Ms=58.4 arrivalMaxMs=67.0 sameArrival=2 tickGapMax=2 renderFrames=100 interpolation=0 extrapolation=100 extrapolationCapped=100 extrapolationMaxMs=302.0 oldestHeld=0 zeroSpan=12 movingFrozen=0 teleport=0 visualStepAvgCm=0.00 visualStepMaxCm=0.00
[rubber-banding][remote-render] time=200.427 frame=15034 entity=1 latestHostTick=6838 buffer=8 windowMs=1017.3 fps=98.3 snapshots=30 arrivalSamples=30 arrivalAvgMs=32.8 arrivalP95Ms=50.6 arrivalMaxMs=58.3 sameArrival=0 tickGapMax=2 renderFrames=100 interpolation=0 extrapolation=100 extrapolationCapped=100 extrapolationMaxMs=266.9 oldestHeld=0 zeroSpan=0 movingFrozen=0 teleport=0 visualStepAvgCm=0.00 visualStepMaxCm=0.00
[rubber-banding][remote-render] time=200.427 frame=15034 entity=3 latestHostTick=6838 buffer=8 windowMs=1017.3 fps=98.3 snapshots=30 arrivalSamples=30 arrivalAvgMs=32.8 arrivalP95Ms=50.6 arrivalMaxMs=58.3 sameArrival=0 tickGapMax=2 renderFrames=100 interpolation=0 extrapolation=100 extrapolationCapped=100 extrapolationMaxMs=266.9 oldestHeld=0 zeroSpan=0 movingFrozen=0 teleport=0 visualStepAvgCm=0.00 visualStepMaxCm=0.00
[rubber-banding][remote-render] time=200.427 frame=15034 entity=4 latestHostTick=6838 buffer=8 windowMs=1017.3 fps=98.3 snapshots=30 arrivalSamples=30 arrivalAvgMs=32.8 arrivalP95Ms=50.6 arrivalMaxMs=58.3 sameArrival=0 tickGapMax=2 renderFrames=100 interpolation=0 extrapolation=100 extrapolationCapped=100 extrapolationMaxMs=266.9 oldestHeld=0 zeroSpan=0 movingFrozen=0 teleport=0 visualStepAvgCm=0.00 visualStepMaxCm=0.00
[rubber-banding][remote-render] time=201.437 frame=15142 entity=1 latestHostTick=6898 buffer=8 windowMs=1010.5 fps=106.9 snapshots=30 arrivalSamples=30 arrivalAvgMs=33.4 arrivalP95Ms=57.9 arrivalMaxMs=59.6 sameArrival=0 tickGapMax=2 renderFrames=108 interpolation=0 extrapolation=108 extrapolationCapped=106 extrapolationMaxMs=221.1 oldestHeld=0 zeroSpan=0 movingFrozen=0 teleport=0 visualStepAvgCm=0.00 visualStepMaxCm=0.00
[rubber-banding][remote-render] time=201.437 frame=15142 entity=3 latestHostTick=6898 buffer=8 windowMs=1010.5 fps=106.9 snapshots=30 arrivalSamples=30 arrivalAvgMs=33.4 arrivalP95Ms=57.9 arrivalMaxMs=59.6 sameArrival=0 tickGapMax=2 renderFrames=108 interpolation=0 extrapolation=108 extrapolationCapped=106 extrapolationMaxMs=221.1 oldestHeld=0 zeroSpan=0 movingFrozen=0 teleport=0 visualStepAvgCm=0.00 visualStepMaxCm=0.00
[rubber-banding][remote-render] time=201.437 frame=15142 entity=4 latestHostTick=6898 buffer=8 windowMs=1010.5 fps=106.9 snapshots=30 arrivalSamples=30 arrivalAvgMs=33.4 arrivalP95Ms=57.9 arrivalMaxMs=59.6 sameArrival=0 tickGapMax=2 renderFrames=108 interpolation=0 extrapolation=108 extrapolationCapped=106 extrapolationMaxMs=221.1 oldestHeld=0 zeroSpan=0 movingFrozen=0 teleport=0 visualStepAvgCm=0.00 visualStepMaxCm=0.00
[rubber-banding][remote-render] time=202.438 frame=15256 entity=1 latestHostTick=6958 buffer=8 windowMs=1000.4 fps=114.0 snapshots=30 arrivalSamples=30 arrivalAvgMs=33.4 arrivalP95Ms=60.9 arrivalMaxMs=66.7 sameArrival=1 tickGapMax=2 renderFrames=114 interpolation=0 extrapolation=114 extrapolationCapped=71 extrapolationMaxMs=197.4 oldestHeld=0 zeroSpan=5 movingFrozen=0 teleport=0 visualStepAvgCm=0.00 visualStepMaxCm=0.00
[rubber-banding][remote-render] time=202.438 frame=15256 entity=3 latestHostTick=6958 buffer=8 windowMs=1000.4 fps=114.0 snapshots=30 arrivalSamples=30 arrivalAvgMs=33.4 arrivalP95Ms=60.9 arrivalMaxMs=66.7 sameArrival=1 tickGapMax=2 renderFrames=114 interpolation=0 extrapolation=114 extrapolationCapped=71 extrapolationMaxMs=197.4 oldestHeld=0 zeroSpan=5 movingFrozen=0 teleport=0 visualStepAvgCm=0.00 visualStepMaxCm=0.00
[rubber-banding][remote-render] time=202.438 frame=15256 entity=4 latestHostTick=6958 buffer=8 windowMs=1000.4 fps=114.0 snapshots=30 arrivalSamples=30 arrivalAvgMs=33.4 arrivalP95Ms=60.9 arrivalMaxMs=66.7 sameArrival=1 tickGapMax=2 renderFrames=114 interpolation=0 extrapolation=114 extrapolationCapped=71 extrapolationMaxMs=197.4 oldestHeld=0 zeroSpan=5 movingFrozen=0 teleport=0 visualStepAvgCm=0.00 visualStepMaxCm=0.00
[rubber-banding][remote-render] time=203.442 frame=15364 entity=1 latestHostTick=7018 buffer=8 windowMs=1004.7 fps=107.5 snapshots=30 arrivalSamples=30 arrivalAvgMs=33.5 arrivalP95Ms=51.0 arrivalMaxMs=57.9 sameArrival=1 tickGapMax=2 renderFrames=108 interpolation=0 extrapolation=108 extrapolationCapped=5 extrapolationMaxMs=166.0 oldestHeld=0 zeroSpan=3 movingFrozen=0 teleport=0 visualStepAvgCm=0.00 visualStepMaxCm=0.00
[rubber-banding][remote-render] time=203.442 frame=15364 entity=3 latestHostTick=7018 buffer=8 windowMs=1004.7 fps=107.5 snapshots=30 arrivalSamples=30 arrivalAvgMs=33.5 arrivalP95Ms=51.0 arrivalMaxMs=57.9 sameArrival=1 tickGapMax=2 renderFrames=108 interpolation=0 extrapolation=108 extrapolationCapped=5 extrapolationMaxMs=166.0 oldestHeld=0 zeroSpan=3 movingFrozen=0 teleport=0 visualStepAvgCm=0.00 visualStepMaxCm=0.00
[rubber-banding][remote-render] time=203.442 frame=15364 entity=4 latestHostTick=7018 buffer=8 windowMs=1004.7 fps=107.5 snapshots=30 arrivalSamples=30 arrivalAvgMs=33.5 arrivalP95Ms=51.0 arrivalMaxMs=57.9 sameArrival=1 tickGapMax=2 renderFrames=108 interpolation=0 extrapolation=108 extrapolationCapped=5 extrapolationMaxMs=166.0 oldestHeld=0 zeroSpan=3 movingFrozen=0 teleport=0 visualStepAvgCm=0.00 visualStepMaxCm=0.00
[rubber-banding][remote-render] time=204.447 frame=15470 entity=1 latestHostTick=7080 buffer=8 windowMs=1004.4 fps=105.5 snapshots=31 arrivalSamples=31 arrivalAvgMs=33.7 arrivalP95Ms=51.9 arrivalMaxMs=85.3 sameArrival=1 tickGapMax=2 renderFrames=106 interpolation=0 extrapolation=106 extrapolationCapped=0 extrapolationMaxMs=127.8 oldestHeld=0 zeroSpan=2 movingFrozen=0 teleport=0 visualStepAvgCm=0.00 visualStepMaxCm=0.00
[rubber-banding][remote-render] time=204.447 frame=15470 entity=3 latestHostTick=7080 buffer=8 windowMs=1004.4 fps=105.5 snapshots=31 arrivalSamples=31 arrivalAvgMs=33.7 arrivalP95Ms=51.9 arrivalMaxMs=85.3 sameArrival=1 tickGapMax=2 renderFrames=106 interpolation=0 extrapolation=106 extrapolationCapped=0 extrapolationMaxMs=127.8 oldestHeld=0 zeroSpan=2 movingFrozen=0 teleport=0 visualStepAvgCm=0.00 visualStepMaxCm=0.00
[rubber-banding][remote-render] time=204.447 frame=15470 entity=4 latestHostTick=7080 buffer=8 windowMs=1004.4 fps=105.5 snapshots=31 arrivalSamples=31 arrivalAvgMs=33.7 arrivalP95Ms=51.9 arrivalMaxMs=85.3 sameArrival=1 tickGapMax=2 renderFrames=106 interpolation=0 extrapolation=106 extrapolationCapped=0 extrapolationMaxMs=127.8 oldestHeld=0 zeroSpan=2 movingFrozen=0 teleport=0 visualStepAvgCm=0.00 visualStepMaxCm=0.00
[rubber-banding][remote-render] time=205.449 frame=15570 entity=1 latestHostTick=7140 buffer=8 windowMs=1002.1 fps=99.8 snapshots=30 arrivalSamples=30 arrivalAvgMs=33.4 arrivalP95Ms=51.4 arrivalMaxMs=75.4 sameArrival=1 tickGapMax=2 renderFrames=100 interpolation=0 extrapolation=100 extrapolationCapped=0 extrapolationMaxMs=91.1 oldestHeld=0 zeroSpan=2 movingFrozen=0 teleport=0 visualStepAvgCm=0.00 visualStepMaxCm=0.00
[rubber-banding][remote-render] time=205.449 frame=15570 entity=3 latestHostTick=7140 buffer=8 windowMs=1002.1 fps=99.8 snapshots=30 arrivalSamples=30 arrivalAvgMs=33.4 arrivalP95Ms=51.4 arrivalMaxMs=75.4 sameArrival=1 tickGapMax=2 renderFrames=100 interpolation=0 extrapolation=100 extrapolationCapped=0 extrapolationMaxMs=91.1 oldestHeld=0 zeroSpan=2 movingFrozen=0 teleport=0 visualStepAvgCm=0.00 visualStepMaxCm=0.00
[rubber-banding][remote-render] time=205.449 frame=15570 entity=4 latestHostTick=7140 buffer=8 windowMs=1002.1 fps=99.8 snapshots=30 arrivalSamples=30 arrivalAvgMs=33.4 arrivalP95Ms=51.4 arrivalMaxMs=75.4 sameArrival=1 tickGapMax=2 renderFrames=100 interpolation=0 extrapolation=100 extrapolationCapped=0 extrapolationMaxMs=91.1 oldestHeld=0 zeroSpan=2 movingFrozen=0 teleport=0 visualStepAvgCm=0.00 visualStepMaxCm=0.00
[rubber-banding][remote-render] time=206.450 frame=15670 entity=1 latestHostTick=7198 buffer=8 windowMs=1000.9 fps=99.9 snapshots=29 arrivalSamples=29 arrivalAvgMs=32.8 arrivalP95Ms=51.4 arrivalMaxMs=53.5 sameArrival=0 tickGapMax=2 renderFrames=100 interpolation=6 extrapolation=94 extrapolationCapped=0 extrapolationMaxMs=59.5 oldestHeld=0 zeroSpan=0 movingFrozen=0 teleport=0 visualStepAvgCm=0.00 visualStepMaxCm=0.00
[rubber-banding][remote-render] time=206.450 frame=15670 entity=3 latestHostTick=7198 buffer=8 windowMs=1000.9 fps=99.9 snapshots=29 arrivalSamples=29 arrivalAvgMs=32.8 arrivalP95Ms=51.4 arrivalMaxMs=53.5 sameArrival=0 tickGapMax=2 renderFrames=100 interpolation=6 extrapolation=94 extrapolationCapped=0 extrapolationMaxMs=59.5 oldestHeld=0 zeroSpan=0 movingFrozen=0 teleport=0 visualStepAvgCm=0.00 visualStepMaxCm=0.00
[rubber-banding][remote-render] time=206.450 frame=15670 entity=4 latestHostTick=7198 buffer=8 windowMs=1000.9 fps=99.9 snapshots=29 arrivalSamples=29 arrivalAvgMs=32.8 arrivalP95Ms=51.4 arrivalMaxMs=53.5 sameArrival=0 tickGapMax=2 renderFrames=100 interpolation=6 extrapolation=94 extrapolationCapped=0 extrapolationMaxMs=59.5 oldestHeld=0 zeroSpan=0 movingFrozen=0 teleport=0 visualStepAvgCm=0.00 visualStepMaxCm=0.00
[rubber-banding][remote-render] time=207.456 frame=15766 entity=1 latestHostTick=7260 buffer=8 windowMs=1006.0 fps=95.4 snapshots=31 arrivalSamples=31 arrivalAvgMs=33.3 arrivalP95Ms=54.0 arrivalMaxMs=59.9 sameArrival=0 tickGapMax=2 renderFrames=96 interpolation=81 extrapolation=15 extrapolationCapped=0 extrapolationMaxMs=27.6 oldestHeld=0 zeroSpan=0 movingFrozen=0 teleport=0 visualStepAvgCm=0.00 visualStepMaxCm=0.00
[rubber-banding][remote-render] time=207.456 frame=15766 entity=3 latestHostTick=7260 buffer=8 windowMs=1006.0 fps=95.4 snapshots=31 arrivalSamples=31 arrivalAvgMs=33.3 arrivalP95Ms=54.0 arrivalMaxMs=59.9 sameArrival=0 tickGapMax=2 renderFrames=96 interpolation=81 extrapolation=15 extrapolationCapped=0 extrapolationMaxMs=27.6 oldestHeld=0 zeroSpan=0 movingFrozen=0 teleport=0 visualStepAvgCm=0.00 visualStepMaxCm=0.00
[rubber-banding][remote-render] time=207.456 frame=15766 entity=4 latestHostTick=7260 buffer=8 windowMs=1006.0 fps=95.4 snapshots=31 arrivalSamples=31 arrivalAvgMs=33.3 arrivalP95Ms=54.0 arrivalMaxMs=59.9 sameArrival=0 tickGapMax=2 renderFrames=96 interpolation=81 extrapolation=15 extrapolationCapped=0 extrapolationMaxMs=27.6 oldestHeld=0 zeroSpan=0 movingFrozen=0 teleport=0 visualStepAvgCm=0.00 visualStepMaxCm=0.00
[rubber-banding][remote-render] time=208.460 frame=15868 entity=1 latestHostTick=7320 buffer=8 windowMs=1004.5 fps=101.5 snapshots=30 arrivalSamples=30 arrivalAvgMs=33.4 arrivalP95Ms=49.9 arrivalMaxMs=60.2 sameArrival=0 tickGapMax=2 renderFrames=102 interpolation=102 extrapolation=0 extrapolationCapped=0 extrapolationMaxMs=0.0 oldestHeld=0 zeroSpan=0 movingFrozen=0 teleport=0 visualStepAvgCm=0.00 visualStepMaxCm=0.00
[rubber-banding][remote-render] time=208.460 frame=15868 entity=3 latestHostTick=7320 buffer=8 windowMs=1004.5 fps=101.5 snapshots=30 arrivalSamples=30 arrivalAvgMs=33.4 arrivalP95Ms=49.9 arrivalMaxMs=60.2 sameArrival=0 tickGapMax=2 renderFrames=102 interpolation=102 extrapolation=0 extrapolationCapped=0 extrapolationMaxMs=0.0 oldestHeld=0 zeroSpan=0 movingFrozen=0 teleport=0 visualStepAvgCm=0.00 visualStepMaxCm=0.00
[rubber-banding][remote-render] time=208.460 frame=15868 entity=4 latestHostTick=7320 buffer=8 windowMs=1004.5 fps=101.5 snapshots=30 arrivalSamples=30 arrivalAvgMs=33.4 arrivalP95Ms=49.9 arrivalMaxMs=60.2 sameArrival=0 tickGapMax=2 renderFrames=102 interpolation=102 extrapolation=0 extrapolationCapped=0 extrapolationMaxMs=0.0 oldestHeld=0 zeroSpan=0 movingFrozen=0 teleport=0 visualStepAvgCm=0.00 visualStepMaxCm=0.00
[rubber-banding][remote-render] time=209.463 frame=15968 entity=1 latestHostTick=7380 buffer=8 windowMs=1002.5 fps=99.8 snapshots=30 arrivalSamples=30 arrivalAvgMs=34.3 arrivalP95Ms=50.1 arrivalMaxMs=58.7 sameArrival=0 tickGapMax=2 renderFrames=100 interpolation=100 extrapolation=0 extrapolationCapped=0 extrapolationMaxMs=0.0 oldestHeld=0 zeroSpan=0 movingFrozen=0 teleport=0 visualStepAvgCm=0.00 visualStepMaxCm=0.00
[rubber-banding][remote-render] time=209.463 frame=15968 entity=3 latestHostTick=7380 buffer=8 windowMs=1002.5 fps=99.8 snapshots=30 arrivalSamples=30 arrivalAvgMs=34.3 arrivalP95Ms=50.1 arrivalMaxMs=58.7 sameArrival=0 tickGapMax=2 renderFrames=100 interpolation=100 extrapolation=0 extrapolationCapped=0 extrapolationMaxMs=0.0 oldestHeld=0 zeroSpan=0 movingFrozen=0 teleport=0 visualStepAvgCm=0.00 visualStepMaxCm=0.00
[rubber-banding][remote-render] time=209.463 frame=15968 entity=4 latestHostTick=7380 buffer=8 windowMs=1002.5 fps=99.8 snapshots=30 arrivalSamples=30 arrivalAvgMs=34.3 arrivalP95Ms=50.1 arrivalMaxMs=58.7 sameArrival=0 tickGapMax=2 renderFrames=100 interpolation=100 extrapolation=0 extrapolationCapped=0 extrapolationMaxMs=0.0 oldestHeld=0 zeroSpan=0 movingFrozen=0 teleport=0 visualStepAvgCm=0.00 visualStepMaxCm=0.00
[rubber-banding][remote-render] time=210.465 frame=16061 entity=1 latestHostTick=7442 buffer=8 windowMs=1002.6 fps=92.8 snapshots=31 arrivalSamples=31 arrivalAvgMs=32.3 arrivalP95Ms=54.3 arrivalMaxMs=67.3 sameArrival=1 tickGapMax=2 renderFrames=93 interpolation=93 extrapolation=0 extrapolationCapped=0 extrapolationMaxMs=0.0 oldestHeld=0 zeroSpan=4 movingFrozen=0 teleport=0 visualStepAvgCm=0.00 visualStepMaxCm=0.00
[rubber-banding][remote-render] time=210.465 frame=16061 entity=3 latestHostTick=7442 buffer=8 windowMs=1002.6 fps=92.8 snapshots=31 arrivalSamples=31 arrivalAvgMs=32.3 arrivalP95Ms=54.3 arrivalMaxMs=67.3 sameArrival=1 tickGapMax=2 renderFrames=93 interpolation=93 extrapolation=0 extrapolationCapped=0 extrapolationMaxMs=0.0 oldestHeld=0 zeroSpan=4 movingFrozen=0 teleport=0 visualStepAvgCm=0.00 visualStepMaxCm=0.00
[rubber-banding][remote-render] time=210.465 frame=16061 entity=4 latestHostTick=7442 buffer=8 windowMs=1002.6 fps=92.8 snapshots=31 arrivalSamples=31 arrivalAvgMs=32.3 arrivalP95Ms=54.3 arrivalMaxMs=67.3 sameArrival=1 tickGapMax=2 renderFrames=93 interpolation=93 extrapolation=0 extrapolationCapped=0 extrapolationMaxMs=0.0 oldestHeld=0 zeroSpan=4 movingFrozen=0 teleport=0 visualStepAvgCm=0.00 visualStepMaxCm=0.00
[rubber-banding][remote-render] time=211.468 frame=16162 entity=1 latestHostTick=7500 buffer=8 windowMs=1002.4 fps=100.8 snapshots=29 arrivalSamples=29 arrivalAvgMs=34.0 arrivalP95Ms=51.3 arrivalMaxMs=66.7 sameArrival=0 tickGapMax=2 renderFrames=101 interpolation=101 extrapolation=0 extrapolationCapped=0 extrapolationMaxMs=0.0 oldestHeld=0 zeroSpan=0 movingFrozen=0 teleport=0 visualStepAvgCm=0.00 visualStepMaxCm=0.00
[rubber-banding][remote-render] time=211.468 frame=16162 entity=3 latestHostTick=7500 buffer=8 windowMs=1002.4 fps=100.8 snapshots=29 arrivalSamples=29 arrivalAvgMs=34.0 arrivalP95Ms=51.3 arrivalMaxMs=66.7 sameArrival=0 tickGapMax=2 renderFrames=101 interpolation=101 extrapolation=0 extrapolationCapped=0 extrapolationMaxMs=0.0 oldestHeld=0 zeroSpan=0 movingFrozen=0 teleport=0 visualStepAvgCm=0.00 visualStepMaxCm=0.00
[rubber-banding][remote-render] time=211.468 frame=16162 entity=4 latestHostTick=7500 buffer=8 windowMs=1002.4 fps=100.8 snapshots=29 arrivalSamples=29 arrivalAvgMs=34.0 arrivalP95Ms=51.3 arrivalMaxMs=66.7 sameArrival=0 tickGapMax=2 renderFrames=101 interpolation=101 extrapolation=0 extrapolationCapped=0 extrapolationMaxMs=0.0 oldestHeld=0 zeroSpan=0 movingFrozen=0 teleport=0 visualStepAvgCm=0.00 visualStepMaxCm=0.00
[rubber-banding][remote-render] time=212.485 frame=16260 entity=1 latestHostTick=7562 buffer=8 windowMs=1017.5 fps=96.3 snapshots=31 arrivalSamples=31 arrivalAvgMs=32.8 arrivalP95Ms=58.3 arrivalMaxMs=58.4 sameArrival=1 tickGapMax=2 renderFrames=98 interpolation=98 extrapolation=0 extrapolationCapped=0 extrapolationMaxMs=0.0 oldestHeld=0 zeroSpan=3 movingFrozen=0 teleport=0 visualStepAvgCm=0.00 visualStepMaxCm=0.00
[rubber-banding][remote-render] time=212.485 frame=16260 entity=3 latestHostTick=7562 buffer=8 windowMs=1017.5 fps=96.3 snapshots=31 arrivalSamples=31 arrivalAvgMs=32.8 arrivalP95Ms=58.3 arrivalMaxMs=58.4 sameArrival=1 tickGapMax=2 renderFrames=98 interpolation=98 extrapolation=0 extrapolationCapped=0 extrapolationMaxMs=0.0 oldestHeld=0 zeroSpan=3 movingFrozen=0 teleport=0 visualStepAvgCm=0.00 visualStepMaxCm=0.00
[rubber-banding][remote-render] time=212.485 frame=16260 entity=4 latestHostTick=7562 buffer=8 windowMs=1017.5 fps=96.3 snapshots=31 arrivalSamples=31 arrivalAvgMs=32.8 arrivalP95Ms=58.3 arrivalMaxMs=58.4 sameArrival=1 tickGapMax=2 renderFrames=98 interpolation=98 extrapolation=0 extrapolationCapped=0 extrapolationMaxMs=0.0 oldestHeld=0 zeroSpan=3 movingFrozen=0 teleport=0 visualStepAvgCm=0.00 visualStepMaxCm=0.00
[rubber-banding][remote-render] time=213.488 frame=16360 entity=1 latestHostTick=7622 buffer=8 windowMs=1002.6 fps=99.7 snapshots=30 arrivalSamples=30 arrivalAvgMs=33.5 arrivalP95Ms=45.1 arrivalMaxMs=58.2 sameArrival=0 tickGapMax=2 renderFrames=100 interpolation=100 extrapolation=0 extrapolationCapped=0 extrapolationMaxMs=0.0 oldestHeld=0 zeroSpan=0 movingFrozen=0 teleport=0 visualStepAvgCm=0.00 visualStepMaxCm=0.00
[rubber-banding][remote-render] time=213.488 frame=16360 entity=3 latestHostTick=7622 buffer=8 windowMs=1002.6 fps=99.7 snapshots=30 arrivalSamples=30 arrivalAvgMs=33.5 arrivalP95Ms=45.1 arrivalMaxMs=58.2 sameArrival=0 tickGapMax=2 renderFrames=100 interpolation=100 extrapolation=0 extrapolationCapped=0 extrapolationMaxMs=0.0 oldestHeld=0 zeroSpan=0 movingFrozen=0 teleport=0 visualStepAvgCm=0.00 visualStepMaxCm=0.00
[rubber-banding][remote-render] time=213.488 frame=16360 entity=4 latestHostTick=7622 buffer=8 windowMs=1002.6 fps=99.7 snapshots=30 arrivalSamples=30 arrivalAvgMs=33.5 arrivalP95Ms=45.1 arrivalMaxMs=58.2 sameArrival=0 tickGapMax=2 renderFrames=100 interpolation=100 extrapolation=0 extrapolationCapped=0 extrapolationMaxMs=0.0 oldestHeld=0 zeroSpan=0 movingFrozen=0 teleport=0 visualStepAvgCm=0.00 visualStepMaxCm=0.00
[rubber-banding][remote-render] time=214.493 frame=16465 entity=1 latestHostTick=7684 buffer=8 windowMs=1005.5 fps=104.4 snapshots=31 arrivalSamples=31 arrivalAvgMs=33.0 arrivalP95Ms=53.5 arrivalMaxMs=58.3 sameArrival=1 tickGapMax=2 renderFrames=105 interpolation=105 extrapolation=0 extrapolationCapped=0 extrapolationMaxMs=0.0 oldestHeld=0 zeroSpan=4 movingFrozen=0 teleport=0 visualStepAvgCm=0.00 visualStepMaxCm=0.00
[rubber-banding][remote-render] time=214.493 frame=16465 entity=3 latestHostTick=7684 buffer=8 windowMs=1005.5 fps=104.4 snapshots=31 arrivalSamples=31 arrivalAvgMs=33.0 arrivalP95Ms=53.5 arrivalMaxMs=58.3 sameArrival=1 tickGapMax=2 renderFrames=105 interpolation=105 extrapolation=0 extrapolationCapped=0 extrapolationMaxMs=0.0 oldestHeld=0 zeroSpan=4 movingFrozen=0 teleport=0 visualStepAvgCm=0.00 visualStepMaxCm=0.00
[rubber-banding][remote-render] time=214.493 frame=16465 entity=4 latestHostTick=7684 buffer=8 windowMs=1005.5 fps=104.4 snapshots=31 arrivalSamples=31 arrivalAvgMs=33.0 arrivalP95Ms=53.5 arrivalMaxMs=58.3 sameArrival=1 tickGapMax=2 renderFrames=105 interpolation=105 extrapolation=0 extrapolationCapped=0 extrapolationMaxMs=0.0 oldestHeld=0 zeroSpan=4 movingFrozen=0 teleport=0 visualStepAvgCm=0.00 visualStepMaxCm=0.00
[rubber-banding][remote-render] time=215.497 frame=16564 entity=1 latestHostTick=7744 buffer=8 windowMs=1004.2 fps=98.6 snapshots=30 arrivalSamples=30 arrivalAvgMs=33.5 arrivalP95Ms=52.4 arrivalMaxMs=53.0 sameArrival=0 tickGapMax=2 renderFrames=99 interpolation=99 extrapolation=0 extrapolationCapped=0 extrapolationMaxMs=0.0 oldestHeld=0 zeroSpan=0 movingFrozen=0 teleport=0 visualStepAvgCm=0.00 visualStepMaxCm=0.00
[rubber-banding][remote-render] time=215.497 frame=16564 entity=3 latestHostTick=7744 buffer=8 windowMs=1004.2 fps=98.6 snapshots=30 arrivalSamples=30 arrivalAvgMs=33.5 arrivalP95Ms=52.4 arrivalMaxMs=53.0 sameArrival=0 tickGapMax=2 renderFrames=99 interpolation=99 extrapolation=0 extrapolationCapped=0 extrapolationMaxMs=0.0 oldestHeld=0 zeroSpan=0 movingFrozen=0 teleport=0 visualStepAvgCm=0.00 visualStepMaxCm=0.00
[rubber-banding][remote-render] time=215.497 frame=16564 entity=4 latestHostTick=7744 buffer=8 windowMs=1004.2 fps=98.6 snapshots=30 arrivalSamples=30 arrivalAvgMs=33.5 arrivalP95Ms=52.4 arrivalMaxMs=53.0 sameArrival=0 tickGapMax=2 renderFrames=99 interpolation=99 extrapolation=0 extrapolationCapped=0 extrapolationMaxMs=0.0 oldestHeld=0 zeroSpan=0 movingFrozen=0 teleport=0 visualStepAvgCm=0.00 visualStepMaxCm=0.00
[rubber-banding][remote-render] time=216.513 frame=16663 entity=1 latestHostTick=7804 buffer=8 windowMs=1015.9 fps=97.4 snapshots=30 arrivalSamples=30 arrivalAvgMs=33.9 arrivalP95Ms=58.4 arrivalMaxMs=62.9 sameArrival=0 tickGapMax=2 renderFrames=99 interpolation=99 extrapolation=0 extrapolationCapped=0 extrapolationMaxMs=0.0 oldestHeld=0 zeroSpan=0 movingFrozen=0 teleport=0 visualStepAvgCm=0.00 visualStepMaxCm=0.00
[rubber-banding][remote-render] time=216.513 frame=16663 entity=3 latestHostTick=7804 buffer=8 windowMs=1015.9 fps=97.4 snapshots=30 arrivalSamples=30 arrivalAvgMs=33.9 arrivalP95Ms=58.4 arrivalMaxMs=62.9 sameArrival=0 tickGapMax=2 renderFrames=99 interpolation=99 extrapolation=0 extrapolationCapped=0 extrapolationMaxMs=0.0 oldestHeld=0 zeroSpan=0 movingFrozen=0 teleport=0 visualStepAvgCm=0.00 visualStepMaxCm=0.00
[rubber-banding][remote-render] time=216.513 frame=16663 entity=4 latestHostTick=7804 buffer=8 windowMs=1015.9 fps=97.4 snapshots=30 arrivalSamples=30 arrivalAvgMs=33.9 arrivalP95Ms=58.4 arrivalMaxMs=62.9 sameArrival=0 tickGapMax=2 renderFrames=99 interpolation=99 extrapolation=0 extrapolationCapped=0 extrapolationMaxMs=0.0 oldestHeld=0 zeroSpan=0 movingFrozen=0 teleport=0 visualStepAvgCm=0.00 visualStepMaxCm=0.00
[rubber-banding][remote-render] time=217.514 frame=16754 entity=1 latestHostTick=7864 buffer=8 windowMs=1000.9 fps=90.9 snapshots=30 arrivalSamples=30 arrivalAvgMs=33.4 arrivalP95Ms=49.5 arrivalMaxMs=52.7 sameArrival=0 tickGapMax=2 renderFrames=91 interpolation=91 extrapolation=0 extrapolationCapped=0 extrapolationMaxMs=0.0 oldestHeld=0 zeroSpan=0 movingFrozen=0 teleport=0 visualStepAvgCm=0.00 visualStepMaxCm=0.00
[rubber-banding][remote-render] time=217.514 frame=16754 entity=3 latestHostTick=7864 buffer=8 windowMs=1000.9 fps=90.9 snapshots=30 arrivalSamples=30 arrivalAvgMs=33.4 arrivalP95Ms=49.5 arrivalMaxMs=52.7 sameArrival=0 tickGapMax=2 renderFrames=91 interpolation=91 extrapolation=0 extrapolationCapped=0 extrapolationMaxMs=0.0 oldestHeld=0 zeroSpan=0 movingFrozen=0 teleport=0 visualStepAvgCm=0.00 visualStepMaxCm=0.00
[rubber-banding][remote-render] time=217.514 frame=16754 entity=4 latestHostTick=7864 buffer=8 windowMs=1000.9 fps=90.9 snapshots=30 arrivalSamples=30 arrivalAvgMs=33.4 arrivalP95Ms=49.5 arrivalMaxMs=52.7 sameArrival=0 tickGapMax=2 renderFrames=91 interpolation=91 extrapolation=0 extrapolationCapped=0 extrapolationMaxMs=0.0 oldestHeld=0 zeroSpan=0 movingFrozen=0 teleport=0 visualStepAvgCm=0.00 visualStepMaxCm=0.00
[rubber-banding][remote-render] time=218.519 frame=16848 entity=1 latestHostTick=7924 buffer=8 windowMs=1005.3 fps=93.5 snapshots=30 arrivalSamples=30 arrivalAvgMs=33.2 arrivalP95Ms=50.5 arrivalMaxMs=58.5 sameArrival=0 tickGapMax=2 renderFrames=94 interpolation=94 extrapolation=0 extrapolationCapped=0 extrapolationMaxMs=0.0 oldestHeld=0 zeroSpan=0 movingFrozen=0 teleport=0 visualStepAvgCm=0.00 visualStepMaxCm=0.00
[rubber-banding][remote-render] time=218.519 frame=16848 entity=3 latestHostTick=7924 buffer=8 windowMs=1005.3 fps=93.5 snapshots=30 arrivalSamples=30 arrivalAvgMs=33.2 arrivalP95Ms=50.5 arrivalMaxMs=58.5 sameArrival=0 tickGapMax=2 renderFrames=94 interpolation=94 extrapolation=0 extrapolationCapped=0 extrapolationMaxMs=0.0 oldestHeld=0 zeroSpan=0 movingFrozen=0 teleport=0 visualStepAvgCm=0.00 visualStepMaxCm=0.00
[rubber-banding][remote-render] time=218.519 frame=16848 entity=4 latestHostTick=7924 buffer=8 windowMs=1005.3 fps=93.5 snapshots=30 arrivalSamples=30 arrivalAvgMs=33.2 arrivalP95Ms=50.5 arrivalMaxMs=58.5 sameArrival=0 tickGapMax=2 renderFrames=94 interpolation=94 extrapolation=0 extrapolationCapped=0 extrapolationMaxMs=0.0 oldestHeld=0 zeroSpan=0 movingFrozen=0 teleport=0 visualStepAvgCm=0.00 visualStepMaxCm=0.00
[rubber-banding][remote-render] time=219.520 frame=16940 entity=1 latestHostTick=7984 buffer=8 windowMs=1000.6 fps=91.9 snapshots=30 arrivalSamples=30 arrivalAvgMs=33.3 arrivalP95Ms=50.0 arrivalMaxMs=59.5 sameArrival=1 tickGapMax=2 renderFrames=92 interpolation=92 extrapolation=0 extrapolationCapped=0 extrapolationMaxMs=0.0 oldestHeld=0 zeroSpan=3 movingFrozen=0 teleport=0 visualStepAvgCm=0.00 visualStepMaxCm=0.00
[rubber-banding][remote-render] time=219.520 frame=16940 entity=3 latestHostTick=7984 buffer=8 windowMs=1000.6 fps=91.9 snapshots=30 arrivalSamples=30 arrivalAvgMs=33.3 arrivalP95Ms=50.0 arrivalMaxMs=59.5 sameArrival=1 tickGapMax=2 renderFrames=92 interpolation=92 extrapolation=0 extrapolationCapped=0 extrapolationMaxMs=0.0 oldestHeld=0 zeroSpan=3 movingFrozen=0 teleport=0 visualStepAvgCm=0.00 visualStepMaxCm=0.00
[rubber-banding][remote-render] time=219.520 frame=16940 entity=4 latestHostTick=7984 buffer=8 windowMs=1000.6 fps=91.9 snapshots=30 arrivalSamples=30 arrivalAvgMs=33.3 arrivalP95Ms=50.0 arrivalMaxMs=59.5 sameArrival=1 tickGapMax=2 renderFrames=92 interpolation=92 extrapolation=0 extrapolationCapped=0 extrapolationMaxMs=0.0 oldestHeld=0 zeroSpan=3 movingFrozen=0 teleport=0 visualStepAvgCm=0.00 visualStepMaxCm=0.00
[rubber-banding][remote-render] time=220.523 frame=17038 entity=1 latestHostTick=8044 buffer=8 windowMs=1003.5 fps=97.7 snapshots=30 arrivalSamples=30 arrivalAvgMs=33.0 arrivalP95Ms=49.9 arrivalMaxMs=50.0 sameArrival=0 tickGapMax=2 renderFrames=98 interpolation=98 extrapolation=0 extrapolationCapped=0 extrapolationMaxMs=0.0 oldestHeld=0 zeroSpan=0 movingFrozen=0 teleport=0 visualStepAvgCm=0.00 visualStepMaxCm=0.00
[rubber-banding][remote-render] time=220.523 frame=17038 entity=3 latestHostTick=8044 buffer=8 windowMs=1003.5 fps=97.7 snapshots=30 arrivalSamples=30 arrivalAvgMs=33.0 arrivalP95Ms=49.9 arrivalMaxMs=50.0 sameArrival=0 tickGapMax=2 renderFrames=98 interpolation=98 extrapolation=0 extrapolationCapped=0 extrapolationMaxMs=0.0 oldestHeld=0 zeroSpan=0 movingFrozen=0 teleport=0 visualStepAvgCm=0.00 visualStepMaxCm=0.00
[rubber-banding][remote-render] time=220.523 frame=17038 entity=4 latestHostTick=8044 buffer=8 windowMs=1003.5 fps=97.7 snapshots=30 arrivalSamples=30 arrivalAvgMs=33.0 arrivalP95Ms=49.9 arrivalMaxMs=50.0 sameArrival=0 tickGapMax=2 renderFrames=98 interpolation=98 extrapolation=0 extrapolationCapped=0 extrapolationMaxMs=0.0 oldestHeld=0 zeroSpan=0 movingFrozen=0 teleport=0 visualStepAvgCm=0.00 visualStepMaxCm=0.00
[rubber-banding][remote-render] time=221.525 frame=17133 entity=1 latestHostTick=8104 buffer=8 windowMs=1001.4 fps=94.9 snapshots=30 arrivalSamples=30 arrivalAvgMs=33.9 arrivalP95Ms=52.4 arrivalMaxMs=57.4 sameArrival=0 tickGapMax=2 renderFrames=95 interpolation=95 extrapolation=0 extrapolationCapped=0 extrapolationMaxMs=0.0 oldestHeld=0 zeroSpan=0 movingFrozen=0 teleport=0 visualStepAvgCm=0.00 visualStepMaxCm=0.00
[rubber-banding][remote-render] time=221.525 frame=17133 entity=3 latestHostTick=8104 buffer=8 windowMs=1001.4 fps=94.9 snapshots=30 arrivalSamples=30 arrivalAvgMs=33.9 arrivalP95Ms=52.4 arrivalMaxMs=57.4 sameArrival=0 tickGapMax=2 renderFrames=95 interpolation=95 extrapolation=0 extrapolationCapped=0 extrapolationMaxMs=0.0 oldestHeld=0 zeroSpan=0 movingFrozen=0 teleport=0 visualStepAvgCm=0.00 visualStepMaxCm=0.00
[rubber-banding][remote-render] time=221.525 frame=17133 entity=4 latestHostTick=8104 buffer=8 windowMs=1001.4 fps=94.9 snapshots=30 arrivalSamples=30 arrivalAvgMs=33.9 arrivalP95Ms=52.4 arrivalMaxMs=57.4 sameArrival=0 tickGapMax=2 renderFrames=95 interpolation=95 extrapolation=0 extrapolationCapped=0 extrapolationMaxMs=0.0 oldestHeld=0 zeroSpan=0 movingFrozen=0 teleport=0 visualStepAvgCm=0.00 visualStepMaxCm=0.00
[rubber-banding][remote-render] time=222.528 frame=17228 entity=1 latestHostTick=8166 buffer=8 windowMs=1003.1 fps=94.7 snapshots=31 arrivalSamples=31 arrivalAvgMs=32.6 arrivalP95Ms=56.5 arrivalMaxMs=66.9 sameArrival=1 tickGapMax=2 renderFrames=95 interpolation=95 extrapolation=0 extrapolationCapped=0 extrapolationMaxMs=0.0 oldestHeld=0 zeroSpan=4 movingFrozen=0 teleport=0 visualStepAvgCm=0.00 visualStepMaxCm=0.00
[rubber-banding][remote-render] time=222.528 frame=17228 entity=3 latestHostTick=8166 buffer=8 windowMs=1003.1 fps=94.7 snapshots=31 arrivalSamples=31 arrivalAvgMs=32.6 arrivalP95Ms=56.5 arrivalMaxMs=66.9 sameArrival=1 tickGapMax=2 renderFrames=95 interpolation=95 extrapolation=0 extrapolationCapped=0 extrapolationMaxMs=0.0 oldestHeld=0 zeroSpan=4 movingFrozen=0 teleport=0 visualStepAvgCm=0.00 visualStepMaxCm=0.00
[rubber-banding][remote-render] time=222.528 frame=17228 entity=4 latestHostTick=8166 buffer=8 windowMs=1003.1 fps=94.7 snapshots=31 arrivalSamples=31 arrivalAvgMs=32.6 arrivalP95Ms=56.5 arrivalMaxMs=66.9 sameArrival=1 tickGapMax=2 renderFrames=95 interpolation=95 extrapolation=0 extrapolationCapped=0 extrapolationMaxMs=0.0 oldestHeld=0 zeroSpan=4 movingFrozen=0 teleport=0 visualStepAvgCm=0.00 visualStepMaxCm=0.00
[rubber-banding][remote-render] time=223.533 frame=17325 entity=1 latestHostTick=8226 buffer=8 windowMs=1005.4 fps=96.5 snapshots=30 arrivalSamples=30 arrivalAvgMs=33.5 arrivalP95Ms=53.7 arrivalMaxMs=58.5 sameArrival=1 tickGapMax=2 renderFrames=97 interpolation=97 extrapolation=0 extrapolationCapped=0 extrapolationMaxMs=0.0 oldestHeld=0 zeroSpan=4 movingFrozen=0 teleport=0 visualStepAvgCm=0.00 visualStepMaxCm=0.00
[rubber-banding][remote-render] time=223.533 frame=17325 entity=3 latestHostTick=8226 buffer=8 windowMs=1005.4 fps=96.5 snapshots=30 arrivalSamples=30 arrivalAvgMs=33.5 arrivalP95Ms=53.7 arrivalMaxMs=58.5 sameArrival=1 tickGapMax=2 renderFrames=97 interpolation=97 extrapolation=0 extrapolationCapped=0 extrapolationMaxMs=0.0 oldestHeld=0 zeroSpan=4 movingFrozen=0 teleport=0 visualStepAvgCm=0.00 visualStepMaxCm=0.00
[rubber-banding][remote-render] time=223.533 frame=17325 entity=4 latestHostTick=8226 buffer=8 windowMs=1005.4 fps=96.5 snapshots=30 arrivalSamples=30 arrivalAvgMs=33.5 arrivalP95Ms=53.7 arrivalMaxMs=58.5 sameArrival=1 tickGapMax=2 renderFrames=97 interpolation=97 extrapolation=0 extrapolationCapped=0 extrapolationMaxMs=0.0 oldestHeld=0 zeroSpan=4 movingFrozen=0 teleport=0 visualStepAvgCm=0.00 visualStepMaxCm=0.00
[rubber-banding][remote-render] time=224.542 frame=17416 entity=1 latestHostTick=8286 buffer=8 windowMs=1008.7 fps=90.2 snapshots=30 arrivalSamples=30 arrivalAvgMs=33.6 arrivalP95Ms=54.2 arrivalMaxMs=62.6 sameArrival=0 tickGapMax=2 renderFrames=91 interpolation=91 extrapolation=0 extrapolationCapped=0 extrapolationMaxMs=0.0 oldestHeld=0 zeroSpan=0 movingFrozen=0 teleport=0 visualStepAvgCm=0.00 visualStepMaxCm=0.00
[rubber-banding][remote-render] time=224.542 frame=17416 entity=3 latestHostTick=8286 buffer=8 windowMs=1008.7 fps=90.2 snapshots=30 arrivalSamples=30 arrivalAvgMs=33.6 arrivalP95Ms=54.2 arrivalMaxMs=62.6 sameArrival=0 tickGapMax=2 renderFrames=91 interpolation=91 extrapolation=0 extrapolationCapped=0 extrapolationMaxMs=0.0 oldestHeld=0 zeroSpan=0 movingFrozen=0 teleport=0 visualStepAvgCm=0.00 visualStepMaxCm=0.00
[rubber-banding][remote-render] time=224.542 frame=17416 entity=4 latestHostTick=8286 buffer=8 windowMs=1008.7 fps=90.2 snapshots=30 arrivalSamples=30 arrivalAvgMs=33.6 arrivalP95Ms=54.2 arrivalMaxMs=62.6 sameArrival=0 tickGapMax=2 renderFrames=91 interpolation=91 extrapolation=0 extrapolationCapped=0 extrapolationMaxMs=0.0 oldestHeld=0 zeroSpan=0 movingFrozen=0 teleport=0 visualStepAvgCm=0.00 visualStepMaxCm=0.00
[rubber-banding][remote-render] time=225.547 frame=17515 entity=1 latestHostTick=8346 buffer=8 windowMs=1004.5 fps=98.6 snapshots=30 arrivalSamples=30 arrivalAvgMs=33.2 arrivalP95Ms=52.3 arrivalMaxMs=53.3 sameArrival=1 tickGapMax=2 renderFrames=99 interpolation=99 extrapolation=0 extrapolationCapped=0 extrapolationMaxMs=0.0 oldestHeld=0 zeroSpan=4 movingFrozen=0 teleport=0 visualStepAvgCm=0.00 visualStepMaxCm=0.00
[rubber-banding][remote-render] time=225.547 frame=17515 entity=3 latestHostTick=8346 buffer=8 windowMs=1004.5 fps=98.6 snapshots=30 arrivalSamples=30 arrivalAvgMs=33.2 arrivalP95Ms=52.3 arrivalMaxMs=53.3 sameArrival=1 tickGapMax=2 renderFrames=99 interpolation=99 extrapolation=0 extrapolationCapped=0 extrapolationMaxMs=0.0 oldestHeld=0 zeroSpan=4 movingFrozen=0 teleport=0 visualStepAvgCm=0.00 visualStepMaxCm=0.00
[rubber-banding][remote-render] time=225.547 frame=17515 entity=4 latestHostTick=8346 buffer=8 windowMs=1004.5 fps=98.6 snapshots=30 arrivalSamples=30 arrivalAvgMs=33.2 arrivalP95Ms=52.3 arrivalMaxMs=53.3 sameArrival=1 tickGapMax=2 renderFrames=99 interpolation=99 extrapolation=0 extrapolationCapped=0 extrapolationMaxMs=0.0 oldestHeld=0 zeroSpan=4 movingFrozen=0 teleport=0 visualStepAvgCm=0.00 visualStepMaxCm=0.00
[rubber-banding][remote-render] time=226.547 frame=17619 entity=1 latestHostTick=8406 buffer=8 windowMs=1000.0 fps=104.0 snapshots=30 arrivalSamples=30 arrivalAvgMs=33.0 arrivalP95Ms=52.4 arrivalMaxMs=60.0 sameArrival=0 tickGapMax=2 renderFrames=104 interpolation=104 extrapolation=0 extrapolationCapped=0 extrapolationMaxMs=0.0 oldestHeld=0 zeroSpan=0 movingFrozen=0 teleport=0 visualStepAvgCm=0.00 visualStepMaxCm=0.00
[rubber-banding][remote-render] time=226.547 frame=17619 entity=3 latestHostTick=8406 buffer=8 windowMs=1000.0 fps=104.0 snapshots=30 arrivalSamples=30 arrivalAvgMs=33.0 arrivalP95Ms=52.4 arrivalMaxMs=60.0 sameArrival=0 tickGapMax=2 renderFrames=104 interpolation=104 extrapolation=0 extrapolationCapped=0 extrapolationMaxMs=0.0 oldestHeld=0 zeroSpan=0 movingFrozen=0 teleport=0 visualStepAvgCm=0.00 visualStepMaxCm=0.00
[rubber-banding][remote-render] time=226.547 frame=17619 entity=4 latestHostTick=8406 buffer=8 windowMs=1000.0 fps=104.0 snapshots=30 arrivalSamples=30 arrivalAvgMs=33.0 arrivalP95Ms=52.4 arrivalMaxMs=60.0 sameArrival=0 tickGapMax=2 renderFrames=104 interpolation=104 extrapolation=0 extrapolationCapped=0 extrapolationMaxMs=0.0 oldestHeld=0 zeroSpan=0 movingFrozen=0 teleport=0 visualStepAvgCm=0.00 visualStepMaxCm=0.00
[rubber-banding][remote-render] time=227.555 frame=17707 entity=1 latestHostTick=8466 buffer=8 windowMs=1008.7 fps=87.2 snapshots=30 arrivalSamples=30 arrivalAvgMs=33.6 arrivalP95Ms=58.3 arrivalMaxMs=60.8 sameArrival=0 tickGapMax=2 renderFrames=88 interpolation=88 extrapolation=0 extrapolationCapped=0 extrapolationMaxMs=0.0 oldestHeld=0 zeroSpan=0 movingFrozen=0 teleport=0 visualStepAvgCm=0.00 visualStepMaxCm=0.00
[rubber-banding][remote-render] time=227.555 frame=17707 entity=3 latestHostTick=8466 buffer=8 windowMs=1008.7 fps=87.2 snapshots=30 arrivalSamples=30 arrivalAvgMs=33.6 arrivalP95Ms=58.3 arrivalMaxMs=60.8 sameArrival=0 tickGapMax=2 renderFrames=88 interpolation=88 extrapolation=0 extrapolationCapped=0 extrapolationMaxMs=0.0 oldestHeld=0 zeroSpan=0 movingFrozen=0 teleport=0 visualStepAvgCm=0.00 visualStepMaxCm=0.00
[rubber-banding][remote-render] time=227.555 frame=17707 entity=4 latestHostTick=8466 buffer=8 windowMs=1008.7 fps=87.2 snapshots=30 arrivalSamples=30 arrivalAvgMs=33.6 arrivalP95Ms=58.3 arrivalMaxMs=60.8 sameArrival=0 tickGapMax=2 renderFrames=88 interpolation=88 extrapolation=0 extrapolationCapped=0 extrapolationMaxMs=0.0 oldestHeld=0 zeroSpan=0 movingFrozen=0 teleport=0 visualStepAvgCm=0.00 visualStepMaxCm=0.00
[rubber-banding][remote-render] time=228.563 frame=17797 entity=1 latestHostTick=8526 buffer=8 windowMs=1008.1 fps=89.3 snapshots=30 arrivalSamples=30 arrivalAvgMs=33.4 arrivalP95Ms=48.9 arrivalMaxMs=57.4 sameArrival=0 tickGapMax=2 renderFrames=90 interpolation=90 extrapolation=0 extrapolationCapped=0 extrapolationMaxMs=0.0 oldestHeld=0 zeroSpan=0 movingFrozen=0 teleport=0 visualStepAvgCm=0.00 visualStepMaxCm=0.00
[rubber-banding][remote-render] time=228.563 frame=17797 entity=3 latestHostTick=8526 buffer=8 windowMs=1008.1 fps=89.3 snapshots=30 arrivalSamples=30 arrivalAvgMs=33.4 arrivalP95Ms=48.9 arrivalMaxMs=57.4 sameArrival=0 tickGapMax=2 renderFrames=90 interpolation=90 extrapolation=0 extrapolationCapped=0 extrapolationMaxMs=0.0 oldestHeld=0 zeroSpan=0 movingFrozen=0 teleport=0 visualStepAvgCm=0.00 visualStepMaxCm=0.00
[rubber-banding][remote-render] time=228.563 frame=17797 entity=4 latestHostTick=8526 buffer=8 windowMs=1008.1 fps=89.3 snapshots=30 arrivalSamples=30 arrivalAvgMs=33.4 arrivalP95Ms=48.9 arrivalMaxMs=57.4 sameArrival=0 tickGapMax=2 renderFrames=90 interpolation=90 extrapolation=0 extrapolationCapped=0 extrapolationMaxMs=0.0 oldestHeld=0 zeroSpan=0 movingFrozen=0 teleport=0 visualStepAvgCm=0.00 visualStepMaxCm=0.00
[rubber-banding][remote-render] time=229.570 frame=17907 entity=1 latestHostTick=8588 buffer=8 windowMs=1006.8 fps=109.3 snapshots=31 arrivalSamples=31 arrivalAvgMs=33.2 arrivalP95Ms=52.4 arrivalMaxMs=59.6 sameArrival=0 tickGapMax=2 renderFrames=110 interpolation=110 extrapolation=0 extrapolationCapped=0 extrapolationMaxMs=0.0 oldestHeld=0 zeroSpan=0 movingFrozen=0 teleport=0 visualStepAvgCm=0.00 visualStepMaxCm=0.00
[rubber-banding][remote-render] time=229.570 frame=17907 entity=3 latestHostTick=8588 buffer=8 windowMs=1006.8 fps=109.3 snapshots=31 arrivalSamples=31 arrivalAvgMs=33.2 arrivalP95Ms=52.4 arrivalMaxMs=59.6 sameArrival=0 tickGapMax=2 renderFrames=110 interpolation=110 extrapolation=0 extrapolationCapped=0 extrapolationMaxMs=0.0 oldestHeld=0 zeroSpan=0 movingFrozen=0 teleport=0 visualStepAvgCm=0.00 visualStepMaxCm=0.00
[rubber-banding][remote-render] time=229.570 frame=17907 entity=4 latestHostTick=8588 buffer=8 windowMs=1006.8 fps=109.3 snapshots=31 arrivalSamples=31 arrivalAvgMs=33.2 arrivalP95Ms=52.4 arrivalMaxMs=59.6 sameArrival=0 tickGapMax=2 renderFrames=110 interpolation=110 extrapolation=0 extrapolationCapped=0 extrapolationMaxMs=0.0 oldestHeld=0 zeroSpan=0 movingFrozen=0 teleport=0 visualStepAvgCm=0.00 visualStepMaxCm=0.00
[rubber-banding][remote-render] time=230.572 frame=18002 entity=1 latestHostTick=8648 buffer=8 windowMs=1001.8 fps=94.8 snapshots=30 arrivalSamples=30 arrivalAvgMs=33.4 arrivalP95Ms=52.1 arrivalMaxMs=66.7 sameArrival=0 tickGapMax=2 renderFrames=95 interpolation=95 extrapolation=0 extrapolationCapped=0 extrapolationMaxMs=0.0 oldestHeld=0 zeroSpan=0 movingFrozen=0 teleport=0 visualStepAvgCm=0.00 visualStepMaxCm=0.00
[rubber-banding][remote-render] time=230.572 frame=18002 entity=3 latestHostTick=8648 buffer=8 windowMs=1001.8 fps=94.8 snapshots=30 arrivalSamples=30 arrivalAvgMs=33.4 arrivalP95Ms=52.1 arrivalMaxMs=66.7 sameArrival=0 tickGapMax=2 renderFrames=95 interpolation=95 extrapolation=0 extrapolationCapped=0 extrapolationMaxMs=0.0 oldestHeld=0 zeroSpan=0 movingFrozen=0 teleport=0 visualStepAvgCm=0.00 visualStepMaxCm=0.00
[rubber-banding][remote-render] time=230.572 frame=18002 entity=4 latestHostTick=8648 buffer=8 windowMs=1001.8 fps=94.8 snapshots=30 arrivalSamples=30 arrivalAvgMs=33.4 arrivalP95Ms=52.1 arrivalMaxMs=66.7 sameArrival=0 tickGapMax=2 renderFrames=95 interpolation=95 extrapolation=0 extrapolationCapped=0 extrapolationMaxMs=0.0 oldestHeld=0 zeroSpan=0 movingFrozen=0 teleport=0 visualStepAvgCm=0.00 visualStepMaxCm=0.00
[rubber-banding][remote-render] time=231.578 frame=18102 entity=1 latestHostTick=8708 buffer=8 windowMs=1005.5 fps=99.4 snapshots=30 arrivalSamples=30 arrivalAvgMs=33.3 arrivalP95Ms=51.2 arrivalMaxMs=59.1 sameArrival=0 tickGapMax=2 renderFrames=100 interpolation=100 extrapolation=0 extrapolationCapped=0 extrapolationMaxMs=0.0 oldestHeld=0 zeroSpan=0 movingFrozen=0 teleport=0 visualStepAvgCm=0.00 visualStepMaxCm=0.00
[rubber-banding][remote-render] time=231.578 frame=18102 entity=3 latestHostTick=8708 buffer=8 windowMs=1005.5 fps=99.4 snapshots=30 arrivalSamples=30 arrivalAvgMs=33.3 arrivalP95Ms=51.2 arrivalMaxMs=59.1 sameArrival=0 tickGapMax=2 renderFrames=100 interpolation=100 extrapolation=0 extrapolationCapped=0 extrapolationMaxMs=0.0 oldestHeld=0 zeroSpan=0 movingFrozen=0 teleport=0 visualStepAvgCm=0.00 visualStepMaxCm=0.00
[rubber-banding][remote-render] time=231.578 frame=18102 entity=4 latestHostTick=8708 buffer=8 windowMs=1005.5 fps=99.4 snapshots=30 arrivalSamples=30 arrivalAvgMs=33.3 arrivalP95Ms=51.2 arrivalMaxMs=59.1 sameArrival=0 tickGapMax=2 renderFrames=100 interpolation=100 extrapolation=0 extrapolationCapped=0 extrapolationMaxMs=0.0 oldestHeld=0 zeroSpan=0 movingFrozen=0 teleport=0 visualStepAvgCm=0.00 visualStepMaxCm=0.00
[rubber-banding][remote-render] time=232.585 frame=18199 entity=1 latestHostTick=8768 buffer=8 windowMs=1007.6 fps=96.3 snapshots=30 arrivalSamples=30 arrivalAvgMs=33.5 arrivalP95Ms=50.9 arrivalMaxMs=55.9 sameArrival=0 tickGapMax=2 renderFrames=97 interpolation=97 extrapolation=0 extrapolationCapped=0 extrapolationMaxMs=0.0 oldestHeld=0 zeroSpan=0 movingFrozen=0 teleport=0 visualStepAvgCm=0.00 visualStepMaxCm=0.00
[rubber-banding][remote-render] time=232.585 frame=18199 entity=3 latestHostTick=8768 buffer=8 windowMs=1007.6 fps=96.3 snapshots=30 arrivalSamples=30 arrivalAvgMs=33.5 arrivalP95Ms=50.9 arrivalMaxMs=55.9 sameArrival=0 tickGapMax=2 renderFrames=97 interpolation=97 extrapolation=0 extrapolationCapped=0 extrapolationMaxMs=0.0 oldestHeld=0 zeroSpan=0 movingFrozen=0 teleport=0 visualStepAvgCm=0.00 visualStepMaxCm=0.00
[rubber-banding][remote-render] time=232.585 frame=18199 entity=4 latestHostTick=8768 buffer=8 windowMs=1007.6 fps=96.3 snapshots=30 arrivalSamples=30 arrivalAvgMs=33.5 arrivalP95Ms=50.9 arrivalMaxMs=55.9 sameArrival=0 tickGapMax=2 renderFrames=97 interpolation=97 extrapolation=0 extrapolationCapped=0 extrapolationMaxMs=0.0 oldestHeld=0 zeroSpan=0 movingFrozen=0 teleport=0 visualStepAvgCm=0.00 visualStepMaxCm=0.00
[rubber-banding][remote-render] time=233.589 frame=18294 entity=1 latestHostTick=8828 buffer=8 windowMs=1003.8 fps=94.6 snapshots=30 arrivalSamples=30 arrivalAvgMs=33.2 arrivalP95Ms=57.3 arrivalMaxMs=63.2 sameArrival=0 tickGapMax=2 renderFrames=95 interpolation=95 extrapolation=0 extrapolationCapped=0 extrapolationMaxMs=0.0 oldestHeld=0 zeroSpan=0 movingFrozen=0 teleport=0 visualStepAvgCm=0.00 visualStepMaxCm=0.00
[rubber-banding][remote-render] time=233.589 frame=18294 entity=3 latestHostTick=8828 buffer=8 windowMs=1003.8 fps=94.6 snapshots=30 arrivalSamples=30 arrivalAvgMs=33.2 arrivalP95Ms=57.3 arrivalMaxMs=63.2 sameArrival=0 tickGapMax=2 renderFrames=95 interpolation=95 extrapolation=0 extrapolationCapped=0 extrapolationMaxMs=0.0 oldestHeld=0 zeroSpan=0 movingFrozen=0 teleport=0 visualStepAvgCm=0.00 visualStepMaxCm=0.00
[rubber-banding][remote-render] time=233.589 frame=18294 entity=4 latestHostTick=8828 buffer=8 windowMs=1003.8 fps=94.6 snapshots=30 arrivalSamples=30 arrivalAvgMs=33.2 arrivalP95Ms=57.3 arrivalMaxMs=63.2 sameArrival=0 tickGapMax=2 renderFrames=95 interpolation=95 extrapolation=0 extrapolationCapped=0 extrapolationMaxMs=0.0 oldestHeld=0 zeroSpan=0 movingFrozen=0 teleport=0 visualStepAvgCm=0.00 visualStepMaxCm=0.00
[rubber-banding][remote-render] time=234.592 frame=18346 entity=1 latestHostTick=8890 buffer=8 windowMs=1003.1 fps=51.8 snapshots=31 arrivalSamples=31 arrivalAvgMs=32.9 arrivalP95Ms=60.9 arrivalMaxMs=62.3 sameArrival=2 tickGapMax=2 renderFrames=52 interpolation=52 extrapolation=0 extrapolationCapped=0 extrapolationMaxMs=0.0 oldestHeld=0 zeroSpan=3 movingFrozen=0 teleport=0 visualStepAvgCm=0.00 visualStepMaxCm=0.00
[rubber-banding][remote-render] time=234.592 frame=18346 entity=3 latestHostTick=8890 buffer=8 windowMs=1003.1 fps=51.8 snapshots=31 arrivalSamples=31 arrivalAvgMs=32.9 arrivalP95Ms=60.9 arrivalMaxMs=62.3 sameArrival=2 tickGapMax=2 renderFrames=52 interpolation=52 extrapolation=0 extrapolationCapped=0 extrapolationMaxMs=0.0 oldestHeld=0 zeroSpan=3 movingFrozen=0 teleport=0 visualStepAvgCm=0.00 visualStepMaxCm=0.00
[rubber-banding][remote-render] time=234.592 frame=18346 entity=4 latestHostTick=8890 buffer=8 windowMs=1003.1 fps=51.8 snapshots=31 arrivalSamples=31 arrivalAvgMs=32.9 arrivalP95Ms=60.9 arrivalMaxMs=62.3 sameArrival=2 tickGapMax=2 renderFrames=52 interpolation=52 extrapolation=0 extrapolationCapped=0 extrapolationMaxMs=0.0 oldestHeld=0 zeroSpan=3 movingFrozen=0 teleport=0 visualStepAvgCm=0.00 visualStepMaxCm=0.00
[rubber-banding][remote-render] time=235.600 frame=18399 entity=1 latestHostTick=8950 buffer=8 windowMs=1008.1 fps=52.6 snapshots=30 arrivalSamples=30 arrivalAvgMs=33.6 arrivalP95Ms=45.2 arrivalMaxMs=49.8 sameArrival=0 tickGapMax=2 renderFrames=53 interpolation=53 extrapolation=0 extrapolationCapped=0 extrapolationMaxMs=0.0 oldestHeld=0 zeroSpan=0 movingFrozen=0 teleport=0 visualStepAvgCm=0.00 visualStepMaxCm=0.00
[rubber-banding][remote-render] time=235.600 frame=18399 entity=3 latestHostTick=8950 buffer=8 windowMs=1008.1 fps=52.6 snapshots=30 arrivalSamples=30 arrivalAvgMs=33.6 arrivalP95Ms=45.2 arrivalMaxMs=49.8 sameArrival=0 tickGapMax=2 renderFrames=53 interpolation=53 extrapolation=0 extrapolationCapped=0 extrapolationMaxMs=0.0 oldestHeld=0 zeroSpan=0 movingFrozen=0 teleport=0 visualStepAvgCm=0.00 visualStepMaxCm=0.00
[rubber-banding][remote-render] time=235.600 frame=18399 entity=4 latestHostTick=8950 buffer=8 windowMs=1008.1 fps=52.6 snapshots=30 arrivalSamples=30 arrivalAvgMs=33.6 arrivalP95Ms=45.2 arrivalMaxMs=49.8 sameArrival=0 tickGapMax=2 renderFrames=53 interpolation=53 extrapolation=0 extrapolationCapped=0 extrapolationMaxMs=0.0 oldestHeld=0 zeroSpan=0 movingFrozen=0 teleport=0 visualStepAvgCm=0.00 visualStepMaxCm=0.00
[rubber-banding][remote-render] time=236.616 frame=18453 entity=1 latestHostTick=9010 buffer=8 windowMs=1016.2 fps=53.1 snapshots=30 arrivalSamples=30 arrivalAvgMs=33.9 arrivalP95Ms=51.4 arrivalMaxMs=51.4 sameArrival=0 tickGapMax=2 renderFrames=54 interpolation=54 extrapolation=0 extrapolationCapped=0 extrapolationMaxMs=0.0 oldestHeld=0 zeroSpan=0 movingFrozen=0 teleport=0 visualStepAvgCm=0.00 visualStepMaxCm=0.00
[rubber-banding][remote-render] time=236.616 frame=18453 entity=3 latestHostTick=9010 buffer=8 windowMs=1016.2 fps=53.1 snapshots=30 arrivalSamples=30 arrivalAvgMs=33.9 arrivalP95Ms=51.4 arrivalMaxMs=51.4 sameArrival=0 tickGapMax=2 renderFrames=54 interpolation=54 extrapolation=0 extrapolationCapped=0 extrapolationMaxMs=0.0 oldestHeld=0 zeroSpan=0 movingFrozen=0 teleport=0 visualStepAvgCm=0.00 visualStepMaxCm=0.00
[rubber-banding][remote-render] time=236.616 frame=18453 entity=4 latestHostTick=9010 buffer=8 windowMs=1016.2 fps=53.1 snapshots=30 arrivalSamples=30 arrivalAvgMs=33.9 arrivalP95Ms=51.4 arrivalMaxMs=51.4 sameArrival=0 tickGapMax=2 renderFrames=54 interpolation=54 extrapolation=0 extrapolationCapped=0 extrapolationMaxMs=0.0 oldestHeld=0 zeroSpan=0 movingFrozen=0 teleport=0 visualStepAvgCm=0.00 visualStepMaxCm=0.00
[rubber-banding][remote-render] time=237.626 frame=18505 entity=1 latestHostTick=9072 buffer=8 windowMs=1009.9 fps=51.5 snapshots=31 arrivalSamples=31 arrivalAvgMs=32.6 arrivalP95Ms=57.6 arrivalMaxMs=65.9 sameArrival=1 tickGapMax=2 renderFrames=52 interpolation=52 extrapolation=0 extrapolationCapped=0 extrapolationMaxMs=0.0 oldestHeld=0 zeroSpan=2 movingFrozen=0 teleport=0 visualStepAvgCm=0.00 visualStepMaxCm=0.00
[rubber-banding][remote-render] time=237.626 frame=18505 entity=3 latestHostTick=9072 buffer=8 windowMs=1009.9 fps=51.5 snapshots=31 arrivalSamples=31 arrivalAvgMs=32.6 arrivalP95Ms=57.6 arrivalMaxMs=65.9 sameArrival=1 tickGapMax=2 renderFrames=52 interpolation=52 extrapolation=0 extrapolationCapped=0 extrapolationMaxMs=0.0 oldestHeld=0 zeroSpan=2 movingFrozen=0 teleport=0 visualStepAvgCm=0.00 visualStepMaxCm=0.00
[rubber-banding][remote-render] time=237.626 frame=18505 entity=4 latestHostTick=9072 buffer=8 windowMs=1009.9 fps=51.5 snapshots=31 arrivalSamples=31 arrivalAvgMs=32.6 arrivalP95Ms=57.6 arrivalMaxMs=65.9 sameArrival=1 tickGapMax=2 renderFrames=52 interpolation=52 extrapolation=0 extrapolationCapped=0 extrapolationMaxMs=0.0 oldestHeld=0 zeroSpan=2 movingFrozen=0 teleport=0 visualStepAvgCm=0.00 visualStepMaxCm=0.00
[rubber-banding][remote-render] time=238.635 frame=18558 entity=1 latestHostTick=9132 buffer=8 windowMs=1009.2 fps=52.5 snapshots=30 arrivalSamples=30 arrivalAvgMs=33.6 arrivalP95Ms=51.9 arrivalMaxMs=58.9 sameArrival=0 tickGapMax=2 renderFrames=53 interpolation=53 extrapolation=0 extrapolationCapped=0 extrapolationMaxMs=0.0 oldestHeld=0 zeroSpan=0 movingFrozen=0 teleport=0 visualStepAvgCm=0.00 visualStepMaxCm=0.00
[rubber-banding][remote-render] time=238.635 frame=18558 entity=3 latestHostTick=9132 buffer=8 windowMs=1009.2 fps=52.5 snapshots=30 arrivalSamples=30 arrivalAvgMs=33.6 arrivalP95Ms=51.9 arrivalMaxMs=58.9 sameArrival=0 tickGapMax=2 renderFrames=53 interpolation=53 extrapolation=0 extrapolationCapped=0 extrapolationMaxMs=0.0 oldestHeld=0 zeroSpan=0 movingFrozen=0 teleport=0 visualStepAvgCm=0.00 visualStepMaxCm=0.00
[rubber-banding][remote-render] time=238.635 frame=18558 entity=4 latestHostTick=9132 buffer=8 windowMs=1009.2 fps=52.5 snapshots=30 arrivalSamples=30 arrivalAvgMs=33.6 arrivalP95Ms=51.9 arrivalMaxMs=58.9 sameArrival=0 tickGapMax=2 renderFrames=53 interpolation=53 extrapolation=0 extrapolationCapped=0 extrapolationMaxMs=0.0 oldestHeld=0 zeroSpan=0 movingFrozen=0 teleport=0 visualStepAvgCm=0.00 visualStepMaxCm=0.00
[rubber-banding][remote-render] time=239.643 frame=18611 entity=1 latestHostTick=9192 buffer=8 windowMs=1007.4 fps=52.6 snapshots=30 arrivalSamples=30 arrivalAvgMs=33.6 arrivalP95Ms=57.9 arrivalMaxMs=58.2 sameArrival=1 tickGapMax=2 renderFrames=53 interpolation=53 extrapolation=0 extrapolationCapped=0 extrapolationMaxMs=0.0 oldestHeld=0 zeroSpan=1 movingFrozen=0 teleport=0 visualStepAvgCm=0.00 visualStepMaxCm=0.00
[rubber-banding][remote-render] time=239.643 frame=18611 entity=3 latestHostTick=9192 buffer=8 windowMs=1007.4 fps=52.6 snapshots=30 arrivalSamples=30 arrivalAvgMs=33.6 arrivalP95Ms=57.9 arrivalMaxMs=58.2 sameArrival=1 tickGapMax=2 renderFrames=53 interpolation=53 extrapolation=0 extrapolationCapped=0 extrapolationMaxMs=0.0 oldestHeld=0 zeroSpan=1 movingFrozen=0 teleport=0 visualStepAvgCm=0.00 visualStepMaxCm=0.00
[rubber-banding][remote-render] time=239.643 frame=18611 entity=4 latestHostTick=9192 buffer=8 windowMs=1007.4 fps=52.6 snapshots=30 arrivalSamples=30 arrivalAvgMs=33.6 arrivalP95Ms=57.9 arrivalMaxMs=58.2 sameArrival=1 tickGapMax=2 renderFrames=53 interpolation=53 extrapolation=0 extrapolationCapped=0 extrapolationMaxMs=0.0 oldestHeld=0 zeroSpan=1 movingFrozen=0 teleport=0 visualStepAvgCm=0.00 visualStepMaxCm=0.00
[rubber-banding][remote-render] time=240.644 frame=18663 entity=1 latestHostTick=9252 buffer=8 windowMs=1001.0 fps=51.9 snapshots=30 arrivalSamples=30 arrivalAvgMs=33.4 arrivalP95Ms=59.7 arrivalMaxMs=59.9 sameArrival=0 tickGapMax=2 renderFrames=52 interpolation=52 extrapolation=0 extrapolationCapped=0 extrapolationMaxMs=0.0 oldestHeld=0 zeroSpan=0 movingFrozen=0 teleport=0 visualStepAvgCm=0.00 visualStepMaxCm=0.00
[rubber-banding][remote-render] time=240.644 frame=18663 entity=3 latestHostTick=9252 buffer=8 windowMs=1001.0 fps=51.9 snapshots=30 arrivalSamples=30 arrivalAvgMs=33.4 arrivalP95Ms=59.7 arrivalMaxMs=59.9 sameArrival=0 tickGapMax=2 renderFrames=52 interpolation=52 extrapolation=0 extrapolationCapped=0 extrapolationMaxMs=0.0 oldestHeld=0 zeroSpan=0 movingFrozen=0 teleport=0 visualStepAvgCm=0.00 visualStepMaxCm=0.00
[rubber-banding][remote-render] time=240.644 frame=18663 entity=4 latestHostTick=9252 buffer=8 windowMs=1001.0 fps=51.9 snapshots=30 arrivalSamples=30 arrivalAvgMs=33.4 arrivalP95Ms=59.7 arrivalMaxMs=59.9 sameArrival=0 tickGapMax=2 renderFrames=52 interpolation=52 extrapolation=0 extrapolationCapped=0 extrapolationMaxMs=0.0 oldestHeld=0 zeroSpan=0 movingFrozen=0 teleport=0 visualStepAvgCm=0.00 visualStepMaxCm=0.00
[rubber-banding][remote-render] time=241.651 frame=18716 entity=1 latestHostTick=9312 buffer=8 windowMs=1007.3 fps=52.6 snapshots=30 arrivalSamples=30 arrivalAvgMs=33.0 arrivalP95Ms=50.0 arrivalMaxMs=65.2 sameArrival=1 tickGapMax=2 renderFrames=53 interpolation=53 extrapolation=0 extrapolationCapped=0 extrapolationMaxMs=0.0 oldestHeld=0 zeroSpan=2 movingFrozen=0 teleport=0 visualStepAvgCm=0.00 visualStepMaxCm=0.00
[rubber-banding][remote-render] time=241.651 frame=18716 entity=3 latestHostTick=9312 buffer=8 windowMs=1007.3 fps=52.6 snapshots=30 arrivalSamples=30 arrivalAvgMs=33.0 arrivalP95Ms=50.0 arrivalMaxMs=65.2 sameArrival=1 tickGapMax=2 renderFrames=53 interpolation=53 extrapolation=0 extrapolationCapped=0 extrapolationMaxMs=0.0 oldestHeld=0 zeroSpan=2 movingFrozen=0 teleport=0 visualStepAvgCm=0.00 visualStepMaxCm=0.00
[rubber-banding][remote-render] time=241.651 frame=18716 entity=4 latestHostTick=9312 buffer=8 windowMs=1007.3 fps=52.6 snapshots=30 arrivalSamples=30 arrivalAvgMs=33.0 arrivalP95Ms=50.0 arrivalMaxMs=65.2 sameArrival=1 tickGapMax=2 renderFrames=53 interpolation=53 extrapolation=0 extrapolationCapped=0 extrapolationMaxMs=0.0 oldestHeld=0 zeroSpan=2 movingFrozen=0 teleport=0 visualStepAvgCm=0.00 visualStepMaxCm=0.00
[rubber-banding][remote-render] time=242.651 frame=18768 entity=1 latestHostTick=9372 buffer=8 windowMs=1000.0 fps=52.0 snapshots=30 arrivalSamples=30 arrivalAvgMs=33.9 arrivalP95Ms=42.0 arrivalMaxMs=49.9 sameArrival=0 tickGapMax=2 renderFrames=52 interpolation=52 extrapolation=0 extrapolationCapped=0 extrapolationMaxMs=0.0 oldestHeld=0 zeroSpan=0 movingFrozen=0 teleport=0 visualStepAvgCm=0.00 visualStepMaxCm=0.00
[rubber-banding][remote-render] time=242.651 frame=18768 entity=3 latestHostTick=9372 buffer=8 windowMs=1000.0 fps=52.0 snapshots=30 arrivalSamples=30 arrivalAvgMs=33.9 arrivalP95Ms=42.0 arrivalMaxMs=49.9 sameArrival=0 tickGapMax=2 renderFrames=52 interpolation=52 extrapolation=0 extrapolationCapped=0 extrapolationMaxMs=0.0 oldestHeld=0 zeroSpan=0 movingFrozen=0 teleport=0 visualStepAvgCm=0.00 visualStepMaxCm=0.00
[rubber-banding][remote-render] time=242.651 frame=18768 entity=4 latestHostTick=9372 buffer=8 windowMs=1000.0 fps=52.0 snapshots=30 arrivalSamples=30 arrivalAvgMs=33.9 arrivalP95Ms=42.0 arrivalMaxMs=49.9 sameArrival=0 tickGapMax=2 renderFrames=52 interpolation=52 extrapolation=0 extrapolationCapped=0 extrapolationMaxMs=0.0 oldestHeld=0 zeroSpan=0 movingFrozen=0 teleport=0 visualStepAvgCm=0.00 visualStepMaxCm=0.00
[rubber-banding][remote-render] time=243.660 frame=18823 entity=1 latestHostTick=9432 buffer=8 windowMs=1008.4 fps=54.5 snapshots=30 arrivalSamples=30 arrivalAvgMs=33.1 arrivalP95Ms=42.8 arrivalMaxMs=53.2 sameArrival=0 tickGapMax=2 renderFrames=55 interpolation=55 extrapolation=0 extrapolationCapped=0 extrapolationMaxMs=0.0 oldestHeld=0 zeroSpan=0 movingFrozen=0 teleport=0 visualStepAvgCm=0.00 visualStepMaxCm=0.00
[rubber-banding][remote-render] time=243.660 frame=18823 entity=3 latestHostTick=9432 buffer=8 windowMs=1008.4 fps=54.5 snapshots=30 arrivalSamples=30 arrivalAvgMs=33.1 arrivalP95Ms=42.8 arrivalMaxMs=53.2 sameArrival=0 tickGapMax=2 renderFrames=55 interpolation=55 extrapolation=0 extrapolationCapped=0 extrapolationMaxMs=0.0 oldestHeld=0 zeroSpan=0 movingFrozen=0 teleport=0 visualStepAvgCm=0.00 visualStepMaxCm=0.00
[rubber-banding][remote-render] time=243.660 frame=18823 entity=4 latestHostTick=9432 buffer=8 windowMs=1008.4 fps=54.5 snapshots=30 arrivalSamples=30 arrivalAvgMs=33.1 arrivalP95Ms=42.8 arrivalMaxMs=53.2 sameArrival=0 tickGapMax=2 renderFrames=55 interpolation=55 extrapolation=0 extrapolationCapped=0 extrapolationMaxMs=0.0 oldestHeld=0 zeroSpan=0 movingFrozen=0 teleport=0 visualStepAvgCm=0.00 visualStepMaxCm=0.00
[rubber-banding][remote-render] time=244.679 frame=18876 entity=1 latestHostTick=9494 buffer=8 windowMs=1019.0 fps=52.0 snapshots=31 arrivalSamples=31 arrivalAvgMs=33.4 arrivalP95Ms=50.8 arrivalMaxMs=66.3 sameArrival=2 tickGapMax=2 renderFrames=53 interpolation=53 extrapolation=0 extrapolationCapped=0 extrapolationMaxMs=0.0 oldestHeld=0 zeroSpan=3 movingFrozen=0 teleport=0 visualStepAvgCm=0.00 visualStepMaxCm=0.00
[rubber-banding][remote-render] time=244.679 frame=18876 entity=3 latestHostTick=9494 buffer=8 windowMs=1019.0 fps=52.0 snapshots=31 arrivalSamples=31 arrivalAvgMs=33.4 arrivalP95Ms=50.8 arrivalMaxMs=66.3 sameArrival=2 tickGapMax=2 renderFrames=53 interpolation=53 extrapolation=0 extrapolationCapped=0 extrapolationMaxMs=0.0 oldestHeld=0 zeroSpan=3 movingFrozen=0 teleport=0 visualStepAvgCm=0.00 visualStepMaxCm=0.00
[rubber-banding][remote-render] time=244.679 frame=18876 entity=4 latestHostTick=9494 buffer=8 windowMs=1019.0 fps=52.0 snapshots=31 arrivalSamples=31 arrivalAvgMs=33.4 arrivalP95Ms=50.8 arrivalMaxMs=66.3 sameArrival=2 tickGapMax=2 renderFrames=53 interpolation=53 extrapolation=0 extrapolationCapped=0 extrapolationMaxMs=0.0 oldestHeld=0 zeroSpan=3 movingFrozen=0 teleport=0 visualStepAvgCm=0.00 visualStepMaxCm=0.00
[rubber-banding][remote-render] time=245.684 frame=18927 entity=1 latestHostTick=9554 buffer=8 windowMs=1005.9 fps=50.7 snapshots=30 arrivalSamples=30 arrivalAvgMs=33.0 arrivalP95Ms=58.3 arrivalMaxMs=58.5 sameArrival=0 tickGapMax=2 renderFrames=51 interpolation=51 extrapolation=0 extrapolationCapped=0 extrapolationMaxMs=0.0 oldestHeld=0 zeroSpan=0 movingFrozen=0 teleport=0 visualStepAvgCm=0.00 visualStepMaxCm=0.00
[rubber-banding][remote-render] time=245.684 frame=18927 entity=3 latestHostTick=9554 buffer=8 windowMs=1005.9 fps=50.7 snapshots=30 arrivalSamples=30 arrivalAvgMs=33.0 arrivalP95Ms=58.3 arrivalMaxMs=58.5 sameArrival=0 tickGapMax=2 renderFrames=51 interpolation=51 extrapolation=0 extrapolationCapped=0 extrapolationMaxMs=0.0 oldestHeld=0 zeroSpan=0 movingFrozen=0 teleport=0 visualStepAvgCm=0.00 visualStepMaxCm=0.00
[rubber-banding][remote-render] time=245.684 frame=18927 entity=4 latestHostTick=9554 buffer=8 windowMs=1005.9 fps=50.7 snapshots=30 arrivalSamples=30 arrivalAvgMs=33.0 arrivalP95Ms=58.3 arrivalMaxMs=58.5 sameArrival=0 tickGapMax=2 renderFrames=51 interpolation=51 extrapolation=0 extrapolationCapped=0 extrapolationMaxMs=0.0 oldestHeld=0 zeroSpan=0 movingFrozen=0 teleport=0 visualStepAvgCm=0.00 visualStepMaxCm=0.00
[rubber-banding][remote-render] time=246.687 frame=18979 entity=1 latestHostTick=9614 buffer=8 windowMs=1002.3 fps=51.9 snapshots=30 arrivalSamples=30 arrivalAvgMs=34.0 arrivalP95Ms=58.4 arrivalMaxMs=64.1 sameArrival=1 tickGapMax=2 renderFrames=52 interpolation=52 extrapolation=0 extrapolationCapped=0 extrapolationMaxMs=0.0 oldestHeld=0 zeroSpan=1 movingFrozen=0 teleport=0 visualStepAvgCm=0.00 visualStepMaxCm=0.00
[rubber-banding][remote-render] time=246.687 frame=18979 entity=3 latestHostTick=9614 buffer=8 windowMs=1002.3 fps=51.9 snapshots=30 arrivalSamples=30 arrivalAvgMs=34.0 arrivalP95Ms=58.4 arrivalMaxMs=64.1 sameArrival=1 tickGapMax=2 renderFrames=52 interpolation=52 extrapolation=0 extrapolationCapped=0 extrapolationMaxMs=0.0 oldestHeld=0 zeroSpan=1 movingFrozen=0 teleport=0 visualStepAvgCm=0.00 visualStepMaxCm=0.00
[rubber-banding][remote-render] time=246.687 frame=18979 entity=4 latestHostTick=9614 buffer=8 windowMs=1002.3 fps=51.9 snapshots=30 arrivalSamples=30 arrivalAvgMs=34.0 arrivalP95Ms=58.4 arrivalMaxMs=64.1 sameArrival=1 tickGapMax=2 renderFrames=52 interpolation=52 extrapolation=0 extrapolationCapped=0 extrapolationMaxMs=0.0 oldestHeld=0 zeroSpan=1 movingFrozen=0 teleport=0 visualStepAvgCm=0.00 visualStepMaxCm=0.00
[rubber-banding][remote-render] time=247.693 frame=19031 entity=1 latestHostTick=9676 buffer=8 windowMs=1005.9 fps=51.7 snapshots=31 arrivalSamples=31 arrivalAvgMs=32.4 arrivalP95Ms=44.1 arrivalMaxMs=61.4 sameArrival=1 tickGapMax=2 renderFrames=52 interpolation=52 extrapolation=0 extrapolationCapped=0 extrapolationMaxMs=0.0 oldestHeld=0 zeroSpan=1 movingFrozen=0 teleport=0 visualStepAvgCm=0.00 visualStepMaxCm=0.00
[rubber-banding][remote-render] time=247.693 frame=19031 entity=3 latestHostTick=9676 buffer=8 windowMs=1005.9 fps=51.7 snapshots=31 arrivalSamples=31 arrivalAvgMs=32.4 arrivalP95Ms=44.1 arrivalMaxMs=61.4 sameArrival=1 tickGapMax=2 renderFrames=52 interpolation=52 extrapolation=0 extrapolationCapped=0 extrapolationMaxMs=0.0 oldestHeld=0 zeroSpan=1 movingFrozen=0 teleport=0 visualStepAvgCm=0.00 visualStepMaxCm=0.00
[rubber-banding][remote-render] time=247.693 frame=19031 entity=4 latestHostTick=9676 buffer=8 windowMs=1005.9 fps=51.7 snapshots=31 arrivalSamples=31 arrivalAvgMs=32.4 arrivalP95Ms=44.1 arrivalMaxMs=61.4 sameArrival=1 tickGapMax=2 renderFrames=52 interpolation=52 extrapolation=0 extrapolationCapped=0 extrapolationMaxMs=0.0 oldestHeld=0 zeroSpan=1 movingFrozen=0 teleport=0 visualStepAvgCm=0.00 visualStepMaxCm=0.00
[rubber-banding][remote-render] time=248.711 frame=19083 entity=1 latestHostTick=9736 buffer=8 windowMs=1018.0 fps=51.1 snapshots=30 arrivalSamples=30 arrivalAvgMs=33.9 arrivalP95Ms=58.1 arrivalMaxMs=64.1 sameArrival=1 tickGapMax=2 renderFrames=52 interpolation=52 extrapolation=0 extrapolationCapped=0 extrapolationMaxMs=0.0 oldestHeld=0 zeroSpan=2 movingFrozen=0 teleport=0 visualStepAvgCm=0.00 visualStepMaxCm=0.00
[rubber-banding][remote-render] time=248.711 frame=19083 entity=3 latestHostTick=9736 buffer=8 windowMs=1018.0 fps=51.1 snapshots=30 arrivalSamples=30 arrivalAvgMs=33.9 arrivalP95Ms=58.1 arrivalMaxMs=64.1 sameArrival=1 tickGapMax=2 renderFrames=52 interpolation=52 extrapolation=0 extrapolationCapped=0 extrapolationMaxMs=0.0 oldestHeld=0 zeroSpan=2 movingFrozen=0 teleport=0 visualStepAvgCm=0.00 visualStepMaxCm=0.00
[rubber-banding][remote-render] time=248.711 frame=19083 entity=4 latestHostTick=9736 buffer=8 windowMs=1018.0 fps=51.1 snapshots=30 arrivalSamples=30 arrivalAvgMs=33.9 arrivalP95Ms=58.1 arrivalMaxMs=64.1 sameArrival=1 tickGapMax=2 renderFrames=52 interpolation=52 extrapolation=0 extrapolationCapped=0 extrapolationMaxMs=0.0 oldestHeld=0 zeroSpan=2 movingFrozen=0 teleport=0 visualStepAvgCm=0.00 visualStepMaxCm=0.00
[rubber-banding][remote-render] time=249.718 frame=19136 entity=1 latestHostTick=9796 buffer=8 windowMs=1007.0 fps=52.6 snapshots=30 arrivalSamples=30 arrivalAvgMs=33.6 arrivalP95Ms=42.7 arrivalMaxMs=43.0 sameArrival=0 tickGapMax=2 renderFrames=53 interpolation=53 extrapolation=0 extrapolationCapped=0 extrapolationMaxMs=0.0 oldestHeld=0 zeroSpan=0 movingFrozen=0 teleport=0 visualStepAvgCm=0.00 visualStepMaxCm=0.00
[rubber-banding][remote-render] time=249.718 frame=19136 entity=3 latestHostTick=9796 buffer=8 windowMs=1007.0 fps=52.6 snapshots=30 arrivalSamples=30 arrivalAvgMs=33.6 arrivalP95Ms=42.7 arrivalMaxMs=43.0 sameArrival=0 tickGapMax=2 renderFrames=53 interpolation=53 extrapolation=0 extrapolationCapped=0 extrapolationMaxMs=0.0 oldestHeld=0 zeroSpan=0 movingFrozen=0 teleport=0 visualStepAvgCm=0.00 visualStepMaxCm=0.00
[rubber-banding][remote-render] time=249.718 frame=19136 entity=4 latestHostTick=9796 buffer=8 windowMs=1007.0 fps=52.6 snapshots=30 arrivalSamples=30 arrivalAvgMs=33.6 arrivalP95Ms=42.7 arrivalMaxMs=43.0 sameArrival=0 tickGapMax=2 renderFrames=53 interpolation=53 extrapolation=0 extrapolationCapped=0 extrapolationMaxMs=0.0 oldestHeld=0 zeroSpan=0 movingFrozen=0 teleport=0 visualStepAvgCm=0.00 visualStepMaxCm=0.00
[rubber-banding][remote-render] time=250.735 frame=19188 entity=1 latestHostTick=9856 buffer=8 windowMs=1017.5 fps=51.1 snapshots=30 arrivalSamples=30 arrivalAvgMs=33.1 arrivalP95Ms=58.3 arrivalMaxMs=60.2 sameArrival=1 tickGapMax=2 renderFrames=52 interpolation=52 extrapolation=0 extrapolationCapped=0 extrapolationMaxMs=0.0 oldestHeld=0 zeroSpan=2 movingFrozen=0 teleport=0 visualStepAvgCm=0.00 visualStepMaxCm=0.00
[rubber-banding][remote-render] time=250.735 frame=19188 entity=3 latestHostTick=9856 buffer=8 windowMs=1017.5 fps=51.1 snapshots=30 arrivalSamples=30 arrivalAvgMs=33.1 arrivalP95Ms=58.3 arrivalMaxMs=60.2 sameArrival=1 tickGapMax=2 renderFrames=52 interpolation=52 extrapolation=0 extrapolationCapped=0 extrapolationMaxMs=0.0 oldestHeld=0 zeroSpan=2 movingFrozen=0 teleport=0 visualStepAvgCm=0.00 visualStepMaxCm=0.00
[rubber-banding][remote-render] time=250.735 frame=19188 entity=4 latestHostTick=9856 buffer=8 windowMs=1017.5 fps=51.1 snapshots=30 arrivalSamples=30 arrivalAvgMs=33.1 arrivalP95Ms=58.3 arrivalMaxMs=60.2 sameArrival=1 tickGapMax=2 renderFrames=52 interpolation=52 extrapolation=0 extrapolationCapped=0 extrapolationMaxMs=0.0 oldestHeld=0 zeroSpan=2 movingFrozen=0 teleport=0 visualStepAvgCm=0.00 visualStepMaxCm=0.00
[rubber-banding][remote-render] time=251.743 frame=19239 entity=1 latestHostTick=9918 buffer=8 windowMs=1007.6 fps=50.6 snapshots=31 arrivalSamples=31 arrivalAvgMs=33.3 arrivalP95Ms=54.0 arrivalMaxMs=66.1 sameArrival=1 tickGapMax=2 renderFrames=51 interpolation=51 extrapolation=0 extrapolationCapped=0 extrapolationMaxMs=0.0 oldestHeld=0 zeroSpan=2 movingFrozen=0 teleport=0 visualStepAvgCm=0.00 visualStepMaxCm=0.00
[rubber-banding][remote-render] time=251.743 frame=19239 entity=3 latestHostTick=9918 buffer=8 windowMs=1007.6 fps=50.6 snapshots=31 arrivalSamples=31 arrivalAvgMs=33.3 arrivalP95Ms=54.0 arrivalMaxMs=66.1 sameArrival=1 tickGapMax=2 renderFrames=51 interpolation=51 extrapolation=0 extrapolationCapped=0 extrapolationMaxMs=0.0 oldestHeld=0 zeroSpan=2 movingFrozen=0 teleport=0 visualStepAvgCm=0.00 visualStepMaxCm=0.00
[rubber-banding][remote-render] time=251.743 frame=19239 entity=4 latestHostTick=9918 buffer=8 windowMs=1007.6 fps=50.6 snapshots=31 arrivalSamples=31 arrivalAvgMs=33.3 arrivalP95Ms=54.0 arrivalMaxMs=66.1 sameArrival=1 tickGapMax=2 renderFrames=51 interpolation=51 extrapolation=0 extrapolationCapped=0 extrapolationMaxMs=0.0 oldestHeld=0 zeroSpan=2 movingFrozen=0 teleport=0 visualStepAvgCm=0.00 visualStepMaxCm=0.00
[rubber-banding][remote-render] time=252.753 frame=19292 entity=1 latestHostTick=9978 buffer=8 windowMs=1010.5 fps=52.4 snapshots=30 arrivalSamples=30 arrivalAvgMs=33.1 arrivalP95Ms=58.0 arrivalMaxMs=58.3 sameArrival=1 tickGapMax=2 renderFrames=53 interpolation=53 extrapolation=0 extrapolationCapped=0 extrapolationMaxMs=0.0 oldestHeld=0 zeroSpan=1 movingFrozen=0 teleport=0 visualStepAvgCm=0.00 visualStepMaxCm=0.00
[rubber-banding][remote-render] time=252.753 frame=19292 entity=3 latestHostTick=9978 buffer=8 windowMs=1010.5 fps=52.4 snapshots=30 arrivalSamples=30 arrivalAvgMs=33.1 arrivalP95Ms=58.0 arrivalMaxMs=58.3 sameArrival=1 tickGapMax=2 renderFrames=53 interpolation=53 extrapolation=0 extrapolationCapped=0 extrapolationMaxMs=0.0 oldestHeld=0 zeroSpan=1 movingFrozen=0 teleport=0 visualStepAvgCm=0.00 visualStepMaxCm=0.00
[rubber-banding][remote-render] time=252.753 frame=19292 entity=4 latestHostTick=9978 buffer=8 windowMs=1010.5 fps=52.4 snapshots=30 arrivalSamples=30 arrivalAvgMs=33.1 arrivalP95Ms=58.0 arrivalMaxMs=58.3 sameArrival=1 tickGapMax=2 renderFrames=53 interpolation=53 extrapolation=0 extrapolationCapped=0 extrapolationMaxMs=0.0 oldestHeld=0 zeroSpan=1 movingFrozen=0 teleport=0 visualStepAvgCm=0.00 visualStepMaxCm=0.00
[rubber-banding][remote-render] time=253.776 frame=19345 entity=1 latestHostTick=10040 buffer=8 windowMs=1022.6 fps=51.8 snapshots=31 arrivalSamples=31 arrivalAvgMs=33.6 arrivalP95Ms=46.1 arrivalMaxMs=49.6 sameArrival=0 tickGapMax=2 renderFrames=53 interpolation=53 extrapolation=0 extrapolationCapped=0 extrapolationMaxMs=0.0 oldestHeld=0 zeroSpan=0 movingFrozen=0 teleport=0 visualStepAvgCm=0.00 visualStepMaxCm=0.00
[rubber-banding][remote-render] time=253.776 frame=19345 entity=3 latestHostTick=10040 buffer=8 windowMs=1022.6 fps=51.8 snapshots=31 arrivalSamples=31 arrivalAvgMs=33.6 arrivalP95Ms=46.1 arrivalMaxMs=49.6 sameArrival=0 tickGapMax=2 renderFrames=53 interpolation=53 extrapolation=0 extrapolationCapped=0 extrapolationMaxMs=0.0 oldestHeld=0 zeroSpan=0 movingFrozen=0 teleport=0 visualStepAvgCm=0.00 visualStepMaxCm=0.00
[rubber-banding][remote-render] time=253.776 frame=19345 entity=4 latestHostTick=10040 buffer=8 windowMs=1022.6 fps=51.8 snapshots=31 arrivalSamples=31 arrivalAvgMs=33.6 arrivalP95Ms=46.1 arrivalMaxMs=49.6 sameArrival=0 tickGapMax=2 renderFrames=53 interpolation=53 extrapolation=0 extrapolationCapped=0 extrapolationMaxMs=0.0 oldestHeld=0 zeroSpan=0 movingFrozen=0 teleport=0 visualStepAvgCm=0.00 visualStepMaxCm=0.00
[rubber-banding][remote-render] time=254.784 frame=19397 entity=1 latestHostTick=10100 buffer=8 windowMs=1008.3 fps=51.6 snapshots=30 arrivalSamples=30 arrivalAvgMs=33.6 arrivalP95Ms=47.7 arrivalMaxMs=59.3 sameArrival=1 tickGapMax=2 renderFrames=52 interpolation=52 extrapolation=0 extrapolationCapped=0 extrapolationMaxMs=0.0 oldestHeld=0 zeroSpan=2 movingFrozen=0 teleport=0 visualStepAvgCm=0.00 visualStepMaxCm=0.00
[rubber-banding][remote-render] time=254.784 frame=19397 entity=3 latestHostTick=10100 buffer=8 windowMs=1008.3 fps=51.6 snapshots=30 arrivalSamples=30 arrivalAvgMs=33.6 arrivalP95Ms=47.7 arrivalMaxMs=59.3 sameArrival=1 tickGapMax=2 renderFrames=52 interpolation=52 extrapolation=0 extrapolationCapped=0 extrapolationMaxMs=0.0 oldestHeld=0 zeroSpan=2 movingFrozen=0 teleport=0 visualStepAvgCm=0.00 visualStepMaxCm=0.00
[rubber-banding][remote-render] time=254.784 frame=19397 entity=4 latestHostTick=10100 buffer=8 windowMs=1008.3 fps=51.6 snapshots=30 arrivalSamples=30 arrivalAvgMs=33.6 arrivalP95Ms=47.7 arrivalMaxMs=59.3 sameArrival=1 tickGapMax=2 renderFrames=52 interpolation=52 extrapolation=0 extrapolationCapped=0 extrapolationMaxMs=0.0 oldestHeld=0 zeroSpan=2 movingFrozen=0 teleport=0 visualStepAvgCm=0.00 visualStepMaxCm=0.00
[rubber-banding][remote-render] time=255.793 frame=19448 entity=1 latestHostTick=10160 buffer=8 windowMs=1008.4 fps=50.6 snapshots=30 arrivalSamples=30 arrivalAvgMs=33.1 arrivalP95Ms=58.4 arrivalMaxMs=58.6 sameArrival=1 tickGapMax=2 renderFrames=51 interpolation=51 extrapolation=0 extrapolationCapped=0 extrapolationMaxMs=0.0 oldestHeld=0 zeroSpan=2 movingFrozen=0 teleport=0 visualStepAvgCm=0.00 visualStepMaxCm=0.00
[rubber-banding][remote-render] time=255.793 frame=19448 entity=3 latestHostTick=10160 buffer=8 windowMs=1008.4 fps=50.6 snapshots=30 arrivalSamples=30 arrivalAvgMs=33.1 arrivalP95Ms=58.4 arrivalMaxMs=58.6 sameArrival=1 tickGapMax=2 renderFrames=51 interpolation=51 extrapolation=0 extrapolationCapped=0 extrapolationMaxMs=0.0 oldestHeld=0 zeroSpan=2 movingFrozen=0 teleport=0 visualStepAvgCm=0.00 visualStepMaxCm=0.00
[rubber-banding][remote-render] time=255.793 frame=19448 entity=4 latestHostTick=10160 buffer=8 windowMs=1008.4 fps=50.6 snapshots=30 arrivalSamples=30 arrivalAvgMs=33.1 arrivalP95Ms=58.4 arrivalMaxMs=58.6 sameArrival=1 tickGapMax=2 renderFrames=51 interpolation=51 extrapolation=0 extrapolationCapped=0 extrapolationMaxMs=0.0 oldestHeld=0 zeroSpan=2 movingFrozen=0 teleport=0 visualStepAvgCm=0.00 visualStepMaxCm=0.00
[rubber-banding][remote-render] time=256.809 frame=19500 entity=1 latestHostTick=10222 buffer=8 windowMs=1016.6 fps=51.1 snapshots=31 arrivalSamples=31 arrivalAvgMs=33.3 arrivalP95Ms=51.5 arrivalMaxMs=59.8 sameArrival=1 tickGapMax=2 renderFrames=52 interpolation=52 extrapolation=0 extrapolationCapped=0 extrapolationMaxMs=0.0 oldestHeld=0 zeroSpan=2 movingFrozen=0 teleport=0 visualStepAvgCm=0.00 visualStepMaxCm=0.00
[rubber-banding][remote-render] time=256.809 frame=19500 entity=3 latestHostTick=10222 buffer=8 windowMs=1016.6 fps=51.1 snapshots=31 arrivalSamples=31 arrivalAvgMs=33.3 arrivalP95Ms=51.5 arrivalMaxMs=59.8 sameArrival=1 tickGapMax=2 renderFrames=52 interpolation=52 extrapolation=0 extrapolationCapped=0 extrapolationMaxMs=0.0 oldestHeld=0 zeroSpan=2 movingFrozen=0 teleport=0 visualStepAvgCm=0.00 visualStepMaxCm=0.00
[rubber-banding][remote-render] time=256.809 frame=19500 entity=4 latestHostTick=10222 buffer=8 windowMs=1016.6 fps=51.1 snapshots=31 arrivalSamples=31 arrivalAvgMs=33.3 arrivalP95Ms=51.5 arrivalMaxMs=59.8 sameArrival=1 tickGapMax=2 renderFrames=52 interpolation=52 extrapolation=0 extrapolationCapped=0 extrapolationMaxMs=0.0 oldestHeld=0 zeroSpan=2 movingFrozen=0 teleport=0 visualStepAvgCm=0.00 visualStepMaxCm=0.00
[rubber-banding][remote-render] time=257.818 frame=19551 entity=1 latestHostTick=10282 buffer=8 windowMs=1008.5 fps=50.6 snapshots=30 arrivalSamples=30 arrivalAvgMs=33.6 arrivalP95Ms=55.3 arrivalMaxMs=58.3 sameArrival=1 tickGapMax=2 renderFrames=51 interpolation=51 extrapolation=0 extrapolationCapped=0 extrapolationMaxMs=0.0 oldestHeld=0 zeroSpan=2 movingFrozen=0 teleport=0 visualStepAvgCm=0.00 visualStepMaxCm=0.00
[rubber-banding][remote-render] time=257.818 frame=19551 entity=3 latestHostTick=10282 buffer=8 windowMs=1008.5 fps=50.6 snapshots=30 arrivalSamples=30 arrivalAvgMs=33.6 arrivalP95Ms=55.3 arrivalMaxMs=58.3 sameArrival=1 tickGapMax=2 renderFrames=51 interpolation=51 extrapolation=0 extrapolationCapped=0 extrapolationMaxMs=0.0 oldestHeld=0 zeroSpan=2 movingFrozen=0 teleport=0 visualStepAvgCm=0.00 visualStepMaxCm=0.00
[rubber-banding][remote-render] time=257.818 frame=19551 entity=4 latestHostTick=10282 buffer=8 windowMs=1008.5 fps=50.6 snapshots=30 arrivalSamples=30 arrivalAvgMs=33.6 arrivalP95Ms=55.3 arrivalMaxMs=58.3 sameArrival=1 tickGapMax=2 renderFrames=51 interpolation=51 extrapolation=0 extrapolationCapped=0 extrapolationMaxMs=0.0 oldestHeld=0 zeroSpan=2 movingFrozen=0 teleport=0 visualStepAvgCm=0.00 visualStepMaxCm=0.00
[rubber-banding][remote-render] time=258.827 frame=19604 entity=1 latestHostTick=10342 buffer=8 windowMs=1009.3 fps=52.5 snapshots=30 arrivalSamples=30 arrivalAvgMs=33.1 arrivalP95Ms=43.4 arrivalMaxMs=58.3 sameArrival=1 tickGapMax=2 renderFrames=53 interpolation=53 extrapolation=0 extrapolationCapped=0 extrapolationMaxMs=0.0 oldestHeld=0 zeroSpan=2 movingFrozen=0 teleport=0 visualStepAvgCm=0.00 visualStepMaxCm=0.00
[rubber-banding][remote-render] time=258.827 frame=19604 entity=3 latestHostTick=10342 buffer=8 windowMs=1009.3 fps=52.5 snapshots=30 arrivalSamples=30 arrivalAvgMs=33.1 arrivalP95Ms=43.4 arrivalMaxMs=58.3 sameArrival=1 tickGapMax=2 renderFrames=53 interpolation=53 extrapolation=0 extrapolationCapped=0 extrapolationMaxMs=0.0 oldestHeld=0 zeroSpan=2 movingFrozen=0 teleport=0 visualStepAvgCm=0.00 visualStepMaxCm=0.00
[rubber-banding][remote-render] time=258.827 frame=19604 entity=4 latestHostTick=10342 buffer=8 windowMs=1009.3 fps=52.5 snapshots=30 arrivalSamples=30 arrivalAvgMs=33.1 arrivalP95Ms=43.4 arrivalMaxMs=58.3 sameArrival=1 tickGapMax=2 renderFrames=53 interpolation=53 extrapolation=0 extrapolationCapped=0 extrapolationMaxMs=0.0 oldestHeld=0 zeroSpan=2 movingFrozen=0 teleport=0 visualStepAvgCm=0.00 visualStepMaxCm=0.00
[rubber-banding][remote-render] time=259.843 frame=19655 entity=1 latestHostTick=10404 buffer=8 windowMs=1015.6 fps=50.2 snapshots=31 arrivalSamples=31 arrivalAvgMs=32.8 arrivalP95Ms=58.2 arrivalMaxMs=58.9 sameArrival=1 tickGapMax=2 renderFrames=51 interpolation=51 extrapolation=0 extrapolationCapped=0 extrapolationMaxMs=0.0 oldestHeld=0 zeroSpan=2 movingFrozen=0 teleport=0 visualStepAvgCm=0.00 visualStepMaxCm=0.00
[rubber-banding][remote-render] time=259.843 frame=19655 entity=3 latestHostTick=10404 buffer=8 windowMs=1015.6 fps=50.2 snapshots=31 arrivalSamples=31 arrivalAvgMs=32.8 arrivalP95Ms=58.2 arrivalMaxMs=58.9 sameArrival=1 tickGapMax=2 renderFrames=51 interpolation=51 extrapolation=0 extrapolationCapped=0 extrapolationMaxMs=0.0 oldestHeld=0 zeroSpan=2 movingFrozen=0 teleport=0 visualStepAvgCm=0.00 visualStepMaxCm=0.00
[rubber-banding][remote-render] time=259.843 frame=19655 entity=4 latestHostTick=10404 buffer=8 windowMs=1015.6 fps=50.2 snapshots=31 arrivalSamples=31 arrivalAvgMs=32.8 arrivalP95Ms=58.2 arrivalMaxMs=58.9 sameArrival=1 tickGapMax=2 renderFrames=51 interpolation=51 extrapolation=0 extrapolationCapped=0 extrapolationMaxMs=0.0 oldestHeld=0 zeroSpan=2 movingFrozen=0 teleport=0 visualStepAvgCm=0.00 visualStepMaxCm=0.00
[rubber-banding][remote-render] time=260.851 frame=19707 entity=1 latestHostTick=10464 buffer=8 windowMs=1008.2 fps=51.6 snapshots=30 arrivalSamples=30 arrivalAvgMs=34.2 arrivalP95Ms=54.2 arrivalMaxMs=58.8 sameArrival=0 tickGapMax=2 renderFrames=52 interpolation=52 extrapolation=0 extrapolationCapped=0 extrapolationMaxMs=0.0 oldestHeld=0 zeroSpan=0 movingFrozen=0 teleport=0 visualStepAvgCm=0.00 visualStepMaxCm=0.00
[rubber-banding][remote-render] time=260.851 frame=19707 entity=3 latestHostTick=10464 buffer=8 windowMs=1008.2 fps=51.6 snapshots=30 arrivalSamples=30 arrivalAvgMs=34.2 arrivalP95Ms=54.2 arrivalMaxMs=58.8 sameArrival=0 tickGapMax=2 renderFrames=52 interpolation=52 extrapolation=0 extrapolationCapped=0 extrapolationMaxMs=0.0 oldestHeld=0 zeroSpan=0 movingFrozen=0 teleport=0 visualStepAvgCm=0.00 visualStepMaxCm=0.00
[rubber-banding][remote-render] time=260.851 frame=19707 entity=4 latestHostTick=10464 buffer=8 windowMs=1008.2 fps=51.6 snapshots=30 arrivalSamples=30 arrivalAvgMs=34.2 arrivalP95Ms=54.2 arrivalMaxMs=58.8 sameArrival=0 tickGapMax=2 renderFrames=52 interpolation=52 extrapolation=0 extrapolationCapped=0 extrapolationMaxMs=0.0 oldestHeld=0 zeroSpan=0 movingFrozen=0 teleport=0 visualStepAvgCm=0.00 visualStepMaxCm=0.00
[rubber-banding][remote-render] time=261.854 frame=19758 entity=1 latestHostTick=10524 buffer=8 windowMs=1003.0 fps=50.8 snapshots=30 arrivalSamples=30 arrivalAvgMs=32.8 arrivalP95Ms=46.9 arrivalMaxMs=59.7 sameArrival=0 tickGapMax=2 renderFrames=51 interpolation=51 extrapolation=0 extrapolationCapped=0 extrapolationMaxMs=0.0 oldestHeld=0 zeroSpan=0 movingFrozen=0 teleport=0 visualStepAvgCm=0.00 visualStepMaxCm=0.00
[rubber-banding][remote-render] time=261.854 frame=19758 entity=3 latestHostTick=10524 buffer=8 windowMs=1003.0 fps=50.8 snapshots=30 arrivalSamples=30 arrivalAvgMs=32.8 arrivalP95Ms=46.9 arrivalMaxMs=59.7 sameArrival=0 tickGapMax=2 renderFrames=51 interpolation=51 extrapolation=0 extrapolationCapped=0 extrapolationMaxMs=0.0 oldestHeld=0 zeroSpan=0 movingFrozen=0 teleport=0 visualStepAvgCm=0.00 visualStepMaxCm=0.00
[rubber-banding][remote-render] time=261.854 frame=19758 entity=4 latestHostTick=10524 buffer=8 windowMs=1003.0 fps=50.8 snapshots=30 arrivalSamples=30 arrivalAvgMs=32.8 arrivalP95Ms=46.9 arrivalMaxMs=59.7 sameArrival=0 tickGapMax=2 renderFrames=51 interpolation=51 extrapolation=0 extrapolationCapped=0 extrapolationMaxMs=0.0 oldestHeld=0 zeroSpan=0 movingFrozen=0 teleport=0 visualStepAvgCm=0.00 visualStepMaxCm=0.00
[rubber-banding][remote-render] time=262.862 frame=19810 entity=1 latestHostTick=10584 buffer=8 windowMs=1007.6 fps=51.6 snapshots=30 arrivalSamples=30 arrivalAvgMs=33.6 arrivalP95Ms=58.3 arrivalMaxMs=61.8 sameArrival=1 tickGapMax=2 renderFrames=52 interpolation=52 extrapolation=0 extrapolationCapped=0 extrapolationMaxMs=0.0 oldestHeld=0 zeroSpan=2 movingFrozen=0 teleport=0 visualStepAvgCm=0.00 visualStepMaxCm=0.00
[rubber-banding][remote-render] time=262.862 frame=19810 entity=3 latestHostTick=10584 buffer=8 windowMs=1007.6 fps=51.6 snapshots=30 arrivalSamples=30 arrivalAvgMs=33.6 arrivalP95Ms=58.3 arrivalMaxMs=61.8 sameArrival=1 tickGapMax=2 renderFrames=52 interpolation=52 extrapolation=0 extrapolationCapped=0 extrapolationMaxMs=0.0 oldestHeld=0 zeroSpan=2 movingFrozen=0 teleport=0 visualStepAvgCm=0.00 visualStepMaxCm=0.00
[rubber-banding][remote-render] time=262.862 frame=19810 entity=4 latestHostTick=10584 buffer=8 windowMs=1007.6 fps=51.6 snapshots=30 arrivalSamples=30 arrivalAvgMs=33.6 arrivalP95Ms=58.3 arrivalMaxMs=61.8 sameArrival=1 tickGapMax=2 renderFrames=52 interpolation=52 extrapolation=0 extrapolationCapped=0 extrapolationMaxMs=0.0 oldestHeld=0 zeroSpan=2 movingFrozen=0 teleport=0 visualStepAvgCm=0.00 visualStepMaxCm=0.00
[rubber-banding][remote-render] time=263.868 frame=19862 entity=1 latestHostTick=10646 buffer=8 windowMs=1006.0 fps=51.7 snapshots=31 arrivalSamples=31 arrivalAvgMs=33.0 arrivalP95Ms=44.6 arrivalMaxMs=75.2 sameArrival=1 tickGapMax=2 renderFrames=52 interpolation=52 extrapolation=0 extrapolationCapped=0 extrapolationMaxMs=0.0 oldestHeld=0 zeroSpan=1 movingFrozen=0 teleport=0 visualStepAvgCm=0.00 visualStepMaxCm=0.00
[rubber-banding][remote-render] time=263.868 frame=19862 entity=3 latestHostTick=10646 buffer=8 windowMs=1006.0 fps=51.7 snapshots=31 arrivalSamples=31 arrivalAvgMs=33.0 arrivalP95Ms=44.6 arrivalMaxMs=75.2 sameArrival=1 tickGapMax=2 renderFrames=52 interpolation=52 extrapolation=0 extrapolationCapped=0 extrapolationMaxMs=0.0 oldestHeld=0 zeroSpan=1 movingFrozen=0 teleport=0 visualStepAvgCm=0.00 visualStepMaxCm=0.00
[rubber-banding][remote-render] time=263.868 frame=19862 entity=4 latestHostTick=10646 buffer=8 windowMs=1006.0 fps=51.7 snapshots=31 arrivalSamples=31 arrivalAvgMs=33.0 arrivalP95Ms=44.6 arrivalMaxMs=75.2 sameArrival=1 tickGapMax=2 renderFrames=52 interpolation=52 extrapolation=0 extrapolationCapped=0 extrapolationMaxMs=0.0 oldestHeld=0 zeroSpan=1 movingFrozen=0 teleport=0 visualStepAvgCm=0.00 visualStepMaxCm=0.00
[rubber-banding][remote-render] time=264.878 frame=19915 entity=1 latestHostTick=10706 buffer=8 windowMs=1010.0 fps=52.5 snapshots=30 arrivalSamples=30 arrivalAvgMs=33.7 arrivalP95Ms=43.2 arrivalMaxMs=43.2 sameArrival=0 tickGapMax=2 renderFrames=53 interpolation=53 extrapolation=0 extrapolationCapped=0 extrapolationMaxMs=0.0 oldestHeld=0 zeroSpan=0 movingFrozen=0 teleport=0 visualStepAvgCm=0.00 visualStepMaxCm=0.00
[rubber-banding][remote-render] time=264.878 frame=19915 entity=3 latestHostTick=10706 buffer=8 windowMs=1010.0 fps=52.5 snapshots=30 arrivalSamples=30 arrivalAvgMs=33.7 arrivalP95Ms=43.2 arrivalMaxMs=43.2 sameArrival=0 tickGapMax=2 renderFrames=53 interpolation=53 extrapolation=0 extrapolationCapped=0 extrapolationMaxMs=0.0 oldestHeld=0 zeroSpan=0 movingFrozen=0 teleport=0 visualStepAvgCm=0.00 visualStepMaxCm=0.00
[rubber-banding][remote-render] time=264.878 frame=19915 entity=4 latestHostTick=10706 buffer=8 windowMs=1010.0 fps=52.5 snapshots=30 arrivalSamples=30 arrivalAvgMs=33.7 arrivalP95Ms=43.2 arrivalMaxMs=43.2 sameArrival=0 tickGapMax=2 renderFrames=53 interpolation=53 extrapolation=0 extrapolationCapped=0 extrapolationMaxMs=0.0 oldestHeld=0 zeroSpan=0 movingFrozen=0 teleport=0 visualStepAvgCm=0.00 visualStepMaxCm=0.00
[rubber-banding][remote-render] time=265.885 frame=19967 entity=1 latestHostTick=10766 buffer=8 windowMs=1007.0 fps=51.6 snapshots=30 arrivalSamples=30 arrivalAvgMs=33.0 arrivalP95Ms=58.3 arrivalMaxMs=58.4 sameArrival=0 tickGapMax=2 renderFrames=52 interpolation=52 extrapolation=0 extrapolationCapped=0 extrapolationMaxMs=0.0 oldestHeld=0 zeroSpan=0 movingFrozen=0 teleport=0 visualStepAvgCm=0.00 visualStepMaxCm=0.00
[rubber-banding][remote-render] time=265.885 frame=19967 entity=3 latestHostTick=10766 buffer=8 windowMs=1007.0 fps=51.6 snapshots=30 arrivalSamples=30 arrivalAvgMs=33.0 arrivalP95Ms=58.3 arrivalMaxMs=58.4 sameArrival=0 tickGapMax=2 renderFrames=52 interpolation=52 extrapolation=0 extrapolationCapped=0 extrapolationMaxMs=0.0 oldestHeld=0 zeroSpan=0 movingFrozen=0 teleport=0 visualStepAvgCm=0.00 visualStepMaxCm=0.00
[rubber-banding][remote-render] time=265.885 frame=19967 entity=4 latestHostTick=10766 buffer=8 windowMs=1007.0 fps=51.6 snapshots=30 arrivalSamples=30 arrivalAvgMs=33.0 arrivalP95Ms=58.3 arrivalMaxMs=58.4 sameArrival=0 tickGapMax=2 renderFrames=52 interpolation=52 extrapolation=0 extrapolationCapped=0 extrapolationMaxMs=0.0 oldestHeld=0 zeroSpan=0 movingFrozen=0 teleport=0 visualStepAvgCm=0.00 visualStepMaxCm=0.00
[rubber-banding][remote-render] time=266.893 frame=20020 entity=1 latestHostTick=10826 buffer=8 windowMs=1008.0 fps=52.6 snapshots=30 arrivalSamples=30 arrivalAvgMs=33.6 arrivalP95Ms=58.3 arrivalMaxMs=60.3 sameArrival=0 tickGapMax=2 renderFrames=53 interpolation=53 extrapolation=0 extrapolationCapped=0 extrapolationMaxMs=0.0 oldestHeld=0 zeroSpan=0 movingFrozen=0 teleport=0 visualStepAvgCm=0.00 visualStepMaxCm=0.00
[rubber-banding][remote-render] time=266.893 frame=20020 entity=3 latestHostTick=10826 buffer=8 windowMs=1008.0 fps=52.6 snapshots=30 arrivalSamples=30 arrivalAvgMs=33.6 arrivalP95Ms=58.3 arrivalMaxMs=60.3 sameArrival=0 tickGapMax=2 renderFrames=53 interpolation=53 extrapolation=0 extrapolationCapped=0 extrapolationMaxMs=0.0 oldestHeld=0 zeroSpan=0 movingFrozen=0 teleport=0 visualStepAvgCm=0.00 visualStepMaxCm=0.00
[rubber-banding][remote-render] time=266.893 frame=20020 entity=4 latestHostTick=10826 buffer=8 windowMs=1008.0 fps=52.6 snapshots=30 arrivalSamples=30 arrivalAvgMs=33.6 arrivalP95Ms=58.3 arrivalMaxMs=60.3 sameArrival=0 tickGapMax=2 renderFrames=53 interpolation=53 extrapolation=0 extrapolationCapped=0 extrapolationMaxMs=0.0 oldestHeld=0 zeroSpan=0 movingFrozen=0 teleport=0 visualStepAvgCm=0.00 visualStepMaxCm=0.00
[rubber-banding][remote-render] time=267.904 frame=20073 entity=1 latestHostTick=10888 buffer=8 windowMs=1011.2 fps=52.4 snapshots=31 arrivalSamples=31 arrivalAvgMs=33.2 arrivalP95Ms=58.3 arrivalMaxMs=58.3 sameArrival=1 tickGapMax=2 renderFrames=53 interpolation=53 extrapolation=0 extrapolationCapped=0 extrapolationMaxMs=0.0 oldestHeld=0 zeroSpan=2 movingFrozen=0 teleport=0 visualStepAvgCm=0.00 visualStepMaxCm=0.00
[rubber-banding][remote-render] time=267.904 frame=20073 entity=3 latestHostTick=10888 buffer=8 windowMs=1011.2 fps=52.4 snapshots=31 arrivalSamples=31 arrivalAvgMs=33.2 arrivalP95Ms=58.3 arrivalMaxMs=58.3 sameArrival=1 tickGapMax=2 renderFrames=53 interpolation=53 extrapolation=0 extrapolationCapped=0 extrapolationMaxMs=0.0 oldestHeld=0 zeroSpan=2 movingFrozen=0 teleport=0 visualStepAvgCm=0.00 visualStepMaxCm=0.00
[rubber-banding][remote-render] time=267.904 frame=20073 entity=4 latestHostTick=10888 buffer=8 windowMs=1011.2 fps=52.4 snapshots=31 arrivalSamples=31 arrivalAvgMs=33.2 arrivalP95Ms=58.3 arrivalMaxMs=58.3 sameArrival=1 tickGapMax=2 renderFrames=53 interpolation=53 extrapolation=0 extrapolationCapped=0 extrapolationMaxMs=0.0 oldestHeld=0 zeroSpan=2 movingFrozen=0 teleport=0 visualStepAvgCm=0.00 visualStepMaxCm=0.00
[rubber-banding][remote-render] time=268.905 frame=20125 entity=1 latestHostTick=10948 buffer=8 windowMs=1001.1 fps=51.9 snapshots=30 arrivalSamples=30 arrivalAvgMs=33.4 arrivalP95Ms=56.8 arrivalMaxMs=58.3 sameArrival=2 tickGapMax=2 renderFrames=52 interpolation=52 extrapolation=0 extrapolationCapped=0 extrapolationMaxMs=0.0 oldestHeld=0 zeroSpan=3 movingFrozen=0 teleport=0 visualStepAvgCm=0.00 visualStepMaxCm=0.00
[rubber-banding][remote-render] time=268.905 frame=20125 entity=3 latestHostTick=10948 buffer=8 windowMs=1001.1 fps=51.9 snapshots=30 arrivalSamples=30 arrivalAvgMs=33.4 arrivalP95Ms=56.8 arrivalMaxMs=58.3 sameArrival=2 tickGapMax=2 renderFrames=52 interpolation=52 extrapolation=0 extrapolationCapped=0 extrapolationMaxMs=0.0 oldestHeld=0 zeroSpan=3 movingFrozen=0 teleport=0 visualStepAvgCm=0.00 visualStepMaxCm=0.00
[rubber-banding][remote-render] time=268.905 frame=20125 entity=4 latestHostTick=10948 buffer=8 windowMs=1001.1 fps=51.9 snapshots=30 arrivalSamples=30 arrivalAvgMs=33.4 arrivalP95Ms=56.8 arrivalMaxMs=58.3 sameArrival=2 tickGapMax=2 renderFrames=52 interpolation=52 extrapolation=0 extrapolationCapped=0 extrapolationMaxMs=0.0 oldestHeld=0 zeroSpan=3 movingFrozen=0 teleport=0 visualStepAvgCm=0.00 visualStepMaxCm=0.00
[rubber-banding][remote-render] time=269.909 frame=20178 entity=1 latestHostTick=11008 buffer=8 windowMs=1004.5 fps=52.8 snapshots=30 arrivalSamples=30 arrivalAvgMs=33.5 arrivalP95Ms=51.1 arrivalMaxMs=58.5 sameArrival=0 tickGapMax=2 renderFrames=53 interpolation=53 extrapolation=0 extrapolationCapped=0 extrapolationMaxMs=0.0 oldestHeld=0 zeroSpan=0 movingFrozen=0 teleport=0 visualStepAvgCm=0.00 visualStepMaxCm=0.00
[rubber-banding][remote-render] time=269.909 frame=20178 entity=3 latestHostTick=11008 buffer=8 windowMs=1004.5 fps=52.8 snapshots=30 arrivalSamples=30 arrivalAvgMs=33.5 arrivalP95Ms=51.1 arrivalMaxMs=58.5 sameArrival=0 tickGapMax=2 renderFrames=53 interpolation=53 extrapolation=0 extrapolationCapped=0 extrapolationMaxMs=0.0 oldestHeld=0 zeroSpan=0 movingFrozen=0 teleport=0 visualStepAvgCm=0.00 visualStepMaxCm=0.00
[rubber-banding][remote-render] time=269.909 frame=20178 entity=4 latestHostTick=11008 buffer=8 windowMs=1004.5 fps=52.8 snapshots=30 arrivalSamples=30 arrivalAvgMs=33.5 arrivalP95Ms=51.1 arrivalMaxMs=58.5 sameArrival=0 tickGapMax=2 renderFrames=53 interpolation=53 extrapolation=0 extrapolationCapped=0 extrapolationMaxMs=0.0 oldestHeld=0 zeroSpan=0 movingFrozen=0 teleport=0 visualStepAvgCm=0.00 visualStepMaxCm=0.00
[rubber-banding][remote-render] time=270.926 frame=20232 entity=1 latestHostTick=11068 buffer=8 windowMs=1016.4 fps=53.1 snapshots=30 arrivalSamples=30 arrivalAvgMs=33.3 arrivalP95Ms=57.5 arrivalMaxMs=58.4 sameArrival=1 tickGapMax=2 renderFrames=54 interpolation=54 extrapolation=0 extrapolationCapped=0 extrapolationMaxMs=0.0 oldestHeld=0 zeroSpan=1 movingFrozen=0 teleport=0 visualStepAvgCm=0.00 visualStepMaxCm=0.00
[rubber-banding][remote-render] time=270.926 frame=20232 entity=3 latestHostTick=11068 buffer=8 windowMs=1016.4 fps=53.1 snapshots=30 arrivalSamples=30 arrivalAvgMs=33.3 arrivalP95Ms=57.5 arrivalMaxMs=58.4 sameArrival=1 tickGapMax=2 renderFrames=54 interpolation=54 extrapolation=0 extrapolationCapped=0 extrapolationMaxMs=0.0 oldestHeld=0 zeroSpan=1 movingFrozen=0 teleport=0 visualStepAvgCm=0.00 visualStepMaxCm=0.00
[rubber-banding][remote-render] time=270.926 frame=20232 entity=4 latestHostTick=11068 buffer=8 windowMs=1016.4 fps=53.1 snapshots=30 arrivalSamples=30 arrivalAvgMs=33.3 arrivalP95Ms=57.5 arrivalMaxMs=58.4 sameArrival=1 tickGapMax=2 renderFrames=54 interpolation=54 extrapolation=0 extrapolationCapped=0 extrapolationMaxMs=0.0 oldestHeld=0 zeroSpan=1 movingFrozen=0 teleport=0 visualStepAvgCm=0.00 visualStepMaxCm=0.00
[rubber-banding][remote-render] time=271.942 frame=20285 entity=1 latestHostTick=11130 buffer=8 windowMs=1016.6 fps=52.1 snapshots=31 arrivalSamples=31 arrivalAvgMs=33.3 arrivalP95Ms=58.2 arrivalMaxMs=58.3 sameArrival=1 tickGapMax=2 renderFrames=53 interpolation=53 extrapolation=0 extrapolationCapped=0 extrapolationMaxMs=0.0 oldestHeld=0 zeroSpan=2 movingFrozen=0 teleport=0 visualStepAvgCm=0.00 visualStepMaxCm=0.00
[rubber-banding][remote-render] time=271.942 frame=20285 entity=3 latestHostTick=11130 buffer=8 windowMs=1016.6 fps=52.1 snapshots=31 arrivalSamples=31 arrivalAvgMs=33.3 arrivalP95Ms=58.2 arrivalMaxMs=58.3 sameArrival=1 tickGapMax=2 renderFrames=53 interpolation=53 extrapolation=0 extrapolationCapped=0 extrapolationMaxMs=0.0 oldestHeld=0 zeroSpan=2 movingFrozen=0 teleport=0 visualStepAvgCm=0.00 visualStepMaxCm=0.00
[rubber-banding][remote-render] time=271.942 frame=20285 entity=4 latestHostTick=11130 buffer=8 windowMs=1016.6 fps=52.1 snapshots=31 arrivalSamples=31 arrivalAvgMs=33.3 arrivalP95Ms=58.2 arrivalMaxMs=58.3 sameArrival=1 tickGapMax=2 renderFrames=53 interpolation=53 extrapolation=0 extrapolationCapped=0 extrapolationMaxMs=0.0 oldestHeld=0 zeroSpan=2 movingFrozen=0 teleport=0 visualStepAvgCm=0.00 visualStepMaxCm=0.00
[rubber-banding][remote-render] time=272.951 frame=20336 entity=1 latestHostTick=11190 buffer=8 windowMs=1008.3 fps=50.6 snapshots=30 arrivalSamples=30 arrivalAvgMs=33.1 arrivalP95Ms=58.8 arrivalMaxMs=59.3 sameArrival=2 tickGapMax=2 renderFrames=51 interpolation=51 extrapolation=0 extrapolationCapped=0 extrapolationMaxMs=0.0 oldestHeld=0 zeroSpan=4 movingFrozen=0 teleport=0 visualStepAvgCm=0.00 visualStepMaxCm=0.00
[rubber-banding][remote-render] time=272.951 frame=20336 entity=3 latestHostTick=11190 buffer=8 windowMs=1008.3 fps=50.6 snapshots=30 arrivalSamples=30 arrivalAvgMs=33.1 arrivalP95Ms=58.8 arrivalMaxMs=59.3 sameArrival=2 tickGapMax=2 renderFrames=51 interpolation=51 extrapolation=0 extrapolationCapped=0 extrapolationMaxMs=0.0 oldestHeld=0 zeroSpan=4 movingFrozen=0 teleport=0 visualStepAvgCm=0.00 visualStepMaxCm=0.00
[rubber-banding][remote-render] time=272.951 frame=20336 entity=4 latestHostTick=11190 buffer=8 windowMs=1008.3 fps=50.6 snapshots=30 arrivalSamples=30 arrivalAvgMs=33.1 arrivalP95Ms=58.8 arrivalMaxMs=59.3 sameArrival=2 tickGapMax=2 renderFrames=51 interpolation=51 extrapolation=0 extrapolationCapped=0 extrapolationMaxMs=0.0 oldestHeld=0 zeroSpan=4 movingFrozen=0 teleport=0 visualStepAvgCm=0.00 visualStepMaxCm=0.00
[rubber-banding][remote-render] time=273.959 frame=20389 entity=1 latestHostTick=11252 buffer=8 windowMs=1008.5 fps=52.6 snapshots=31 arrivalSamples=31 arrivalAvgMs=33.1 arrivalP95Ms=49.1 arrivalMaxMs=65.5 sameArrival=3 tickGapMax=2 renderFrames=53 interpolation=53 extrapolation=0 extrapolationCapped=0 extrapolationMaxMs=0.0 oldestHeld=0 zeroSpan=6 movingFrozen=0 teleport=0 visualStepAvgCm=0.00 visualStepMaxCm=0.00
[rubber-banding][remote-render] time=273.959 frame=20389 entity=3 latestHostTick=11252 buffer=8 windowMs=1008.5 fps=52.6 snapshots=31 arrivalSamples=31 arrivalAvgMs=33.1 arrivalP95Ms=49.1 arrivalMaxMs=65.5 sameArrival=3 tickGapMax=2 renderFrames=53 interpolation=53 extrapolation=0 extrapolationCapped=0 extrapolationMaxMs=0.0 oldestHeld=0 zeroSpan=6 movingFrozen=0 teleport=0 visualStepAvgCm=0.00 visualStepMaxCm=0.00
[rubber-banding][remote-render] time=273.959 frame=20389 entity=4 latestHostTick=11252 buffer=8 windowMs=1008.5 fps=52.6 snapshots=31 arrivalSamples=31 arrivalAvgMs=33.1 arrivalP95Ms=49.1 arrivalMaxMs=65.5 sameArrival=3 tickGapMax=2 renderFrames=53 interpolation=53 extrapolation=0 extrapolationCapped=0 extrapolationMaxMs=0.0 oldestHeld=0 zeroSpan=6 movingFrozen=0 teleport=0 visualStepAvgCm=0.00 visualStepMaxCm=0.00
[rubber-banding][remote-render] time=274.967 frame=20441 entity=1 latestHostTick=11312 buffer=8 windowMs=1008.2 fps=51.6 snapshots=30 arrivalSamples=30 arrivalAvgMs=33.6 arrivalP95Ms=49.6 arrivalMaxMs=50.1 sameArrival=0 tickGapMax=2 renderFrames=52 interpolation=52 extrapolation=0 extrapolationCapped=0 extrapolationMaxMs=0.0 oldestHeld=0 zeroSpan=0 movingFrozen=0 teleport=0 visualStepAvgCm=0.00 visualStepMaxCm=0.00
[rubber-banding][remote-render] time=274.967 frame=20441 entity=3 latestHostTick=11312 buffer=8 windowMs=1008.2 fps=51.6 snapshots=30 arrivalSamples=30 arrivalAvgMs=33.6 arrivalP95Ms=49.6 arrivalMaxMs=50.1 sameArrival=0 tickGapMax=2 renderFrames=52 interpolation=52 extrapolation=0 extrapolationCapped=0 extrapolationMaxMs=0.0 oldestHeld=0 zeroSpan=0 movingFrozen=0 teleport=0 visualStepAvgCm=0.00 visualStepMaxCm=0.00
[rubber-banding][remote-render] time=274.967 frame=20441 entity=4 latestHostTick=11312 buffer=8 windowMs=1008.2 fps=51.6 snapshots=30 arrivalSamples=30 arrivalAvgMs=33.6 arrivalP95Ms=49.6 arrivalMaxMs=50.1 sameArrival=0 tickGapMax=2 renderFrames=52 interpolation=52 extrapolation=0 extrapolationCapped=0 extrapolationMaxMs=0.0 oldestHeld=0 zeroSpan=0 movingFrozen=0 teleport=0 visualStepAvgCm=0.00 visualStepMaxCm=0.00
[rubber-banding][remote-render] time=275.976 frame=20493 entity=1 latestHostTick=11372 buffer=8 windowMs=1008.3 fps=51.6 snapshots=30 arrivalSamples=30 arrivalAvgMs=33.6 arrivalP95Ms=50.0 arrivalMaxMs=55.1 sameArrival=2 tickGapMax=2 renderFrames=52 interpolation=52 extrapolation=0 extrapolationCapped=0 extrapolationMaxMs=0.0 oldestHeld=0 zeroSpan=4 movingFrozen=0 teleport=0 visualStepAvgCm=0.00 visualStepMaxCm=0.00
[rubber-banding][remote-render] time=275.976 frame=20493 entity=3 latestHostTick=11372 buffer=8 windowMs=1008.3 fps=51.6 snapshots=30 arrivalSamples=30 arrivalAvgMs=33.6 arrivalP95Ms=50.0 arrivalMaxMs=55.1 sameArrival=2 tickGapMax=2 renderFrames=52 interpolation=52 extrapolation=0 extrapolationCapped=0 extrapolationMaxMs=0.0 oldestHeld=0 zeroSpan=4 movingFrozen=0 teleport=0 visualStepAvgCm=0.00 visualStepMaxCm=0.00
[rubber-banding][remote-render] time=275.976 frame=20493 entity=4 latestHostTick=11372 buffer=8 windowMs=1008.3 fps=51.6 snapshots=30 arrivalSamples=30 arrivalAvgMs=33.6 arrivalP95Ms=50.0 arrivalMaxMs=55.1 sameArrival=2 tickGapMax=2 renderFrames=52 interpolation=52 extrapolation=0 extrapolationCapped=0 extrapolationMaxMs=0.0 oldestHeld=0 zeroSpan=4 movingFrozen=0 teleport=0 visualStepAvgCm=0.00 visualStepMaxCm=0.00
[rubber-banding][remote-render] time=276.976 frame=20545 entity=1 latestHostTick=11432 buffer=8 windowMs=1000.1 fps=52.0 snapshots=30 arrivalSamples=30 arrivalAvgMs=33.3 arrivalP95Ms=49.8 arrivalMaxMs=49.9 sameArrival=0 tickGapMax=2 renderFrames=52 interpolation=52 extrapolation=0 extrapolationCapped=0 extrapolationMaxMs=0.0 oldestHeld=0 zeroSpan=0 movingFrozen=0 teleport=0 visualStepAvgCm=0.00 visualStepMaxCm=0.00
[rubber-banding][remote-render] time=276.976 frame=20545 entity=3 latestHostTick=11432 buffer=8 windowMs=1000.1 fps=52.0 snapshots=30 arrivalSamples=30 arrivalAvgMs=33.3 arrivalP95Ms=49.8 arrivalMaxMs=49.9 sameArrival=0 tickGapMax=2 renderFrames=52 interpolation=52 extrapolation=0 extrapolationCapped=0 extrapolationMaxMs=0.0 oldestHeld=0 zeroSpan=0 movingFrozen=0 teleport=0 visualStepAvgCm=0.00 visualStepMaxCm=0.00
[rubber-banding][remote-render] time=276.976 frame=20545 entity=4 latestHostTick=11432 buffer=8 windowMs=1000.1 fps=52.0 snapshots=30 arrivalSamples=30 arrivalAvgMs=33.3 arrivalP95Ms=49.8 arrivalMaxMs=49.9 sameArrival=0 tickGapMax=2 renderFrames=52 interpolation=52 extrapolation=0 extrapolationCapped=0 extrapolationMaxMs=0.0 oldestHeld=0 zeroSpan=0 movingFrozen=0 teleport=0 visualStepAvgCm=0.00 visualStepMaxCm=0.00
[rubber-banding][remote-render] time=277.976 frame=20597 entity=1 latestHostTick=11492 buffer=8 windowMs=1000.0 fps=52.0 snapshots=30 arrivalSamples=30 arrivalAvgMs=33.3 arrivalP95Ms=59.0 arrivalMaxMs=60.6 sameArrival=1 tickGapMax=2 renderFrames=52 interpolation=52 extrapolation=0 extrapolationCapped=0 extrapolationMaxMs=0.0 oldestHeld=0 zeroSpan=2 movingFrozen=0 teleport=0 visualStepAvgCm=0.00 visualStepMaxCm=0.00
[rubber-banding][remote-render] time=277.976 frame=20597 entity=3 latestHostTick=11492 buffer=8 windowMs=1000.0 fps=52.0 snapshots=30 arrivalSamples=30 arrivalAvgMs=33.3 arrivalP95Ms=59.0 arrivalMaxMs=60.6 sameArrival=1 tickGapMax=2 renderFrames=52 interpolation=52 extrapolation=0 extrapolationCapped=0 extrapolationMaxMs=0.0 oldestHeld=0 zeroSpan=2 movingFrozen=0 teleport=0 visualStepAvgCm=0.00 visualStepMaxCm=0.00
[rubber-banding][remote-render] time=277.976 frame=20597 entity=4 latestHostTick=11492 buffer=8 windowMs=1000.0 fps=52.0 snapshots=30 arrivalSamples=30 arrivalAvgMs=33.3 arrivalP95Ms=59.0 arrivalMaxMs=60.6 sameArrival=1 tickGapMax=2 renderFrames=52 interpolation=52 extrapolation=0 extrapolationCapped=0 extrapolationMaxMs=0.0 oldestHeld=0 zeroSpan=2 movingFrozen=0 teleport=0 visualStepAvgCm=0.00 visualStepMaxCm=0.00
[rubber-banding][remote-render] time=278.978 frame=20649 entity=1 latestHostTick=11552 buffer=8 windowMs=1001.8 fps=51.9 snapshots=30 arrivalSamples=30 arrivalAvgMs=33.4 arrivalP95Ms=59.5 arrivalMaxMs=60.2 sameArrival=1 tickGapMax=2 renderFrames=52 interpolation=52 extrapolation=0 extrapolationCapped=0 extrapolationMaxMs=0.0 oldestHeld=0 zeroSpan=2 movingFrozen=0 teleport=0 visualStepAvgCm=0.00 visualStepMaxCm=0.00
[rubber-banding][remote-render] time=278.978 frame=20649 entity=3 latestHostTick=11552 buffer=8 windowMs=1001.8 fps=51.9 snapshots=30 arrivalSamples=30 arrivalAvgMs=33.4 arrivalP95Ms=59.5 arrivalMaxMs=60.2 sameArrival=1 tickGapMax=2 renderFrames=52 interpolation=52 extrapolation=0 extrapolationCapped=0 extrapolationMaxMs=0.0 oldestHeld=0 zeroSpan=2 movingFrozen=0 teleport=0 visualStepAvgCm=0.00 visualStepMaxCm=0.00
[rubber-banding][remote-render] time=278.978 frame=20649 entity=4 latestHostTick=11552 buffer=8 windowMs=1001.8 fps=51.9 snapshots=30 arrivalSamples=30 arrivalAvgMs=33.4 arrivalP95Ms=59.5 arrivalMaxMs=60.2 sameArrival=1 tickGapMax=2 renderFrames=52 interpolation=52 extrapolation=0 extrapolationCapped=0 extrapolationMaxMs=0.0 oldestHeld=0 zeroSpan=2 movingFrozen=0 teleport=0 visualStepAvgCm=0.00 visualStepMaxCm=0.00
[rubber-banding][remote-render] time=279.984 frame=20704 entity=1 latestHostTick=11612 buffer=8 windowMs=1006.5 fps=54.6 snapshots=30 arrivalSamples=30 arrivalAvgMs=33.1 arrivalP95Ms=50.0 arrivalMaxMs=58.3 sameArrival=1 tickGapMax=2 renderFrames=55 interpolation=55 extrapolation=0 extrapolationCapped=0 extrapolationMaxMs=0.0 oldestHeld=0 zeroSpan=2 movingFrozen=0 teleport=0 visualStepAvgCm=0.00 visualStepMaxCm=0.00
[rubber-banding][remote-render] time=279.984 frame=20704 entity=3 latestHostTick=11612 buffer=8 windowMs=1006.5 fps=54.6 snapshots=30 arrivalSamples=30 arrivalAvgMs=33.1 arrivalP95Ms=50.0 arrivalMaxMs=58.3 sameArrival=1 tickGapMax=2 renderFrames=55 interpolation=55 extrapolation=0 extrapolationCapped=0 extrapolationMaxMs=0.0 oldestHeld=0 zeroSpan=2 movingFrozen=0 teleport=0 visualStepAvgCm=0.00 visualStepMaxCm=0.00
[rubber-banding][remote-render] time=279.984 frame=20704 entity=4 latestHostTick=11612 buffer=8 windowMs=1006.5 fps=54.6 snapshots=30 arrivalSamples=30 arrivalAvgMs=33.1 arrivalP95Ms=50.0 arrivalMaxMs=58.3 sameArrival=1 tickGapMax=2 renderFrames=55 interpolation=55 extrapolation=0 extrapolationCapped=0 extrapolationMaxMs=0.0 oldestHeld=0 zeroSpan=2 movingFrozen=0 teleport=0 visualStepAvgCm=0.00 visualStepMaxCm=0.00
[rubber-banding][remote-render] time=280.992 frame=20756 entity=1 latestHostTick=11674 buffer=8 windowMs=1008.4 fps=51.6 snapshots=31 arrivalSamples=31 arrivalAvgMs=33.0 arrivalP95Ms=58.0 arrivalMaxMs=65.2 sameArrival=2 tickGapMax=2 renderFrames=52 interpolation=52 extrapolation=0 extrapolationCapped=0 extrapolationMaxMs=0.0 oldestHeld=0 zeroSpan=3 movingFrozen=0 teleport=0 visualStepAvgCm=0.00 visualStepMaxCm=0.00
[rubber-banding][remote-render] time=280.992 frame=20756 entity=3 latestHostTick=11674 buffer=8 windowMs=1008.4 fps=51.6 snapshots=31 arrivalSamples=31 arrivalAvgMs=33.0 arrivalP95Ms=58.0 arrivalMaxMs=65.2 sameArrival=2 tickGapMax=2 renderFrames=52 interpolation=52 extrapolation=0 extrapolationCapped=0 extrapolationMaxMs=0.0 oldestHeld=0 zeroSpan=3 movingFrozen=0 teleport=0 visualStepAvgCm=0.00 visualStepMaxCm=0.00
[rubber-banding][remote-render] time=280.992 frame=20756 entity=4 latestHostTick=11674 buffer=8 windowMs=1008.4 fps=51.6 snapshots=31 arrivalSamples=31 arrivalAvgMs=33.0 arrivalP95Ms=58.0 arrivalMaxMs=65.2 sameArrival=2 tickGapMax=2 renderFrames=52 interpolation=52 extrapolation=0 extrapolationCapped=0 extrapolationMaxMs=0.0 oldestHeld=0 zeroSpan=3 movingFrozen=0 teleport=0 visualStepAvgCm=0.00 visualStepMaxCm=0.00
[rubber-banding][remote-render] time=282.009 frame=20809 entity=1 latestHostTick=11734 buffer=8 windowMs=1016.6 fps=52.1 snapshots=30 arrivalSamples=30 arrivalAvgMs=33.9 arrivalP95Ms=58.3 arrivalMaxMs=58.5 sameArrival=1 tickGapMax=2 renderFrames=53 interpolation=53 extrapolation=0 extrapolationCapped=0 extrapolationMaxMs=0.0 oldestHeld=0 zeroSpan=2 movingFrozen=0 teleport=0 visualStepAvgCm=0.00 visualStepMaxCm=0.00
[rubber-banding][remote-render] time=282.009 frame=20809 entity=3 latestHostTick=11734 buffer=8 windowMs=1016.6 fps=52.1 snapshots=30 arrivalSamples=30 arrivalAvgMs=33.9 arrivalP95Ms=58.3 arrivalMaxMs=58.5 sameArrival=1 tickGapMax=2 renderFrames=53 interpolation=53 extrapolation=0 extrapolationCapped=0 extrapolationMaxMs=0.0 oldestHeld=0 zeroSpan=2 movingFrozen=0 teleport=0 visualStepAvgCm=0.00 visualStepMaxCm=0.00
[rubber-banding][remote-render] time=282.009 frame=20809 entity=4 latestHostTick=11734 buffer=8 windowMs=1016.6 fps=52.1 snapshots=30 arrivalSamples=30 arrivalAvgMs=33.9 arrivalP95Ms=58.3 arrivalMaxMs=58.5 sameArrival=1 tickGapMax=2 renderFrames=53 interpolation=53 extrapolation=0 extrapolationCapped=0 extrapolationMaxMs=0.0 oldestHeld=0 zeroSpan=2 movingFrozen=0 teleport=0 visualStepAvgCm=0.00 visualStepMaxCm=0.00
[rubber-banding][remote-render] time=283.017 frame=20861 entity=1 latestHostTick=11794 buffer=8 windowMs=1008.4 fps=51.6 snapshots=30 arrivalSamples=30 arrivalAvgMs=33.1 arrivalP95Ms=43.3 arrivalMaxMs=57.0 sameArrival=2 tickGapMax=2 renderFrames=52 interpolation=52 extrapolation=0 extrapolationCapped=0 extrapolationMaxMs=0.0 oldestHeld=0 zeroSpan=4 movingFrozen=0 teleport=0 visualStepAvgCm=0.00 visualStepMaxCm=0.00
[rubber-banding][remote-render] time=283.017 frame=20861 entity=3 latestHostTick=11794 buffer=8 windowMs=1008.4 fps=51.6 snapshots=30 arrivalSamples=30 arrivalAvgMs=33.1 arrivalP95Ms=43.3 arrivalMaxMs=57.0 sameArrival=2 tickGapMax=2 renderFrames=52 interpolation=52 extrapolation=0 extrapolationCapped=0 extrapolationMaxMs=0.0 oldestHeld=0 zeroSpan=4 movingFrozen=0 teleport=0 visualStepAvgCm=0.00 visualStepMaxCm=0.00
[rubber-banding][remote-render] time=283.017 frame=20861 entity=4 latestHostTick=11794 buffer=8 windowMs=1008.4 fps=51.6 snapshots=30 arrivalSamples=30 arrivalAvgMs=33.1 arrivalP95Ms=43.3 arrivalMaxMs=57.0 sameArrival=2 tickGapMax=2 renderFrames=52 interpolation=52 extrapolation=0 extrapolationCapped=0 extrapolationMaxMs=0.0 oldestHeld=0 zeroSpan=4 movingFrozen=0 teleport=0 visualStepAvgCm=0.00 visualStepMaxCm=0.00
[rubber-banding][remote-render] time=284.018 frame=20913 entity=1 latestHostTick=11854 buffer=8 windowMs=1000.5 fps=52.0 snapshots=30 arrivalSamples=30 arrivalAvgMs=33.3 arrivalP95Ms=58.0 arrivalMaxMs=58.5 sameArrival=0 tickGapMax=2 renderFrames=52 interpolation=52 extrapolation=0 extrapolationCapped=0 extrapolationMaxMs=0.0 oldestHeld=0 zeroSpan=0 movingFrozen=0 teleport=0 visualStepAvgCm=0.00 visualStepMaxCm=0.00
[rubber-banding][remote-render] time=284.018 frame=20913 entity=3 latestHostTick=11854 buffer=8 windowMs=1000.5 fps=52.0 snapshots=30 arrivalSamples=30 arrivalAvgMs=33.3 arrivalP95Ms=58.0 arrivalMaxMs=58.5 sameArrival=0 tickGapMax=2 renderFrames=52 interpolation=52 extrapolation=0 extrapolationCapped=0 extrapolationMaxMs=0.0 oldestHeld=0 zeroSpan=0 movingFrozen=0 teleport=0 visualStepAvgCm=0.00 visualStepMaxCm=0.00
[rubber-banding][remote-render] time=284.018 frame=20913 entity=4 latestHostTick=11854 buffer=8 windowMs=1000.5 fps=52.0 snapshots=30 arrivalSamples=30 arrivalAvgMs=33.3 arrivalP95Ms=58.0 arrivalMaxMs=58.5 sameArrival=0 tickGapMax=2 renderFrames=52 interpolation=52 extrapolation=0 extrapolationCapped=0 extrapolationMaxMs=0.0 oldestHeld=0 zeroSpan=0 movingFrozen=0 teleport=0 visualStepAvgCm=0.00 visualStepMaxCm=0.00
[rubber-banding][remote-render] time=285.043 frame=20966 entity=1 latestHostTick=11916 buffer=8 windowMs=1025.1 fps=51.7 snapshots=31 arrivalSamples=31 arrivalAvgMs=33.6 arrivalP95Ms=51.3 arrivalMaxMs=54.3 sameArrival=1 tickGapMax=2 renderFrames=53 interpolation=53 extrapolation=0 extrapolationCapped=0 extrapolationMaxMs=0.0 oldestHeld=0 zeroSpan=1 movingFrozen=0 teleport=0 visualStepAvgCm=0.00 visualStepMaxCm=0.00
[rubber-banding][remote-render] time=285.043 frame=20966 entity=3 latestHostTick=11916 buffer=8 windowMs=1025.1 fps=51.7 snapshots=31 arrivalSamples=31 arrivalAvgMs=33.6 arrivalP95Ms=51.3 arrivalMaxMs=54.3 sameArrival=1 tickGapMax=2 renderFrames=53 interpolation=53 extrapolation=0 extrapolationCapped=0 extrapolationMaxMs=0.0 oldestHeld=0 zeroSpan=1 movingFrozen=0 teleport=0 visualStepAvgCm=0.00 visualStepMaxCm=0.00
[rubber-banding][remote-render] time=285.043 frame=20966 entity=4 latestHostTick=11916 buffer=8 windowMs=1025.1 fps=51.7 snapshots=31 arrivalSamples=31 arrivalAvgMs=33.6 arrivalP95Ms=51.3 arrivalMaxMs=54.3 sameArrival=1 tickGapMax=2 renderFrames=53 interpolation=53 extrapolation=0 extrapolationCapped=0 extrapolationMaxMs=0.0 oldestHeld=0 zeroSpan=1 movingFrozen=0 teleport=0 visualStepAvgCm=0.00 visualStepMaxCm=0.00
[rubber-banding][remote-render] time=286.070 frame=21017 entity=1 latestHostTick=11978 buffer=8 windowMs=1026.5 fps=49.7 snapshots=31 arrivalSamples=31 arrivalAvgMs=33.1 arrivalP95Ms=58.9 arrivalMaxMs=66.7 sameArrival=1 tickGapMax=2 renderFrames=51 interpolation=51 extrapolation=0 extrapolationCapped=0 extrapolationMaxMs=0.0 oldestHeld=0 zeroSpan=2 movingFrozen=0 teleport=0 visualStepAvgCm=0.00 visualStepMaxCm=0.00
[rubber-banding][remote-render] time=286.070 frame=21017 entity=3 latestHostTick=11978 buffer=8 windowMs=1026.5 fps=49.7 snapshots=31 arrivalSamples=31 arrivalAvgMs=33.1 arrivalP95Ms=58.9 arrivalMaxMs=66.7 sameArrival=1 tickGapMax=2 renderFrames=51 interpolation=51 extrapolation=0 extrapolationCapped=0 extrapolationMaxMs=0.0 oldestHeld=0 zeroSpan=2 movingFrozen=0 teleport=0 visualStepAvgCm=0.00 visualStepMaxCm=0.00
[rubber-banding][remote-render] time=286.070 frame=21017 entity=4 latestHostTick=11978 buffer=8 windowMs=1026.5 fps=49.7 snapshots=31 arrivalSamples=31 arrivalAvgMs=33.1 arrivalP95Ms=58.9 arrivalMaxMs=66.7 sameArrival=1 tickGapMax=2 renderFrames=51 interpolation=51 extrapolation=0 extrapolationCapped=0 extrapolationMaxMs=0.0 oldestHeld=0 zeroSpan=2 movingFrozen=0 teleport=0 visualStepAvgCm=0.00 visualStepMaxCm=0.00
[rubber-banding][remote-render] time=287.076 frame=21068 entity=1 latestHostTick=12038 buffer=8 windowMs=1006.0 fps=50.7 snapshots=30 arrivalSamples=30 arrivalAvgMs=33.5 arrivalP95Ms=55.9 arrivalMaxMs=58.7 sameArrival=1 tickGapMax=2 renderFrames=51 interpolation=51 extrapolation=0 extrapolationCapped=0 extrapolationMaxMs=0.0 oldestHeld=0 zeroSpan=2 movingFrozen=0 teleport=0 visualStepAvgCm=0.00 visualStepMaxCm=0.00
[rubber-banding][remote-render] time=287.076 frame=21068 entity=3 latestHostTick=12038 buffer=8 windowMs=1006.0 fps=50.7 snapshots=30 arrivalSamples=30 arrivalAvgMs=33.5 arrivalP95Ms=55.9 arrivalMaxMs=58.7 sameArrival=1 tickGapMax=2 renderFrames=51 interpolation=51 extrapolation=0 extrapolationCapped=0 extrapolationMaxMs=0.0 oldestHeld=0 zeroSpan=2 movingFrozen=0 teleport=0 visualStepAvgCm=0.00 visualStepMaxCm=0.00
[rubber-banding][remote-render] time=287.076 frame=21068 entity=4 latestHostTick=12038 buffer=8 windowMs=1006.0 fps=50.7 snapshots=30 arrivalSamples=30 arrivalAvgMs=33.5 arrivalP95Ms=55.9 arrivalMaxMs=58.7 sameArrival=1 tickGapMax=2 renderFrames=51 interpolation=51 extrapolation=0 extrapolationCapped=0 extrapolationMaxMs=0.0 oldestHeld=0 zeroSpan=2 movingFrozen=0 teleport=0 visualStepAvgCm=0.00 visualStepMaxCm=0.00
[rubber-banding][remote-render] time=288.084 frame=21121 entity=1 latestHostTick=12098 buffer=8 windowMs=1008.5 fps=52.6 snapshots=30 arrivalSamples=30 arrivalAvgMs=33.1 arrivalP95Ms=58.3 arrivalMaxMs=58.9 sameArrival=0 tickGapMax=2 renderFrames=53 interpolation=53 extrapolation=0 extrapolationCapped=0 extrapolationMaxMs=0.0 oldestHeld=0 zeroSpan=0 movingFrozen=0 teleport=0 visualStepAvgCm=0.00 visualStepMaxCm=0.00
[rubber-banding][remote-render] time=288.084 frame=21121 entity=3 latestHostTick=12098 buffer=8 windowMs=1008.5 fps=52.6 snapshots=30 arrivalSamples=30 arrivalAvgMs=33.1 arrivalP95Ms=58.3 arrivalMaxMs=58.9 sameArrival=0 tickGapMax=2 renderFrames=53 interpolation=53 extrapolation=0 extrapolationCapped=0 extrapolationMaxMs=0.0 oldestHeld=0 zeroSpan=0 movingFrozen=0 teleport=0 visualStepAvgCm=0.00 visualStepMaxCm=0.00
[rubber-banding][remote-render] time=288.084 frame=21121 entity=4 latestHostTick=12098 buffer=8 windowMs=1008.5 fps=52.6 snapshots=30 arrivalSamples=30 arrivalAvgMs=33.1 arrivalP95Ms=58.3 arrivalMaxMs=58.9 sameArrival=0 tickGapMax=2 renderFrames=53 interpolation=53 extrapolation=0 extrapolationCapped=0 extrapolationMaxMs=0.0 oldestHeld=0 zeroSpan=0 movingFrozen=0 teleport=0 visualStepAvgCm=0.00 visualStepMaxCm=0.00
[rubber-banding][remote-render] time=289.086 frame=21173 entity=1 latestHostTick=12158 buffer=8 windowMs=1001.9 fps=51.9 snapshots=30 arrivalSamples=30 arrivalAvgMs=33.9 arrivalP95Ms=50.6 arrivalMaxMs=61.2 sameArrival=0 tickGapMax=2 renderFrames=52 interpolation=52 extrapolation=0 extrapolationCapped=0 extrapolationMaxMs=0.0 oldestHeld=0 zeroSpan=0 movingFrozen=0 teleport=0 visualStepAvgCm=0.00 visualStepMaxCm=0.00
[rubber-banding][remote-render] time=289.086 frame=21173 entity=3 latestHostTick=12158 buffer=8 windowMs=1001.9 fps=51.9 snapshots=30 arrivalSamples=30 arrivalAvgMs=33.9 arrivalP95Ms=50.6 arrivalMaxMs=61.2 sameArrival=0 tickGapMax=2 renderFrames=52 interpolation=52 extrapolation=0 extrapolationCapped=0 extrapolationMaxMs=0.0 oldestHeld=0 zeroSpan=0 movingFrozen=0 teleport=0 visualStepAvgCm=0.00 visualStepMaxCm=0.00
[rubber-banding][remote-render] time=289.086 frame=21173 entity=4 latestHostTick=12158 buffer=8 windowMs=1001.9 fps=51.9 snapshots=30 arrivalSamples=30 arrivalAvgMs=33.9 arrivalP95Ms=50.6 arrivalMaxMs=61.2 sameArrival=0 tickGapMax=2 renderFrames=52 interpolation=52 extrapolation=0 extrapolationCapped=0 extrapolationMaxMs=0.0 oldestHeld=0 zeroSpan=0 movingFrozen=0 teleport=0 visualStepAvgCm=0.00 visualStepMaxCm=0.00
[rubber-banding][remote-render] time=290.092 frame=21224 entity=1 latestHostTick=12218 buffer=8 windowMs=1006.1 fps=50.7 snapshots=30 arrivalSamples=30 arrivalAvgMs=33.5 arrivalP95Ms=43.7 arrivalMaxMs=60.2 sameArrival=1 tickGapMax=2 renderFrames=51 interpolation=51 extrapolation=0 extrapolationCapped=0 extrapolationMaxMs=0.0 oldestHeld=0 zeroSpan=2 movingFrozen=0 teleport=0 visualStepAvgCm=0.00 visualStepMaxCm=0.00
[rubber-banding][remote-render] time=290.092 frame=21224 entity=3 latestHostTick=12218 buffer=8 windowMs=1006.1 fps=50.7 snapshots=30 arrivalSamples=30 arrivalAvgMs=33.5 arrivalP95Ms=43.7 arrivalMaxMs=60.2 sameArrival=1 tickGapMax=2 renderFrames=51 interpolation=51 extrapolation=0 extrapolationCapped=0 extrapolationMaxMs=0.0 oldestHeld=0 zeroSpan=2 movingFrozen=0 teleport=0 visualStepAvgCm=0.00 visualStepMaxCm=0.00
[rubber-banding][remote-render] time=290.092 frame=21224 entity=4 latestHostTick=12218 buffer=8 windowMs=1006.1 fps=50.7 snapshots=30 arrivalSamples=30 arrivalAvgMs=33.5 arrivalP95Ms=43.7 arrivalMaxMs=60.2 sameArrival=1 tickGapMax=2 renderFrames=51 interpolation=51 extrapolation=0 extrapolationCapped=0 extrapolationMaxMs=0.0 oldestHeld=0 zeroSpan=2 movingFrozen=0 teleport=0 visualStepAvgCm=0.00 visualStepMaxCm=0.00
[rubber-banding][remote-render] time=291.095 frame=21275 entity=1 latestHostTick=12278 buffer=8 windowMs=1002.5 fps=50.9 snapshots=30 arrivalSamples=30 arrivalAvgMs=32.9 arrivalP95Ms=43.8 arrivalMaxMs=62.3 sameArrival=0 tickGapMax=2 renderFrames=51 interpolation=51 extrapolation=0 extrapolationCapped=0 extrapolationMaxMs=0.0 oldestHeld=0 zeroSpan=0 movingFrozen=0 teleport=0 visualStepAvgCm=0.00 visualStepMaxCm=0.00
[rubber-banding][remote-render] time=291.095 frame=21275 entity=3 latestHostTick=12278 buffer=8 windowMs=1002.5 fps=50.9 snapshots=30 arrivalSamples=30 arrivalAvgMs=32.9 arrivalP95Ms=43.8 arrivalMaxMs=62.3 sameArrival=0 tickGapMax=2 renderFrames=51 interpolation=51 extrapolation=0 extrapolationCapped=0 extrapolationMaxMs=0.0 oldestHeld=0 zeroSpan=0 movingFrozen=0 teleport=0 visualStepAvgCm=0.00 visualStepMaxCm=0.00
[rubber-banding][remote-render] time=291.095 frame=21275 entity=4 latestHostTick=12278 buffer=8 windowMs=1002.5 fps=50.9 snapshots=30 arrivalSamples=30 arrivalAvgMs=32.9 arrivalP95Ms=43.8 arrivalMaxMs=62.3 sameArrival=0 tickGapMax=2 renderFrames=51 interpolation=51 extrapolation=0 extrapolationCapped=0 extrapolationMaxMs=0.0 oldestHeld=0 zeroSpan=0 movingFrozen=0 teleport=0 visualStepAvgCm=0.00 visualStepMaxCm=0.00
[rubber-banding][remote-render] time=292.101 frame=21327 entity=1 latestHostTick=12338 buffer=8 windowMs=1005.9 fps=51.7 snapshots=30 arrivalSamples=30 arrivalAvgMs=33.5 arrivalP95Ms=47.3 arrivalMaxMs=60.1 sameArrival=1 tickGapMax=2 renderFrames=52 interpolation=52 extrapolation=0 extrapolationCapped=0 extrapolationMaxMs=0.0 oldestHeld=0 zeroSpan=2 movingFrozen=0 teleport=0 visualStepAvgCm=0.00 visualStepMaxCm=0.00
[rubber-banding][remote-render] time=292.101 frame=21327 entity=3 latestHostTick=12338 buffer=8 windowMs=1005.9 fps=51.7 snapshots=30 arrivalSamples=30 arrivalAvgMs=33.5 arrivalP95Ms=47.3 arrivalMaxMs=60.1 sameArrival=1 tickGapMax=2 renderFrames=52 interpolation=52 extrapolation=0 extrapolationCapped=0 extrapolationMaxMs=0.0 oldestHeld=0 zeroSpan=2 movingFrozen=0 teleport=0 visualStepAvgCm=0.00 visualStepMaxCm=0.00
[rubber-banding][remote-render] time=292.101 frame=21327 entity=4 latestHostTick=12338 buffer=8 windowMs=1005.9 fps=51.7 snapshots=30 arrivalSamples=30 arrivalAvgMs=33.5 arrivalP95Ms=47.3 arrivalMaxMs=60.1 sameArrival=1 tickGapMax=2 renderFrames=52 interpolation=52 extrapolation=0 extrapolationCapped=0 extrapolationMaxMs=0.0 oldestHeld=0 zeroSpan=2 movingFrozen=0 teleport=0 visualStepAvgCm=0.00 visualStepMaxCm=0.00
[rubber-banding][remote-render] time=293.126 frame=21379 entity=1 latestHostTick=12400 buffer=8 windowMs=1024.9 fps=50.7 snapshots=31 arrivalSamples=31 arrivalAvgMs=33.6 arrivalP95Ms=53.1 arrivalMaxMs=55.1 sameArrival=0 tickGapMax=2 renderFrames=52 interpolation=52 extrapolation=0 extrapolationCapped=0 extrapolationMaxMs=0.0 oldestHeld=0 zeroSpan=0 movingFrozen=0 teleport=0 visualStepAvgCm=0.00 visualStepMaxCm=0.00
[rubber-banding][remote-render] time=293.126 frame=21379 entity=3 latestHostTick=12400 buffer=8 windowMs=1024.9 fps=50.7 snapshots=31 arrivalSamples=31 arrivalAvgMs=33.6 arrivalP95Ms=53.1 arrivalMaxMs=55.1 sameArrival=0 tickGapMax=2 renderFrames=52 interpolation=52 extrapolation=0 extrapolationCapped=0 extrapolationMaxMs=0.0 oldestHeld=0 zeroSpan=0 movingFrozen=0 teleport=0 visualStepAvgCm=0.00 visualStepMaxCm=0.00
[rubber-banding][remote-render] time=293.126 frame=21379 entity=4 latestHostTick=12400 buffer=8 windowMs=1024.9 fps=50.7 snapshots=31 arrivalSamples=31 arrivalAvgMs=33.6 arrivalP95Ms=53.1 arrivalMaxMs=55.1 sameArrival=0 tickGapMax=2 renderFrames=52 interpolation=52 extrapolation=0 extrapolationCapped=0 extrapolationMaxMs=0.0 oldestHeld=0 zeroSpan=0 movingFrozen=0 teleport=0 visualStepAvgCm=0.00 visualStepMaxCm=0.00
[rubber-banding][remote-render] time=294.134 frame=21430 entity=1 latestHostTick=12462 buffer=8 windowMs=1008.3 fps=50.6 snapshots=31 arrivalSamples=31 arrivalAvgMs=32.5 arrivalP95Ms=51.3 arrivalMaxMs=58.3 sameArrival=1 tickGapMax=2 renderFrames=51 interpolation=51 extrapolation=0 extrapolationCapped=0 extrapolationMaxMs=0.0 oldestHeld=0 zeroSpan=2 movingFrozen=0 teleport=0 visualStepAvgCm=0.00 visualStepMaxCm=0.00
[rubber-banding][remote-render] time=294.134 frame=21430 entity=3 latestHostTick=12462 buffer=8 windowMs=1008.3 fps=50.6 snapshots=31 arrivalSamples=31 arrivalAvgMs=32.5 arrivalP95Ms=51.3 arrivalMaxMs=58.3 sameArrival=1 tickGapMax=2 renderFrames=51 interpolation=51 extrapolation=0 extrapolationCapped=0 extrapolationMaxMs=0.0 oldestHeld=0 zeroSpan=2 movingFrozen=0 teleport=0 visualStepAvgCm=0.00 visualStepMaxCm=0.00
[rubber-banding][remote-render] time=294.134 frame=21430 entity=4 latestHostTick=12462 buffer=8 windowMs=1008.3 fps=50.6 snapshots=31 arrivalSamples=31 arrivalAvgMs=32.5 arrivalP95Ms=51.3 arrivalMaxMs=58.3 sameArrival=1 tickGapMax=2 renderFrames=51 interpolation=51 extrapolation=0 extrapolationCapped=0 extrapolationMaxMs=0.0 oldestHeld=0 zeroSpan=2 movingFrozen=0 teleport=0 visualStepAvgCm=0.00 visualStepMaxCm=0.00
[rubber-banding][remote-render] time=295.143 frame=21482 entity=1 latestHostTick=12522 buffer=8 windowMs=1008.7 fps=51.6 snapshots=30 arrivalSamples=30 arrivalAvgMs=33.6 arrivalP95Ms=42.9 arrivalMaxMs=43.6 sameArrival=0 tickGapMax=2 renderFrames=52 interpolation=52 extrapolation=0 extrapolationCapped=0 extrapolationMaxMs=0.0 oldestHeld=0 zeroSpan=0 movingFrozen=0 teleport=0 visualStepAvgCm=0.00 visualStepMaxCm=0.00
[rubber-banding][remote-render] time=295.143 frame=21482 entity=3 latestHostTick=12522 buffer=8 windowMs=1008.7 fps=51.6 snapshots=30 arrivalSamples=30 arrivalAvgMs=33.6 arrivalP95Ms=42.9 arrivalMaxMs=43.6 sameArrival=0 tickGapMax=2 renderFrames=52 interpolation=52 extrapolation=0 extrapolationCapped=0 extrapolationMaxMs=0.0 oldestHeld=0 zeroSpan=0 movingFrozen=0 teleport=0 visualStepAvgCm=0.00 visualStepMaxCm=0.00
[rubber-banding][remote-render] time=295.143 frame=21482 entity=4 latestHostTick=12522 buffer=8 windowMs=1008.7 fps=51.6 snapshots=30 arrivalSamples=30 arrivalAvgMs=33.6 arrivalP95Ms=42.9 arrivalMaxMs=43.6 sameArrival=0 tickGapMax=2 renderFrames=52 interpolation=52 extrapolation=0 extrapolationCapped=0 extrapolationMaxMs=0.0 oldestHeld=0 zeroSpan=0 movingFrozen=0 teleport=0 visualStepAvgCm=0.00 visualStepMaxCm=0.00
[rubber-banding][remote-render] time=296.151 frame=21533 entity=1 latestHostTick=12582 buffer=8 windowMs=1008.1 fps=50.6 snapshots=30 arrivalSamples=30 arrivalAvgMs=33.6 arrivalP95Ms=51.9 arrivalMaxMs=58.5 sameArrival=1 tickGapMax=2 renderFrames=51 interpolation=51 extrapolation=0 extrapolationCapped=0 extrapolationMaxMs=0.0 oldestHeld=0 zeroSpan=2 movingFrozen=0 teleport=0 visualStepAvgCm=0.00 visualStepMaxCm=0.00
[rubber-banding][remote-render] time=296.151 frame=21533 entity=3 latestHostTick=12582 buffer=8 windowMs=1008.1 fps=50.6 snapshots=30 arrivalSamples=30 arrivalAvgMs=33.6 arrivalP95Ms=51.9 arrivalMaxMs=58.5 sameArrival=1 tickGapMax=2 renderFrames=51 interpolation=51 extrapolation=0 extrapolationCapped=0 extrapolationMaxMs=0.0 oldestHeld=0 zeroSpan=2 movingFrozen=0 teleport=0 visualStepAvgCm=0.00 visualStepMaxCm=0.00
[rubber-banding][remote-render] time=296.151 frame=21533 entity=4 latestHostTick=12582 buffer=8 windowMs=1008.1 fps=50.6 snapshots=30 arrivalSamples=30 arrivalAvgMs=33.6 arrivalP95Ms=51.9 arrivalMaxMs=58.5 sameArrival=1 tickGapMax=2 renderFrames=51 interpolation=51 extrapolation=0 extrapolationCapped=0 extrapolationMaxMs=0.0 oldestHeld=0 zeroSpan=2 movingFrozen=0 teleport=0 visualStepAvgCm=0.00 visualStepMaxCm=0.00
[rubber-banding][remote-render] time=297.169 frame=21585 entity=1 latestHostTick=12642 buffer=8 windowMs=1018.0 fps=51.1 snapshots=30 arrivalSamples=30 arrivalAvgMs=33.3 arrivalP95Ms=58.3 arrivalMaxMs=60.7 sameArrival=1 tickGapMax=2 renderFrames=52 interpolation=52 extrapolation=0 extrapolationCapped=0 extrapolationMaxMs=0.0 oldestHeld=0 zeroSpan=2 movingFrozen=0 teleport=0 visualStepAvgCm=0.00 visualStepMaxCm=0.00
[rubber-banding][remote-render] time=297.169 frame=21585 entity=3 latestHostTick=12642 buffer=8 windowMs=1018.0 fps=51.1 snapshots=30 arrivalSamples=30 arrivalAvgMs=33.3 arrivalP95Ms=58.3 arrivalMaxMs=60.7 sameArrival=1 tickGapMax=2 renderFrames=52 interpolation=52 extrapolation=0 extrapolationCapped=0 extrapolationMaxMs=0.0 oldestHeld=0 zeroSpan=2 movingFrozen=0 teleport=0 visualStepAvgCm=0.00 visualStepMaxCm=0.00
[rubber-banding][remote-render] time=297.169 frame=21585 entity=4 latestHostTick=12642 buffer=8 windowMs=1018.0 fps=51.1 snapshots=30 arrivalSamples=30 arrivalAvgMs=33.3 arrivalP95Ms=58.3 arrivalMaxMs=60.7 sameArrival=1 tickGapMax=2 renderFrames=52 interpolation=52 extrapolation=0 extrapolationCapped=0 extrapolationMaxMs=0.0 oldestHeld=0 zeroSpan=2 movingFrozen=0 teleport=0 visualStepAvgCm=0.00 visualStepMaxCm=0.00
[rubber-banding][remote-render] time=298.184 frame=21636 entity=1 latestHostTick=12704 buffer=8 windowMs=1015.2 fps=50.2 snapshots=31 arrivalSamples=31 arrivalAvgMs=33.3 arrivalP95Ms=48.5 arrivalMaxMs=48.6 sameArrival=1 tickGapMax=2 renderFrames=51 interpolation=51 extrapolation=0 extrapolationCapped=0 extrapolationMaxMs=0.0 oldestHeld=0 zeroSpan=2 movingFrozen=0 teleport=0 visualStepAvgCm=0.00 visualStepMaxCm=0.00
[rubber-banding][remote-render] time=298.184 frame=21636 entity=3 latestHostTick=12704 buffer=8 windowMs=1015.2 fps=50.2 snapshots=31 arrivalSamples=31 arrivalAvgMs=33.3 arrivalP95Ms=48.5 arrivalMaxMs=48.6 sameArrival=1 tickGapMax=2 renderFrames=51 interpolation=51 extrapolation=0 extrapolationCapped=0 extrapolationMaxMs=0.0 oldestHeld=0 zeroSpan=2 movingFrozen=0 teleport=0 visualStepAvgCm=0.00 visualStepMaxCm=0.00
[rubber-banding][remote-render] time=298.184 frame=21636 entity=4 latestHostTick=12704 buffer=8 windowMs=1015.2 fps=50.2 snapshots=31 arrivalSamples=31 arrivalAvgMs=33.3 arrivalP95Ms=48.5 arrivalMaxMs=48.6 sameArrival=1 tickGapMax=2 renderFrames=51 interpolation=51 extrapolation=0 extrapolationCapped=0 extrapolationMaxMs=0.0 oldestHeld=0 zeroSpan=2 movingFrozen=0 teleport=0 visualStepAvgCm=0.00 visualStepMaxCm=0.00
[rubber-banding][remote-render] time=299.192 frame=21687 entity=1 latestHostTick=12766 buffer=8 windowMs=1008.3 fps=50.6 snapshots=31 arrivalSamples=31 arrivalAvgMs=32.5 arrivalP95Ms=43.0 arrivalMaxMs=43.8 sameArrival=2 tickGapMax=2 renderFrames=51 interpolation=51 extrapolation=0 extrapolationCapped=0 extrapolationMaxMs=0.0 oldestHeld=0 zeroSpan=2 movingFrozen=0 teleport=0 visualStepAvgCm=0.00 visualStepMaxCm=0.00
[rubber-banding][remote-render] time=299.192 frame=21687 entity=3 latestHostTick=12766 buffer=8 windowMs=1008.3 fps=50.6 snapshots=31 arrivalSamples=31 arrivalAvgMs=32.5 arrivalP95Ms=43.0 arrivalMaxMs=43.8 sameArrival=2 tickGapMax=2 renderFrames=51 interpolation=51 extrapolation=0 extrapolationCapped=0 extrapolationMaxMs=0.0 oldestHeld=0 zeroSpan=2 movingFrozen=0 teleport=0 visualStepAvgCm=0.00 visualStepMaxCm=0.00
[rubber-banding][remote-render] time=299.192 frame=21687 entity=4 latestHostTick=12766 buffer=8 windowMs=1008.3 fps=50.6 snapshots=31 arrivalSamples=31 arrivalAvgMs=32.5 arrivalP95Ms=43.0 arrivalMaxMs=43.8 sameArrival=2 tickGapMax=2 renderFrames=51 interpolation=51 extrapolation=0 extrapolationCapped=0 extrapolationMaxMs=0.0 oldestHeld=0 zeroSpan=2 movingFrozen=0 teleport=0 visualStepAvgCm=0.00 visualStepMaxCm=0.00
[rubber-banding][remote-render] time=300.209 frame=21740 entity=1 latestHostTick=12826 buffer=8 windowMs=1016.6 fps=52.1 snapshots=30 arrivalSamples=30 arrivalAvgMs=33.9 arrivalP95Ms=58.3 arrivalMaxMs=58.4 sameArrival=1 tickGapMax=2 renderFrames=53 interpolation=53 extrapolation=0 extrapolationCapped=0 extrapolationMaxMs=0.0 oldestHeld=0 zeroSpan=4 movingFrozen=0 teleport=0 visualStepAvgCm=0.00 visualStepMaxCm=0.00
[rubber-banding][remote-render] time=300.209 frame=21740 entity=3 latestHostTick=12826 buffer=8 windowMs=1016.6 fps=52.1 snapshots=30 arrivalSamples=30 arrivalAvgMs=33.9 arrivalP95Ms=58.3 arrivalMaxMs=58.4 sameArrival=1 tickGapMax=2 renderFrames=53 interpolation=53 extrapolation=0 extrapolationCapped=0 extrapolationMaxMs=0.0 oldestHeld=0 zeroSpan=4 movingFrozen=0 teleport=0 visualStepAvgCm=0.00 visualStepMaxCm=0.00
[rubber-banding][remote-render] time=300.209 frame=21740 entity=4 latestHostTick=12826 buffer=8 windowMs=1016.6 fps=52.1 snapshots=30 arrivalSamples=30 arrivalAvgMs=33.9 arrivalP95Ms=58.3 arrivalMaxMs=58.4 sameArrival=1 tickGapMax=2 renderFrames=53 interpolation=53 extrapolation=0 extrapolationCapped=0 extrapolationMaxMs=0.0 oldestHeld=0 zeroSpan=4 movingFrozen=0 teleport=0 visualStepAvgCm=0.00 visualStepMaxCm=0.00
[rubber-banding][remote-render] time=301.209 frame=21792 entity=1 latestHostTick=12886 buffer=8 windowMs=1000.0 fps=52.0 snapshots=30 arrivalSamples=30 arrivalAvgMs=32.8 arrivalP95Ms=54.8 arrivalMaxMs=56.3 sameArrival=2 tickGapMax=2 renderFrames=52 interpolation=52 extrapolation=0 extrapolationCapped=0 extrapolationMaxMs=0.0 oldestHeld=0 zeroSpan=4 movingFrozen=0 teleport=0 visualStepAvgCm=0.00 visualStepMaxCm=0.00
[rubber-banding][remote-render] time=301.209 frame=21792 entity=3 latestHostTick=12886 buffer=8 windowMs=1000.0 fps=52.0 snapshots=30 arrivalSamples=30 arrivalAvgMs=32.8 arrivalP95Ms=54.8 arrivalMaxMs=56.3 sameArrival=2 tickGapMax=2 renderFrames=52 interpolation=52 extrapolation=0 extrapolationCapped=0 extrapolationMaxMs=0.0 oldestHeld=0 zeroSpan=4 movingFrozen=0 teleport=0 visualStepAvgCm=0.00 visualStepMaxCm=0.00
[rubber-banding][remote-render] time=301.209 frame=21792 entity=4 latestHostTick=12886 buffer=8 windowMs=1000.0 fps=52.0 snapshots=30 arrivalSamples=30 arrivalAvgMs=32.8 arrivalP95Ms=54.8 arrivalMaxMs=56.3 sameArrival=2 tickGapMax=2 renderFrames=52 interpolation=52 extrapolation=0 extrapolationCapped=0 extrapolationMaxMs=0.0 oldestHeld=0 zeroSpan=4 movingFrozen=0 teleport=0 visualStepAvgCm=0.00 visualStepMaxCm=0.00
[rubber-banding][remote-render] time=302.234 frame=21844 entity=1 latestHostTick=12948 buffer=8 windowMs=1025.0 fps=50.7 snapshots=31 arrivalSamples=31 arrivalAvgMs=33.6 arrivalP95Ms=50.0 arrivalMaxMs=58.3 sameArrival=0 tickGapMax=2 renderFrames=52 interpolation=52 extrapolation=0 extrapolationCapped=0 extrapolationMaxMs=0.0 oldestHeld=0 zeroSpan=0 movingFrozen=0 teleport=0 visualStepAvgCm=0.00 visualStepMaxCm=0.00
[rubber-banding][remote-render] time=302.234 frame=21844 entity=3 latestHostTick=12948 buffer=8 windowMs=1025.0 fps=50.7 snapshots=31 arrivalSamples=31 arrivalAvgMs=33.6 arrivalP95Ms=50.0 arrivalMaxMs=58.3 sameArrival=0 tickGapMax=2 renderFrames=52 interpolation=52 extrapolation=0 extrapolationCapped=0 extrapolationMaxMs=0.0 oldestHeld=0 zeroSpan=0 movingFrozen=0 teleport=0 visualStepAvgCm=0.00 visualStepMaxCm=0.00
[rubber-banding][remote-render] time=302.234 frame=21844 entity=4 latestHostTick=12948 buffer=8 windowMs=1025.0 fps=50.7 snapshots=31 arrivalSamples=31 arrivalAvgMs=33.6 arrivalP95Ms=50.0 arrivalMaxMs=58.3 sameArrival=0 tickGapMax=2 renderFrames=52 interpolation=52 extrapolation=0 extrapolationCapped=0 extrapolationMaxMs=0.0 oldestHeld=0 zeroSpan=0 movingFrozen=0 teleport=0 visualStepAvgCm=0.00 visualStepMaxCm=0.00
[rubber-banding][remote-render] time=303.235 frame=21895 entity=1 latestHostTick=13006 buffer=8 windowMs=1001.1 fps=50.9 snapshots=29 arrivalSamples=29 arrivalAvgMs=33.6 arrivalP95Ms=58.3 arrivalMaxMs=58.4 sameArrival=1 tickGapMax=2 renderFrames=51 interpolation=51 extrapolation=0 extrapolationCapped=0 extrapolationMaxMs=0.0 oldestHeld=0 zeroSpan=2 movingFrozen=0 teleport=0 visualStepAvgCm=0.00 visualStepMaxCm=0.00
[rubber-banding][remote-render] time=303.235 frame=21895 entity=3 latestHostTick=13006 buffer=8 windowMs=1001.1 fps=50.9 snapshots=29 arrivalSamples=29 arrivalAvgMs=33.6 arrivalP95Ms=58.3 arrivalMaxMs=58.4 sameArrival=1 tickGapMax=2 renderFrames=51 interpolation=51 extrapolation=0 extrapolationCapped=0 extrapolationMaxMs=0.0 oldestHeld=0 zeroSpan=2 movingFrozen=0 teleport=0 visualStepAvgCm=0.00 visualStepMaxCm=0.00
[rubber-banding][remote-render] time=303.235 frame=21895 entity=4 latestHostTick=13006 buffer=8 windowMs=1001.1 fps=50.9 snapshots=29 arrivalSamples=29 arrivalAvgMs=33.6 arrivalP95Ms=58.3 arrivalMaxMs=58.4 sameArrival=1 tickGapMax=2 renderFrames=51 interpolation=51 extrapolation=0 extrapolationCapped=0 extrapolationMaxMs=0.0 oldestHeld=0 zeroSpan=2 movingFrozen=0 teleport=0 visualStepAvgCm=0.00 visualStepMaxCm=0.00
[rubber-banding][remote-render] time=304.251 frame=21947 entity=1 latestHostTick=13068 buffer=8 windowMs=1016.1 fps=51.2 snapshots=31 arrivalSamples=31 arrivalAvgMs=33.1 arrivalP95Ms=43.5 arrivalMaxMs=43.8 sameArrival=1 tickGapMax=2 renderFrames=52 interpolation=52 extrapolation=0 extrapolationCapped=0 extrapolationMaxMs=0.0 oldestHeld=0 zeroSpan=2 movingFrozen=0 teleport=0 visualStepAvgCm=0.00 visualStepMaxCm=0.00
[rubber-banding][remote-render] time=304.251 frame=21947 entity=3 latestHostTick=13068 buffer=8 windowMs=1016.1 fps=51.2 snapshots=31 arrivalSamples=31 arrivalAvgMs=33.1 arrivalP95Ms=43.5 arrivalMaxMs=43.8 sameArrival=1 tickGapMax=2 renderFrames=52 interpolation=52 extrapolation=0 extrapolationCapped=0 extrapolationMaxMs=0.0 oldestHeld=0 zeroSpan=2 movingFrozen=0 teleport=0 visualStepAvgCm=0.00 visualStepMaxCm=0.00
[rubber-banding][remote-render] time=304.251 frame=21947 entity=4 latestHostTick=13068 buffer=8 windowMs=1016.1 fps=51.2 snapshots=31 arrivalSamples=31 arrivalAvgMs=33.1 arrivalP95Ms=43.5 arrivalMaxMs=43.8 sameArrival=1 tickGapMax=2 renderFrames=52 interpolation=52 extrapolation=0 extrapolationCapped=0 extrapolationMaxMs=0.0 oldestHeld=0 zeroSpan=2 movingFrozen=0 teleport=0 visualStepAvgCm=0.00 visualStepMaxCm=0.00
[rubber-banding][remote-render] time=305.252 frame=21998 entity=1 latestHostTick=13128 buffer=8 windowMs=1000.6 fps=51.0 snapshots=30 arrivalSamples=30 arrivalAvgMs=33.9 arrivalP95Ms=50.1 arrivalMaxMs=59.1 sameArrival=1 tickGapMax=2 renderFrames=51 interpolation=51 extrapolation=0 extrapolationCapped=0 extrapolationMaxMs=0.0 oldestHeld=0 zeroSpan=2 movingFrozen=0 teleport=0 visualStepAvgCm=0.00 visualStepMaxCm=0.00
[rubber-banding][remote-render] time=305.252 frame=21998 entity=3 latestHostTick=13128 buffer=8 windowMs=1000.6 fps=51.0 snapshots=30 arrivalSamples=30 arrivalAvgMs=33.9 arrivalP95Ms=50.1 arrivalMaxMs=59.1 sameArrival=1 tickGapMax=2 renderFrames=51 interpolation=51 extrapolation=0 extrapolationCapped=0 extrapolationMaxMs=0.0 oldestHeld=0 zeroSpan=2 movingFrozen=0 teleport=0 visualStepAvgCm=0.00 visualStepMaxCm=0.00
[rubber-banding][remote-render] time=305.252 frame=21998 entity=4 latestHostTick=13128 buffer=8 windowMs=1000.6 fps=51.0 snapshots=30 arrivalSamples=30 arrivalAvgMs=33.9 arrivalP95Ms=50.1 arrivalMaxMs=59.1 sameArrival=1 tickGapMax=2 renderFrames=51 interpolation=51 extrapolation=0 extrapolationCapped=0 extrapolationMaxMs=0.0 oldestHeld=0 zeroSpan=2 movingFrozen=0 teleport=0 visualStepAvgCm=0.00 visualStepMaxCm=0.00
[rubber-banding][remote-render] time=306.267 frame=22049 entity=1 latestHostTick=13188 buffer=8 windowMs=1015.5 fps=50.2 snapshots=30 arrivalSamples=30 arrivalAvgMs=33.3 arrivalP95Ms=47.9 arrivalMaxMs=50.0 sameArrival=0 tickGapMax=2 renderFrames=51 interpolation=51 extrapolation=0 extrapolationCapped=0 extrapolationMaxMs=0.0 oldestHeld=0 zeroSpan=0 movingFrozen=0 teleport=0 visualStepAvgCm=0.00 visualStepMaxCm=0.00
[rubber-banding][remote-render] time=306.267 frame=22049 entity=3 latestHostTick=13188 buffer=8 windowMs=1015.5 fps=50.2 snapshots=30 arrivalSamples=30 arrivalAvgMs=33.3 arrivalP95Ms=47.9 arrivalMaxMs=50.0 sameArrival=0 tickGapMax=2 renderFrames=51 interpolation=51 extrapolation=0 extrapolationCapped=0 extrapolationMaxMs=0.0 oldestHeld=0 zeroSpan=0 movingFrozen=0 teleport=0 visualStepAvgCm=0.00 visualStepMaxCm=0.00
[rubber-banding][remote-render] time=306.267 frame=22049 entity=4 latestHostTick=13188 buffer=8 windowMs=1015.5 fps=50.2 snapshots=30 arrivalSamples=30 arrivalAvgMs=33.3 arrivalP95Ms=47.9 arrivalMaxMs=50.0 sameArrival=0 tickGapMax=2 renderFrames=51 interpolation=51 extrapolation=0 extrapolationCapped=0 extrapolationMaxMs=0.0 oldestHeld=0 zeroSpan=0 movingFrozen=0 teleport=0 visualStepAvgCm=0.00 visualStepMaxCm=0.00
[rubber-banding][remote-render] time=307.276 frame=22099 entity=1 latestHostTick=13250 buffer=8 windowMs=1008.3 fps=49.6 snapshots=31 arrivalSamples=31 arrivalAvgMs=33.1 arrivalP95Ms=42.7 arrivalMaxMs=52.0 sameArrival=0 tickGapMax=2 renderFrames=50 interpolation=50 extrapolation=0 extrapolationCapped=0 extrapolationMaxMs=0.0 oldestHeld=0 zeroSpan=0 movingFrozen=0 teleport=0 visualStepAvgCm=0.00 visualStepMaxCm=0.00
[rubber-banding][remote-render] time=307.276 frame=22099 entity=3 latestHostTick=13250 buffer=8 windowMs=1008.3 fps=49.6 snapshots=31 arrivalSamples=31 arrivalAvgMs=33.1 arrivalP95Ms=42.7 arrivalMaxMs=52.0 sameArrival=0 tickGapMax=2 renderFrames=50 interpolation=50 extrapolation=0 extrapolationCapped=0 extrapolationMaxMs=0.0 oldestHeld=0 zeroSpan=0 movingFrozen=0 teleport=0 visualStepAvgCm=0.00 visualStepMaxCm=0.00
[rubber-banding][remote-render] time=307.276 frame=22099 entity=4 latestHostTick=13250 buffer=8 windowMs=1008.3 fps=49.6 snapshots=31 arrivalSamples=31 arrivalAvgMs=33.1 arrivalP95Ms=42.7 arrivalMaxMs=52.0 sameArrival=0 tickGapMax=2 renderFrames=50 interpolation=50 extrapolation=0 extrapolationCapped=0 extrapolationMaxMs=0.0 oldestHeld=0 zeroSpan=0 movingFrozen=0 teleport=0 visualStepAvgCm=0.00 visualStepMaxCm=0.00
[rubber-banding][remote-render] time=308.285 frame=22150 entity=1 latestHostTick=13310 buffer=8 windowMs=1009.9 fps=50.5 snapshots=30 arrivalSamples=30 arrivalAvgMs=32.8 arrivalP95Ms=45.8 arrivalMaxMs=56.3 sameArrival=0 tickGapMax=2 renderFrames=51 interpolation=51 extrapolation=0 extrapolationCapped=0 extrapolationMaxMs=0.0 oldestHeld=0 zeroSpan=0 movingFrozen=0 teleport=0 visualStepAvgCm=0.00 visualStepMaxCm=0.00
[rubber-banding][remote-render] time=308.285 frame=22150 entity=3 latestHostTick=13310 buffer=8 windowMs=1009.9 fps=50.5 snapshots=30 arrivalSamples=30 arrivalAvgMs=32.8 arrivalP95Ms=45.8 arrivalMaxMs=56.3 sameArrival=0 tickGapMax=2 renderFrames=51 interpolation=51 extrapolation=0 extrapolationCapped=0 extrapolationMaxMs=0.0 oldestHeld=0 zeroSpan=0 movingFrozen=0 teleport=0 visualStepAvgCm=0.00 visualStepMaxCm=0.00
[rubber-banding][remote-render] time=308.285 frame=22150 entity=4 latestHostTick=13310 buffer=8 windowMs=1009.9 fps=50.5 snapshots=30 arrivalSamples=30 arrivalAvgMs=32.8 arrivalP95Ms=45.8 arrivalMaxMs=56.3 sameArrival=0 tickGapMax=2 renderFrames=51 interpolation=51 extrapolation=0 extrapolationCapped=0 extrapolationMaxMs=0.0 oldestHeld=0 zeroSpan=0 movingFrozen=0 teleport=0 visualStepAvgCm=0.00 visualStepMaxCm=0.00
[rubber-banding][remote-render] time=309.302 frame=22202 entity=1 latestHostTick=13372 buffer=8 windowMs=1016.6 fps=51.2 snapshots=31 arrivalSamples=31 arrivalAvgMs=33.6 arrivalP95Ms=52.2 arrivalMaxMs=68.9 sameArrival=1 tickGapMax=2 renderFrames=52 interpolation=52 extrapolation=0 extrapolationCapped=0 extrapolationMaxMs=0.0 oldestHeld=0 zeroSpan=2 movingFrozen=0 teleport=0 visualStepAvgCm=0.00 visualStepMaxCm=0.00
[rubber-banding][remote-render] time=309.302 frame=22202 entity=3 latestHostTick=13372 buffer=8 windowMs=1016.6 fps=51.2 snapshots=31 arrivalSamples=31 arrivalAvgMs=33.6 arrivalP95Ms=52.2 arrivalMaxMs=68.9 sameArrival=1 tickGapMax=2 renderFrames=52 interpolation=52 extrapolation=0 extrapolationCapped=0 extrapolationMaxMs=0.0 oldestHeld=0 zeroSpan=2 movingFrozen=0 teleport=0 visualStepAvgCm=0.00 visualStepMaxCm=0.00
[rubber-banding][remote-render] time=309.302 frame=22202 entity=4 latestHostTick=13372 buffer=8 windowMs=1016.6 fps=51.2 snapshots=31 arrivalSamples=31 arrivalAvgMs=33.6 arrivalP95Ms=52.2 arrivalMaxMs=68.9 sameArrival=1 tickGapMax=2 renderFrames=52 interpolation=52 extrapolation=0 extrapolationCapped=0 extrapolationMaxMs=0.0 oldestHeld=0 zeroSpan=2 movingFrozen=0 teleport=0 visualStepAvgCm=0.00 visualStepMaxCm=0.00
[rubber-banding][remote-render] time=310.309 frame=22253 entity=1 latestHostTick=13432 buffer=8 windowMs=1006.9 fps=50.6 snapshots=30 arrivalSamples=30 arrivalAvgMs=33.6 arrivalP95Ms=56.2 arrivalMaxMs=60.4 sameArrival=0 tickGapMax=2 renderFrames=51 interpolation=51 extrapolation=0 extrapolationCapped=0 extrapolationMaxMs=0.0 oldestHeld=0 zeroSpan=0 movingFrozen=0 teleport=0 visualStepAvgCm=0.00 visualStepMaxCm=0.00
[rubber-banding][remote-render] time=310.309 frame=22253 entity=3 latestHostTick=13432 buffer=8 windowMs=1006.9 fps=50.6 snapshots=30 arrivalSamples=30 arrivalAvgMs=33.6 arrivalP95Ms=56.2 arrivalMaxMs=60.4 sameArrival=0 tickGapMax=2 renderFrames=51 interpolation=51 extrapolation=0 extrapolationCapped=0 extrapolationMaxMs=0.0 oldestHeld=0 zeroSpan=0 movingFrozen=0 teleport=0 visualStepAvgCm=0.00 visualStepMaxCm=0.00
[rubber-banding][remote-render] time=310.309 frame=22253 entity=4 latestHostTick=13432 buffer=8 windowMs=1006.9 fps=50.6 snapshots=30 arrivalSamples=30 arrivalAvgMs=33.6 arrivalP95Ms=56.2 arrivalMaxMs=60.4 sameArrival=0 tickGapMax=2 renderFrames=51 interpolation=51 extrapolation=0 extrapolationCapped=0 extrapolationMaxMs=0.0 oldestHeld=0 zeroSpan=0 movingFrozen=0 teleport=0 visualStepAvgCm=0.00 visualStepMaxCm=0.00
[rubber-banding][remote-render] time=311.310 frame=22303 entity=1 latestHostTick=13492 buffer=8 windowMs=1000.6 fps=50.0 snapshots=30 arrivalSamples=30 arrivalAvgMs=33.4 arrivalP95Ms=42.1 arrivalMaxMs=42.5 sameArrival=0 tickGapMax=2 renderFrames=50 interpolation=50 extrapolation=0 extrapolationCapped=0 extrapolationMaxMs=0.0 oldestHeld=0 zeroSpan=0 movingFrozen=0 teleport=0 visualStepAvgCm=0.00 visualStepMaxCm=0.00
[rubber-banding][remote-render] time=311.310 frame=22303 entity=3 latestHostTick=13492 buffer=8 windowMs=1000.6 fps=50.0 snapshots=30 arrivalSamples=30 arrivalAvgMs=33.4 arrivalP95Ms=42.1 arrivalMaxMs=42.5 sameArrival=0 tickGapMax=2 renderFrames=50 interpolation=50 extrapolation=0 extrapolationCapped=0 extrapolationMaxMs=0.0 oldestHeld=0 zeroSpan=0 movingFrozen=0 teleport=0 visualStepAvgCm=0.00 visualStepMaxCm=0.00
[rubber-banding][remote-render] time=311.310 frame=22303 entity=4 latestHostTick=13492 buffer=8 windowMs=1000.6 fps=50.0 snapshots=30 arrivalSamples=30 arrivalAvgMs=33.4 arrivalP95Ms=42.1 arrivalMaxMs=42.5 sameArrival=0 tickGapMax=2 renderFrames=50 interpolation=50 extrapolation=0 extrapolationCapped=0 extrapolationMaxMs=0.0 oldestHeld=0 zeroSpan=0 movingFrozen=0 teleport=0 visualStepAvgCm=0.00 visualStepMaxCm=0.00
[rubber-banding][remote-render] time=312.310 frame=22353 entity=1 latestHostTick=13552 buffer=8 windowMs=1000.8 fps=50.0 snapshots=30 arrivalSamples=30 arrivalAvgMs=33.4 arrivalP95Ms=42.1 arrivalMaxMs=43.2 sameArrival=0 tickGapMax=2 renderFrames=50 interpolation=50 extrapolation=0 extrapolationCapped=0 extrapolationMaxMs=0.0 oldestHeld=0 zeroSpan=0 movingFrozen=0 teleport=0 visualStepAvgCm=0.00 visualStepMaxCm=0.00
[rubber-banding][remote-render] time=312.310 frame=22353 entity=3 latestHostTick=13552 buffer=8 windowMs=1000.8 fps=50.0 snapshots=30 arrivalSamples=30 arrivalAvgMs=33.4 arrivalP95Ms=42.1 arrivalMaxMs=43.2 sameArrival=0 tickGapMax=2 renderFrames=50 interpolation=50 extrapolation=0 extrapolationCapped=0 extrapolationMaxMs=0.0 oldestHeld=0 zeroSpan=0 movingFrozen=0 teleport=0 visualStepAvgCm=0.00 visualStepMaxCm=0.00
[rubber-banding][remote-render] time=312.310 frame=22353 entity=4 latestHostTick=13552 buffer=8 windowMs=1000.8 fps=50.0 snapshots=30 arrivalSamples=30 arrivalAvgMs=33.4 arrivalP95Ms=42.1 arrivalMaxMs=43.2 sameArrival=0 tickGapMax=2 renderFrames=50 interpolation=50 extrapolation=0 extrapolationCapped=0 extrapolationMaxMs=0.0 oldestHeld=0 zeroSpan=0 movingFrozen=0 teleport=0 visualStepAvgCm=0.00 visualStepMaxCm=0.00
[rubber-banding][remote-render] time=313.317 frame=22404 entity=1 latestHostTick=13612 buffer=8 windowMs=1006.8 fps=50.7 snapshots=30 arrivalSamples=30 arrivalAvgMs=33.0 arrivalP95Ms=42.9 arrivalMaxMs=43.0 sameArrival=0 tickGapMax=2 renderFrames=51 interpolation=51 extrapolation=0 extrapolationCapped=0 extrapolationMaxMs=0.0 oldestHeld=0 zeroSpan=0 movingFrozen=0 teleport=0 visualStepAvgCm=0.00 visualStepMaxCm=0.00
[rubber-banding][remote-render] time=313.317 frame=22404 entity=3 latestHostTick=13612 buffer=8 windowMs=1006.8 fps=50.7 snapshots=30 arrivalSamples=30 arrivalAvgMs=33.0 arrivalP95Ms=42.9 arrivalMaxMs=43.0 sameArrival=0 tickGapMax=2 renderFrames=51 interpolation=51 extrapolation=0 extrapolationCapped=0 extrapolationMaxMs=0.0 oldestHeld=0 zeroSpan=0 movingFrozen=0 teleport=0 visualStepAvgCm=0.00 visualStepMaxCm=0.00
[rubber-banding][remote-render] time=313.317 frame=22404 entity=4 latestHostTick=13612 buffer=8 windowMs=1006.8 fps=50.7 snapshots=30 arrivalSamples=30 arrivalAvgMs=33.0 arrivalP95Ms=42.9 arrivalMaxMs=43.0 sameArrival=0 tickGapMax=2 renderFrames=51 interpolation=51 extrapolation=0 extrapolationCapped=0 extrapolationMaxMs=0.0 oldestHeld=0 zeroSpan=0 movingFrozen=0 teleport=0 visualStepAvgCm=0.00 visualStepMaxCm=0.00
[rubber-banding][remote-render] time=314.326 frame=22455 entity=1 latestHostTick=13672 buffer=8 windowMs=1008.6 fps=50.6 snapshots=30 arrivalSamples=30 arrivalAvgMs=33.6 arrivalP95Ms=49.3 arrivalMaxMs=60.9 sameArrival=1 tickGapMax=2 renderFrames=51 interpolation=51 extrapolation=0 extrapolationCapped=0 extrapolationMaxMs=0.0 oldestHeld=0 zeroSpan=2 movingFrozen=0 teleport=0 visualStepAvgCm=0.00 visualStepMaxCm=0.00
[rubber-banding][remote-render] time=314.326 frame=22455 entity=3 latestHostTick=13672 buffer=8 windowMs=1008.6 fps=50.6 snapshots=30 arrivalSamples=30 arrivalAvgMs=33.6 arrivalP95Ms=49.3 arrivalMaxMs=60.9 sameArrival=1 tickGapMax=2 renderFrames=51 interpolation=51 extrapolation=0 extrapolationCapped=0 extrapolationMaxMs=0.0 oldestHeld=0 zeroSpan=2 movingFrozen=0 teleport=0 visualStepAvgCm=0.00 visualStepMaxCm=0.00
[rubber-banding][remote-render] time=314.326 frame=22455 entity=4 latestHostTick=13672 buffer=8 windowMs=1008.6 fps=50.6 snapshots=30 arrivalSamples=30 arrivalAvgMs=33.6 arrivalP95Ms=49.3 arrivalMaxMs=60.9 sameArrival=1 tickGapMax=2 renderFrames=51 interpolation=51 extrapolation=0 extrapolationCapped=0 extrapolationMaxMs=0.0 oldestHeld=0 zeroSpan=2 movingFrozen=0 teleport=0 visualStepAvgCm=0.00 visualStepMaxCm=0.00
[rubber-banding][remote-render] time=315.327 frame=22505 entity=1 latestHostTick=13732 buffer=8 windowMs=1001.3 fps=49.9 snapshots=30 arrivalSamples=30 arrivalAvgMs=33.4 arrivalP95Ms=43.2 arrivalMaxMs=49.2 sameArrival=0 tickGapMax=2 renderFrames=50 interpolation=50 extrapolation=0 extrapolationCapped=0 extrapolationMaxMs=0.0 oldestHeld=0 zeroSpan=0 movingFrozen=0 teleport=0 visualStepAvgCm=0.00 visualStepMaxCm=0.00
[rubber-banding][remote-render] time=315.327 frame=22505 entity=3 latestHostTick=13732 buffer=8 windowMs=1001.3 fps=49.9 snapshots=30 arrivalSamples=30 arrivalAvgMs=33.4 arrivalP95Ms=43.2 arrivalMaxMs=49.2 sameArrival=0 tickGapMax=2 renderFrames=50 interpolation=50 extrapolation=0 extrapolationCapped=0 extrapolationMaxMs=0.0 oldestHeld=0 zeroSpan=0 movingFrozen=0 teleport=0 visualStepAvgCm=0.00 visualStepMaxCm=0.00
[rubber-banding][remote-render] time=315.327 frame=22505 entity=4 latestHostTick=13732 buffer=8 windowMs=1001.3 fps=49.9 snapshots=30 arrivalSamples=30 arrivalAvgMs=33.4 arrivalP95Ms=43.2 arrivalMaxMs=49.2 sameArrival=0 tickGapMax=2 renderFrames=50 interpolation=50 extrapolation=0 extrapolationCapped=0 extrapolationMaxMs=0.0 oldestHeld=0 zeroSpan=0 movingFrozen=0 teleport=0 visualStepAvgCm=0.00 visualStepMaxCm=0.00
[rubber-banding][remote-render] time=316.350 frame=22558 entity=1 latestHostTick=13794 buffer=8 windowMs=1023.3 fps=51.8 snapshots=31 arrivalSamples=31 arrivalAvgMs=33.6 arrivalP95Ms=58.5 arrivalMaxMs=58.7 sameArrival=2 tickGapMax=2 renderFrames=53 interpolation=53 extrapolation=0 extrapolationCapped=0 extrapolationMaxMs=0.0 oldestHeld=0 zeroSpan=3 movingFrozen=0 teleport=0 visualStepAvgCm=0.00 visualStepMaxCm=0.00
[rubber-banding][remote-render] time=316.350 frame=22558 entity=3 latestHostTick=13794 buffer=8 windowMs=1023.3 fps=51.8 snapshots=31 arrivalSamples=31 arrivalAvgMs=33.6 arrivalP95Ms=58.5 arrivalMaxMs=58.7 sameArrival=2 tickGapMax=2 renderFrames=53 interpolation=53 extrapolation=0 extrapolationCapped=0 extrapolationMaxMs=0.0 oldestHeld=0 zeroSpan=3 movingFrozen=0 teleport=0 visualStepAvgCm=0.00 visualStepMaxCm=0.00
[rubber-banding][remote-render] time=316.350 frame=22558 entity=4 latestHostTick=13794 buffer=8 windowMs=1023.3 fps=51.8 snapshots=31 arrivalSamples=31 arrivalAvgMs=33.6 arrivalP95Ms=58.5 arrivalMaxMs=58.7 sameArrival=2 tickGapMax=2 renderFrames=53 interpolation=53 extrapolation=0 extrapolationCapped=0 extrapolationMaxMs=0.0 oldestHeld=0 zeroSpan=3 movingFrozen=0 teleport=0 visualStepAvgCm=0.00 visualStepMaxCm=0.00
[rubber-banding][remote-render] time=317.359 frame=22610 entity=1 latestHostTick=13854 buffer=8 windowMs=1008.3 fps=51.6 snapshots=30 arrivalSamples=30 arrivalAvgMs=32.8 arrivalP95Ms=58.3 arrivalMaxMs=58.8 sameArrival=1 tickGapMax=2 renderFrames=52 interpolation=52 extrapolation=0 extrapolationCapped=0 extrapolationMaxMs=0.0 oldestHeld=0 zeroSpan=3 movingFrozen=0 teleport=0 visualStepAvgCm=0.00 visualStepMaxCm=0.00
[rubber-banding][remote-render] time=317.359 frame=22610 entity=3 latestHostTick=13854 buffer=8 windowMs=1008.3 fps=51.6 snapshots=30 arrivalSamples=30 arrivalAvgMs=32.8 arrivalP95Ms=58.3 arrivalMaxMs=58.8 sameArrival=1 tickGapMax=2 renderFrames=52 interpolation=52 extrapolation=0 extrapolationCapped=0 extrapolationMaxMs=0.0 oldestHeld=0 zeroSpan=3 movingFrozen=0 teleport=0 visualStepAvgCm=0.00 visualStepMaxCm=0.00
[rubber-banding][remote-render] time=317.359 frame=22610 entity=4 latestHostTick=13854 buffer=8 windowMs=1008.3 fps=51.6 snapshots=30 arrivalSamples=30 arrivalAvgMs=32.8 arrivalP95Ms=58.3 arrivalMaxMs=58.8 sameArrival=1 tickGapMax=2 renderFrames=52 interpolation=52 extrapolation=0 extrapolationCapped=0 extrapolationMaxMs=0.0 oldestHeld=0 zeroSpan=3 movingFrozen=0 teleport=0 visualStepAvgCm=0.00 visualStepMaxCm=0.00
[rubber-banding][remote-render] time=318.367 frame=22662 entity=1 latestHostTick=13914 buffer=8 windowMs=1008.3 fps=51.6 snapshots=30 arrivalSamples=30 arrivalAvgMs=33.3 arrivalP95Ms=58.2 arrivalMaxMs=60.5 sameArrival=2 tickGapMax=2 renderFrames=52 interpolation=52 extrapolation=0 extrapolationCapped=0 extrapolationMaxMs=0.0 oldestHeld=0 zeroSpan=4 movingFrozen=0 teleport=0 visualStepAvgCm=0.00 visualStepMaxCm=0.00
[rubber-banding][remote-render] time=318.367 frame=22662 entity=3 latestHostTick=13914 buffer=8 windowMs=1008.3 fps=51.6 snapshots=30 arrivalSamples=30 arrivalAvgMs=33.3 arrivalP95Ms=58.2 arrivalMaxMs=60.5 sameArrival=2 tickGapMax=2 renderFrames=52 interpolation=52 extrapolation=0 extrapolationCapped=0 extrapolationMaxMs=0.0 oldestHeld=0 zeroSpan=4 movingFrozen=0 teleport=0 visualStepAvgCm=0.00 visualStepMaxCm=0.00
[rubber-banding][remote-render] time=318.367 frame=22662 entity=4 latestHostTick=13914 buffer=8 windowMs=1008.3 fps=51.6 snapshots=30 arrivalSamples=30 arrivalAvgMs=33.3 arrivalP95Ms=58.2 arrivalMaxMs=60.5 sameArrival=2 tickGapMax=2 renderFrames=52 interpolation=52 extrapolation=0 extrapolationCapped=0 extrapolationMaxMs=0.0 oldestHeld=0 zeroSpan=4 movingFrozen=0 teleport=0 visualStepAvgCm=0.00 visualStepMaxCm=0.00
[rubber-banding][remote-render] time=319.384 frame=22712 entity=1 latestHostTick=13976 buffer=8 windowMs=1016.6 fps=49.2 snapshots=31 arrivalSamples=31 arrivalAvgMs=33.3 arrivalP95Ms=58.5 arrivalMaxMs=58.5 sameArrival=4 tickGapMax=2 renderFrames=50 interpolation=50 extrapolation=0 extrapolationCapped=0 extrapolationMaxMs=0.0 oldestHeld=0 zeroSpan=5 movingFrozen=0 teleport=0 visualStepAvgCm=0.00 visualStepMaxCm=0.00
[rubber-banding][remote-render] time=319.384 frame=22712 entity=3 latestHostTick=13976 buffer=8 windowMs=1016.6 fps=49.2 snapshots=31 arrivalSamples=31 arrivalAvgMs=33.3 arrivalP95Ms=58.5 arrivalMaxMs=58.5 sameArrival=4 tickGapMax=2 renderFrames=50 interpolation=50 extrapolation=0 extrapolationCapped=0 extrapolationMaxMs=0.0 oldestHeld=0 zeroSpan=5 movingFrozen=0 teleport=0 visualStepAvgCm=0.00 visualStepMaxCm=0.00
[rubber-banding][remote-render] time=319.384 frame=22712 entity=4 latestHostTick=13976 buffer=8 windowMs=1016.6 fps=49.2 snapshots=31 arrivalSamples=31 arrivalAvgMs=33.3 arrivalP95Ms=58.5 arrivalMaxMs=58.5 sameArrival=4 tickGapMax=2 renderFrames=50 interpolation=50 extrapolation=0 extrapolationCapped=0 extrapolationMaxMs=0.0 oldestHeld=0 zeroSpan=5 movingFrozen=0 teleport=0 visualStepAvgCm=0.00 visualStepMaxCm=0.00
[rubber-banding][remote-render] time=320.402 frame=22764 entity=1 latestHostTick=14036 buffer=8 windowMs=1018.2 fps=51.1 snapshots=30 arrivalSamples=30 arrivalAvgMs=33.7 arrivalP95Ms=56.8 arrivalMaxMs=59.6 sameArrival=1 tickGapMax=2 renderFrames=52 interpolation=52 extrapolation=0 extrapolationCapped=0 extrapolationMaxMs=0.0 oldestHeld=0 zeroSpan=1 movingFrozen=0 teleport=0 visualStepAvgCm=0.00 visualStepMaxCm=0.00
[rubber-banding][remote-render] time=320.402 frame=22764 entity=3 latestHostTick=14036 buffer=8 windowMs=1018.2 fps=51.1 snapshots=30 arrivalSamples=30 arrivalAvgMs=33.7 arrivalP95Ms=56.8 arrivalMaxMs=59.6 sameArrival=1 tickGapMax=2 renderFrames=52 interpolation=52 extrapolation=0 extrapolationCapped=0 extrapolationMaxMs=0.0 oldestHeld=0 zeroSpan=1 movingFrozen=0 teleport=0 visualStepAvgCm=0.00 visualStepMaxCm=0.00
[rubber-banding][remote-render] time=320.402 frame=22764 entity=4 latestHostTick=14036 buffer=8 windowMs=1018.2 fps=51.1 snapshots=30 arrivalSamples=30 arrivalAvgMs=33.7 arrivalP95Ms=56.8 arrivalMaxMs=59.6 sameArrival=1 tickGapMax=2 renderFrames=52 interpolation=52 extrapolation=0 extrapolationCapped=0 extrapolationMaxMs=0.0 oldestHeld=0 zeroSpan=1 movingFrozen=0 teleport=0 visualStepAvgCm=0.00 visualStepMaxCm=0.00
[rubber-banding][remote-render] time=321.409 frame=22815 entity=1 latestHostTick=14098 buffer=8 windowMs=1006.9 fps=50.6 snapshots=31 arrivalSamples=31 arrivalAvgMs=33.3 arrivalP95Ms=58.4 arrivalMaxMs=58.6 sameArrival=2 tickGapMax=2 renderFrames=51 interpolation=51 extrapolation=0 extrapolationCapped=0 extrapolationMaxMs=0.0 oldestHeld=0 zeroSpan=3 movingFrozen=0 teleport=0 visualStepAvgCm=0.00 visualStepMaxCm=0.00
[rubber-banding][remote-render] time=321.409 frame=22815 entity=3 latestHostTick=14098 buffer=8 windowMs=1006.9 fps=50.6 snapshots=31 arrivalSamples=31 arrivalAvgMs=33.3 arrivalP95Ms=58.4 arrivalMaxMs=58.6 sameArrival=2 tickGapMax=2 renderFrames=51 interpolation=51 extrapolation=0 extrapolationCapped=0 extrapolationMaxMs=0.0 oldestHeld=0 zeroSpan=3 movingFrozen=0 teleport=0 visualStepAvgCm=0.00 visualStepMaxCm=0.00
[rubber-banding][remote-render] time=321.409 frame=22815 entity=4 latestHostTick=14098 buffer=8 windowMs=1006.9 fps=50.6 snapshots=31 arrivalSamples=31 arrivalAvgMs=33.3 arrivalP95Ms=58.4 arrivalMaxMs=58.6 sameArrival=2 tickGapMax=2 renderFrames=51 interpolation=51 extrapolation=0 extrapolationCapped=0 extrapolationMaxMs=0.0 oldestHeld=0 zeroSpan=3 movingFrozen=0 teleport=0 visualStepAvgCm=0.00 visualStepMaxCm=0.00
[rubber-banding][remote-render] time=322.411 frame=22866 entity=1 latestHostTick=14158 buffer=8 windowMs=1002.8 fps=50.9 snapshots=30 arrivalSamples=30 arrivalAvgMs=33.2 arrivalP95Ms=51.2 arrivalMaxMs=51.7 sameArrival=0 tickGapMax=2 renderFrames=51 interpolation=51 extrapolation=0 extrapolationCapped=0 extrapolationMaxMs=0.0 oldestHeld=0 zeroSpan=0 movingFrozen=0 teleport=0 visualStepAvgCm=0.00 visualStepMaxCm=0.00
[rubber-banding][remote-render] time=322.411 frame=22866 entity=3 latestHostTick=14158 buffer=8 windowMs=1002.8 fps=50.9 snapshots=30 arrivalSamples=30 arrivalAvgMs=33.2 arrivalP95Ms=51.2 arrivalMaxMs=51.7 sameArrival=0 tickGapMax=2 renderFrames=51 interpolation=51 extrapolation=0 extrapolationCapped=0 extrapolationMaxMs=0.0 oldestHeld=0 zeroSpan=0 movingFrozen=0 teleport=0 visualStepAvgCm=0.00 visualStepMaxCm=0.00
[rubber-banding][remote-render] time=322.411 frame=22866 entity=4 latestHostTick=14158 buffer=8 windowMs=1002.8 fps=50.9 snapshots=30 arrivalSamples=30 arrivalAvgMs=33.2 arrivalP95Ms=51.2 arrivalMaxMs=51.7 sameArrival=0 tickGapMax=2 renderFrames=51 interpolation=51 extrapolation=0 extrapolationCapped=0 extrapolationMaxMs=0.0 oldestHeld=0 zeroSpan=0 movingFrozen=0 teleport=0 visualStepAvgCm=0.00 visualStepMaxCm=0.00
[rubber-banding][remote-render] time=323.425 frame=22916 entity=1 latestHostTick=14220 buffer=8 windowMs=1013.7 fps=49.3 snapshots=31 arrivalSamples=31 arrivalAvgMs=32.9 arrivalP95Ms=42.8 arrivalMaxMs=66.8 sameArrival=2 tickGapMax=2 renderFrames=50 interpolation=50 extrapolation=0 extrapolationCapped=0 extrapolationMaxMs=0.0 oldestHeld=0 zeroSpan=2 movingFrozen=0 teleport=0 visualStepAvgCm=0.00 visualStepMaxCm=0.00
[rubber-banding][remote-render] time=323.425 frame=22916 entity=3 latestHostTick=14220 buffer=8 windowMs=1013.7 fps=49.3 snapshots=31 arrivalSamples=31 arrivalAvgMs=32.9 arrivalP95Ms=42.8 arrivalMaxMs=66.8 sameArrival=2 tickGapMax=2 renderFrames=50 interpolation=50 extrapolation=0 extrapolationCapped=0 extrapolationMaxMs=0.0 oldestHeld=0 zeroSpan=2 movingFrozen=0 teleport=0 visualStepAvgCm=0.00 visualStepMaxCm=0.00
[rubber-banding][remote-render] time=323.425 frame=22916 entity=4 latestHostTick=14220 buffer=8 windowMs=1013.7 fps=49.3 snapshots=31 arrivalSamples=31 arrivalAvgMs=32.9 arrivalP95Ms=42.8 arrivalMaxMs=66.8 sameArrival=2 tickGapMax=2 renderFrames=50 interpolation=50 extrapolation=0 extrapolationCapped=0 extrapolationMaxMs=0.0 oldestHeld=0 zeroSpan=2 movingFrozen=0 teleport=0 visualStepAvgCm=0.00 visualStepMaxCm=0.00
[rubber-banding][remote-render] time=324.425 frame=22966 entity=1 latestHostTick=14280 buffer=8 windowMs=1000.2 fps=50.0 snapshots=30 arrivalSamples=30 arrivalAvgMs=33.3 arrivalP95Ms=42.1 arrivalMaxMs=42.3 sameArrival=1 tickGapMax=2 renderFrames=50 interpolation=50 extrapolation=0 extrapolationCapped=0 extrapolationMaxMs=0.0 oldestHeld=0 zeroSpan=3 movingFrozen=0 teleport=0 visualStepAvgCm=0.00 visualStepMaxCm=0.00
[rubber-banding][remote-render] time=324.425 frame=22966 entity=3 latestHostTick=14280 buffer=8 windowMs=1000.2 fps=50.0 snapshots=30 arrivalSamples=30 arrivalAvgMs=33.3 arrivalP95Ms=42.1 arrivalMaxMs=42.3 sameArrival=1 tickGapMax=2 renderFrames=50 interpolation=50 extrapolation=0 extrapolationCapped=0 extrapolationMaxMs=0.0 oldestHeld=0 zeroSpan=3 movingFrozen=0 teleport=0 visualStepAvgCm=0.00 visualStepMaxCm=0.00
[rubber-banding][remote-render] time=324.425 frame=22966 entity=4 latestHostTick=14280 buffer=8 windowMs=1000.2 fps=50.0 snapshots=30 arrivalSamples=30 arrivalAvgMs=33.3 arrivalP95Ms=42.1 arrivalMaxMs=42.3 sameArrival=1 tickGapMax=2 renderFrames=50 interpolation=50 extrapolation=0 extrapolationCapped=0 extrapolationMaxMs=0.0 oldestHeld=0 zeroSpan=3 movingFrozen=0 teleport=0 visualStepAvgCm=0.00 visualStepMaxCm=0.00
[rubber-banding][remote-render] time=325.444 frame=23017 entity=1 latestHostTick=14340 buffer=8 windowMs=1018.6 fps=50.1 snapshots=30 arrivalSamples=30 arrivalAvgMs=34.0 arrivalP95Ms=49.9 arrivalMaxMs=50.4 sameArrival=1 tickGapMax=2 renderFrames=51 interpolation=51 extrapolation=0 extrapolationCapped=0 extrapolationMaxMs=0.0 oldestHeld=0 zeroSpan=1 movingFrozen=0 teleport=0 visualStepAvgCm=0.00 visualStepMaxCm=0.00
[rubber-banding][remote-render] time=325.444 frame=23017 entity=3 latestHostTick=14340 buffer=8 windowMs=1018.6 fps=50.1 snapshots=30 arrivalSamples=30 arrivalAvgMs=34.0 arrivalP95Ms=49.9 arrivalMaxMs=50.4 sameArrival=1 tickGapMax=2 renderFrames=51 interpolation=51 extrapolation=0 extrapolationCapped=0 extrapolationMaxMs=0.0 oldestHeld=0 zeroSpan=1 movingFrozen=0 teleport=0 visualStepAvgCm=0.00 visualStepMaxCm=0.00
[rubber-banding][remote-render] time=325.444 frame=23017 entity=4 latestHostTick=14340 buffer=8 windowMs=1018.6 fps=50.1 snapshots=30 arrivalSamples=30 arrivalAvgMs=34.0 arrivalP95Ms=49.9 arrivalMaxMs=50.4 sameArrival=1 tickGapMax=2 renderFrames=51 interpolation=51 extrapolation=0 extrapolationCapped=0 extrapolationMaxMs=0.0 oldestHeld=0 zeroSpan=1 movingFrozen=0 teleport=0 visualStepAvgCm=0.00 visualStepMaxCm=0.00
[rubber-banding][remote-render] time=326.450 frame=23067 entity=1 latestHostTick=14400 buffer=8 windowMs=1006.4 fps=49.7 snapshots=30 arrivalSamples=30 arrivalAvgMs=33.0 arrivalP95Ms=43.1 arrivalMaxMs=50.0 sameArrival=0 tickGapMax=2 renderFrames=50 interpolation=50 extrapolation=0 extrapolationCapped=0 extrapolationMaxMs=0.0 oldestHeld=0 zeroSpan=0 movingFrozen=0 teleport=0 visualStepAvgCm=0.00 visualStepMaxCm=0.00
[rubber-banding][remote-render] time=326.450 frame=23067 entity=3 latestHostTick=14400 buffer=8 windowMs=1006.4 fps=49.7 snapshots=30 arrivalSamples=30 arrivalAvgMs=33.0 arrivalP95Ms=43.1 arrivalMaxMs=50.0 sameArrival=0 tickGapMax=2 renderFrames=50 interpolation=50 extrapolation=0 extrapolationCapped=0 extrapolationMaxMs=0.0 oldestHeld=0 zeroSpan=0 movingFrozen=0 teleport=0 visualStepAvgCm=0.00 visualStepMaxCm=0.00
[rubber-banding][remote-render] time=326.450 frame=23067 entity=4 latestHostTick=14400 buffer=8 windowMs=1006.4 fps=49.7 snapshots=30 arrivalSamples=30 arrivalAvgMs=33.0 arrivalP95Ms=43.1 arrivalMaxMs=50.0 sameArrival=0 tickGapMax=2 renderFrames=50 interpolation=50 extrapolation=0 extrapolationCapped=0 extrapolationMaxMs=0.0 oldestHeld=0 zeroSpan=0 movingFrozen=0 teleport=0 visualStepAvgCm=0.00 visualStepMaxCm=0.00
[rubber-banding][remote-render] time=327.459 frame=23117 entity=1 latestHostTick=14462 buffer=8 windowMs=1008.3 fps=49.6 snapshots=31 arrivalSamples=31 arrivalAvgMs=33.1 arrivalP95Ms=44.2 arrivalMaxMs=49.2 sameArrival=0 tickGapMax=2 renderFrames=50 interpolation=50 extrapolation=0 extrapolationCapped=0 extrapolationMaxMs=0.0 oldestHeld=0 zeroSpan=0 movingFrozen=0 teleport=0 visualStepAvgCm=0.00 visualStepMaxCm=0.00
[rubber-banding][remote-render] time=327.459 frame=23117 entity=3 latestHostTick=14462 buffer=8 windowMs=1008.3 fps=49.6 snapshots=31 arrivalSamples=31 arrivalAvgMs=33.1 arrivalP95Ms=44.2 arrivalMaxMs=49.2 sameArrival=0 tickGapMax=2 renderFrames=50 interpolation=50 extrapolation=0 extrapolationCapped=0 extrapolationMaxMs=0.0 oldestHeld=0 zeroSpan=0 movingFrozen=0 teleport=0 visualStepAvgCm=0.00 visualStepMaxCm=0.00
[rubber-banding][remote-render] time=327.459 frame=23117 entity=4 latestHostTick=14462 buffer=8 windowMs=1008.3 fps=49.6 snapshots=31 arrivalSamples=31 arrivalAvgMs=33.1 arrivalP95Ms=44.2 arrivalMaxMs=49.2 sameArrival=0 tickGapMax=2 renderFrames=50 interpolation=50 extrapolation=0 extrapolationCapped=0 extrapolationMaxMs=0.0 oldestHeld=0 zeroSpan=0 movingFrozen=0 teleport=0 visualStepAvgCm=0.00 visualStepMaxCm=0.00
[rubber-banding][remote-render] time=328.485 frame=23168 entity=1 latestHostTick=14522 buffer=8 windowMs=1025.9 fps=49.7 snapshots=30 arrivalSamples=30 arrivalAvgMs=34.2 arrivalP95Ms=44.1 arrivalMaxMs=44.2 sameArrival=0 tickGapMax=2 renderFrames=51 interpolation=51 extrapolation=0 extrapolationCapped=0 extrapolationMaxMs=0.0 oldestHeld=0 zeroSpan=0 movingFrozen=0 teleport=0 visualStepAvgCm=0.00 visualStepMaxCm=0.00
[rubber-banding][remote-render] time=328.485 frame=23168 entity=3 latestHostTick=14522 buffer=8 windowMs=1025.9 fps=49.7 snapshots=30 arrivalSamples=30 arrivalAvgMs=34.2 arrivalP95Ms=44.1 arrivalMaxMs=44.2 sameArrival=0 tickGapMax=2 renderFrames=51 interpolation=51 extrapolation=0 extrapolationCapped=0 extrapolationMaxMs=0.0 oldestHeld=0 zeroSpan=0 movingFrozen=0 teleport=0 visualStepAvgCm=0.00 visualStepMaxCm=0.00
[rubber-banding][remote-render] time=328.485 frame=23168 entity=4 latestHostTick=14522 buffer=8 windowMs=1025.9 fps=49.7 snapshots=30 arrivalSamples=30 arrivalAvgMs=34.2 arrivalP95Ms=44.1 arrivalMaxMs=44.2 sameArrival=0 tickGapMax=2 renderFrames=51 interpolation=51 extrapolation=0 extrapolationCapped=0 extrapolationMaxMs=0.0 oldestHeld=0 zeroSpan=0 movingFrozen=0 teleport=0 visualStepAvgCm=0.00 visualStepMaxCm=0.00
[rubber-banding][remote-render] time=329.485 frame=23218 entity=1 latestHostTick=14582 buffer=8 windowMs=1000.1 fps=50.0 snapshots=30 arrivalSamples=30 arrivalAvgMs=33.3 arrivalP95Ms=58.1 arrivalMaxMs=58.9 sameArrival=1 tickGapMax=2 renderFrames=50 interpolation=50 extrapolation=0 extrapolationCapped=0 extrapolationMaxMs=0.0 oldestHeld=0 zeroSpan=1 movingFrozen=0 teleport=0 visualStepAvgCm=0.00 visualStepMaxCm=0.00
[rubber-banding][remote-render] time=329.485 frame=23218 entity=3 latestHostTick=14582 buffer=8 windowMs=1000.1 fps=50.0 snapshots=30 arrivalSamples=30 arrivalAvgMs=33.3 arrivalP95Ms=58.1 arrivalMaxMs=58.9 sameArrival=1 tickGapMax=2 renderFrames=50 interpolation=50 extrapolation=0 extrapolationCapped=0 extrapolationMaxMs=0.0 oldestHeld=0 zeroSpan=1 movingFrozen=0 teleport=0 visualStepAvgCm=0.00 visualStepMaxCm=0.00
[rubber-banding][remote-render] time=329.485 frame=23218 entity=4 latestHostTick=14582 buffer=8 windowMs=1000.1 fps=50.0 snapshots=30 arrivalSamples=30 arrivalAvgMs=33.3 arrivalP95Ms=58.1 arrivalMaxMs=58.9 sameArrival=1 tickGapMax=2 renderFrames=50 interpolation=50 extrapolation=0 extrapolationCapped=0 extrapolationMaxMs=0.0 oldestHeld=0 zeroSpan=1 movingFrozen=0 teleport=0 visualStepAvgCm=0.00 visualStepMaxCm=0.00
[rubber-banding][remote-render] time=330.500 frame=23269 entity=1 latestHostTick=14642 buffer=8 windowMs=1015.6 fps=50.2 snapshots=30 arrivalSamples=30 arrivalAvgMs=33.0 arrivalP95Ms=43.1 arrivalMaxMs=43.3 sameArrival=1 tickGapMax=2 renderFrames=51 interpolation=51 extrapolation=0 extrapolationCapped=0 extrapolationMaxMs=0.0 oldestHeld=0 zeroSpan=2 movingFrozen=0 teleport=0 visualStepAvgCm=0.00 visualStepMaxCm=0.00
[rubber-banding][remote-render] time=330.500 frame=23269 entity=3 latestHostTick=14642 buffer=8 windowMs=1015.6 fps=50.2 snapshots=30 arrivalSamples=30 arrivalAvgMs=33.0 arrivalP95Ms=43.1 arrivalMaxMs=43.3 sameArrival=1 tickGapMax=2 renderFrames=51 interpolation=51 extrapolation=0 extrapolationCapped=0 extrapolationMaxMs=0.0 oldestHeld=0 zeroSpan=2 movingFrozen=0 teleport=0 visualStepAvgCm=0.00 visualStepMaxCm=0.00
[rubber-banding][remote-render] time=330.500 frame=23269 entity=4 latestHostTick=14642 buffer=8 windowMs=1015.6 fps=50.2 snapshots=30 arrivalSamples=30 arrivalAvgMs=33.0 arrivalP95Ms=43.1 arrivalMaxMs=43.3 sameArrival=1 tickGapMax=2 renderFrames=51 interpolation=51 extrapolation=0 extrapolationCapped=0 extrapolationMaxMs=0.0 oldestHeld=0 zeroSpan=2 movingFrozen=0 teleport=0 visualStepAvgCm=0.00 visualStepMaxCm=0.00
[rubber-banding][remote-render] time=331.509 frame=23320 entity=1 latestHostTick=14704 buffer=8 windowMs=1008.4 fps=50.6 snapshots=31 arrivalSamples=31 arrivalAvgMs=33.3 arrivalP95Ms=58.4 arrivalMaxMs=59.6 sameArrival=2 tickGapMax=2 renderFrames=51 interpolation=51 extrapolation=0 extrapolationCapped=0 extrapolationMaxMs=0.0 oldestHeld=0 zeroSpan=3 movingFrozen=0 teleport=0 visualStepAvgCm=0.00 visualStepMaxCm=0.00
[rubber-banding][remote-render] time=331.509 frame=23320 entity=3 latestHostTick=14704 buffer=8 windowMs=1008.4 fps=50.6 snapshots=31 arrivalSamples=31 arrivalAvgMs=33.3 arrivalP95Ms=58.4 arrivalMaxMs=59.6 sameArrival=2 tickGapMax=2 renderFrames=51 interpolation=51 extrapolation=0 extrapolationCapped=0 extrapolationMaxMs=0.0 oldestHeld=0 zeroSpan=3 movingFrozen=0 teleport=0 visualStepAvgCm=0.00 visualStepMaxCm=0.00
[rubber-banding][remote-render] time=331.509 frame=23320 entity=4 latestHostTick=14704 buffer=8 windowMs=1008.4 fps=50.6 snapshots=31 arrivalSamples=31 arrivalAvgMs=33.3 arrivalP95Ms=58.4 arrivalMaxMs=59.6 sameArrival=2 tickGapMax=2 renderFrames=51 interpolation=51 extrapolation=0 extrapolationCapped=0 extrapolationMaxMs=0.0 oldestHeld=0 zeroSpan=3 movingFrozen=0 teleport=0 visualStepAvgCm=0.00 visualStepMaxCm=0.00
[rubber-banding][remote-render] time=332.509 frame=23371 entity=1 latestHostTick=14764 buffer=8 windowMs=1000.6 fps=51.0 snapshots=30 arrivalSamples=30 arrivalAvgMs=33.4 arrivalP95Ms=43.0 arrivalMaxMs=43.5 sameArrival=0 tickGapMax=2 renderFrames=51 interpolation=51 extrapolation=0 extrapolationCapped=0 extrapolationMaxMs=0.0 oldestHeld=0 zeroSpan=0 movingFrozen=0 teleport=0 visualStepAvgCm=0.00 visualStepMaxCm=0.00
[rubber-banding][remote-render] time=332.509 frame=23371 entity=3 latestHostTick=14764 buffer=8 windowMs=1000.6 fps=51.0 snapshots=30 arrivalSamples=30 arrivalAvgMs=33.4 arrivalP95Ms=43.0 arrivalMaxMs=43.5 sameArrival=0 tickGapMax=2 renderFrames=51 interpolation=51 extrapolation=0 extrapolationCapped=0 extrapolationMaxMs=0.0 oldestHeld=0 zeroSpan=0 movingFrozen=0 teleport=0 visualStepAvgCm=0.00 visualStepMaxCm=0.00
[rubber-banding][remote-render] time=332.509 frame=23371 entity=4 latestHostTick=14764 buffer=8 windowMs=1000.6 fps=51.0 snapshots=30 arrivalSamples=30 arrivalAvgMs=33.4 arrivalP95Ms=43.0 arrivalMaxMs=43.5 sameArrival=0 tickGapMax=2 renderFrames=51 interpolation=51 extrapolation=0 extrapolationCapped=0 extrapolationMaxMs=0.0 oldestHeld=0 zeroSpan=0 movingFrozen=0 teleport=0 visualStepAvgCm=0.00 visualStepMaxCm=0.00
[rubber-banding][remote-render] time=333.517 frame=23421 entity=1 latestHostTick=14824 buffer=8 windowMs=1008.0 fps=49.6 snapshots=30 arrivalSamples=30 arrivalAvgMs=33.0 arrivalP95Ms=42.8 arrivalMaxMs=58.3 sameArrival=2 tickGapMax=2 renderFrames=50 interpolation=50 extrapolation=0 extrapolationCapped=0 extrapolationMaxMs=0.0 oldestHeld=0 zeroSpan=2 movingFrozen=0 teleport=0 visualStepAvgCm=0.00 visualStepMaxCm=0.00
[rubber-banding][remote-render] time=333.517 frame=23421 entity=3 latestHostTick=14824 buffer=8 windowMs=1008.0 fps=49.6 snapshots=30 arrivalSamples=30 arrivalAvgMs=33.0 arrivalP95Ms=42.8 arrivalMaxMs=58.3 sameArrival=2 tickGapMax=2 renderFrames=50 interpolation=50 extrapolation=0 extrapolationCapped=0 extrapolationMaxMs=0.0 oldestHeld=0 zeroSpan=2 movingFrozen=0 teleport=0 visualStepAvgCm=0.00 visualStepMaxCm=0.00
[rubber-banding][remote-render] time=333.517 frame=23421 entity=4 latestHostTick=14824 buffer=8 windowMs=1008.0 fps=49.6 snapshots=30 arrivalSamples=30 arrivalAvgMs=33.0 arrivalP95Ms=42.8 arrivalMaxMs=58.3 sameArrival=2 tickGapMax=2 renderFrames=50 interpolation=50 extrapolation=0 extrapolationCapped=0 extrapolationMaxMs=0.0 oldestHeld=0 zeroSpan=2 movingFrozen=0 teleport=0 visualStepAvgCm=0.00 visualStepMaxCm=0.00
[rubber-banding][remote-render] time=334.525 frame=23471 entity=1 latestHostTick=14884 buffer=8 windowMs=1008.0 fps=49.6 snapshots=30 arrivalSamples=30 arrivalAvgMs=33.3 arrivalP95Ms=50.0 arrivalMaxMs=58.4 sameArrival=1 tickGapMax=2 renderFrames=50 interpolation=50 extrapolation=0 extrapolationCapped=0 extrapolationMaxMs=0.0 oldestHeld=0 zeroSpan=2 movingFrozen=0 teleport=0 visualStepAvgCm=0.00 visualStepMaxCm=0.00
[rubber-banding][remote-render] time=334.525 frame=23471 entity=3 latestHostTick=14884 buffer=8 windowMs=1008.0 fps=49.6 snapshots=30 arrivalSamples=30 arrivalAvgMs=33.3 arrivalP95Ms=50.0 arrivalMaxMs=58.4 sameArrival=1 tickGapMax=2 renderFrames=50 interpolation=50 extrapolation=0 extrapolationCapped=0 extrapolationMaxMs=0.0 oldestHeld=0 zeroSpan=2 movingFrozen=0 teleport=0 visualStepAvgCm=0.00 visualStepMaxCm=0.00
[rubber-banding][remote-render] time=334.525 frame=23471 entity=4 latestHostTick=14884 buffer=8 windowMs=1008.0 fps=49.6 snapshots=30 arrivalSamples=30 arrivalAvgMs=33.3 arrivalP95Ms=50.0 arrivalMaxMs=58.4 sameArrival=1 tickGapMax=2 renderFrames=50 interpolation=50 extrapolation=0 extrapolationCapped=0 extrapolationMaxMs=0.0 oldestHeld=0 zeroSpan=2 movingFrozen=0 teleport=0 visualStepAvgCm=0.00 visualStepMaxCm=0.00
[rubber-banding][remote-render] time=335.542 frame=23522 entity=1 latestHostTick=14946 buffer=8 windowMs=1017.2 fps=50.1 snapshots=31 arrivalSamples=31 arrivalAvgMs=33.6 arrivalP95Ms=43.0 arrivalMaxMs=49.6 sameArrival=0 tickGapMax=2 renderFrames=51 interpolation=51 extrapolation=0 extrapolationCapped=0 extrapolationMaxMs=0.0 oldestHeld=0 zeroSpan=0 movingFrozen=0 teleport=0 visualStepAvgCm=0.00 visualStepMaxCm=0.00
[rubber-banding][remote-render] time=335.542 frame=23522 entity=3 latestHostTick=14946 buffer=8 windowMs=1017.2 fps=50.1 snapshots=31 arrivalSamples=31 arrivalAvgMs=33.6 arrivalP95Ms=43.0 arrivalMaxMs=49.6 sameArrival=0 tickGapMax=2 renderFrames=51 interpolation=51 extrapolation=0 extrapolationCapped=0 extrapolationMaxMs=0.0 oldestHeld=0 zeroSpan=0 movingFrozen=0 teleport=0 visualStepAvgCm=0.00 visualStepMaxCm=0.00
[rubber-banding][remote-render] time=335.542 frame=23522 entity=4 latestHostTick=14946 buffer=8 windowMs=1017.2 fps=50.1 snapshots=31 arrivalSamples=31 arrivalAvgMs=33.6 arrivalP95Ms=43.0 arrivalMaxMs=49.6 sameArrival=0 tickGapMax=2 renderFrames=51 interpolation=51 extrapolation=0 extrapolationCapped=0 extrapolationMaxMs=0.0 oldestHeld=0 zeroSpan=0 movingFrozen=0 teleport=0 visualStepAvgCm=0.00 visualStepMaxCm=0.00
[rubber-banding][remote-render] time=336.567 frame=23574 entity=1 latestHostTick=15008 buffer=8 windowMs=1024.8 fps=50.7 snapshots=31 arrivalSamples=31 arrivalAvgMs=33.1 arrivalP95Ms=42.5 arrivalMaxMs=42.8 sameArrival=0 tickGapMax=2 renderFrames=52 interpolation=52 extrapolation=0 extrapolationCapped=0 extrapolationMaxMs=0.0 oldestHeld=0 zeroSpan=0 movingFrozen=0 teleport=0 visualStepAvgCm=0.00 visualStepMaxCm=0.00
[rubber-banding][remote-render] time=336.567 frame=23574 entity=3 latestHostTick=15008 buffer=8 windowMs=1024.8 fps=50.7 snapshots=31 arrivalSamples=31 arrivalAvgMs=33.1 arrivalP95Ms=42.5 arrivalMaxMs=42.8 sameArrival=0 tickGapMax=2 renderFrames=52 interpolation=52 extrapolation=0 extrapolationCapped=0 extrapolationMaxMs=0.0 oldestHeld=0 zeroSpan=0 movingFrozen=0 teleport=0 visualStepAvgCm=0.00 visualStepMaxCm=0.00
[rubber-banding][remote-render] time=336.567 frame=23574 entity=4 latestHostTick=15008 buffer=8 windowMs=1024.8 fps=50.7 snapshots=31 arrivalSamples=31 arrivalAvgMs=33.1 arrivalP95Ms=42.5 arrivalMaxMs=42.8 sameArrival=0 tickGapMax=2 renderFrames=52 interpolation=52 extrapolation=0 extrapolationCapped=0 extrapolationMaxMs=0.0 oldestHeld=0 zeroSpan=0 movingFrozen=0 teleport=0 visualStepAvgCm=0.00 visualStepMaxCm=0.00
[rubber-banding][remote-render] time=337.584 frame=23625 entity=1 latestHostTick=15068 buffer=8 windowMs=1016.5 fps=50.2 snapshots=30 arrivalSamples=30 arrivalAvgMs=33.9 arrivalP95Ms=48.4 arrivalMaxMs=50.0 sameArrival=1 tickGapMax=2 renderFrames=51 interpolation=51 extrapolation=0 extrapolationCapped=0 extrapolationMaxMs=0.0 oldestHeld=0 zeroSpan=2 movingFrozen=0 teleport=0 visualStepAvgCm=0.00 visualStepMaxCm=0.00
[rubber-banding][remote-render] time=337.584 frame=23625 entity=3 latestHostTick=15068 buffer=8 windowMs=1016.5 fps=50.2 snapshots=30 arrivalSamples=30 arrivalAvgMs=33.9 arrivalP95Ms=48.4 arrivalMaxMs=50.0 sameArrival=1 tickGapMax=2 renderFrames=51 interpolation=51 extrapolation=0 extrapolationCapped=0 extrapolationMaxMs=0.0 oldestHeld=0 zeroSpan=2 movingFrozen=0 teleport=0 visualStepAvgCm=0.00 visualStepMaxCm=0.00
[rubber-banding][remote-render] time=337.584 frame=23625 entity=4 latestHostTick=15068 buffer=8 windowMs=1016.5 fps=50.2 snapshots=30 arrivalSamples=30 arrivalAvgMs=33.9 arrivalP95Ms=48.4 arrivalMaxMs=50.0 sameArrival=1 tickGapMax=2 renderFrames=51 interpolation=51 extrapolation=0 extrapolationCapped=0 extrapolationMaxMs=0.0 oldestHeld=0 zeroSpan=2 movingFrozen=0 teleport=0 visualStepAvgCm=0.00 visualStepMaxCm=0.00
[rubber-banding][remote-render] time=338.585 frame=23675 entity=1 latestHostTick=15128 buffer=8 windowMs=1001.2 fps=49.9 snapshots=30 arrivalSamples=30 arrivalAvgMs=33.4 arrivalP95Ms=43.5 arrivalMaxMs=58.3 sameArrival=1 tickGapMax=2 renderFrames=50 interpolation=50 extrapolation=0 extrapolationCapped=0 extrapolationMaxMs=0.0 oldestHeld=0 zeroSpan=1 movingFrozen=0 teleport=0 visualStepAvgCm=0.00 visualStepMaxCm=0.00
[rubber-banding][remote-render] time=338.585 frame=23675 entity=3 latestHostTick=15128 buffer=8 windowMs=1001.2 fps=49.9 snapshots=30 arrivalSamples=30 arrivalAvgMs=33.4 arrivalP95Ms=43.5 arrivalMaxMs=58.3 sameArrival=1 tickGapMax=2 renderFrames=50 interpolation=50 extrapolation=0 extrapolationCapped=0 extrapolationMaxMs=0.0 oldestHeld=0 zeroSpan=1 movingFrozen=0 teleport=0 visualStepAvgCm=0.00 visualStepMaxCm=0.00
[rubber-banding][remote-render] time=338.585 frame=23675 entity=4 latestHostTick=15128 buffer=8 windowMs=1001.2 fps=49.9 snapshots=30 arrivalSamples=30 arrivalAvgMs=33.4 arrivalP95Ms=43.5 arrivalMaxMs=58.3 sameArrival=1 tickGapMax=2 renderFrames=50 interpolation=50 extrapolation=0 extrapolationCapped=0 extrapolationMaxMs=0.0 oldestHeld=0 zeroSpan=1 movingFrozen=0 teleport=0 visualStepAvgCm=0.00 visualStepMaxCm=0.00
[rubber-banding][remote-render] time=339.585 frame=23725 entity=1 latestHostTick=15188 buffer=8 windowMs=1000.4 fps=50.0 snapshots=30 arrivalSamples=30 arrivalAvgMs=32.7 arrivalP95Ms=43.0 arrivalMaxMs=43.9 sameArrival=1 tickGapMax=2 renderFrames=50 interpolation=50 extrapolation=0 extrapolationCapped=0 extrapolationMaxMs=0.0 oldestHeld=0 zeroSpan=1 movingFrozen=0 teleport=0 visualStepAvgCm=0.00 visualStepMaxCm=0.00
[rubber-banding][remote-render] time=339.585 frame=23725 entity=3 latestHostTick=15188 buffer=8 windowMs=1000.4 fps=50.0 snapshots=30 arrivalSamples=30 arrivalAvgMs=32.7 arrivalP95Ms=43.0 arrivalMaxMs=43.9 sameArrival=1 tickGapMax=2 renderFrames=50 interpolation=50 extrapolation=0 extrapolationCapped=0 extrapolationMaxMs=0.0 oldestHeld=0 zeroSpan=1 movingFrozen=0 teleport=0 visualStepAvgCm=0.00 visualStepMaxCm=0.00
[rubber-banding][remote-render] time=339.585 frame=23725 entity=4 latestHostTick=15188 buffer=8 windowMs=1000.4 fps=50.0 snapshots=30 arrivalSamples=30 arrivalAvgMs=32.7 arrivalP95Ms=43.0 arrivalMaxMs=43.9 sameArrival=1 tickGapMax=2 renderFrames=50 interpolation=50 extrapolation=0 extrapolationCapped=0 extrapolationMaxMs=0.0 oldestHeld=0 zeroSpan=1 movingFrozen=0 teleport=0 visualStepAvgCm=0.00 visualStepMaxCm=0.00
[rubber-banding][remote-render] time=340.608 frame=23776 entity=1 latestHostTick=15250 buffer=8 windowMs=1023.3 fps=49.8 snapshots=31 arrivalSamples=31 arrivalAvgMs=33.6 arrivalP95Ms=43.2 arrivalMaxMs=49.1 sameArrival=1 tickGapMax=2 renderFrames=51 interpolation=51 extrapolation=0 extrapolationCapped=0 extrapolationMaxMs=0.0 oldestHeld=0 zeroSpan=1 movingFrozen=0 teleport=0 visualStepAvgCm=0.00 visualStepMaxCm=0.00
[rubber-banding][remote-render] time=340.608 frame=23776 entity=3 latestHostTick=15250 buffer=8 windowMs=1023.3 fps=49.8 snapshots=31 arrivalSamples=31 arrivalAvgMs=33.6 arrivalP95Ms=43.2 arrivalMaxMs=49.1 sameArrival=1 tickGapMax=2 renderFrames=51 interpolation=51 extrapolation=0 extrapolationCapped=0 extrapolationMaxMs=0.0 oldestHeld=0 zeroSpan=1 movingFrozen=0 teleport=0 visualStepAvgCm=0.00 visualStepMaxCm=0.00
[rubber-banding][remote-render] time=340.608 frame=23776 entity=4 latestHostTick=15250 buffer=8 windowMs=1023.3 fps=49.8 snapshots=31 arrivalSamples=31 arrivalAvgMs=33.6 arrivalP95Ms=43.2 arrivalMaxMs=49.1 sameArrival=1 tickGapMax=2 renderFrames=51 interpolation=51 extrapolation=0 extrapolationCapped=0 extrapolationMaxMs=0.0 oldestHeld=0 zeroSpan=1 movingFrozen=0 teleport=0 visualStepAvgCm=0.00 visualStepMaxCm=0.00
[rubber-banding][remote-render] time=341.617 frame=23827 entity=1 latestHostTick=15310 buffer=8 windowMs=1008.7 fps=50.6 snapshots=30 arrivalSamples=30 arrivalAvgMs=33.6 arrivalP95Ms=50.1 arrivalMaxMs=58.9 sameArrival=1 tickGapMax=2 renderFrames=51 interpolation=51 extrapolation=0 extrapolationCapped=0 extrapolationMaxMs=0.0 oldestHeld=0 zeroSpan=2 movingFrozen=0 teleport=0 visualStepAvgCm=0.00 visualStepMaxCm=0.00
[rubber-banding][remote-render] time=341.617 frame=23827 entity=3 latestHostTick=15310 buffer=8 windowMs=1008.7 fps=50.6 snapshots=30 arrivalSamples=30 arrivalAvgMs=33.6 arrivalP95Ms=50.1 arrivalMaxMs=58.9 sameArrival=1 tickGapMax=2 renderFrames=51 interpolation=51 extrapolation=0 extrapolationCapped=0 extrapolationMaxMs=0.0 oldestHeld=0 zeroSpan=2 movingFrozen=0 teleport=0 visualStepAvgCm=0.00 visualStepMaxCm=0.00
[rubber-banding][remote-render] time=341.617 frame=23827 entity=4 latestHostTick=15310 buffer=8 windowMs=1008.7 fps=50.6 snapshots=30 arrivalSamples=30 arrivalAvgMs=33.6 arrivalP95Ms=50.1 arrivalMaxMs=58.9 sameArrival=1 tickGapMax=2 renderFrames=51 interpolation=51 extrapolation=0 extrapolationCapped=0 extrapolationMaxMs=0.0 oldestHeld=0 zeroSpan=2 movingFrozen=0 teleport=0 visualStepAvgCm=0.00 visualStepMaxCm=0.00
[rubber-banding][remote-render] time=342.643 frame=23878 entity=1 latestHostTick=15372 buffer=8 windowMs=1025.8 fps=49.7 snapshots=31 arrivalSamples=31 arrivalAvgMs=33.1 arrivalP95Ms=43.8 arrivalMaxMs=58.4 sameArrival=2 tickGapMax=2 renderFrames=51 interpolation=51 extrapolation=0 extrapolationCapped=0 extrapolationMaxMs=0.0 oldestHeld=0 zeroSpan=4 movingFrozen=0 teleport=0 visualStepAvgCm=0.00 visualStepMaxCm=0.00
[rubber-banding][remote-render] time=342.643 frame=23878 entity=3 latestHostTick=15372 buffer=8 windowMs=1025.8 fps=49.7 snapshots=31 arrivalSamples=31 arrivalAvgMs=33.1 arrivalP95Ms=43.8 arrivalMaxMs=58.4 sameArrival=2 tickGapMax=2 renderFrames=51 interpolation=51 extrapolation=0 extrapolationCapped=0 extrapolationMaxMs=0.0 oldestHeld=0 zeroSpan=4 movingFrozen=0 teleport=0 visualStepAvgCm=0.00 visualStepMaxCm=0.00
[rubber-banding][remote-render] time=342.643 frame=23878 entity=4 latestHostTick=15372 buffer=8 windowMs=1025.8 fps=49.7 snapshots=31 arrivalSamples=31 arrivalAvgMs=33.1 arrivalP95Ms=43.8 arrivalMaxMs=58.4 sameArrival=2 tickGapMax=2 renderFrames=51 interpolation=51 extrapolation=0 extrapolationCapped=0 extrapolationMaxMs=0.0 oldestHeld=0 zeroSpan=4 movingFrozen=0 teleport=0 visualStepAvgCm=0.00 visualStepMaxCm=0.00
[rubber-banding][remote-render] time=343.658 frame=23929 entity=1 latestHostTick=15432 buffer=8 windowMs=1015.5 fps=50.2 snapshots=30 arrivalSamples=30 arrivalAvgMs=33.0 arrivalP95Ms=43.1 arrivalMaxMs=43.3 sameArrival=0 tickGapMax=2 renderFrames=51 interpolation=51 extrapolation=0 extrapolationCapped=0 extrapolationMaxMs=0.0 oldestHeld=0 zeroSpan=0 movingFrozen=0 teleport=0 visualStepAvgCm=0.00 visualStepMaxCm=0.00
[rubber-banding][remote-render] time=343.658 frame=23929 entity=3 latestHostTick=15432 buffer=8 windowMs=1015.5 fps=50.2 snapshots=30 arrivalSamples=30 arrivalAvgMs=33.0 arrivalP95Ms=43.1 arrivalMaxMs=43.3 sameArrival=0 tickGapMax=2 renderFrames=51 interpolation=51 extrapolation=0 extrapolationCapped=0 extrapolationMaxMs=0.0 oldestHeld=0 zeroSpan=0 movingFrozen=0 teleport=0 visualStepAvgCm=0.00 visualStepMaxCm=0.00
[rubber-banding][remote-render] time=343.658 frame=23929 entity=4 latestHostTick=15432 buffer=8 windowMs=1015.5 fps=50.2 snapshots=30 arrivalSamples=30 arrivalAvgMs=33.0 arrivalP95Ms=43.1 arrivalMaxMs=43.3 sameArrival=0 tickGapMax=2 renderFrames=51 interpolation=51 extrapolation=0 extrapolationCapped=0 extrapolationMaxMs=0.0 oldestHeld=0 zeroSpan=0 movingFrozen=0 teleport=0 visualStepAvgCm=0.00 visualStepMaxCm=0.00
[rubber-banding][remote-render] time=344.658 frame=23979 entity=1 latestHostTick=15492 buffer=8 windowMs=1000.0 fps=50.0 snapshots=30 arrivalSamples=30 arrivalAvgMs=33.6 arrivalP95Ms=48.8 arrivalMaxMs=49.6 sameArrival=1 tickGapMax=2 renderFrames=50 interpolation=50 extrapolation=0 extrapolationCapped=0 extrapolationMaxMs=0.0 oldestHeld=0 zeroSpan=2 movingFrozen=0 teleport=0 visualStepAvgCm=0.00 visualStepMaxCm=0.00
[rubber-banding][remote-render] time=344.658 frame=23979 entity=3 latestHostTick=15492 buffer=8 windowMs=1000.0 fps=50.0 snapshots=30 arrivalSamples=30 arrivalAvgMs=33.6 arrivalP95Ms=48.8 arrivalMaxMs=49.6 sameArrival=1 tickGapMax=2 renderFrames=50 interpolation=50 extrapolation=0 extrapolationCapped=0 extrapolationMaxMs=0.0 oldestHeld=0 zeroSpan=2 movingFrozen=0 teleport=0 visualStepAvgCm=0.00 visualStepMaxCm=0.00
[rubber-banding][remote-render] time=344.658 frame=23979 entity=4 latestHostTick=15492 buffer=8 windowMs=1000.0 fps=50.0 snapshots=30 arrivalSamples=30 arrivalAvgMs=33.6 arrivalP95Ms=48.8 arrivalMaxMs=49.6 sameArrival=1 tickGapMax=2 renderFrames=50 interpolation=50 extrapolation=0 extrapolationCapped=0 extrapolationMaxMs=0.0 oldestHeld=0 zeroSpan=2 movingFrozen=0 teleport=0 visualStepAvgCm=0.00 visualStepMaxCm=0.00
[rubber-banding][remote-render] time=345.675 frame=24029 entity=1 latestHostTick=15554 buffer=8 windowMs=1016.7 fps=49.2 snapshots=31 arrivalSamples=31 arrivalAvgMs=33.3 arrivalP95Ms=43.1 arrivalMaxMs=56.8 sameArrival=2 tickGapMax=2 renderFrames=50 interpolation=50 extrapolation=0 extrapolationCapped=0 extrapolationMaxMs=0.0 oldestHeld=0 zeroSpan=2 movingFrozen=0 teleport=0 visualStepAvgCm=0.00 visualStepMaxCm=0.00
[rubber-banding][remote-render] time=345.675 frame=24029 entity=3 latestHostTick=15554 buffer=8 windowMs=1016.7 fps=49.2 snapshots=31 arrivalSamples=31 arrivalAvgMs=33.3 arrivalP95Ms=43.1 arrivalMaxMs=56.8 sameArrival=2 tickGapMax=2 renderFrames=50 interpolation=50 extrapolation=0 extrapolationCapped=0 extrapolationMaxMs=0.0 oldestHeld=0 zeroSpan=2 movingFrozen=0 teleport=0 visualStepAvgCm=0.00 visualStepMaxCm=0.00
[rubber-banding][remote-render] time=345.675 frame=24029 entity=4 latestHostTick=15554 buffer=8 windowMs=1016.7 fps=49.2 snapshots=31 arrivalSamples=31 arrivalAvgMs=33.3 arrivalP95Ms=43.1 arrivalMaxMs=56.8 sameArrival=2 tickGapMax=2 renderFrames=50 interpolation=50 extrapolation=0 extrapolationCapped=0 extrapolationMaxMs=0.0 oldestHeld=0 zeroSpan=2 movingFrozen=0 teleport=0 visualStepAvgCm=0.00 visualStepMaxCm=0.00
[rubber-banding][remote-render] time=346.675 frame=24078 entity=1 latestHostTick=15614 buffer=8 windowMs=1000.2 fps=49.0 snapshots=30 arrivalSamples=30 arrivalAvgMs=33.3 arrivalP95Ms=58.3 arrivalMaxMs=58.7 sameArrival=1 tickGapMax=2 renderFrames=49 interpolation=49 extrapolation=0 extrapolationCapped=0 extrapolationMaxMs=0.0 oldestHeld=0 zeroSpan=2 movingFrozen=0 teleport=0 visualStepAvgCm=0.00 visualStepMaxCm=0.00
[rubber-banding][remote-render] time=346.675 frame=24078 entity=3 latestHostTick=15614 buffer=8 windowMs=1000.2 fps=49.0 snapshots=30 arrivalSamples=30 arrivalAvgMs=33.3 arrivalP95Ms=58.3 arrivalMaxMs=58.7 sameArrival=1 tickGapMax=2 renderFrames=49 interpolation=49 extrapolation=0 extrapolationCapped=0 extrapolationMaxMs=0.0 oldestHeld=0 zeroSpan=2 movingFrozen=0 teleport=0 visualStepAvgCm=0.00 visualStepMaxCm=0.00
[rubber-banding][remote-render] time=346.675 frame=24078 entity=4 latestHostTick=15614 buffer=8 windowMs=1000.2 fps=49.0 snapshots=30 arrivalSamples=30 arrivalAvgMs=33.3 arrivalP95Ms=58.3 arrivalMaxMs=58.7 sameArrival=1 tickGapMax=2 renderFrames=49 interpolation=49 extrapolation=0 extrapolationCapped=0 extrapolationMaxMs=0.0 oldestHeld=0 zeroSpan=2 movingFrozen=0 teleport=0 visualStepAvgCm=0.00 visualStepMaxCm=0.00
[rubber-banding][remote-render] time=347.692 frame=24128 entity=1 latestHostTick=15674 buffer=8 windowMs=1016.4 fps=49.2 snapshots=30 arrivalSamples=30 arrivalAvgMs=33.3 arrivalP95Ms=44.6 arrivalMaxMs=50.0 sameArrival=1 tickGapMax=2 renderFrames=50 interpolation=50 extrapolation=0 extrapolationCapped=0 extrapolationMaxMs=0.0 oldestHeld=0 zeroSpan=1 movingFrozen=0 teleport=0 visualStepAvgCm=0.00 visualStepMaxCm=0.00
[rubber-banding][remote-render] time=347.692 frame=24128 entity=3 latestHostTick=15674 buffer=8 windowMs=1016.4 fps=49.2 snapshots=30 arrivalSamples=30 arrivalAvgMs=33.3 arrivalP95Ms=44.6 arrivalMaxMs=50.0 sameArrival=1 tickGapMax=2 renderFrames=50 interpolation=50 extrapolation=0 extrapolationCapped=0 extrapolationMaxMs=0.0 oldestHeld=0 zeroSpan=1 movingFrozen=0 teleport=0 visualStepAvgCm=0.00 visualStepMaxCm=0.00
[rubber-banding][remote-render] time=347.692 frame=24128 entity=4 latestHostTick=15674 buffer=8 windowMs=1016.4 fps=49.2 snapshots=30 arrivalSamples=30 arrivalAvgMs=33.3 arrivalP95Ms=44.6 arrivalMaxMs=50.0 sameArrival=1 tickGapMax=2 renderFrames=50 interpolation=50 extrapolation=0 extrapolationCapped=0 extrapolationMaxMs=0.0 oldestHeld=0 zeroSpan=1 movingFrozen=0 teleport=0 visualStepAvgCm=0.00 visualStepMaxCm=0.00
[rubber-banding][remote-render] time=348.709 frame=24178 entity=1 latestHostTick=15736 buffer=8 windowMs=1017.0 fps=49.2 snapshots=31 arrivalSamples=31 arrivalAvgMs=33.3 arrivalP95Ms=51.9 arrivalMaxMs=66.6 sameArrival=0 tickGapMax=2 renderFrames=50 interpolation=50 extrapolation=0 extrapolationCapped=0 extrapolationMaxMs=0.0 oldestHeld=0 zeroSpan=0 movingFrozen=0 teleport=0 visualStepAvgCm=0.00 visualStepMaxCm=0.00
[rubber-banding][remote-render] time=348.709 frame=24178 entity=3 latestHostTick=15736 buffer=8 windowMs=1017.0 fps=49.2 snapshots=31 arrivalSamples=31 arrivalAvgMs=33.3 arrivalP95Ms=51.9 arrivalMaxMs=66.6 sameArrival=0 tickGapMax=2 renderFrames=50 interpolation=50 extrapolation=0 extrapolationCapped=0 extrapolationMaxMs=0.0 oldestHeld=0 zeroSpan=0 movingFrozen=0 teleport=0 visualStepAvgCm=0.00 visualStepMaxCm=0.00
[rubber-banding][remote-render] time=348.709 frame=24178 entity=4 latestHostTick=15736 buffer=8 windowMs=1017.0 fps=49.2 snapshots=31 arrivalSamples=31 arrivalAvgMs=33.3 arrivalP95Ms=51.9 arrivalMaxMs=66.6 sameArrival=0 tickGapMax=2 renderFrames=50 interpolation=50 extrapolation=0 extrapolationCapped=0 extrapolationMaxMs=0.0 oldestHeld=0 zeroSpan=0 movingFrozen=0 teleport=0 visualStepAvgCm=0.00 visualStepMaxCm=0.00
[rubber-banding][remote-render] time=349.725 frame=24229 entity=1 latestHostTick=15796 buffer=8 windowMs=1016.3 fps=50.2 snapshots=30 arrivalSamples=30 arrivalAvgMs=33.1 arrivalP95Ms=56.9 arrivalMaxMs=57.0 sameArrival=1 tickGapMax=2 renderFrames=51 interpolation=51 extrapolation=0 extrapolationCapped=0 extrapolationMaxMs=0.0 oldestHeld=0 zeroSpan=2 movingFrozen=0 teleport=0 visualStepAvgCm=0.00 visualStepMaxCm=0.00
[rubber-banding][remote-render] time=349.725 frame=24229 entity=3 latestHostTick=15796 buffer=8 windowMs=1016.3 fps=50.2 snapshots=30 arrivalSamples=30 arrivalAvgMs=33.1 arrivalP95Ms=56.9 arrivalMaxMs=57.0 sameArrival=1 tickGapMax=2 renderFrames=51 interpolation=51 extrapolation=0 extrapolationCapped=0 extrapolationMaxMs=0.0 oldestHeld=0 zeroSpan=2 movingFrozen=0 teleport=0 visualStepAvgCm=0.00 visualStepMaxCm=0.00
[rubber-banding][remote-render] time=349.725 frame=24229 entity=4 latestHostTick=15796 buffer=8 windowMs=1016.3 fps=50.2 snapshots=30 arrivalSamples=30 arrivalAvgMs=33.1 arrivalP95Ms=56.9 arrivalMaxMs=57.0 sameArrival=1 tickGapMax=2 renderFrames=51 interpolation=51 extrapolation=0 extrapolationCapped=0 extrapolationMaxMs=0.0 oldestHeld=0 zeroSpan=2 movingFrozen=0 teleport=0 visualStepAvgCm=0.00 visualStepMaxCm=0.00
[rubber-banding][remote-render] time=350.733 frame=24279 entity=1 latestHostTick=15856 buffer=8 windowMs=1008.4 fps=49.6 snapshots=30 arrivalSamples=30 arrivalAvgMs=33.9 arrivalP95Ms=42.9 arrivalMaxMs=43.4 sameArrival=0 tickGapMax=2 renderFrames=50 interpolation=50 extrapolation=0 extrapolationCapped=0 extrapolationMaxMs=0.0 oldestHeld=0 zeroSpan=0 movingFrozen=0 teleport=0 visualStepAvgCm=0.00 visualStepMaxCm=0.00
[rubber-banding][remote-render] time=350.733 frame=24279 entity=3 latestHostTick=15856 buffer=8 windowMs=1008.4 fps=49.6 snapshots=30 arrivalSamples=30 arrivalAvgMs=33.9 arrivalP95Ms=42.9 arrivalMaxMs=43.4 sameArrival=0 tickGapMax=2 renderFrames=50 interpolation=50 extrapolation=0 extrapolationCapped=0 extrapolationMaxMs=0.0 oldestHeld=0 zeroSpan=0 movingFrozen=0 teleport=0 visualStepAvgCm=0.00 visualStepMaxCm=0.00
[rubber-banding][remote-render] time=350.733 frame=24279 entity=4 latestHostTick=15856 buffer=8 windowMs=1008.4 fps=49.6 snapshots=30 arrivalSamples=30 arrivalAvgMs=33.9 arrivalP95Ms=42.9 arrivalMaxMs=43.4 sameArrival=0 tickGapMax=2 renderFrames=50 interpolation=50 extrapolation=0 extrapolationCapped=0 extrapolationMaxMs=0.0 oldestHeld=0 zeroSpan=0 movingFrozen=0 teleport=0 visualStepAvgCm=0.00 visualStepMaxCm=0.00
[rubber-banding][remote-render] time=351.742 frame=24328 entity=1 latestHostTick=15918 buffer=8 windowMs=1008.3 fps=48.6 snapshots=31 arrivalSamples=31 arrivalAvgMs=33.1 arrivalP95Ms=58.0 arrivalMaxMs=58.5 sameArrival=2 tickGapMax=2 renderFrames=49 interpolation=49 extrapolation=0 extrapolationCapped=0 extrapolationMaxMs=0.0 oldestHeld=0 zeroSpan=3 movingFrozen=0 teleport=0 visualStepAvgCm=0.00 visualStepMaxCm=0.00
[rubber-banding][remote-render] time=351.742 frame=24328 entity=3 latestHostTick=15918 buffer=8 windowMs=1008.3 fps=48.6 snapshots=31 arrivalSamples=31 arrivalAvgMs=33.1 arrivalP95Ms=58.0 arrivalMaxMs=58.5 sameArrival=2 tickGapMax=2 renderFrames=49 interpolation=49 extrapolation=0 extrapolationCapped=0 extrapolationMaxMs=0.0 oldestHeld=0 zeroSpan=3 movingFrozen=0 teleport=0 visualStepAvgCm=0.00 visualStepMaxCm=0.00
[rubber-banding][remote-render] time=351.742 frame=24328 entity=4 latestHostTick=15918 buffer=8 windowMs=1008.3 fps=48.6 snapshots=31 arrivalSamples=31 arrivalAvgMs=33.1 arrivalP95Ms=58.0 arrivalMaxMs=58.5 sameArrival=2 tickGapMax=2 renderFrames=49 interpolation=49 extrapolation=0 extrapolationCapped=0 extrapolationMaxMs=0.0 oldestHeld=0 zeroSpan=3 movingFrozen=0 teleport=0 visualStepAvgCm=0.00 visualStepMaxCm=0.00
[rubber-banding][remote-render] time=352.750 frame=24377 entity=1 latestHostTick=15978 buffer=8 windowMs=1008.5 fps=48.6 snapshots=30 arrivalSamples=30 arrivalAvgMs=32.8 arrivalP95Ms=50.0 arrivalMaxMs=59.5 sameArrival=1 tickGapMax=2 renderFrames=49 interpolation=49 extrapolation=0 extrapolationCapped=0 extrapolationMaxMs=0.0 oldestHeld=0 zeroSpan=2 movingFrozen=0 teleport=0 visualStepAvgCm=0.00 visualStepMaxCm=0.00
[rubber-banding][remote-render] time=352.750 frame=24377 entity=3 latestHostTick=15978 buffer=8 windowMs=1008.5 fps=48.6 snapshots=30 arrivalSamples=30 arrivalAvgMs=32.8 arrivalP95Ms=50.0 arrivalMaxMs=59.5 sameArrival=1 tickGapMax=2 renderFrames=49 interpolation=49 extrapolation=0 extrapolationCapped=0 extrapolationMaxMs=0.0 oldestHeld=0 zeroSpan=2 movingFrozen=0 teleport=0 visualStepAvgCm=0.00 visualStepMaxCm=0.00
[rubber-banding][remote-render] time=352.750 frame=24377 entity=4 latestHostTick=15978 buffer=8 windowMs=1008.5 fps=48.6 snapshots=30 arrivalSamples=30 arrivalAvgMs=32.8 arrivalP95Ms=50.0 arrivalMaxMs=59.5 sameArrival=1 tickGapMax=2 renderFrames=49 interpolation=49 extrapolation=0 extrapolationCapped=0 extrapolationMaxMs=0.0 oldestHeld=0 zeroSpan=2 movingFrozen=0 teleport=0 visualStepAvgCm=0.00 visualStepMaxCm=0.00
[rubber-banding][remote-render] time=353.760 frame=24426 entity=1 latestHostTick=16038 buffer=8 windowMs=1010.2 fps=48.5 snapshots=30 arrivalSamples=30 arrivalAvgMs=33.9 arrivalP95Ms=58.4 arrivalMaxMs=59.2 sameArrival=0 tickGapMax=2 renderFrames=49 interpolation=49 extrapolation=0 extrapolationCapped=0 extrapolationMaxMs=0.0 oldestHeld=0 zeroSpan=0 movingFrozen=0 teleport=0 visualStepAvgCm=0.00 visualStepMaxCm=0.00
[rubber-banding][remote-render] time=353.760 frame=24426 entity=3 latestHostTick=16038 buffer=8 windowMs=1010.2 fps=48.5 snapshots=30 arrivalSamples=30 arrivalAvgMs=33.9 arrivalP95Ms=58.4 arrivalMaxMs=59.2 sameArrival=0 tickGapMax=2 renderFrames=49 interpolation=49 extrapolation=0 extrapolationCapped=0 extrapolationMaxMs=0.0 oldestHeld=0 zeroSpan=0 movingFrozen=0 teleport=0 visualStepAvgCm=0.00 visualStepMaxCm=0.00
[rubber-banding][remote-render] time=353.760 frame=24426 entity=4 latestHostTick=16038 buffer=8 windowMs=1010.2 fps=48.5 snapshots=30 arrivalSamples=30 arrivalAvgMs=33.9 arrivalP95Ms=58.4 arrivalMaxMs=59.2 sameArrival=0 tickGapMax=2 renderFrames=49 interpolation=49 extrapolation=0 extrapolationCapped=0 extrapolationMaxMs=0.0 oldestHeld=0 zeroSpan=0 movingFrozen=0 teleport=0 visualStepAvgCm=0.00 visualStepMaxCm=0.00
[rubber-banding][remote-render] time=354.775 frame=24476 entity=1 latestHostTick=16100 buffer=8 windowMs=1014.8 fps=49.3 snapshots=31 arrivalSamples=31 arrivalAvgMs=32.8 arrivalP95Ms=42.8 arrivalMaxMs=57.8 sameArrival=2 tickGapMax=2 renderFrames=50 interpolation=50 extrapolation=0 extrapolationCapped=0 extrapolationMaxMs=0.0 oldestHeld=0 zeroSpan=3 movingFrozen=0 teleport=0 visualStepAvgCm=0.00 visualStepMaxCm=0.00
[rubber-banding][remote-render] time=354.775 frame=24476 entity=3 latestHostTick=16100 buffer=8 windowMs=1014.8 fps=49.3 snapshots=31 arrivalSamples=31 arrivalAvgMs=32.8 arrivalP95Ms=42.8 arrivalMaxMs=57.8 sameArrival=2 tickGapMax=2 renderFrames=50 interpolation=50 extrapolation=0 extrapolationCapped=0 extrapolationMaxMs=0.0 oldestHeld=0 zeroSpan=3 movingFrozen=0 teleport=0 visualStepAvgCm=0.00 visualStepMaxCm=0.00
[rubber-banding][remote-render] time=354.775 frame=24476 entity=4 latestHostTick=16100 buffer=8 windowMs=1014.8 fps=49.3 snapshots=31 arrivalSamples=31 arrivalAvgMs=32.8 arrivalP95Ms=42.8 arrivalMaxMs=57.8 sameArrival=2 tickGapMax=2 renderFrames=50 interpolation=50 extrapolation=0 extrapolationCapped=0 extrapolationMaxMs=0.0 oldestHeld=0 zeroSpan=3 movingFrozen=0 teleport=0 visualStepAvgCm=0.00 visualStepMaxCm=0.00
[rubber-banding][remote-render] time=355.792 frame=24526 entity=1 latestHostTick=16160 buffer=8 windowMs=1017.2 fps=49.2 snapshots=30 arrivalSamples=30 arrivalAvgMs=33.9 arrivalP95Ms=57.0 arrivalMaxMs=58.3 sameArrival=2 tickGapMax=2 renderFrames=50 interpolation=50 extrapolation=0 extrapolationCapped=0 extrapolationMaxMs=0.0 oldestHeld=0 zeroSpan=4 movingFrozen=0 teleport=0 visualStepAvgCm=0.00 visualStepMaxCm=0.00
[rubber-banding][remote-render] time=355.792 frame=24526 entity=3 latestHostTick=16160 buffer=8 windowMs=1017.2 fps=49.2 snapshots=30 arrivalSamples=30 arrivalAvgMs=33.9 arrivalP95Ms=57.0 arrivalMaxMs=58.3 sameArrival=2 tickGapMax=2 renderFrames=50 interpolation=50 extrapolation=0 extrapolationCapped=0 extrapolationMaxMs=0.0 oldestHeld=0 zeroSpan=4 movingFrozen=0 teleport=0 visualStepAvgCm=0.00 visualStepMaxCm=0.00
[rubber-banding][remote-render] time=355.792 frame=24526 entity=4 latestHostTick=16160 buffer=8 windowMs=1017.2 fps=49.2 snapshots=30 arrivalSamples=30 arrivalAvgMs=33.9 arrivalP95Ms=57.0 arrivalMaxMs=58.3 sameArrival=2 tickGapMax=2 renderFrames=50 interpolation=50 extrapolation=0 extrapolationCapped=0 extrapolationMaxMs=0.0 oldestHeld=0 zeroSpan=4 movingFrozen=0 teleport=0 visualStepAvgCm=0.00 visualStepMaxCm=0.00
[rubber-banding][remote-render] time=356.808 frame=24576 entity=1 latestHostTick=16222 buffer=8 windowMs=1016.1 fps=49.2 snapshots=31 arrivalSamples=31 arrivalAvgMs=33.3 arrivalP95Ms=58.3 arrivalMaxMs=58.6 sameArrival=2 tickGapMax=2 renderFrames=50 interpolation=50 extrapolation=0 extrapolationCapped=0 extrapolationMaxMs=0.0 oldestHeld=0 zeroSpan=4 movingFrozen=0 teleport=0 visualStepAvgCm=0.00 visualStepMaxCm=0.00
[rubber-banding][remote-render] time=356.808 frame=24576 entity=3 latestHostTick=16222 buffer=8 windowMs=1016.1 fps=49.2 snapshots=31 arrivalSamples=31 arrivalAvgMs=33.3 arrivalP95Ms=58.3 arrivalMaxMs=58.6 sameArrival=2 tickGapMax=2 renderFrames=50 interpolation=50 extrapolation=0 extrapolationCapped=0 extrapolationMaxMs=0.0 oldestHeld=0 zeroSpan=4 movingFrozen=0 teleport=0 visualStepAvgCm=0.00 visualStepMaxCm=0.00
[rubber-banding][remote-render] time=356.808 frame=24576 entity=4 latestHostTick=16222 buffer=8 windowMs=1016.1 fps=49.2 snapshots=31 arrivalSamples=31 arrivalAvgMs=33.3 arrivalP95Ms=58.3 arrivalMaxMs=58.6 sameArrival=2 tickGapMax=2 renderFrames=50 interpolation=50 extrapolation=0 extrapolationCapped=0 extrapolationMaxMs=0.0 oldestHeld=0 zeroSpan=4 movingFrozen=0 teleport=0 visualStepAvgCm=0.00 visualStepMaxCm=0.00
[rubber-banding][remote-render] time=357.809 frame=24625 entity=1 latestHostTick=16282 buffer=8 windowMs=1000.5 fps=49.0 snapshots=30 arrivalSamples=30 arrivalAvgMs=33.3 arrivalP95Ms=50.7 arrivalMaxMs=58.6 sameArrival=1 tickGapMax=2 renderFrames=49 interpolation=49 extrapolation=0 extrapolationCapped=0 extrapolationMaxMs=0.0 oldestHeld=0 zeroSpan=2 movingFrozen=0 teleport=0 visualStepAvgCm=0.00 visualStepMaxCm=0.00
[rubber-banding][remote-render] time=357.809 frame=24625 entity=3 latestHostTick=16282 buffer=8 windowMs=1000.5 fps=49.0 snapshots=30 arrivalSamples=30 arrivalAvgMs=33.3 arrivalP95Ms=50.7 arrivalMaxMs=58.6 sameArrival=1 tickGapMax=2 renderFrames=49 interpolation=49 extrapolation=0 extrapolationCapped=0 extrapolationMaxMs=0.0 oldestHeld=0 zeroSpan=2 movingFrozen=0 teleport=0 visualStepAvgCm=0.00 visualStepMaxCm=0.00
[rubber-banding][remote-render] time=357.809 frame=24625 entity=4 latestHostTick=16282 buffer=8 windowMs=1000.5 fps=49.0 snapshots=30 arrivalSamples=30 arrivalAvgMs=33.3 arrivalP95Ms=50.7 arrivalMaxMs=58.6 sameArrival=1 tickGapMax=2 renderFrames=49 interpolation=49 extrapolation=0 extrapolationCapped=0 extrapolationMaxMs=0.0 oldestHeld=0 zeroSpan=2 movingFrozen=0 teleport=0 visualStepAvgCm=0.00 visualStepMaxCm=0.00
[rubber-banding][remote-render] time=358.809 frame=24674 entity=1 latestHostTick=16342 buffer=8 windowMs=1000.2 fps=49.0 snapshots=30 arrivalSamples=30 arrivalAvgMs=33.3 arrivalP95Ms=43.9 arrivalMaxMs=50.2 sameArrival=2 tickGapMax=2 renderFrames=49 interpolation=49 extrapolation=0 extrapolationCapped=0 extrapolationMaxMs=0.0 oldestHeld=0 zeroSpan=4 movingFrozen=0 teleport=0 visualStepAvgCm=0.00 visualStepMaxCm=0.00
[rubber-banding][remote-render] time=358.809 frame=24674 entity=3 latestHostTick=16342 buffer=8 windowMs=1000.2 fps=49.0 snapshots=30 arrivalSamples=30 arrivalAvgMs=33.3 arrivalP95Ms=43.9 arrivalMaxMs=50.2 sameArrival=2 tickGapMax=2 renderFrames=49 interpolation=49 extrapolation=0 extrapolationCapped=0 extrapolationMaxMs=0.0 oldestHeld=0 zeroSpan=4 movingFrozen=0 teleport=0 visualStepAvgCm=0.00 visualStepMaxCm=0.00
[rubber-banding][remote-render] time=358.809 frame=24674 entity=4 latestHostTick=16342 buffer=8 windowMs=1000.2 fps=49.0 snapshots=30 arrivalSamples=30 arrivalAvgMs=33.3 arrivalP95Ms=43.9 arrivalMaxMs=50.2 sameArrival=2 tickGapMax=2 renderFrames=49 interpolation=49 extrapolation=0 extrapolationCapped=0 extrapolationMaxMs=0.0 oldestHeld=0 zeroSpan=4 movingFrozen=0 teleport=0 visualStepAvgCm=0.00 visualStepMaxCm=0.00
[rubber-banding][remote-render] time=359.810 frame=24724 entity=1 latestHostTick=16402 buffer=8 windowMs=1000.7 fps=50.0 snapshots=30 arrivalSamples=30 arrivalAvgMs=33.4 arrivalP95Ms=43.0 arrivalMaxMs=50.6 sameArrival=0 tickGapMax=2 renderFrames=50 interpolation=50 extrapolation=0 extrapolationCapped=0 extrapolationMaxMs=0.0 oldestHeld=0 zeroSpan=0 movingFrozen=0 teleport=0 visualStepAvgCm=0.00 visualStepMaxCm=0.00
[rubber-banding][remote-render] time=359.810 frame=24724 entity=3 latestHostTick=16402 buffer=8 windowMs=1000.7 fps=50.0 snapshots=30 arrivalSamples=30 arrivalAvgMs=33.4 arrivalP95Ms=43.0 arrivalMaxMs=50.6 sameArrival=0 tickGapMax=2 renderFrames=50 interpolation=50 extrapolation=0 extrapolationCapped=0 extrapolationMaxMs=0.0 oldestHeld=0 zeroSpan=0 movingFrozen=0 teleport=0 visualStepAvgCm=0.00 visualStepMaxCm=0.00
[rubber-banding][remote-render] time=359.810 frame=24724 entity=4 latestHostTick=16402 buffer=8 windowMs=1000.7 fps=50.0 snapshots=30 arrivalSamples=30 arrivalAvgMs=33.4 arrivalP95Ms=43.0 arrivalMaxMs=50.6 sameArrival=0 tickGapMax=2 renderFrames=50 interpolation=50 extrapolation=0 extrapolationCapped=0 extrapolationMaxMs=0.0 oldestHeld=0 zeroSpan=0 movingFrozen=0 teleport=0 visualStepAvgCm=0.00 visualStepMaxCm=0.00
[rubber-banding][remote-render] time=360.817 frame=24773 entity=1 latestHostTick=16462 buffer=8 windowMs=1006.9 fps=48.7 snapshots=30 arrivalSamples=30 arrivalAvgMs=33.0 arrivalP95Ms=42.5 arrivalMaxMs=44.7 sameArrival=0 tickGapMax=2 renderFrames=49 interpolation=49 extrapolation=0 extrapolationCapped=0 extrapolationMaxMs=0.0 oldestHeld=0 zeroSpan=0 movingFrozen=0 teleport=0 visualStepAvgCm=0.00 visualStepMaxCm=0.00
[rubber-banding][remote-render] time=360.817 frame=24773 entity=3 latestHostTick=16462 buffer=8 windowMs=1006.9 fps=48.7 snapshots=30 arrivalSamples=30 arrivalAvgMs=33.0 arrivalP95Ms=42.5 arrivalMaxMs=44.7 sameArrival=0 tickGapMax=2 renderFrames=49 interpolation=49 extrapolation=0 extrapolationCapped=0 extrapolationMaxMs=0.0 oldestHeld=0 zeroSpan=0 movingFrozen=0 teleport=0 visualStepAvgCm=0.00 visualStepMaxCm=0.00
[rubber-banding][remote-render] time=360.817 frame=24773 entity=4 latestHostTick=16462 buffer=8 windowMs=1006.9 fps=48.7 snapshots=30 arrivalSamples=30 arrivalAvgMs=33.0 arrivalP95Ms=42.5 arrivalMaxMs=44.7 sameArrival=0 tickGapMax=2 renderFrames=49 interpolation=49 extrapolation=0 extrapolationCapped=0 extrapolationMaxMs=0.0 oldestHeld=0 zeroSpan=0 movingFrozen=0 teleport=0 visualStepAvgCm=0.00 visualStepMaxCm=0.00
[rubber-banding][remote-render] time=361.825 frame=24823 entity=1 latestHostTick=16524 buffer=8 windowMs=1008.4 fps=49.6 snapshots=31 arrivalSamples=31 arrivalAvgMs=33.1 arrivalP95Ms=43.5 arrivalMaxMs=43.8 sameArrival=1 tickGapMax=2 renderFrames=50 interpolation=50 extrapolation=0 extrapolationCapped=0 extrapolationMaxMs=0.0 oldestHeld=0 zeroSpan=1 movingFrozen=0 teleport=0 visualStepAvgCm=0.00 visualStepMaxCm=0.00
[rubber-banding][remote-render] time=361.825 frame=24823 entity=3 latestHostTick=16524 buffer=8 windowMs=1008.4 fps=49.6 snapshots=31 arrivalSamples=31 arrivalAvgMs=33.1 arrivalP95Ms=43.5 arrivalMaxMs=43.8 sameArrival=1 tickGapMax=2 renderFrames=50 interpolation=50 extrapolation=0 extrapolationCapped=0 extrapolationMaxMs=0.0 oldestHeld=0 zeroSpan=1 movingFrozen=0 teleport=0 visualStepAvgCm=0.00 visualStepMaxCm=0.00
[rubber-banding][remote-render] time=361.825 frame=24823 entity=4 latestHostTick=16524 buffer=8 windowMs=1008.4 fps=49.6 snapshots=31 arrivalSamples=31 arrivalAvgMs=33.1 arrivalP95Ms=43.5 arrivalMaxMs=43.8 sameArrival=1 tickGapMax=2 renderFrames=50 interpolation=50 extrapolation=0 extrapolationCapped=0 extrapolationMaxMs=0.0 oldestHeld=0 zeroSpan=1 movingFrozen=0 teleport=0 visualStepAvgCm=0.00 visualStepMaxCm=0.00
[rubber-banding][remote-render] time=362.833 frame=24872 entity=1 latestHostTick=16582 buffer=8 windowMs=1008.3 fps=48.6 snapshots=29 arrivalSamples=29 arrivalAvgMs=33.9 arrivalP95Ms=49.9 arrivalMaxMs=58.4 sameArrival=0 tickGapMax=2 renderFrames=49 interpolation=49 extrapolation=0 extrapolationCapped=0 extrapolationMaxMs=0.0 oldestHeld=0 zeroSpan=0 movingFrozen=0 teleport=0 visualStepAvgCm=0.00 visualStepMaxCm=0.00
[rubber-banding][remote-render] time=362.833 frame=24872 entity=3 latestHostTick=16582 buffer=8 windowMs=1008.3 fps=48.6 snapshots=29 arrivalSamples=29 arrivalAvgMs=33.9 arrivalP95Ms=49.9 arrivalMaxMs=58.4 sameArrival=0 tickGapMax=2 renderFrames=49 interpolation=49 extrapolation=0 extrapolationCapped=0 extrapolationMaxMs=0.0 oldestHeld=0 zeroSpan=0 movingFrozen=0 teleport=0 visualStepAvgCm=0.00 visualStepMaxCm=0.00
[rubber-banding][remote-render] time=362.833 frame=24872 entity=4 latestHostTick=16582 buffer=8 windowMs=1008.3 fps=48.6 snapshots=29 arrivalSamples=29 arrivalAvgMs=33.9 arrivalP95Ms=49.9 arrivalMaxMs=58.4 sameArrival=0 tickGapMax=2 renderFrames=49 interpolation=49 extrapolation=0 extrapolationCapped=0 extrapolationMaxMs=0.0 oldestHeld=0 zeroSpan=0 movingFrozen=0 teleport=0 visualStepAvgCm=0.00 visualStepMaxCm=0.00
[rubber-banding][remote-render] time=363.842 frame=24921 entity=1 latestHostTick=16644 buffer=8 windowMs=1008.3 fps=48.6 snapshots=31 arrivalSamples=31 arrivalAvgMs=33.3 arrivalP95Ms=42.9 arrivalMaxMs=43.8 sameArrival=0 tickGapMax=2 renderFrames=49 interpolation=49 extrapolation=0 extrapolationCapped=0 extrapolationMaxMs=0.0 oldestHeld=0 zeroSpan=0 movingFrozen=0 teleport=0 visualStepAvgCm=0.00 visualStepMaxCm=0.00
[rubber-banding][remote-render] time=363.842 frame=24921 entity=3 latestHostTick=16644 buffer=8 windowMs=1008.3 fps=48.6 snapshots=31 arrivalSamples=31 arrivalAvgMs=33.3 arrivalP95Ms=42.9 arrivalMaxMs=43.8 sameArrival=0 tickGapMax=2 renderFrames=49 interpolation=49 extrapolation=0 extrapolationCapped=0 extrapolationMaxMs=0.0 oldestHeld=0 zeroSpan=0 movingFrozen=0 teleport=0 visualStepAvgCm=0.00 visualStepMaxCm=0.00
[rubber-banding][remote-render] time=363.842 frame=24921 entity=4 latestHostTick=16644 buffer=8 windowMs=1008.3 fps=48.6 snapshots=31 arrivalSamples=31 arrivalAvgMs=33.3 arrivalP95Ms=42.9 arrivalMaxMs=43.8 sameArrival=0 tickGapMax=2 renderFrames=49 interpolation=49 extrapolation=0 extrapolationCapped=0 extrapolationMaxMs=0.0 oldestHeld=0 zeroSpan=0 movingFrozen=0 teleport=0 visualStepAvgCm=0.00 visualStepMaxCm=0.00
[rubber-banding][remote-render] time=364.858 frame=24972 entity=1 latestHostTick=16704 buffer=8 windowMs=1016.7 fps=50.2 snapshots=30 arrivalSamples=30 arrivalAvgMs=33.3 arrivalP95Ms=42.1 arrivalMaxMs=43.3 sameArrival=0 tickGapMax=2 renderFrames=51 interpolation=51 extrapolation=0 extrapolationCapped=0 extrapolationMaxMs=0.0 oldestHeld=0 zeroSpan=0 movingFrozen=0 teleport=0 visualStepAvgCm=0.00 visualStepMaxCm=0.00
[rubber-banding][remote-render] time=364.858 frame=24972 entity=3 latestHostTick=16704 buffer=8 windowMs=1016.7 fps=50.2 snapshots=30 arrivalSamples=30 arrivalAvgMs=33.3 arrivalP95Ms=42.1 arrivalMaxMs=43.3 sameArrival=0 tickGapMax=2 renderFrames=51 interpolation=51 extrapolation=0 extrapolationCapped=0 extrapolationMaxMs=0.0 oldestHeld=0 zeroSpan=0 movingFrozen=0 teleport=0 visualStepAvgCm=0.00 visualStepMaxCm=0.00
[rubber-banding][remote-render] time=364.858 frame=24972 entity=4 latestHostTick=16704 buffer=8 windowMs=1016.7 fps=50.2 snapshots=30 arrivalSamples=30 arrivalAvgMs=33.3 arrivalP95Ms=42.1 arrivalMaxMs=43.3 sameArrival=0 tickGapMax=2 renderFrames=51 interpolation=51 extrapolation=0 extrapolationCapped=0 extrapolationMaxMs=0.0 oldestHeld=0 zeroSpan=0 movingFrozen=0 teleport=0 visualStepAvgCm=0.00 visualStepMaxCm=0.00
[rubber-banding][remote-render] time=365.883 frame=25022 entity=1 latestHostTick=16766 buffer=8 windowMs=1025.0 fps=48.8 snapshots=31 arrivalSamples=31 arrivalAvgMs=33.6 arrivalP95Ms=49.9 arrivalMaxMs=51.2 sameArrival=0 tickGapMax=2 renderFrames=50 interpolation=50 extrapolation=0 extrapolationCapped=0 extrapolationMaxMs=0.0 oldestHeld=0 zeroSpan=0 movingFrozen=0 teleport=0 visualStepAvgCm=0.00 visualStepMaxCm=0.00
[rubber-banding][remote-render] time=365.883 frame=25022 entity=3 latestHostTick=16766 buffer=8 windowMs=1025.0 fps=48.8 snapshots=31 arrivalSamples=31 arrivalAvgMs=33.6 arrivalP95Ms=49.9 arrivalMaxMs=51.2 sameArrival=0 tickGapMax=2 renderFrames=50 interpolation=50 extrapolation=0 extrapolationCapped=0 extrapolationMaxMs=0.0 oldestHeld=0 zeroSpan=0 movingFrozen=0 teleport=0 visualStepAvgCm=0.00 visualStepMaxCm=0.00
[rubber-banding][remote-render] time=365.883 frame=25022 entity=4 latestHostTick=16766 buffer=8 windowMs=1025.0 fps=48.8 snapshots=31 arrivalSamples=31 arrivalAvgMs=33.6 arrivalP95Ms=49.9 arrivalMaxMs=51.2 sameArrival=0 tickGapMax=2 renderFrames=50 interpolation=50 extrapolation=0 extrapolationCapped=0 extrapolationMaxMs=0.0 oldestHeld=0 zeroSpan=0 movingFrozen=0 teleport=0 visualStepAvgCm=0.00 visualStepMaxCm=0.00
[rubber-banding][remote-render] time=366.893 frame=25072 entity=1 latestHostTick=16826 buffer=8 windowMs=1009.9 fps=49.5 snapshots=30 arrivalSamples=30 arrivalAvgMs=33.1 arrivalP95Ms=42.9 arrivalMaxMs=58.7 sameArrival=1 tickGapMax=2 renderFrames=50 interpolation=50 extrapolation=0 extrapolationCapped=0 extrapolationMaxMs=0.0 oldestHeld=0 zeroSpan=2 movingFrozen=0 teleport=0 visualStepAvgCm=0.00 visualStepMaxCm=0.00
[rubber-banding][remote-render] time=366.893 frame=25072 entity=3 latestHostTick=16826 buffer=8 windowMs=1009.9 fps=49.5 snapshots=30 arrivalSamples=30 arrivalAvgMs=33.1 arrivalP95Ms=42.9 arrivalMaxMs=58.7 sameArrival=1 tickGapMax=2 renderFrames=50 interpolation=50 extrapolation=0 extrapolationCapped=0 extrapolationMaxMs=0.0 oldestHeld=0 zeroSpan=2 movingFrozen=0 teleport=0 visualStepAvgCm=0.00 visualStepMaxCm=0.00
[rubber-banding][remote-render] time=366.893 frame=25072 entity=4 latestHostTick=16826 buffer=8 windowMs=1009.9 fps=49.5 snapshots=30 arrivalSamples=30 arrivalAvgMs=33.1 arrivalP95Ms=42.9 arrivalMaxMs=58.7 sameArrival=1 tickGapMax=2 renderFrames=50 interpolation=50 extrapolation=0 extrapolationCapped=0 extrapolationMaxMs=0.0 oldestHeld=0 zeroSpan=2 movingFrozen=0 teleport=0 visualStepAvgCm=0.00 visualStepMaxCm=0.00
[rubber-banding][remote-render] time=367.917 frame=25122 entity=1 latestHostTick=16888 buffer=8 windowMs=1023.5 fps=48.9 snapshots=31 arrivalSamples=31 arrivalAvgMs=33.6 arrivalP95Ms=50.6 arrivalMaxMs=57.8 sameArrival=1 tickGapMax=2 renderFrames=50 interpolation=50 extrapolation=0 extrapolationCapped=0 extrapolationMaxMs=0.0 oldestHeld=0 zeroSpan=1 movingFrozen=0 teleport=0 visualStepAvgCm=0.00 visualStepMaxCm=0.00
[rubber-banding][remote-render] time=367.917 frame=25122 entity=3 latestHostTick=16888 buffer=8 windowMs=1023.5 fps=48.9 snapshots=31 arrivalSamples=31 arrivalAvgMs=33.6 arrivalP95Ms=50.6 arrivalMaxMs=57.8 sameArrival=1 tickGapMax=2 renderFrames=50 interpolation=50 extrapolation=0 extrapolationCapped=0 extrapolationMaxMs=0.0 oldestHeld=0 zeroSpan=1 movingFrozen=0 teleport=0 visualStepAvgCm=0.00 visualStepMaxCm=0.00
[rubber-banding][remote-render] time=367.917 frame=25122 entity=4 latestHostTick=16888 buffer=8 windowMs=1023.5 fps=48.9 snapshots=31 arrivalSamples=31 arrivalAvgMs=33.6 arrivalP95Ms=50.6 arrivalMaxMs=57.8 sameArrival=1 tickGapMax=2 renderFrames=50 interpolation=50 extrapolation=0 extrapolationCapped=0 extrapolationMaxMs=0.0 oldestHeld=0 zeroSpan=1 movingFrozen=0 teleport=0 visualStepAvgCm=0.00 visualStepMaxCm=0.00
[rubber-banding][remote-render] time=368.925 frame=25171 entity=1 latestHostTick=16948 buffer=8 windowMs=1008.3 fps=48.6 snapshots=30 arrivalSamples=30 arrivalAvgMs=33.1 arrivalP95Ms=58.4 arrivalMaxMs=66.7 sameArrival=2 tickGapMax=2 renderFrames=49 interpolation=49 extrapolation=0 extrapolationCapped=0 extrapolationMaxMs=0.0 oldestHeld=0 zeroSpan=3 movingFrozen=0 teleport=0 visualStepAvgCm=0.00 visualStepMaxCm=0.00
[rubber-banding][remote-render] time=368.925 frame=25171 entity=3 latestHostTick=16948 buffer=8 windowMs=1008.3 fps=48.6 snapshots=30 arrivalSamples=30 arrivalAvgMs=33.1 arrivalP95Ms=58.4 arrivalMaxMs=66.7 sameArrival=2 tickGapMax=2 renderFrames=49 interpolation=49 extrapolation=0 extrapolationCapped=0 extrapolationMaxMs=0.0 oldestHeld=0 zeroSpan=3 movingFrozen=0 teleport=0 visualStepAvgCm=0.00 visualStepMaxCm=0.00
[rubber-banding][remote-render] time=368.925 frame=25171 entity=4 latestHostTick=16948 buffer=8 windowMs=1008.3 fps=48.6 snapshots=30 arrivalSamples=30 arrivalAvgMs=33.1 arrivalP95Ms=58.4 arrivalMaxMs=66.7 sameArrival=2 tickGapMax=2 renderFrames=49 interpolation=49 extrapolation=0 extrapolationCapped=0 extrapolationMaxMs=0.0 oldestHeld=0 zeroSpan=3 movingFrozen=0 teleport=0 visualStepAvgCm=0.00 visualStepMaxCm=0.00
[rubber-banding][remote-render] time=369.942 frame=25221 entity=1 latestHostTick=17010 buffer=8 windowMs=1016.8 fps=49.2 snapshots=31 arrivalSamples=31 arrivalAvgMs=33.3 arrivalP95Ms=42.3 arrivalMaxMs=42.8 sameArrival=1 tickGapMax=2 renderFrames=50 interpolation=50 extrapolation=0 extrapolationCapped=0 extrapolationMaxMs=0.0 oldestHeld=0 zeroSpan=2 movingFrozen=0 teleport=0 visualStepAvgCm=0.00 visualStepMaxCm=0.00
[rubber-banding][remote-render] time=369.942 frame=25221 entity=3 latestHostTick=17010 buffer=8 windowMs=1016.8 fps=49.2 snapshots=31 arrivalSamples=31 arrivalAvgMs=33.3 arrivalP95Ms=42.3 arrivalMaxMs=42.8 sameArrival=1 tickGapMax=2 renderFrames=50 interpolation=50 extrapolation=0 extrapolationCapped=0 extrapolationMaxMs=0.0 oldestHeld=0 zeroSpan=2 movingFrozen=0 teleport=0 visualStepAvgCm=0.00 visualStepMaxCm=0.00
[rubber-banding][remote-render] time=369.942 frame=25221 entity=4 latestHostTick=17010 buffer=8 windowMs=1016.8 fps=49.2 snapshots=31 arrivalSamples=31 arrivalAvgMs=33.3 arrivalP95Ms=42.3 arrivalMaxMs=42.8 sameArrival=1 tickGapMax=2 renderFrames=50 interpolation=50 extrapolation=0 extrapolationCapped=0 extrapolationMaxMs=0.0 oldestHeld=0 zeroSpan=2 movingFrozen=0 teleport=0 visualStepAvgCm=0.00 visualStepMaxCm=0.00
[rubber-banding][remote-render] time=370.958 frame=25271 entity=1 latestHostTick=17072 buffer=8 windowMs=1016.5 fps=49.2 snapshots=31 arrivalSamples=31 arrivalAvgMs=32.8 arrivalP95Ms=42.7 arrivalMaxMs=43.3 sameArrival=2 tickGapMax=2 renderFrames=50 interpolation=50 extrapolation=0 extrapolationCapped=0 extrapolationMaxMs=0.0 oldestHeld=0 zeroSpan=2 movingFrozen=0 teleport=0 visualStepAvgCm=0.00 visualStepMaxCm=0.00
[rubber-banding][remote-render] time=370.958 frame=25271 entity=3 latestHostTick=17072 buffer=8 windowMs=1016.5 fps=49.2 snapshots=31 arrivalSamples=31 arrivalAvgMs=32.8 arrivalP95Ms=42.7 arrivalMaxMs=43.3 sameArrival=2 tickGapMax=2 renderFrames=50 interpolation=50 extrapolation=0 extrapolationCapped=0 extrapolationMaxMs=0.0 oldestHeld=0 zeroSpan=2 movingFrozen=0 teleport=0 visualStepAvgCm=0.00 visualStepMaxCm=0.00
[rubber-banding][remote-render] time=370.958 frame=25271 entity=4 latestHostTick=17072 buffer=8 windowMs=1016.5 fps=49.2 snapshots=31 arrivalSamples=31 arrivalAvgMs=32.8 arrivalP95Ms=42.7 arrivalMaxMs=43.3 sameArrival=2 tickGapMax=2 renderFrames=50 interpolation=50 extrapolation=0 extrapolationCapped=0 extrapolationMaxMs=0.0 oldestHeld=0 zeroSpan=2 movingFrozen=0 teleport=0 visualStepAvgCm=0.00 visualStepMaxCm=0.00
[rubber-banding][remote-render] time=371.958 frame=25319 entity=1 latestHostTick=17130 buffer=8 windowMs=1000.1 fps=48.0 snapshots=29 arrivalSamples=29 arrivalAvgMs=33.9 arrivalP95Ms=58.3 arrivalMaxMs=58.5 sameArrival=3 tickGapMax=2 renderFrames=48 interpolation=48 extrapolation=0 extrapolationCapped=0 extrapolationMaxMs=0.0 oldestHeld=0 zeroSpan=8 movingFrozen=0 teleport=0 visualStepAvgCm=0.00 visualStepMaxCm=0.00
[rubber-banding][remote-render] time=371.958 frame=25319 entity=3 latestHostTick=17130 buffer=8 windowMs=1000.1 fps=48.0 snapshots=29 arrivalSamples=29 arrivalAvgMs=33.9 arrivalP95Ms=58.3 arrivalMaxMs=58.5 sameArrival=3 tickGapMax=2 renderFrames=48 interpolation=48 extrapolation=0 extrapolationCapped=0 extrapolationMaxMs=0.0 oldestHeld=0 zeroSpan=8 movingFrozen=0 teleport=0 visualStepAvgCm=0.00 visualStepMaxCm=0.00
[rubber-banding][remote-render] time=371.958 frame=25319 entity=4 latestHostTick=17130 buffer=8 windowMs=1000.1 fps=48.0 snapshots=29 arrivalSamples=29 arrivalAvgMs=33.9 arrivalP95Ms=58.3 arrivalMaxMs=58.5 sameArrival=3 tickGapMax=2 renderFrames=48 interpolation=48 extrapolation=0 extrapolationCapped=0 extrapolationMaxMs=0.0 oldestHeld=0 zeroSpan=8 movingFrozen=0 teleport=0 visualStepAvgCm=0.00 visualStepMaxCm=0.00
[rubber-banding][remote-render] time=372.959 frame=25368 entity=1 latestHostTick=17190 buffer=8 windowMs=1001.2 fps=48.9 snapshots=30 arrivalSamples=30 arrivalAvgMs=33.4 arrivalP95Ms=51.1 arrivalMaxMs=58.7 sameArrival=1 tickGapMax=2 renderFrames=49 interpolation=49 extrapolation=0 extrapolationCapped=0 extrapolationMaxMs=0.0 oldestHeld=0 zeroSpan=2 movingFrozen=0 teleport=0 visualStepAvgCm=0.00 visualStepMaxCm=0.00
[rubber-banding][remote-render] time=372.959 frame=25368 entity=3 latestHostTick=17190 buffer=8 windowMs=1001.2 fps=48.9 snapshots=30 arrivalSamples=30 arrivalAvgMs=33.4 arrivalP95Ms=51.1 arrivalMaxMs=58.7 sameArrival=1 tickGapMax=2 renderFrames=49 interpolation=49 extrapolation=0 extrapolationCapped=0 extrapolationMaxMs=0.0 oldestHeld=0 zeroSpan=2 movingFrozen=0 teleport=0 visualStepAvgCm=0.00 visualStepMaxCm=0.00
[rubber-banding][remote-render] time=372.959 frame=25368 entity=4 latestHostTick=17190 buffer=8 windowMs=1001.2 fps=48.9 snapshots=30 arrivalSamples=30 arrivalAvgMs=33.4 arrivalP95Ms=51.1 arrivalMaxMs=58.7 sameArrival=1 tickGapMax=2 renderFrames=49 interpolation=49 extrapolation=0 extrapolationCapped=0 extrapolationMaxMs=0.0 oldestHeld=0 zeroSpan=2 movingFrozen=0 teleport=0 visualStepAvgCm=0.00 visualStepMaxCm=0.00
[rubber-banding][remote-render] time=373.975 frame=25417 entity=1 latestHostTick=17252 buffer=8 windowMs=1015.9 fps=48.2 snapshots=31 arrivalSamples=31 arrivalAvgMs=33.3 arrivalP95Ms=44.5 arrivalMaxMs=50.0 sameArrival=0 tickGapMax=2 renderFrames=49 interpolation=49 extrapolation=0 extrapolationCapped=0 extrapolationMaxMs=0.0 oldestHeld=0 zeroSpan=0 movingFrozen=0 teleport=0 visualStepAvgCm=0.00 visualStepMaxCm=0.00
[rubber-banding][remote-render] time=373.975 frame=25417 entity=3 latestHostTick=17252 buffer=8 windowMs=1015.9 fps=48.2 snapshots=31 arrivalSamples=31 arrivalAvgMs=33.3 arrivalP95Ms=44.5 arrivalMaxMs=50.0 sameArrival=0 tickGapMax=2 renderFrames=49 interpolation=49 extrapolation=0 extrapolationCapped=0 extrapolationMaxMs=0.0 oldestHeld=0 zeroSpan=0 movingFrozen=0 teleport=0 visualStepAvgCm=0.00 visualStepMaxCm=0.00
[rubber-banding][remote-render] time=373.975 frame=25417 entity=4 latestHostTick=17252 buffer=8 windowMs=1015.9 fps=48.2 snapshots=31 arrivalSamples=31 arrivalAvgMs=33.3 arrivalP95Ms=44.5 arrivalMaxMs=50.0 sameArrival=0 tickGapMax=2 renderFrames=49 interpolation=49 extrapolation=0 extrapolationCapped=0 extrapolationMaxMs=0.0 oldestHeld=0 zeroSpan=0 movingFrozen=0 teleport=0 visualStepAvgCm=0.00 visualStepMaxCm=0.00
[rubber-banding][remote-render] time=374.992 frame=25467 entity=1 latestHostTick=17312 buffer=8 windowMs=1016.3 fps=49.2 snapshots=30 arrivalSamples=30 arrivalAvgMs=33.0 arrivalP95Ms=44.9 arrivalMaxMs=46.7 sameArrival=0 tickGapMax=2 renderFrames=50 interpolation=50 extrapolation=0 extrapolationCapped=0 extrapolationMaxMs=0.0 oldestHeld=0 zeroSpan=0 movingFrozen=0 teleport=0 visualStepAvgCm=0.00 visualStepMaxCm=0.00
[rubber-banding][remote-render] time=374.992 frame=25467 entity=3 latestHostTick=17312 buffer=8 windowMs=1016.3 fps=49.2 snapshots=30 arrivalSamples=30 arrivalAvgMs=33.0 arrivalP95Ms=44.9 arrivalMaxMs=46.7 sameArrival=0 tickGapMax=2 renderFrames=50 interpolation=50 extrapolation=0 extrapolationCapped=0 extrapolationMaxMs=0.0 oldestHeld=0 zeroSpan=0 movingFrozen=0 teleport=0 visualStepAvgCm=0.00 visualStepMaxCm=0.00
[rubber-banding][remote-render] time=374.992 frame=25467 entity=4 latestHostTick=17312 buffer=8 windowMs=1016.3 fps=49.2 snapshots=30 arrivalSamples=30 arrivalAvgMs=33.0 arrivalP95Ms=44.9 arrivalMaxMs=46.7 sameArrival=0 tickGapMax=2 renderFrames=50 interpolation=50 extrapolation=0 extrapolationCapped=0 extrapolationMaxMs=0.0 oldestHeld=0 zeroSpan=0 movingFrozen=0 teleport=0 visualStepAvgCm=0.00 visualStepMaxCm=0.00
[rubber-banding][remote-render] time=376.000 frame=25515 entity=1 latestHostTick=17374 buffer=8 windowMs=1008.2 fps=47.6 snapshots=31 arrivalSamples=31 arrivalAvgMs=33.3 arrivalP95Ms=56.9 arrivalMaxMs=59.8 sameArrival=1 tickGapMax=2 renderFrames=48 interpolation=48 extrapolation=0 extrapolationCapped=0 extrapolationMaxMs=0.0 oldestHeld=0 zeroSpan=2 movingFrozen=0 teleport=0 visualStepAvgCm=0.00 visualStepMaxCm=0.00
[rubber-banding][remote-render] time=376.000 frame=25515 entity=3 latestHostTick=17374 buffer=8 windowMs=1008.2 fps=47.6 snapshots=31 arrivalSamples=31 arrivalAvgMs=33.3 arrivalP95Ms=56.9 arrivalMaxMs=59.8 sameArrival=1 tickGapMax=2 renderFrames=48 interpolation=48 extrapolation=0 extrapolationCapped=0 extrapolationMaxMs=0.0 oldestHeld=0 zeroSpan=2 movingFrozen=0 teleport=0 visualStepAvgCm=0.00 visualStepMaxCm=0.00
[rubber-banding][remote-render] time=376.000 frame=25515 entity=4 latestHostTick=17374 buffer=8 windowMs=1008.2 fps=47.6 snapshots=31 arrivalSamples=31 arrivalAvgMs=33.3 arrivalP95Ms=56.9 arrivalMaxMs=59.8 sameArrival=1 tickGapMax=2 renderFrames=48 interpolation=48 extrapolation=0 extrapolationCapped=0 extrapolationMaxMs=0.0 oldestHeld=0 zeroSpan=2 movingFrozen=0 teleport=0 visualStepAvgCm=0.00 visualStepMaxCm=0.00
[rubber-banding][remote-render] time=377.007 frame=25582 entity=1 latestHostTick=17434 buffer=8 windowMs=1006.8 fps=66.5 snapshots=30 arrivalSamples=30 arrivalAvgMs=32.9 arrivalP95Ms=66.7 arrivalMaxMs=107.4 sameArrival=4 tickGapMax=2 renderFrames=67 interpolation=67 extrapolation=0 extrapolationCapped=0 extrapolationMaxMs=0.0 oldestHeld=0 zeroSpan=9 movingFrozen=0 teleport=0 visualStepAvgCm=0.00 visualStepMaxCm=0.00
[rubber-banding][remote-render] time=377.007 frame=25582 entity=3 latestHostTick=17434 buffer=8 windowMs=1006.8 fps=66.5 snapshots=30 arrivalSamples=30 arrivalAvgMs=32.9 arrivalP95Ms=66.7 arrivalMaxMs=107.4 sameArrival=4 tickGapMax=2 renderFrames=67 interpolation=67 extrapolation=0 extrapolationCapped=0 extrapolationMaxMs=0.0 oldestHeld=0 zeroSpan=9 movingFrozen=0 teleport=0 visualStepAvgCm=0.00 visualStepMaxCm=0.00
[rubber-banding][remote-render] time=377.007 frame=25582 entity=4 latestHostTick=17434 buffer=8 windowMs=1006.8 fps=66.5 snapshots=30 arrivalSamples=30 arrivalAvgMs=32.9 arrivalP95Ms=66.7 arrivalMaxMs=107.4 sameArrival=4 tickGapMax=2 renderFrames=67 interpolation=67 extrapolation=0 extrapolationCapped=0 extrapolationMaxMs=0.0 oldestHeld=0 zeroSpan=9 movingFrozen=0 teleport=0 visualStepAvgCm=0.00 visualStepMaxCm=0.00
[Physics::Module] Cleanup current backend.
[Physics::Module] Id: 0xf2b8ea05
Input System module state changed to: ShutdownInProgress.
Input System polling thread exited.
Input System module state changed to: Shutdown.
