Mono path[0] = 'C:/ssafy/S15P21D204/Client/Build/SSketch_Data/Managed'
Mono config path = 'C:/ssafy/S15P21D204/Client/Build/MonoBleedingEdge/etc'
Input System module state changed to: Initialized.
[Physics::Module] Initialized fallback backend.
[Physics::Module] Id: 0xdecafbad
Initialize engine version: 6000.3.22f1 (1c726e1fb402)
[Subsystems] Discovering subsystems at path C:/ssafy/S15P21D204/Client/Build/SSketch_Data/UnitySubsystems
[D3D12 Device Filter] Vendor Name: NVIDIA
[D3D12 Device Filter] Device Name: NVIDIA GeForce RTX 4050 Laptop GPU
[D3D12 Device Filter] Driver Version: 32.0.15.7657
[D3D12 Device Filter] Feature Level: 12.2
[D3D12 Device Filter] Graphics Memory: 5924 MB
[D3D12 Device Filter] Processor Count: 22
[D3D12 Device Filter] Device Type: Discrete
GfxDevice: creating device client; kGfxThreadingModeSplitJobs
d3d12: failed to query info queue interface (0x80004002).
Direct3D:
    Version:         Direct3D 12 [level 12.2]
    Renderer:        NVIDIA GeForce RTX 4050 Laptop GPU (ID=0x28a1)
    Vendor:          NVIDIA
    VRAM:            5924 MB
    App VRAM Budget: 5156 MB
    Driver:          32.0.15.7657
Begin MonoManager ReloadAssembly
- Loaded All Assemblies, in  0.167 seconds
- Finished resetting the current domain, in  0.002 seconds
[Physics::Module] Selected backend.
[Physics::Module] Name: PhysX
[Physics::Module] Id: 0xf2b8ea05
[Physics::Module] SDK Version: 4.1.2
[Physics::Module] Integration Version: 1.0.0
[Physics::Module] Threading Mode: Multi-Threaded
<RI> Initializing input.
Using Windows.Gaming.Input
UnloadTime: 0.515500 ms
Unloading 6 Unused Serialized files (Serialized files now loaded: 0)
UnloadTime: 5.455300 ms
Unloading 361 unused Assets to reduce memory usage. Loaded Objects now: 12307.
Total: 3.350300 ms (FindLiveObjects: 0.589200 ms CreateObjectMapping: 0.259900 ms MarkObjects: 2.369900 ms  DeleteObjects: 0.131000 ms)

Unloading 4 Unused Serialized files (Serialized files now loaded: 0)
UnloadTime: 0.737700 ms
Unloading 125 unused Assets to reduce memory usage. Loaded Objects now: 47757.
Total: 17.264300 ms (FindLiveObjects: 2.521500 ms CreateObjectMapping: 2.830800 ms MarkObjects: 11.587900 ms  DeleteObjects: 0.323600 ms)

[rubber-banding][udp-pump] time=14.597 frame=1170 focused=0 windowMs=1002.3 fps=35.9 packets=4 socketAvgMs=27.0 socketP95Ms=32.8 socketMaxMs=32.8 pumpAvgMs=35.7 pumpP95Ms=50.0 pumpMaxMs=50.0 queueDelayAvgMs=8.2 queueDelayP95Ms=16.6 queueDelayMaxMs=16.6 samePump=0 pumpBatchMax=1 queueDepthMax=2 frameMaxMs=26.4
[rubber-banding][main-thread-pump] time=14.714 fps=42.5 frames=43 frameMaxMs=205.9 tcpAvgMs=0.246 tcpMaxMs=7.081 udpAvgMs=0.357 udpMaxMs=10.436 otherAvgMs=0.229 otherMaxMs=9.092 updateAvgMs=0.832 updateMaxMs=16.181
[rubber-banding][local-input] time=15.347 role=host entity=1 fps=53.7 updates=54 moveUpdates=0 fixedCalls=54 commands=54 blockedFixed=0 sampleMove=(0.00, 0.00) commandMove=(0,0) movementEnabled=True stunned=False controllerEnabled=True grounded=True position=(-3.000, 0.054, 5.732) displacement=(0.000, 0.000, 0.000) travelCm=0.0 estimatedTick=54 desiredTick=59 desiredLead=5 actualLead=0 recordedTick=54 resolvedTick=52 lastPredictedTick=54 unresolved=2 unresolvedPredictionCount=2 fixedHz=60.0 simulationHz=60 rttMs=16.7 batchesSent=27 commandsSent=28 sendFailures=0
[rubber-banding][host-input] time=15.449 interval=1.000 room=22 world=1 authority=1 entity=1 hostTick=61 windowReceived=61 windowHeldFallback=0 windowNeutralFallback=0 pending=0 totalReceived=61 totalHeldFallback=0 totalNeutralFallback=0 accepted=61 stale=31 duplicates=0 conflicts=0
[rubber-banding][main-thread-host-simulation] time=15.449 ticks=61 tickRate=61.0 avgMs=0.908 maxMs=14.769 fixedHz=60.0 maximumDeltaMs=333.3 focused=0
[rubber-banding][main-thread-snapshot] time=15.497 packets=31 characterRecords=31 bodyRecords=0 avgMs=0.079 maxMs=2.272
[rubber-banding][udp-pump] time=15.597 frame=1230 focused=0 windowMs=1000.1 fps=60.0 packets=30 socketAvgMs=33.4 socketP95Ms=34.6 socketMaxMs=34.6 pumpAvgMs=33.3 pumpP95Ms=50.0 pumpMaxMs=50.0 queueDelayAvgMs=15.0 queueDelayP95Ms=17.0 queueDelayMaxMs=17.4 samePump=0 pumpBatchMax=1 queueDepthMax=1 frameMaxMs=16.7
[rubber-banding][main-thread-pump] time=15.731 fps=61.0 frames=61 frameMaxMs=16.8 tcpAvgMs=0.003 tcpMaxMs=0.005 udpAvgMs=0.128 udpMaxMs=2.851 otherAvgMs=0.013 otherMaxMs=0.090 updateAvgMs=0.144 updateMaxMs=2.866
[rubber-banding][local-input] time=16.347 role=host entity=1 fps=60.0 updates=60 moveUpdates=0 fixedCalls=60 commands=60 blockedFixed=0 sampleMove=(0.00, 0.00) commandMove=(0,0) movementEnabled=True stunned=False controllerEnabled=True grounded=True position=(-3.000, 0.054, 5.732) displacement=(0.000, 0.000, 0.000) travelCm=0.0 estimatedTick=114 desiredTick=119 desiredLead=5 actualLead=0 recordedTick=114 resolvedTick=112 lastPredictedTick=114 unresolved=2 unresolvedPredictionCount=2 fixedHz=60.0 simulationHz=60 rttMs=33.3 batchesSent=57 commandsSent=58 sendFailures=0
[rubber-banding][host-input] time=16.465 interval=1.017 room=22 world=1 authority=1 entity=1 hostTick=122 windowReceived=61 windowHeldFallback=0 windowNeutralFallback=0 pending=0 totalReceived=122 totalHeldFallback=0 totalNeutralFallback=0 accepted=122 stale=61 duplicates=0 conflicts=0
[rubber-banding][main-thread-host-simulation] time=16.482 ticks=62 tickRate=61.0 avgMs=0.448 maxMs=0.956 fixedHz=60.0 maximumDeltaMs=333.3 focused=0
[rubber-banding][main-thread-snapshot] time=16.531 packets=31 characterRecords=31 bodyRecords=0 avgMs=0.006 maxMs=0.008
[rubber-banding][udp-pump] time=16.597 frame=1290 focused=0 windowMs=1000.0 fps=60.0 packets=30 socketAvgMs=33.3 socketP95Ms=34.5 socketMaxMs=34.6 pumpAvgMs=33.3 pumpP95Ms=33.3 pumpMaxMs=33.3 queueDelayAvgMs=16.1 queueDelayP95Ms=17.1 queueDelayMaxMs=17.3 samePump=0 pumpBatchMax=1 queueDepthMax=2 frameMaxMs=16.7
[rubber-banding][main-thread-pump] time=16.747 fps=61.0 frames=61 frameMaxMs=16.7 tcpAvgMs=0.003 tcpMaxMs=0.004 udpAvgMs=0.081 udpMaxMs=0.234 otherAvgMs=0.014 otherMaxMs=0.151 updateAvgMs=0.098 updateMaxMs=0.344
[rubber-banding][local-input] time=17.347 role=host entity=1 fps=60.0 updates=60 moveUpdates=0 fixedCalls=60 commands=60 blockedFixed=0 sampleMove=(0.00, 0.00) commandMove=(0,0) movementEnabled=True stunned=False controllerEnabled=True grounded=True position=(-3.000, 0.054, 5.732) displacement=(0.000, 0.000, 0.000) travelCm=0.0 estimatedTick=174 desiredTick=179 desiredLead=5 actualLead=0 recordedTick=174 resolvedTick=172 lastPredictedTick=174 unresolved=2 unresolvedPredictionCount=2 fixedHz=60.0 simulationHz=60 rttMs=33.3 batchesSent=87 commandsSent=88 sendFailures=0
[rubber-banding][host-input] time=17.465 interval=1.000 room=22 world=1 authority=1 entity=1 hostTick=182 windowReceived=60 windowHeldFallback=0 windowNeutralFallback=0 pending=0 totalReceived=182 totalHeldFallback=0 totalNeutralFallback=0 accepted=182 stale=91 duplicates=0 conflicts=0
[rubber-banding][main-thread-host-simulation] time=17.499 ticks=61 tickRate=61.0 avgMs=0.486 maxMs=0.881 fixedHz=60.0 maximumDeltaMs=333.3 focused=0
[rubber-banding][main-thread-snapshot] time=17.564 packets=31 characterRecords=31 bodyRecords=0 avgMs=0.006 maxMs=0.008
[rubber-banding][udp-pump] time=17.597 frame=1350 focused=0 windowMs=1000.1 fps=60.0 packets=30 socketAvgMs=33.4 socketP95Ms=34.0 socketMaxMs=34.2 pumpAvgMs=33.3 pumpP95Ms=33.4 pumpMaxMs=50.0 queueDelayAvgMs=15.4 queueDelayP95Ms=16.5 queueDelayMaxMs=17.3 samePump=0 pumpBatchMax=1 queueDepthMax=2 frameMaxMs=16.7
[rubber-banding][main-thread-pump] time=17.764 fps=61.0 frames=61 frameMaxMs=16.8 tcpAvgMs=0.004 tcpMaxMs=0.096 udpAvgMs=0.085 udpMaxMs=0.247 otherAvgMs=0.014 otherMaxMs=0.108 updateAvgMs=0.103 updateMaxMs=0.261
[rubber-banding][local-input] time=18.347 role=host entity=1 fps=60.0 updates=60 moveUpdates=0 fixedCalls=60 commands=60 blockedFixed=0 sampleMove=(0.00, 0.00) commandMove=(0,0) movementEnabled=True stunned=False controllerEnabled=True grounded=True position=(-3.000, 0.054, 5.732) displacement=(0.000, 0.000, 0.000) travelCm=0.0 estimatedTick=234 desiredTick=239 desiredLead=5 actualLead=0 recordedTick=234 resolvedTick=232 lastPredictedTick=234 unresolved=2 unresolvedPredictionCount=2 fixedHz=60.0 simulationHz=60 rttMs=33.3 batchesSent=117 commandsSent=118 sendFailures=0
[rubber-banding][host-input] time=18.465 interval=1.000 room=22 world=1 authority=1 entity=1 hostTick=242 windowReceived=60 windowHeldFallback=0 windowNeutralFallback=0 pending=0 totalReceived=242 totalHeldFallback=0 totalNeutralFallback=0 accepted=242 stale=121 duplicates=0 conflicts=0
[rubber-banding][main-thread-host-simulation] time=18.515 ticks=61 tickRate=61.0 avgMs=0.554 maxMs=3.687 fixedHz=60.0 maximumDeltaMs=333.3 focused=0
[rubber-banding][main-thread-snapshot] time=18.597 packets=31 characterRecords=31 bodyRecords=0 avgMs=0.007 maxMs=0.010
[rubber-banding][udp-pump] time=18.597 frame=1410 focused=0 windowMs=1000.0 fps=60.0 packets=30 socketAvgMs=33.3 socketP95Ms=34.7 socketMaxMs=36.5 pumpAvgMs=33.3 pumpP95Ms=50.0 pumpMaxMs=50.0 queueDelayAvgMs=13.2 queueDelayP95Ms=16.8 queueDelayMaxMs=16.9 samePump=0 pumpBatchMax=1 queueDepthMax=2 frameMaxMs=16.7
[rubber-banding][main-thread-pump] time=18.781 fps=61.0 frames=61 frameMaxMs=16.7 tcpAvgMs=0.003 tcpMaxMs=0.004 udpAvgMs=0.097 udpMaxMs=0.305 otherAvgMs=0.021 otherMaxMs=0.435 updateAvgMs=0.121 updateMaxMs=0.553
[rubber-banding][local-input] time=19.353 role=host entity=1 fps=59.6 updates=60 moveUpdates=0 fixedCalls=61 commands=61 blockedFixed=0 sampleMove=(0.00, 0.00) commandMove=(0,0) movementEnabled=True stunned=False controllerEnabled=True grounded=True position=(-3.000, 0.054, 5.732) displacement=(0.000, 0.000, 0.000) travelCm=0.0 estimatedTick=294 desiredTick=299 desiredLead=5 actualLead=1 recordedTick=295 resolvedTick=294 lastPredictedTick=295 unresolved=1 unresolvedPredictionCount=1 fixedHz=60.0 simulationHz=60 rttMs=33.3 batchesSent=147 commandsSent=162 sendFailures=0
[rubber-banding][host-input] time=19.465 interval=1.000 room=22 world=1 authority=1 entity=1 hostTick=302 windowReceived=60 windowHeldFallback=0 windowNeutralFallback=0 pending=0 totalReceived=302 totalHeldFallback=0 totalNeutralFallback=0 accepted=302 stale=168 duplicates=0 conflicts=0
[rubber-banding][main-thread-host-simulation] time=19.532 ticks=61 tickRate=61.0 avgMs=0.506 maxMs=1.322 fixedHz=60.0 maximumDeltaMs=333.3 focused=1
[rubber-banding][udp-pump] time=19.604 frame=1470 focused=1 windowMs=1006.4 fps=59.6 packets=30 socketAvgMs=33.0 socketP95Ms=35.1 socketMaxMs=39.7 pumpAvgMs=33.0 pumpP95Ms=33.3 pumpMaxMs=39.3 queueDelayAvgMs=15.9 queueDelayP95Ms=16.7 queueDelayMaxMs=22.6 samePump=0 pumpBatchMax=1 queueDepthMax=2 frameMaxMs=22.7
[rubber-banding][main-thread-snapshot] time=19.654 packets=32 characterRecords=32 bodyRecords=0 avgMs=0.007 maxMs=0.013
[rubber-banding][main-thread-pump] time=19.804 fps=60.6 frames=61 frameMaxMs=22.7 tcpAvgMs=0.003 tcpMaxMs=0.006 udpAvgMs=0.159 udpMaxMs=0.604 otherAvgMs=0.023 otherMaxMs=0.352 updateAvgMs=0.185 updateMaxMs=0.781
[rubber-banding][local-input] time=20.354 role=host entity=1 fps=60.0 updates=60 moveUpdates=57 fixedCalls=60 commands=60 blockedFixed=0 sampleMove=(0.78, -0.63) commandMove=(101,-78) movementEnabled=True stunned=False controllerEnabled=True grounded=True position=(-0.267, -0.451, 4.630) displacement=(2.733, -0.505, -1.102) travelCm=310.2 estimatedTick=355 desiredTick=360 desiredLead=5 actualLead=0 recordedTick=355 resolvedTick=354 lastPredictedTick=355 unresolved=1 unresolvedPredictionCount=1 fixedHz=60.0 simulationHz=60 rttMs=33.3 batchesSent=177 commandsSent=222 sendFailures=0
[rubber-banding][host-input] time=20.465 interval=1.000 room=22 world=1 authority=1 entity=1 hostTick=362 windowReceived=60 windowHeldFallback=0 windowNeutralFallback=0 pending=0 totalReceived=362 totalHeldFallback=0 totalNeutralFallback=0 accepted=362 stale=228 duplicates=0 conflicts=0
[rubber-banding][main-thread-host-simulation] time=20.549 ticks=61 tickRate=61.0 avgMs=0.697 maxMs=2.672 fixedHz=60.0 maximumDeltaMs=333.3 focused=1
[rubber-banding][udp-pump] time=20.604 frame=1530 focused=1 windowMs=1000.3 fps=60.0 packets=30 socketAvgMs=33.3 socketP95Ms=34.9 socketMaxMs=36.3 pumpAvgMs=33.4 pumpP95Ms=33.5 pumpMaxMs=33.7 queueDelayAvgMs=15.8 queueDelayP95Ms=17.4 queueDelayMaxMs=17.4 samePump=0 pumpBatchMax=1 queueDepthMax=3 frameMaxMs=16.7
[rubber-banding][main-thread-snapshot] time=20.687 packets=31 characterRecords=31 bodyRecords=0 avgMs=0.009 maxMs=0.033
[rubber-banding][main-thread-pump] time=20.821 fps=61.0 frames=61 frameMaxMs=16.9 tcpAvgMs=0.003 tcpMaxMs=0.005 udpAvgMs=0.175 udpMaxMs=0.537 otherAvgMs=0.022 otherMaxMs=0.237 updateAvgMs=0.201 updateMaxMs=0.562
[rubber-banding][local-input] time=21.354 role=host entity=1 fps=60.0 updates=60 moveUpdates=60 fixedCalls=60 commands=60 blockedFixed=0 sampleMove=(0.83, 0.56) commandMove=(105,71) movementEnabled=True stunned=False controllerEnabled=True grounded=True position=(2.914, -1.220, 6.133) displacement=(3.181, -0.769, 1.503) travelCm=422.5 estimatedTick=415 desiredTick=420 desiredLead=5 actualLead=0 recordedTick=415 resolvedTick=414 lastPredictedTick=415 unresolved=1 unresolvedPredictionCount=1 fixedHz=60.0 simulationHz=60 rttMs=33.3 batchesSent=207 commandsSent=282 sendFailures=0
[rubber-banding][host-input] time=21.465 interval=1.000 room=22 world=1 authority=1 entity=1 hostTick=422 windowReceived=60 windowHeldFallback=0 windowNeutralFallback=0 pending=0 totalReceived=422 totalHeldFallback=0 totalNeutralFallback=0 accepted=422 stale=288 duplicates=0 conflicts=0
[rubber-banding][main-thread-host-simulation] time=21.565 ticks=61 tickRate=61.0 avgMs=0.629 maxMs=1.072 fixedHz=60.0 maximumDeltaMs=333.3 focused=1
[rubber-banding][udp-pump] time=21.604 frame=1590 focused=1 windowMs=1000.2 fps=60.0 packets=30 socketAvgMs=33.4 socketP95Ms=34.9 socketMaxMs=35.0 pumpAvgMs=33.3 pumpP95Ms=33.4 pumpMaxMs=33.4 queueDelayAvgMs=16.0 queueDelayP95Ms=17.3 queueDelayMaxMs=17.5 samePump=0 pumpBatchMax=1 queueDepthMax=3 frameMaxMs=16.8
[rubber-banding][main-thread-snapshot] time=21.721 packets=31 characterRecords=31 bodyRecords=0 avgMs=0.008 maxMs=0.010
[rubber-banding][main-thread-pump] time=21.838 fps=61.0 frames=61 frameMaxMs=16.8 tcpAvgMs=0.003 tcpMaxMs=0.004 udpAvgMs=0.195 udpMaxMs=1.779 otherAvgMs=0.024 otherMaxMs=0.311 updateAvgMs=0.223 updateMaxMs=1.802
[rubber-banding][local-input] time=22.354 role=host entity=1 fps=60.0 updates=60 moveUpdates=57 fixedCalls=60 commands=60 blockedFixed=0 sampleMove=(0.00, 0.00) commandMove=(0,0) movementEnabled=True stunned=False controllerEnabled=True grounded=True position=(6.067, 0.592, 4.553) displacement=(3.153, 1.812, -1.580) travelCm=439.6 estimatedTick=475 desiredTick=480 desiredLead=5 actualLead=0 recordedTick=475 resolvedTick=474 lastPredictedTick=475 unresolved=1 unresolvedPredictionCount=1 fixedHz=60.0 simulationHz=60 rttMs=33.3 batchesSent=237 commandsSent=342 sendFailures=0
[rubber-banding][host-input] time=22.465 interval=1.000 room=22 world=1 authority=1 entity=1 hostTick=482 windowReceived=60 windowHeldFallback=0 windowNeutralFallback=0 pending=0 totalReceived=482 totalHeldFallback=0 totalNeutralFallback=0 accepted=482 stale=348 duplicates=0 conflicts=0
[rubber-banding][main-thread-host-simulation] time=22.582 ticks=61 tickRate=61.0 avgMs=0.592 maxMs=1.094 fixedHz=60.0 maximumDeltaMs=333.3 focused=1
[rubber-banding][udp-pump] time=22.604 frame=1650 focused=1 windowMs=1000.0 fps=60.0 packets=30 socketAvgMs=33.3 socketP95Ms=34.8 socketMaxMs=35.5 pumpAvgMs=33.3 pumpP95Ms=33.3 pumpMaxMs=33.3 queueDelayAvgMs=16.1 queueDelayP95Ms=17.5 queueDelayMaxMs=17.6 samePump=0 pumpBatchMax=1 queueDepthMax=3 frameMaxMs=16.7
[rubber-banding][main-thread-snapshot] time=22.754 packets=31 characterRecords=31 bodyRecords=0 avgMs=0.009 maxMs=0.050
[rubber-banding][main-thread-pump] time=22.854 fps=61.0 frames=61 frameMaxMs=16.7 tcpAvgMs=0.003 tcpMaxMs=0.004 udpAvgMs=0.159 udpMaxMs=0.578 otherAvgMs=0.020 otherMaxMs=0.306 updateAvgMs=0.182 updateMaxMs=0.648
[rubber-banding][local-input] time=23.355 role=host entity=1 fps=60.0 updates=60 moveUpdates=53 fixedCalls=60 commands=60 blockedFixed=0 sampleMove=(-0.99, 0.14) commandMove=(-124,25) movementEnabled=True stunned=False controllerEnabled=True grounded=False position=(5.892, 0.566, 6.891) displacement=(-0.176, -0.026, 2.338) travelCm=312.6 estimatedTick=535 desiredTick=540 desiredLead=5 actualLead=0 recordedTick=535 resolvedTick=534 lastPredictedTick=535 unresolved=1 unresolvedPredictionCount=1 fixedHz=60.0 simulationHz=60 rttMs=33.3 batchesSent=267 commandsSent=402 sendFailures=0
[rubber-banding][host-input] time=23.465 interval=1.000 room=22 world=1 authority=1 entity=1 hostTick=542 windowReceived=60 windowHeldFallback=0 windowNeutralFallback=0 pending=0 totalReceived=542 totalHeldFallback=0 totalNeutralFallback=0 accepted=542 stale=408 duplicates=0 conflicts=0
[rubber-banding][main-thread-host-simulation] time=23.599 ticks=61 tickRate=61.0 avgMs=0.656 maxMs=2.510 fixedHz=60.0 maximumDeltaMs=333.3 focused=1
[rubber-banding][udp-pump] time=23.605 frame=1710 focused=1 windowMs=1000.4 fps=60.0 packets=30 socketAvgMs=33.4 socketP95Ms=34.9 socketMaxMs=35.2 pumpAvgMs=33.3 pumpP95Ms=33.5 pumpMaxMs=33.5 queueDelayAvgMs=15.9 queueDelayP95Ms=17.3 queueDelayMaxMs=17.3 samePump=0 pumpBatchMax=1 queueDepthMax=3 frameMaxMs=16.9
[rubber-banding][main-thread-snapshot] time=23.788 packets=31 characterRecords=31 bodyRecords=0 avgMs=0.010 maxMs=0.088
[rubber-banding][main-thread-pump] time=23.871 fps=61.0 frames=61 frameMaxMs=16.9 tcpAvgMs=0.003 tcpMaxMs=0.004 udpAvgMs=0.134 udpMaxMs=0.389 otherAvgMs=0.018 otherMaxMs=0.237 updateAvgMs=0.154 updateMaxMs=0.464
[rubber-banding][local-input] time=24.355 role=host entity=1 fps=60.0 updates=60 moveUpdates=60 fixedCalls=60 commands=60 blockedFixed=0 sampleMove=(-0.95, -0.33) commandMove=(-121,-40) movementEnabled=True stunned=False controllerEnabled=True grounded=True position=(1.937, -1.505, 6.459) displacement=(-3.955, -2.071, -0.431) travelCm=455.1 estimatedTick=595 desiredTick=600 desiredLead=5 actualLead=0 recordedTick=595 resolvedTick=594 lastPredictedTick=595 unresolved=1 unresolvedPredictionCount=1 fixedHz=60.0 simulationHz=60 rttMs=33.3 batchesSent=297 commandsSent=461 sendFailures=0
[rubber-banding][host-input] time=24.465 interval=1.000 room=22 world=1 authority=1 entity=1 hostTick=602 windowReceived=60 windowHeldFallback=0 windowNeutralFallback=0 pending=0 totalReceived=602 totalHeldFallback=0 totalNeutralFallback=0 accepted=602 stale=467 duplicates=0 conflicts=0
[rubber-banding][udp-pump] time=24.605 frame=1770 focused=1 windowMs=1000.3 fps=60.0 packets=30 socketAvgMs=33.3 socketP95Ms=34.0 socketMaxMs=34.0 pumpAvgMs=33.3 pumpP95Ms=33.4 pumpMaxMs=50.1 queueDelayAvgMs=15.5 queueDelayP95Ms=17.1 queueDelayMaxMs=17.4 samePump=0 pumpBatchMax=1 queueDepthMax=2 frameMaxMs=16.8
[rubber-banding][main-thread-host-simulation] time=24.615 ticks=61 tickRate=61.0 avgMs=0.555 maxMs=1.069 fixedHz=60.0 maximumDeltaMs=333.3 focused=1
[rubber-banding][main-thread-snapshot] time=24.822 packets=31 characterRecords=31 bodyRecords=0 avgMs=0.007 maxMs=0.010
[rubber-banding][main-thread-pump] time=24.888 fps=61.0 frames=61 frameMaxMs=16.8 tcpAvgMs=0.003 tcpMaxMs=0.005 udpAvgMs=0.208 udpMaxMs=3.560 otherAvgMs=0.022 otherMaxMs=0.242 updateAvgMs=0.233 updateMaxMs=3.576
[rubber-banding][local-input] time=25.355 role=host entity=1 fps=60.0 updates=60 moveUpdates=60 fixedCalls=60 commands=60 blockedFixed=0 sampleMove=(-0.44, -0.90) commandMove=(-44,-119) movementEnabled=True stunned=False controllerEnabled=True grounded=True position=(-0.150, -0.444, 3.761) displacement=(-2.086, 1.062, -2.699) travelCm=422.2 estimatedTick=655 desiredTick=660 desiredLead=5 actualLead=0 recordedTick=655 resolvedTick=654 lastPredictedTick=655 unresolved=1 unresolvedPredictionCount=1 fixedHz=60.0 simulationHz=60 rttMs=33.3 batchesSent=327 commandsSent=521 sendFailures=0
[rubber-banding][host-input] time=25.465 interval=1.000 room=22 world=1 authority=1 entity=1 hostTick=662 windowReceived=60 windowHeldFallback=0 windowNeutralFallback=0 pending=0 totalReceived=662 totalHeldFallback=0 totalNeutralFallback=0 accepted=662 stale=527 duplicates=0 conflicts=0
[rubber-banding][udp-pump] time=25.605 frame=1830 focused=1 windowMs=1000.1 fps=60.0 packets=30 socketAvgMs=33.3 socketP95Ms=34.9 socketMaxMs=35.3 pumpAvgMs=33.3 pumpP95Ms=33.3 pumpMaxMs=33.4 queueDelayAvgMs=16.1 queueDelayP95Ms=17.3 queueDelayMaxMs=17.6 samePump=0 pumpBatchMax=1 queueDepthMax=3 frameMaxMs=16.8
[rubber-banding][main-thread-host-simulation] time=25.632 ticks=61 tickRate=61.0 avgMs=0.594 maxMs=1.079 fixedHz=60.0 maximumDeltaMs=333.3 focused=1
[rubber-banding][main-thread-snapshot] time=25.855 packets=31 characterRecords=31 bodyRecords=0 avgMs=0.007 maxMs=0.009
[rubber-banding][main-thread-pump] time=25.905 fps=61.0 frames=61 frameMaxMs=16.7 tcpAvgMs=0.003 tcpMaxMs=0.004 udpAvgMs=0.164 udpMaxMs=2.409 otherAvgMs=0.016 otherMaxMs=0.178 updateAvgMs=0.183 updateMaxMs=2.436
[rubber-banding][local-input] time=26.355 role=host entity=1 fps=60.0 updates=60 moveUpdates=60 fixedCalls=60 commands=60 blockedFixed=0 sampleMove=(0.99, 0.17) commandMove=(125,22) movementEnabled=True stunned=False controllerEnabled=True grounded=True position=(-1.134, -0.118, 5.171) displacement=(-0.985, 0.325, 1.410) travelCm=407.5 estimatedTick=715 desiredTick=720 desiredLead=5 actualLead=0 recordedTick=715 resolvedTick=714 lastPredictedTick=715 unresolved=1 unresolvedPredictionCount=1 fixedHz=60.0 simulationHz=60 rttMs=33.3 batchesSent=357 commandsSent=581 sendFailures=0
[rubber-banding][host-input] time=26.465 interval=1.000 room=22 world=1 authority=1 entity=1 hostTick=722 windowReceived=60 windowHeldFallback=0 windowNeutralFallback=0 pending=0 totalReceived=722 totalHeldFallback=0 totalNeutralFallback=0 accepted=722 stale=587 duplicates=0 conflicts=0
[rubber-banding][udp-pump] time=26.605 frame=1890 focused=1 windowMs=1000.0 fps=60.0 packets=30 socketAvgMs=33.4 socketP95Ms=35.1 socketMaxMs=35.3 pumpAvgMs=33.3 pumpP95Ms=33.3 pumpMaxMs=33.3 queueDelayAvgMs=16.0 queueDelayP95Ms=17.3 queueDelayMaxMs=17.6 samePump=0 pumpBatchMax=1 queueDepthMax=3 frameMaxMs=16.7
[rubber-banding][main-thread-host-simulation] time=26.649 ticks=61 tickRate=61.0 avgMs=0.543 maxMs=2.404 fixedHz=60.0 maximumDeltaMs=333.3 focused=1
[rubber-banding][main-thread-snapshot] time=26.889 packets=31 characterRecords=31 bodyRecords=0 avgMs=0.006 maxMs=0.009
[rubber-banding][main-thread-pump] time=26.922 fps=61.0 frames=61 frameMaxMs=16.7 tcpAvgMs=0.003 tcpMaxMs=0.006 udpAvgMs=0.167 udpMaxMs=2.115 otherAvgMs=0.015 otherMaxMs=0.174 updateAvgMs=0.185 updateMaxMs=2.128
[rubber-banding][local-input] time=27.355 role=host entity=1 fps=60.0 updates=60 moveUpdates=60 fixedCalls=60 commands=60 blockedFixed=0 sampleMove=(0.99, 0.17) commandMove=(125,21) movementEnabled=True stunned=False controllerEnabled=True grounded=True position=(2.802, -1.290, 5.841) displacement=(3.937, -1.172, 0.670) travelCm=435.3 estimatedTick=775 desiredTick=780 desiredLead=5 actualLead=0 recordedTick=775 resolvedTick=774 lastPredictedTick=775 unresolved=1 unresolvedPredictionCount=1 fixedHz=60.0 simulationHz=60 rttMs=33.3 batchesSent=387 commandsSent=641 sendFailures=0
[rubber-banding][host-input] time=27.465 interval=1.000 room=22 world=1 authority=1 entity=1 hostTick=782 windowReceived=60 windowHeldFallback=0 windowNeutralFallback=0 pending=0 totalReceived=782 totalHeldFallback=0 totalNeutralFallback=0 accepted=782 stale=647 duplicates=0 conflicts=0
[rubber-banding][udp-pump] time=27.605 frame=1950 focused=1 windowMs=1000.1 fps=60.0 packets=30 socketAvgMs=33.3 socketP95Ms=34.2 socketMaxMs=35.0 pumpAvgMs=33.3 pumpP95Ms=33.4 pumpMaxMs=33.4 queueDelayAvgMs=16.2 queueDelayP95Ms=17.2 queueDelayMaxMs=17.3 samePump=0 pumpBatchMax=1 queueDepthMax=3 frameMaxMs=16.7
[rubber-banding][main-thread-host-simulation] time=27.665 ticks=61 tickRate=61.0 avgMs=0.540 maxMs=1.175 fixedHz=60.0 maximumDeltaMs=333.3 focused=1
[rubber-banding][main-thread-snapshot] time=27.922 packets=31 characterRecords=31 bodyRecords=0 avgMs=0.007 maxMs=0.009
[rubber-banding][main-thread-pump] time=27.939 fps=61.0 frames=61 frameMaxMs=24.8 tcpAvgMs=0.003 tcpMaxMs=0.005 udpAvgMs=0.130 udpMaxMs=0.434 otherAvgMs=0.017 otherMaxMs=0.178 updateAvgMs=0.149 updateMaxMs=0.457
[rubber-banding][local-input] time=28.355 role=host entity=1 fps=60.0 updates=60 moveUpdates=60 fixedCalls=60 commands=60 blockedFixed=0 sampleMove=(0.99, 0.17) commandMove=(125,21) movementEnabled=True stunned=False controllerEnabled=True grounded=True position=(6.739, 1.159, 6.502) displacement=(3.937, 2.449, 0.661) travelCm=469.7 estimatedTick=834 desiredTick=839 desiredLead=5 actualLead=1 recordedTick=835 resolvedTick=834 lastPredictedTick=835 unresolved=1 unresolvedPredictionCount=1 fixedHz=60.0 simulationHz=60 rttMs=25.2 batchesSent=417 commandsSent=701 sendFailures=0
[rubber-banding][host-input] time=28.465 interval=1.000 room=22 world=1 authority=1 entity=1 hostTick=842 windowReceived=60 windowHeldFallback=0 windowNeutralFallback=0 pending=0 totalReceived=842 totalHeldFallback=0 totalNeutralFallback=0 accepted=842 stale=707 duplicates=0 conflicts=0
[rubber-banding][udp-pump] time=28.605 frame=2010 focused=1 windowMs=1000.0 fps=60.0 packets=30 socketAvgMs=33.4 socketP95Ms=34.6 socketMaxMs=36.0 pumpAvgMs=33.3 pumpP95Ms=33.3 pumpMaxMs=41.5 queueDelayAvgMs=16.3 queueDelayP95Ms=18.0 queueDelayMaxMs=24.2 samePump=0 pumpBatchMax=1 queueDepthMax=3 frameMaxMs=24.8
[rubber-banding][main-thread-host-simulation] time=28.682 ticks=61 tickRate=61.0 avgMs=0.528 maxMs=1.072 fixedHz=60.0 maximumDeltaMs=333.3 focused=1
[rubber-banding][main-thread-snapshot] time=28.956 packets=31 characterRecords=31 bodyRecords=0 avgMs=0.006 maxMs=0.009
[rubber-banding][main-thread-pump] time=28.956 fps=61.0 frames=61 frameMaxMs=17.0 tcpAvgMs=0.003 tcpMaxMs=0.005 udpAvgMs=0.151 udpMaxMs=1.656 otherAvgMs=0.012 otherMaxMs=0.028 updateAvgMs=0.166 updateMaxMs=1.673
[rubber-banding][local-input] time=29.356 role=host entity=1 fps=60.0 updates=60 moveUpdates=48 fixedCalls=60 commands=60 blockedFixed=0 sampleMove=(-0.10, -1.00) commandMove=(-12,-126) movementEnabled=True stunned=False controllerEnabled=True grounded=True position=(9.289, 1.793, 6.318) displacement=(2.549, 0.634, -0.184) travelCm=277.9 estimatedTick=895 desiredTick=900 desiredLead=5 actualLead=0 recordedTick=895 resolvedTick=894 lastPredictedTick=895 unresolved=1 unresolvedPredictionCount=1 fixedHz=60.0 simulationHz=60 rttMs=33.3 batchesSent=447 commandsSent=761 sendFailures=0
[rubber-banding][host-input] time=29.465 interval=1.000 room=22 world=1 authority=1 entity=1 hostTick=902 windowReceived=60 windowHeldFallback=0 windowNeutralFallback=0 pending=0 totalReceived=902 totalHeldFallback=0 totalNeutralFallback=0 accepted=902 stale=767 duplicates=0 conflicts=0
[rubber-banding][udp-pump] time=29.606 frame=2070 focused=1 windowMs=1000.4 fps=60.0 packets=30 socketAvgMs=33.3 socketP95Ms=35.0 socketMaxMs=35.2 pumpAvgMs=33.3 pumpP95Ms=33.4 pumpMaxMs=33.6 queueDelayAvgMs=16.0 queueDelayP95Ms=17.3 queueDelayMaxMs=17.6 samePump=0 pumpBatchMax=1 queueDepthMax=3 frameMaxMs=16.7
[rubber-banding][main-thread-host-simulation] time=29.699 ticks=61 tickRate=61.0 avgMs=0.548 maxMs=2.048 fixedHz=60.0 maximumDeltaMs=333.3 focused=1
[rubber-banding][main-thread-pump] time=29.972 fps=61.0 frames=61 frameMaxMs=16.7 tcpAvgMs=0.003 tcpMaxMs=0.020 udpAvgMs=0.130 udpMaxMs=0.492 otherAvgMs=0.013 otherMaxMs=0.046 updateAvgMs=0.147 updateMaxMs=0.542
[rubber-banding][main-thread-snapshot] time=29.989 packets=31 characterRecords=31 bodyRecords=0 avgMs=0.006 maxMs=0.009
[rubber-banding][local-input] time=30.356 role=host entity=1 fps=60.0 updates=60 moveUpdates=60 fixedCalls=60 commands=60 blockedFixed=0 sampleMove=(-1.00, 0.10) commandMove=(-126,12) movementEnabled=True stunned=False controllerEnabled=True grounded=True position=(6.476, 0.954, 5.397) displacement=(-2.813, -0.839, -0.921) travelCm=382.5 estimatedTick=955 desiredTick=960 desiredLead=5 actualLead=0 recordedTick=955 resolvedTick=954 lastPredictedTick=955 unresolved=1 unresolvedPredictionCount=1 fixedHz=60.0 simulationHz=60 rttMs=33.3 batchesSent=477 commandsSent=821 sendFailures=0
[rubber-banding][host-input] time=30.465 interval=1.000 room=22 world=1 authority=1 entity=1 hostTick=962 windowReceived=60 windowHeldFallback=0 windowNeutralFallback=0 pending=0 totalReceived=962 totalHeldFallback=0 totalNeutralFallback=0 accepted=962 stale=827 duplicates=0 conflicts=0
[rubber-banding][udp-pump] time=30.606 frame=2130 focused=1 windowMs=1000.1 fps=60.0 packets=30 socketAvgMs=33.3 socketP95Ms=34.3 socketMaxMs=34.3 pumpAvgMs=33.3 pumpP95Ms=33.4 pumpMaxMs=33.4 queueDelayAvgMs=16.3 queueDelayP95Ms=17.2 queueDelayMaxMs=17.5 samePump=0 pumpBatchMax=1 queueDepthMax=3 frameMaxMs=16.7
[rubber-banding][main-thread-host-simulation] time=30.715 ticks=61 tickRate=61.0 avgMs=0.504 maxMs=0.926 fixedHz=60.0 maximumDeltaMs=333.3 focused=1
[rubber-banding][main-thread-pump] time=30.989 fps=61.0 frames=61 frameMaxMs=16.7 tcpAvgMs=0.003 tcpMaxMs=0.004 udpAvgMs=0.119 udpMaxMs=0.373 otherAvgMs=0.012 otherMaxMs=0.027 updateAvgMs=0.134 updateMaxMs=0.386
[rubber-banding][main-thread-snapshot] time=31.023 packets=31 characterRecords=31 bodyRecords=0 avgMs=0.006 maxMs=0.009
[rubber-banding][local-input] time=31.356 role=host entity=1 fps=60.0 updates=60 moveUpdates=60 fixedCalls=60 commands=60 blockedFixed=0 sampleMove=(-0.77, -0.64) commandMove=(-98,-81) movementEnabled=True stunned=False controllerEnabled=True grounded=True position=(3.778, -0.807, 4.082) displacement=(-2.698, -1.762, -1.315) travelCm=449.2 estimatedTick=1015 desiredTick=1020 desiredLead=5 actualLead=0 recordedTick=1015 resolvedTick=1014 lastPredictedTick=1015 unresolved=1 unresolvedPredictionCount=1 fixedHz=60.0 simulationHz=60 rttMs=33.3 batchesSent=507 commandsSent=881 sendFailures=0
[rubber-banding][host-input] time=31.465 interval=1.000 room=22 world=1 authority=1 entity=1 hostTick=1022 windowReceived=60 windowHeldFallback=0 windowNeutralFallback=0 pending=0 totalReceived=1022 totalHeldFallback=0 totalNeutralFallback=0 accepted=1022 stale=887 duplicates=0 conflicts=0
[rubber-banding][udp-pump] time=31.606 frame=2190 focused=1 windowMs=1000.1 fps=60.0 packets=30 socketAvgMs=33.4 socketP95Ms=34.2 socketMaxMs=34.3 pumpAvgMs=33.3 pumpP95Ms=33.4 pumpMaxMs=33.4 queueDelayAvgMs=16.0 queueDelayP95Ms=16.9 queueDelayMaxMs=17.0 samePump=0 pumpBatchMax=1 queueDepthMax=3 frameMaxMs=16.7
[rubber-banding][main-thread-host-simulation] time=31.732 ticks=61 tickRate=61.0 avgMs=0.494 maxMs=0.826 fixedHz=60.0 maximumDeltaMs=333.3 focused=1
[rubber-banding][main-thread-pump] time=32.006 fps=61.0 frames=61 frameMaxMs=16.8 tcpAvgMs=0.003 tcpMaxMs=0.007 udpAvgMs=0.116 udpMaxMs=0.384 otherAvgMs=0.013 otherMaxMs=0.068 updateAvgMs=0.132 updateMaxMs=0.398
[rubber-banding][main-thread-snapshot] time=32.056 packets=31 characterRecords=31 bodyRecords=0 avgMs=0.006 maxMs=0.008
[rubber-banding][local-input] time=32.356 role=host entity=1 fps=60.0 updates=60 moveUpdates=60 fixedCalls=60 commands=60 blockedFixed=0 sampleMove=(-1.00, 0.10) commandMove=(-126,12) movementEnabled=True stunned=False controllerEnabled=True grounded=True position=(-0.014, -0.488, 3.826) displacement=(-3.793, 0.319, -0.256) travelCm=437.3 estimatedTick=1075 desiredTick=1080 desiredLead=5 actualLead=0 recordedTick=1075 resolvedTick=1074 lastPredictedTick=1075 unresolved=1 unresolvedPredictionCount=1 fixedHz=60.0 simulationHz=60 rttMs=33.3 batchesSent=537 commandsSent=941 sendFailures=0
[rubber-banding][host-input] time=32.465 interval=1.000 room=22 world=1 authority=1 entity=1 hostTick=1082 windowReceived=60 windowHeldFallback=0 windowNeutralFallback=0 pending=0 totalReceived=1082 totalHeldFallback=0 totalNeutralFallback=0 accepted=1082 stale=947 duplicates=0 conflicts=0
[rubber-banding][udp-pump] time=32.606 frame=2250 focused=1 windowMs=1000.1 fps=60.0 packets=30 socketAvgMs=33.3 socketP95Ms=34.2 socketMaxMs=34.9 pumpAvgMs=33.3 pumpP95Ms=33.3 pumpMaxMs=33.5 queueDelayAvgMs=16.0 queueDelayP95Ms=17.1 queueDelayMaxMs=17.3 samePump=0 pumpBatchMax=1 queueDepthMax=3 frameMaxMs=16.8
[rubber-banding][main-thread-host-simulation] time=32.765 ticks=62 tickRate=61.0 avgMs=0.543 maxMs=2.114 fixedHz=60.0 maximumDeltaMs=333.3 focused=1
[rubber-banding][main-thread-pump] time=33.023 fps=61.0 frames=61 frameMaxMs=16.7 tcpAvgMs=0.003 tcpMaxMs=0.013 udpAvgMs=0.126 udpMaxMs=0.423 otherAvgMs=0.013 otherMaxMs=0.030 updateAvgMs=0.142 updateMaxMs=0.437
[rubber-banding][main-thread-snapshot] time=33.089 packets=31 characterRecords=31 bodyRecords=0 avgMs=0.006 maxMs=0.009
[rubber-banding][local-input] time=33.356 role=host entity=1 fps=60.0 updates=60 moveUpdates=60 fixedCalls=60 commands=60 blockedFixed=0 sampleMove=(-1.00, 0.10) commandMove=(-126,12) movementEnabled=True stunned=False controllerEnabled=True grounded=True position=(-3.428, 0.192, 4.718) displacement=(-3.414, 0.680, 0.892) travelCm=378.2 estimatedTick=1135 desiredTick=1140 desiredLead=5 actualLead=0 recordedTick=1135 resolvedTick=1134 lastPredictedTick=1135 unresolved=1 unresolvedPredictionCount=1 fixedHz=60.0 simulationHz=60 rttMs=33.3 batchesSent=567 commandsSent=1001 sendFailures=0
[rubber-banding][host-input] time=33.465 interval=1.000 room=22 world=1 authority=1 entity=1 hostTick=1142 windowReceived=60 windowHeldFallback=0 windowNeutralFallback=0 pending=0 totalReceived=1142 totalHeldFallback=0 totalNeutralFallback=0 accepted=1142 stale=1007 duplicates=0 conflicts=0
[rubber-banding][udp-pump] time=33.606 frame=2310 focused=1 windowMs=1000.2 fps=60.0 packets=30 socketAvgMs=33.3 socketP95Ms=34.8 socketMaxMs=35.1 pumpAvgMs=33.3 pumpP95Ms=33.3 pumpMaxMs=33.5 queueDelayAvgMs=16.0 queueDelayP95Ms=16.8 queueDelayMaxMs=17.0 samePump=0 pumpBatchMax=1 queueDepthMax=3 frameMaxMs=16.7
[rubber-banding][main-thread-host-simulation] time=33.782 ticks=61 tickRate=61.0 avgMs=0.527 maxMs=1.018 fixedHz=60.0 maximumDeltaMs=333.3 focused=1
[rubber-banding][main-thread-pump] time=34.040 fps=61.0 frames=61 frameMaxMs=16.8 tcpAvgMs=0.003 tcpMaxMs=0.007 udpAvgMs=0.141 udpMaxMs=1.659 otherAvgMs=0.014 otherMaxMs=0.039 updateAvgMs=0.158 updateMaxMs=1.672
[rubber-banding][main-thread-snapshot] time=34.123 packets=31 characterRecords=31 bodyRecords=0 avgMs=0.006 maxMs=0.009
[rubber-banding][local-input] time=34.356 role=host entity=1 fps=60.0 updates=60 moveUpdates=60 fixedCalls=60 commands=60 blockedFixed=0 sampleMove=(-0.77, -0.64) commandMove=(-98,-81) movementEnabled=True stunned=False controllerEnabled=True grounded=True position=(-7.299, -1.284, 4.840) displacement=(-3.872, -1.476, 0.122) travelCm=435.8 estimatedTick=1195 desiredTick=1200 desiredLead=5 actualLead=0 recordedTick=1195 resolvedTick=1194 lastPredictedTick=1195 unresolved=1 unresolvedPredictionCount=1 fixedHz=60.0 simulationHz=60 rttMs=33.3 batchesSent=597 commandsSent=1061 sendFailures=0
[rubber-banding][host-input] time=34.465 interval=1.000 room=22 world=1 authority=1 entity=1 hostTick=1202 windowReceived=60 windowHeldFallback=0 windowNeutralFallback=0 pending=0 totalReceived=1202 totalHeldFallback=0 totalNeutralFallback=0 accepted=1202 stale=1067 duplicates=0 conflicts=0
[rubber-banding][udp-pump] time=34.606 frame=2370 focused=1 windowMs=1000.2 fps=60.0 packets=30 socketAvgMs=33.3 socketP95Ms=34.3 socketMaxMs=34.6 pumpAvgMs=33.3 pumpP95Ms=33.4 pumpMaxMs=33.5 queueDelayAvgMs=16.0 queueDelayP95Ms=17.0 queueDelayMaxMs=17.1 samePump=0 pumpBatchMax=1 queueDepthMax=3 frameMaxMs=16.7
[rubber-banding][main-thread-host-simulation] time=34.799 ticks=61 tickRate=61.0 avgMs=0.496 maxMs=0.964 fixedHz=60.0 maximumDeltaMs=333.3 focused=1
[rubber-banding][main-thread-pump] time=35.056 fps=61.0 frames=61 frameMaxMs=16.8 tcpAvgMs=0.003 tcpMaxMs=0.005 udpAvgMs=0.123 udpMaxMs=0.454 otherAvgMs=0.013 otherMaxMs=0.027 updateAvgMs=0.138 updateMaxMs=0.484
[rubber-banding][main-thread-snapshot] time=35.156 packets=31 characterRecords=31 bodyRecords=0 avgMs=0.006 maxMs=0.008
[rubber-banding][local-input] time=35.356 role=host entity=1 fps=60.0 updates=60 moveUpdates=60 fixedCalls=60 commands=60 blockedFixed=0 sampleMove=(1.00, -0.10) commandMove=(126,-12) movementEnabled=True stunned=False controllerEnabled=True grounded=True position=(-5.456, -0.089, 2.517) displacement=(1.844, 1.195, -2.324) travelCm=410.1 estimatedTick=1255 desiredTick=1260 desiredLead=5 actualLead=0 recordedTick=1255 resolvedTick=1254 lastPredictedTick=1255 unresolved=1 unresolvedPredictionCount=1 fixedHz=60.0 simulationHz=60 rttMs=33.3 batchesSent=627 commandsSent=1121 sendFailures=0
[rubber-banding][host-input] time=35.465 interval=1.000 room=22 world=1 authority=1 entity=1 hostTick=1262 windowReceived=60 windowHeldFallback=0 windowNeutralFallback=0 pending=0 totalReceived=1262 totalHeldFallback=0 totalNeutralFallback=0 accepted=1262 stale=1127 duplicates=0 conflicts=0
[rubber-banding][udp-pump] time=35.607 frame=2430 focused=1 windowMs=1000.2 fps=60.0 packets=30 socketAvgMs=33.4 socketP95Ms=34.5 socketMaxMs=34.5 pumpAvgMs=33.3 pumpP95Ms=33.4 pumpMaxMs=33.5 queueDelayAvgMs=15.9 queueDelayP95Ms=16.7 queueDelayMaxMs=17.0 samePump=0 pumpBatchMax=1 queueDepthMax=3 frameMaxMs=16.7
[rubber-banding][main-thread-host-simulation] time=35.815 ticks=61 tickRate=61.0 avgMs=0.528 maxMs=1.073 fixedHz=60.0 maximumDeltaMs=333.3 focused=1
[rubber-banding][main-thread-pump] time=36.073 fps=61.0 frames=61 frameMaxMs=16.7 tcpAvgMs=0.003 tcpMaxMs=0.004 udpAvgMs=0.148 udpMaxMs=1.728 otherAvgMs=0.013 otherMaxMs=0.030 updateAvgMs=0.164 updateMaxMs=1.743
[rubber-banding][main-thread-snapshot] time=36.190 packets=31 characterRecords=31 bodyRecords=0 avgMs=0.006 maxMs=0.009
[rubber-banding][local-input] time=36.357 role=host entity=1 fps=60.0 updates=60 moveUpdates=60 fixedCalls=60 commands=60 blockedFixed=0 sampleMove=(0.99, -0.10) commandMove=(126,-12) movementEnabled=True stunned=False controllerEnabled=True grounded=True position=(-3.108, -0.319, 0.586) displacement=(2.348, -0.230, -1.931) travelCm=333.5 estimatedTick=1315 desiredTick=1320 desiredLead=5 actualLead=0 recordedTick=1315 resolvedTick=1314 lastPredictedTick=1315 unresolved=1 unresolvedPredictionCount=1 fixedHz=60.0 simulationHz=60 rttMs=33.3 batchesSent=657 commandsSent=1181 sendFailures=0
[rubber-banding][host-input] time=36.465 interval=1.000 room=22 world=1 authority=1 entity=1 hostTick=1322 windowReceived=60 windowHeldFallback=0 windowNeutralFallback=0 pending=0 totalReceived=1322 totalHeldFallback=0 totalNeutralFallback=0 accepted=1322 stale=1187 duplicates=0 conflicts=0
[rubber-banding][udp-pump] time=36.608 frame=2490 focused=1 windowMs=1001.0 fps=59.9 packets=30 socketAvgMs=33.4 socketP95Ms=34.7 socketMaxMs=35.0 pumpAvgMs=33.4 pumpP95Ms=33.5 pumpMaxMs=34.0 queueDelayAvgMs=15.8 queueDelayP95Ms=16.8 queueDelayMaxMs=17.0 samePump=0 pumpBatchMax=1 queueDepthMax=3 frameMaxMs=16.8
[rubber-banding][main-thread-host-simulation] time=36.832 ticks=61 tickRate=61.0 avgMs=0.516 maxMs=0.903 fixedHz=60.0 maximumDeltaMs=333.3 focused=1
[rubber-banding][main-thread-pump] time=37.091 fps=60.9 frames=61 frameMaxMs=17.4 tcpAvgMs=0.003 tcpMaxMs=0.008 udpAvgMs=0.134 udpMaxMs=0.455 otherAvgMs=0.012 otherMaxMs=0.025 updateAvgMs=0.150 updateMaxMs=0.470
[rubber-banding][main-thread-snapshot] time=37.224 packets=31 characterRecords=31 bodyRecords=0 avgMs=0.007 maxMs=0.011
[rubber-banding][local-input] time=37.358 role=host entity=1 fps=59.9 updates=60 moveUpdates=60 fixedCalls=60 commands=60 blockedFixed=0 sampleMove=(0.64, 0.76) commandMove=(82,97) movementEnabled=True stunned=False controllerEnabled=True grounded=True position=(-0.048, -0.674, 2.550) displacement=(3.060, -0.354, 1.965) travelCm=403.2 estimatedTick=1375 desiredTick=1380 desiredLead=5 actualLead=0 recordedTick=1375 resolvedTick=1374 lastPredictedTick=1375 unresolved=1 unresolvedPredictionCount=1 fixedHz=60.0 simulationHz=60 rttMs=33.3 batchesSent=687 commandsSent=1241 sendFailures=0
[rubber-banding][host-input] time=37.465 interval=1.000 room=22 world=1 authority=1 entity=1 hostTick=1382 windowReceived=60 windowHeldFallback=0 windowNeutralFallback=0 pending=0 totalReceived=1382 totalHeldFallback=0 totalNeutralFallback=0 accepted=1382 stale=1247 duplicates=0 conflicts=0
[rubber-banding][udp-pump] time=37.608 frame=2550 focused=1 windowMs=1000.2 fps=60.0 packets=30 socketAvgMs=33.3 socketP95Ms=34.2 socketMaxMs=34.3 pumpAvgMs=33.3 pumpP95Ms=33.3 pumpMaxMs=33.5 queueDelayAvgMs=16.0 queueDelayP95Ms=17.1 queueDelayMaxMs=17.2 samePump=0 pumpBatchMax=1 queueDepthMax=3 frameMaxMs=16.8
[rubber-banding][main-thread-host-simulation] time=37.849 ticks=61 tickRate=61.0 avgMs=0.563 maxMs=1.274 fixedHz=60.0 maximumDeltaMs=333.3 focused=1
[rubber-banding][main-thread-pump] time=38.108 fps=61.0 frames=61 frameMaxMs=16.8 tcpAvgMs=0.003 tcpMaxMs=0.006 udpAvgMs=0.161 udpMaxMs=0.926 otherAvgMs=0.014 otherMaxMs=0.038 updateAvgMs=0.178 updateMaxMs=0.965
[rubber-banding][main-thread-snapshot] time=38.258 packets=31 characterRecords=31 bodyRecords=0 avgMs=0.008 maxMs=0.033
[rubber-banding][local-input] time=38.358 role=host entity=1 fps=60.0 updates=60 moveUpdates=60 fixedCalls=60 commands=60 blockedFixed=0 sampleMove=(0.03, 1.00) commandMove=(4,127) movementEnabled=True stunned=False controllerEnabled=True grounded=True position=(1.901, -1.506, 5.708) displacement=(1.950, -0.832, 3.158) travelCm=412.2 estimatedTick=1435 desiredTick=1440 desiredLead=5 actualLead=0 recordedTick=1435 resolvedTick=1434 lastPredictedTick=1435 unresolved=1 unresolvedPredictionCount=1 fixedHz=60.0 simulationHz=60 rttMs=33.3 batchesSent=717 commandsSent=1301 sendFailures=0
[rubber-banding][host-input] time=38.465 interval=1.000 room=22 world=1 authority=1 entity=1 hostTick=1442 windowReceived=60 windowHeldFallback=0 windowNeutralFallback=0 pending=0 totalReceived=1442 totalHeldFallback=0 totalNeutralFallback=0 accepted=1442 stale=1307 duplicates=0 conflicts=0
[rubber-banding][udp-pump] time=38.608 frame=2610 focused=1 windowMs=1000.1 fps=60.0 packets=30 socketAvgMs=33.3 socketP95Ms=34.5 socketMaxMs=35.0 pumpAvgMs=33.3 pumpP95Ms=33.4 pumpMaxMs=33.4 queueDelayAvgMs=16.0 queueDelayP95Ms=16.9 queueDelayMaxMs=17.2 samePump=0 pumpBatchMax=1 queueDepthMax=3 frameMaxMs=16.7
[rubber-banding][main-thread-host-simulation] time=38.865 ticks=61 tickRate=61.0 avgMs=0.661 maxMs=1.590 fixedHz=60.0 maximumDeltaMs=333.3 focused=1
[rubber-banding][main-thread-pump] time=39.125 fps=61.0 frames=61 frameMaxMs=16.8 tcpAvgMs=0.003 tcpMaxMs=0.012 udpAvgMs=0.186 udpMaxMs=3.332 otherAvgMs=0.013 otherMaxMs=0.049 updateAvgMs=0.203 updateMaxMs=3.350
[rubber-banding][main-thread-snapshot] time=39.291 packets=31 characterRecords=31 bodyRecords=0 avgMs=0.007 maxMs=0.010
[rubber-banding][local-input] time=39.358 role=host entity=1 fps=60.0 updates=60 moveUpdates=43 fixedCalls=60 commands=60 blockedFixed=0 sampleMove=(0.00, 0.00) commandMove=(0,0) movementEnabled=True stunned=False controllerEnabled=True grounded=True position=(2.411, -1.128, 8.219) displacement=(0.509, 0.378, 2.511) travelCm=318.0 estimatedTick=1495 desiredTick=1500 desiredLead=5 actualLead=0 recordedTick=1495 resolvedTick=1494 lastPredictedTick=1495 unresolved=1 unresolvedPredictionCount=1 fixedHz=60.0 simulationHz=60 rttMs=33.3 batchesSent=747 commandsSent=1361 sendFailures=0
[rubber-banding][host-input] time=39.465 interval=1.000 room=22 world=1 authority=1 entity=1 hostTick=1502 windowReceived=60 windowHeldFallback=0 windowNeutralFallback=0 pending=0 totalReceived=1502 totalHeldFallback=0 totalNeutralFallback=0 accepted=1502 stale=1367 duplicates=0 conflicts=0
[rubber-banding][udp-pump] time=39.608 frame=2670 focused=1 windowMs=1000.2 fps=60.0 packets=30 socketAvgMs=33.4 socketP95Ms=35.0 socketMaxMs=35.5 pumpAvgMs=33.3 pumpP95Ms=33.4 pumpMaxMs=33.4 queueDelayAvgMs=16.2 queueDelayP95Ms=17.1 queueDelayMaxMs=17.1 samePump=0 pumpBatchMax=1 queueDepthMax=3 frameMaxMs=16.8
[rubber-banding][main-thread-host-simulation] time=39.882 ticks=61 tickRate=61.0 avgMs=0.549 maxMs=1.730 fixedHz=60.0 maximumDeltaMs=333.3 focused=1
[rubber-banding][main-thread-pump] time=40.142 fps=61.0 frames=61 frameMaxMs=16.9 tcpAvgMs=0.003 tcpMaxMs=0.007 udpAvgMs=0.145 udpMaxMs=0.573 otherAvgMs=0.014 otherMaxMs=0.051 updateAvgMs=0.162 updateMaxMs=0.597
[rubber-banding][main-thread-snapshot] time=40.326 packets=31 characterRecords=31 bodyRecords=0 avgMs=0.008 maxMs=0.048
[rubber-banding][local-input] time=40.365 role=host entity=1 fps=59.6 updates=60 moveUpdates=0 fixedCalls=60 commands=60 blockedFixed=0 sampleMove=(0.00, 0.00) commandMove=(0,0) movementEnabled=True stunned=False controllerEnabled=True grounded=True position=(2.411, -1.128, 8.219) displacement=(0.000, 0.000, 0.000) travelCm=0.0 estimatedTick=1555 desiredTick=1560 desiredLead=5 actualLead=0 recordedTick=1555 resolvedTick=1554 lastPredictedTick=1555 unresolved=1 unresolvedPredictionCount=1 fixedHz=60.0 simulationHz=60 rttMs=33.3 batchesSent=777 commandsSent=1419 sendFailures=0
[rubber-banding][host-input] time=40.465 interval=1.000 room=22 world=1 authority=1 entity=1 hostTick=1562 windowReceived=60 windowHeldFallback=0 windowNeutralFallback=0 pending=0 totalReceived=1562 totalHeldFallback=0 totalNeutralFallback=0 accepted=1562 stale=1421 duplicates=0 conflicts=0
[rubber-banding][udp-pump] time=40.615 frame=2730 focused=1 windowMs=1006.5 fps=59.6 packets=30 socketAvgMs=33.5 socketP95Ms=35.0 socketMaxMs=39.7 pumpAvgMs=33.6 pumpP95Ms=50.0 pumpMaxMs=55.6 queueDelayAvgMs=14.9 queueDelayP95Ms=16.8 queueDelayMaxMs=17.1 samePump=0 pumpBatchMax=1 queueDepthMax=3 frameMaxMs=16.9
[rubber-banding][main-thread-host-simulation] time=40.899 ticks=61 tickRate=61.0 avgMs=0.572 maxMs=2.542 fixedHz=60.0 maximumDeltaMs=333.3 focused=1
[rubber-banding][main-thread-pump] time=41.165 fps=60.6 frames=61 frameMaxMs=22.3 tcpAvgMs=0.003 tcpMaxMs=0.005 udpAvgMs=0.107 udpMaxMs=0.348 otherAvgMs=0.042 otherMaxMs=1.557 updateAvgMs=0.152 updateMaxMs=1.595
[rubber-banding][main-thread-snapshot] time=41.348 packets=31 characterRecords=31 bodyRecords=0 avgMs=0.007 maxMs=0.011
[rubber-banding][local-input] time=41.365 role=host entity=1 fps=60.0 updates=60 moveUpdates=0 fixedCalls=60 commands=60 blockedFixed=0 sampleMove=(0.00, 0.00) commandMove=(0,0) movementEnabled=True stunned=False controllerEnabled=True grounded=True position=(2.411, -1.128, 8.219) displacement=(0.000, 0.000, 0.000) travelCm=0.0 estimatedTick=1615 desiredTick=1620 desiredLead=5 actualLead=0 recordedTick=1615 resolvedTick=1614 lastPredictedTick=1615 unresolved=1 unresolvedPredictionCount=1 fixedHz=60.0 simulationHz=60 rttMs=33.3 batchesSent=807 commandsSent=1449 sendFailures=0
[rubber-banding][host-input] time=41.465 interval=1.000 room=22 world=1 authority=1 entity=1 hostTick=1622 windowReceived=60 windowHeldFallback=0 windowNeutralFallback=0 pending=0 totalReceived=1622 totalHeldFallback=0 totalNeutralFallback=0 accepted=1622 stale=1451 duplicates=0 conflicts=0
[rubber-banding][udp-pump] time=41.617 frame=2789 focused=1 windowMs=1002.3 fps=58.9 packets=30 socketAvgMs=34.4 socketP95Ms=34.7 socketMaxMs=65.9 pumpAvgMs=34.0 pumpP95Ms=50.1 pumpMaxMs=52.2 queueDelayAvgMs=13.7 queueDelayP95Ms=16.8 queueDelayMaxMs=17.0 samePump=0 pumpBatchMax=1 queueDepthMax=2 frameMaxMs=35.5
[rubber-banding][main-thread-host-simulation] time=41.915 ticks=61 tickRate=61.0 avgMs=0.504 maxMs=1.888 fixedHz=60.0 maximumDeltaMs=333.3 focused=1
[rubber-banding][main-thread-pump] time=42.184 fps=59.8 frames=60 frameMaxMs=35.5 tcpAvgMs=0.003 tcpMaxMs=0.005 udpAvgMs=0.128 udpMaxMs=0.719 otherAvgMs=0.023 otherMaxMs=0.431 updateAvgMs=0.154 updateMaxMs=0.733
[rubber-banding][local-input] time=42.368 role=host entity=1 fps=58.8 updates=59 moveUpdates=0 fixedCalls=61 commands=61 blockedFixed=0 sampleMove=(0.00, 0.00) commandMove=(0,0) movementEnabled=True stunned=False controllerEnabled=True grounded=True position=(2.411, -1.128, 8.219) displacement=(0.000, 0.000, 0.000) travelCm=0.0 estimatedTick=1676 desiredTick=1681 desiredLead=5 actualLead=0 recordedTick=1676 resolvedTick=1674 lastPredictedTick=1676 unresolved=2 unresolvedPredictionCount=2 fixedHz=60.0 simulationHz=60 rttMs=33.3 batchesSent=837 commandsSent=1503 sendFailures=0
[rubber-banding][main-thread-snapshot] time=42.384 packets=31 characterRecords=31 bodyRecords=0 avgMs=0.006 maxMs=0.009
[rubber-banding][host-input] time=42.465 interval=1.000 room=22 world=1 authority=1 entity=1 hostTick=1682 windowReceived=60 windowHeldFallback=0 windowNeutralFallback=0 pending=0 totalReceived=1682 totalHeldFallback=0 totalNeutralFallback=0 accepted=1682 stale=1507 duplicates=0 conflicts=0
[rubber-banding][udp-pump] time=42.618 frame=2849 focused=0 windowMs=1000.8 fps=60.0 packets=31 socketAvgMs=31.9 socketP95Ms=36.8 socketMaxMs=36.8 pumpAvgMs=32.3 pumpP95Ms=33.8 pumpMaxMs=50.0 queueDelayAvgMs=15.1 queueDelayP95Ms=17.0 queueDelayMaxMs=19.4 samePump=1 pumpBatchMax=2 queueDepthMax=3 frameMaxMs=16.7
[rubber-banding][main-thread-host-simulation] time=42.932 ticks=61 tickRate=61.0 avgMs=0.501 maxMs=1.148 fixedHz=60.0 maximumDeltaMs=333.3 focused=0
[rubber-banding][main-thread-pump] time=43.201 fps=61.0 frames=61 frameMaxMs=16.9 tcpAvgMs=0.003 tcpMaxMs=0.005 udpAvgMs=0.163 udpMaxMs=1.687 otherAvgMs=0.017 otherMaxMs=0.218 updateAvgMs=0.182 updateMaxMs=1.701
[rubber-banding][local-input] time=43.368 role=host entity=1 fps=60.0 updates=60 moveUpdates=0 fixedCalls=60 commands=60 blockedFixed=0 sampleMove=(0.00, 0.00) commandMove=(0,0) movementEnabled=True stunned=False controllerEnabled=True grounded=True position=(2.411, -1.128, 8.219) displacement=(0.000, 0.000, 0.000) travelCm=0.0 estimatedTick=1736 desiredTick=1741 desiredLead=5 actualLead=0 recordedTick=1736 resolvedTick=1734 lastPredictedTick=1736 unresolved=2 unresolvedPredictionCount=2 fixedHz=60.0 simulationHz=60 rttMs=33.3 batchesSent=867 commandsSent=1563 sendFailures=0
[rubber-banding][main-thread-snapshot] time=43.418 packets=31 characterRecords=31 bodyRecords=0 avgMs=0.007 maxMs=0.010
[rubber-banding][host-input] time=43.465 interval=1.000 room=22 world=1 authority=1 entity=1 hostTick=1742 windowReceived=60 windowHeldFallback=0 windowNeutralFallback=0 pending=0 totalReceived=1742 totalHeldFallback=0 totalNeutralFallback=0 accepted=1742 stale=1567 duplicates=0 conflicts=0
[rubber-banding][udp-pump] time=43.618 frame=2909 focused=0 windowMs=1000.7 fps=60.0 packets=30 socketAvgMs=33.4 socketP95Ms=35.1 socketMaxMs=35.7 pumpAvgMs=33.4 pumpP95Ms=33.5 pumpMaxMs=33.6 queueDelayAvgMs=15.9 queueDelayP95Ms=16.7 queueDelayMaxMs=16.7 samePump=0 pumpBatchMax=1 queueDepthMax=3 frameMaxMs=16.9
[rubber-banding][main-thread-host-simulation] time=43.949 ticks=61 tickRate=61.0 avgMs=0.496 maxMs=1.982 fixedHz=60.0 maximumDeltaMs=333.3 focused=0
[rubber-banding][main-thread-pump] time=44.219 fps=61.0 frames=61 frameMaxMs=16.9 tcpAvgMs=0.003 tcpMaxMs=0.006 udpAvgMs=0.135 udpMaxMs=0.758 otherAvgMs=0.017 otherMaxMs=0.175 updateAvgMs=0.155 updateMaxMs=0.798
[rubber-banding][local-input] time=44.369 role=host entity=1 fps=60.0 updates=60 moveUpdates=0 fixedCalls=60 commands=60 blockedFixed=0 sampleMove=(0.00, 0.00) commandMove=(0,0) movementEnabled=True stunned=False controllerEnabled=True grounded=True position=(2.411, -1.128, 8.219) displacement=(0.000, 0.000, 0.000) travelCm=0.0 estimatedTick=1796 desiredTick=1801 desiredLead=5 actualLead=0 recordedTick=1796 resolvedTick=1794 lastPredictedTick=1796 unresolved=2 unresolvedPredictionCount=2 fixedHz=60.0 simulationHz=60 rttMs=33.3 batchesSent=897 commandsSent=1623 sendFailures=0
[rubber-banding][main-thread-snapshot] time=44.452 packets=31 characterRecords=31 bodyRecords=0 avgMs=0.006 maxMs=0.015
[rubber-banding][host-input] time=44.465 interval=1.000 room=22 world=1 authority=1 entity=1 hostTick=1802 windowReceived=60 windowHeldFallback=0 windowNeutralFallback=0 pending=0 totalReceived=1802 totalHeldFallback=0 totalNeutralFallback=0 accepted=1802 stale=1627 duplicates=0 conflicts=0
[rubber-banding][udp-pump] time=44.619 frame=2969 focused=0 windowMs=1000.2 fps=60.0 packets=30 socketAvgMs=33.3 socketP95Ms=34.1 socketMaxMs=34.2 pumpAvgMs=33.3 pumpP95Ms=33.4 pumpMaxMs=33.4 queueDelayAvgMs=15.9 queueDelayP95Ms=17.0 queueDelayMaxMs=17.1 samePump=0 pumpBatchMax=1 queueDepthMax=3 frameMaxMs=16.7
[rubber-banding][main-thread-host-simulation] time=44.965 ticks=61 tickRate=61.0 avgMs=0.453 maxMs=1.117 fixedHz=60.0 maximumDeltaMs=333.3 focused=0
[rubber-banding][main-thread-pump] time=45.235 fps=61.0 frames=61 frameMaxMs=16.8 tcpAvgMs=0.003 tcpMaxMs=0.006 udpAvgMs=0.156 udpMaxMs=2.571 otherAvgMs=0.017 otherMaxMs=0.173 updateAvgMs=0.176 updateMaxMs=2.587
[rubber-banding][local-input] time=45.369 role=host entity=1 fps=60.0 updates=60 moveUpdates=0 fixedCalls=60 commands=60 blockedFixed=0 sampleMove=(0.00, 0.00) commandMove=(0,0) movementEnabled=True stunned=False controllerEnabled=True grounded=True position=(2.411, -1.128, 8.219) displacement=(0.000, 0.000, 0.000) travelCm=0.0 estimatedTick=1856 desiredTick=1861 desiredLead=5 actualLead=0 recordedTick=1856 resolvedTick=1854 lastPredictedTick=1856 unresolved=2 unresolvedPredictionCount=2 fixedHz=60.0 simulationHz=60 rttMs=33.3 batchesSent=927 commandsSent=1683 sendFailures=0
[rubber-banding][host-input] time=45.465 interval=1.000 room=22 world=1 authority=1 entity=1 hostTick=1862 windowReceived=60 windowHeldFallback=0 windowNeutralFallback=0 pending=0 totalReceived=1862 totalHeldFallback=0 totalNeutralFallback=0 accepted=1862 stale=1687 duplicates=0 conflicts=0
[rubber-banding][main-thread-snapshot] time=45.486 packets=31 characterRecords=31 bodyRecords=0 avgMs=0.006 maxMs=0.012
[rubber-banding][udp-pump] time=45.619 frame=3029 focused=0 windowMs=1000.2 fps=60.0 packets=30 socketAvgMs=33.4 socketP95Ms=34.2 socketMaxMs=34.3 pumpAvgMs=33.3 pumpP95Ms=33.4 pumpMaxMs=33.5 queueDelayAvgMs=15.8 queueDelayP95Ms=16.7 queueDelayMaxMs=16.7 samePump=0 pumpBatchMax=1 queueDepthMax=3 frameMaxMs=16.8
[rubber-banding][main-thread-host-simulation] time=45.982 ticks=61 tickRate=61.0 avgMs=0.433 maxMs=1.291 fixedHz=60.0 maximumDeltaMs=333.3 focused=0
[rubber-banding][main-thread-pump] time=46.252 fps=61.0 frames=61 frameMaxMs=16.9 tcpAvgMs=0.003 tcpMaxMs=0.003 udpAvgMs=0.121 udpMaxMs=0.344 otherAvgMs=0.015 otherMaxMs=0.175 updateAvgMs=0.139 updateMaxMs=0.380
[rubber-banding][local-input] time=46.369 role=host entity=1 fps=60.0 updates=60 moveUpdates=0 fixedCalls=60 commands=60 blockedFixed=0 sampleMove=(0.00, 0.00) commandMove=(0,0) movementEnabled=True stunned=False controllerEnabled=True grounded=True position=(2.411, -1.128, 8.219) displacement=(0.000, 0.000, 0.000) travelCm=0.0 estimatedTick=1916 desiredTick=1921 desiredLead=5 actualLead=0 recordedTick=1916 resolvedTick=1914 lastPredictedTick=1916 unresolved=2 unresolvedPredictionCount=2 fixedHz=60.0 simulationHz=60 rttMs=33.3 batchesSent=957 commandsSent=1743 sendFailures=0
[rubber-banding][host-input] time=46.465 interval=1.000 room=22 world=1 authority=1 entity=1 hostTick=1922 windowReceived=60 windowHeldFallback=0 windowNeutralFallback=0 pending=0 totalReceived=1922 totalHeldFallback=0 totalNeutralFallback=0 accepted=1922 stale=1747 duplicates=0 conflicts=0
[rubber-banding][main-thread-snapshot] time=46.519 packets=31 characterRecords=31 bodyRecords=0 avgMs=0.010 maxMs=0.133
[rubber-banding][udp-pump] time=46.619 frame=3089 focused=0 windowMs=1000.3 fps=60.0 packets=30 socketAvgMs=33.4 socketP95Ms=34.7 socketMaxMs=35.1 pumpAvgMs=33.3 pumpP95Ms=33.3 pumpMaxMs=33.6 queueDelayAvgMs=15.8 queueDelayP95Ms=17.2 queueDelayMaxMs=17.5 samePump=0 pumpBatchMax=1 queueDepthMax=3 frameMaxMs=16.7
[rubber-banding][main-thread-host-simulation] time=46.999 ticks=61 tickRate=61.0 avgMs=0.496 maxMs=2.790 fixedHz=60.0 maximumDeltaMs=333.3 focused=0
[rubber-banding][main-thread-pump] time=47.269 fps=61.0 frames=61 frameMaxMs=16.7 tcpAvgMs=0.003 tcpMaxMs=0.005 udpAvgMs=0.159 udpMaxMs=1.765 otherAvgMs=0.019 otherMaxMs=0.244 updateAvgMs=0.181 updateMaxMs=1.780
[rubber-banding][local-input] time=47.369 role=host entity=1 fps=60.0 updates=60 moveUpdates=0 fixedCalls=60 commands=60 blockedFixed=0 sampleMove=(0.00, 0.00) commandMove=(0,0) movementEnabled=True stunned=False controllerEnabled=True grounded=True position=(2.411, -1.128, 8.219) displacement=(0.000, 0.000, 0.000) travelCm=0.0 estimatedTick=1976 desiredTick=1981 desiredLead=5 actualLead=0 recordedTick=1976 resolvedTick=1974 lastPredictedTick=1976 unresolved=2 unresolvedPredictionCount=2 fixedHz=60.0 simulationHz=60 rttMs=33.3 batchesSent=987 commandsSent=1803 sendFailures=0
[rubber-banding][host-input] time=47.465 interval=1.000 room=22 world=1 authority=1 entity=1 hostTick=1982 windowReceived=60 windowHeldFallback=0 windowNeutralFallback=0 pending=0 totalReceived=1982 totalHeldFallback=0 totalNeutralFallback=0 accepted=1982 stale=1807 duplicates=0 conflicts=0
[rubber-banding][main-thread-snapshot] time=47.552 packets=31 characterRecords=31 bodyRecords=0 avgMs=0.007 maxMs=0.010
[rubber-banding][udp-pump] time=47.619 frame=3149 focused=0 windowMs=1000.0 fps=60.0 packets=30 socketAvgMs=33.3 socketP95Ms=34.3 socketMaxMs=34.6 pumpAvgMs=33.3 pumpP95Ms=33.3 pumpMaxMs=33.3 queueDelayAvgMs=16.0 queueDelayP95Ms=16.9 queueDelayMaxMs=17.1 samePump=0 pumpBatchMax=1 queueDepthMax=3 frameMaxMs=16.7
[rubber-banding][main-thread-host-simulation] time=48.015 ticks=61 tickRate=61.0 avgMs=0.456 maxMs=1.279 fixedHz=60.0 maximumDeltaMs=333.3 focused=0
[rubber-banding][main-thread-pump] time=48.286 fps=61.0 frames=61 frameMaxMs=16.7 tcpAvgMs=0.003 tcpMaxMs=0.006 udpAvgMs=0.180 udpMaxMs=2.604 otherAvgMs=0.018 otherMaxMs=0.229 updateAvgMs=0.202 updateMaxMs=2.633
[rubber-banding][local-input] time=48.369 role=host entity=1 fps=60.0 updates=60 moveUpdates=0 fixedCalls=60 commands=60 blockedFixed=0 sampleMove=(0.00, 0.00) commandMove=(0,0) movementEnabled=True stunned=False controllerEnabled=True grounded=True position=(2.411, -1.128, 8.219) displacement=(0.000, 0.000, 0.000) travelCm=0.0 estimatedTick=2036 desiredTick=2041 desiredLead=5 actualLead=0 recordedTick=2036 resolvedTick=2034 lastPredictedTick=2036 unresolved=2 unresolvedPredictionCount=2 fixedHz=60.0 simulationHz=60 rttMs=33.3 batchesSent=1017 commandsSent=1863 sendFailures=0
[rubber-banding][host-input] time=48.465 interval=1.000 room=22 world=1 authority=1 entity=1 hostTick=2042 windowReceived=60 windowHeldFallback=0 windowNeutralFallback=0 pending=0 totalReceived=2042 totalHeldFallback=0 totalNeutralFallback=0 accepted=2042 stale=1867 duplicates=0 conflicts=0
[rubber-banding][main-thread-snapshot] time=48.586 packets=31 characterRecords=31 bodyRecords=0 avgMs=0.006 maxMs=0.010
[rubber-banding][udp-pump] time=48.619 frame=3209 focused=0 windowMs=1000.2 fps=60.0 packets=30 socketAvgMs=33.4 socketP95Ms=34.4 socketMaxMs=34.9 pumpAvgMs=33.3 pumpP95Ms=33.3 pumpMaxMs=33.5 queueDelayAvgMs=15.9 queueDelayP95Ms=17.2 queueDelayMaxMs=17.6 samePump=0 pumpBatchMax=1 queueDepthMax=3 frameMaxMs=16.8
[rubber-banding][main-thread-host-simulation] time=49.032 ticks=61 tickRate=61.0 avgMs=0.486 maxMs=1.115 fixedHz=60.0 maximumDeltaMs=333.3 focused=0
[rubber-banding][main-thread-pump] time=49.303 fps=61.0 frames=61 frameMaxMs=16.8 tcpAvgMs=0.003 tcpMaxMs=0.005 udpAvgMs=0.170 udpMaxMs=2.279 otherAvgMs=0.019 otherMaxMs=0.194 updateAvgMs=0.192 updateMaxMs=2.295
[rubber-banding][local-input] time=49.369 role=host entity=1 fps=60.0 updates=60 moveUpdates=0 fixedCalls=60 commands=60 blockedFixed=0 sampleMove=(0.00, 0.00) commandMove=(0,0) movementEnabled=True stunned=False controllerEnabled=True grounded=True position=(2.411, -1.128, 8.219) displacement=(0.000, 0.000, 0.000) travelCm=0.0 estimatedTick=2096 desiredTick=2101 desiredLead=5 actualLead=0 recordedTick=2096 resolvedTick=2094 lastPredictedTick=2096 unresolved=2 unresolvedPredictionCount=2 fixedHz=60.0 simulationHz=60 rttMs=33.3 batchesSent=1047 commandsSent=1923 sendFailures=0
[rubber-banding][host-input] time=49.465 interval=1.000 room=22 world=1 authority=1 entity=1 hostTick=2102 windowReceived=60 windowHeldFallback=0 windowNeutralFallback=0 pending=0 totalReceived=2102 totalHeldFallback=0 totalNeutralFallback=0 accepted=2102 stale=1927 duplicates=0 conflicts=0
[rubber-banding][main-thread-snapshot] time=49.619 packets=31 characterRecords=31 bodyRecords=0 avgMs=0.007 maxMs=0.015
[rubber-banding][udp-pump] time=49.619 frame=3269 focused=0 windowMs=1000.1 fps=60.0 packets=30 socketAvgMs=33.3 socketP95Ms=34.1 socketMaxMs=34.1 pumpAvgMs=33.3 pumpP95Ms=33.3 pumpMaxMs=33.5 queueDelayAvgMs=16.0 queueDelayP95Ms=16.8 queueDelayMaxMs=16.9 samePump=0 pumpBatchMax=1 queueDepthMax=3 frameMaxMs=16.8
[rubber-banding][main-thread-host-simulation] time=50.049 ticks=61 tickRate=61.0 avgMs=0.561 maxMs=2.989 fixedHz=60.0 maximumDeltaMs=333.3 focused=0
[rubber-banding][main-thread-pump] time=50.319 fps=61.0 frames=61 frameMaxMs=16.7 tcpAvgMs=0.003 tcpMaxMs=0.004 udpAvgMs=0.164 udpMaxMs=0.799 otherAvgMs=0.022 otherMaxMs=0.242 updateAvgMs=0.190 updateMaxMs=0.829
[rubber-banding][local-input] time=50.370 role=host entity=1 fps=60.0 updates=60 moveUpdates=0 fixedCalls=60 commands=60 blockedFixed=0 sampleMove=(0.00, 0.00) commandMove=(0,0) movementEnabled=True stunned=False controllerEnabled=True grounded=True position=(2.411, -1.128, 8.219) displacement=(0.000, 0.000, 0.000) travelCm=0.0 estimatedTick=2156 desiredTick=2161 desiredLead=5 actualLead=0 recordedTick=2156 resolvedTick=2154 lastPredictedTick=2156 unresolved=2 unresolvedPredictionCount=2 fixedHz=60.0 simulationHz=60 rttMs=33.3 batchesSent=1077 commandsSent=1983 sendFailures=0
[rubber-banding][host-input] time=50.465 interval=1.000 room=22 world=1 authority=1 entity=1 hostTick=2162 windowReceived=60 windowHeldFallback=0 windowNeutralFallback=0 pending=0 totalReceived=2162 totalHeldFallback=0 totalNeutralFallback=0 accepted=2162 stale=1987 duplicates=0 conflicts=0
[rubber-banding][udp-pump] time=50.620 frame=3329 focused=0 windowMs=1000.0 fps=60.0 packets=30 socketAvgMs=33.3 socketP95Ms=34.2 socketMaxMs=35.5 pumpAvgMs=33.3 pumpP95Ms=33.3 pumpMaxMs=33.3 queueDelayAvgMs=15.8 queueDelayP95Ms=16.8 queueDelayMaxMs=16.9 samePump=0 pumpBatchMax=1 queueDepthMax=3 frameMaxMs=16.7
[rubber-banding][main-thread-snapshot] time=50.653 packets=31 characterRecords=31 bodyRecords=0 avgMs=0.007 maxMs=0.015
[rubber-banding][main-thread-host-simulation] time=51.065 ticks=61 tickRate=61.0 avgMs=0.551 maxMs=1.051 fixedHz=60.0 maximumDeltaMs=333.3 focused=0
[rubber-banding][main-thread-pump] time=51.337 fps=60.9 frames=61 frameMaxMs=17.0 tcpAvgMs=0.003 tcpMaxMs=0.005 udpAvgMs=0.188 udpMaxMs=2.567 otherAvgMs=0.021 otherMaxMs=0.229 updateAvgMs=0.213 updateMaxMs=2.591
[rubber-banding][local-input] time=51.370 role=host entity=1 fps=59.9 updates=60 moveUpdates=0 fixedCalls=60 commands=60 blockedFixed=0 sampleMove=(0.00, 0.00) commandMove=(0,0) movementEnabled=True stunned=False controllerEnabled=True grounded=True position=(2.411, -1.128, 8.219) displacement=(0.000, 0.000, 0.000) travelCm=0.0 estimatedTick=2216 desiredTick=2221 desiredLead=5 actualLead=0 recordedTick=2216 resolvedTick=2214 lastPredictedTick=2216 unresolved=2 unresolvedPredictionCount=2 fixedHz=60.0 simulationHz=60 rttMs=33.3 batchesSent=1107 commandsSent=2043 sendFailures=0
[rubber-banding][host-input] time=51.465 interval=1.000 room=22 world=1 authority=1 entity=1 hostTick=2222 windowReceived=60 windowHeldFallback=0 windowNeutralFallback=0 pending=0 totalReceived=2222 totalHeldFallback=0 totalNeutralFallback=0 accepted=2222 stale=2047 duplicates=0 conflicts=0
[rubber-banding][udp-pump] time=51.620 frame=3389 focused=0 windowMs=1001.0 fps=59.9 packets=30 socketAvgMs=33.4 socketP95Ms=34.3 socketMaxMs=34.5 pumpAvgMs=33.4 pumpP95Ms=33.6 pumpMaxMs=33.7 queueDelayAvgMs=15.9 queueDelayP95Ms=16.9 queueDelayMaxMs=16.9 samePump=0 pumpBatchMax=1 queueDepthMax=3 frameMaxMs=16.9
[rubber-banding][main-thread-snapshot] time=51.687 packets=31 characterRecords=31 bodyRecords=0 avgMs=0.007 maxMs=0.012
[rubber-banding][main-thread-host-simulation] time=52.082 ticks=61 tickRate=61.0 avgMs=0.572 maxMs=1.048 fixedHz=60.0 maximumDeltaMs=333.3 focused=0
[rubber-banding][main-thread-pump] time=52.354 fps=61.0 frames=61 frameMaxMs=20.7 tcpAvgMs=0.003 tcpMaxMs=0.005 udpAvgMs=0.190 udpMaxMs=1.653 otherAvgMs=0.021 otherMaxMs=0.170 updateAvgMs=0.215 updateMaxMs=1.827
[rubber-banding][local-input] time=52.371 role=host entity=1 fps=60.0 updates=60 moveUpdates=0 fixedCalls=60 commands=60 blockedFixed=0 sampleMove=(0.00, 0.00) commandMove=(0,0) movementEnabled=True stunned=False controllerEnabled=True grounded=True position=(2.411, -1.128, 8.219) displacement=(0.000, 0.000, 0.000) travelCm=0.0 estimatedTick=2276 desiredTick=2281 desiredLead=5 actualLead=0 recordedTick=2276 resolvedTick=2274 lastPredictedTick=2276 unresolved=2 unresolvedPredictionCount=2 fixedHz=60.0 simulationHz=60 rttMs=33.3 batchesSent=1137 commandsSent=2103 sendFailures=0
[rubber-banding][host-input] time=52.465 interval=1.000 room=22 world=1 authority=1 entity=1 hostTick=2282 windowReceived=60 windowHeldFallback=0 windowNeutralFallback=0 pending=0 totalReceived=2282 totalHeldFallback=0 totalNeutralFallback=0 accepted=2282 stale=2107 duplicates=0 conflicts=0
[rubber-banding][udp-pump] time=52.621 frame=3449 focused=0 windowMs=1000.7 fps=60.0 packets=30 socketAvgMs=33.4 socketP95Ms=34.2 socketMaxMs=34.3 pumpAvgMs=33.4 pumpP95Ms=33.6 pumpMaxMs=37.3 queueDelayAvgMs=15.9 queueDelayP95Ms=16.7 queueDelayMaxMs=19.6 samePump=0 pumpBatchMax=1 queueDepthMax=3 frameMaxMs=20.7
[rubber-banding][main-thread-snapshot] time=52.721 packets=31 characterRecords=31 bodyRecords=0 avgMs=0.008 maxMs=0.011
[rubber-banding][main-thread-host-simulation] time=53.099 ticks=61 tickRate=61.0 avgMs=0.576 maxMs=1.034 fixedHz=60.0 maximumDeltaMs=333.3 focused=0
[rubber-banding][main-thread-pump] time=53.372 fps=61.0 frames=61 frameMaxMs=16.9 tcpAvgMs=0.003 tcpMaxMs=0.004 udpAvgMs=0.180 udpMaxMs=1.628 otherAvgMs=0.023 otherMaxMs=0.293 updateAvgMs=0.206 updateMaxMs=1.643
[rubber-banding][local-input] time=53.372 role=host entity=1 fps=60.0 updates=60 moveUpdates=0 fixedCalls=60 commands=60 blockedFixed=0 sampleMove=(0.00, 0.00) commandMove=(0,0) movementEnabled=True stunned=False controllerEnabled=True grounded=True position=(2.411, -1.128, 8.219) displacement=(0.000, 0.000, 0.000) travelCm=0.0 estimatedTick=2336 desiredTick=2341 desiredLead=5 actualLead=0 recordedTick=2336 resolvedTick=2334 lastPredictedTick=2336 unresolved=2 unresolvedPredictionCount=2 fixedHz=60.0 simulationHz=60 rttMs=33.3 batchesSent=1167 commandsSent=2163 sendFailures=0
[rubber-banding][host-input] time=53.465 interval=1.000 room=22 world=1 authority=1 entity=1 hostTick=2342 windowReceived=60 windowHeldFallback=0 windowNeutralFallback=0 pending=0 totalReceived=2342 totalHeldFallback=0 totalNeutralFallback=0 accepted=2342 stale=2167 duplicates=0 conflicts=0
[rubber-banding][udp-pump] time=53.622 frame=3509 focused=0 windowMs=1000.6 fps=60.0 packets=30 socketAvgMs=33.3 socketP95Ms=34.5 socketMaxMs=34.6 pumpAvgMs=33.4 pumpP95Ms=33.5 pumpMaxMs=33.6 queueDelayAvgMs=16.1 queueDelayP95Ms=16.9 queueDelayMaxMs=17.1 samePump=0 pumpBatchMax=1 queueDepthMax=3 frameMaxMs=16.9
[rubber-banding][main-thread-snapshot] time=53.755 packets=31 characterRecords=31 bodyRecords=0 avgMs=0.007 maxMs=0.009
[rubber-banding][main-thread-host-simulation] time=54.115 ticks=61 tickRate=61.0 avgMs=0.531 maxMs=1.055 fixedHz=60.0 maximumDeltaMs=333.3 focused=0
[rubber-banding][local-input] time=54.372 role=host entity=1 fps=60.0 updates=60 moveUpdates=0 fixedCalls=60 commands=60 blockedFixed=0 sampleMove=(0.00, 0.00) commandMove=(0,0) movementEnabled=True stunned=False controllerEnabled=True grounded=True position=(2.411, -1.128, 8.219) displacement=(0.000, 0.000, 0.000) travelCm=0.0 estimatedTick=2396 desiredTick=2401 desiredLead=5 actualLead=0 recordedTick=2396 resolvedTick=2394 lastPredictedTick=2396 unresolved=2 unresolvedPredictionCount=2 fixedHz=60.0 simulationHz=60 rttMs=33.3 batchesSent=1197 commandsSent=2223 sendFailures=0
[rubber-banding][main-thread-pump] time=54.389 fps=61.0 frames=61 frameMaxMs=16.9 tcpAvgMs=0.003 tcpMaxMs=0.006 udpAvgMs=0.197 udpMaxMs=3.498 otherAvgMs=0.018 otherMaxMs=0.167 updateAvgMs=0.218 updateMaxMs=3.514
[rubber-banding][host-input] time=54.465 interval=1.000 room=22 world=1 authority=1 entity=1 hostTick=2402 windowReceived=60 windowHeldFallback=0 windowNeutralFallback=0 pending=0 totalReceived=2402 totalHeldFallback=0 totalNeutralFallback=0 accepted=2402 stale=2227 duplicates=0 conflicts=0
[rubber-banding][udp-pump] time=54.622 frame=3569 focused=0 windowMs=1000.1 fps=60.0 packets=30 socketAvgMs=33.4 socketP95Ms=34.1 socketMaxMs=34.4 pumpAvgMs=33.3 pumpP95Ms=33.3 pumpMaxMs=33.4 queueDelayAvgMs=15.8 queueDelayP95Ms=16.7 queueDelayMaxMs=16.9 samePump=0 pumpBatchMax=1 queueDepthMax=3 frameMaxMs=16.8
[rubber-banding][main-thread-snapshot] time=54.789 packets=31 characterRecords=31 bodyRecords=0 avgMs=0.007 maxMs=0.009
[rubber-banding][main-thread-host-simulation] time=55.132 ticks=61 tickRate=61.0 avgMs=0.544 maxMs=1.250 fixedHz=60.0 maximumDeltaMs=333.3 focused=0
[rubber-banding][local-input] time=55.372 role=host entity=1 fps=60.0 updates=60 moveUpdates=0 fixedCalls=60 commands=60 blockedFixed=0 sampleMove=(0.00, 0.00) commandMove=(0,0) movementEnabled=True stunned=False controllerEnabled=True grounded=True position=(2.411, -1.128, 8.219) displacement=(0.000, 0.000, 0.000) travelCm=0.0 estimatedTick=2456 desiredTick=2461 desiredLead=5 actualLead=0 recordedTick=2456 resolvedTick=2454 lastPredictedTick=2456 unresolved=2 unresolvedPredictionCount=2 fixedHz=60.0 simulationHz=60 rttMs=33.3 batchesSent=1227 commandsSent=2283 sendFailures=0
[rubber-banding][main-thread-pump] time=55.405 fps=61.0 frames=61 frameMaxMs=16.7 tcpAvgMs=0.003 tcpMaxMs=0.005 udpAvgMs=0.167 udpMaxMs=1.812 otherAvgMs=0.020 otherMaxMs=0.268 updateAvgMs=0.190 updateMaxMs=1.830
[rubber-banding][host-input] time=55.465 interval=1.000 room=22 world=1 authority=1 entity=1 hostTick=2462 windowReceived=60 windowHeldFallback=0 windowNeutralFallback=0 pending=0 totalReceived=2462 totalHeldFallback=0 totalNeutralFallback=0 accepted=2462 stale=2287 duplicates=0 conflicts=0
[rubber-banding][udp-pump] time=55.622 frame=3629 focused=0 windowMs=1000.0 fps=60.0 packets=30 socketAvgMs=33.3 socketP95Ms=34.7 socketMaxMs=35.3 pumpAvgMs=33.3 pumpP95Ms=33.3 pumpMaxMs=33.4 queueDelayAvgMs=15.9 queueDelayP95Ms=16.8 queueDelayMaxMs=16.9 samePump=0 pumpBatchMax=1 queueDepthMax=3 frameMaxMs=16.7
[rubber-banding][main-thread-snapshot] time=55.822 packets=31 characterRecords=31 bodyRecords=0 avgMs=0.007 maxMs=0.010
[rubber-banding][main-thread-host-simulation] time=56.149 ticks=61 tickRate=61.0 avgMs=0.545 maxMs=2.252 fixedHz=60.0 maximumDeltaMs=333.3 focused=0
[rubber-banding][local-input] time=56.372 role=host entity=1 fps=60.0 updates=60 moveUpdates=0 fixedCalls=60 commands=60 blockedFixed=0 sampleMove=(0.00, 0.00) commandMove=(0,0) movementEnabled=True stunned=False controllerEnabled=True grounded=True position=(2.411, -1.128, 8.219) displacement=(0.000, 0.000, 0.000) travelCm=0.0 estimatedTick=2516 desiredTick=2521 desiredLead=5 actualLead=0 recordedTick=2516 resolvedTick=2514 lastPredictedTick=2516 unresolved=2 unresolvedPredictionCount=2 fixedHz=60.0 simulationHz=60 rttMs=33.3 batchesSent=1257 commandsSent=2343 sendFailures=0
[rubber-banding][main-thread-pump] time=56.422 fps=61.0 frames=61 frameMaxMs=16.8 tcpAvgMs=0.003 tcpMaxMs=0.004 udpAvgMs=0.145 udpMaxMs=0.388 otherAvgMs=0.019 otherMaxMs=0.253 updateAvgMs=0.167 updateMaxMs=0.615
[rubber-banding][host-input] time=56.465 interval=1.000 room=22 world=1 authority=1 entity=1 hostTick=2522 windowReceived=60 windowHeldFallback=0 windowNeutralFallback=0 pending=0 totalReceived=2522 totalHeldFallback=0 totalNeutralFallback=0 accepted=2522 stale=2347 duplicates=0 conflicts=0
[rubber-banding][udp-pump] time=56.622 frame=3689 focused=0 windowMs=1000.3 fps=60.0 packets=30 socketAvgMs=33.4 socketP95Ms=34.0 socketMaxMs=34.4 pumpAvgMs=33.3 pumpP95Ms=33.4 pumpMaxMs=33.5 queueDelayAvgMs=15.9 queueDelayP95Ms=16.5 queueDelayMaxMs=17.1 samePump=0 pumpBatchMax=1 queueDepthMax=3 frameMaxMs=16.8
[rubber-banding][main-thread-snapshot] time=56.856 packets=31 characterRecords=31 bodyRecords=0 avgMs=0.007 maxMs=0.010
[rubber-banding][main-thread-host-simulation] time=57.165 ticks=61 tickRate=61.0 avgMs=0.506 maxMs=1.069 fixedHz=60.0 maximumDeltaMs=333.3 focused=0
[rubber-banding][local-input] time=57.372 role=host entity=1 fps=60.0 updates=60 moveUpdates=0 fixedCalls=60 commands=60 blockedFixed=0 sampleMove=(0.00, 0.00) commandMove=(0,0) movementEnabled=True stunned=False controllerEnabled=True grounded=True position=(2.411, -1.128, 8.219) displacement=(0.000, 0.000, 0.000) travelCm=0.0 estimatedTick=2576 desiredTick=2581 desiredLead=5 actualLead=0 recordedTick=2576 resolvedTick=2574 lastPredictedTick=2576 unresolved=2 unresolvedPredictionCount=2 fixedHz=60.0 simulationHz=60 rttMs=33.3 batchesSent=1287 commandsSent=2403 sendFailures=0
[rubber-banding][main-thread-pump] time=57.439 fps=61.0 frames=61 frameMaxMs=16.7 tcpAvgMs=0.003 tcpMaxMs=0.007 udpAvgMs=0.137 udpMaxMs=0.502 otherAvgMs=0.019 otherMaxMs=0.252 updateAvgMs=0.160 updateMaxMs=0.581
[rubber-banding][host-input] time=57.465 interval=1.000 room=22 world=1 authority=1 entity=1 hostTick=2582 windowReceived=60 windowHeldFallback=0 windowNeutralFallback=0 pending=0 totalReceived=2582 totalHeldFallback=0 totalNeutralFallback=0 accepted=2582 stale=2407 duplicates=0 conflicts=0
[rubber-banding][udp-pump] time=57.622 frame=3749 focused=0 windowMs=1000.0 fps=60.0 packets=30 socketAvgMs=33.3 socketP95Ms=34.4 socketMaxMs=35.4 pumpAvgMs=33.3 pumpP95Ms=33.3 pumpMaxMs=35.3 queueDelayAvgMs=15.9 queueDelayP95Ms=16.9 queueDelayMaxMs=17.7 samePump=0 pumpBatchMax=1 queueDepthMax=3 frameMaxMs=18.7
[rubber-banding][main-thread-snapshot] time=57.889 packets=31 characterRecords=31 bodyRecords=0 avgMs=0.007 maxMs=0.010
[rubber-banding][main-thread-host-simulation] time=58.182 ticks=61 tickRate=61.0 avgMs=0.565 maxMs=2.294 fixedHz=60.0 maximumDeltaMs=333.3 focused=0
[rubber-banding][local-input] time=58.372 role=host entity=1 fps=60.0 updates=60 moveUpdates=0 fixedCalls=60 commands=60 blockedFixed=0 sampleMove=(0.00, 0.00) commandMove=(0,0) movementEnabled=True stunned=False controllerEnabled=True grounded=True position=(2.411, -1.128, 8.219) displacement=(0.000, 0.000, 0.000) travelCm=0.0 estimatedTick=2636 desiredTick=2641 desiredLead=5 actualLead=0 recordedTick=2636 resolvedTick=2634 lastPredictedTick=2636 unresolved=2 unresolvedPredictionCount=2 fixedHz=60.0 simulationHz=60 rttMs=33.3 batchesSent=1317 commandsSent=2463 sendFailures=0
[rubber-banding][main-thread-pump] time=58.456 fps=61.0 frames=61 frameMaxMs=18.7 tcpAvgMs=0.003 tcpMaxMs=0.010 udpAvgMs=0.168 udpMaxMs=0.556 otherAvgMs=0.018 otherMaxMs=0.175 updateAvgMs=0.189 updateMaxMs=0.584
[rubber-banding][host-input] time=58.465 interval=1.000 room=22 world=1 authority=1 entity=1 hostTick=2642 windowReceived=60 windowHeldFallback=0 windowNeutralFallback=0 pending=0 totalReceived=2642 totalHeldFallback=0 totalNeutralFallback=0 accepted=2642 stale=2467 duplicates=0 conflicts=0
[rubber-banding][udp-pump] time=58.622 frame=3809 focused=0 windowMs=1000.0 fps=60.0 packets=30 socketAvgMs=33.3 socketP95Ms=34.3 socketMaxMs=35.0 pumpAvgMs=33.3 pumpP95Ms=33.3 pumpMaxMs=33.3 queueDelayAvgMs=15.9 queueDelayP95Ms=16.9 queueDelayMaxMs=16.9 samePump=0 pumpBatchMax=1 queueDepthMax=3 frameMaxMs=16.7
[rubber-banding][main-thread-snapshot] time=58.922 packets=31 characterRecords=31 bodyRecords=0 avgMs=0.007 maxMs=0.011
[rubber-banding][main-thread-host-simulation] time=59.199 ticks=61 tickRate=61.0 avgMs=0.544 maxMs=2.130 fixedHz=60.0 maximumDeltaMs=333.3 focused=0
[rubber-banding][local-input] time=59.373 role=host entity=1 fps=60.0 updates=60 moveUpdates=0 fixedCalls=60 commands=60 blockedFixed=0 sampleMove=(0.00, 0.00) commandMove=(0,0) movementEnabled=True stunned=False controllerEnabled=True grounded=True position=(2.411, -1.128, 8.219) displacement=(0.000, 0.000, 0.000) travelCm=0.0 estimatedTick=2696 desiredTick=2701 desiredLead=5 actualLead=0 recordedTick=2696 resolvedTick=2694 lastPredictedTick=2696 unresolved=2 unresolvedPredictionCount=2 fixedHz=60.0 simulationHz=60 rttMs=33.3 batchesSent=1347 commandsSent=2523 sendFailures=0
[rubber-banding][host-input] time=59.465 interval=1.000 room=22 world=1 authority=1 entity=1 hostTick=2702 windowReceived=60 windowHeldFallback=0 windowNeutralFallback=0 pending=0 totalReceived=2702 totalHeldFallback=0 totalNeutralFallback=0 accepted=2702 stale=2527 duplicates=0 conflicts=0
[rubber-banding][main-thread-pump] time=59.473 fps=60.9 frames=61 frameMaxMs=17.0 tcpAvgMs=0.003 tcpMaxMs=0.005 udpAvgMs=0.144 udpMaxMs=0.543 otherAvgMs=0.017 otherMaxMs=0.199 updateAvgMs=0.164 updateMaxMs=0.718
[rubber-banding][udp-pump] time=59.623 frame=3869 focused=0 windowMs=1000.9 fps=59.9 packets=30 socketAvgMs=33.3 socketP95Ms=34.6 socketMaxMs=34.7 pumpAvgMs=33.4 pumpP95Ms=33.7 pumpMaxMs=33.7 queueDelayAvgMs=15.9 queueDelayP95Ms=16.9 queueDelayMaxMs=17.2 samePump=0 pumpBatchMax=1 queueDepthMax=3 frameMaxMs=17.0
[rubber-banding][main-thread-snapshot] time=59.956 packets=31 characterRecords=31 bodyRecords=0 avgMs=0.007 maxMs=0.013
[rubber-banding][main-thread-host-simulation] time=60.215 ticks=61 tickRate=61.0 avgMs=0.489 maxMs=1.746 fixedHz=60.0 maximumDeltaMs=333.3 focused=0
[rubber-banding][local-input] time=60.373 role=host entity=1 fps=60.0 updates=60 moveUpdates=0 fixedCalls=60 commands=60 blockedFixed=0 sampleMove=(0.00, 0.00) commandMove=(0,0) movementEnabled=True stunned=False controllerEnabled=True grounded=True position=(2.411, -1.128, 8.219) displacement=(0.000, 0.000, 0.000) travelCm=0.0 estimatedTick=2756 desiredTick=2761 desiredLead=5 actualLead=0 recordedTick=2756 resolvedTick=2754 lastPredictedTick=2756 unresolved=2 unresolvedPredictionCount=2 fixedHz=60.0 simulationHz=60 rttMs=33.3 batchesSent=1377 commandsSent=2583 sendFailures=0
[rubber-banding][host-input] time=60.465 interval=1.000 room=22 world=1 authority=1 entity=1 hostTick=2762 windowReceived=60 windowHeldFallback=0 windowNeutralFallback=0 pending=0 totalReceived=2762 totalHeldFallback=0 totalNeutralFallback=0 accepted=2762 stale=2587 duplicates=0 conflicts=0
[rubber-banding][main-thread-pump] time=60.490 fps=61.0 frames=61 frameMaxMs=16.7 tcpAvgMs=0.003 tcpMaxMs=0.007 udpAvgMs=0.136 udpMaxMs=0.480 otherAvgMs=0.017 otherMaxMs=0.195 updateAvgMs=0.155 updateMaxMs=0.512
[rubber-banding][udp-pump] time=60.623 frame=3929 focused=0 windowMs=1000.1 fps=60.0 packets=30 socketAvgMs=33.4 socketP95Ms=34.1 socketMaxMs=34.3 pumpAvgMs=33.3 pumpP95Ms=33.3 pumpMaxMs=33.4 queueDelayAvgMs=15.9 queueDelayP95Ms=16.7 queueDelayMaxMs=16.7 samePump=0 pumpBatchMax=1 queueDepthMax=3 frameMaxMs=16.7
[rubber-banding][main-thread-snapshot] time=60.990 packets=31 characterRecords=31 bodyRecords=0 avgMs=0.006 maxMs=0.010
[rubber-banding][main-thread-host-simulation] time=61.232 ticks=61 tickRate=61.0 avgMs=0.495 maxMs=1.165 fixedHz=60.0 maximumDeltaMs=333.3 focused=0
[rubber-banding][local-input] time=61.374 role=host entity=1 fps=60.0 updates=60 moveUpdates=0 fixedCalls=60 commands=60 blockedFixed=0 sampleMove=(0.00, 0.00) commandMove=(0,0) movementEnabled=True stunned=False controllerEnabled=True grounded=True position=(2.411, -1.128, 8.219) displacement=(0.000, 0.000, 0.000) travelCm=0.0 estimatedTick=2816 desiredTick=2821 desiredLead=5 actualLead=0 recordedTick=2816 resolvedTick=2814 lastPredictedTick=2816 unresolved=2 unresolvedPredictionCount=2 fixedHz=60.0 simulationHz=60 rttMs=33.3 batchesSent=1407 commandsSent=2643 sendFailures=0
[rubber-banding][host-input] time=61.465 interval=1.000 room=22 world=1 authority=1 entity=1 hostTick=2822 windowReceived=60 windowHeldFallback=0 windowNeutralFallback=0 pending=0 totalReceived=2822 totalHeldFallback=0 totalNeutralFallback=0 accepted=2822 stale=2647 duplicates=0 conflicts=0
[rubber-banding][main-thread-pump] time=61.507 fps=61.0 frames=61 frameMaxMs=22.0 tcpAvgMs=0.003 tcpMaxMs=0.006 udpAvgMs=0.161 udpMaxMs=1.689 otherAvgMs=0.017 otherMaxMs=0.166 updateAvgMs=0.181 updateMaxMs=1.706
[rubber-banding][udp-pump] time=61.624 frame=3989 focused=0 windowMs=1000.6 fps=60.0 packets=30 socketAvgMs=33.3 socketP95Ms=35.6 socketMaxMs=38.4 pumpAvgMs=33.4 pumpP95Ms=33.5 pumpMaxMs=33.6 queueDelayAvgMs=15.8 queueDelayP95Ms=17.1 queueDelayMaxMs=17.3 samePump=0 pumpBatchMax=1 queueDepthMax=3 frameMaxMs=16.9
[rubber-banding][main-thread-snapshot] time=62.024 packets=31 characterRecords=31 bodyRecords=0 avgMs=0.007 maxMs=0.018
[rubber-banding][main-thread-host-simulation] time=62.249 ticks=61 tickRate=61.0 avgMs=0.583 maxMs=2.673 fixedHz=60.0 maximumDeltaMs=333.3 focused=0
[rubber-banding][local-input] time=62.374 role=host entity=1 fps=60.0 updates=60 moveUpdates=0 fixedCalls=60 commands=60 blockedFixed=0 sampleMove=(0.00, 0.00) commandMove=(0,0) movementEnabled=True stunned=False controllerEnabled=True grounded=True position=(2.411, -1.128, 8.219) displacement=(0.000, 0.000, 0.000) travelCm=0.0 estimatedTick=2876 desiredTick=2882 desiredLead=6 actualLead=0 recordedTick=2876 resolvedTick=2874 lastPredictedTick=2876 unresolved=2 unresolvedPredictionCount=2 fixedHz=60.0 simulationHz=60 rttMs=33.8 batchesSent=1437 commandsSent=2703 sendFailures=0
[rubber-banding][host-input] time=62.465 interval=1.000 room=22 world=1 authority=1 entity=1 hostTick=2882 windowReceived=60 windowHeldFallback=0 windowNeutralFallback=0 pending=0 totalReceived=2882 totalHeldFallback=0 totalNeutralFallback=0 accepted=2882 stale=2707 duplicates=0 conflicts=0
[rubber-banding][main-thread-pump] time=62.525 fps=61.0 frames=61 frameMaxMs=17.8 tcpAvgMs=0.003 tcpMaxMs=0.004 udpAvgMs=0.183 udpMaxMs=1.513 otherAvgMs=0.017 otherMaxMs=0.190 updateAvgMs=0.203 updateMaxMs=1.529
[rubber-banding][udp-pump] time=62.625 frame=4049 focused=0 windowMs=1001.0 fps=59.9 packets=30 socketAvgMs=33.4 socketP95Ms=34.8 socketMaxMs=34.8 pumpAvgMs=33.4 pumpP95Ms=33.6 pumpMaxMs=33.8 queueDelayAvgMs=15.7 queueDelayP95Ms=17.1 queueDelayMaxMs=17.2 samePump=0 pumpBatchMax=1 queueDepthMax=3 frameMaxMs=16.9
[rubber-banding][main-thread-snapshot] time=63.058 packets=31 characterRecords=31 bodyRecords=0 avgMs=0.007 maxMs=0.009
[rubber-banding][main-thread-host-simulation] time=63.265 ticks=61 tickRate=61.0 avgMs=0.528 maxMs=1.324 fixedHz=60.0 maximumDeltaMs=333.3 focused=0
[rubber-banding][local-input] time=63.375 role=host entity=1 fps=59.9 updates=60 moveUpdates=0 fixedCalls=60 commands=60 blockedFixed=0 sampleMove=(0.00, 0.00) commandMove=(0,0) movementEnabled=True stunned=False controllerEnabled=True grounded=True position=(2.411, -1.128, 8.219) displacement=(0.000, 0.000, 0.000) travelCm=0.0 estimatedTick=2936 desiredTick=2942 desiredLead=6 actualLead=0 recordedTick=2936 resolvedTick=2934 lastPredictedTick=2936 unresolved=2 unresolvedPredictionCount=2 fixedHz=60.0 simulationHz=60 rttMs=33.3 batchesSent=1467 commandsSent=2763 sendFailures=0
[rubber-banding][host-input] time=63.465 interval=1.000 room=22 world=1 authority=1 entity=1 hostTick=2942 windowReceived=60 windowHeldFallback=0 windowNeutralFallback=0 pending=0 totalReceived=2942 totalHeldFallback=0 totalNeutralFallback=0 accepted=2942 stale=2767 duplicates=0 conflicts=0
[rubber-banding][main-thread-pump] time=63.542 fps=61.0 frames=61 frameMaxMs=17.1 tcpAvgMs=0.003 tcpMaxMs=0.005 udpAvgMs=0.210 udpMaxMs=3.002 otherAvgMs=0.017 otherMaxMs=0.176 updateAvgMs=0.231 updateMaxMs=3.023
[rubber-banding][udp-pump] time=63.625 frame=4109 focused=0 windowMs=1000.5 fps=60.0 packets=30 socketAvgMs=33.4 socketP95Ms=34.5 socketMaxMs=34.9 pumpAvgMs=33.3 pumpP95Ms=33.4 pumpMaxMs=33.7 queueDelayAvgMs=16.1 queueDelayP95Ms=17.0 queueDelayMaxMs=17.9 samePump=0 pumpBatchMax=1 queueDepthMax=3 frameMaxMs=16.7
[rubber-banding][main-thread-snapshot] time=64.093 packets=31 characterRecords=31 bodyRecords=0 avgMs=0.006 maxMs=0.010
[rubber-banding][main-thread-host-simulation] time=64.282 ticks=61 tickRate=61.0 avgMs=0.498 maxMs=2.006 fixedHz=60.0 maximumDeltaMs=333.3 focused=0
[rubber-banding][local-input] time=64.377 role=host entity=1 fps=59.9 updates=60 moveUpdates=0 fixedCalls=60 commands=60 blockedFixed=0 sampleMove=(0.00, 0.00) commandMove=(0,0) movementEnabled=True stunned=False controllerEnabled=True grounded=True position=(2.411, -1.128, 8.219) displacement=(0.000, 0.000, 0.000) travelCm=0.0 estimatedTick=2996 desiredTick=3002 desiredLead=6 actualLead=0 recordedTick=2996 resolvedTick=2994 lastPredictedTick=2996 unresolved=2 unresolvedPredictionCount=2 fixedHz=60.0 simulationHz=60 rttMs=33.3 batchesSent=1497 commandsSent=2823 sendFailures=0
[rubber-banding][host-input] time=64.465 interval=1.000 room=22 world=1 authority=1 entity=1 hostTick=3002 windowReceived=60 windowHeldFallback=0 windowNeutralFallback=0 pending=0 totalReceived=3002 totalHeldFallback=0 totalNeutralFallback=0 accepted=3002 stale=2827 duplicates=0 conflicts=0
[rubber-banding][main-thread-pump] time=64.560 fps=60.9 frames=61 frameMaxMs=17.4 tcpAvgMs=0.003 tcpMaxMs=0.005 udpAvgMs=0.163 udpMaxMs=1.484 otherAvgMs=0.018 otherMaxMs=0.177 updateAvgMs=0.184 updateMaxMs=1.499
[rubber-banding][udp-pump] time=64.627 frame=4169 focused=0 windowMs=1001.5 fps=59.9 packets=30 socketAvgMs=33.4 socketP95Ms=34.0 socketMaxMs=34.1 pumpAvgMs=33.4 pumpP95Ms=33.6 pumpMaxMs=34.0 queueDelayAvgMs=16.0 queueDelayP95Ms=16.5 queueDelayMaxMs=16.6 samePump=0 pumpBatchMax=1 queueDepthMax=3 frameMaxMs=17.0
[rubber-banding][main-thread-snapshot] time=65.127 packets=31 characterRecords=31 bodyRecords=0 avgMs=0.007 maxMs=0.013
[rubber-banding][main-thread-host-simulation] time=65.299 ticks=61 tickRate=61.0 avgMs=0.518 maxMs=1.062 fixedHz=60.0 maximumDeltaMs=333.3 focused=0
[rubber-banding][local-input] time=65.378 role=host entity=1 fps=59.9 updates=60 moveUpdates=0 fixedCalls=60 commands=60 blockedFixed=0 sampleMove=(0.00, 0.00) commandMove=(0,0) movementEnabled=True stunned=False controllerEnabled=True grounded=True position=(2.411, -1.128, 8.219) displacement=(0.000, 0.000, 0.000) travelCm=0.0 estimatedTick=3056 desiredTick=3062 desiredLead=6 actualLead=0 recordedTick=3056 resolvedTick=3054 lastPredictedTick=3056 unresolved=2 unresolvedPredictionCount=2 fixedHz=60.0 simulationHz=60 rttMs=33.3 batchesSent=1527 commandsSent=2883 sendFailures=0
[rubber-banding][host-input] time=65.465 interval=1.000 room=22 world=1 authority=1 entity=1 hostTick=3062 windowReceived=60 windowHeldFallback=0 windowNeutralFallback=0 pending=0 totalReceived=3062 totalHeldFallback=0 totalNeutralFallback=0 accepted=3062 stale=2887 duplicates=0 conflicts=0
[rubber-banding][main-thread-pump] time=65.578 fps=60.9 frames=61 frameMaxMs=17.1 tcpAvgMs=0.003 tcpMaxMs=0.004 udpAvgMs=0.175 udpMaxMs=2.273 otherAvgMs=0.019 otherMaxMs=0.153 updateAvgMs=0.197 updateMaxMs=2.304
[rubber-banding][udp-pump] time=65.628 frame=4229 focused=0 windowMs=1001.5 fps=59.9 packets=30 socketAvgMs=33.4 socketP95Ms=34.8 socketMaxMs=34.8 pumpAvgMs=33.4 pumpP95Ms=33.7 pumpMaxMs=33.7 queueDelayAvgMs=16.1 queueDelayP95Ms=17.4 queueDelayMaxMs=17.5 samePump=0 pumpBatchMax=1 queueDepthMax=3 frameMaxMs=17.1
[rubber-banding][main-thread-snapshot] time=66.162 packets=31 characterRecords=31 bodyRecords=0 avgMs=0.008 maxMs=0.010
[rubber-banding][main-thread-host-simulation] time=66.315 ticks=61 tickRate=61.0 avgMs=0.609 maxMs=2.723 fixedHz=60.0 maximumDeltaMs=333.3 focused=0
[rubber-banding][local-input] time=66.379 role=host entity=1 fps=59.9 updates=60 moveUpdates=0 fixedCalls=60 commands=60 blockedFixed=0 sampleMove=(0.00, 0.00) commandMove=(0,0) movementEnabled=True stunned=False controllerEnabled=True grounded=True position=(2.411, -1.128, 8.219) displacement=(0.000, 0.000, 0.000) travelCm=0.0 estimatedTick=3116 desiredTick=3122 desiredLead=6 actualLead=0 recordedTick=3116 resolvedTick=3114 lastPredictedTick=3116 unresolved=2 unresolvedPredictionCount=2 fixedHz=60.0 simulationHz=60 rttMs=33.3 batchesSent=1557 commandsSent=2943 sendFailures=0
[rubber-banding][host-input] time=66.465 interval=1.000 room=22 world=1 authority=1 entity=1 hostTick=3122 windowReceived=60 windowHeldFallback=0 windowNeutralFallback=0 pending=0 totalReceived=3122 totalHeldFallback=0 totalNeutralFallback=0 accepted=3122 stale=2947 duplicates=0 conflicts=0
[rubber-banding][main-thread-pump] time=66.599 fps=60.8 frames=61 frameMaxMs=32.9 tcpAvgMs=0.004 tcpMaxMs=0.023 udpAvgMs=0.163 udpMaxMs=0.502 otherAvgMs=0.022 otherMaxMs=0.281 updateAvgMs=0.188 updateMaxMs=0.637
[rubber-banding][udp-pump] time=66.632 frame=4289 focused=0 windowMs=1003.6 fps=59.8 packets=30 socketAvgMs=33.5 socketP95Ms=35.2 socketMaxMs=36.8 pumpAvgMs=33.5 pumpP95Ms=50.0 pumpMaxMs=53.6 queueDelayAvgMs=15.3 queueDelayP95Ms=17.3 queueDelayMaxMs=32.7 samePump=1 pumpBatchMax=2 queueDepthMax=3 frameMaxMs=32.9
[rubber-banding][main-thread-snapshot] time=67.215 packets=32 characterRecords=32 bodyRecords=0 avgMs=0.007 maxMs=0.009
[rubber-banding][main-thread-host-simulation] time=67.332 ticks=61 tickRate=61.0 avgMs=0.516 maxMs=1.269 fixedHz=60.0 maximumDeltaMs=333.3 focused=0
[rubber-banding][local-input] time=67.382 role=host entity=1 fps=59.8 updates=60 moveUpdates=0 fixedCalls=61 commands=61 blockedFixed=0 sampleMove=(0.00, 0.00) commandMove=(0,0) movementEnabled=True stunned=False controllerEnabled=True grounded=True position=(2.411, -1.128, 8.219) displacement=(0.000, 0.000, 0.000) travelCm=0.0 estimatedTick=3177 desiredTick=3183 desiredLead=6 actualLead=0 recordedTick=3177 resolvedTick=3176 lastPredictedTick=3177 unresolved=1 unresolvedPredictionCount=1 fixedHz=60.0 simulationHz=60 rttMs=33.3 batchesSent=1586 commandsSent=2997 sendFailures=0
[rubber-banding][host-input] time=67.465 interval=1.000 room=22 world=1 authority=1 entity=1 hostTick=3182 windowReceived=60 windowHeldFallback=0 windowNeutralFallback=0 pending=0 totalReceived=3182 totalHeldFallback=0 totalNeutralFallback=0 accepted=3182 stale=3001 duplicates=0 conflicts=0
[rubber-banding][main-thread-pump] time=67.615 fps=61.0 frames=61 frameMaxMs=17.0 tcpAvgMs=0.003 tcpMaxMs=0.005 udpAvgMs=0.161 udpMaxMs=1.409 otherAvgMs=0.015 otherMaxMs=0.044 updateAvgMs=0.179 updateMaxMs=1.427
[rubber-banding][udp-pump] time=67.632 frame=4349 focused=0 windowMs=1000.3 fps=60.0 packets=30 socketAvgMs=32.8 socketP95Ms=34.8 socketMaxMs=34.9 pumpAvgMs=32.8 pumpP95Ms=33.4 pumpMaxMs=33.6 queueDelayAvgMs=15.4 queueDelayP95Ms=17.2 queueDelayMaxMs=17.2 samePump=0 pumpBatchMax=1 queueDepthMax=3 frameMaxMs=16.7
[rubber-banding][main-thread-snapshot] time=68.249 packets=31 characterRecords=31 bodyRecords=0 avgMs=0.007 maxMs=0.010
[rubber-banding][main-thread-host-simulation] time=68.349 ticks=61 tickRate=61.0 avgMs=0.544 maxMs=1.233 fixedHz=60.0 maximumDeltaMs=333.3 focused=0
[rubber-banding][local-input] time=68.382 role=host entity=1 fps=60.0 updates=60 moveUpdates=0 fixedCalls=60 commands=60 blockedFixed=0 sampleMove=(0.00, 0.00) commandMove=(0,0) movementEnabled=True stunned=False controllerEnabled=True grounded=True position=(2.411, -1.128, 8.219) displacement=(0.000, 0.000, 0.000) travelCm=0.0 estimatedTick=3237 desiredTick=3243 desiredLead=6 actualLead=0 recordedTick=3237 resolvedTick=3236 lastPredictedTick=3237 unresolved=1 unresolvedPredictionCount=1 fixedHz=60.0 simulationHz=60 rttMs=33.3 batchesSent=1616 commandsSent=3057 sendFailures=0
[rubber-banding][host-input] time=68.465 interval=1.000 room=22 world=1 authority=1 entity=1 hostTick=3242 windowReceived=60 windowHeldFallback=0 windowNeutralFallback=0 pending=0 totalReceived=3242 totalHeldFallback=0 totalNeutralFallback=0 accepted=3242 stale=3061 duplicates=0 conflicts=0
[rubber-banding][udp-pump] time=68.632 frame=4409 focused=0 windowMs=1000.1 fps=60.0 packets=30 socketAvgMs=33.3 socketP95Ms=34.0 socketMaxMs=34.7 pumpAvgMs=33.3 pumpP95Ms=33.4 pumpMaxMs=33.4 queueDelayAvgMs=15.8 queueDelayP95Ms=16.9 queueDelayMaxMs=16.9 samePump=0 pumpBatchMax=1 queueDepthMax=3 frameMaxMs=16.7
[rubber-banding][main-thread-pump] time=68.632 fps=61.0 frames=61 frameMaxMs=16.7 tcpAvgMs=0.003 tcpMaxMs=0.005 udpAvgMs=0.151 udpMaxMs=0.512 otherAvgMs=0.016 otherMaxMs=0.045 updateAvgMs=0.171 updateMaxMs=0.525
[rubber-banding][main-thread-snapshot] time=69.282 packets=31 characterRecords=31 bodyRecords=0 avgMs=0.007 maxMs=0.010
[rubber-banding][main-thread-host-simulation] time=69.365 ticks=61 tickRate=61.0 avgMs=0.556 maxMs=2.327 fixedHz=60.0 maximumDeltaMs=333.3 focused=0
[rubber-banding][local-input] time=69.382 role=host entity=1 fps=60.0 updates=60 moveUpdates=0 fixedCalls=60 commands=60 blockedFixed=0 sampleMove=(0.00, 0.00) commandMove=(0,0) movementEnabled=True stunned=False controllerEnabled=True grounded=True position=(2.411, -1.128, 8.219) displacement=(0.000, 0.000, 0.000) travelCm=0.0 estimatedTick=3297 desiredTick=3303 desiredLead=6 actualLead=0 recordedTick=3297 resolvedTick=3296 lastPredictedTick=3297 unresolved=1 unresolvedPredictionCount=1 fixedHz=60.0 simulationHz=60 rttMs=33.3 batchesSent=1646 commandsSent=3117 sendFailures=0
[rubber-banding][host-input] time=69.465 interval=1.000 room=22 world=1 authority=1 entity=1 hostTick=3302 windowReceived=60 windowHeldFallback=0 windowNeutralFallback=0 pending=0 totalReceived=3302 totalHeldFallback=0 totalNeutralFallback=0 accepted=3302 stale=3121 duplicates=0 conflicts=0
[rubber-banding][udp-pump] time=69.632 frame=4469 focused=0 windowMs=1000.0 fps=60.0 packets=30 socketAvgMs=33.3 socketP95Ms=34.7 socketMaxMs=35.0 pumpAvgMs=33.3 pumpP95Ms=33.3 pumpMaxMs=33.3 queueDelayAvgMs=15.8 queueDelayP95Ms=17.0 queueDelayMaxMs=17.1 samePump=0 pumpBatchMax=1 queueDepthMax=3 frameMaxMs=16.7
[rubber-banding][main-thread-pump] time=69.649 fps=61.0 frames=61 frameMaxMs=16.7 tcpAvgMs=0.003 tcpMaxMs=0.005 udpAvgMs=0.148 udpMaxMs=0.530 otherAvgMs=0.016 otherMaxMs=0.033 updateAvgMs=0.167 updateMaxMs=0.565
[rubber-banding][main-thread-snapshot] time=70.317 packets=31 characterRecords=31 bodyRecords=0 avgMs=0.007 maxMs=0.012
[rubber-banding][main-thread-host-simulation] time=70.382 ticks=61 tickRate=61.0 avgMs=0.542 maxMs=1.110 fixedHz=60.0 maximumDeltaMs=333.3 focused=0
[rubber-banding][local-input] time=70.384 role=host entity=1 fps=59.9 updates=60 moveUpdates=0 fixedCalls=60 commands=60 blockedFixed=0 sampleMove=(0.00, 0.00) commandMove=(0,0) movementEnabled=True stunned=False controllerEnabled=True grounded=True position=(2.411, -1.128, 8.219) displacement=(0.000, 0.000, 0.000) travelCm=0.0 estimatedTick=3357 desiredTick=3363 desiredLead=6 actualLead=0 recordedTick=3357 resolvedTick=3356 lastPredictedTick=3357 unresolved=1 unresolvedPredictionCount=1 fixedHz=60.0 simulationHz=60 rttMs=33.3 batchesSent=1676 commandsSent=3177 sendFailures=0
[rubber-banding][host-input] time=70.465 interval=1.000 room=22 world=1 authority=1 entity=1 hostTick=3362 windowReceived=60 windowHeldFallback=0 windowNeutralFallback=0 pending=0 totalReceived=3362 totalHeldFallback=0 totalNeutralFallback=0 accepted=3362 stale=3181 duplicates=0 conflicts=0
[rubber-banding][udp-pump] time=70.634 frame=4529 focused=0 windowMs=1002.1 fps=59.9 packets=30 socketAvgMs=33.4 socketP95Ms=34.7 socketMaxMs=35.5 pumpAvgMs=33.4 pumpP95Ms=33.4 pumpMaxMs=35.1 queueDelayAvgMs=16.0 queueDelayP95Ms=17.2 queueDelayMaxMs=17.5 samePump=0 pumpBatchMax=1 queueDepthMax=3 frameMaxMs=16.8
[rubber-banding][main-thread-pump] time=70.668 fps=60.9 frames=61 frameMaxMs=18.4 tcpAvgMs=0.003 tcpMaxMs=0.005 udpAvgMs=0.162 udpMaxMs=0.605 otherAvgMs=0.016 otherMaxMs=0.054 updateAvgMs=0.182 updateMaxMs=0.635
[rubber-banding][main-thread-snapshot] time=71.352 packets=31 characterRecords=31 bodyRecords=0 avgMs=0.007 maxMs=0.010
[rubber-banding][local-input] time=71.385 role=host entity=1 fps=60.0 updates=60 moveUpdates=0 fixedCalls=60 commands=60 blockedFixed=0 sampleMove=(0.00, 0.00) commandMove=(0,0) movementEnabled=True stunned=False controllerEnabled=True grounded=True position=(2.411, -1.128, 8.219) displacement=(0.000, 0.000, 0.000) travelCm=0.0 estimatedTick=3417 desiredTick=3423 desiredLead=6 actualLead=0 recordedTick=3417 resolvedTick=3416 lastPredictedTick=3417 unresolved=1 unresolvedPredictionCount=1 fixedHz=60.0 simulationHz=60 rttMs=33.3 batchesSent=1706 commandsSent=3237 sendFailures=0
[rubber-banding][main-thread-host-simulation] time=71.399 ticks=61 tickRate=61.0 avgMs=0.543 maxMs=2.021 fixedHz=60.0 maximumDeltaMs=333.3 focused=0
[rubber-banding][host-input] time=71.465 interval=1.000 room=22 world=1 authority=1 entity=1 hostTick=3422 windowReceived=60 windowHeldFallback=0 windowNeutralFallback=0 pending=0 totalReceived=3422 totalHeldFallback=0 totalNeutralFallback=0 accepted=3422 stale=3241 duplicates=0 conflicts=0
[rubber-banding][udp-pump] time=71.635 frame=4589 focused=0 windowMs=1001.0 fps=59.9 packets=30 socketAvgMs=33.4 socketP95Ms=34.2 socketMaxMs=35.5 pumpAvgMs=33.4 pumpP95Ms=33.6 pumpMaxMs=33.8 queueDelayAvgMs=15.9 queueDelayP95Ms=16.8 queueDelayMaxMs=16.9 samePump=0 pumpBatchMax=1 queueDepthMax=3 frameMaxMs=17.1
[rubber-banding][main-thread-pump] time=71.685 fps=60.9 frames=61 frameMaxMs=17.1 tcpAvgMs=0.003 tcpMaxMs=0.005 udpAvgMs=0.152 udpMaxMs=0.411 otherAvgMs=0.016 otherMaxMs=0.049 updateAvgMs=0.171 updateMaxMs=0.436
[rubber-banding][main-thread-snapshot] time=72.386 packets=31 characterRecords=31 bodyRecords=0 avgMs=0.008 maxMs=0.011
[rubber-banding][local-input] time=72.386 role=host entity=1 fps=59.9 updates=60 moveUpdates=0 fixedCalls=60 commands=60 blockedFixed=0 sampleMove=(0.00, 0.00) commandMove=(0,0) movementEnabled=True stunned=False controllerEnabled=True grounded=True position=(2.411, -1.128, 8.219) displacement=(0.000, 0.000, 0.000) travelCm=0.0 estimatedTick=3477 desiredTick=3483 desiredLead=6 actualLead=0 recordedTick=3477 resolvedTick=3476 lastPredictedTick=3477 unresolved=1 unresolvedPredictionCount=1 fixedHz=60.0 simulationHz=60 rttMs=33.7 batchesSent=1736 commandsSent=3297 sendFailures=0
[rubber-banding][main-thread-host-simulation] time=72.415 ticks=61 tickRate=61.0 avgMs=0.561 maxMs=1.055 fixedHz=60.0 maximumDeltaMs=333.3 focused=0
[rubber-banding][host-input] time=72.465 interval=1.000 room=22 world=1 authority=1 entity=1 hostTick=3482 windowReceived=60 windowHeldFallback=0 windowNeutralFallback=0 pending=0 totalReceived=3482 totalHeldFallback=0 totalNeutralFallback=0 accepted=3482 stale=3301 duplicates=0 conflicts=0
[rubber-banding][udp-pump] time=72.636 frame=4649 focused=0 windowMs=1001.1 fps=59.9 packets=30 socketAvgMs=33.4 socketP95Ms=34.5 socketMaxMs=34.6 pumpAvgMs=33.4 pumpP95Ms=33.5 pumpMaxMs=34.1 queueDelayAvgMs=16.1 queueDelayP95Ms=17.0 queueDelayMaxMs=17.2 samePump=0 pumpBatchMax=1 queueDepthMax=3 frameMaxMs=17.1
[rubber-banding][main-thread-pump] time=72.703 fps=60.9 frames=61 frameMaxMs=17.1 tcpAvgMs=0.004 tcpMaxMs=0.017 udpAvgMs=0.185 udpMaxMs=0.651 otherAvgMs=0.020 otherMaxMs=0.057 updateAvgMs=0.209 updateMaxMs=0.684
[rubber-banding][local-input] time=73.387 role=host entity=1 fps=60.0 updates=60 moveUpdates=0 fixedCalls=60 commands=60 blockedFixed=0 sampleMove=(0.00, 0.00) commandMove=(0,0) movementEnabled=True stunned=False controllerEnabled=True grounded=True position=(2.411, -1.128, 8.219) displacement=(0.000, 0.000, 0.000) travelCm=0.0 estimatedTick=3537 desiredTick=3543 desiredLead=6 actualLead=0 recordedTick=3537 resolvedTick=3536 lastPredictedTick=3537 unresolved=1 unresolvedPredictionCount=1 fixedHz=60.0 simulationHz=60 rttMs=33.3 batchesSent=1766 commandsSent=3356 sendFailures=0
[rubber-banding][main-thread-snapshot] time=73.420 packets=31 characterRecords=31 bodyRecords=0 avgMs=0.009 maxMs=0.015
[rubber-banding][main-thread-host-simulation] time=73.432 ticks=61 tickRate=61.0 avgMs=0.630 maxMs=2.523 fixedHz=60.0 maximumDeltaMs=333.3 focused=0
[rubber-banding][host-input] time=73.465 interval=1.000 room=22 world=1 authority=1 entity=1 hostTick=3542 windowReceived=60 windowHeldFallback=0 windowNeutralFallback=0 pending=0 totalReceived=3542 totalHeldFallback=0 totalNeutralFallback=0 accepted=3542 stale=3358 duplicates=0 conflicts=0
[rubber-banding][udp-pump] time=73.637 frame=4709 focused=0 windowMs=1000.1 fps=60.0 packets=30 socketAvgMs=33.3 socketP95Ms=34.5 socketMaxMs=34.7 pumpAvgMs=33.3 pumpP95Ms=50.0 pumpMaxMs=50.0 queueDelayAvgMs=14.8 queueDelayP95Ms=17.1 queueDelayMaxMs=17.3 samePump=0 pumpBatchMax=1 queueDepthMax=2 frameMaxMs=17.7
[rubber-banding][main-thread-pump] time=73.720 fps=61.0 frames=61 frameMaxMs=17.7 tcpAvgMs=0.003 tcpMaxMs=0.005 udpAvgMs=0.172 udpMaxMs=0.630 otherAvgMs=0.021 otherMaxMs=0.220 updateAvgMs=0.197 updateMaxMs=0.661
[rubber-banding][local-input] time=74.387 role=host entity=1 fps=60.0 updates=60 moveUpdates=0 fixedCalls=60 commands=60 blockedFixed=0 sampleMove=(0.00, 0.00) commandMove=(0,0) movementEnabled=True stunned=False controllerEnabled=True grounded=True position=(2.411, -1.128, 8.219) displacement=(0.000, 0.000, 0.000) travelCm=0.0 estimatedTick=3597 desiredTick=3603 desiredLead=6 actualLead=0 recordedTick=3597 resolvedTick=3596 lastPredictedTick=3597 unresolved=1 unresolvedPredictionCount=1 fixedHz=60.0 simulationHz=60 rttMs=33.3 batchesSent=1796 commandsSent=3415 sendFailures=0
[rubber-banding][main-thread-host-simulation] time=74.449 ticks=61 tickRate=61.0 avgMs=0.620 maxMs=1.059 fixedHz=60.0 maximumDeltaMs=333.3 focused=0
[rubber-banding][main-thread-snapshot] time=74.454 packets=31 characterRecords=31 bodyRecords=0 avgMs=0.009 maxMs=0.013
[rubber-banding][host-input] time=74.465 interval=1.000 room=22 world=1 authority=1 entity=1 hostTick=3602 windowReceived=60 windowHeldFallback=0 windowNeutralFallback=0 pending=0 totalReceived=3602 totalHeldFallback=0 totalNeutralFallback=0 accepted=3602 stale=3419 duplicates=0 conflicts=0
[rubber-banding][udp-pump] time=74.637 frame=4769 focused=0 windowMs=1000.4 fps=60.0 packets=30 socketAvgMs=33.3 socketP95Ms=34.5 socketMaxMs=34.6 pumpAvgMs=33.3 pumpP95Ms=33.4 pumpMaxMs=33.7 queueDelayAvgMs=16.0 queueDelayP95Ms=17.4 queueDelayMaxMs=17.4 samePump=0 pumpBatchMax=1 queueDepthMax=3 frameMaxMs=16.7
[rubber-banding][main-thread-pump] time=74.737 fps=61.0 frames=61 frameMaxMs=17.0 tcpAvgMs=0.003 tcpMaxMs=0.005 udpAvgMs=0.187 udpMaxMs=0.583 otherAvgMs=0.019 otherMaxMs=0.055 updateAvgMs=0.210 updateMaxMs=0.626
[rubber-banding][local-input] time=75.387 role=host entity=1 fps=60.0 updates=60 moveUpdates=0 fixedCalls=60 commands=60 blockedFixed=0 sampleMove=(0.00, 0.00) commandMove=(0,0) movementEnabled=True stunned=False controllerEnabled=True grounded=True position=(2.411, -1.128, 8.219) displacement=(0.000, 0.000, 0.000) travelCm=0.0 estimatedTick=3657 desiredTick=3663 desiredLead=6 actualLead=0 recordedTick=3657 resolvedTick=3656 lastPredictedTick=3657 unresolved=1 unresolvedPredictionCount=1 fixedHz=60.0 simulationHz=60 rttMs=33.3 batchesSent=1826 commandsSent=3475 sendFailures=0
[rubber-banding][host-input] time=75.465 interval=1.000 room=22 world=1 authority=1 entity=1 hostTick=3662 windowReceived=60 windowHeldFallback=0 windowNeutralFallback=0 pending=0 totalReceived=3662 totalHeldFallback=0 totalNeutralFallback=0 accepted=3662 stale=3479 duplicates=0 conflicts=0
[rubber-banding][main-thread-host-simulation] time=75.465 ticks=61 tickRate=61.0 avgMs=0.586 maxMs=1.139 fixedHz=60.0 maximumDeltaMs=333.3 focused=0
[rubber-banding][main-thread-snapshot] time=75.488 packets=31 characterRecords=31 bodyRecords=0 avgMs=0.008 maxMs=0.017
[rubber-banding][udp-pump] time=75.638 frame=4829 focused=0 windowMs=1000.6 fps=60.0 packets=30 socketAvgMs=33.4 socketP95Ms=34.3 socketMaxMs=34.3 pumpAvgMs=33.4 pumpP95Ms=33.4 pumpMaxMs=33.8 queueDelayAvgMs=15.8 queueDelayP95Ms=17.0 queueDelayMaxMs=17.2 samePump=0 pumpBatchMax=1 queueDepthMax=3 frameMaxMs=17.1
[rubber-banding][main-thread-pump] time=75.754 fps=61.0 frames=61 frameMaxMs=17.1 tcpAvgMs=0.003 tcpMaxMs=0.006 udpAvgMs=0.198 udpMaxMs=1.190 otherAvgMs=0.019 otherMaxMs=0.026 updateAvgMs=0.220 updateMaxMs=1.209
[rubber-banding][local-input] time=76.388 role=host entity=1 fps=60.0 updates=60 moveUpdates=0 fixedCalls=60 commands=60 blockedFixed=0 sampleMove=(0.00, 0.00) commandMove=(0,0) movementEnabled=True stunned=False controllerEnabled=True grounded=True position=(2.411, -1.128, 8.219) displacement=(0.000, 0.000, 0.000) travelCm=0.0 estimatedTick=3717 desiredTick=3723 desiredLead=6 actualLead=0 recordedTick=3717 resolvedTick=3716 lastPredictedTick=3717 unresolved=1 unresolvedPredictionCount=1 fixedHz=60.0 simulationHz=60 rttMs=33.3 batchesSent=1856 commandsSent=3535 sendFailures=0
[rubber-banding][host-input] time=76.465 interval=1.000 room=22 world=1 authority=1 entity=1 hostTick=3722 windowReceived=60 windowHeldFallback=0 windowNeutralFallback=0 pending=0 totalReceived=3722 totalHeldFallback=0 totalNeutralFallback=0 accepted=3722 stale=3539 duplicates=0 conflicts=0
[rubber-banding][main-thread-host-simulation] time=76.482 ticks=61 tickRate=61.0 avgMs=0.596 maxMs=1.174 fixedHz=60.0 maximumDeltaMs=333.3 focused=0
[rubber-banding][main-thread-snapshot] time=76.521 packets=31 characterRecords=31 bodyRecords=0 avgMs=0.008 maxMs=0.011
[rubber-banding][udp-pump] time=76.638 frame=4889 focused=0 windowMs=1000.2 fps=60.0 packets=30 socketAvgMs=33.3 socketP95Ms=34.5 socketMaxMs=34.7 pumpAvgMs=33.3 pumpP95Ms=33.4 pumpMaxMs=33.4 queueDelayAvgMs=15.7 queueDelayP95Ms=17.1 queueDelayMaxMs=17.3 samePump=0 pumpBatchMax=1 queueDepthMax=3 frameMaxMs=16.8
[rubber-banding][main-thread-pump] time=76.771 fps=61.0 frames=61 frameMaxMs=16.8 tcpAvgMs=0.003 tcpMaxMs=0.005 udpAvgMs=0.204 udpMaxMs=2.117 otherAvgMs=0.020 otherMaxMs=0.038 updateAvgMs=0.227 updateMaxMs=2.133
[rubber-banding][local-input] time=77.388 role=host entity=1 fps=60.0 updates=60 moveUpdates=0 fixedCalls=60 commands=60 blockedFixed=0 sampleMove=(0.00, 0.00) commandMove=(0,0) movementEnabled=True stunned=False controllerEnabled=True grounded=True position=(2.411, -1.128, 8.219) displacement=(0.000, 0.000, 0.000) travelCm=0.0 estimatedTick=3777 desiredTick=3782 desiredLead=5 actualLead=0 recordedTick=3777 resolvedTick=3776 lastPredictedTick=3777 unresolved=1 unresolvedPredictionCount=1 fixedHz=60.0 simulationHz=60 rttMs=16.7 batchesSent=1886 commandsSent=3595 sendFailures=0
[rubber-banding][host-input] time=77.465 interval=1.000 room=22 world=1 authority=1 entity=1 hostTick=3782 windowReceived=60 windowHeldFallback=0 windowNeutralFallback=0 pending=0 totalReceived=3782 totalHeldFallback=0 totalNeutralFallback=0 accepted=3782 stale=3599 duplicates=0 conflicts=0
[rubber-banding][main-thread-host-simulation] time=77.499 ticks=61 tickRate=61.0 avgMs=0.622 maxMs=2.368 fixedHz=60.0 maximumDeltaMs=333.3 focused=0
[rubber-banding][main-thread-snapshot] time=77.554 packets=31 characterRecords=31 bodyRecords=0 avgMs=0.008 maxMs=0.012
[rubber-banding][udp-pump] time=77.638 frame=4949 focused=0 windowMs=1000.1 fps=60.0 packets=30 socketAvgMs=33.4 socketP95Ms=34.3 socketMaxMs=34.4 pumpAvgMs=33.3 pumpP95Ms=33.4 pumpMaxMs=33.4 queueDelayAvgMs=15.9 queueDelayP95Ms=16.8 queueDelayMaxMs=16.8 samePump=0 pumpBatchMax=1 queueDepthMax=3 frameMaxMs=16.7
[rubber-banding][main-thread-pump] time=77.788 fps=61.0 frames=61 frameMaxMs=16.7 tcpAvgMs=0.003 tcpMaxMs=0.004 udpAvgMs=0.180 udpMaxMs=0.648 otherAvgMs=0.020 otherMaxMs=0.041 updateAvgMs=0.204 updateMaxMs=0.676
[rubber-banding][local-input] time=78.388 role=host entity=1 fps=60.0 updates=60 moveUpdates=0 fixedCalls=60 commands=60 blockedFixed=0 sampleMove=(0.00, 0.00) commandMove=(0,0) movementEnabled=True stunned=False controllerEnabled=True grounded=True position=(2.411, -1.128, 8.219) displacement=(0.000, 0.000, 0.000) travelCm=0.0 estimatedTick=3837 desiredTick=3842 desiredLead=5 actualLead=0 recordedTick=3837 resolvedTick=3836 lastPredictedTick=3837 unresolved=1 unresolvedPredictionCount=1 fixedHz=60.0 simulationHz=60 rttMs=33.3 batchesSent=1916 commandsSent=3655 sendFailures=0
[rubber-banding][host-input] time=78.465 interval=1.000 room=22 world=1 authority=1 entity=1 hostTick=3842 windowReceived=60 windowHeldFallback=0 windowNeutralFallback=0 pending=0 totalReceived=3842 totalHeldFallback=0 totalNeutralFallback=0 accepted=3842 stale=3659 duplicates=0 conflicts=0
[rubber-banding][main-thread-host-simulation] time=78.515 ticks=61 tickRate=61.0 avgMs=0.575 maxMs=0.973 fixedHz=60.0 maximumDeltaMs=333.3 focused=0
[rubber-banding][main-thread-snapshot] time=78.588 packets=31 characterRecords=31 bodyRecords=0 avgMs=0.008 maxMs=0.013
[rubber-banding][udp-pump] time=78.638 frame=5009 focused=0 windowMs=1000.1 fps=60.0 packets=30 socketAvgMs=33.3 socketP95Ms=34.2 socketMaxMs=34.7 pumpAvgMs=33.3 pumpP95Ms=33.3 pumpMaxMs=33.4 queueDelayAvgMs=15.9 queueDelayP95Ms=16.8 queueDelayMaxMs=16.8 samePump=0 pumpBatchMax=1 queueDepthMax=3 frameMaxMs=16.7
[rubber-banding][main-thread-pump] time=78.805 fps=61.0 frames=61 frameMaxMs=18.7 tcpAvgMs=0.004 tcpMaxMs=0.037 udpAvgMs=0.322 udpMaxMs=8.063 otherAvgMs=0.020 otherMaxMs=0.038 updateAvgMs=0.346 updateMaxMs=8.099
[rubber-banding][local-input] time=79.388 role=host entity=1 fps=60.0 updates=60 moveUpdates=0 fixedCalls=60 commands=60 blockedFixed=0 sampleMove=(0.00, 0.00) commandMove=(0,0) movementEnabled=True stunned=False controllerEnabled=True grounded=True position=(2.411, -1.128, 8.219) displacement=(0.000, 0.000, 0.000) travelCm=0.0 estimatedTick=3897 desiredTick=3902 desiredLead=5 actualLead=0 recordedTick=3897 resolvedTick=3896 lastPredictedTick=3897 unresolved=1 unresolvedPredictionCount=1 fixedHz=60.0 simulationHz=60 rttMs=33.3 batchesSent=1946 commandsSent=3715 sendFailures=0
[rubber-banding][host-input] time=79.465 interval=1.000 room=22 world=1 authority=1 entity=1 hostTick=3902 windowReceived=60 windowHeldFallback=0 windowNeutralFallback=0 pending=0 totalReceived=3902 totalHeldFallback=0 totalNeutralFallback=0 accepted=3902 stale=3719 duplicates=0 conflicts=0
[rubber-banding][main-thread-host-simulation] time=79.532 ticks=61 tickRate=61.0 avgMs=0.630 maxMs=1.823 fixedHz=60.0 maximumDeltaMs=333.3 focused=0
[rubber-banding][main-thread-snapshot] time=79.621 packets=31 characterRecords=31 bodyRecords=0 avgMs=0.008 maxMs=0.010
[rubber-banding][udp-pump] time=79.638 frame=5069 focused=0 windowMs=1000.1 fps=60.0 packets=30 socketAvgMs=33.3 socketP95Ms=34.6 socketMaxMs=34.9 pumpAvgMs=33.3 pumpP95Ms=33.3 pumpMaxMs=33.4 queueDelayAvgMs=15.9 queueDelayP95Ms=16.8 queueDelayMaxMs=17.4 samePump=0 pumpBatchMax=1 queueDepthMax=3 frameMaxMs=16.7
[rubber-banding][main-thread-pump] time=79.821 fps=61.0 frames=61 frameMaxMs=16.7 tcpAvgMs=0.003 tcpMaxMs=0.007 udpAvgMs=0.182 udpMaxMs=0.657 otherAvgMs=0.020 otherMaxMs=0.033 updateAvgMs=0.206 updateMaxMs=0.684
[rubber-banding][local-input] time=80.388 role=host entity=1 fps=60.0 updates=60 moveUpdates=0 fixedCalls=60 commands=60 blockedFixed=0 sampleMove=(0.00, 0.00) commandMove=(0,0) movementEnabled=True stunned=False controllerEnabled=True grounded=True position=(2.411, -1.128, 8.219) displacement=(0.000, 0.000, 0.000) travelCm=0.0 estimatedTick=3957 desiredTick=3962 desiredLead=5 actualLead=0 recordedTick=3957 resolvedTick=3956 lastPredictedTick=3957 unresolved=1 unresolvedPredictionCount=1 fixedHz=60.0 simulationHz=60 rttMs=33.3 batchesSent=1976 commandsSent=3775 sendFailures=0
[rubber-banding][host-input] time=80.465 interval=1.000 room=22 world=1 authority=1 entity=1 hostTick=3962 windowReceived=60 windowHeldFallback=0 windowNeutralFallback=0 pending=0 totalReceived=3962 totalHeldFallback=0 totalNeutralFallback=0 accepted=3962 stale=3779 duplicates=0 conflicts=0
[rubber-banding][main-thread-host-simulation] time=80.549 ticks=61 tickRate=61.0 avgMs=0.573 maxMs=1.029 fixedHz=60.0 maximumDeltaMs=333.3 focused=0
[rubber-banding][udp-pump] time=80.638 frame=5129 focused=0 windowMs=1000.3 fps=60.0 packets=30 socketAvgMs=33.4 socketP95Ms=34.5 socketMaxMs=34.5 pumpAvgMs=33.3 pumpP95Ms=33.4 pumpMaxMs=33.6 queueDelayAvgMs=15.9 queueDelayP95Ms=17.0 queueDelayMaxMs=17.3 samePump=0 pumpBatchMax=1 queueDepthMax=3 frameMaxMs=16.7
[rubber-banding][main-thread-snapshot] time=80.655 packets=31 characterRecords=31 bodyRecords=0 avgMs=0.007 maxMs=0.012
[rubber-banding][main-thread-pump] time=80.838 fps=61.0 frames=61 frameMaxMs=16.9 tcpAvgMs=0.003 tcpMaxMs=0.005 udpAvgMs=0.177 udpMaxMs=1.445 otherAvgMs=0.017 otherMaxMs=0.053 updateAvgMs=0.197 updateMaxMs=1.459
[rubber-banding][local-input] time=81.388 role=host entity=1 fps=60.0 updates=60 moveUpdates=0 fixedCalls=60 commands=60 blockedFixed=0 sampleMove=(0.00, 0.00) commandMove=(0,0) movementEnabled=True stunned=False controllerEnabled=True grounded=True position=(2.411, -1.128, 8.219) displacement=(0.000, 0.000, 0.000) travelCm=0.0 estimatedTick=4017 desiredTick=4022 desiredLead=5 actualLead=0 recordedTick=4017 resolvedTick=4016 lastPredictedTick=4017 unresolved=1 unresolvedPredictionCount=1 fixedHz=60.0 simulationHz=60 rttMs=33.3 batchesSent=2006 commandsSent=3835 sendFailures=0
[rubber-banding][host-input] time=81.465 interval=1.000 room=22 world=1 authority=1 entity=1 hostTick=4022 windowReceived=60 windowHeldFallback=0 windowNeutralFallback=0 pending=0 totalReceived=4022 totalHeldFallback=0 totalNeutralFallback=0 accepted=4022 stale=3839 duplicates=0 conflicts=0
[rubber-banding][main-thread-host-simulation] time=81.565 ticks=61 tickRate=61.0 avgMs=0.549 maxMs=2.630 fixedHz=60.0 maximumDeltaMs=333.3 focused=0
[rubber-banding][udp-pump] time=81.639 frame=5189 focused=0 windowMs=1000.2 fps=60.0 packets=30 socketAvgMs=33.3 socketP95Ms=34.4 socketMaxMs=35.4 pumpAvgMs=33.3 pumpP95Ms=33.4 pumpMaxMs=33.4 queueDelayAvgMs=16.0 queueDelayP95Ms=16.9 queueDelayMaxMs=17.0 samePump=0 pumpBatchMax=1 queueDepthMax=3 frameMaxMs=16.8
[rubber-banding][main-thread-snapshot] time=81.689 packets=31 characterRecords=31 bodyRecords=0 avgMs=0.007 maxMs=0.012
[rubber-banding][main-thread-pump] time=81.855 fps=61.0 frames=61 frameMaxMs=16.8 tcpAvgMs=0.003 tcpMaxMs=0.004 udpAvgMs=0.137 udpMaxMs=0.510 otherAvgMs=0.014 otherMaxMs=0.042 updateAvgMs=0.154 updateMaxMs=0.533
[rubber-banding][local-input] time=82.389 role=host entity=1 fps=60.0 updates=60 moveUpdates=0 fixedCalls=60 commands=60 blockedFixed=0 sampleMove=(0.00, 0.00) commandMove=(0,0) movementEnabled=True stunned=False controllerEnabled=True grounded=True position=(2.411, -1.128, 8.219) displacement=(0.000, 0.000, 0.000) travelCm=0.0 estimatedTick=4077 desiredTick=4082 desiredLead=5 actualLead=0 recordedTick=4077 resolvedTick=4076 lastPredictedTick=4077 unresolved=1 unresolvedPredictionCount=1 fixedHz=60.0 simulationHz=60 rttMs=33.3 batchesSent=2036 commandsSent=3895 sendFailures=0
[rubber-banding][host-input] time=82.465 interval=1.000 room=22 world=1 authority=1 entity=1 hostTick=4082 windowReceived=60 windowHeldFallback=0 windowNeutralFallback=0 pending=0 totalReceived=4082 totalHeldFallback=0 totalNeutralFallback=0 accepted=4082 stale=3899 duplicates=0 conflicts=0
[rubber-banding][main-thread-host-simulation] time=82.582 ticks=61 tickRate=61.0 avgMs=0.495 maxMs=0.958 fixedHz=60.0 maximumDeltaMs=333.3 focused=0
[rubber-banding][udp-pump] time=82.639 frame=5249 focused=0 windowMs=1000.4 fps=60.0 packets=30 socketAvgMs=33.4 socketP95Ms=34.3 socketMaxMs=34.6 pumpAvgMs=33.3 pumpP95Ms=33.5 pumpMaxMs=33.5 queueDelayAvgMs=16.0 queueDelayP95Ms=16.8 queueDelayMaxMs=16.8 samePump=0 pumpBatchMax=1 queueDepthMax=3 frameMaxMs=16.8
[rubber-banding][main-thread-snapshot] time=82.722 packets=31 characterRecords=31 bodyRecords=0 avgMs=0.006 maxMs=0.012
[rubber-banding][main-thread-pump] time=82.872 fps=61.0 frames=61 frameMaxMs=16.8 tcpAvgMs=0.003 tcpMaxMs=0.005 udpAvgMs=0.130 udpMaxMs=0.465 otherAvgMs=0.014 otherMaxMs=0.033 updateAvgMs=0.147 updateMaxMs=0.493
[rubber-banding][local-input] time=83.389 role=host entity=1 fps=60.0 updates=60 moveUpdates=0 fixedCalls=60 commands=60 blockedFixed=0 sampleMove=(0.00, 0.00) commandMove=(0,0) movementEnabled=True stunned=False controllerEnabled=True grounded=True position=(2.411, -1.128, 8.219) displacement=(0.000, 0.000, 0.000) travelCm=0.0 estimatedTick=4137 desiredTick=4142 desiredLead=5 actualLead=0 recordedTick=4137 resolvedTick=4136 lastPredictedTick=4137 unresolved=1 unresolvedPredictionCount=1 fixedHz=60.0 simulationHz=60 rttMs=33.3 batchesSent=2066 commandsSent=3955 sendFailures=0
[rubber-banding][host-input] time=83.465 interval=1.000 room=22 world=1 authority=1 entity=1 hostTick=4142 windowReceived=60 windowHeldFallback=0 windowNeutralFallback=0 pending=0 totalReceived=4142 totalHeldFallback=0 totalNeutralFallback=0 accepted=4142 stale=3959 duplicates=0 conflicts=0
[rubber-banding][main-thread-host-simulation] time=83.599 ticks=61 tickRate=61.0 avgMs=0.505 maxMs=2.499 fixedHz=60.0 maximumDeltaMs=333.3 focused=0
[rubber-banding][udp-pump] time=83.640 frame=5309 focused=0 windowMs=1001.0 fps=59.9 packets=30 socketAvgMs=33.4 socketP95Ms=34.6 socketMaxMs=35.2 pumpAvgMs=33.4 pumpP95Ms=33.7 pumpMaxMs=33.7 queueDelayAvgMs=16.0 queueDelayP95Ms=17.1 queueDelayMaxMs=17.2 samePump=0 pumpBatchMax=1 queueDepthMax=3 frameMaxMs=17.0
[rubber-banding][main-thread-snapshot] time=83.757 packets=31 characterRecords=31 bodyRecords=0 avgMs=0.007 maxMs=0.020
[rubber-banding][main-thread-pump] time=83.890 fps=60.9 frames=61 frameMaxMs=17.0 tcpAvgMs=0.003 tcpMaxMs=0.005 udpAvgMs=0.179 udpMaxMs=1.765 otherAvgMs=0.014 otherMaxMs=0.031 updateAvgMs=0.196 updateMaxMs=1.783
[rubber-banding][local-input] time=84.391 role=host entity=1 fps=59.9 updates=60 moveUpdates=0 fixedCalls=60 commands=60 blockedFixed=0 sampleMove=(0.00, 0.00) commandMove=(0,0) movementEnabled=True stunned=False controllerEnabled=True grounded=True position=(2.411, -1.128, 8.219) displacement=(0.000, 0.000, 0.000) travelCm=0.0 estimatedTick=4197 desiredTick=4202 desiredLead=5 actualLead=0 recordedTick=4197 resolvedTick=4196 lastPredictedTick=4197 unresolved=1 unresolvedPredictionCount=1 fixedHz=60.0 simulationHz=60 rttMs=33.3 batchesSent=2096 commandsSent=4015 sendFailures=0
[rubber-banding][host-input] time=84.465 interval=1.000 room=22 world=1 authority=1 entity=1 hostTick=4202 windowReceived=60 windowHeldFallback=0 windowNeutralFallback=0 pending=0 totalReceived=4202 totalHeldFallback=0 totalNeutralFallback=0 accepted=4202 stale=4019 duplicates=0 conflicts=0
[rubber-banding][main-thread-host-simulation] time=84.615 ticks=61 tickRate=61.0 avgMs=0.514 maxMs=1.195 fixedHz=60.0 maximumDeltaMs=333.3 focused=0
[rubber-banding][udp-pump] time=84.641 frame=5369 focused=0 windowMs=1000.9 fps=59.9 packets=30 socketAvgMs=33.4 socketP95Ms=33.9 socketMaxMs=34.4 pumpAvgMs=33.4 pumpP95Ms=33.6 pumpMaxMs=33.8 queueDelayAvgMs=15.8 queueDelayP95Ms=16.6 queueDelayMaxMs=16.6 samePump=0 pumpBatchMax=1 queueDepthMax=3 frameMaxMs=17.1
[rubber-banding][main-thread-snapshot] time=84.791 packets=31 characterRecords=31 bodyRecords=0 avgMs=0.007 maxMs=0.014
[rubber-banding][main-thread-pump] time=84.908 fps=60.9 frames=61 frameMaxMs=17.1 tcpAvgMs=0.003 tcpMaxMs=0.005 udpAvgMs=0.158 udpMaxMs=0.828 otherAvgMs=0.015 otherMaxMs=0.025 updateAvgMs=0.176 updateMaxMs=0.856
[rubber-banding][local-input] time=85.391 role=host entity=1 fps=60.0 updates=60 moveUpdates=0 fixedCalls=60 commands=60 blockedFixed=0 sampleMove=(0.00, 0.00) commandMove=(0,0) movementEnabled=True stunned=False controllerEnabled=True grounded=True position=(2.411, -1.128, 8.219) displacement=(0.000, 0.000, 0.000) travelCm=0.0 estimatedTick=4257 desiredTick=4262 desiredLead=5 actualLead=0 recordedTick=4257 resolvedTick=4256 lastPredictedTick=4257 unresolved=1 unresolvedPredictionCount=1 fixedHz=60.0 simulationHz=60 rttMs=33.3 batchesSent=2126 commandsSent=4075 sendFailures=0
[rubber-banding][host-input] time=85.465 interval=1.000 room=22 world=1 authority=1 entity=1 hostTick=4262 windowReceived=60 windowHeldFallback=0 windowNeutralFallback=0 pending=0 totalReceived=4262 totalHeldFallback=0 totalNeutralFallback=0 accepted=4262 stale=4079 duplicates=0 conflicts=0
[rubber-banding][main-thread-host-simulation] time=85.632 ticks=61 tickRate=61.0 avgMs=0.588 maxMs=1.813 fixedHz=60.0 maximumDeltaMs=333.3 focused=0
[rubber-banding][udp-pump] time=85.641 frame=5429 focused=0 windowMs=1000.1 fps=60.0 packets=30 socketAvgMs=33.3 socketP95Ms=34.4 socketMaxMs=34.8 pumpAvgMs=33.3 pumpP95Ms=33.3 pumpMaxMs=33.4 queueDelayAvgMs=15.9 queueDelayP95Ms=17.0 queueDelayMaxMs=18.2 samePump=0 pumpBatchMax=1 queueDepthMax=3 frameMaxMs=16.7
[rubber-banding][main-thread-snapshot] time=85.824 packets=31 characterRecords=31 bodyRecords=0 avgMs=0.007 maxMs=0.011
[rubber-banding][main-thread-pump] time=85.924 fps=61.0 frames=61 frameMaxMs=16.7 tcpAvgMs=0.003 tcpMaxMs=0.006 udpAvgMs=0.154 udpMaxMs=0.658 otherAvgMs=0.017 otherMaxMs=0.089 updateAvgMs=0.174 updateMaxMs=0.672
[rubber-banding][local-input] time=86.391 role=host entity=1 fps=60.0 updates=60 moveUpdates=0 fixedCalls=60 commands=60 blockedFixed=0 sampleMove=(0.00, 0.00) commandMove=(0,0) movementEnabled=True stunned=False controllerEnabled=True grounded=True position=(2.411, -1.128, 8.219) displacement=(0.000, 0.000, 0.000) travelCm=0.0 estimatedTick=4317 desiredTick=4322 desiredLead=5 actualLead=0 recordedTick=4317 resolvedTick=4316 lastPredictedTick=4317 unresolved=1 unresolvedPredictionCount=1 fixedHz=60.0 simulationHz=60 rttMs=33.3 batchesSent=2156 commandsSent=4135 sendFailures=0
[rubber-banding][host-input] time=86.465 interval=1.000 room=22 world=1 authority=1 entity=1 hostTick=4322 windowReceived=60 windowHeldFallback=0 windowNeutralFallback=0 pending=0 totalReceived=4322 totalHeldFallback=0 totalNeutralFallback=0 accepted=4322 stale=4139 duplicates=0 conflicts=0
[rubber-banding][udp-pump] time=86.641 frame=5489 focused=0 windowMs=1000.5 fps=60.0 packets=30 socketAvgMs=33.4 socketP95Ms=34.4 socketMaxMs=34.8 pumpAvgMs=33.3 pumpP95Ms=33.5 pumpMaxMs=33.5 queueDelayAvgMs=15.8 queueDelayP95Ms=16.5 queueDelayMaxMs=16.6 samePump=0 pumpBatchMax=1 queueDepthMax=3 frameMaxMs=16.7
[rubber-banding][main-thread-host-simulation] time=86.649 ticks=61 tickRate=61.0 avgMs=0.539 maxMs=1.977 fixedHz=60.0 maximumDeltaMs=333.3 focused=0
[rubber-banding][main-thread-snapshot] time=86.859 packets=31 characterRecords=31 bodyRecords=0 avgMs=0.007 maxMs=0.012
[rubber-banding][main-thread-pump] time=86.942 fps=60.9 frames=61 frameMaxMs=17.2 tcpAvgMs=0.003 tcpMaxMs=0.005 udpAvgMs=0.152 udpMaxMs=1.071 otherAvgMs=0.014 otherMaxMs=0.045 updateAvgMs=0.170 updateMaxMs=1.091
[rubber-banding][local-input] time=87.393 role=host entity=1 fps=59.9 updates=60 moveUpdates=0 fixedCalls=60 commands=60 blockedFixed=0 sampleMove=(0.00, 0.00) commandMove=(0,0) movementEnabled=True stunned=False controllerEnabled=True grounded=True position=(2.411, -1.128, 8.219) displacement=(0.000, 0.000, 0.000) travelCm=0.0 estimatedTick=4377 desiredTick=4382 desiredLead=5 actualLead=0 recordedTick=4377 resolvedTick=4376 lastPredictedTick=4377 unresolved=1 unresolvedPredictionCount=1 fixedHz=60.0 simulationHz=60 rttMs=16.7 batchesSent=2186 commandsSent=4194 sendFailures=0
[rubber-banding][host-input] time=87.465 interval=1.000 room=22 world=1 authority=1 entity=1 hostTick=4382 windowReceived=60 windowHeldFallback=0 windowNeutralFallback=0 pending=0 totalReceived=4382 totalHeldFallback=0 totalNeutralFallback=0 accepted=4382 stale=4198 duplicates=0 conflicts=0
[rubber-banding][udp-pump] time=87.643 frame=5549 focused=0 windowMs=1002.0 fps=59.9 packets=30 socketAvgMs=33.4 socketP95Ms=34.9 socketMaxMs=36.0 pumpAvgMs=33.4 pumpP95Ms=33.9 pumpMaxMs=50.0 queueDelayAvgMs=15.5 queueDelayP95Ms=17.1 queueDelayMaxMs=17.4 samePump=0 pumpBatchMax=1 queueDepthMax=3 frameMaxMs=17.4
[rubber-banding][main-thread-host-simulation] time=87.665 ticks=61 tickRate=61.0 avgMs=0.562 maxMs=1.927 fixedHz=60.0 maximumDeltaMs=333.3 focused=0
[rubber-banding][main-thread-snapshot] time=87.893 packets=31 characterRecords=31 bodyRecords=0 avgMs=0.006 maxMs=0.011
[rubber-banding][main-thread-pump] time=87.960 fps=60.9 frames=61 frameMaxMs=17.4 tcpAvgMs=0.003 tcpMaxMs=0.005 udpAvgMs=0.195 udpMaxMs=3.239 otherAvgMs=0.021 otherMaxMs=0.144 updateAvgMs=0.219 updateMaxMs=3.258
[rubber-banding][local-input] time=88.393 role=host entity=1 fps=60.0 updates=60 moveUpdates=0 fixedCalls=60 commands=60 blockedFixed=0 sampleMove=(0.00, 0.00) commandMove=(0,0) movementEnabled=True stunned=False controllerEnabled=True grounded=True position=(2.411, -1.128, 8.219) displacement=(0.000, 0.000, 0.000) travelCm=0.0 estimatedTick=4437 desiredTick=4442 desiredLead=5 actualLead=0 recordedTick=4437 resolvedTick=4436 lastPredictedTick=4437 unresolved=1 unresolvedPredictionCount=1 fixedHz=60.0 simulationHz=60 rttMs=33.3 batchesSent=2216 commandsSent=4254 sendFailures=0
[rubber-banding][host-input] time=88.465 interval=1.000 room=22 world=1 authority=1 entity=1 hostTick=4442 windowReceived=60 windowHeldFallback=0 windowNeutralFallback=0 pending=0 totalReceived=4442 totalHeldFallback=0 totalNeutralFallback=0 accepted=4442 stale=4258 duplicates=0 conflicts=0
[rubber-banding][udp-pump] time=88.644 frame=5609 focused=0 windowMs=1000.2 fps=60.0 packets=30 socketAvgMs=33.4 socketP95Ms=34.7 socketMaxMs=35.3 pumpAvgMs=33.3 pumpP95Ms=33.4 pumpMaxMs=33.4 queueDelayAvgMs=15.9 queueDelayP95Ms=17.0 queueDelayMaxMs=17.0 samePump=0 pumpBatchMax=1 queueDepthMax=3 frameMaxMs=16.7
[rubber-banding][main-thread-host-simulation] time=88.682 ticks=61 tickRate=61.0 avgMs=0.503 maxMs=1.176 fixedHz=60.0 maximumDeltaMs=333.3 focused=0
[rubber-banding][main-thread-snapshot] time=88.927 packets=31 characterRecords=31 bodyRecords=0 avgMs=0.006 maxMs=0.009
[rubber-banding][main-thread-pump] time=88.977 fps=61.0 frames=61 frameMaxMs=16.8 tcpAvgMs=0.003 tcpMaxMs=0.005 udpAvgMs=0.144 udpMaxMs=0.492 otherAvgMs=0.021 otherMaxMs=0.174 updateAvgMs=0.168 updateMaxMs=0.512
[rubber-banding][local-input] time=89.394 role=host entity=1 fps=60.0 updates=60 moveUpdates=0 fixedCalls=60 commands=60 blockedFixed=0 sampleMove=(0.00, 0.00) commandMove=(0,0) movementEnabled=True stunned=False controllerEnabled=True grounded=True position=(2.411, -1.128, 8.219) displacement=(0.000, 0.000, 0.000) travelCm=0.0 estimatedTick=4497 desiredTick=4502 desiredLead=5 actualLead=0 recordedTick=4497 resolvedTick=4496 lastPredictedTick=4497 unresolved=1 unresolvedPredictionCount=1 fixedHz=60.0 simulationHz=60 rttMs=33.3 batchesSent=2246 commandsSent=4314 sendFailures=0
[rubber-banding][host-input] time=89.465 interval=1.000 room=22 world=1 authority=1 entity=1 hostTick=4502 windowReceived=60 windowHeldFallback=0 windowNeutralFallback=0 pending=0 totalReceived=4502 totalHeldFallback=0 totalNeutralFallback=0 accepted=4502 stale=4318 duplicates=0 conflicts=0
[rubber-banding][udp-pump] time=89.644 frame=5669 focused=0 windowMs=1000.4 fps=60.0 packets=30 socketAvgMs=33.3 socketP95Ms=34.3 socketMaxMs=36.7 pumpAvgMs=33.3 pumpP95Ms=33.4 pumpMaxMs=33.6 queueDelayAvgMs=15.6 queueDelayP95Ms=16.2 queueDelayMaxMs=16.8 samePump=0 pumpBatchMax=1 queueDepthMax=3 frameMaxMs=16.9
[rubber-banding][main-thread-host-simulation] time=89.699 ticks=61 tickRate=61.0 avgMs=0.587 maxMs=3.778 fixedHz=60.0 maximumDeltaMs=333.3 focused=0
[rubber-banding][main-thread-snapshot] time=89.961 packets=31 characterRecords=31 bodyRecords=0 avgMs=0.008 maxMs=0.018
[rubber-banding][main-thread-pump] time=89.994 fps=61.0 frames=61 frameMaxMs=17.0 tcpAvgMs=0.003 tcpMaxMs=0.006 udpAvgMs=0.197 udpMaxMs=0.880 otherAvgMs=0.021 otherMaxMs=0.064 updateAvgMs=0.222 updateMaxMs=0.907
[rubber-banding][local-input] time=90.394 role=host entity=1 fps=60.0 updates=60 moveUpdates=0 fixedCalls=60 commands=60 blockedFixed=0 sampleMove=(0.00, 0.00) commandMove=(0,0) movementEnabled=True stunned=False controllerEnabled=True grounded=True position=(2.411, -1.128, 8.219) displacement=(0.000, 0.000, 0.000) travelCm=0.0 estimatedTick=4557 desiredTick=4562 desiredLead=5 actualLead=0 recordedTick=4557 resolvedTick=4556 lastPredictedTick=4557 unresolved=1 unresolvedPredictionCount=1 fixedHz=60.0 simulationHz=60 rttMs=33.3 batchesSent=2276 commandsSent=4374 sendFailures=0
[rubber-banding][host-input] time=90.465 interval=1.000 room=22 world=1 authority=1 entity=1 hostTick=4562 windowReceived=60 windowHeldFallback=0 windowNeutralFallback=0 pending=0 totalReceived=4562 totalHeldFallback=0 totalNeutralFallback=0 accepted=4562 stale=4378 duplicates=0 conflicts=0
[rubber-banding][udp-pump] time=90.644 frame=5729 focused=0 windowMs=1000.3 fps=60.0 packets=30 socketAvgMs=33.3 socketP95Ms=34.6 socketMaxMs=36.9 pumpAvgMs=33.3 pumpP95Ms=33.4 pumpMaxMs=33.5 queueDelayAvgMs=15.5 queueDelayP95Ms=16.7 queueDelayMaxMs=16.9 samePump=0 pumpBatchMax=1 queueDepthMax=3 frameMaxMs=16.8
[rubber-banding][main-thread-host-simulation] time=90.715 ticks=61 tickRate=61.0 avgMs=0.746 maxMs=3.822 fixedHz=60.0 maximumDeltaMs=333.3 focused=0
[rubber-banding][main-thread-snapshot] time=90.994 packets=31 characterRecords=31 bodyRecords=0 avgMs=0.009 maxMs=0.028
[rubber-banding][main-thread-pump] time=91.011 fps=61.0 frames=61 frameMaxMs=16.8 tcpAvgMs=0.004 tcpMaxMs=0.018 udpAvgMs=0.229 udpMaxMs=1.769 otherAvgMs=0.025 otherMaxMs=0.132 updateAvgMs=0.259 updateMaxMs=1.852
[rubber-banding][local-input] time=91.394 role=host entity=1 fps=60.0 updates=60 moveUpdates=0 fixedCalls=60 commands=60 blockedFixed=0 sampleMove=(0.00, 0.00) commandMove=(0,0) movementEnabled=True stunned=False controllerEnabled=True grounded=True position=(2.411, -1.128, 8.219) displacement=(0.000, 0.000, 0.000) travelCm=0.0 estimatedTick=4617 desiredTick=4622 desiredLead=5 actualLead=0 recordedTick=4617 resolvedTick=4616 lastPredictedTick=4617 unresolved=1 unresolvedPredictionCount=1 fixedHz=60.0 simulationHz=60 rttMs=33.3 batchesSent=2306 commandsSent=4434 sendFailures=0
[rubber-banding][host-input] time=91.465 interval=1.000 room=22 world=1 authority=1 entity=1 hostTick=4622 windowReceived=60 windowHeldFallback=0 windowNeutralFallback=0 pending=0 totalReceived=4622 totalHeldFallback=0 totalNeutralFallback=0 accepted=4622 stale=4438 duplicates=0 conflicts=0
[rubber-banding][udp-pump] time=91.644 frame=5789 focused=0 windowMs=1000.1 fps=60.0 packets=30 socketAvgMs=33.4 socketP95Ms=35.1 socketMaxMs=37.4 pumpAvgMs=33.3 pumpP95Ms=33.3 pumpMaxMs=33.4 queueDelayAvgMs=15.5 queueDelayP95Ms=16.3 queueDelayMaxMs=16.4 samePump=0 pumpBatchMax=1 queueDepthMax=3 frameMaxMs=16.7
[rubber-banding][main-thread-host-simulation] time=91.732 ticks=61 tickRate=61.0 avgMs=0.660 maxMs=1.377 fixedHz=60.0 maximumDeltaMs=333.3 focused=0
[rubber-banding][main-thread-snapshot] time=92.028 packets=31 characterRecords=31 bodyRecords=0 avgMs=0.009 maxMs=0.023
[rubber-banding][main-thread-pump] time=92.028 fps=61.0 frames=61 frameMaxMs=20.4 tcpAvgMs=0.004 tcpMaxMs=0.005 udpAvgMs=0.207 udpMaxMs=0.699 otherAvgMs=0.026 otherMaxMs=0.209 updateAvgMs=0.238 updateMaxMs=0.728
[rubber-banding][local-input] time=92.395 role=host entity=1 fps=60.0 updates=60 moveUpdates=0 fixedCalls=60 commands=60 blockedFixed=0 sampleMove=(0.00, 0.00) commandMove=(0,0) movementEnabled=True stunned=False controllerEnabled=True grounded=True position=(2.411, -1.128, 8.219) displacement=(0.000, 0.000, 0.000) travelCm=0.0 estimatedTick=4677 desiredTick=4682 desiredLead=5 actualLead=0 recordedTick=4677 resolvedTick=4676 lastPredictedTick=4677 unresolved=1 unresolvedPredictionCount=1 fixedHz=60.0 simulationHz=60 rttMs=33.3 batchesSent=2336 commandsSent=4494 sendFailures=0
[rubber-banding][host-input] time=92.465 interval=1.000 room=22 world=1 authority=1 entity=1 hostTick=4682 windowReceived=60 windowHeldFallback=0 windowNeutralFallback=0 pending=0 totalReceived=4682 totalHeldFallback=0 totalNeutralFallback=0 accepted=4682 stale=4498 duplicates=0 conflicts=0
[rubber-banding][udp-pump] time=92.645 frame=5849 focused=0 windowMs=1000.3 fps=60.0 packets=30 socketAvgMs=33.3 socketP95Ms=34.1 socketMaxMs=34.6 pumpAvgMs=33.3 pumpP95Ms=33.4 pumpMaxMs=33.6 queueDelayAvgMs=15.9 queueDelayP95Ms=16.7 queueDelayMaxMs=16.7 samePump=0 pumpBatchMax=1 queueDepthMax=3 frameMaxMs=16.9
[rubber-banding][main-thread-host-simulation] time=92.749 ticks=61 tickRate=61.0 avgMs=0.647 maxMs=1.300 fixedHz=60.0 maximumDeltaMs=333.3 focused=0
[rubber-banding][main-thread-pump] time=93.045 fps=61.0 frames=61 frameMaxMs=17.9 tcpAvgMs=0.003 tcpMaxMs=0.006 udpAvgMs=0.184 udpMaxMs=0.566 otherAvgMs=0.021 otherMaxMs=0.051 updateAvgMs=0.208 updateMaxMs=0.607
[rubber-banding][main-thread-snapshot] time=93.061 packets=31 characterRecords=31 bodyRecords=0 avgMs=0.009 maxMs=0.017
[rubber-banding][local-input] time=93.395 role=host entity=1 fps=60.0 updates=60 moveUpdates=0 fixedCalls=60 commands=60 blockedFixed=0 sampleMove=(0.00, 0.00) commandMove=(0,0) movementEnabled=True stunned=False controllerEnabled=True grounded=True position=(2.411, -1.128, 8.219) displacement=(0.000, 0.000, 0.000) travelCm=0.0 estimatedTick=4737 desiredTick=4742 desiredLead=5 actualLead=0 recordedTick=4737 resolvedTick=4736 lastPredictedTick=4737 unresolved=1 unresolvedPredictionCount=1 fixedHz=60.0 simulationHz=60 rttMs=33.3 batchesSent=2366 commandsSent=4554 sendFailures=0
[rubber-banding][host-input] time=93.465 interval=1.000 room=22 world=1 authority=1 entity=1 hostTick=4742 windowReceived=60 windowHeldFallback=0 windowNeutralFallback=0 pending=0 totalReceived=4742 totalHeldFallback=0 totalNeutralFallback=0 accepted=4742 stale=4558 duplicates=0 conflicts=0
[rubber-banding][udp-pump] time=93.645 frame=5909 focused=0 windowMs=1000.0 fps=60.0 packets=30 socketAvgMs=33.3 socketP95Ms=34.5 socketMaxMs=35.5 pumpAvgMs=33.3 pumpP95Ms=33.4 pumpMaxMs=34.6 queueDelayAvgMs=15.9 queueDelayP95Ms=16.7 queueDelayMaxMs=16.8 samePump=0 pumpBatchMax=1 queueDepthMax=3 frameMaxMs=17.9
[rubber-banding][main-thread-host-simulation] time=93.765 ticks=61 tickRate=61.0 avgMs=0.655 maxMs=2.716 fixedHz=60.0 maximumDeltaMs=333.3 focused=0
[rubber-banding][main-thread-pump] time=94.062 fps=61.0 frames=61 frameMaxMs=16.8 tcpAvgMs=0.003 tcpMaxMs=0.005 udpAvgMs=0.184 udpMaxMs=0.530 otherAvgMs=0.019 otherMaxMs=0.036 updateAvgMs=0.206 updateMaxMs=0.558
[rubber-banding][main-thread-snapshot] time=94.095 packets=31 characterRecords=31 bodyRecords=0 avgMs=0.009 maxMs=0.032
[rubber-banding][local-input] time=94.395 role=host entity=1 fps=60.0 updates=60 moveUpdates=0 fixedCalls=60 commands=60 blockedFixed=0 sampleMove=(0.00, 0.00) commandMove=(0,0) movementEnabled=True stunned=False controllerEnabled=True grounded=True position=(2.411, -1.128, 8.219) displacement=(0.000, 0.000, 0.000) travelCm=0.0 estimatedTick=4797 desiredTick=4802 desiredLead=5 actualLead=0 recordedTick=4797 resolvedTick=4796 lastPredictedTick=4797 unresolved=1 unresolvedPredictionCount=1 fixedHz=60.0 simulationHz=60 rttMs=33.4 batchesSent=2396 commandsSent=4614 sendFailures=0
[rubber-banding][host-input] time=94.465 interval=1.000 room=22 world=1 authority=1 entity=1 hostTick=4802 windowReceived=60 windowHeldFallback=0 windowNeutralFallback=0 pending=0 totalReceived=4802 totalHeldFallback=0 totalNeutralFallback=0 accepted=4802 stale=4618 duplicates=0 conflicts=0
[rubber-banding][udp-pump] time=94.645 frame=5969 focused=0 windowMs=1000.2 fps=60.0 packets=30 socketAvgMs=33.3 socketP95Ms=34.1 socketMaxMs=36.0 pumpAvgMs=33.3 pumpP95Ms=33.3 pumpMaxMs=33.5 queueDelayAvgMs=15.8 queueDelayP95Ms=16.5 queueDelayMaxMs=16.6 samePump=0 pumpBatchMax=1 queueDepthMax=3 frameMaxMs=16.7
[rubber-banding][main-thread-host-simulation] time=94.782 ticks=61 tickRate=61.0 avgMs=0.660 maxMs=2.441 fixedHz=60.0 maximumDeltaMs=333.3 focused=0
[rubber-banding][main-thread-pump] time=95.078 fps=61.0 frames=61 frameMaxMs=16.7 tcpAvgMs=0.003 tcpMaxMs=0.005 udpAvgMs=0.191 udpMaxMs=0.557 otherAvgMs=0.021 otherMaxMs=0.060 updateAvgMs=0.216 updateMaxMs=0.586
[rubber-banding][main-thread-snapshot] time=95.128 packets=31 characterRecords=31 bodyRecords=0 avgMs=0.009 maxMs=0.014
[rubber-banding][local-input] time=95.395 role=host entity=1 fps=60.0 updates=60 moveUpdates=0 fixedCalls=60 commands=60 blockedFixed=0 sampleMove=(0.00, 0.00) commandMove=(0,0) movementEnabled=True stunned=False controllerEnabled=True grounded=True position=(2.411, -1.128, 8.219) displacement=(0.000, 0.000, 0.000) travelCm=0.0 estimatedTick=4857 desiredTick=4862 desiredLead=5 actualLead=0 recordedTick=4857 resolvedTick=4856 lastPredictedTick=4857 unresolved=1 unresolvedPredictionCount=1 fixedHz=60.0 simulationHz=60 rttMs=33.4 batchesSent=2426 commandsSent=4674 sendFailures=0
[rubber-banding][host-input] time=95.465 interval=1.000 room=22 world=1 authority=1 entity=1 hostTick=4862 windowReceived=60 windowHeldFallback=0 windowNeutralFallback=0 pending=0 totalReceived=4862 totalHeldFallback=0 totalNeutralFallback=0 accepted=4862 stale=4678 duplicates=0 conflicts=0
[rubber-banding][udp-pump] time=95.645 frame=6029 focused=0 windowMs=1000.2 fps=60.0 packets=30 socketAvgMs=33.3 socketP95Ms=34.8 socketMaxMs=35.9 pumpAvgMs=33.3 pumpP95Ms=33.4 pumpMaxMs=33.5 queueDelayAvgMs=15.7 queueDelayP95Ms=16.7 queueDelayMaxMs=16.9 samePump=0 pumpBatchMax=1 queueDepthMax=3 frameMaxMs=16.7
[rubber-banding][main-thread-host-simulation] time=95.799 ticks=61 tickRate=61.0 avgMs=0.689 maxMs=4.106 fixedHz=60.0 maximumDeltaMs=333.3 focused=0
[rubber-banding][main-thread-pump] time=96.095 fps=61.0 frames=61 frameMaxMs=16.8 tcpAvgMs=0.003 tcpMaxMs=0.005 udpAvgMs=0.174 udpMaxMs=0.537 otherAvgMs=0.018 otherMaxMs=0.035 updateAvgMs=0.196 updateMaxMs=0.568
[rubber-banding][main-thread-snapshot] time=96.162 packets=31 characterRecords=31 bodyRecords=0 avgMs=0.008 maxMs=0.011
[rubber-banding][local-input] time=96.395 role=host entity=1 fps=60.0 updates=60 moveUpdates=0 fixedCalls=60 commands=60 blockedFixed=0 sampleMove=(0.00, 0.00) commandMove=(0,0) movementEnabled=True stunned=False controllerEnabled=True grounded=True position=(2.411, -1.128, 8.219) displacement=(0.000, 0.000, 0.000) travelCm=0.0 estimatedTick=4917 desiredTick=4922 desiredLead=5 actualLead=0 recordedTick=4917 resolvedTick=4916 lastPredictedTick=4917 unresolved=1 unresolvedPredictionCount=1 fixedHz=60.0 simulationHz=60 rttMs=33.3 batchesSent=2456 commandsSent=4734 sendFailures=0
[rubber-banding][host-input] time=96.465 interval=1.000 room=22 world=1 authority=1 entity=1 hostTick=4922 windowReceived=60 windowHeldFallback=0 windowNeutralFallback=0 pending=0 totalReceived=4922 totalHeldFallback=0 totalNeutralFallback=0 accepted=4922 stale=4738 duplicates=0 conflicts=0
[rubber-banding][udp-pump] time=96.645 frame=6089 focused=0 windowMs=1000.1 fps=60.0 packets=30 socketAvgMs=33.3 socketP95Ms=34.6 socketMaxMs=35.4 pumpAvgMs=33.3 pumpP95Ms=33.4 pumpMaxMs=33.4 queueDelayAvgMs=15.8 queueDelayP95Ms=17.2 queueDelayMaxMs=17.3 samePump=0 pumpBatchMax=1 queueDepthMax=3 frameMaxMs=16.8
[rubber-banding][main-thread-host-simulation] time=96.815 ticks=61 tickRate=61.0 avgMs=0.587 maxMs=1.090 fixedHz=60.0 maximumDeltaMs=333.3 focused=0
[rubber-banding][main-thread-pump] time=97.112 fps=61.0 frames=61 frameMaxMs=16.8 tcpAvgMs=0.003 tcpMaxMs=0.004 udpAvgMs=0.170 udpMaxMs=0.562 otherAvgMs=0.018 otherMaxMs=0.030 updateAvgMs=0.192 updateMaxMs=0.590
[rubber-banding][main-thread-snapshot] time=97.195 packets=31 characterRecords=31 bodyRecords=0 avgMs=0.008 maxMs=0.010
[rubber-banding][local-input] time=97.395 role=host entity=1 fps=60.0 updates=60 moveUpdates=0 fixedCalls=60 commands=60 blockedFixed=0 sampleMove=(0.00, 0.00) commandMove=(0,0) movementEnabled=True stunned=False controllerEnabled=True grounded=True position=(2.411, -1.128, 8.219) displacement=(0.000, 0.000, 0.000) travelCm=0.0 estimatedTick=4977 desiredTick=4982 desiredLead=5 actualLead=0 recordedTick=4977 resolvedTick=4976 lastPredictedTick=4977 unresolved=1 unresolvedPredictionCount=1 fixedHz=60.0 simulationHz=60 rttMs=33.4 batchesSent=2486 commandsSent=4794 sendFailures=0
[rubber-banding][host-input] time=97.465 interval=1.000 room=22 world=1 authority=1 entity=1 hostTick=4982 windowReceived=60 windowHeldFallback=0 windowNeutralFallback=0 pending=0 totalReceived=4982 totalHeldFallback=0 totalNeutralFallback=0 accepted=4982 stale=4798 duplicates=0 conflicts=0
[rubber-banding][udp-pump] time=97.645 frame=6149 focused=0 windowMs=1000.1 fps=60.0 packets=30 socketAvgMs=33.3 socketP95Ms=34.4 socketMaxMs=34.7 pumpAvgMs=33.3 pumpP95Ms=33.4 pumpMaxMs=33.4 queueDelayAvgMs=15.8 queueDelayP95Ms=16.6 queueDelayMaxMs=16.7 samePump=0 pumpBatchMax=1 queueDepthMax=3 frameMaxMs=16.7
[rubber-banding][main-thread-host-simulation] time=97.832 ticks=61 tickRate=61.0 avgMs=0.599 maxMs=1.067 fixedHz=60.0 maximumDeltaMs=333.3 focused=0
[rubber-banding][main-thread-pump] time=98.129 fps=61.0 frames=61 frameMaxMs=16.7 tcpAvgMs=0.003 tcpMaxMs=0.004 udpAvgMs=0.209 udpMaxMs=2.164 otherAvgMs=0.020 otherMaxMs=0.033 updateAvgMs=0.231 updateMaxMs=2.181
[rubber-banding][main-thread-snapshot] time=98.229 packets=31 characterRecords=31 bodyRecords=0 avgMs=0.008 maxMs=0.011
[rubber-banding][local-input] time=98.395 role=host entity=1 fps=60.0 updates=60 moveUpdates=0 fixedCalls=60 commands=60 blockedFixed=0 sampleMove=(0.00, 0.00) commandMove=(0,0) movementEnabled=True stunned=False controllerEnabled=True grounded=True position=(2.411, -1.128, 8.219) displacement=(0.000, 0.000, 0.000) travelCm=0.0 estimatedTick=5037 desiredTick=5042 desiredLead=5 actualLead=0 recordedTick=5037 resolvedTick=5036 lastPredictedTick=5037 unresolved=1 unresolvedPredictionCount=1 fixedHz=60.0 simulationHz=60 rttMs=33.3 batchesSent=2516 commandsSent=4854 sendFailures=0
[rubber-banding][host-input] time=98.465 interval=1.000 room=22 world=1 authority=1 entity=1 hostTick=5042 windowReceived=60 windowHeldFallback=0 windowNeutralFallback=0 pending=0 totalReceived=5042 totalHeldFallback=0 totalNeutralFallback=0 accepted=5042 stale=4858 duplicates=0 conflicts=0
[rubber-banding][udp-pump] time=98.645 frame=6209 focused=0 windowMs=1000.0 fps=60.0 packets=30 socketAvgMs=33.3 socketP95Ms=34.2 socketMaxMs=34.3 pumpAvgMs=33.3 pumpP95Ms=33.3 pumpMaxMs=33.3 queueDelayAvgMs=15.8 queueDelayP95Ms=16.5 queueDelayMaxMs=16.8 samePump=0 pumpBatchMax=1 queueDepthMax=3 frameMaxMs=16.7
[rubber-banding][main-thread-host-simulation] time=98.849 ticks=61 tickRate=61.0 avgMs=0.632 maxMs=2.389 fixedHz=60.0 maximumDeltaMs=333.3 focused=0
[rubber-banding][main-thread-pump] time=99.145 fps=61.0 frames=61 frameMaxMs=16.7 tcpAvgMs=0.003 tcpMaxMs=0.004 udpAvgMs=0.168 udpMaxMs=0.642 otherAvgMs=0.019 otherMaxMs=0.053 updateAvgMs=0.190 updateMaxMs=0.672
[rubber-banding][main-thread-snapshot] time=99.262 packets=31 characterRecords=31 bodyRecords=0 avgMs=0.008 maxMs=0.011
[rubber-banding][local-input] time=99.396 role=host entity=1 fps=60.0 updates=60 moveUpdates=0 fixedCalls=60 commands=60 blockedFixed=0 sampleMove=(0.00, 0.00) commandMove=(0,0) movementEnabled=True stunned=False controllerEnabled=True grounded=True position=(2.411, -1.128, 8.219) displacement=(0.000, 0.000, 0.000) travelCm=0.0 estimatedTick=5097 desiredTick=5102 desiredLead=5 actualLead=0 recordedTick=5097 resolvedTick=5096 lastPredictedTick=5097 unresolved=1 unresolvedPredictionCount=1 fixedHz=60.0 simulationHz=60 rttMs=33.3 batchesSent=2546 commandsSent=4914 sendFailures=0
[rubber-banding][host-input] time=99.465 interval=1.000 room=22 world=1 authority=1 entity=1 hostTick=5102 windowReceived=60 windowHeldFallback=0 windowNeutralFallback=0 pending=0 totalReceived=5102 totalHeldFallback=0 totalNeutralFallback=0 accepted=5102 stale=4918 duplicates=0 conflicts=0
[rubber-banding][udp-pump] time=99.646 frame=6269 focused=0 windowMs=1000.1 fps=60.0 packets=30 socketAvgMs=33.3 socketP95Ms=34.0 socketMaxMs=34.1 pumpAvgMs=33.3 pumpP95Ms=33.4 pumpMaxMs=33.4 queueDelayAvgMs=15.8 queueDelayP95Ms=16.5 queueDelayMaxMs=16.6 samePump=0 pumpBatchMax=1 queueDepthMax=3 frameMaxMs=16.7
[rubber-banding][main-thread-host-simulation] time=99.865 ticks=61 tickRate=61.0 avgMs=0.586 maxMs=1.065 fixedHz=60.0 maximumDeltaMs=333.3 focused=0
[rubber-banding][main-thread-pump] time=100.162 fps=61.0 frames=61 frameMaxMs=16.8 tcpAvgMs=0.003 tcpMaxMs=0.004 udpAvgMs=0.197 udpMaxMs=1.858 otherAvgMs=0.019 otherMaxMs=0.041 updateAvgMs=0.220 updateMaxMs=1.873
[rubber-banding][main-thread-snapshot] time=100.296 packets=31 characterRecords=31 bodyRecords=0 avgMs=0.008 maxMs=0.009
[rubber-banding][local-input] time=100.396 role=host entity=1 fps=60.0 updates=60 moveUpdates=0 fixedCalls=60 commands=60 blockedFixed=0 sampleMove=(0.00, 0.00) commandMove=(0,0) movementEnabled=True stunned=False controllerEnabled=True grounded=True position=(2.411, -1.128, 8.219) displacement=(0.000, 0.000, 0.000) travelCm=0.0 estimatedTick=5157 desiredTick=5162 desiredLead=5 actualLead=0 recordedTick=5157 resolvedTick=5156 lastPredictedTick=5157 unresolved=1 unresolvedPredictionCount=1 fixedHz=60.0 simulationHz=60 rttMs=33.3 batchesSent=2576 commandsSent=4974 sendFailures=0
[rubber-banding][host-input] time=100.465 interval=1.000 room=22 world=1 authority=1 entity=1 hostTick=5162 windowReceived=60 windowHeldFallback=0 windowNeutralFallback=0 pending=0 totalReceived=5162 totalHeldFallback=0 totalNeutralFallback=0 accepted=5162 stale=4978 duplicates=0 conflicts=0
[rubber-banding][udp-pump] time=100.646 frame=6329 focused=0 windowMs=1000.1 fps=60.0 packets=30 socketAvgMs=33.3 socketP95Ms=34.2 socketMaxMs=34.4 pumpAvgMs=33.3 pumpP95Ms=33.3 pumpMaxMs=33.4 queueDelayAvgMs=15.9 queueDelayP95Ms=16.8 queueDelayMaxMs=17.2 samePump=0 pumpBatchMax=1 queueDepthMax=3 frameMaxMs=16.7
[rubber-banding][main-thread-host-simulation] time=100.882 ticks=61 tickRate=61.0 avgMs=0.626 maxMs=1.109 fixedHz=60.0 maximumDeltaMs=333.3 focused=0
[rubber-banding][main-thread-pump] time=101.181 fps=60.9 frames=61 frameMaxMs=30.5 tcpAvgMs=0.003 tcpMaxMs=0.006 udpAvgMs=0.168 udpMaxMs=0.465 otherAvgMs=0.020 otherMaxMs=0.054 updateAvgMs=0.191 updateMaxMs=0.496
[rubber-banding][main-thread-snapshot] time=101.331 packets=31 characterRecords=31 bodyRecords=0 avgMs=0.008 maxMs=0.012
[rubber-banding][local-input] time=101.398 role=host entity=1 fps=59.9 updates=60 moveUpdates=0 fixedCalls=60 commands=60 blockedFixed=0 sampleMove=(0.00, 0.00) commandMove=(0,0) movementEnabled=True stunned=False controllerEnabled=True grounded=True position=(2.411, -1.128, 8.219) displacement=(0.000, 0.000, 0.000) travelCm=0.0 estimatedTick=5217 desiredTick=5222 desiredLead=5 actualLead=0 recordedTick=5217 resolvedTick=5216 lastPredictedTick=5217 unresolved=1 unresolvedPredictionCount=1 fixedHz=60.0 simulationHz=60 rttMs=33.3 batchesSent=2606 commandsSent=5034 sendFailures=0
[rubber-banding][host-input] time=101.465 interval=1.000 room=22 world=1 authority=1 entity=1 hostTick=5222 windowReceived=60 windowHeldFallback=0 windowNeutralFallback=0 pending=0 totalReceived=5222 totalHeldFallback=0 totalNeutralFallback=0 accepted=5222 stale=5038 duplicates=0 conflicts=0
[rubber-banding][udp-pump] time=101.648 frame=6389 focused=0 windowMs=1001.9 fps=59.9 packets=30 socketAvgMs=33.4 socketP95Ms=35.3 socketMaxMs=37.6 pumpAvgMs=33.4 pumpP95Ms=47.2 pumpMaxMs=50.5 queueDelayAvgMs=15.8 queueDelayP95Ms=17.0 queueDelayMaxMs=29.9 samePump=0 pumpBatchMax=1 queueDepthMax=3 frameMaxMs=30.5
[rubber-banding][main-thread-host-simulation] time=101.899 ticks=61 tickRate=61.0 avgMs=0.528 maxMs=1.998 fixedHz=60.0 maximumDeltaMs=333.3 focused=0
[rubber-banding][main-thread-pump] time=102.198 fps=61.0 frames=61 frameMaxMs=17.0 tcpAvgMs=0.003 tcpMaxMs=0.004 udpAvgMs=0.124 udpMaxMs=0.399 otherAvgMs=0.013 otherMaxMs=0.024 updateAvgMs=0.140 updateMaxMs=0.413
[rubber-banding][main-thread-snapshot] time=102.365 packets=31 characterRecords=31 bodyRecords=0 avgMs=0.006 maxMs=0.009
[rubber-banding][local-input] time=102.398 role=host entity=1 fps=60.0 updates=60 moveUpdates=0 fixedCalls=60 commands=60 blockedFixed=0 sampleMove=(0.00, 0.00) commandMove=(0,0) movementEnabled=True stunned=False controllerEnabled=True grounded=True position=(2.411, -1.128, 8.219) displacement=(0.000, 0.000, 0.000) travelCm=0.0 estimatedTick=5277 desiredTick=5282 desiredLead=5 actualLead=0 recordedTick=5277 resolvedTick=5276 lastPredictedTick=5277 unresolved=1 unresolvedPredictionCount=1 fixedHz=60.0 simulationHz=60 rttMs=33.3 batchesSent=2637 commandsSent=5083 sendFailures=0
[rubber-banding][host-input] time=102.465 interval=1.000 room=22 world=1 authority=1 entity=1 hostTick=5282 windowReceived=60 windowHeldFallback=0 windowNeutralFallback=0 pending=0 totalReceived=5282 totalHeldFallback=0 totalNeutralFallback=0 accepted=5282 stale=5084 duplicates=0 conflicts=0
[rubber-banding][udp-pump] time=102.648 frame=6449 focused=0 windowMs=1000.5 fps=60.0 packets=30 socketAvgMs=33.4 socketP95Ms=34.3 socketMaxMs=34.6 pumpAvgMs=33.4 pumpP95Ms=33.7 pumpMaxMs=50.0 queueDelayAvgMs=15.5 queueDelayP95Ms=16.7 queueDelayMaxMs=17.3 samePump=0 pumpBatchMax=1 queueDepthMax=3 frameMaxMs=16.8
[rubber-banding][main-thread-host-simulation] time=102.915 ticks=61 tickRate=61.0 avgMs=0.500 maxMs=1.030 fixedHz=60.0 maximumDeltaMs=333.3 focused=0
[rubber-banding][main-thread-pump] time=103.215 fps=61.0 frames=61 frameMaxMs=17.1 tcpAvgMs=0.003 tcpMaxMs=0.004 udpAvgMs=0.139 udpMaxMs=1.583 otherAvgMs=0.015 otherMaxMs=0.128 updateAvgMs=0.156 updateMaxMs=1.599
[rubber-banding][local-input] time=103.399 role=host entity=1 fps=60.0 updates=60 moveUpdates=0 fixedCalls=61 commands=61 blockedFixed=0 sampleMove=(0.00, 0.00) commandMove=(0,0) movementEnabled=True stunned=False controllerEnabled=True grounded=True position=(2.411, -1.128, 8.219) displacement=(0.000, 0.000, 0.000) travelCm=0.0 estimatedTick=5337 desiredTick=5342 desiredLead=5 actualLead=1 recordedTick=5338 resolvedTick=5336 lastPredictedTick=5338 unresolved=2 unresolvedPredictionCount=2 fixedHz=60.0 simulationHz=60 rttMs=33.3 batchesSent=2666 commandsSent=5129 sendFailures=0
[rubber-banding][main-thread-snapshot] time=103.415 packets=32 characterRecords=32 bodyRecords=0 avgMs=0.006 maxMs=0.009
[rubber-banding][host-input] time=103.465 interval=1.000 room=22 world=1 authority=1 entity=1 hostTick=5342 windowReceived=60 windowHeldFallback=0 windowNeutralFallback=0 pending=0 totalReceived=5342 totalHeldFallback=0 totalNeutralFallback=0 accepted=5342 stale=5131 duplicates=0 conflicts=0
[rubber-banding][udp-pump] time=103.649 frame=6509 focused=0 windowMs=1000.6 fps=60.0 packets=31 socketAvgMs=32.8 socketP95Ms=34.4 socketMaxMs=34.8 pumpAvgMs=32.8 pumpP95Ms=33.8 pumpMaxMs=50.0 queueDelayAvgMs=15.5 queueDelayP95Ms=16.8 queueDelayMaxMs=18.5 samePump=1 pumpBatchMax=2 queueDepthMax=2 frameMaxMs=17.1
[rubber-banding][main-thread-host-simulation] time=103.932 ticks=61 tickRate=61.0 avgMs=0.491 maxMs=0.867 fixedHz=60.0 maximumDeltaMs=333.3 focused=0
[rubber-banding][main-thread-pump] time=104.232 fps=61.0 frames=61 frameMaxMs=16.8 tcpAvgMs=0.003 tcpMaxMs=0.004 udpAvgMs=0.164 udpMaxMs=2.083 otherAvgMs=0.016 otherMaxMs=0.179 updateAvgMs=0.184 updateMaxMs=2.100
[rubber-banding][local-input] time=104.399 role=host entity=1 fps=60.0 updates=60 moveUpdates=0 fixedCalls=60 commands=60 blockedFixed=0 sampleMove=(0.00, 0.00) commandMove=(0,0) movementEnabled=True stunned=False controllerEnabled=True grounded=True position=(2.411, -1.128, 8.219) displacement=(0.000, 0.000, 0.000) travelCm=0.0 estimatedTick=5398 desiredTick=5403 desiredLead=5 actualLead=0 recordedTick=5398 resolvedTick=5396 lastPredictedTick=5398 unresolved=2 unresolvedPredictionCount=2 fixedHz=60.0 simulationHz=60 rttMs=33.3 batchesSent=2696 commandsSent=5189 sendFailures=0
[rubber-banding][main-thread-snapshot] time=104.449 packets=31 characterRecords=31 bodyRecords=0 avgMs=0.007 maxMs=0.009
[rubber-banding][host-input] time=104.465 interval=1.000 room=22 world=1 authority=1 entity=1 hostTick=5402 windowReceived=60 windowHeldFallback=0 windowNeutralFallback=0 pending=0 totalReceived=5402 totalHeldFallback=0 totalNeutralFallback=0 accepted=5402 stale=5191 duplicates=0 conflicts=0
[rubber-banding][udp-pump] time=104.649 frame=6569 focused=0 windowMs=1000.4 fps=60.0 packets=30 socketAvgMs=33.3 socketP95Ms=34.7 socketMaxMs=34.8 pumpAvgMs=33.3 pumpP95Ms=33.5 pumpMaxMs=33.5 queueDelayAvgMs=15.8 queueDelayP95Ms=16.6 queueDelayMaxMs=17.4 samePump=0 pumpBatchMax=1 queueDepthMax=3 frameMaxMs=16.7
[rubber-banding][main-thread-host-simulation] time=104.949 ticks=61 tickRate=61.0 avgMs=0.567 maxMs=1.677 fixedHz=60.0 maximumDeltaMs=333.3 focused=0
[rubber-banding][main-thread-pump] time=105.249 fps=61.0 frames=61 frameMaxMs=16.8 tcpAvgMs=0.003 tcpMaxMs=0.004 udpAvgMs=0.156 udpMaxMs=0.805 otherAvgMs=0.018 otherMaxMs=0.204 updateAvgMs=0.177 updateMaxMs=0.822
[rubber-banding][local-input] time=105.399 role=host entity=1 fps=60.0 updates=60 moveUpdates=0 fixedCalls=60 commands=60 blockedFixed=0 sampleMove=(0.00, 0.00) commandMove=(0,0) movementEnabled=True stunned=False controllerEnabled=True grounded=True position=(2.411, -1.128, 8.219) displacement=(0.000, 0.000, 0.000) travelCm=0.0 estimatedTick=5458 desiredTick=5463 desiredLead=5 actualLead=0 recordedTick=5458 resolvedTick=5456 lastPredictedTick=5458 unresolved=2 unresolvedPredictionCount=2 fixedHz=60.0 simulationHz=60 rttMs=33.3 batchesSent=2726 commandsSent=5249 sendFailures=0
[rubber-banding][host-input] time=105.465 interval=1.000 room=22 world=1 authority=1 entity=1 hostTick=5462 windowReceived=60 windowHeldFallback=0 windowNeutralFallback=0 pending=0 totalReceived=5462 totalHeldFallback=0 totalNeutralFallback=0 accepted=5462 stale=5251 duplicates=0 conflicts=0
[rubber-banding][main-thread-snapshot] time=105.483 packets=31 characterRecords=31 bodyRecords=0 avgMs=0.010 maxMs=0.108
[rubber-banding][udp-pump] time=105.649 frame=6629 focused=0 windowMs=1000.4 fps=60.0 packets=30 socketAvgMs=33.4 socketP95Ms=34.5 socketMaxMs=35.3 pumpAvgMs=33.3 pumpP95Ms=33.4 pumpMaxMs=33.6 queueDelayAvgMs=15.9 queueDelayP95Ms=17.0 queueDelayMaxMs=17.2 samePump=0 pumpBatchMax=1 queueDepthMax=3 frameMaxMs=16.7
[rubber-banding][main-thread-host-simulation] time=105.965 ticks=61 tickRate=61.0 avgMs=0.568 maxMs=2.118 fixedHz=60.0 maximumDeltaMs=333.3 focused=0
