Mono path[0] = 'C:/SSAFY/SPECIALIZED-PROJECT/Client/build/SSketch_Data/Managed'
Mono config path = 'C:/SSAFY/SPECIALIZED-PROJECT/Client/build/MonoBleedingEdge/etc'
Input System module state changed to: Initialized.
[Physics::Module] Initialized fallback backend.
[Physics::Module] Id: 0xdecafbad
Initialize engine version: 6000.3.22f1 (1c726e1fb402)
[Subsystems] Discovering subsystems at path C:/SSAFY/SPECIALIZED-PROJECT/Client/build/SSketch_Data/UnitySubsystems
[D3D12 Device Filter] Vendor Name: NVIDIA
[D3D12 Device Filter] Device Name: NVIDIA GeForce RTX 4060 Laptop GPU
[D3D12 Device Filter] Driver Version: 32.0.15.7216
[D3D12 Device Filter] Feature Level: 12.2
[D3D12 Device Filter] Graphics Memory: 7957 MB
[D3D12 Device Filter] Processor Count: 16
[D3D12 Device Filter] Device Type: Discrete
GfxDevice: creating device client; kGfxThreadingModeSplitJobs
d3d12: failed to query info queue interface (0x80004002).
Direct3D:
    Version:         Direct3D 12 [level 12.2]
    Renderer:        NVIDIA GeForce RTX 4060 Laptop GPU (ID=0x28a0)
    Vendor:          NVIDIA
    VRAM:            7957 MB
    App VRAM Budget: 7189 MB
    Driver:          32.0.15.7216
Begin MonoManager ReloadAssembly
- Loaded All Assemblies, in  7.530 seconds
- Finished resetting the current domain, in  0.002 seconds
[Physics::Module] Selected backend.
[Physics::Module] Name: PhysX
[Physics::Module] Id: 0xf2b8ea05
[Physics::Module] SDK Version: 4.1.2
[Physics::Module] Integration Version: 1.0.0
[Physics::Module] Threading Mode: Multi-Threaded
<RI> Initializing input.
Using Windows.Gaming.Input
UnloadTime: 0.382100 ms
Unloading 6 Unused Serialized files (Serialized files now loaded: 0)
UnloadTime: 4.137800 ms
Unloading 361 unused Assets to reduce memory usage. Loaded Objects now: 12323.
Total: 2.145800 ms (FindLiveObjects: 0.307300 ms CreateObjectMapping: 0.169500 ms MarkObjects: 1.586600 ms  DeleteObjects: 0.082200 ms)

Unloading 4 Unused Serialized files (Serialized files now loaded: 0)
UnloadTime: 0.648200 ms
Unloading 118 unused Assets to reduce memory usage. Loaded Objects now: 44213.
Total: 6.230600 ms (FindLiveObjects: 1.013200 ms CreateObjectMapping: 1.031300 ms MarkObjects: 4.088300 ms  DeleteObjects: 0.097400 ms)

[rubber-banding][local-input] time=11.434 frame=4291 focused=1 host=1 room=27 world=1 authority=1 entity=1 windowMs=1013.9 updates=48 fixedCalls=47 commands=0 predictionSteps=0 noCommandUpdates=48 estimatedHostTick=47 nextInputTick=50 lastRecordedTick=47 lastResolvedTick=46 nextLead=3 recordedLead=0 unresolved=1 clamped=0 clampedTotal=0 batchesSent=22 commandsSent=43 sendFailures=0 move=(0.00,0.00) jump=0
[rubber-banding][host-simulation] time=11.535 frame=4297 focused=1 room=27 world=1 authority=1 windowMs=1005.7 updates=54 updateHz=53.7 fixedCalls=53 fixedHz=52.7 steps=53 stepHz=52.7 maxFrameMs=179.5 nextHostTick=54 lastCompletedTick=53 actors=1
[rubber-banding][host-input-summary] time=11.535 frame=4297 room=27 world=1 authority=1 entity=1 windowMs=1005.7 summaryValid=1 partial=0 partialReason=none accepted=53 duplicate=0 stale=51 conflict=0 invalid=0 capacityRejected=0 receivedResolved=53 heldFallback=0 neutralFallback=0 pending=0 lastResolvedTick=53 firstArrivals=0 firstAccepted=0 firstStale=0 firstOtherRejected=0 firstEdgeCommands=0 insertSlackNonPositive=0 insertSlackOne=0 insertSlackMin=0 insertSlackMax=0 queuedBeforeResolveStale=0 hostQueueWaitAvgMs=0.000 hostQueueWaitMaxMs=0.000 maxFallbackRun=0 movingNeutralTicks=0
[rubber-banding][host-local-pre-tick] time=11.535 frame=4297 room=27 world=1 authority=1 entity=1 windowMs=1005.7 eligibleSteps=53 preparedTicks=53 localFirstSubmitStale=0 heldMismatchTicks=0 avoidableNeutral=0
[rubber-banding][host-input-pre-tick-pump] time=11.535 frame=4297 room=27 world=1 authority=1 windowMs=1005.7 batches=25 commands=51 detailOutput=0 pumpCalls=53 nonEmptyPumpCalls=24 pumpTotalElapsedMs=1.859 nonEmptyPumpTotalElapsedMs=1.834 budgetExhausted=0 maximumRemaining=0 maximumQueueWaitMs=15.841 pumpMaxElapsedMs=1.389 oldestRemainingWaitMs=0.000
[rubber-banding][local-input] time=12.434 frame=4351 focused=1 host=1 room=27 world=1 authority=1 entity=1 windowMs=1000.5 updates=60 fixedCalls=60 commands=0 predictionSteps=0 noCommandUpdates=60 estimatedHostTick=107 nextInputTick=110 lastRecordedTick=107 lastResolvedTick=104 nextLead=3 recordedLead=0 unresolved=3 clamped=0 clampedTotal=0 batchesSent=53 commandsSent=115 sendFailures=0 move=(0.00,0.00) jump=0
[rubber-banding][host-simulation] time=12.535 frame=4357 focused=1 room=27 world=1 authority=1 windowMs=1000.5 updates=60 updateHz=60.0 fixedCalls=60 fixedHz=60.0 steps=60 stepHz=60.0 maxFrameMs=16.8 nextHostTick=114 lastCompletedTick=113 actors=1
[rubber-banding][host-input-summary] time=12.535 frame=4357 room=27 world=1 authority=1 entity=1 windowMs=1000.5 summaryValid=1 partial=0 partialReason=none accepted=60 duplicate=0 stale=68 conflict=0 invalid=0 capacityRejected=0 receivedResolved=60 heldFallback=0 neutralFallback=0 pending=0 lastResolvedTick=113 firstArrivals=0 firstAccepted=0 firstStale=0 firstOtherRejected=0 firstEdgeCommands=0 insertSlackNonPositive=0 insertSlackOne=0 insertSlackMin=0 insertSlackMax=0 queuedBeforeResolveStale=0 hostQueueWaitAvgMs=0.000 hostQueueWaitMaxMs=0.000 maxFallbackRun=0 movingNeutralTicks=0
[rubber-banding][host-local-pre-tick] time=12.535 frame=4357 room=27 world=1 authority=1 entity=1 windowMs=1000.5 eligibleSteps=60 preparedTicks=60 localFirstSubmitStale=0 heldMismatchTicks=0 avoidableNeutral=0
[rubber-banding][host-input-pre-tick-pump] time=12.535 frame=4357 room=27 world=1 authority=1 windowMs=1000.5 batches=30 commands=68 detailOutput=0 pumpCalls=60 nonEmptyPumpCalls=23 pumpTotalElapsedMs=0.535 nonEmptyPumpTotalElapsedMs=0.504 budgetExhausted=0 maximumRemaining=0 maximumQueueWaitMs=16.368 pumpMaxElapsedMs=0.050 oldestRemainingWaitMs=0.000
[rubber-banding][local-input] time=13.436 frame=4411 focused=1 host=1 room=27 world=1 authority=1 entity=1 windowMs=1001.1 updates=60 fixedCalls=60 commands=0 predictionSteps=0 noCommandUpdates=60 estimatedHostTick=167 nextInputTick=171 lastRecordedTick=167 lastResolvedTick=166 nextLead=4 recordedLead=0 unresolved=1 clamped=0 clampedTotal=0 batchesSent=83 commandsSent=167 sendFailures=0 move=(0.00,0.00) jump=0
[rubber-banding][host-simulation] time=13.536 frame=4417 focused=1 room=27 world=1 authority=1 windowMs=1001.2 updates=60 updateHz=59.9 fixedCalls=60 fixedHz=59.9 steps=60 stepHz=59.9 maxFrameMs=17.2 nextHostTick=174 lastCompletedTick=173 actors=1
[rubber-banding][host-input-summary] time=13.536 frame=4417 room=27 world=1 authority=1 entity=1 windowMs=1001.2 summaryValid=1 partial=0 partialReason=none accepted=60 duplicate=0 stale=50 conflict=0 invalid=0 capacityRejected=0 receivedResolved=60 heldFallback=0 neutralFallback=0 pending=0 lastResolvedTick=173 firstArrivals=0 firstAccepted=0 firstStale=0 firstOtherRejected=0 firstEdgeCommands=0 insertSlackNonPositive=0 insertSlackOne=0 insertSlackMin=0 insertSlackMax=0 queuedBeforeResolveStale=0 hostQueueWaitAvgMs=0.000 hostQueueWaitMaxMs=0.000 maxFallbackRun=0 movingNeutralTicks=0
[rubber-banding][host-local-pre-tick] time=13.536 frame=4417 room=27 world=1 authority=1 entity=1 windowMs=1001.2 eligibleSteps=60 preparedTicks=60 localFirstSubmitStale=0 heldMismatchTicks=0 avoidableNeutral=0
[rubber-banding][host-input-pre-tick-pump] time=13.536 frame=4417 room=27 world=1 authority=1 windowMs=1001.2 batches=30 commands=50 detailOutput=0 pumpCalls=60 nonEmptyPumpCalls=28 pumpTotalElapsedMs=0.580 nonEmptyPumpTotalElapsedMs=0.547 budgetExhausted=0 maximumRemaining=0 maximumQueueWaitMs=16.054 pumpMaxElapsedMs=0.026 oldestRemainingWaitMs=0.000
[Room] 방을 벗어났습니다 — roomId=27 reason=SelfLeave
[rubber-banding][host-input-summary-reset] time=13.908 frame=4439 room=27 world=1 authority=1 entity=1 reason=actor-removed summaryValid=0 partial=1 discardedFirstArrivals=0
Unloading 4 Unused Serialized files (Serialized files now loaded: 0)
UnloadTime: 6.222800 ms
Unloading 364 unused Assets to reduce memory usage. Loaded Objects now: 45063.
Total: 7.344200 ms (FindLiveObjects: 0.980100 ms CreateObjectMapping: 0.892100 ms MarkObjects: 5.324600 ms  DeleteObjects: 0.147000 ms)

Scene transition is already running. Ignored: Start
Unloading 3 Unused Serialized files (Serialized files now loaded: 0)
UnloadTime: 0.430000 ms
Unloading 6 unused Assets to reduce memory usage. Loaded Objects now: 45862.
Total: 8.314500 ms (FindLiveObjects: 0.993600 ms CreateObjectMapping: 0.949800 ms MarkObjects: 6.311500 ms  DeleteObjects: 0.059300 ms)

Unloading 3 Unused Serialized files (Serialized files now loaded: 0)
UnloadTime: 1.278500 ms
Unloading 349 unused Assets to reduce memory usage. Loaded Objects now: 45613.
Total: 8.079400 ms (FindLiveObjects: 1.297300 ms CreateObjectMapping: 1.122100 ms MarkObjects: 5.515600 ms  DeleteObjects: 0.144200 ms)

Unloading 4 Unused Serialized files (Serialized files now loaded: 0)
UnloadTime: 0.663200 ms
Unloading 114 unused Assets to reduce memory usage. Loaded Objects now: 44669.
Total: 7.411100 ms (FindLiveObjects: 0.924000 ms CreateObjectMapping: 0.826800 ms MarkObjects: 5.542200 ms  DeleteObjects: 0.117800 ms)

[rubber-banding][local-input] time=223.697 frame=129986 focused=1 host=0 room=28 world=2 authority=2 entity=2 windowMs=1003.2 updates=234 fixedCalls=49 commands=59 predictionSteps=59 noCommandUpdates=175 estimatedHostTick=62 nextInputTick=65 lastRecordedTick=66 lastResolvedTick=60 nextLead=3 recordedLead=4 unresolved=6 clamped=0 clampedTotal=0 batchesSent=127 commandsSent=372 sendFailures=0 move=(0.00,0.00) jump=0
[rubber-banding][remote-render] time=223.729 frame=129994 entity=1 latestHostTick=62 buffer=8 windowMs=1005.1 fps=238.8 snapshots=30 arrivalSamples=29 arrivalAvgMs=33.3 arrivalP95Ms=38.6 arrivalMaxMs=39.3 sameArrival=0 tickGapMax=2 renderFrames=240 interpolation=240 extrapolation=0 extrapolationCapped=0 extrapolationMaxMs=0.0 oldestHeld=7 zeroSpan=0 movingFrozen=0 teleport=0 visualStepAvgCm=0.00 visualStepMaxCm=0.00 estimatedHostTick=64 renderTick=59.465 latestSnapshotTick=62.000 renderMinusLatestTicks=-2.535 estimatedMinusLatestTicks=2.000 sampleT=0.733
[rubber-banding][local-input] time=224.699 frame=130232 focused=1 host=0 room=28 world=2 authority=2 entity=2 windowMs=1001.9 updates=246 fixedCalls=50 commands=58 predictionSteps=58 noCommandUpdates=188 estimatedHostTick=121 nextInputTick=124 lastRecordedTick=124 lastResolvedTick=120 nextLead=3 recordedLead=3 unresolved=4 clamped=0 clampedTotal=0 batchesSent=157 commandsSent=505 sendFailures=0 move=(0.11,0.99) jump=0
[rubber-banding][remote-render] time=224.732 frame=130241 entity=1 latestHostTick=122 buffer=8 windowMs=1003.2 fps=246.2 snapshots=30 arrivalSamples=30 arrivalAvgMs=33.5 arrivalP95Ms=37.7 arrivalMaxMs=39.7 sameArrival=0 tickGapMax=2 renderFrames=247 interpolation=247 extrapolation=0 extrapolationCapped=0 extrapolationMaxMs=0.0 oldestHeld=0 zeroSpan=0 movingFrozen=0 teleport=0 visualStepAvgCm=0.00 visualStepMaxCm=0.00 estimatedHostTick=123 renderTick=119.454 latestSnapshotTick=122.000 renderMinusLatestTicks=-2.546 estimatedMinusLatestTicks=1.000 sampleT=0.727
[rubber-banding][local-input] time=225.705 frame=130498 focused=1 host=0 room=28 world=2 authority=2 entity=2 windowMs=1005.9 updates=266 fixedCalls=50 commands=61 predictionSteps=61 noCommandUpdates=205 estimatedHostTick=182 nextInputTick=185 lastRecordedTick=185 lastResolvedTick=180 nextLead=3 recordedLead=3 unresolved=5 clamped=0 clampedTotal=0 batchesSent=187 commandsSent=625 sendFailures=0 move=(0.00,0.00) jump=0
[rubber-banding][remote-render] time=225.736 frame=130506 entity=1 latestHostTick=182 buffer=8 windowMs=1004.1 fps=263.9 snapshots=30 arrivalSamples=30 arrivalAvgMs=33.4 arrivalP95Ms=39.5 arrivalMaxMs=40.1 sameArrival=0 tickGapMax=2 renderFrames=265 interpolation=265 extrapolation=0 extrapolationCapped=0 extrapolationMaxMs=0.0 oldestHeld=0 zeroSpan=0 movingFrozen=0 teleport=0 visualStepAvgCm=0.00 visualStepMaxCm=0.00 estimatedHostTick=183 renderTick=179.184 latestSnapshotTick=182.000 renderMinusLatestTicks=-2.816 estimatedMinusLatestTicks=1.000 sampleT=0.592
[rubber-banding][local-input] time=226.707 frame=130758 focused=1 host=0 room=28 world=2 authority=2 entity=2 windowMs=1002.5 updates=260 fixedCalls=50 commands=61 predictionSteps=61 noCommandUpdates=199 estimatedHostTick=243 nextInputTick=246 lastRecordedTick=246 lastResolvedTick=242 nextLead=3 recordedLead=3 unresolved=4 clamped=0 clampedTotal=0 batchesSent=217 commandsSent=722 sendFailures=0 move=(0.00,0.00) jump=0
[rubber-banding][remote-render] time=226.739 frame=130766 entity=1 latestHostTick=244 buffer=8 windowMs=1003.1 fps=259.2 snapshots=31 arrivalSamples=31 arrivalAvgMs=32.7 arrivalP95Ms=37.8 arrivalMaxMs=38.8 sameArrival=0 tickGapMax=2 renderFrames=260 interpolation=260 extrapolation=0 extrapolationCapped=0 extrapolationMaxMs=0.0 oldestHeld=0 zeroSpan=0 movingFrozen=0 teleport=0 visualStepAvgCm=0.00 visualStepMaxCm=0.00 estimatedHostTick=245 renderTick=239.374 latestSnapshotTick=244.000 renderMinusLatestTicks=-4.626 estimatedMinusLatestTicks=1.000 sampleT=0.687
[rubber-banding][local-input] time=227.709 frame=131041 focused=1 host=0 room=28 world=2 authority=2 entity=2 windowMs=1001.4 updates=283 fixedCalls=50 commands=60 predictionSteps=60 noCommandUpdates=223 estimatedHostTick=303 nextInputTick=306 lastRecordedTick=306 lastResolvedTick=302 nextLead=3 recordedLead=3 unresolved=4 clamped=0 clampedTotal=0 batchesSent=247 commandsSent=812 sendFailures=0 move=(0.00,0.00) jump=0
[rubber-banding][remote-render] time=227.740 frame=131050 entity=1 latestHostTick=304 buffer=8 windowMs=1000.8 fps=283.8 snapshots=30 arrivalSamples=30 arrivalAvgMs=33.3 arrivalP95Ms=37.3 arrivalMaxMs=37.5 sameArrival=0 tickGapMax=2 renderFrames=284 interpolation=284 extrapolation=0 extrapolationCapped=0 extrapolationMaxMs=0.0 oldestHeld=0 zeroSpan=0 movingFrozen=0 teleport=0 visualStepAvgCm=0.00 visualStepMaxCm=0.00 estimatedHostTick=305 renderTick=299.667 latestSnapshotTick=304.000 renderMinusLatestTicks=-4.333 estimatedMinusLatestTicks=1.000 sampleT=0.833
Unloading 4 Unused Serialized files (Serialized files now loaded: 0)
UnloadTime: 2.188300 ms
Unloading 362 unused Assets to reduce memory usage. Loaded Objects now: 45151.
Total: 8.497600 ms (FindLiveObjects: 1.012700 ms CreateObjectMapping: 0.851500 ms MarkObjects: 6.468000 ms  DeleteObjects: 0.164900 ms)

Unloading 5 Unused Serialized files (Serialized files now loaded: 0)
UnloadTime: 0.468600 ms
Unloading 21 unused Assets to reduce memory usage. Loaded Objects now: 88096.
Total: 13.277100 ms (FindLiveObjects: 3.328400 ms CreateObjectMapping: 1.839100 ms MarkObjects: 7.997900 ms  DeleteObjects: 0.111500 ms)

[rubber-banding][local-input] time=230.236 frame=131401 focused=1 host=0 room=28 world=3 authority=3 entity=2 windowMs=1394.1 updates=1 fixedCalls=0 commands=1 predictionSteps=1 noCommandUpdates=0 estimatedHostTick=1 nextInputTick=3 lastRecordedTick=19 lastResolvedTick=18 nextLead=2 recordedLead=18 unresolved=1 clamped=1 clampedTotal=1 batchesSent=276 commandsSent=897 sendFailures=0 move=(0.00,0.00) jump=0
[rubber-banding][remote-render] time=230.236 frame=131401 entity=1 latestHostTick=18 buffer=8 windowMs=1394.1 fps=0.7 snapshots=8 arrivalSamples=7 arrivalAvgMs=0.0 arrivalP95Ms=0.0 arrivalMaxMs=0.0 sameArrival=7 tickGapMax=2 renderFrames=1 interpolation=1 extrapolation=0 extrapolationCapped=0 extrapolationMaxMs=0.0 oldestHeld=1 zeroSpan=0 movingFrozen=0 teleport=0 visualStepAvgCm=0.00 visualStepMaxCm=0.00 estimatedHostTick=1 renderTick=-3.800 latestSnapshotTick=18.000 renderMinusLatestTicks=-21.800 estimatedMinusLatestTicks=-17.000 sampleT=0.000
[rubber-banding][local-input] time=231.242 frame=131554 focused=1 host=0 room=28 world=3 authority=3 entity=2 windowMs=1005.6 updates=153 fixedCalls=49 commands=62 predictionSteps=62 noCommandUpdates=98 estimatedHostTick=79 nextInputTick=82 lastRecordedTick=82 lastResolvedTick=78 nextLead=3 recordedLead=3 unresolved=4 clamped=0 clampedTotal=1 batchesSent=304 commandsSent=1017 sendFailures=0 move=(1.00,0.00) jump=0
[rubber-banding][remote-render] time=231.242 frame=131554 entity=1 latestHostTick=78 buffer=8 windowMs=1005.6 fps=152.1 snapshots=30 arrivalSamples=30 arrivalAvgMs=33.2 arrivalP95Ms=46.1 arrivalMaxMs=46.2 sameArrival=0 tickGapMax=2 renderFrames=153 interpolation=153 extrapolation=0 extrapolationCapped=0 extrapolationMaxMs=0.0 oldestHeld=153 zeroSpan=0 movingFrozen=0 teleport=0 visualStepAvgCm=0.00 visualStepMaxCm=0.00 estimatedHostTick=79 renderTick=58.549 latestSnapshotTick=78.000 renderMinusLatestTicks=-19.451 estimatedMinusLatestTicks=1.000 sampleT=0.000
[rubber-banding][guest-local-edge] time=231.791 room=28 world=3 authority=3 entity=2 eventId=1 kind=Jump stage=Captured relatedEventId=0 inputTick=0 pressed=None createdAt=-1.000000 firstSendRequestedAt=-1.000000 firstSendDelayMs=-1.000 desiredTick=0 assignedTick=0 lastResolvedAtCreate=0 estimatedHostTickAtCreate=0 clampReason=None
[rubber-banding][guest-local-edge] time=231.802 room=28 world=3 authority=3 entity=2 eventId=1 kind=Jump stage=Attached relatedEventId=0 inputTick=115 pressed=Jump createdAt=231.800700 firstSendRequestedAt=-1.000000 firstSendDelayMs=-1.000 desiredTick=115 assignedTick=115 lastResolvedAtCreate=112 estimatedHostTickAtCreate=112 clampReason=None
[rubber-banding][guest-local-edge] time=231.803 room=28 world=3 authority=3 entity=2 eventId=1 kind=Jump stage=FirstSendRequested relatedEventId=0 inputTick=115 pressed=Jump createdAt=231.800700 firstSendRequestedAt=231.800700 firstSendDelayMs=0.000 desiredTick=115 assignedTick=115 lastResolvedAtCreate=112 estimatedHostTickAtCreate=112 clampReason=None
[rubber-banding][local-input] time=232.245 frame=131748 focused=1 host=0 room=28 world=3 authority=3 entity=2 windowMs=1003.5 updates=194 fixedCalls=51 commands=59 predictionSteps=59 noCommandUpdates=135 estimatedHostTick=138 nextInputTick=141 lastRecordedTick=141 lastResolvedTick=138 nextLead=3 recordedLead=3 unresolved=3 clamped=0 clampedTotal=1 batchesSent=335 commandsSent=1140 sendFailures=0 move=(0.00,-1.00) jump=0
[rubber-banding][remote-render] time=232.245 frame=131748 entity=1 latestHostTick=138 buffer=8 windowMs=1003.5 fps=193.3 snapshots=30 arrivalSamples=30 arrivalAvgMs=33.3 arrivalP95Ms=38.3 arrivalMaxMs=45.3 sameArrival=0 tickGapMax=2 renderFrames=194 interpolation=194 extrapolation=0 extrapolationCapped=0 extrapolationMaxMs=0.0 oldestHeld=194 zeroSpan=0 movingFrozen=0 teleport=0 visualStepAvgCm=0.00 visualStepMaxCm=0.00 estimatedHostTick=138 renderTick=120.767 latestSnapshotTick=138.000 renderMinusLatestTicks=-17.233 estimatedMinusLatestTicks=0.000 sampleT=0.000
[rubber-banding][guest-local-edge] time=232.555 room=28 world=3 authority=3 entity=2 eventId=2 kind=Jump stage=Captured relatedEventId=0 inputTick=0 pressed=None createdAt=-1.000000 firstSendRequestedAt=-1.000000 firstSendDelayMs=-1.000 desiredTick=0 assignedTick=0 lastResolvedAtCreate=0 estimatedHostTickAtCreate=0 clampReason=None
[rubber-banding][guest-local-edge] time=232.558 room=28 world=3 authority=3 entity=2 eventId=2 kind=Jump stage=Attached relatedEventId=0 inputTick=161 pressed=Jump createdAt=232.557500 firstSendRequestedAt=-1.000000 firstSendDelayMs=-1.000 desiredTick=161 assignedTick=161 lastResolvedAtCreate=156 estimatedHostTickAtCreate=158 clampReason=None
[rubber-banding][guest-local-edge] time=232.558 room=28 world=3 authority=3 entity=2 eventId=2 kind=Jump stage=FirstSendRequested relatedEventId=0 inputTick=161 pressed=Jump createdAt=232.557500 firstSendRequestedAt=232.557500 firstSendDelayMs=0.000 desiredTick=161 assignedTick=161 lastResolvedAtCreate=156 estimatedHostTickAtCreate=158 clampReason=None
[rubber-banding][local-input] time=233.250 frame=131950 focused=1 host=0 room=28 world=3 authority=3 entity=2 windowMs=1004.7 updates=202 fixedCalls=50 commands=61 predictionSteps=61 noCommandUpdates=141 estimatedHostTick=199 nextInputTick=202 lastRecordedTick=202 lastResolvedTick=198 nextLead=3 recordedLead=3 unresolved=4 clamped=0 clampedTotal=1 batchesSent=367 commandsSent=1269 sendFailures=0 move=(0.00,-1.00) jump=0
[rubber-banding][remote-render] time=233.250 frame=131950 entity=1 latestHostTick=198 buffer=8 windowMs=1004.7 fps=201.1 snapshots=30 arrivalSamples=30 arrivalAvgMs=33.5 arrivalP95Ms=39.1 arrivalMaxMs=39.5 sameArrival=0 tickGapMax=2 renderFrames=202 interpolation=202 extrapolation=0 extrapolationCapped=0 extrapolationMaxMs=0.0 oldestHeld=202 zeroSpan=0 movingFrozen=0 teleport=0 visualStepAvgCm=0.00 visualStepMaxCm=0.00 estimatedHostTick=199 renderTick=183.057 latestSnapshotTick=198.000 renderMinusLatestTicks=-14.943 estimatedMinusLatestTicks=1.000 sampleT=0.000
[rubber-banding][guest-local-edge] time=234.097 room=28 world=3 authority=3 entity=2 eventId=3 kind=Jump stage=Captured relatedEventId=0 inputTick=0 pressed=None createdAt=-1.000000 firstSendRequestedAt=-1.000000 firstSendDelayMs=-1.000 desiredTick=0 assignedTick=0 lastResolvedAtCreate=0 estimatedHostTickAtCreate=0 clampReason=None
[rubber-banding][guest-local-edge] time=234.114 room=28 world=3 authority=3 entity=2 eventId=3 kind=Jump stage=Attached relatedEventId=0 inputTick=254 pressed=Jump createdAt=234.113700 firstSendRequestedAt=-1.000000 firstSendDelayMs=-1.000 desiredTick=254 assignedTick=254 lastResolvedAtCreate=250 estimatedHostTickAtCreate=251 clampReason=None
[rubber-banding][guest-local-edge] time=234.114 room=28 world=3 authority=3 entity=2 eventId=3 kind=Jump stage=FirstSendRequested relatedEventId=0 inputTick=254 pressed=Jump createdAt=234.113700 firstSendRequestedAt=234.113700 firstSendDelayMs=0.000 desiredTick=254 assignedTick=254 lastResolvedAtCreate=250 estimatedHostTickAtCreate=251 clampReason=None
[rubber-banding][local-input] time=234.251 frame=132143 focused=1 host=0 room=28 world=3 authority=3 entity=2 windowMs=1001.4 updates=193 fixedCalls=50 commands=60 predictionSteps=60 noCommandUpdates=133 estimatedHostTick=259 nextInputTick=262 lastRecordedTick=262 lastResolvedTick=258 nextLead=3 recordedLead=3 unresolved=4 clamped=0 clampedTotal=1 batchesSent=398 commandsSent=1393 sendFailures=0 move=(0.00,-1.00) jump=0
[rubber-banding][remote-render] time=234.251 frame=132143 entity=1 latestHostTick=258 buffer=8 windowMs=1001.4 fps=192.7 snapshots=30 arrivalSamples=30 arrivalAvgMs=33.2 arrivalP95Ms=38.3 arrivalMaxMs=39.7 sameArrival=0 tickGapMax=2 renderFrames=193 interpolation=193 extrapolation=0 extrapolationCapped=0 extrapolationMaxMs=0.0 oldestHeld=105 zeroSpan=0 movingFrozen=0 teleport=0 visualStepAvgCm=0.00 visualStepMaxCm=0.00 estimatedHostTick=259 renderTick=245.142 latestSnapshotTick=258.000 renderMinusLatestTicks=-12.858 estimatedMinusLatestTicks=1.000 sampleT=0.571
[rubber-banding][local-input] time=235.256 frame=132333 focused=1 host=0 room=28 world=3 authority=3 entity=2 windowMs=1004.3 updates=190 fixedCalls=50 commands=60 predictionSteps=60 noCommandUpdates=130 estimatedHostTick=319 nextInputTick=322 lastRecordedTick=322 lastResolvedTick=318 nextLead=3 recordedLead=3 unresolved=4 clamped=0 clampedTotal=1 batchesSent=428 commandsSent=1513 sendFailures=0 move=(0.71,0.71) jump=0
[rubber-banding][remote-render] time=235.256 frame=132333 entity=1 latestHostTick=318 buffer=8 windowMs=1004.3 fps=189.2 snapshots=30 arrivalSamples=30 arrivalAvgMs=33.5 arrivalP95Ms=38.6 arrivalMaxMs=38.7 sameArrival=0 tickGapMax=2 renderFrames=190 interpolation=190 extrapolation=0 extrapolationCapped=0 extrapolationMaxMs=0.0 oldestHeld=0 zeroSpan=0 movingFrozen=0 teleport=0 visualStepAvgCm=0.00 visualStepMaxCm=0.00 estimatedHostTick=319 renderTick=307.409 latestSnapshotTick=318.000 renderMinusLatestTicks=-10.591 estimatedMinusLatestTicks=1.000 sampleT=0.705
[rubber-banding][guest-local-edge] time=236.089 room=28 world=3 authority=3 entity=2 eventId=4 kind=Jump stage=Captured relatedEventId=0 inputTick=0 pressed=None createdAt=-1.000000 firstSendRequestedAt=-1.000000 firstSendDelayMs=-1.000 desiredTick=0 assignedTick=0 lastResolvedAtCreate=0 estimatedHostTickAtCreate=0 clampReason=None
[rubber-banding][guest-local-edge] time=236.099 room=28 world=3 authority=3 entity=2 eventId=4 kind=Jump stage=Attached relatedEventId=0 inputTick=373 pressed=Jump createdAt=236.099000 firstSendRequestedAt=-1.000000 firstSendDelayMs=-1.000 desiredTick=373 assignedTick=373 lastResolvedAtCreate=370 estimatedHostTickAtCreate=370 clampReason=None
[rubber-banding][guest-local-edge] time=236.100 room=28 world=3 authority=3 entity=2 eventId=4 kind=Jump stage=FirstSendRequested relatedEventId=0 inputTick=373 pressed=Jump createdAt=236.099000 firstSendRequestedAt=236.099000 firstSendDelayMs=0.000 desiredTick=373 assignedTick=373 lastResolvedAtCreate=370 estimatedHostTickAtCreate=370 clampReason=None
[rubber-banding][local-input] time=236.256 frame=132518 focused=1 host=0 room=28 world=3 authority=3 entity=2 windowMs=1000.2 updates=185 fixedCalls=50 commands=60 predictionSteps=60 noCommandUpdates=125 estimatedHostTick=379 nextInputTick=382 lastRecordedTick=382 lastResolvedTick=380 nextLead=3 recordedLead=3 unresolved=2 clamped=0 clampedTotal=1 batchesSent=459 commandsSent=1590 sendFailures=0 move=(-1.00,0.00) jump=0
[rubber-banding][remote-render] time=236.256 frame=132518 entity=1 latestHostTick=380 buffer=8 windowMs=1000.2 fps=185.0 snapshots=31 arrivalSamples=31 arrivalAvgMs=32.7 arrivalP95Ms=37.9 arrivalMaxMs=38.3 sameArrival=0 tickGapMax=2 renderFrames=185 interpolation=185 extrapolation=0 extrapolationCapped=0 extrapolationMaxMs=0.0 oldestHeld=0 zeroSpan=0 movingFrozen=0 teleport=0 visualStepAvgCm=0.00 visualStepMaxCm=0.00 estimatedHostTick=379 renderTick=369.421 latestSnapshotTick=380.000 renderMinusLatestTicks=-10.579 estimatedMinusLatestTicks=-1.000 sampleT=0.711
[rubber-banding][local-input] time=237.259 frame=132707 focused=1 host=0 room=28 world=3 authority=3 entity=2 windowMs=1003.6 updates=189 fixedCalls=50 commands=61 predictionSteps=61 noCommandUpdates=129 estimatedHostTick=440 nextInputTick=443 lastRecordedTick=443 lastResolvedTick=440 nextLead=3 recordedLead=3 unresolved=3 clamped=0 clampedTotal=1 batchesSent=489 commandsSent=1684 sendFailures=0 move=(1.00,0.00) jump=0
[rubber-banding][remote-render] time=237.259 frame=132707 entity=1 latestHostTick=440 buffer=8 windowMs=1003.6 fps=188.3 snapshots=30 arrivalSamples=30 arrivalAvgMs=33.4 arrivalP95Ms=39.0 arrivalMaxMs=41.3 sameArrival=0 tickGapMax=2 renderFrames=189 interpolation=189 extrapolation=0 extrapolationCapped=0 extrapolationMaxMs=0.0 oldestHeld=0 zeroSpan=0 movingFrozen=0 teleport=0 visualStepAvgCm=0.00 visualStepMaxCm=0.00 estimatedHostTick=440 renderTick=431.645 latestSnapshotTick=440.000 renderMinusLatestTicks=-8.355 estimatedMinusLatestTicks=0.000 sampleT=0.822
[rubber-banding][local-input] time=238.265 frame=132900 focused=1 host=0 room=28 world=3 authority=3 entity=2 windowMs=1005.9 updates=193 fixedCalls=51 commands=61 predictionSteps=61 noCommandUpdates=132 estimatedHostTick=501 nextInputTick=504 lastRecordedTick=504 lastResolvedTick=500 nextLead=3 recordedLead=3 unresolved=4 clamped=0 clampedTotal=1 batchesSent=519 commandsSent=1774 sendFailures=0 move=(0.71,0.71) jump=0
[rubber-banding][remote-render] time=238.265 frame=132900 entity=1 latestHostTick=500 buffer=8 windowMs=1005.9 fps=191.9 snapshots=30 arrivalSamples=30 arrivalAvgMs=33.5 arrivalP95Ms=38.1 arrivalMaxMs=38.3 sameArrival=0 tickGapMax=2 renderFrames=193 interpolation=193 extrapolation=0 extrapolationCapped=0 extrapolationMaxMs=0.0 oldestHeld=0 zeroSpan=0 movingFrozen=0 teleport=0 visualStepAvgCm=0.00 visualStepMaxCm=0.00 estimatedHostTick=501 renderTick=494.012 latestSnapshotTick=500.000 renderMinusLatestTicks=-5.988 estimatedMinusLatestTicks=1.000 sampleT=0.006
[rubber-banding][local-input] time=239.268 frame=133091 focused=1 host=0 room=28 world=3 authority=3 entity=2 windowMs=1003.1 updates=191 fixedCalls=50 commands=60 predictionSteps=60 noCommandUpdates=131 estimatedHostTick=561 nextInputTick=564 lastRecordedTick=564 lastResolvedTick=560 nextLead=3 recordedLead=3 unresolved=4 clamped=0 clampedTotal=1 batchesSent=549 commandsSent=1868 sendFailures=0 move=(1.00,0.00) jump=0
[rubber-banding][remote-render] time=239.268 frame=133091 entity=1 latestHostTick=560 buffer=8 windowMs=1003.1 fps=190.4 snapshots=30 arrivalSamples=30 arrivalAvgMs=33.3 arrivalP95Ms=38.7 arrivalMaxMs=39.3 sameArrival=0 tickGapMax=2 renderFrames=191 interpolation=191 extrapolation=0 extrapolationCapped=0 extrapolationMaxMs=0.0 oldestHeld=0 zeroSpan=0 movingFrozen=0 teleport=0 visualStepAvgCm=0.00 visualStepMaxCm=0.00 estimatedHostTick=561 renderTick=555.486 latestSnapshotTick=560.000 renderMinusLatestTicks=-4.514 estimatedMinusLatestTicks=1.000 sampleT=0.743
[rubber-banding][local-input] time=240.273 frame=133280 focused=1 host=0 room=28 world=3 authority=3 entity=2 windowMs=1004.2 updates=189 fixedCalls=50 commands=60 predictionSteps=60 noCommandUpdates=129 estimatedHostTick=621 nextInputTick=624 lastRecordedTick=624 lastResolvedTick=620 nextLead=3 recordedLead=3 unresolved=4 clamped=0 clampedTotal=1 batchesSent=579 commandsSent=1958 sendFailures=0 move=(0.00,1.00) jump=0
[rubber-banding][remote-render] time=240.273 frame=133280 entity=1 latestHostTick=620 buffer=8 windowMs=1004.2 fps=188.2 snapshots=30 arrivalSamples=30 arrivalAvgMs=33.2 arrivalP95Ms=38.5 arrivalMaxMs=39.6 sameArrival=0 tickGapMax=2 renderFrames=189 interpolation=189 extrapolation=0 extrapolationCapped=0 extrapolationMaxMs=0.0 oldestHeld=0 zeroSpan=0 movingFrozen=0 teleport=0 visualStepAvgCm=0.00 visualStepMaxCm=0.00 estimatedHostTick=621 renderTick=615.914 latestSnapshotTick=620.000 renderMinusLatestTicks=-4.086 estimatedMinusLatestTicks=1.000 sampleT=0.957
[rubber-banding][guest-local-edge] time=241.208 room=28 world=3 authority=3 entity=2 eventId=5 kind=Jump stage=Captured relatedEventId=0 inputTick=0 pressed=None createdAt=-1.000000 firstSendRequestedAt=-1.000000 firstSendDelayMs=-1.000 desiredTick=0 assignedTick=0 lastResolvedAtCreate=0 estimatedHostTickAtCreate=0 clampReason=None
[rubber-banding][guest-local-edge] time=241.219 room=28 world=3 authority=3 entity=2 eventId=5 kind=Jump stage=Attached relatedEventId=0 inputTick=681 pressed=Jump createdAt=241.218700 firstSendRequestedAt=-1.000000 firstSendDelayMs=-1.000 desiredTick=681 assignedTick=681 lastResolvedAtCreate=678 estimatedHostTickAtCreate=678 clampReason=None
[rubber-banding][guest-local-edge] time=241.219 room=28 world=3 authority=3 entity=2 eventId=5 kind=Jump stage=FirstSendRequested relatedEventId=0 inputTick=681 pressed=Jump createdAt=241.218700 firstSendRequestedAt=241.218700 firstSendDelayMs=0.000 desiredTick=681 assignedTick=681 lastResolvedAtCreate=678 estimatedHostTickAtCreate=678 clampReason=None
[rubber-banding][local-input] time=241.276 frame=133468 focused=1 host=0 room=28 world=3 authority=3 entity=2 windowMs=1003.1 updates=188 fixedCalls=50 commands=60 predictionSteps=60 noCommandUpdates=128 estimatedHostTick=681 nextInputTick=684 lastRecordedTick=684 lastResolvedTick=680 nextLead=3 recordedLead=3 unresolved=4 clamped=0 clampedTotal=1 batchesSent=609 commandsSent=2048 sendFailures=0 move=(0.00,1.00) jump=0
[rubber-banding][remote-render] time=241.276 frame=133468 entity=1 latestHostTick=680 buffer=8 windowMs=1003.1 fps=187.4 snapshots=30 arrivalSamples=30 arrivalAvgMs=33.4 arrivalP95Ms=39.2 arrivalMaxMs=39.2 sameArrival=0 tickGapMax=2 renderFrames=188 interpolation=188 extrapolation=0 extrapolationCapped=0 extrapolationMaxMs=0.0 oldestHeld=0 zeroSpan=0 movingFrozen=0 teleport=0 visualStepAvgCm=0.00 visualStepMaxCm=0.00 estimatedHostTick=681 renderTick=676.102 latestSnapshotTick=680.000 renderMinusLatestTicks=-3.898 estimatedMinusLatestTicks=1.000 sampleT=0.051
[rubber-banding][local-input] time=242.283 frame=133662 focused=1 host=0 room=28 world=3 authority=3 entity=2 windowMs=1007.3 updates=194 fixedCalls=51 commands=61 predictionSteps=61 noCommandUpdates=133 estimatedHostTick=742 nextInputTick=745 lastRecordedTick=745 lastResolvedTick=742 nextLead=3 recordedLead=3 unresolved=3 clamped=0 clampedTotal=1 batchesSent=640 commandsSent=2141 sendFailures=0 move=(-0.71,-0.71) jump=0
[rubber-banding][remote-render] time=242.283 frame=133662 entity=1 latestHostTick=742 buffer=8 windowMs=1007.3 fps=192.6 snapshots=31 arrivalSamples=31 arrivalAvgMs=33.2 arrivalP95Ms=39.0 arrivalMaxMs=39.1 sameArrival=0 tickGapMax=2 renderFrames=194 interpolation=194 extrapolation=0 extrapolationCapped=0 extrapolationMaxMs=0.0 oldestHeld=0 zeroSpan=0 movingFrozen=0 teleport=0 visualStepAvgCm=0.00 visualStepMaxCm=0.00 estimatedHostTick=742 renderTick=736.542 latestSnapshotTick=742.000 renderMinusLatestTicks=-5.458 estimatedMinusLatestTicks=0.000 sampleT=0.271
[rubber-banding][guest-local-edge] time=242.412 room=28 world=3 authority=3 entity=2 eventId=6 kind=Jump stage=Captured relatedEventId=0 inputTick=0 pressed=None createdAt=-1.000000 firstSendRequestedAt=-1.000000 firstSendDelayMs=-1.000 desiredTick=0 assignedTick=0 lastResolvedAtCreate=0 estimatedHostTickAtCreate=0 clampReason=None
[rubber-banding][guest-local-edge] time=242.429 room=28 world=3 authority=3 entity=2 eventId=6 kind=Jump stage=Attached relatedEventId=0 inputTick=754 pressed=Jump createdAt=242.428200 firstSendRequestedAt=-1.000000 firstSendDelayMs=-1.000 desiredTick=754 assignedTick=754 lastResolvedAtCreate=750 estimatedHostTickAtCreate=751 clampReason=None
[rubber-banding][guest-local-edge] time=242.429 room=28 world=3 authority=3 entity=2 eventId=6 kind=Jump stage=FirstSendRequested relatedEventId=0 inputTick=754 pressed=Jump createdAt=242.428200 firstSendRequestedAt=242.428200 firstSendDelayMs=0.000 desiredTick=754 assignedTick=754 lastResolvedAtCreate=750 estimatedHostTickAtCreate=751 clampReason=None
[rubber-banding][local-input] time=243.284 frame=133852 focused=1 host=0 room=28 world=3 authority=3 entity=2 windowMs=1000.6 updates=190 fixedCalls=50 commands=60 predictionSteps=60 noCommandUpdates=130 estimatedHostTick=802 nextInputTick=805 lastRecordedTick=805 lastResolvedTick=802 nextLead=3 recordedLead=3 unresolved=3 clamped=0 clampedTotal=1 batchesSent=671 commandsSent=2237 sendFailures=0 move=(1.00,0.00) jump=0
[rubber-banding][remote-render] time=243.284 frame=133852 entity=1 latestHostTick=802 buffer=8 windowMs=1000.6 fps=189.9 snapshots=30 arrivalSamples=30 arrivalAvgMs=33.4 arrivalP95Ms=38.5 arrivalMaxMs=40.1 sameArrival=0 tickGapMax=2 renderFrames=190 interpolation=190 extrapolation=0 extrapolationCapped=0 extrapolationMaxMs=0.0 oldestHeld=0 zeroSpan=0 movingFrozen=0 teleport=0 visualStepAvgCm=0.00 visualStepMaxCm=0.00 estimatedHostTick=802 renderTick=796.730 latestSnapshotTick=802.000 renderMinusLatestTicks=-5.270 estimatedMinusLatestTicks=0.000 sampleT=0.365
[rubber-banding][local-input] time=244.289 frame=134042 focused=1 host=0 room=28 world=3 authority=3 entity=2 windowMs=1005.5 updates=190 fixedCalls=50 commands=60 predictionSteps=60 noCommandUpdates=130 estimatedHostTick=862 nextInputTick=865 lastRecordedTick=865 lastResolvedTick=862 nextLead=3 recordedLead=3 unresolved=3 clamped=0 clampedTotal=1 batchesSent=701 commandsSent=2329 sendFailures=0 move=(-0.71,-0.71) jump=0
[rubber-banding][remote-render] time=244.289 frame=134042 entity=1 latestHostTick=862 buffer=8 windowMs=1005.5 fps=189.0 snapshots=30 arrivalSamples=30 arrivalAvgMs=33.5 arrivalP95Ms=39.2 arrivalMaxMs=39.9 sameArrival=0 tickGapMax=2 renderFrames=190 interpolation=190 extrapolation=0 extrapolationCapped=0 extrapolationMaxMs=0.0 oldestHeld=0 zeroSpan=0 movingFrozen=0 teleport=0 visualStepAvgCm=0.00 visualStepMaxCm=0.00 estimatedHostTick=862 renderTick=857.060 latestSnapshotTick=862.000 renderMinusLatestTicks=-4.940 estimatedMinusLatestTicks=0.000 sampleT=0.530
[rubber-banding][guest-local-edge] time=244.294 room=28 world=3 authority=3 entity=2 eventId=7 kind=Jump stage=Captured relatedEventId=0 inputTick=0 pressed=None createdAt=-1.000000 firstSendRequestedAt=-1.000000 firstSendDelayMs=-1.000 desiredTick=0 assignedTick=0 lastResolvedAtCreate=0 estimatedHostTickAtCreate=0 clampReason=None
[rubber-banding][guest-local-edge] time=244.301 room=28 world=3 authority=3 entity=2 eventId=7 kind=Jump stage=Attached relatedEventId=0 inputTick=866 pressed=Jump createdAt=244.300000 firstSendRequestedAt=-1.000000 firstSendDelayMs=-1.000 desiredTick=866 assignedTick=866 lastResolvedAtCreate=862 estimatedHostTickAtCreate=863 clampReason=None
[rubber-banding][guest-local-edge] time=244.301 room=28 world=3 authority=3 entity=2 eventId=7 kind=Jump stage=FirstSendRequested relatedEventId=0 inputTick=866 pressed=Jump createdAt=244.300000 firstSendRequestedAt=244.300000 firstSendDelayMs=0.000 desiredTick=866 assignedTick=866 lastResolvedAtCreate=862 estimatedHostTickAtCreate=863 clampReason=None
[rubber-banding][local-input] time=245.290 frame=134232 focused=1 host=0 room=28 world=3 authority=3 entity=2 windowMs=1001.2 updates=190 fixedCalls=50 commands=60 predictionSteps=60 noCommandUpdates=130 estimatedHostTick=922 nextInputTick=925 lastRecordedTick=925 lastResolvedTick=922 nextLead=3 recordedLead=3 unresolved=3 clamped=0 clampedTotal=1 batchesSent=732 commandsSent=2423 sendFailures=0 move=(0.00,1.00) jump=0
[rubber-banding][remote-render] time=245.290 frame=134232 entity=1 latestHostTick=922 buffer=8 windowMs=1001.2 fps=189.8 snapshots=30 arrivalSamples=30 arrivalAvgMs=33.3 arrivalP95Ms=38.6 arrivalMaxMs=38.9 sameArrival=0 tickGapMax=2 renderFrames=190 interpolation=190 extrapolation=0 extrapolationCapped=0 extrapolationMaxMs=0.0 oldestHeld=0 zeroSpan=0 movingFrozen=0 teleport=0 visualStepAvgCm=0.00 visualStepMaxCm=0.00 estimatedHostTick=922 renderTick=917.133 latestSnapshotTick=922.000 renderMinusLatestTicks=-4.867 estimatedMinusLatestTicks=0.000 sampleT=0.566
[rubber-banding][local-input] time=246.293 frame=134422 focused=1 host=0 room=28 world=3 authority=3 entity=2 windowMs=1002.4 updates=190 fixedCalls=50 commands=60 predictionSteps=60 noCommandUpdates=130 estimatedHostTick=982 nextInputTick=985 lastRecordedTick=985 lastResolvedTick=982 nextLead=3 recordedLead=3 unresolved=3 clamped=0 clampedTotal=1 batchesSent=762 commandsSent=2519 sendFailures=0 move=(0.00,-1.00) jump=0
[rubber-banding][remote-render] time=246.293 frame=134422 entity=1 latestHostTick=982 buffer=8 windowMs=1002.4 fps=189.6 snapshots=30 arrivalSamples=30 arrivalAvgMs=33.3 arrivalP95Ms=38.5 arrivalMaxMs=38.9 sameArrival=0 tickGapMax=2 renderFrames=190 interpolation=190 extrapolation=0 extrapolationCapped=0 extrapolationMaxMs=0.0 oldestHeld=0 zeroSpan=0 movingFrozen=0 teleport=0 visualStepAvgCm=0.00 visualStepMaxCm=0.00 estimatedHostTick=982 renderTick=977.274 latestSnapshotTick=982.000 renderMinusLatestTicks=-4.726 estimatedMinusLatestTicks=0.000 sampleT=0.637
[rubber-banding][guest-local-edge] time=247.075 room=28 world=3 authority=3 entity=2 eventId=8 kind=Jump stage=Captured relatedEventId=0 inputTick=0 pressed=None createdAt=-1.000000 firstSendRequestedAt=-1.000000 firstSendDelayMs=-1.000 desiredTick=0 assignedTick=0 lastResolvedAtCreate=0 estimatedHostTickAtCreate=0 clampReason=None
[rubber-banding][guest-local-edge] time=247.085 room=28 world=3 authority=3 entity=2 eventId=8 kind=Jump stage=Attached relatedEventId=0 inputTick=1033 pressed=Jump createdAt=247.084000 firstSendRequestedAt=-1.000000 firstSendDelayMs=-1.000 desiredTick=1033 assignedTick=1033 lastResolvedAtCreate=1030 estimatedHostTickAtCreate=1030 clampReason=None
[rubber-banding][guest-local-edge] time=247.085 room=28 world=3 authority=3 entity=2 eventId=8 kind=Jump stage=FirstSendRequested relatedEventId=0 inputTick=1033 pressed=Jump createdAt=247.084000 firstSendRequestedAt=247.084000 firstSendDelayMs=0.000 desiredTick=1033 assignedTick=1033 lastResolvedAtCreate=1030 estimatedHostTickAtCreate=1030 clampReason=None
[rubber-banding][local-input] time=247.293 frame=134611 focused=1 host=0 room=28 world=3 authority=3 entity=2 windowMs=1000.0 updates=189 fixedCalls=50 commands=60 predictionSteps=60 noCommandUpdates=129 estimatedHostTick=1042 nextInputTick=1045 lastRecordedTick=1045 lastResolvedTick=1042 nextLead=3 recordedLead=3 unresolved=3 clamped=0 clampedTotal=1 batchesSent=792 commandsSent=2613 sendFailures=0 move=(0.00,1.00) jump=0
[rubber-banding][remote-render] time=247.293 frame=134611 entity=1 latestHostTick=1042 buffer=8 windowMs=1000.0 fps=189.0 snapshots=30 arrivalSamples=30 arrivalAvgMs=33.4 arrivalP95Ms=38.9 arrivalMaxMs=40.0 sameArrival=0 tickGapMax=2 renderFrames=189 interpolation=189 extrapolation=0 extrapolationCapped=0 extrapolationMaxMs=0.0 oldestHeld=0 zeroSpan=0 movingFrozen=0 teleport=0 visualStepAvgCm=0.00 visualStepMaxCm=0.00 estimatedHostTick=1042 renderTick=1037.274 latestSnapshotTick=1042.000 renderMinusLatestTicks=-4.726 estimatedMinusLatestTicks=0.000 sampleT=0.637
[rubber-banding][guest-local-edge] time=247.790 room=28 world=3 authority=3 entity=2 eventId=9 kind=Jump stage=Captured relatedEventId=0 inputTick=0 pressed=None createdAt=-1.000000 firstSendRequestedAt=-1.000000 firstSendDelayMs=-1.000 desiredTick=0 assignedTick=0 lastResolvedAtCreate=0 estimatedHostTickAtCreate=0 clampReason=None
[rubber-banding][guest-local-edge] time=247.800 room=28 world=3 authority=3 entity=2 eventId=9 kind=Jump stage=Attached relatedEventId=0 inputTick=1076 pressed=Jump createdAt=247.799600 firstSendRequestedAt=-1.000000 firstSendDelayMs=-1.000 desiredTick=1076 assignedTick=1076 lastResolvedAtCreate=1072 estimatedHostTickAtCreate=1073 clampReason=None
[rubber-banding][guest-local-edge] time=247.800 room=28 world=3 authority=3 entity=2 eventId=9 kind=Jump stage=FirstSendRequested relatedEventId=0 inputTick=1076 pressed=Jump createdAt=247.799600 firstSendRequestedAt=247.799600 firstSendDelayMs=0.000 desiredTick=1076 assignedTick=1076 lastResolvedAtCreate=1072 estimatedHostTickAtCreate=1073 clampReason=None
[rubber-banding][local-input] time=248.297 frame=134803 focused=1 host=0 room=28 world=3 authority=3 entity=2 windowMs=1004.3 updates=192 fixedCalls=50 commands=60 predictionSteps=60 noCommandUpdates=132 estimatedHostTick=1102 nextInputTick=1105 lastRecordedTick=1105 lastResolvedTick=1102 nextLead=3 recordedLead=3 unresolved=3 clamped=0 clampedTotal=1 batchesSent=823 commandsSent=2715 sendFailures=0 move=(-0.71,-0.71) jump=0
[rubber-banding][remote-render] time=248.297 frame=134803 entity=1 latestHostTick=1102 buffer=8 windowMs=1004.3 fps=191.2 snapshots=30 arrivalSamples=30 arrivalAvgMs=33.4 arrivalP95Ms=39.1 arrivalMaxMs=40.2 sameArrival=0 tickGapMax=2 renderFrames=192 interpolation=192 extrapolation=0 extrapolationCapped=0 extrapolationMaxMs=0.0 oldestHeld=0 zeroSpan=0 movingFrozen=0 teleport=0 visualStepAvgCm=0.00 visualStepMaxCm=0.00 estimatedHostTick=1102 renderTick=1097.531 latestSnapshotTick=1102.000 renderMinusLatestTicks=-4.469 estimatedMinusLatestTicks=0.000 sampleT=0.766
[rubber-banding][guest-local-edge] time=248.544 room=28 world=3 authority=3 entity=2 eventId=10 kind=Jump stage=Captured relatedEventId=0 inputTick=0 pressed=None createdAt=-1.000000 firstSendRequestedAt=-1.000000 firstSendDelayMs=-1.000 desiredTick=0 assignedTick=0 lastResolvedAtCreate=0 estimatedHostTickAtCreate=0 clampReason=None
[rubber-banding][guest-local-edge] time=248.554 room=28 world=3 authority=3 entity=2 eventId=10 kind=Jump stage=Attached relatedEventId=0 inputTick=1121 pressed=Jump createdAt=248.552900 firstSendRequestedAt=-1.000000 firstSendDelayMs=-1.000 desiredTick=1121 assignedTick=1121 lastResolvedAtCreate=1118 estimatedHostTickAtCreate=1118 clampReason=None
[rubber-banding][guest-local-edge] time=248.554 room=28 world=3 authority=3 entity=2 eventId=10 kind=Jump stage=FirstSendRequested relatedEventId=0 inputTick=1121 pressed=Jump createdAt=248.552900 firstSendRequestedAt=248.552900 firstSendDelayMs=0.000 desiredTick=1121 assignedTick=1121 lastResolvedAtCreate=1118 estimatedHostTickAtCreate=1118 clampReason=None
[rubber-banding][local-input] time=249.298 frame=134999 focused=1 host=0 room=28 world=3 authority=3 entity=2 windowMs=1001.4 updates=196 fixedCalls=50 commands=60 predictionSteps=60 noCommandUpdates=136 estimatedHostTick=1162 nextInputTick=1165 lastRecordedTick=1165 lastResolvedTick=1162 nextLead=3 recordedLead=3 unresolved=3 clamped=0 clampedTotal=1 batchesSent=853 commandsSent=2807 sendFailures=0 move=(-1.00,0.00) jump=0
[rubber-banding][remote-render] time=249.298 frame=134999 entity=1 latestHostTick=1162 buffer=8 windowMs=1001.4 fps=195.7 snapshots=30 arrivalSamples=30 arrivalAvgMs=33.3 arrivalP95Ms=38.0 arrivalMaxMs=39.7 sameArrival=0 tickGapMax=2 renderFrames=196 interpolation=196 extrapolation=0 extrapolationCapped=0 extrapolationMaxMs=0.0 oldestHeld=0 zeroSpan=0 movingFrozen=0 teleport=0 visualStepAvgCm=0.00 visualStepMaxCm=0.00 estimatedHostTick=1162 renderTick=1157.616 latestSnapshotTick=1162.000 renderMinusLatestTicks=-4.384 estimatedMinusLatestTicks=0.000 sampleT=0.808
[rubber-banding][guest-local-edge] time=249.562 room=28 world=3 authority=3 entity=2 eventId=11 kind=Jump stage=Captured relatedEventId=0 inputTick=0 pressed=None createdAt=-1.000000 firstSendRequestedAt=-1.000000 firstSendDelayMs=-1.000 desiredTick=0 assignedTick=0 lastResolvedAtCreate=0 estimatedHostTickAtCreate=0 clampReason=None
[rubber-banding][guest-local-edge] time=249.565 room=28 world=3 authority=3 entity=2 eventId=11 kind=Jump stage=Attached relatedEventId=0 inputTick=1182 pressed=Jump createdAt=249.564300 firstSendRequestedAt=-1.000000 firstSendDelayMs=-1.000 desiredTick=1182 assignedTick=1182 lastResolvedAtCreate=1178 estimatedHostTickAtCreate=1179 clampReason=None
[rubber-banding][guest-local-edge] time=249.566 room=28 world=3 authority=3 entity=2 eventId=11 kind=Jump stage=FirstSendRequested relatedEventId=0 inputTick=1182 pressed=Jump createdAt=249.564300 firstSendRequestedAt=249.564300 firstSendDelayMs=0.000 desiredTick=1182 assignedTick=1182 lastResolvedAtCreate=1178 estimatedHostTickAtCreate=1179 clampReason=None
[rubber-banding][local-input] time=250.303 frame=135189 focused=1 host=0 room=28 world=3 authority=3 entity=2 windowMs=1004.4 updates=190 fixedCalls=51 commands=61 predictionSteps=61 noCommandUpdates=129 estimatedHostTick=1223 nextInputTick=1226 lastRecordedTick=1226 lastResolvedTick=1222 nextLead=3 recordedLead=3 unresolved=4 clamped=0 clampedTotal=1 batchesSent=884 commandsSent=2903 sendFailures=0 move=(1.00,0.00) jump=0
[rubber-banding][remote-render] time=250.303 frame=135189 entity=1 latestHostTick=1222 buffer=8 windowMs=1004.4 fps=189.2 snapshots=30 arrivalSamples=30 arrivalAvgMs=33.4 arrivalP95Ms=39.1 arrivalMaxMs=43.5 sameArrival=0 tickGapMax=2 renderFrames=190 interpolation=190 extrapolation=0 extrapolationCapped=0 extrapolationMaxMs=0.0 oldestHeld=0 zeroSpan=0 movingFrozen=0 teleport=0 visualStepAvgCm=0.00 visualStepMaxCm=0.00 estimatedHostTick=1223 renderTick=1217.882 latestSnapshotTick=1222.000 renderMinusLatestTicks=-4.118 estimatedMinusLatestTicks=1.000 sampleT=0.941
[rubber-banding][guest-local-edge] time=250.316 room=28 world=3 authority=3 entity=2 eventId=12 kind=Jump stage=Captured relatedEventId=0 inputTick=0 pressed=None createdAt=-1.000000 firstSendRequestedAt=-1.000000 firstSendDelayMs=-1.000 desiredTick=0 assignedTick=0 lastResolvedAtCreate=0 estimatedHostTickAtCreate=0 clampReason=None
[rubber-banding][guest-local-edge] time=250.316 room=28 world=3 authority=3 entity=2 eventId=12 kind=Jump stage=Attached relatedEventId=0 inputTick=1227 pressed=Jump createdAt=250.314700 firstSendRequestedAt=-1.000000 firstSendDelayMs=-1.000 desiredTick=1227 assignedTick=1227 lastResolvedAtCreate=1222 estimatedHostTickAtCreate=1224 clampReason=None
[rubber-banding][guest-local-edge] time=250.316 room=28 world=3 authority=3 entity=2 eventId=12 kind=Jump stage=FirstSendRequested relatedEventId=0 inputTick=1227 pressed=Jump createdAt=250.314700 firstSendRequestedAt=250.314700 firstSendDelayMs=0.000 desiredTick=1227 assignedTick=1227 lastResolvedAtCreate=1222 estimatedHostTickAtCreate=1224 clampReason=None
[rubber-banding][guest-local-edge] time=250.988 room=28 world=3 authority=3 entity=2 eventId=13 kind=Jump stage=Captured relatedEventId=0 inputTick=0 pressed=None createdAt=-1.000000 firstSendRequestedAt=-1.000000 firstSendDelayMs=-1.000 desiredTick=0 assignedTick=0 lastResolvedAtCreate=0 estimatedHostTickAtCreate=0 clampReason=None
[rubber-banding][guest-local-edge] time=250.998 room=28 world=3 authority=3 entity=2 eventId=13 kind=Jump stage=Attached relatedEventId=0 inputTick=1268 pressed=Jump createdAt=250.997800 firstSendRequestedAt=-1.000000 firstSendDelayMs=-1.000 desiredTick=1268 assignedTick=1268 lastResolvedAtCreate=1264 estimatedHostTickAtCreate=1265 clampReason=None
[rubber-banding][guest-local-edge] time=250.998 room=28 world=3 authority=3 entity=2 eventId=13 kind=Jump stage=FirstSendRequested relatedEventId=0 inputTick=1268 pressed=Jump createdAt=250.997800 firstSendRequestedAt=250.997800 firstSendDelayMs=0.000 desiredTick=1268 assignedTick=1268 lastResolvedAtCreate=1264 estimatedHostTickAtCreate=1265 clampReason=None
[rubber-banding][local-input] time=251.304 frame=135382 focused=1 host=0 room=28 world=3 authority=3 entity=2 windowMs=1000.8 updates=193 fixedCalls=50 commands=60 predictionSteps=60 noCommandUpdates=133 estimatedHostTick=1283 nextInputTick=1286 lastRecordedTick=1286 lastResolvedTick=1282 nextLead=3 recordedLead=3 unresolved=4 clamped=0 clampedTotal=1 batchesSent=916 commandsSent=3006 sendFailures=0 move=(0.00,-1.00) jump=0
[rubber-banding][remote-render] time=251.304 frame=135382 entity=1 latestHostTick=1282 buffer=8 windowMs=1000.8 fps=192.8 snapshots=30 arrivalSamples=30 arrivalAvgMs=33.6 arrivalP95Ms=38.5 arrivalMaxMs=38.6 sameArrival=0 tickGapMax=2 renderFrames=193 interpolation=193 extrapolation=0 extrapolationCapped=0 extrapolationMaxMs=0.0 oldestHeld=0 zeroSpan=0 movingFrozen=0 teleport=0 visualStepAvgCm=0.00 visualStepMaxCm=0.00 estimatedHostTick=1283 renderTick=1277.931 latestSnapshotTick=1282.000 renderMinusLatestTicks=-4.069 estimatedMinusLatestTicks=1.000 sampleT=0.966
[rubber-banding][guest-local-edge] time=251.701 room=28 world=3 authority=3 entity=2 eventId=14 kind=Jump stage=Captured relatedEventId=0 inputTick=0 pressed=None createdAt=-1.000000 firstSendRequestedAt=-1.000000 firstSendDelayMs=-1.000 desiredTick=0 assignedTick=0 lastResolvedAtCreate=0 estimatedHostTickAtCreate=0 clampReason=None
[rubber-banding][guest-local-edge] time=251.701 room=28 world=3 authority=3 entity=2 eventId=14 kind=Jump stage=Attached relatedEventId=0 inputTick=1310 pressed=Jump createdAt=251.699800 firstSendRequestedAt=-1.000000 firstSendDelayMs=-1.000 desiredTick=1310 assignedTick=1310 lastResolvedAtCreate=1306 estimatedHostTickAtCreate=1307 clampReason=None
[rubber-banding][guest-local-edge] time=251.701 room=28 world=3 authority=3 entity=2 eventId=14 kind=Jump stage=FirstSendRequested relatedEventId=0 inputTick=1310 pressed=Jump createdAt=251.699800 firstSendRequestedAt=251.699800 firstSendDelayMs=0.000 desiredTick=1310 assignedTick=1310 lastResolvedAtCreate=1306 estimatedHostTickAtCreate=1307 clampReason=None
[rubber-banding][local-input] time=252.305 frame=135570 focused=1 host=0 room=28 world=3 authority=3 entity=2 windowMs=1001.2 updates=188 fixedCalls=50 commands=60 predictionSteps=60 noCommandUpdates=128 estimatedHostTick=1343 nextInputTick=1346 lastRecordedTick=1346 lastResolvedTick=1342 nextLead=3 recordedLead=3 unresolved=4 clamped=0 clampedTotal=1 batchesSent=947 commandsSent=3104 sendFailures=0 move=(-0.71,-0.71) jump=0
[rubber-banding][remote-render] time=252.305 frame=135570 entity=1 latestHostTick=1342 buffer=8 windowMs=1001.2 fps=187.8 snapshots=30 arrivalSamples=30 arrivalAvgMs=33.1 arrivalP95Ms=38.7 arrivalMaxMs=39.3 sameArrival=0 tickGapMax=2 renderFrames=188 interpolation=188 extrapolation=0 extrapolationCapped=0 extrapolationMaxMs=0.0 oldestHeld=0 zeroSpan=0 movingFrozen=0 teleport=0 visualStepAvgCm=0.00 visualStepMaxCm=0.00 estimatedHostTick=1343 renderTick=1338.004 latestSnapshotTick=1342.000 renderMinusLatestTicks=-3.996 estimatedMinusLatestTicks=1.000 sampleT=0.002
[rubber-banding][guest-local-edge] time=252.424 room=28 world=3 authority=3 entity=2 eventId=15 kind=Jump stage=Captured relatedEventId=0 inputTick=0 pressed=None createdAt=-1.000000 firstSendRequestedAt=-1.000000 firstSendDelayMs=-1.000 desiredTick=0 assignedTick=0 lastResolvedAtCreate=0 estimatedHostTickAtCreate=0 clampReason=None
[rubber-banding][guest-local-edge] time=252.435 room=28 world=3 authority=3 entity=2 eventId=15 kind=Jump stage=Attached relatedEventId=0 inputTick=1354 pressed=Jump createdAt=252.434300 firstSendRequestedAt=-1.000000 firstSendDelayMs=-1.000 desiredTick=1354 assignedTick=1354 lastResolvedAtCreate=1350 estimatedHostTickAtCreate=1351 clampReason=None
[rubber-banding][guest-local-edge] time=252.435 room=28 world=3 authority=3 entity=2 eventId=15 kind=Jump stage=FirstSendRequested relatedEventId=0 inputTick=1354 pressed=Jump createdAt=252.434300 firstSendRequestedAt=252.434300 firstSendDelayMs=0.000 desiredTick=1354 assignedTick=1354 lastResolvedAtCreate=1350 estimatedHostTickAtCreate=1351 clampReason=None
[rubber-banding][guest-local-edge] time=253.283 room=28 world=3 authority=3 entity=2 eventId=16 kind=Jump stage=Captured relatedEventId=0 inputTick=0 pressed=None createdAt=-1.000000 firstSendRequestedAt=-1.000000 firstSendDelayMs=-1.000 desiredTick=0 assignedTick=0 lastResolvedAtCreate=0 estimatedHostTickAtCreate=0 clampReason=None
[rubber-banding][guest-local-edge] time=253.283 room=28 world=3 authority=3 entity=2 eventId=16 kind=Jump stage=Attached relatedEventId=0 inputTick=1405 pressed=Jump createdAt=253.281700 firstSendRequestedAt=-1.000000 firstSendDelayMs=-1.000 desiredTick=1405 assignedTick=1405 lastResolvedAtCreate=1400 estimatedHostTickAtCreate=1402 clampReason=None
[rubber-banding][guest-local-edge] time=253.283 room=28 world=3 authority=3 entity=2 eventId=16 kind=Jump stage=FirstSendRequested relatedEventId=0 inputTick=1405 pressed=Jump createdAt=253.281700 firstSendRequestedAt=253.281700 firstSendDelayMs=0.000 desiredTick=1405 assignedTick=1405 lastResolvedAtCreate=1400 estimatedHostTickAtCreate=1402 clampReason=None
[rubber-banding][local-input] time=253.311 frame=135761 focused=1 host=0 room=28 world=3 authority=3 entity=2 windowMs=1005.9 updates=191 fixedCalls=50 commands=60 predictionSteps=60 noCommandUpdates=131 estimatedHostTick=1403 nextInputTick=1406 lastRecordedTick=1406 lastResolvedTick=1402 nextLead=3 recordedLead=3 unresolved=4 clamped=0 clampedTotal=1 batchesSent=979 commandsSent=3221 sendFailures=0 move=(0.00,1.00) jump=0
[rubber-banding][remote-render] time=253.311 frame=135761 entity=1 latestHostTick=1402 buffer=8 windowMs=1005.9 fps=189.9 snapshots=30 arrivalSamples=30 arrivalAvgMs=33.4 arrivalP95Ms=40.6 arrivalMaxMs=41.2 sameArrival=0 tickGapMax=2 renderFrames=191 interpolation=191 extrapolation=0 extrapolationCapped=0 extrapolationMaxMs=0.0 oldestHeld=0 zeroSpan=0 movingFrozen=0 teleport=0 visualStepAvgCm=0.00 visualStepMaxCm=0.00 estimatedHostTick=1403 renderTick=1398.358 latestSnapshotTick=1402.000 renderMinusLatestTicks=-3.642 estimatedMinusLatestTicks=1.000 sampleT=0.179
[rubber-banding][guest-local-edge] time=253.998 room=28 world=3 authority=3 entity=2 eventId=17 kind=Jump stage=Captured relatedEventId=0 inputTick=0 pressed=None createdAt=-1.000000 firstSendRequestedAt=-1.000000 firstSendDelayMs=-1.000 desiredTick=0 assignedTick=0 lastResolvedAtCreate=0 estimatedHostTickAtCreate=0 clampReason=None
[rubber-banding][guest-local-edge] time=254.002 room=28 world=3 authority=3 entity=2 eventId=17 kind=Jump stage=Attached relatedEventId=0 inputTick=1448 pressed=Jump createdAt=254.000700 firstSendRequestedAt=-1.000000 firstSendDelayMs=-1.000 desiredTick=1448 assignedTick=1448 lastResolvedAtCreate=1444 estimatedHostTickAtCreate=1445 clampReason=None
[rubber-banding][guest-local-edge] time=254.002 room=28 world=3 authority=3 entity=2 eventId=17 kind=Jump stage=FirstSendRequested relatedEventId=0 inputTick=1448 pressed=Jump createdAt=254.000700 firstSendRequestedAt=254.000700 firstSendDelayMs=0.000 desiredTick=1448 assignedTick=1448 lastResolvedAtCreate=1444 estimatedHostTickAtCreate=1445 clampReason=None
[rubber-banding][local-input] time=254.313 frame=135951 focused=1 host=0 room=28 world=3 authority=3 entity=2 windowMs=1002.4 updates=190 fixedCalls=50 commands=60 predictionSteps=60 noCommandUpdates=130 estimatedHostTick=1463 nextInputTick=1466 lastRecordedTick=1466 lastResolvedTick=1462 nextLead=3 recordedLead=3 unresolved=4 clamped=0 clampedTotal=1 batchesSent=1010 commandsSent=3319 sendFailures=0 move=(-1.00,0.00) jump=0
[rubber-banding][remote-render] time=254.313 frame=135951 entity=1 latestHostTick=1462 buffer=8 windowMs=1002.4 fps=189.5 snapshots=30 arrivalSamples=30 arrivalAvgMs=33.5 arrivalP95Ms=38.1 arrivalMaxMs=38.1 sameArrival=0 tickGapMax=2 renderFrames=190 interpolation=190 extrapolation=0 extrapolationCapped=0 extrapolationMaxMs=0.0 oldestHeld=0 zeroSpan=0 movingFrozen=0 teleport=0 visualStepAvgCm=0.00 visualStepMaxCm=0.00 estimatedHostTick=1463 renderTick=1458.502 latestSnapshotTick=1462.000 renderMinusLatestTicks=-3.498 estimatedMinusLatestTicks=1.000 sampleT=0.251
[rubber-banding][guest-local-edge] time=254.790 room=28 world=3 authority=3 entity=2 eventId=18 kind=Jump stage=Captured relatedEventId=0 inputTick=0 pressed=None createdAt=-1.000000 firstSendRequestedAt=-1.000000 firstSendDelayMs=-1.000 desiredTick=0 assignedTick=0 lastResolvedAtCreate=0 estimatedHostTickAtCreate=0 clampReason=None
[rubber-banding][guest-local-edge] time=254.790 room=28 world=3 authority=3 entity=2 eventId=18 kind=Jump stage=Attached relatedEventId=0 inputTick=1495 pressed=Jump createdAt=254.788700 firstSendRequestedAt=-1.000000 firstSendDelayMs=-1.000 desiredTick=1495 assignedTick=1495 lastResolvedAtCreate=1492 estimatedHostTickAtCreate=1492 clampReason=None
[rubber-banding][guest-local-edge] time=254.790 room=28 world=3 authority=3 entity=2 eventId=18 kind=Jump stage=FirstSendRequested relatedEventId=0 inputTick=1495 pressed=Jump createdAt=254.788700 firstSendRequestedAt=254.788700 firstSendDelayMs=0.000 desiredTick=1495 assignedTick=1495 lastResolvedAtCreate=1492 estimatedHostTickAtCreate=1492 clampReason=None
[rubber-banding][local-input] time=255.314 frame=136145 focused=1 host=0 room=28 world=3 authority=3 entity=2 windowMs=1000.6 updates=194 fixedCalls=50 commands=60 predictionSteps=60 noCommandUpdates=134 estimatedHostTick=1523 nextInputTick=1526 lastRecordedTick=1526 lastResolvedTick=1522 nextLead=3 recordedLead=3 unresolved=4 clamped=0 clampedTotal=1 batchesSent=1040 commandsSent=3419 sendFailures=0 move=(1.00,0.00) jump=0
[rubber-banding][remote-render] time=255.314 frame=136145 entity=1 latestHostTick=1522 buffer=8 windowMs=1000.6 fps=193.9 snapshots=30 arrivalSamples=30 arrivalAvgMs=33.1 arrivalP95Ms=40.1 arrivalMaxMs=41.3 sameArrival=0 tickGapMax=2 renderFrames=194 interpolation=194 extrapolation=0 extrapolationCapped=0 extrapolationMaxMs=0.0 oldestHeld=0 zeroSpan=0 movingFrozen=0 teleport=0 visualStepAvgCm=0.00 visualStepMaxCm=0.00 estimatedHostTick=1523 renderTick=1518.538 latestSnapshotTick=1522.000 renderMinusLatestTicks=-3.462 estimatedMinusLatestTicks=1.000 sampleT=0.269
[rubber-banding][local-input] time=256.314 frame=136332 focused=1 host=0 room=28 world=3 authority=3 entity=2 windowMs=1000.3 updates=187 fixedCalls=50 commands=60 predictionSteps=60 noCommandUpdates=127 estimatedHostTick=1583 nextInputTick=1586 lastRecordedTick=1586 lastResolvedTick=1582 nextLead=3 recordedLead=3 unresolved=4 clamped=0 clampedTotal=1 batchesSent=1070 commandsSent=3513 sendFailures=0 move=(-1.00,0.00) jump=0
[rubber-banding][remote-render] time=256.314 frame=136332 entity=1 latestHostTick=1582 buffer=8 windowMs=1000.3 fps=186.9 snapshots=30 arrivalSamples=30 arrivalAvgMs=33.4 arrivalP95Ms=39.4 arrivalMaxMs=40.2 sameArrival=0 tickGapMax=2 renderFrames=187 interpolation=187 extrapolation=0 extrapolationCapped=0 extrapolationMaxMs=0.0 oldestHeld=0 zeroSpan=0 movingFrozen=0 teleport=0 visualStepAvgCm=0.00 visualStepMaxCm=0.00 estimatedHostTick=1583 renderTick=1578.558 latestSnapshotTick=1582.000 renderMinusLatestTicks=-3.442 estimatedMinusLatestTicks=1.000 sampleT=0.279
[rubber-banding][local-input] time=257.319 frame=136528 focused=1 host=0 room=28 world=3 authority=3 entity=2 windowMs=1004.5 updates=196 fixedCalls=50 commands=60 predictionSteps=60 noCommandUpdates=136 estimatedHostTick=1643 nextInputTick=1646 lastRecordedTick=1646 lastResolvedTick=1642 nextLead=3 recordedLead=3 unresolved=4 clamped=0 clampedTotal=1 batchesSent=1100 commandsSent=3623 sendFailures=0 move=(-1.00,0.00) jump=0
[rubber-banding][remote-render] time=257.319 frame=136528 entity=1 latestHostTick=1642 buffer=8 windowMs=1004.5 fps=195.1 snapshots=30 arrivalSamples=30 arrivalAvgMs=33.5 arrivalP95Ms=40.6 arrivalMaxMs=42.9 sameArrival=0 tickGapMax=2 renderFrames=196 interpolation=196 extrapolation=0 extrapolationCapped=0 extrapolationMaxMs=0.0 oldestHeld=0 zeroSpan=0 movingFrozen=0 teleport=0 visualStepAvgCm=0.00 visualStepMaxCm=0.00 estimatedHostTick=1643 renderTick=1638.831 latestSnapshotTick=1642.000 renderMinusLatestTicks=-3.169 estimatedMinusLatestTicks=1.000 sampleT=0.416
[rubber-banding][local-input] time=258.320 frame=136732 focused=1 host=0 room=28 world=3 authority=3 entity=2 windowMs=1000.9 updates=204 fixedCalls=50 commands=61 predictionSteps=61 noCommandUpdates=143 estimatedHostTick=1704 nextInputTick=1707 lastRecordedTick=1707 lastResolvedTick=1704 nextLead=3 recordedLead=3 unresolved=3 clamped=0 clampedTotal=1 batchesSent=1131 commandsSent=3730 sendFailures=0 move=(1.00,0.00) jump=0
[rubber-banding][remote-render] time=258.320 frame=136732 entity=1 latestHostTick=1704 buffer=8 windowMs=1000.9 fps=203.8 snapshots=31 arrivalSamples=31 arrivalAvgMs=33.0 arrivalP95Ms=36.6 arrivalMaxMs=41.1 sameArrival=0 tickGapMax=2 renderFrames=204 interpolation=204 extrapolation=0 extrapolationCapped=0 extrapolationMaxMs=0.0 oldestHeld=0 zeroSpan=0 movingFrozen=0 teleport=0 visualStepAvgCm=0.00 visualStepMaxCm=0.00 estimatedHostTick=1704 renderTick=1698.888 latestSnapshotTick=1704.000 renderMinusLatestTicks=-5.112 estimatedMinusLatestTicks=0.000 sampleT=0.444
[rubber-banding][local-input] time=259.320 frame=136921 focused=1 host=0 room=28 world=3 authority=3 entity=2 windowMs=1000.4 updates=189 fixedCalls=50 commands=60 predictionSteps=60 noCommandUpdates=129 estimatedHostTick=1764 nextInputTick=1767 lastRecordedTick=1767 lastResolvedTick=1762 nextLead=3 recordedLead=3 unresolved=5 clamped=0 clampedTotal=1 batchesSent=1161 commandsSent=3840 sendFailures=0 move=(0.00,-1.00) jump=0
[rubber-banding][remote-render] time=259.320 frame=136921 entity=1 latestHostTick=1762 buffer=8 windowMs=1000.4 fps=188.9 snapshots=29 arrivalSamples=29 arrivalAvgMs=33.7 arrivalP95Ms=40.5 arrivalMaxMs=41.7 sameArrival=0 tickGapMax=2 renderFrames=189 interpolation=189 extrapolation=0 extrapolationCapped=0 extrapolationMaxMs=0.0 oldestHeld=0 zeroSpan=0 movingFrozen=0 teleport=0 visualStepAvgCm=0.00 visualStepMaxCm=0.00 estimatedHostTick=1764 renderTick=1758.910 latestSnapshotTick=1762.000 renderMinusLatestTicks=-3.090 estimatedMinusLatestTicks=2.000 sampleT=0.455
[rubber-banding][local-input] time=260.323 frame=137106 focused=1 host=0 room=28 world=3 authority=3 entity=2 windowMs=1002.8 updates=185 fixedCalls=51 commands=60 predictionSteps=60 noCommandUpdates=125 estimatedHostTick=1824 nextInputTick=1827 lastRecordedTick=1827 lastResolvedTick=1824 nextLead=3 recordedLead=3 unresolved=3 clamped=0 clampedTotal=1 batchesSent=1191 commandsSent=3962 sendFailures=0 move=(0.00,1.00) jump=0
[rubber-banding][remote-render] time=260.323 frame=137106 entity=1 latestHostTick=1824 buffer=8 windowMs=1002.8 fps=184.5 snapshots=31 arrivalSamples=31 arrivalAvgMs=33.1 arrivalP95Ms=38.7 arrivalMaxMs=38.8 sameArrival=0 tickGapMax=2 renderFrames=185 interpolation=185 extrapolation=0 extrapolationCapped=0 extrapolationMaxMs=0.0 oldestHeld=0 zeroSpan=0 movingFrozen=0 teleport=0 visualStepAvgCm=0.00 visualStepMaxCm=0.00 estimatedHostTick=1824 renderTick=1819.078 latestSnapshotTick=1824.000 renderMinusLatestTicks=-4.922 estimatedMinusLatestTicks=0.000 sampleT=0.539
[rubber-banding][guest-local-edge] time=260.961 room=28 world=3 authority=3 entity=2 eventId=19 kind=Jump stage=Captured relatedEventId=0 inputTick=0 pressed=None createdAt=-1.000000 firstSendRequestedAt=-1.000000 firstSendDelayMs=-1.000 desiredTick=0 assignedTick=0 lastResolvedAtCreate=0 estimatedHostTickAtCreate=0 clampReason=None
[rubber-banding][guest-local-edge] time=260.968 room=28 world=3 authority=3 entity=2 eventId=19 kind=Jump stage=Attached relatedEventId=0 inputTick=1866 pressed=Jump createdAt=260.967600 firstSendRequestedAt=-1.000000 firstSendDelayMs=-1.000 desiredTick=1866 assignedTick=1866 lastResolvedAtCreate=1862 estimatedHostTickAtCreate=1863 clampReason=None
[rubber-banding][guest-local-edge] time=260.968 room=28 world=3 authority=3 entity=2 eventId=19 kind=Jump stage=FirstSendRequested relatedEventId=0 inputTick=1866 pressed=Jump createdAt=260.967600 firstSendRequestedAt=260.967600 firstSendDelayMs=0.000 desiredTick=1866 assignedTick=1866 lastResolvedAtCreate=1862 estimatedHostTickAtCreate=1863 clampReason=None
[rubber-banding][local-input] time=261.325 frame=137293 focused=1 host=0 room=28 world=3 authority=3 entity=2 windowMs=1002.3 updates=187 fixedCalls=50 commands=60 predictionSteps=60 noCommandUpdates=127 estimatedHostTick=1884 nextInputTick=1887 lastRecordedTick=1887 lastResolvedTick=1884 nextLead=3 recordedLead=3 unresolved=3 clamped=0 clampedTotal=1 batchesSent=1222 commandsSent=4088 sendFailures=0 move=(0.00,0.00) jump=0
[rubber-banding][remote-render] time=261.325 frame=137293 entity=1 latestHostTick=1884 buffer=8 windowMs=1002.3 fps=186.6 snapshots=30 arrivalSamples=30 arrivalAvgMs=33.3 arrivalP95Ms=38.8 arrivalMaxMs=40.9 sameArrival=0 tickGapMax=2 renderFrames=187 interpolation=187 extrapolation=0 extrapolationCapped=0 extrapolationMaxMs=0.0 oldestHeld=0 zeroSpan=0 movingFrozen=0 teleport=0 visualStepAvgCm=0.00 visualStepMaxCm=0.00 estimatedHostTick=1884 renderTick=1879.218 latestSnapshotTick=1884.000 renderMinusLatestTicks=-4.782 estimatedMinusLatestTicks=0.000 sampleT=0.609
[rubber-banding][guest-local-edge] time=261.742 room=28 world=3 authority=3 entity=2 eventId=20 kind=Jump stage=Captured relatedEventId=0 inputTick=0 pressed=None createdAt=-1.000000 firstSendRequestedAt=-1.000000 firstSendDelayMs=-1.000 desiredTick=0 assignedTick=0 lastResolvedAtCreate=0 estimatedHostTickAtCreate=0 clampReason=None
[rubber-banding][guest-local-edge] time=261.752 room=28 world=3 authority=3 entity=2 eventId=20 kind=Jump stage=Attached relatedEventId=0 inputTick=1913 pressed=Jump createdAt=261.752000 firstSendRequestedAt=-1.000000 firstSendDelayMs=-1.000 desiredTick=1913 assignedTick=1913 lastResolvedAtCreate=1908 estimatedHostTickAtCreate=1910 clampReason=None
[rubber-banding][guest-local-edge] time=261.753 room=28 world=3 authority=3 entity=2 eventId=20 kind=Jump stage=FirstSendRequested relatedEventId=0 inputTick=1913 pressed=Jump createdAt=261.752000 firstSendRequestedAt=261.752000 firstSendDelayMs=0.000 desiredTick=1913 assignedTick=1913 lastResolvedAtCreate=1908 estimatedHostTickAtCreate=1910 clampReason=None
[rubber-banding][local-input] time=262.329 frame=137484 focused=1 host=0 room=28 world=3 authority=3 entity=2 windowMs=1003.9 updates=191 fixedCalls=50 commands=60 predictionSteps=60 noCommandUpdates=131 estimatedHostTick=1944 nextInputTick=1947 lastRecordedTick=1947 lastResolvedTick=1944 nextLead=3 recordedLead=3 unresolved=3 clamped=0 clampedTotal=1 batchesSent=1252 commandsSent=4224 sendFailures=0 move=(-1.00,0.00) jump=0
[rubber-banding][remote-render] time=262.329 frame=137484 entity=1 latestHostTick=1944 buffer=8 windowMs=1003.9 fps=190.3 snapshots=30 arrivalSamples=30 arrivalAvgMs=33.6 arrivalP95Ms=40.1 arrivalMaxMs=40.5 sameArrival=0 tickGapMax=2 renderFrames=191 interpolation=191 extrapolation=0 extrapolationCapped=0 extrapolationMaxMs=0.0 oldestHeld=0 zeroSpan=0 movingFrozen=0 teleport=0 visualStepAvgCm=0.00 visualStepMaxCm=0.00 estimatedHostTick=1944 renderTick=1939.454 latestSnapshotTick=1944.000 renderMinusLatestTicks=-4.546 estimatedMinusLatestTicks=0.000 sampleT=0.727
[rubber-banding][guest-local-edge] time=262.646 room=28 world=3 authority=3 entity=2 eventId=21 kind=Jump stage=Captured relatedEventId=0 inputTick=0 pressed=None createdAt=-1.000000 firstSendRequestedAt=-1.000000 firstSendDelayMs=-1.000 desiredTick=0 assignedTick=0 lastResolvedAtCreate=0 estimatedHostTickAtCreate=0 clampReason=None
[rubber-banding][guest-local-edge] time=262.657 room=28 world=3 authority=3 entity=2 eventId=21 kind=Jump stage=Attached relatedEventId=0 inputTick=1967 pressed=Jump createdAt=262.656100 firstSendRequestedAt=-1.000000 firstSendDelayMs=-1.000 desiredTick=1967 assignedTick=1967 lastResolvedAtCreate=1964 estimatedHostTickAtCreate=1964 clampReason=None
[rubber-banding][guest-local-edge] time=262.657 room=28 world=3 authority=3 entity=2 eventId=21 kind=Jump stage=FirstSendRequested relatedEventId=0 inputTick=1967 pressed=Jump createdAt=262.656100 firstSendRequestedAt=262.656100 firstSendDelayMs=0.000 desiredTick=1967 assignedTick=1967 lastResolvedAtCreate=1964 estimatedHostTickAtCreate=1964 clampReason=None
[rubber-banding][local-input] time=263.332 frame=137678 focused=1 host=0 room=28 world=3 authority=3 entity=2 windowMs=1003.3 updates=194 fixedCalls=50 commands=60 predictionSteps=60 noCommandUpdates=134 estimatedHostTick=2004 nextInputTick=2007 lastRecordedTick=2007 lastResolvedTick=2004 nextLead=3 recordedLead=3 unresolved=3 clamped=0 clampedTotal=1 batchesSent=1282 commandsSent=4353 sendFailures=0 move=(-1.00,0.00) jump=0
[rubber-banding][remote-render] time=263.332 frame=137678 entity=1 latestHostTick=2004 buffer=8 windowMs=1003.3 fps=193.4 snapshots=30 arrivalSamples=30 arrivalAvgMs=33.1 arrivalP95Ms=38.5 arrivalMaxMs=38.9 sameArrival=0 tickGapMax=2 renderFrames=194 interpolation=194 extrapolation=0 extrapolationCapped=0 extrapolationMaxMs=0.0 oldestHeld=0 zeroSpan=0 movingFrozen=0 teleport=0 visualStepAvgCm=0.00 visualStepMaxCm=0.00 estimatedHostTick=2004 renderTick=1999.653 latestSnapshotTick=2004.000 renderMinusLatestTicks=-4.347 estimatedMinusLatestTicks=0.000 sampleT=0.827
[rubber-banding][local-input] time=264.337 frame=137869 focused=1 host=0 room=28 world=3 authority=3 entity=2 windowMs=1005.1 updates=191 fixedCalls=50 commands=61 predictionSteps=61 noCommandUpdates=130 estimatedHostTick=2065 nextInputTick=2068 lastRecordedTick=2068 lastResolvedTick=2064 nextLead=3 recordedLead=3 unresolved=4 clamped=0 clampedTotal=1 batchesSent=1312 commandsSent=4476 sendFailures=0 move=(0.00,0.00) jump=0
[rubber-banding][remote-render] time=264.337 frame=137869 entity=1 latestHostTick=2064 buffer=8 windowMs=1005.1 fps=190.0 snapshots=30 arrivalSamples=30 arrivalAvgMs=33.5 arrivalP95Ms=38.4 arrivalMaxMs=38.8 sameArrival=0 tickGapMax=2 renderFrames=191 interpolation=191 extrapolation=0 extrapolationCapped=0 extrapolationMaxMs=0.0 oldestHeld=0 zeroSpan=0 movingFrozen=0 teleport=0 visualStepAvgCm=0.00 visualStepMaxCm=0.00 estimatedHostTick=2065 renderTick=2059.961 latestSnapshotTick=2064.000 renderMinusLatestTicks=-4.039 estimatedMinusLatestTicks=1.000 sampleT=0.980
[rubber-banding][local-input] time=265.342 frame=138060 focused=1 host=0 room=28 world=3 authority=3 entity=2 windowMs=1004.7 updates=191 fixedCalls=50 commands=60 predictionSteps=60 noCommandUpdates=131 estimatedHostTick=2125 nextInputTick=2128 lastRecordedTick=2128 lastResolvedTick=2124 nextLead=3 recordedLead=3 unresolved=4 clamped=0 clampedTotal=1 batchesSent=1342 commandsSent=4615 sendFailures=0 move=(-1.00,0.00) jump=0
[rubber-banding][remote-render] time=265.342 frame=138060 entity=1 latestHostTick=2124 buffer=8 windowMs=1004.7 fps=190.1 snapshots=30 arrivalSamples=30 arrivalAvgMs=33.6 arrivalP95Ms=38.7 arrivalMaxMs=38.7 sameArrival=0 tickGapMax=2 renderFrames=191 interpolation=191 extrapolation=0 extrapolationCapped=0 extrapolationMaxMs=0.0 oldestHeld=0 zeroSpan=0 movingFrozen=3 teleport=0 visualStepAvgCm=1.17 visualStepMaxCm=5.42 estimatedHostTick=2125 renderTick=2120.245 latestSnapshotTick=2124.000 renderMinusLatestTicks=-3.755 estimatedMinusLatestTicks=1.000 sampleT=0.122
[rubber-banding][local-input] time=266.345 frame=138257 focused=1 host=0 room=28 world=3 authority=3 entity=2 windowMs=1002.9 updates=197 fixedCalls=51 commands=60 predictionSteps=60 noCommandUpdates=137 estimatedHostTick=2185 nextInputTick=2188 lastRecordedTick=2188 lastResolvedTick=2184 nextLead=3 recordedLead=3 unresolved=4 clamped=0 clampedTotal=1 batchesSent=1372 commandsSent=4759 sendFailures=0 move=(1.00,0.00) jump=0
[rubber-banding][remote-render] time=266.345 frame=138257 entity=1 latestHostTick=2184 buffer=8 windowMs=1002.9 fps=196.4 snapshots=30 arrivalSamples=30 arrivalAvgMs=33.2 arrivalP95Ms=39.6 arrivalMaxMs=40.1 sameArrival=0 tickGapMax=2 renderFrames=197 interpolation=197 extrapolation=0 extrapolationCapped=0 extrapolationMaxMs=0.0 oldestHeld=0 zeroSpan=0 movingFrozen=7 teleport=0 visualStepAvgCm=1.73 visualStepMaxCm=3.31 estimatedHostTick=2185 renderTick=2180.419 latestSnapshotTick=2184.000 renderMinusLatestTicks=-3.581 estimatedMinusLatestTicks=1.000 sampleT=0.209
[rubber-banding][local-input] time=267.347 frame=138451 focused=1 host=0 room=28 world=3 authority=3 entity=2 windowMs=1001.5 updates=194 fixedCalls=50 commands=60 predictionSteps=60 noCommandUpdates=134 estimatedHostTick=2245 nextInputTick=2248 lastRecordedTick=2248 lastResolvedTick=2244 nextLead=3 recordedLead=3 unresolved=4 clamped=0 clampedTotal=1 batchesSent=1402 commandsSent=4881 sendFailures=0 move=(-1.00,0.00) jump=0
[rubber-banding][remote-render] time=267.347 frame=138451 entity=1 latestHostTick=2244 buffer=8 windowMs=1001.5 fps=193.7 snapshots=30 arrivalSamples=30 arrivalAvgMs=33.4 arrivalP95Ms=44.8 arrivalMaxMs=49.4 sameArrival=0 tickGapMax=2 renderFrames=194 interpolation=194 extrapolation=0 extrapolationCapped=0 extrapolationMaxMs=0.0 oldestHeld=0 zeroSpan=0 movingFrozen=0 teleport=0 visualStepAvgCm=1.83 visualStepMaxCm=4.08 estimatedHostTick=2245 renderTick=2240.507 latestSnapshotTick=2244.000 renderMinusLatestTicks=-3.493 estimatedMinusLatestTicks=1.000 sampleT=0.253
[rubber-banding][local-input] time=268.349 frame=138644 focused=1 host=0 room=28 world=3 authority=3 entity=2 windowMs=1002.6 updates=193 fixedCalls=50 commands=60 predictionSteps=60 noCommandUpdates=133 estimatedHostTick=2305 nextInputTick=2308 lastRecordedTick=2308 lastResolvedTick=2304 nextLead=3 recordedLead=3 unresolved=4 clamped=0 clampedTotal=1 batchesSent=1432 commandsSent=5001 sendFailures=0 move=(0.00,-1.00) jump=0
[rubber-banding][remote-render] time=268.349 frame=138644 entity=1 latestHostTick=2304 buffer=8 windowMs=1002.6 fps=192.5 snapshots=30 arrivalSamples=30 arrivalAvgMs=33.3 arrivalP95Ms=38.7 arrivalMaxMs=40.0 sameArrival=0 tickGapMax=2 renderFrames=193 interpolation=193 extrapolation=0 extrapolationCapped=0 extrapolationMaxMs=0.0 oldestHeld=0 zeroSpan=0 movingFrozen=11 teleport=0 visualStepAvgCm=1.70 visualStepMaxCm=3.26 estimatedHostTick=2305 renderTick=2300.660 latestSnapshotTick=2304.000 renderMinusLatestTicks=-3.340 estimatedMinusLatestTicks=1.000 sampleT=0.330
[rubber-banding][local-input] time=269.349 frame=138836 focused=1 host=0 room=28 world=3 authority=3 entity=2 windowMs=1000.3 updates=192 fixedCalls=50 commands=60 predictionSteps=60 noCommandUpdates=132 estimatedHostTick=2365 nextInputTick=2368 lastRecordedTick=2368 lastResolvedTick=2364 nextLead=3 recordedLead=3 unresolved=4 clamped=0 clampedTotal=1 batchesSent=1463 commandsSent=5125 sendFailures=0 move=(1.00,0.00) jump=0
[rubber-banding][remote-render] time=269.349 frame=138836 entity=1 latestHostTick=2364 buffer=8 windowMs=1000.3 fps=191.9 snapshots=30 arrivalSamples=30 arrivalAvgMs=33.3 arrivalP95Ms=40.5 arrivalMaxMs=41.3 sameArrival=0 tickGapMax=2 renderFrames=192 interpolation=192 extrapolation=0 extrapolationCapped=0 extrapolationMaxMs=0.0 oldestHeld=0 zeroSpan=0 movingFrozen=54 teleport=0 visualStepAvgCm=1.06 visualStepMaxCm=3.27 estimatedHostTick=2365 renderTick=2360.622 latestSnapshotTick=2364.000 renderMinusLatestTicks=-3.378 estimatedMinusLatestTicks=1.000 sampleT=0.311
[rubber-banding][local-input] time=270.356 frame=139029 focused=1 host=0 room=28 world=3 authority=3 entity=2 windowMs=1006.5 updates=193 fixedCalls=50 commands=60 predictionSteps=60 noCommandUpdates=133 estimatedHostTick=2425 nextInputTick=2428 lastRecordedTick=2428 lastResolvedTick=2424 nextLead=3 recordedLead=3 unresolved=4 clamped=0 clampedTotal=1 batchesSent=1493 commandsSent=5245 sendFailures=0 move=(1.00,0.00) jump=0
[rubber-banding][remote-render] time=270.356 frame=139029 entity=1 latestHostTick=2424 buffer=8 windowMs=1006.5 fps=191.8 snapshots=30 arrivalSamples=30 arrivalAvgMs=33.4 arrivalP95Ms=38.6 arrivalMaxMs=38.7 sameArrival=0 tickGapMax=2 renderFrames=193 interpolation=193 extrapolation=0 extrapolationCapped=0 extrapolationMaxMs=0.0 oldestHeld=0 zeroSpan=0 movingFrozen=0 teleport=0 visualStepAvgCm=0.00 visualStepMaxCm=0.00 estimatedHostTick=2425 renderTick=2421.012 latestSnapshotTick=2424.000 renderMinusLatestTicks=-2.988 estimatedMinusLatestTicks=1.000 sampleT=0.506
[rubber-banding][local-input] time=271.357 frame=139221 focused=1 host=0 room=28 world=3 authority=3 entity=2 windowMs=1001.0 updates=192 fixedCalls=50 commands=60 predictionSteps=60 noCommandUpdates=132 estimatedHostTick=2485 nextInputTick=2488 lastRecordedTick=2488 lastResolvedTick=2484 nextLead=3 recordedLead=3 unresolved=4 clamped=0 clampedTotal=1 batchesSent=1523 commandsSent=5365 sendFailures=0 move=(0.00,0.00) jump=0
[rubber-banding][remote-render] time=271.357 frame=139221 entity=1 latestHostTick=2484 buffer=8 windowMs=1001.0 fps=191.8 snapshots=30 arrivalSamples=30 arrivalAvgMs=33.6 arrivalP95Ms=38.7 arrivalMaxMs=38.8 sameArrival=0 tickGapMax=2 renderFrames=192 interpolation=192 extrapolation=0 extrapolationCapped=0 extrapolationMaxMs=0.0 oldestHeld=0 zeroSpan=0 movingFrozen=1 teleport=0 visualStepAvgCm=1.43 visualStepMaxCm=3.69 estimatedHostTick=2485 renderTick=2480.966 latestSnapshotTick=2484.000 renderMinusLatestTicks=-3.034 estimatedMinusLatestTicks=1.000 sampleT=0.483
[rubber-banding][local-input] time=272.358 frame=139416 focused=1 host=0 room=28 world=3 authority=3 entity=2 windowMs=1000.5 updates=195 fixedCalls=50 commands=60 predictionSteps=60 noCommandUpdates=135 estimatedHostTick=2545 nextInputTick=2548 lastRecordedTick=2548 lastResolvedTick=2544 nextLead=3 recordedLead=3 unresolved=4 clamped=0 clampedTotal=1 batchesSent=1553 commandsSent=5485 sendFailures=0 move=(0.00,1.00) jump=0
[rubber-banding][remote-render] time=272.358 frame=139416 entity=1 latestHostTick=2544 buffer=8 windowMs=1000.5 fps=194.9 snapshots=30 arrivalSamples=30 arrivalAvgMs=33.2 arrivalP95Ms=38.7 arrivalMaxMs=39.8 sameArrival=0 tickGapMax=2 renderFrames=195 interpolation=195 extrapolation=0 extrapolationCapped=0 extrapolationMaxMs=0.0 oldestHeld=0 zeroSpan=0 movingFrozen=0 teleport=0 visualStepAvgCm=1.96 visualStepMaxCm=3.92 estimatedHostTick=2545 renderTick=2540.952 latestSnapshotTick=2544.000 renderMinusLatestTicks=-3.048 estimatedMinusLatestTicks=1.000 sampleT=0.476
[rubber-banding][local-input] time=273.360 frame=139610 focused=1 host=0 room=28 world=3 authority=3 entity=2 windowMs=1002.6 updates=194 fixedCalls=50 commands=60 predictionSteps=60 noCommandUpdates=134 estimatedHostTick=2605 nextInputTick=2608 lastRecordedTick=2608 lastResolvedTick=2604 nextLead=3 recordedLead=3 unresolved=4 clamped=0 clampedTotal=1 batchesSent=1583 commandsSent=5605 sendFailures=0 move=(0.00,1.00) jump=0
[rubber-banding][remote-render] time=273.360 frame=139610 entity=1 latestHostTick=2604 buffer=8 windowMs=1002.6 fps=193.5 snapshots=30 arrivalSamples=30 arrivalAvgMs=33.3 arrivalP95Ms=37.0 arrivalMaxMs=37.5 sameArrival=0 tickGapMax=2 renderFrames=194 interpolation=194 extrapolation=0 extrapolationCapped=0 extrapolationMaxMs=0.0 oldestHeld=0 zeroSpan=0 movingFrozen=0 teleport=0 visualStepAvgCm=0.00 visualStepMaxCm=0.20 estimatedHostTick=2605 renderTick=2601.108 latestSnapshotTick=2604.000 renderMinusLatestTicks=-2.892 estimatedMinusLatestTicks=1.000 sampleT=0.554
[rubber-banding][local-input] time=274.363 frame=139808 focused=1 host=0 room=28 world=3 authority=3 entity=2 windowMs=1003.1 updates=198 fixedCalls=51 commands=61 predictionSteps=61 noCommandUpdates=137 estimatedHostTick=2666 nextInputTick=2669 lastRecordedTick=2669 lastResolvedTick=2666 nextLead=3 recordedLead=3 unresolved=3 clamped=0 clampedTotal=1 batchesSent=1613 commandsSent=5726 sendFailures=0 move=(0.00,-1.00) jump=0
[rubber-banding][remote-render] time=274.363 frame=139808 entity=1 latestHostTick=2666 buffer=8 windowMs=1003.1 fps=197.4 snapshots=31 arrivalSamples=31 arrivalAvgMs=33.4 arrivalP95Ms=40.0 arrivalMaxMs=42.9 sameArrival=0 tickGapMax=2 renderFrames=198 interpolation=198 extrapolation=0 extrapolationCapped=0 extrapolationMaxMs=0.0 oldestHeld=0 zeroSpan=0 movingFrozen=33 teleport=0 visualStepAvgCm=0.94 visualStepMaxCm=3.22 estimatedHostTick=2666 renderTick=2661.294 latestSnapshotTick=2666.000 renderMinusLatestTicks=-4.706 estimatedMinusLatestTicks=0.000 sampleT=0.647
[rubber-banding][local-input] time=275.369 frame=140002 focused=1 host=0 room=28 world=3 authority=3 entity=2 windowMs=1006.1 updates=194 fixedCalls=50 commands=60 predictionSteps=60 noCommandUpdates=134 estimatedHostTick=2726 nextInputTick=2729 lastRecordedTick=2729 lastResolvedTick=2726 nextLead=3 recordedLead=3 unresolved=3 clamped=0 clampedTotal=1 batchesSent=1643 commandsSent=5846 sendFailures=0 move=(0.00,1.00) jump=0
[rubber-banding][remote-render] time=275.369 frame=140002 entity=1 latestHostTick=2726 buffer=8 windowMs=1006.1 fps=192.8 snapshots=30 arrivalSamples=30 arrivalAvgMs=33.3 arrivalP95Ms=38.7 arrivalMaxMs=39.9 sameArrival=0 tickGapMax=2 renderFrames=194 interpolation=194 extrapolation=0 extrapolationCapped=0 extrapolationMaxMs=0.0 oldestHeld=0 zeroSpan=0 movingFrozen=14 teleport=0 visualStepAvgCm=0.87 visualStepMaxCm=3.20 estimatedHostTick=2726 renderTick=2721.659 latestSnapshotTick=2726.000 renderMinusLatestTicks=-4.341 estimatedMinusLatestTicks=0.000 sampleT=0.829
[rubber-banding][local-input] time=276.372 frame=140197 focused=1 host=0 room=28 world=3 authority=3 entity=2 windowMs=1002.8 updates=195 fixedCalls=50 commands=60 predictionSteps=60 noCommandUpdates=135 estimatedHostTick=2786 nextInputTick=2789 lastRecordedTick=2789 lastResolvedTick=2786 nextLead=3 recordedLead=3 unresolved=3 clamped=0 clampedTotal=1 batchesSent=1673 commandsSent=5966 sendFailures=0 move=(0.00,0.00) jump=0
[rubber-banding][remote-render] time=276.372 frame=140197 entity=1 latestHostTick=2786 buffer=8 windowMs=1002.8 fps=194.5 snapshots=30 arrivalSamples=30 arrivalAvgMs=33.3 arrivalP95Ms=38.3 arrivalMaxMs=38.5 sameArrival=0 tickGapMax=2 renderFrames=195 interpolation=195 extrapolation=0 extrapolationCapped=0 extrapolationMaxMs=0.0 oldestHeld=0 zeroSpan=0 movingFrozen=13 teleport=0 visualStepAvgCm=0.32 visualStepMaxCm=2.42 estimatedHostTick=2786 renderTick=2781.825 latestSnapshotTick=2786.000 renderMinusLatestTicks=-4.175 estimatedMinusLatestTicks=0.000 sampleT=0.913
[rubber-banding][local-input] time=277.377 frame=140392 focused=1 host=0 room=28 world=3 authority=3 entity=2 windowMs=1004.8 updates=195 fixedCalls=50 commands=60 predictionSteps=60 noCommandUpdates=135 estimatedHostTick=2846 nextInputTick=2849 lastRecordedTick=2849 lastResolvedTick=2846 nextLead=3 recordedLead=3 unresolved=3 clamped=0 clampedTotal=1 batchesSent=1703 commandsSent=6086 sendFailures=0 move=(-1.00,0.00) jump=0
[rubber-banding][remote-render] time=277.377 frame=140392 entity=1 latestHostTick=2846 buffer=8 windowMs=1004.8 fps=194.1 snapshots=30 arrivalSamples=30 arrivalAvgMs=33.5 arrivalP95Ms=41.3 arrivalMaxMs=41.4 sameArrival=0 tickGapMax=2 renderFrames=195 interpolation=195 extrapolation=0 extrapolationCapped=0 extrapolationMaxMs=0.0 oldestHeld=0 zeroSpan=0 movingFrozen=6 teleport=0 visualStepAvgCm=1.19 visualStepMaxCm=3.20 estimatedHostTick=2846 renderTick=2842.115 latestSnapshotTick=2846.000 renderMinusLatestTicks=-3.885 estimatedMinusLatestTicks=0.000 sampleT=0.057
[rubber-banding][local-input] time=278.378 frame=140589 focused=1 host=0 room=28 world=3 authority=3 entity=2 windowMs=1001.6 updates=197 fixedCalls=50 commands=61 predictionSteps=61 noCommandUpdates=136 estimatedHostTick=2907 nextInputTick=2910 lastRecordedTick=2910 lastResolvedTick=2906 nextLead=3 recordedLead=3 unresolved=4 clamped=0 clampedTotal=1 batchesSent=1733 commandsSent=6210 sendFailures=0 move=(0.00,1.00) jump=0
[rubber-banding][remote-render] time=278.378 frame=140589 entity=1 latestHostTick=2906 buffer=8 windowMs=1001.6 fps=196.7 snapshots=30 arrivalSamples=30 arrivalAvgMs=33.4 arrivalP95Ms=38.5 arrivalMaxMs=39.5 sameArrival=0 tickGapMax=2 renderFrames=197 interpolation=197 extrapolation=0 extrapolationCapped=0 extrapolationMaxMs=0.0 oldestHeld=0 zeroSpan=0 movingFrozen=0 teleport=0 visualStepAvgCm=2.01 visualStepMaxCm=3.92 estimatedHostTick=2907 renderTick=2902.208 latestSnapshotTick=2906.000 renderMinusLatestTicks=-3.792 estimatedMinusLatestTicks=1.000 sampleT=0.104
[rubber-banding][local-input] time=279.380 frame=140787 focused=1 host=0 room=28 world=3 authority=3 entity=2 windowMs=1001.2 updates=198 fixedCalls=50 commands=60 predictionSteps=60 noCommandUpdates=138 estimatedHostTick=2967 nextInputTick=2970 lastRecordedTick=2970 lastResolvedTick=2966 nextLead=3 recordedLead=3 unresolved=4 clamped=0 clampedTotal=1 batchesSent=1763 commandsSent=6330 sendFailures=0 move=(0.00,0.00) jump=0
[rubber-banding][remote-render] time=279.380 frame=140787 entity=1 latestHostTick=2966 buffer=8 windowMs=1001.2 fps=197.8 snapshots=30 arrivalSamples=30 arrivalAvgMs=33.4 arrivalP95Ms=38.5 arrivalMaxMs=39.2 sameArrival=0 tickGapMax=2 renderFrames=198 interpolation=198 extrapolation=0 extrapolationCapped=0 extrapolationMaxMs=0.0 oldestHeld=0 zeroSpan=0 movingFrozen=2 teleport=0 visualStepAvgCm=1.28 visualStepMaxCm=3.34 estimatedHostTick=2967 renderTick=2962.278 latestSnapshotTick=2966.000 renderMinusLatestTicks=-3.722 estimatedMinusLatestTicks=1.000 sampleT=0.139
[rubber-banding][local-input] time=280.383 frame=140983 focused=1 host=0 room=28 world=3 authority=3 entity=2 windowMs=1003.4 updates=196 fixedCalls=51 commands=60 predictionSteps=60 noCommandUpdates=136 estimatedHostTick=3027 nextInputTick=3030 lastRecordedTick=3030 lastResolvedTick=3026 nextLead=3 recordedLead=3 unresolved=4 clamped=0 clampedTotal=1 batchesSent=1794 commandsSent=6454 sendFailures=0 move=(1.00,0.00) jump=0
[rubber-banding][remote-render] time=280.383 frame=140983 entity=1 latestHostTick=3026 buffer=8 windowMs=1003.4 fps=195.3 snapshots=30 arrivalSamples=30 arrivalAvgMs=33.3 arrivalP95Ms=39.2 arrivalMaxMs=42.9 sameArrival=0 tickGapMax=2 renderFrames=196 interpolation=196 extrapolation=0 extrapolationCapped=0 extrapolationMaxMs=0.0 oldestHeld=0 zeroSpan=0 movingFrozen=0 teleport=0 visualStepAvgCm=1.73 visualStepMaxCm=3.50 estimatedHostTick=3027 renderTick=3022.479 latestSnapshotTick=3026.000 renderMinusLatestTicks=-3.521 estimatedMinusLatestTicks=1.000 sampleT=0.240
[rubber-banding][local-input] time=281.389 frame=141174 focused=1 host=0 room=28 world=3 authority=3 entity=2 windowMs=1006.3 updates=191 fixedCalls=50 commands=60 predictionSteps=60 noCommandUpdates=131 estimatedHostTick=3087 nextInputTick=3090 lastRecordedTick=3090 lastResolvedTick=3086 nextLead=3 recordedLead=3 unresolved=4 clamped=0 clampedTotal=1 batchesSent=1824 commandsSent=6574 sendFailures=0 move=(-0.71,-0.71) jump=0
[rubber-banding][remote-render] time=281.389 frame=141174 entity=1 latestHostTick=3086 buffer=8 windowMs=1006.3 fps=189.8 snapshots=30 arrivalSamples=30 arrivalAvgMs=33.3 arrivalP95Ms=38.1 arrivalMaxMs=38.6 sameArrival=0 tickGapMax=2 renderFrames=191 interpolation=191 extrapolation=0 extrapolationCapped=0 extrapolationMaxMs=0.0 oldestHeld=0 zeroSpan=0 movingFrozen=0 teleport=0 visualStepAvgCm=0.00 visualStepMaxCm=0.00 estimatedHostTick=3087 renderTick=3082.858 latestSnapshotTick=3086.000 renderMinusLatestTicks=-3.142 estimatedMinusLatestTicks=1.000 sampleT=0.429
[rubber-banding][local-input] time=282.390 frame=141365 focused=1 host=0 room=28 world=3 authority=3 entity=2 windowMs=1001.2 updates=191 fixedCalls=50 commands=60 predictionSteps=60 noCommandUpdates=131 estimatedHostTick=3147 nextInputTick=3150 lastRecordedTick=3150 lastResolvedTick=3146 nextLead=3 recordedLead=3 unresolved=4 clamped=0 clampedTotal=1 batchesSent=1854 commandsSent=6694 sendFailures=0 move=(-0.71,0.71) jump=0
[rubber-banding][remote-render] time=282.390 frame=141365 entity=1 latestHostTick=3146 buffer=8 windowMs=1001.2 fps=190.8 snapshots=30 arrivalSamples=30 arrivalAvgMs=33.2 arrivalP95Ms=39.9 arrivalMaxMs=42.1 sameArrival=0 tickGapMax=2 renderFrames=191 interpolation=191 extrapolation=0 extrapolationCapped=0 extrapolationMaxMs=0.0 oldestHeld=0 zeroSpan=0 movingFrozen=0 teleport=0 visualStepAvgCm=0.00 visualStepMaxCm=0.00 estimatedHostTick=3147 renderTick=3142.928 latestSnapshotTick=3146.000 renderMinusLatestTicks=-3.072 estimatedMinusLatestTicks=1.000 sampleT=0.464
[rubber-banding][local-input] time=283.393 frame=141561 focused=1 host=0 room=28 world=3 authority=3 entity=2 windowMs=1002.8 updates=196 fixedCalls=50 commands=60 predictionSteps=60 noCommandUpdates=136 estimatedHostTick=3207 nextInputTick=3210 lastRecordedTick=3210 lastResolvedTick=3206 nextLead=3 recordedLead=3 unresolved=4 clamped=0 clampedTotal=1 batchesSent=1884 commandsSent=6814 sendFailures=0 move=(0.00,-1.00) jump=0
[rubber-banding][remote-render] time=283.393 frame=141561 entity=1 latestHostTick=3206 buffer=8 windowMs=1002.8 fps=195.4 snapshots=30 arrivalSamples=30 arrivalAvgMs=33.7 arrivalP95Ms=40.0 arrivalMaxMs=40.5 sameArrival=0 tickGapMax=2 renderFrames=196 interpolation=196 extrapolation=0 extrapolationCapped=0 extrapolationMaxMs=0.0 oldestHeld=0 zeroSpan=0 movingFrozen=0 teleport=0 visualStepAvgCm=0.00 visualStepMaxCm=0.00 estimatedHostTick=3207 renderTick=3203.074 latestSnapshotTick=3206.000 renderMinusLatestTicks=-2.926 estimatedMinusLatestTicks=1.000 sampleT=0.537
[rubber-banding][local-input] time=284.397 frame=141753 focused=1 host=0 room=28 world=3 authority=3 entity=2 windowMs=1003.9 updates=192 fixedCalls=50 commands=60 predictionSteps=60 noCommandUpdates=132 estimatedHostTick=3267 nextInputTick=3270 lastRecordedTick=3270 lastResolvedTick=3266 nextLead=3 recordedLead=3 unresolved=4 clamped=0 clampedTotal=1 batchesSent=1914 commandsSent=6921 sendFailures=0 move=(0.71,0.71) jump=0
[rubber-banding][remote-render] time=284.397 frame=141753 entity=1 latestHostTick=3266 buffer=8 windowMs=1003.9 fps=191.3 snapshots=30 arrivalSamples=30 arrivalAvgMs=33.1 arrivalP95Ms=41.1 arrivalMaxMs=42.3 sameArrival=0 tickGapMax=2 renderFrames=192 interpolation=192 extrapolation=0 extrapolationCapped=0 extrapolationMaxMs=0.0 oldestHeld=0 zeroSpan=0 movingFrozen=0 teleport=0 visualStepAvgCm=0.00 visualStepMaxCm=0.00 estimatedHostTick=3267 renderTick=3263.199 latestSnapshotTick=3266.000 renderMinusLatestTicks=-2.801 estimatedMinusLatestTicks=1.000 sampleT=0.600
[rubber-banding][local-input] time=285.399 frame=141945 focused=1 host=0 room=28 world=3 authority=3 entity=2 windowMs=1001.6 updates=192 fixedCalls=50 commands=61 predictionSteps=61 noCommandUpdates=131 estimatedHostTick=3328 nextInputTick=3331 lastRecordedTick=3331 lastResolvedTick=3328 nextLead=3 recordedLead=3 unresolved=3 clamped=0 clampedTotal=1 batchesSent=1944 commandsSent=7041 sendFailures=0 move=(0.00,1.00) jump=0
[rubber-banding][remote-render] time=285.399 frame=141945 entity=1 latestHostTick=3328 buffer=8 windowMs=1001.6 fps=191.7 snapshots=31 arrivalSamples=31 arrivalAvgMs=33.3 arrivalP95Ms=40.5 arrivalMaxMs=40.5 sameArrival=0 tickGapMax=2 renderFrames=192 interpolation=192 extrapolation=0 extrapolationCapped=0 extrapolationMaxMs=0.0 oldestHeld=0 zeroSpan=0 movingFrozen=0 teleport=0 visualStepAvgCm=0.00 visualStepMaxCm=0.00 estimatedHostTick=3328 renderTick=3323.294 latestSnapshotTick=3328.000 renderMinusLatestTicks=-4.706 estimatedMinusLatestTicks=0.000 sampleT=0.647
[rubber-banding][guest-local-edge] time=285.697 room=28 world=3 authority=3 entity=2 eventId=22 kind=Jump stage=Captured relatedEventId=0 inputTick=0 pressed=None createdAt=-1.000000 firstSendRequestedAt=-1.000000 firstSendDelayMs=-1.000 desiredTick=0 assignedTick=0 lastResolvedAtCreate=0 estimatedHostTickAtCreate=0 clampReason=None
[rubber-banding][guest-local-edge] time=285.697 room=28 world=3 authority=3 entity=2 eventId=22 kind=Jump stage=Attached relatedEventId=0 inputTick=3349 pressed=Jump createdAt=285.696100 firstSendRequestedAt=-1.000000 firstSendDelayMs=-1.000 desiredTick=3349 assignedTick=3349 lastResolvedAtCreate=3344 estimatedHostTickAtCreate=3346 clampReason=None
[rubber-banding][guest-local-edge] time=285.697 room=28 world=3 authority=3 entity=2 eventId=22 kind=Jump stage=FirstSendRequested relatedEventId=0 inputTick=3349 pressed=Jump createdAt=285.696100 firstSendRequestedAt=285.696100 firstSendDelayMs=0.000 desiredTick=3349 assignedTick=3349 lastResolvedAtCreate=3344 estimatedHostTickAtCreate=3346 clampReason=None
[rubber-banding][local-input] time=286.399 frame=142140 focused=1 host=0 room=28 world=3 authority=3 entity=2 windowMs=1000.6 updates=195 fixedCalls=50 commands=60 predictionSteps=60 noCommandUpdates=135 estimatedHostTick=3388 nextInputTick=3391 lastRecordedTick=3391 lastResolvedTick=3388 nextLead=3 recordedLead=3 unresolved=3 clamped=0 clampedTotal=1 batchesSent=1975 commandsSent=7166 sendFailures=0 move=(0.00,-1.00) jump=0
[rubber-banding][remote-render] time=286.399 frame=142140 entity=1 latestHostTick=3388 buffer=8 windowMs=1000.6 fps=194.9 snapshots=30 arrivalSamples=30 arrivalAvgMs=33.4 arrivalP95Ms=38.3 arrivalMaxMs=38.5 sameArrival=0 tickGapMax=2 renderFrames=195 interpolation=195 extrapolation=0 extrapolationCapped=0 extrapolationMaxMs=0.0 oldestHeld=0 zeroSpan=0 movingFrozen=0 teleport=0 visualStepAvgCm=0.00 visualStepMaxCm=0.00 estimatedHostTick=3388 renderTick=3383.331 latestSnapshotTick=3388.000 renderMinusLatestTicks=-4.669 estimatedMinusLatestTicks=0.000 sampleT=0.665
[rubber-banding][guest-local-edge] time=286.484 room=28 world=3 authority=3 entity=2 eventId=23 kind=Jump stage=Captured relatedEventId=0 inputTick=0 pressed=None createdAt=-1.000000 firstSendRequestedAt=-1.000000 firstSendDelayMs=-1.000 desiredTick=0 assignedTick=0 lastResolvedAtCreate=0 estimatedHostTickAtCreate=0 clampReason=None
[rubber-banding][guest-local-edge] time=286.494 room=28 world=3 authority=3 entity=2 eventId=23 kind=Jump stage=Attached relatedEventId=0 inputTick=3397 pressed=Jump createdAt=286.493300 firstSendRequestedAt=-1.000000 firstSendDelayMs=-1.000 desiredTick=3397 assignedTick=3397 lastResolvedAtCreate=3392 estimatedHostTickAtCreate=3394 clampReason=None
[rubber-banding][guest-local-edge] time=286.494 room=28 world=3 authority=3 entity=2 eventId=23 kind=Jump stage=FirstSendRequested relatedEventId=0 inputTick=3397 pressed=Jump createdAt=286.493300 firstSendRequestedAt=286.493300 firstSendDelayMs=0.000 desiredTick=3397 assignedTick=3397 lastResolvedAtCreate=3392 estimatedHostTickAtCreate=3394 clampReason=None
[rubber-banding][guest-local-edge] time=287.279 room=28 world=3 authority=3 entity=2 eventId=24 kind=Jump stage=Captured relatedEventId=0 inputTick=0 pressed=None createdAt=-1.000000 firstSendRequestedAt=-1.000000 firstSendDelayMs=-1.000 desiredTick=0 assignedTick=0 lastResolvedAtCreate=0 estimatedHostTickAtCreate=0 clampReason=None
[rubber-banding][guest-local-edge] time=287.279 room=28 world=3 authority=3 entity=2 eventId=24 kind=Jump stage=Attached relatedEventId=0 inputTick=3444 pressed=Jump createdAt=287.277600 firstSendRequestedAt=-1.000000 firstSendDelayMs=-1.000 desiredTick=3444 assignedTick=3444 lastResolvedAtCreate=3440 estimatedHostTickAtCreate=3441 clampReason=None
[rubber-banding][guest-local-edge] time=287.279 room=28 world=3 authority=3 entity=2 eventId=24 kind=Jump stage=FirstSendRequested relatedEventId=0 inputTick=3444 pressed=Jump createdAt=287.277600 firstSendRequestedAt=287.277600 firstSendDelayMs=0.000 desiredTick=3444 assignedTick=3444 lastResolvedAtCreate=3440 estimatedHostTickAtCreate=3441 clampReason=None
[rubber-banding][local-input] time=287.401 frame=142333 focused=1 host=0 room=28 world=3 authority=3 entity=2 windowMs=1001.9 updates=193 fixedCalls=50 commands=60 predictionSteps=60 noCommandUpdates=133 estimatedHostTick=3448 nextInputTick=3451 lastRecordedTick=3451 lastResolvedTick=3448 nextLead=3 recordedLead=3 unresolved=3 clamped=0 clampedTotal=1 batchesSent=2007 commandsSent=7295 sendFailures=0 move=(0.00,-1.00) jump=0
[rubber-banding][remote-render] time=287.401 frame=142333 entity=1 latestHostTick=3448 buffer=8 windowMs=1001.9 fps=192.6 snapshots=30 arrivalSamples=30 arrivalAvgMs=33.4 arrivalP95Ms=37.8 arrivalMaxMs=38.9 sameArrival=0 tickGapMax=2 renderFrames=193 interpolation=193 extrapolation=0 extrapolationCapped=0 extrapolationMaxMs=0.0 oldestHeld=0 zeroSpan=0 movingFrozen=0 teleport=0 visualStepAvgCm=0.00 visualStepMaxCm=0.00 estimatedHostTick=3448 renderTick=3443.446 latestSnapshotTick=3448.000 renderMinusLatestTicks=-4.554 estimatedMinusLatestTicks=0.000 sampleT=0.723
[rubber-banding][guest-local-edge] time=288.034 room=28 world=3 authority=3 entity=2 eventId=25 kind=Jump stage=Captured relatedEventId=0 inputTick=0 pressed=None createdAt=-1.000000 firstSendRequestedAt=-1.000000 firstSendDelayMs=-1.000 desiredTick=0 assignedTick=0 lastResolvedAtCreate=0 estimatedHostTickAtCreate=0 clampReason=None
[rubber-banding][guest-local-edge] time=288.034 room=28 world=3 authority=3 entity=2 eventId=25 kind=Jump stage=Attached relatedEventId=0 inputTick=3489 pressed=Jump createdAt=288.032900 firstSendRequestedAt=-1.000000 firstSendDelayMs=-1.000 desiredTick=3489 assignedTick=3489 lastResolvedAtCreate=3486 estimatedHostTickAtCreate=3486 clampReason=None
[rubber-banding][guest-local-edge] time=288.035 room=28 world=3 authority=3 entity=2 eventId=25 kind=Jump stage=FirstSendRequested relatedEventId=0 inputTick=3489 pressed=Jump createdAt=288.032900 firstSendRequestedAt=288.032900 firstSendDelayMs=0.000 desiredTick=3489 assignedTick=3489 lastResolvedAtCreate=3486 estimatedHostTickAtCreate=3486 clampReason=None
[rubber-banding][local-input] time=288.404 frame=142527 focused=1 host=0 room=28 world=3 authority=3 entity=2 windowMs=1002.9 updates=194 fixedCalls=51 commands=60 predictionSteps=60 noCommandUpdates=134 estimatedHostTick=3508 nextInputTick=3511 lastRecordedTick=3511 lastResolvedTick=3508 nextLead=3 recordedLead=3 unresolved=3 clamped=0 clampedTotal=1 batchesSent=2038 commandsSent=7418 sendFailures=0 move=(-0.71,0.71) jump=0
[rubber-banding][remote-render] time=288.404 frame=142527 entity=1 latestHostTick=3508 buffer=8 windowMs=1002.9 fps=193.4 snapshots=30 arrivalSamples=30 arrivalAvgMs=33.3 arrivalP95Ms=39.0 arrivalMaxMs=39.9 sameArrival=0 tickGapMax=2 renderFrames=194 interpolation=194 extrapolation=0 extrapolationCapped=0 extrapolationMaxMs=0.0 oldestHeld=0 zeroSpan=0 movingFrozen=0 teleport=0 visualStepAvgCm=0.00 visualStepMaxCm=0.00 estimatedHostTick=3508 renderTick=3503.618 latestSnapshotTick=3508.000 renderMinusLatestTicks=-4.382 estimatedMinusLatestTicks=0.000 sampleT=0.809
[rubber-banding][local-input] time=289.407 frame=142719 focused=1 host=0 room=28 world=3 authority=3 entity=2 windowMs=1002.6 updates=192 fixedCalls=50 commands=60 predictionSteps=60 noCommandUpdates=132 estimatedHostTick=3568 nextInputTick=3571 lastRecordedTick=3571 lastResolvedTick=3568 nextLead=3 recordedLead=3 unresolved=3 clamped=0 clampedTotal=1 batchesSent=2068 commandsSent=7529 sendFailures=0 move=(0.00,1.00) jump=0
[rubber-banding][remote-render] time=289.407 frame=142719 entity=1 latestHostTick=3568 buffer=8 windowMs=1002.6 fps=191.5 snapshots=30 arrivalSamples=30 arrivalAvgMs=33.3 arrivalP95Ms=39.3 arrivalMaxMs=40.7 sameArrival=0 tickGapMax=2 renderFrames=192 interpolation=192 extrapolation=0 extrapolationCapped=0 extrapolationMaxMs=0.0 oldestHeld=0 zeroSpan=0 movingFrozen=0 teleport=0 visualStepAvgCm=0.00 visualStepMaxCm=0.00 estimatedHostTick=3568 renderTick=3563.772 latestSnapshotTick=3568.000 renderMinusLatestTicks=-4.228 estimatedMinusLatestTicks=0.000 sampleT=0.886
[rubber-banding][guest-local-edge] time=290.099 room=28 world=3 authority=3 entity=2 eventId=26 kind=Jump stage=Captured relatedEventId=0 inputTick=0 pressed=None createdAt=-1.000000 firstSendRequestedAt=-1.000000 firstSendDelayMs=-1.000 desiredTick=0 assignedTick=0 lastResolvedAtCreate=0 estimatedHostTickAtCreate=0 clampReason=None
[rubber-banding][guest-local-edge] time=290.099 room=28 world=3 authority=3 entity=2 eventId=26 kind=Jump stage=Attached relatedEventId=0 inputTick=3613 pressed=Jump createdAt=290.097400 firstSendRequestedAt=-1.000000 firstSendDelayMs=-1.000 desiredTick=3613 assignedTick=3613 lastResolvedAtCreate=3608 estimatedHostTickAtCreate=3610 clampReason=None
[rubber-banding][guest-local-edge] time=290.099 room=28 world=3 authority=3 entity=2 eventId=26 kind=Jump stage=FirstSendRequested relatedEventId=0 inputTick=3613 pressed=Jump createdAt=290.097400 firstSendRequestedAt=290.097400 firstSendDelayMs=0.000 desiredTick=3613 assignedTick=3613 lastResolvedAtCreate=3608 estimatedHostTickAtCreate=3610 clampReason=None
[rubber-banding][local-input] time=290.408 frame=142912 focused=1 host=0 room=28 world=3 authority=3 entity=2 windowMs=1001.6 updates=193 fixedCalls=50 commands=60 predictionSteps=60 noCommandUpdates=133 estimatedHostTick=3628 nextInputTick=3631 lastRecordedTick=3631 lastResolvedTick=3628 nextLead=3 recordedLead=3 unresolved=3 clamped=0 clampedTotal=1 batchesSent=2099 commandsSent=7647 sendFailures=0 move=(0.00,-1.00) jump=0
[rubber-banding][remote-render] time=290.408 frame=142912 entity=1 latestHostTick=3628 buffer=8 windowMs=1001.6 fps=192.7 snapshots=30 arrivalSamples=30 arrivalAvgMs=33.3 arrivalP95Ms=38.7 arrivalMaxMs=41.4 sameArrival=0 tickGapMax=2 renderFrames=193 interpolation=193 extrapolation=0 extrapolationCapped=0 extrapolationMaxMs=0.0 oldestHeld=0 zeroSpan=0 movingFrozen=0 teleport=0 visualStepAvgCm=0.00 visualStepMaxCm=0.00 estimatedHostTick=3628 renderTick=3623.867 latestSnapshotTick=3628.000 renderMinusLatestTicks=-4.133 estimatedMinusLatestTicks=0.000 sampleT=0.934
[rubber-banding][guest-local-edge] time=291.120 room=28 world=3 authority=3 entity=2 eventId=27 kind=Jump stage=Captured relatedEventId=0 inputTick=0 pressed=None createdAt=-1.000000 firstSendRequestedAt=-1.000000 firstSendDelayMs=-1.000 desiredTick=0 assignedTick=0 lastResolvedAtCreate=0 estimatedHostTickAtCreate=0 clampReason=None
[rubber-banding][guest-local-edge] time=291.120 room=28 world=3 authority=3 entity=2 eventId=27 kind=Jump stage=Attached relatedEventId=0 inputTick=3674 pressed=Jump createdAt=291.119000 firstSendRequestedAt=-1.000000 firstSendDelayMs=-1.000 desiredTick=3674 assignedTick=3674 lastResolvedAtCreate=3670 estimatedHostTickAtCreate=3671 clampReason=None
[rubber-banding][guest-local-edge] time=291.120 room=28 world=3 authority=3 entity=2 eventId=27 kind=Jump stage=FirstSendRequested relatedEventId=0 inputTick=3674 pressed=Jump createdAt=291.119000 firstSendRequestedAt=291.119000 firstSendDelayMs=0.000 desiredTick=3674 assignedTick=3674 lastResolvedAtCreate=3670 estimatedHostTickAtCreate=3671 clampReason=None
[rubber-banding][local-input] time=291.415 frame=143107 focused=1 host=0 room=28 world=3 authority=3 entity=2 windowMs=1007.1 updates=195 fixedCalls=50 commands=61 predictionSteps=61 noCommandUpdates=134 estimatedHostTick=3689 nextInputTick=3692 lastRecordedTick=3692 lastResolvedTick=3688 nextLead=3 recordedLead=3 unresolved=4 clamped=0 clampedTotal=1 batchesSent=2131 commandsSent=7758 sendFailures=0 move=(0.00,1.00) jump=0
[rubber-banding][remote-render] time=291.415 frame=143107 entity=1 latestHostTick=3688 buffer=8 windowMs=1007.1 fps=193.6 snapshots=30 arrivalSamples=30 arrivalAvgMs=33.5 arrivalP95Ms=39.1 arrivalMaxMs=39.3 sameArrival=0 tickGapMax=2 renderFrames=195 interpolation=195 extrapolation=0 extrapolationCapped=0 extrapolationMaxMs=0.0 oldestHeld=0 zeroSpan=0 movingFrozen=0 teleport=0 visualStepAvgCm=0.00 visualStepMaxCm=0.00 estimatedHostTick=3689 renderTick=3684.294 latestSnapshotTick=3688.000 renderMinusLatestTicks=-3.706 estimatedMinusLatestTicks=1.000 sampleT=0.147
[rubber-banding][local-input] time=292.418 frame=143298 focused=1 host=0 room=28 world=3 authority=3 entity=2 windowMs=1002.2 updates=191 fixedCalls=50 commands=60 predictionSteps=60 noCommandUpdates=131 estimatedHostTick=3749 nextInputTick=3752 lastRecordedTick=3752 lastResolvedTick=3748 nextLead=3 recordedLead=3 unresolved=4 clamped=0 clampedTotal=1 batchesSent=2161 commandsSent=7878 sendFailures=0 move=(0.00,-1.00) jump=0
[rubber-banding][remote-render] time=292.418 frame=143298 entity=1 latestHostTick=3748 buffer=8 windowMs=1002.2 fps=190.6 snapshots=30 arrivalSamples=30 arrivalAvgMs=33.2 arrivalP95Ms=38.2 arrivalMaxMs=46.2 sameArrival=0 tickGapMax=2 renderFrames=191 interpolation=191 extrapolation=0 extrapolationCapped=0 extrapolationMaxMs=0.0 oldestHeld=0 zeroSpan=0 movingFrozen=0 teleport=0 visualStepAvgCm=0.00 visualStepMaxCm=0.00 estimatedHostTick=3749 renderTick=3744.424 latestSnapshotTick=3748.000 renderMinusLatestTicks=-3.576 estimatedMinusLatestTicks=1.000 sampleT=0.212
[rubber-banding][local-input] time=293.422 frame=143489 focused=1 host=0 room=28 world=3 authority=3 entity=2 windowMs=1004.6 updates=191 fixedCalls=50 commands=60 predictionSteps=60 noCommandUpdates=131 estimatedHostTick=3809 nextInputTick=3812 lastRecordedTick=3812 lastResolvedTick=3808 nextLead=3 recordedLead=3 unresolved=4 clamped=0 clampedTotal=1 batchesSent=2191 commandsSent=7998 sendFailures=0 move=(0.00,0.00) jump=0
[rubber-banding][remote-render] time=293.422 frame=143489 entity=1 latestHostTick=3808 buffer=8 windowMs=1004.6 fps=190.1 snapshots=30 arrivalSamples=30 arrivalAvgMs=33.5 arrivalP95Ms=38.7 arrivalMaxMs=39.6 sameArrival=0 tickGapMax=2 renderFrames=191 interpolation=191 extrapolation=0 extrapolationCapped=0 extrapolationMaxMs=0.0 oldestHeld=0 zeroSpan=0 movingFrozen=0 teleport=0 visualStepAvgCm=0.00 visualStepMaxCm=0.00 estimatedHostTick=3809 renderTick=3804.700 latestSnapshotTick=3808.000 renderMinusLatestTicks=-3.300 estimatedMinusLatestTicks=1.000 sampleT=0.350
[rubber-banding][local-input] time=294.425 frame=143678 focused=1 host=0 room=28 world=3 authority=3 entity=2 windowMs=1002.7 updates=189 fixedCalls=51 commands=60 predictionSteps=60 noCommandUpdates=129 estimatedHostTick=3869 nextInputTick=3872 lastRecordedTick=3872 lastResolvedTick=3868 nextLead=3 recordedLead=3 unresolved=4 clamped=0 clampedTotal=1 batchesSent=2221 commandsSent=8104 sendFailures=0 move=(0.00,0.00) jump=0
[rubber-banding][remote-render] time=294.425 frame=143678 entity=1 latestHostTick=3868 buffer=8 windowMs=1002.7 fps=188.5 snapshots=30 arrivalSamples=30 arrivalAvgMs=33.2 arrivalP95Ms=38.5 arrivalMaxMs=39.0 sameArrival=0 tickGapMax=2 renderFrames=189 interpolation=189 extrapolation=0 extrapolationCapped=0 extrapolationMaxMs=0.0 oldestHeld=0 zeroSpan=0 movingFrozen=2 teleport=0 visualStepAvgCm=1.03 visualStepMaxCm=3.61 estimatedHostTick=3869 renderTick=3864.865 latestSnapshotTick=3868.000 renderMinusLatestTicks=-3.135 estimatedMinusLatestTicks=1.000 sampleT=0.433
[rubber-banding][local-input] time=295.428 frame=143869 focused=1 host=0 room=28 world=3 authority=3 entity=2 windowMs=1003.0 updates=191 fixedCalls=50 commands=60 predictionSteps=60 noCommandUpdates=131 estimatedHostTick=3929 nextInputTick=3932 lastRecordedTick=3932 lastResolvedTick=3928 nextLead=3 recordedLead=3 unresolved=4 clamped=0 clampedTotal=1 batchesSent=2251 commandsSent=8208 sendFailures=0 move=(0.00,0.00) jump=0
[rubber-banding][remote-render] time=295.428 frame=143869 entity=1 latestHostTick=3928 buffer=8 windowMs=1003.0 fps=190.4 snapshots=30 arrivalSamples=30 arrivalAvgMs=33.2 arrivalP95Ms=38.4 arrivalMaxMs=39.3 sameArrival=0 tickGapMax=2 renderFrames=191 interpolation=191 extrapolation=0 extrapolationCapped=0 extrapolationMaxMs=0.0 oldestHeld=0 zeroSpan=0 movingFrozen=0 teleport=0 visualStepAvgCm=2.07 visualStepMaxCm=3.36 estimatedHostTick=3929 renderTick=3925.045 latestSnapshotTick=3928.000 renderMinusLatestTicks=-2.955 estimatedMinusLatestTicks=1.000 sampleT=0.522
[rubber-banding][local-input] time=296.431 frame=144059 focused=1 host=0 room=28 world=3 authority=3 entity=2 windowMs=1002.7 updates=190 fixedCalls=50 commands=60 predictionSteps=60 noCommandUpdates=130 estimatedHostTick=3989 nextInputTick=3992 lastRecordedTick=3992 lastResolvedTick=3990 nextLead=3 recordedLead=3 unresolved=2 clamped=0 clampedTotal=1 batchesSent=2281 commandsSent=8299 sendFailures=0 move=(0.00,0.00) jump=0
[rubber-banding][remote-render] time=296.431 frame=144059 entity=1 latestHostTick=3990 buffer=8 windowMs=1002.7 fps=189.5 snapshots=31 arrivalSamples=31 arrivalAvgMs=32.9 arrivalP95Ms=39.0 arrivalMaxMs=51.9 sameArrival=0 tickGapMax=2 renderFrames=190 interpolation=190 extrapolation=0 extrapolationCapped=0 extrapolationMaxMs=0.0 oldestHeld=0 zeroSpan=0 movingFrozen=0 teleport=0 visualStepAvgCm=2.09 visualStepMaxCm=5.11 estimatedHostTick=3989 renderTick=3985.083 latestSnapshotTick=3990.000 renderMinusLatestTicks=-4.917 estimatedMinusLatestTicks=-1.000 sampleT=0.542
[rubber-banding][local-input] time=297.432 frame=144247 focused=1 host=0 room=28 world=3 authority=3 entity=2 windowMs=1001.2 updates=188 fixedCalls=50 commands=62 predictionSteps=62 noCommandUpdates=127 estimatedHostTick=4051 nextInputTick=4054 lastRecordedTick=4054 lastResolvedTick=4050 nextLead=3 recordedLead=3 unresolved=4 clamped=0 clampedTotal=1 batchesSent=2311 commandsSent=8445 sendFailures=0 move=(0.00,0.00) jump=0
[rubber-banding][remote-render] time=297.432 frame=144247 entity=1 latestHostTick=4050 buffer=8 windowMs=1001.2 fps=187.8 snapshots=30 arrivalSamples=30 arrivalAvgMs=33.2 arrivalP95Ms=39.3 arrivalMaxMs=40.7 sameArrival=0 tickGapMax=2 renderFrames=188 interpolation=188 extrapolation=0 extrapolationCapped=0 extrapolationMaxMs=0.0 oldestHeld=0 zeroSpan=0 movingFrozen=0 teleport=0 visualStepAvgCm=1.89 visualStepMaxCm=5.65 estimatedHostTick=4051 renderTick=4045.573 latestSnapshotTick=4050.000 renderMinusLatestTicks=-4.427 estimatedMinusLatestTicks=1.000 sampleT=0.786
[rubber-banding][local-input] time=298.436 frame=144437 focused=1 host=0 room=28 world=3 authority=3 entity=2 windowMs=1004.0 updates=190 fixedCalls=50 commands=60 predictionSteps=60 noCommandUpdates=130 estimatedHostTick=4111 nextInputTick=4114 lastRecordedTick=4114 lastResolvedTick=4110 nextLead=3 recordedLead=3 unresolved=4 clamped=0 clampedTotal=1 batchesSent=2341 commandsSent=8588 sendFailures=0 move=(0.00,0.00) jump=0
[rubber-banding][remote-render] time=298.436 frame=144437 entity=1 latestHostTick=4110 buffer=8 windowMs=1004.0 fps=189.2 snapshots=30 arrivalSamples=30 arrivalAvgMs=33.5 arrivalP95Ms=39.7 arrivalMaxMs=41.1 sameArrival=0 tickGapMax=2 renderFrames=190 interpolation=190 extrapolation=0 extrapolationCapped=0 extrapolationMaxMs=0.0 oldestHeld=0 zeroSpan=0 movingFrozen=0 teleport=0 visualStepAvgCm=2.03 visualStepMaxCm=4.67 estimatedHostTick=4111 renderTick=4105.811 latestSnapshotTick=4110.000 renderMinusLatestTicks=-4.189 estimatedMinusLatestTicks=1.000 sampleT=0.906
[rubber-banding][local-input] time=299.438 frame=144629 focused=1 host=0 room=28 world=3 authority=3 entity=2 windowMs=1002.5 updates=192 fixedCalls=50 commands=60 predictionSteps=60 noCommandUpdates=132 estimatedHostTick=4171 nextInputTick=4174 lastRecordedTick=4174 lastResolvedTick=4170 nextLead=3 recordedLead=3 unresolved=4 clamped=0 clampedTotal=1 batchesSent=2371 commandsSent=8735 sendFailures=0 move=(0.00,0.00) jump=0
[rubber-banding][remote-render] time=299.438 frame=144629 entity=1 latestHostTick=4170 buffer=8 windowMs=1002.5 fps=191.5 snapshots=30 arrivalSamples=30 arrivalAvgMs=33.2 arrivalP95Ms=41.0 arrivalMaxMs=44.1 sameArrival=0 tickGapMax=2 renderFrames=192 interpolation=192 extrapolation=0 extrapolationCapped=0 extrapolationMaxMs=0.0 oldestHeld=0 zeroSpan=0 movingFrozen=0 teleport=0 visualStepAvgCm=2.15 visualStepMaxCm=4.88 estimatedHostTick=4171 renderTick=4165.959 latestSnapshotTick=4170.000 renderMinusLatestTicks=-4.041 estimatedMinusLatestTicks=1.000 sampleT=0.980
[rubber-banding][local-input] time=300.442 frame=144823 focused=1 host=0 room=28 world=3 authority=3 entity=2 windowMs=1003.4 updates=194 fixedCalls=50 commands=60 predictionSteps=60 noCommandUpdates=134 estimatedHostTick=4231 nextInputTick=4234 lastRecordedTick=4234 lastResolvedTick=4230 nextLead=3 recordedLead=3 unresolved=4 clamped=0 clampedTotal=1 batchesSent=2402 commandsSent=8868 sendFailures=0 move=(0.00,0.00) jump=0
[rubber-banding][remote-render] time=300.442 frame=144823 entity=1 latestHostTick=4230 buffer=8 windowMs=1003.4 fps=193.3 snapshots=30 arrivalSamples=30 arrivalAvgMs=33.4 arrivalP95Ms=39.9 arrivalMaxMs=42.8 sameArrival=0 tickGapMax=2 renderFrames=194 interpolation=194 extrapolation=0 extrapolationCapped=0 extrapolationMaxMs=0.0 oldestHeld=0 zeroSpan=0 movingFrozen=0 teleport=0 visualStepAvgCm=2.56 visualStepMaxCm=5.87 estimatedHostTick=4231 renderTick=4226.164 latestSnapshotTick=4230.000 renderMinusLatestTicks=-3.836 estimatedMinusLatestTicks=1.000 sampleT=0.082
[rubber-banding][local-input] time=301.442 frame=145016 focused=1 host=0 room=28 world=3 authority=3 entity=2 windowMs=1000.7 updates=193 fixedCalls=51 commands=60 predictionSteps=60 noCommandUpdates=133 estimatedHostTick=4291 nextInputTick=4294 lastRecordedTick=4294 lastResolvedTick=4290 nextLead=3 recordedLead=3 unresolved=4 clamped=0 clampedTotal=1 batchesSent=2432 commandsSent=8989 sendFailures=0 move=(0.00,0.00) jump=0
[rubber-banding][remote-render] time=301.442 frame=145016 entity=1 latestHostTick=4290 buffer=8 windowMs=1000.7 fps=192.9 snapshots=30 arrivalSamples=30 arrivalAvgMs=33.2 arrivalP95Ms=38.8 arrivalMaxMs=39.9 sameArrival=0 tickGapMax=2 renderFrames=193 interpolation=193 extrapolation=0 extrapolationCapped=0 extrapolationMaxMs=0.0 oldestHeld=0 zeroSpan=0 movingFrozen=0 teleport=0 visualStepAvgCm=2.54 visualStepMaxCm=5.21 estimatedHostTick=4291 renderTick=4286.205 latestSnapshotTick=4290.000 renderMinusLatestTicks=-3.795 estimatedMinusLatestTicks=1.000 sampleT=0.102
[rubber-banding][local-input] time=302.446 frame=145210 focused=1 host=0 room=28 world=3 authority=3 entity=2 windowMs=1003.5 updates=194 fixedCalls=50 commands=60 predictionSteps=60 noCommandUpdates=134 estimatedHostTick=4351 nextInputTick=4354 lastRecordedTick=4354 lastResolvedTick=4350 nextLead=3 recordedLead=3 unresolved=4 clamped=0 clampedTotal=1 batchesSent=2462 commandsSent=9111 sendFailures=0 move=(0.00,0.00) jump=0
[rubber-banding][remote-render] time=302.446 frame=145210 entity=1 latestHostTick=4350 buffer=8 windowMs=1003.5 fps=193.3 snapshots=30 arrivalSamples=30 arrivalAvgMs=33.4 arrivalP95Ms=38.5 arrivalMaxMs=43.3 sameArrival=0 tickGapMax=2 renderFrames=194 interpolation=194 extrapolation=0 extrapolationCapped=0 extrapolationMaxMs=0.0 oldestHeld=0 zeroSpan=0 movingFrozen=5 teleport=0 visualStepAvgCm=1.97 visualStepMaxCm=3.56 estimatedHostTick=4351 renderTick=4346.413 latestSnapshotTick=4350.000 renderMinusLatestTicks=-3.587 estimatedMinusLatestTicks=1.000 sampleT=0.207
[rubber-banding][local-input] time=303.446 frame=145404 focused=1 host=0 room=28 world=3 authority=3 entity=2 windowMs=1000.4 updates=194 fixedCalls=50 commands=60 predictionSteps=60 noCommandUpdates=134 estimatedHostTick=4411 nextInputTick=4414 lastRecordedTick=4414 lastResolvedTick=4410 nextLead=3 recordedLead=3 unresolved=4 clamped=0 clampedTotal=1 batchesSent=2492 commandsSent=9231 sendFailures=0 move=(0.00,0.00) jump=0
[rubber-banding][remote-render] time=303.446 frame=145404 entity=1 latestHostTick=4410 buffer=8 windowMs=1000.4 fps=193.9 snapshots=30 arrivalSamples=30 arrivalAvgMs=33.2 arrivalP95Ms=37.0 arrivalMaxMs=39.5 sameArrival=0 tickGapMax=2 renderFrames=194 interpolation=194 extrapolation=0 extrapolationCapped=0 extrapolationMaxMs=0.0 oldestHeld=0 zeroSpan=0 movingFrozen=0 teleport=0 visualStepAvgCm=2.04 visualStepMaxCm=3.36 estimatedHostTick=4411 renderTick=4406.435 latestSnapshotTick=4410.000 renderMinusLatestTicks=-3.565 estimatedMinusLatestTicks=1.000 sampleT=0.218
[rubber-banding][local-input] time=304.446 frame=145600 focused=1 host=0 room=28 world=3 authority=3 entity=2 windowMs=1000.3 updates=196 fixedCalls=50 commands=60 predictionSteps=60 noCommandUpdates=136 estimatedHostTick=4471 nextInputTick=4474 lastRecordedTick=4474 lastResolvedTick=4470 nextLead=3 recordedLead=3 unresolved=4 clamped=0 clampedTotal=1 batchesSent=2522 commandsSent=9351 sendFailures=0 move=(0.00,0.00) jump=0
[rubber-banding][remote-render] time=304.446 frame=145600 entity=1 latestHostTick=4470 buffer=8 windowMs=1000.3 fps=195.9 snapshots=30 arrivalSamples=30 arrivalAvgMs=33.4 arrivalP95Ms=39.1 arrivalMaxMs=41.6 sameArrival=0 tickGapMax=2 renderFrames=196 interpolation=196 extrapolation=0 extrapolationCapped=0 extrapolationMaxMs=0.0 oldestHeld=0 zeroSpan=0 movingFrozen=0 teleport=0 visualStepAvgCm=2.03 visualStepMaxCm=3.21 estimatedHostTick=4471 renderTick=4466.454 latestSnapshotTick=4470.000 renderMinusLatestTicks=-3.546 estimatedMinusLatestTicks=1.000 sampleT=0.227
[rubber-banding][local-input] time=305.448 frame=145796 focused=1 host=0 room=28 world=3 authority=3 entity=2 windowMs=1001.4 updates=196 fixedCalls=50 commands=60 predictionSteps=60 noCommandUpdates=136 estimatedHostTick=4531 nextInputTick=4534 lastRecordedTick=4534 lastResolvedTick=4530 nextLead=3 recordedLead=3 unresolved=4 clamped=0 clampedTotal=1 batchesSent=2552 commandsSent=9471 sendFailures=0 move=(0.00,0.00) jump=0
[rubber-banding][remote-render] time=305.448 frame=145796 entity=1 latestHostTick=4530 buffer=8 windowMs=1001.4 fps=195.7 snapshots=30 arrivalSamples=30 arrivalAvgMs=33.3 arrivalP95Ms=38.1 arrivalMaxMs=43.1 sameArrival=0 tickGapMax=2 renderFrames=196 interpolation=196 extrapolation=0 extrapolationCapped=0 extrapolationMaxMs=0.0 oldestHeld=0 zeroSpan=0 movingFrozen=0 teleport=0 visualStepAvgCm=2.04 visualStepMaxCm=4.10 estimatedHostTick=4531 renderTick=4526.538 latestSnapshotTick=4530.000 renderMinusLatestTicks=-3.462 estimatedMinusLatestTicks=1.000 sampleT=0.269
[rubber-banding][local-input] time=306.451 frame=145989 focused=1 host=0 room=28 world=3 authority=3 entity=2 windowMs=1003.4 updates=193 fixedCalls=50 commands=60 predictionSteps=60 noCommandUpdates=133 estimatedHostTick=4591 nextInputTick=4594 lastRecordedTick=4594 lastResolvedTick=4590 nextLead=3 recordedLead=3 unresolved=4 clamped=0 clampedTotal=1 batchesSent=2582 commandsSent=9591 sendFailures=0 move=(0.00,0.00) jump=0
[rubber-banding][remote-render] time=306.451 frame=145989 entity=1 latestHostTick=4590 buffer=8 windowMs=1003.4 fps=192.4 snapshots=30 arrivalSamples=30 arrivalAvgMs=33.3 arrivalP95Ms=39.0 arrivalMaxMs=40.7 sameArrival=0 tickGapMax=2 renderFrames=193 interpolation=193 extrapolation=0 extrapolationCapped=0 extrapolationMaxMs=0.0 oldestHeld=0 zeroSpan=0 movingFrozen=3 teleport=0 visualStepAvgCm=1.70 visualStepMaxCm=3.76 estimatedHostTick=4591 renderTick=4586.739 latestSnapshotTick=4590.000 renderMinusLatestTicks=-3.261 estimatedMinusLatestTicks=1.000 sampleT=0.370
[rubber-banding][local-input] time=307.451 frame=146182 focused=1 host=0 room=28 world=3 authority=3 entity=2 windowMs=1000.1 updates=193 fixedCalls=50 commands=61 predictionSteps=61 noCommandUpdates=132 estimatedHostTick=4652 nextInputTick=4655 lastRecordedTick=4655 lastResolvedTick=4650 nextLead=3 recordedLead=3 unresolved=5 clamped=0 clampedTotal=1 batchesSent=2612 commandsSent=9711 sendFailures=0 move=(0.00,0.00) jump=0
[rubber-banding][remote-render] time=307.451 frame=146182 entity=1 latestHostTick=4650 buffer=8 windowMs=1000.1 fps=193.0 snapshots=30 arrivalSamples=30 arrivalAvgMs=33.4 arrivalP95Ms=38.9 arrivalMaxMs=39.3 sameArrival=0 tickGapMax=2 renderFrames=193 interpolation=193 extrapolation=0 extrapolationCapped=0 extrapolationMaxMs=0.0 oldestHeld=0 zeroSpan=0 movingFrozen=0 teleport=0 visualStepAvgCm=2.01 visualStepMaxCm=3.42 estimatedHostTick=4652 renderTick=4646.745 latestSnapshotTick=4650.000 renderMinusLatestTicks=-3.255 estimatedMinusLatestTicks=2.000 sampleT=0.372
[rubber-banding][local-input] time=308.456 frame=146376 focused=1 host=0 room=28 world=3 authority=3 entity=2 windowMs=1004.8 updates=194 fixedCalls=50 commands=60 predictionSteps=60 noCommandUpdates=134 estimatedHostTick=4712 nextInputTick=4715 lastRecordedTick=4715 lastResolvedTick=4712 nextLead=3 recordedLead=3 unresolved=3 clamped=0 clampedTotal=1 batchesSent=2642 commandsSent=9834 sendFailures=0 move=(0.00,0.00) jump=0
[rubber-banding][remote-render] time=308.456 frame=146376 entity=1 latestHostTick=4712 buffer=8 windowMs=1004.8 fps=193.1 snapshots=31 arrivalSamples=31 arrivalAvgMs=33.3 arrivalP95Ms=37.3 arrivalMaxMs=37.5 sameArrival=0 tickGapMax=2 renderFrames=194 interpolation=194 extrapolation=0 extrapolationCapped=0 extrapolationMaxMs=0.0 oldestHeld=0 zeroSpan=0 movingFrozen=2 teleport=0 visualStepAvgCm=1.38 visualStepMaxCm=3.60 estimatedHostTick=4712 renderTick=4707.034 latestSnapshotTick=4712.000 renderMinusLatestTicks=-4.966 estimatedMinusLatestTicks=0.000 sampleT=0.517
[rubber-banding][local-input] time=309.458 frame=146571 focused=1 host=0 room=28 world=3 authority=3 entity=2 windowMs=1001.6 updates=195 fixedCalls=50 commands=60 predictionSteps=60 noCommandUpdates=135 estimatedHostTick=4772 nextInputTick=4775 lastRecordedTick=4775 lastResolvedTick=4772 nextLead=3 recordedLead=3 unresolved=3 clamped=0 clampedTotal=1 batchesSent=2672 commandsSent=9955 sendFailures=0 move=(0.00,-1.00) jump=0
[rubber-banding][remote-render] time=309.458 frame=146571 entity=1 latestHostTick=4772 buffer=8 windowMs=1001.6 fps=194.7 snapshots=30 arrivalSamples=30 arrivalAvgMs=33.2 arrivalP95Ms=37.0 arrivalMaxMs=37.9 sameArrival=0 tickGapMax=2 renderFrames=195 interpolation=195 extrapolation=0 extrapolationCapped=0 extrapolationMaxMs=0.0 oldestHeld=0 zeroSpan=0 movingFrozen=0 teleport=0 visualStepAvgCm=0.06 visualStepMaxCm=1.79 estimatedHostTick=4772 renderTick=4767.129 latestSnapshotTick=4772.000 renderMinusLatestTicks=-4.871 estimatedMinusLatestTicks=0.000 sampleT=0.565
[rubber-banding][local-input] time=310.459 frame=146767 focused=1 host=0 room=28 world=3 authority=3 entity=2 windowMs=1001.5 updates=196 fixedCalls=50 commands=60 predictionSteps=60 noCommandUpdates=136 estimatedHostTick=4832 nextInputTick=4835 lastRecordedTick=4835 lastResolvedTick=4832 nextLead=3 recordedLead=3 unresolved=3 clamped=0 clampedTotal=1 batchesSent=2702 commandsSent=10075 sendFailures=0 move=(0.00,1.00) jump=0
[rubber-banding][remote-render] time=310.459 frame=146767 entity=1 latestHostTick=4832 buffer=8 windowMs=1001.5 fps=195.7 snapshots=30 arrivalSamples=30 arrivalAvgMs=33.4 arrivalP95Ms=36.4 arrivalMaxMs=36.5 sameArrival=0 tickGapMax=2 renderFrames=196 interpolation=196 extrapolation=0 extrapolationCapped=0 extrapolationMaxMs=0.0 oldestHeld=0 zeroSpan=0 movingFrozen=0 teleport=0 visualStepAvgCm=0.00 visualStepMaxCm=0.00 estimatedHostTick=4832 renderTick=4827.219 latestSnapshotTick=4832.000 renderMinusLatestTicks=-4.781 estimatedMinusLatestTicks=0.000 sampleT=0.610
[rubber-banding][local-input] time=311.459 frame=146962 focused=1 host=0 room=28 world=3 authority=3 entity=2 windowMs=1000.1 updates=195 fixedCalls=50 commands=60 predictionSteps=60 noCommandUpdates=135 estimatedHostTick=4892 nextInputTick=4895 lastRecordedTick=4895 lastResolvedTick=4892 nextLead=3 recordedLead=3 unresolved=3 clamped=0 clampedTotal=1 batchesSent=2732 commandsSent=10195 sendFailures=0 move=(1.00,0.00) jump=0
[rubber-banding][remote-render] time=311.459 frame=146962 entity=1 latestHostTick=4892 buffer=8 windowMs=1000.1 fps=195.0 snapshots=30 arrivalSamples=30 arrivalAvgMs=33.4 arrivalP95Ms=38.9 arrivalMaxMs=41.5 sameArrival=0 tickGapMax=2 renderFrames=195 interpolation=195 extrapolation=0 extrapolationCapped=0 extrapolationMaxMs=0.0 oldestHeld=0 zeroSpan=0 movingFrozen=0 teleport=0 visualStepAvgCm=0.00 visualStepMaxCm=0.00 estimatedHostTick=4892 renderTick=4887.226 latestSnapshotTick=4892.000 renderMinusLatestTicks=-4.774 estimatedMinusLatestTicks=0.000 sampleT=0.613
[rubber-banding][local-input] time=312.462 frame=147156 focused=1 host=0 room=28 world=3 authority=3 entity=2 windowMs=1002.4 updates=194 fixedCalls=50 commands=60 predictionSteps=60 noCommandUpdates=134 estimatedHostTick=4952 nextInputTick=4955 lastRecordedTick=4955 lastResolvedTick=4952 nextLead=3 recordedLead=3 unresolved=3 clamped=0 clampedTotal=1 batchesSent=2762 commandsSent=10315 sendFailures=0 move=(0.71,0.71) jump=0
[rubber-banding][remote-render] time=312.462 frame=147156 entity=1 latestHostTick=4952 buffer=8 windowMs=1002.4 fps=193.5 snapshots=30 arrivalSamples=30 arrivalAvgMs=33.3 arrivalP95Ms=37.7 arrivalMaxMs=38.5 sameArrival=0 tickGapMax=2 renderFrames=194 interpolation=194 extrapolation=0 extrapolationCapped=0 extrapolationMaxMs=0.0 oldestHeld=0 zeroSpan=0 movingFrozen=12 teleport=0 visualStepAvgCm=1.37 visualStepMaxCm=3.49 estimatedHostTick=4952 renderTick=4947.371 latestSnapshotTick=4952.000 renderMinusLatestTicks=-4.629 estimatedMinusLatestTicks=0.000 sampleT=0.686
[rubber-banding][local-input] time=313.467 frame=147350 focused=1 host=0 room=28 world=3 authority=3 entity=2 windowMs=1004.9 updates=194 fixedCalls=51 commands=60 predictionSteps=60 noCommandUpdates=134 estimatedHostTick=5012 nextInputTick=5015 lastRecordedTick=5015 lastResolvedTick=5012 nextLead=3 recordedLead=3 unresolved=3 clamped=0 clampedTotal=1 batchesSent=2792 commandsSent=10435 sendFailures=0 move=(1.00,0.00) jump=0
[rubber-banding][remote-render] time=313.467 frame=147350 entity=1 latestHostTick=5012 buffer=8 windowMs=1004.9 fps=193.1 snapshots=30 arrivalSamples=30 arrivalAvgMs=33.3 arrivalP95Ms=38.9 arrivalMaxMs=39.1 sameArrival=0 tickGapMax=2 renderFrames=194 interpolation=194 extrapolation=0 extrapolationCapped=0 extrapolationMaxMs=0.0 oldestHeld=0 zeroSpan=0 movingFrozen=0 teleport=0 visualStepAvgCm=2.04 visualStepMaxCm=3.47 estimatedHostTick=5012 renderTick=5007.662 latestSnapshotTick=5012.000 renderMinusLatestTicks=-4.338 estimatedMinusLatestTicks=0.000 sampleT=0.831
[rubber-banding][guest-local-edge] time=314.276 room=28 world=3 authority=3 entity=2 eventId=28 kind=Jump stage=Captured relatedEventId=0 inputTick=0 pressed=None createdAt=-1.000000 firstSendRequestedAt=-1.000000 firstSendDelayMs=-1.000 desiredTick=0 assignedTick=0 lastResolvedAtCreate=0 estimatedHostTickAtCreate=0 clampReason=None
[rubber-banding][guest-local-edge] time=314.276 room=28 world=3 authority=3 entity=2 eventId=28 kind=Jump stage=Attached relatedEventId=0 inputTick=5064 pressed=Jump createdAt=314.274500 firstSendRequestedAt=-1.000000 firstSendDelayMs=-1.000 desiredTick=5064 assignedTick=5064 lastResolvedAtCreate=5060 estimatedHostTickAtCreate=5061 clampReason=None
[rubber-banding][guest-local-edge] time=314.276 room=28 world=3 authority=3 entity=2 eventId=28 kind=Jump stage=FirstSendRequested relatedEventId=0 inputTick=5064 pressed=Jump createdAt=314.274500 firstSendRequestedAt=314.274500 firstSendDelayMs=0.000 desiredTick=5064 assignedTick=5064 lastResolvedAtCreate=5060 estimatedHostTickAtCreate=5061 clampReason=None
[rubber-banding][local-input] time=314.474 frame=147544 focused=1 host=0 room=28 world=3 authority=3 entity=2 windowMs=1006.9 updates=194 fixedCalls=50 commands=61 predictionSteps=61 noCommandUpdates=133 estimatedHostTick=5073 nextInputTick=5076 lastRecordedTick=5076 lastResolvedTick=5072 nextLead=3 recordedLead=3 unresolved=4 clamped=0 clampedTotal=1 batchesSent=2823 commandsSent=10559 sendFailures=0 move=(0.00,0.00) jump=0
[rubber-banding][remote-render] time=314.474 frame=147544 entity=1 latestHostTick=5072 buffer=8 windowMs=1006.9 fps=192.7 snapshots=30 arrivalSamples=30 arrivalAvgMs=33.3 arrivalP95Ms=37.7 arrivalMaxMs=41.2 sameArrival=0 tickGapMax=2 renderFrames=194 interpolation=194 extrapolation=0 extrapolationCapped=0 extrapolationMaxMs=0.0 oldestHeld=0 zeroSpan=0 movingFrozen=0 teleport=0 visualStepAvgCm=2.38 visualStepMaxCm=5.65 estimatedHostTick=5073 renderTick=5068.076 latestSnapshotTick=5072.000 renderMinusLatestTicks=-3.924 estimatedMinusLatestTicks=1.000 sampleT=0.038
[rubber-banding][guest-local-edge] time=315.033 room=28 world=3 authority=3 entity=2 eventId=29 kind=Jump stage=Captured relatedEventId=0 inputTick=0 pressed=None createdAt=-1.000000 firstSendRequestedAt=-1.000000 firstSendDelayMs=-1.000 desiredTick=0 assignedTick=0 lastResolvedAtCreate=0 estimatedHostTickAtCreate=0 clampReason=None
[rubber-banding][guest-local-edge] time=315.036 room=28 world=3 authority=3 entity=2 eventId=29 kind=Jump stage=Attached relatedEventId=0 inputTick=5110 pressed=Jump createdAt=315.035200 firstSendRequestedAt=-1.000000 firstSendDelayMs=-1.000 desiredTick=5110 assignedTick=5110 lastResolvedAtCreate=5106 estimatedHostTickAtCreate=5107 clampReason=None
[rubber-banding][guest-local-edge] time=315.036 room=28 world=3 authority=3 entity=2 eventId=29 kind=Jump stage=FirstSendRequested relatedEventId=0 inputTick=5110 pressed=Jump createdAt=315.035200 firstSendRequestedAt=315.035200 firstSendDelayMs=0.000 desiredTick=5110 assignedTick=5110 lastResolvedAtCreate=5106 estimatedHostTickAtCreate=5107 clampReason=None
[rubber-banding][local-input] time=315.476 frame=147739 focused=1 host=0 room=28 world=3 authority=3 entity=2 windowMs=1002.9 updates=195 fixedCalls=50 commands=60 predictionSteps=60 noCommandUpdates=135 estimatedHostTick=5133 nextInputTick=5136 lastRecordedTick=5136 lastResolvedTick=5132 nextLead=3 recordedLead=3 unresolved=4 clamped=0 clampedTotal=1 batchesSent=2854 commandsSent=10683 sendFailures=0 move=(1.00,0.00) jump=0
[rubber-banding][remote-render] time=315.476 frame=147739 entity=1 latestHostTick=5132 buffer=8 windowMs=1002.9 fps=194.4 snapshots=30 arrivalSamples=30 arrivalAvgMs=33.3 arrivalP95Ms=37.0 arrivalMaxMs=37.4 sameArrival=0 tickGapMax=2 renderFrames=195 interpolation=195 extrapolation=0 extrapolationCapped=0 extrapolationMaxMs=0.0 oldestHeld=0 zeroSpan=0 movingFrozen=0 teleport=0 visualStepAvgCm=2.61 visualStepMaxCm=5.12 estimatedHostTick=5133 renderTick=5128.248 latestSnapshotTick=5132.000 renderMinusLatestTicks=-3.752 estimatedMinusLatestTicks=1.000 sampleT=0.124
[rubber-banding][guest-local-edge] time=315.866 room=28 world=3 authority=3 entity=2 eventId=30 kind=Jump stage=Captured relatedEventId=0 inputTick=0 pressed=None createdAt=-1.000000 firstSendRequestedAt=-1.000000 firstSendDelayMs=-1.000 desiredTick=0 assignedTick=0 lastResolvedAtCreate=0 estimatedHostTickAtCreate=0 clampReason=None
[rubber-banding][guest-local-edge] time=315.869 room=28 world=3 authority=3 entity=2 eventId=30 kind=Jump stage=Attached relatedEventId=0 inputTick=5160 pressed=Jump createdAt=315.868800 firstSendRequestedAt=-1.000000 firstSendDelayMs=-1.000 desiredTick=5160 assignedTick=5160 lastResolvedAtCreate=5156 estimatedHostTickAtCreate=5157 clampReason=None
[rubber-banding][guest-local-edge] time=315.869 room=28 world=3 authority=3 entity=2 eventId=30 kind=Jump stage=FirstSendRequested relatedEventId=0 inputTick=5160 pressed=Jump createdAt=315.868800 firstSendRequestedAt=315.868800 firstSendDelayMs=0.000 desiredTick=5160 assignedTick=5160 lastResolvedAtCreate=5156 estimatedHostTickAtCreate=5157 clampReason=None
[rubber-banding][local-input] time=316.479 frame=147933 focused=1 host=0 room=28 world=3 authority=3 entity=2 windowMs=1002.7 updates=194 fixedCalls=50 commands=60 predictionSteps=60 noCommandUpdates=134 estimatedHostTick=5193 nextInputTick=5196 lastRecordedTick=5196 lastResolvedTick=5192 nextLead=3 recordedLead=3 unresolved=4 clamped=0 clampedTotal=1 batchesSent=2885 commandsSent=10807 sendFailures=0 move=(1.00,0.00) jump=0
[rubber-banding][remote-render] time=316.479 frame=147933 entity=1 latestHostTick=5192 buffer=8 windowMs=1002.7 fps=193.5 snapshots=30 arrivalSamples=30 arrivalAvgMs=33.3 arrivalP95Ms=38.1 arrivalMaxMs=38.6 sameArrival=0 tickGapMax=2 renderFrames=194 interpolation=194 extrapolation=0 extrapolationCapped=0 extrapolationMaxMs=0.0 oldestHeld=0 zeroSpan=0 movingFrozen=0 teleport=0 visualStepAvgCm=1.91 visualStepMaxCm=4.77 estimatedHostTick=5193 renderTick=5188.413 latestSnapshotTick=5192.000 renderMinusLatestTicks=-3.587 estimatedMinusLatestTicks=1.000 sampleT=0.206
[rubber-banding][guest-local-edge] time=317.128 room=28 world=3 authority=3 entity=2 eventId=31 kind=Jump stage=Captured relatedEventId=0 inputTick=0 pressed=None createdAt=-1.000000 firstSendRequestedAt=-1.000000 firstSendDelayMs=-1.000 desiredTick=0 assignedTick=0 lastResolvedAtCreate=0 estimatedHostTickAtCreate=0 clampReason=None
[rubber-banding][guest-local-edge] time=317.137 room=28 world=3 authority=3 entity=2 eventId=31 kind=Jump stage=Attached relatedEventId=0 inputTick=5236 pressed=Jump createdAt=317.136500 firstSendRequestedAt=-1.000000 firstSendDelayMs=-1.000 desiredTick=5236 assignedTick=5236 lastResolvedAtCreate=5232 estimatedHostTickAtCreate=5233 clampReason=None
[rubber-banding][guest-local-edge] time=317.137 room=28 world=3 authority=3 entity=2 eventId=31 kind=Jump stage=FirstSendRequested relatedEventId=0 inputTick=5236 pressed=Jump createdAt=317.136500 firstSendRequestedAt=317.136500 firstSendDelayMs=0.000 desiredTick=5236 assignedTick=5236 lastResolvedAtCreate=5232 estimatedHostTickAtCreate=5233 clampReason=None
[rubber-banding][local-input] time=317.480 frame=148124 focused=1 host=0 room=28 world=3 authority=3 entity=2 windowMs=1000.5 updates=191 fixedCalls=50 commands=60 predictionSteps=60 noCommandUpdates=131 estimatedHostTick=5253 nextInputTick=5256 lastRecordedTick=5256 lastResolvedTick=5252 nextLead=3 recordedLead=3 unresolved=4 clamped=0 clampedTotal=1 batchesSent=2916 commandsSent=10931 sendFailures=0 move=(1.00,0.00) jump=0
[rubber-banding][remote-render] time=317.480 frame=148124 entity=1 latestHostTick=5252 buffer=8 windowMs=1000.5 fps=190.9 snapshots=30 arrivalSamples=30 arrivalAvgMs=33.5 arrivalP95Ms=40.5 arrivalMaxMs=41.4 sameArrival=0 tickGapMax=2 renderFrames=191 interpolation=191 extrapolation=0 extrapolationCapped=0 extrapolationMaxMs=0.0 oldestHeld=0 zeroSpan=0 movingFrozen=0 teleport=0 visualStepAvgCm=2.35 visualStepMaxCm=7.35 estimatedHostTick=5253 renderTick=5248.442 latestSnapshotTick=5252.000 renderMinusLatestTicks=-3.558 estimatedMinusLatestTicks=1.000 sampleT=0.221
[rubber-banding][guest-local-edge] time=318.033 room=28 world=3 authority=3 entity=2 eventId=32 kind=Jump stage=Captured relatedEventId=0 inputTick=0 pressed=None createdAt=-1.000000 firstSendRequestedAt=-1.000000 firstSendDelayMs=-1.000 desiredTick=0 assignedTick=0 lastResolvedAtCreate=0 estimatedHostTickAtCreate=0 clampReason=None
[rubber-banding][guest-local-edge] time=318.037 room=28 world=3 authority=3 entity=2 eventId=32 kind=Jump stage=Attached relatedEventId=0 inputTick=5290 pressed=Jump createdAt=318.035900 firstSendRequestedAt=-1.000000 firstSendDelayMs=-1.000 desiredTick=5290 assignedTick=5290 lastResolvedAtCreate=5286 estimatedHostTickAtCreate=5287 clampReason=None
[rubber-banding][guest-local-edge] time=318.037 room=28 world=3 authority=3 entity=2 eventId=32 kind=Jump stage=FirstSendRequested relatedEventId=0 inputTick=5290 pressed=Jump createdAt=318.035900 firstSendRequestedAt=318.035900 firstSendDelayMs=0.000 desiredTick=5290 assignedTick=5290 lastResolvedAtCreate=5286 estimatedHostTickAtCreate=5287 clampReason=None
[rubber-banding][local-input] time=318.483 frame=148319 focused=1 host=0 room=28 world=3 authority=3 entity=2 windowMs=1003.3 updates=195 fixedCalls=51 commands=60 predictionSteps=60 noCommandUpdates=135 estimatedHostTick=5313 nextInputTick=5316 lastRecordedTick=5316 lastResolvedTick=5312 nextLead=3 recordedLead=3 unresolved=4 clamped=0 clampedTotal=1 batchesSent=2947 commandsSent=11055 sendFailures=0 move=(0.00,-1.00) jump=0
[rubber-banding][remote-render] time=318.483 frame=148319 entity=1 latestHostTick=5312 buffer=8 windowMs=1003.3 fps=194.4 snapshots=30 arrivalSamples=30 arrivalAvgMs=33.2 arrivalP95Ms=37.4 arrivalMaxMs=38.6 sameArrival=0 tickGapMax=2 renderFrames=195 interpolation=195 extrapolation=0 extrapolationCapped=0 extrapolationMaxMs=0.0 oldestHeld=0 zeroSpan=0 movingFrozen=0 teleport=0 visualStepAvgCm=2.52 visualStepMaxCm=8.33 estimatedHostTick=5313 renderTick=5308.638 latestSnapshotTick=5312.000 renderMinusLatestTicks=-3.362 estimatedMinusLatestTicks=1.000 sampleT=0.319
[rubber-banding][guest-local-edge] time=318.673 room=28 world=3 authority=3 entity=2 eventId=33 kind=Jump stage=Captured relatedEventId=0 inputTick=0 pressed=None createdAt=-1.000000 firstSendRequestedAt=-1.000000 firstSendDelayMs=-1.000 desiredTick=0 assignedTick=0 lastResolvedAtCreate=0 estimatedHostTickAtCreate=0 clampReason=None
[rubber-banding][guest-local-edge] time=318.673 room=28 world=3 authority=3 entity=2 eventId=33 kind=Jump stage=Attached relatedEventId=0 inputTick=5328 pressed=Jump createdAt=318.671800 firstSendRequestedAt=-1.000000 firstSendDelayMs=-1.000 desiredTick=5328 assignedTick=5328 lastResolvedAtCreate=5324 estimatedHostTickAtCreate=5325 clampReason=None
[rubber-banding][guest-local-edge] time=318.673 room=28 world=3 authority=3 entity=2 eventId=33 kind=Jump stage=FirstSendRequested relatedEventId=0 inputTick=5328 pressed=Jump createdAt=318.671800 firstSendRequestedAt=318.671800 firstSendDelayMs=0.000 desiredTick=5328 assignedTick=5328 lastResolvedAtCreate=5324 estimatedHostTickAtCreate=5325 clampReason=None
[rubber-banding][guest-local-edge] time=319.426 room=28 world=3 authority=3 entity=2 eventId=34 kind=Jump stage=Captured relatedEventId=0 inputTick=0 pressed=None createdAt=-1.000000 firstSendRequestedAt=-1.000000 firstSendDelayMs=-1.000 desiredTick=0 assignedTick=0 lastResolvedAtCreate=0 estimatedHostTickAtCreate=0 clampReason=None
[rubber-banding][guest-local-edge] time=319.441 room=28 world=3 authority=3 entity=2 eventId=34 kind=Jump stage=Attached relatedEventId=0 inputTick=5374 pressed=Jump createdAt=319.440900 firstSendRequestedAt=-1.000000 firstSendDelayMs=-1.000 desiredTick=5374 assignedTick=5374 lastResolvedAtCreate=5370 estimatedHostTickAtCreate=5371 clampReason=None
[rubber-banding][guest-local-edge] time=319.442 room=28 world=3 authority=3 entity=2 eventId=34 kind=Jump stage=FirstSendRequested relatedEventId=0 inputTick=5374 pressed=Jump createdAt=319.440900 firstSendRequestedAt=319.440900 firstSendDelayMs=0.000 desiredTick=5374 assignedTick=5374 lastResolvedAtCreate=5370 estimatedHostTickAtCreate=5371 clampReason=None
[rubber-banding][local-input] time=319.484 frame=148511 focused=1 host=0 room=28 world=3 authority=3 entity=2 windowMs=1000.9 updates=192 fixedCalls=50 commands=60 predictionSteps=60 noCommandUpdates=132 estimatedHostTick=5373 nextInputTick=5376 lastRecordedTick=5376 lastResolvedTick=5372 nextLead=3 recordedLead=3 unresolved=4 clamped=0 clampedTotal=1 batchesSent=2977 commandsSent=11166 sendFailures=0 move=(0.00,-1.00) jump=0
[rubber-banding][remote-render] time=319.484 frame=148511 entity=1 latestHostTick=5372 buffer=8 windowMs=1000.9 fps=191.8 snapshots=30 arrivalSamples=30 arrivalAvgMs=33.6 arrivalP95Ms=39.3 arrivalMaxMs=41.3 sameArrival=0 tickGapMax=2 renderFrames=192 interpolation=192 extrapolation=0 extrapolationCapped=0 extrapolationMaxMs=0.0 oldestHeld=0 zeroSpan=0 movingFrozen=0 teleport=0 visualStepAvgCm=2.61 visualStepMaxCm=6.29 estimatedHostTick=5373 renderTick=5368.691 latestSnapshotTick=5372.000 renderMinusLatestTicks=-3.309 estimatedMinusLatestTicks=1.000 sampleT=0.346
[rubber-banding][local-input] time=320.488 frame=148698 focused=1 host=0 room=28 world=3 authority=3 entity=2 windowMs=1003.9 updates=187 fixedCalls=50 commands=60 predictionSteps=60 noCommandUpdates=127 estimatedHostTick=5433 nextInputTick=5436 lastRecordedTick=5436 lastResolvedTick=5432 nextLead=3 recordedLead=3 unresolved=4 clamped=0 clampedTotal=1 batchesSent=3007 commandsSent=11269 sendFailures=0 move=(0.00,1.00) jump=0
[rubber-banding][remote-render] time=320.488 frame=148698 entity=1 latestHostTick=5432 buffer=8 windowMs=1003.9 fps=186.3 snapshots=30 arrivalSamples=30 arrivalAvgMs=33.2 arrivalP95Ms=38.8 arrivalMaxMs=38.9 sameArrival=0 tickGapMax=2 renderFrames=187 interpolation=187 extrapolation=0 extrapolationCapped=0 extrapolationMaxMs=0.0 oldestHeld=0 zeroSpan=0 movingFrozen=0 teleport=0 visualStepAvgCm=2.53 visualStepMaxCm=5.78 estimatedHostTick=5433 renderTick=5428.926 latestSnapshotTick=5432.000 renderMinusLatestTicks=-3.074 estimatedMinusLatestTicks=1.000 sampleT=0.463
[rubber-banding][guest-local-edge] time=320.862 room=28 world=3 authority=3 entity=2 eventId=35 kind=Jump stage=Captured relatedEventId=0 inputTick=0 pressed=None createdAt=-1.000000 firstSendRequestedAt=-1.000000 firstSendDelayMs=-1.000 desiredTick=0 assignedTick=0 lastResolvedAtCreate=0 estimatedHostTickAtCreate=0 clampReason=None
[rubber-banding][guest-local-edge] time=320.866 room=28 world=3 authority=3 entity=2 eventId=35 kind=Jump stage=Attached relatedEventId=0 inputTick=5460 pressed=Jump createdAt=320.864800 firstSendRequestedAt=-1.000000 firstSendDelayMs=-1.000 desiredTick=5460 assignedTick=5460 lastResolvedAtCreate=5456 estimatedHostTickAtCreate=5457 clampReason=None
[rubber-banding][guest-local-edge] time=320.866 room=28 world=3 authority=3 entity=2 eventId=35 kind=Jump stage=FirstSendRequested relatedEventId=0 inputTick=5460 pressed=Jump createdAt=320.864800 firstSendRequestedAt=320.864800 firstSendDelayMs=0.000 desiredTick=5460 assignedTick=5460 lastResolvedAtCreate=5456 estimatedHostTickAtCreate=5457 clampReason=None
[rubber-banding][local-input] time=321.490 frame=148886 focused=1 host=0 room=28 world=3 authority=3 entity=2 windowMs=1002.5 updates=188 fixedCalls=50 commands=61 predictionSteps=61 noCommandUpdates=127 estimatedHostTick=5494 nextInputTick=5497 lastRecordedTick=5497 lastResolvedTick=5494 nextLead=3 recordedLead=3 unresolved=3 clamped=0 clampedTotal=1 batchesSent=3038 commandsSent=11392 sendFailures=0 move=(1.00,0.00) jump=0
[rubber-banding][remote-render] time=321.490 frame=148886 entity=1 latestHostTick=5494 buffer=8 windowMs=1002.5 fps=187.5 snapshots=31 arrivalSamples=31 arrivalAvgMs=33.3 arrivalP95Ms=38.3 arrivalMaxMs=40.8 sameArrival=0 tickGapMax=2 renderFrames=188 interpolation=188 extrapolation=0 extrapolationCapped=0 extrapolationMaxMs=0.0 oldestHeld=0 zeroSpan=0 movingFrozen=0 teleport=0 visualStepAvgCm=2.80 visualStepMaxCm=5.93 estimatedHostTick=5494 renderTick=5489.078 latestSnapshotTick=5494.000 renderMinusLatestTicks=-4.922 estimatedMinusLatestTicks=0.000 sampleT=0.539
[rubber-banding][guest-local-edge] time=322.054 room=28 world=3 authority=3 entity=2 eventId=36 kind=Jump stage=Captured relatedEventId=0 inputTick=0 pressed=None createdAt=-1.000000 firstSendRequestedAt=-1.000000 firstSendDelayMs=-1.000 desiredTick=0 assignedTick=0 lastResolvedAtCreate=0 estimatedHostTickAtCreate=0 clampReason=None
[rubber-banding][guest-local-edge] time=322.054 room=28 world=3 authority=3 entity=2 eventId=36 kind=Jump stage=Attached relatedEventId=0 inputTick=5531 pressed=Jump createdAt=322.052600 firstSendRequestedAt=-1.000000 firstSendDelayMs=-1.000 desiredTick=5531 assignedTick=5531 lastResolvedAtCreate=5526 estimatedHostTickAtCreate=5528 clampReason=None
[rubber-banding][guest-local-edge] time=322.055 room=28 world=3 authority=3 entity=2 eventId=36 kind=Jump stage=FirstSendRequested relatedEventId=0 inputTick=5531 pressed=Jump createdAt=322.052600 firstSendRequestedAt=322.052600 firstSendDelayMs=0.000 desiredTick=5531 assignedTick=5531 lastResolvedAtCreate=5526 estimatedHostTickAtCreate=5528 clampReason=None
[rubber-banding][local-input] time=322.491 frame=149082 focused=1 host=0 room=28 world=3 authority=3 entity=2 windowMs=1000.6 updates=196 fixedCalls=50 commands=60 predictionSteps=60 noCommandUpdates=136 estimatedHostTick=5554 nextInputTick=5557 lastRecordedTick=5557 lastResolvedTick=5554 nextLead=3 recordedLead=3 unresolved=3 clamped=0 clampedTotal=1 batchesSent=3069 commandsSent=11517 sendFailures=0 move=(1.00,0.00) jump=0
[rubber-banding][remote-render] time=322.491 frame=149082 entity=1 latestHostTick=5554 buffer=8 windowMs=1000.6 fps=195.9 snapshots=30 arrivalSamples=30 arrivalAvgMs=33.4 arrivalP95Ms=37.9 arrivalMaxMs=39.0 sameArrival=0 tickGapMax=2 renderFrames=196 interpolation=196 extrapolation=0 extrapolationCapped=0 extrapolationMaxMs=0.0 oldestHeld=0 zeroSpan=0 movingFrozen=0 teleport=0 visualStepAvgCm=2.60 visualStepMaxCm=7.21 estimatedHostTick=5554 renderTick=5549.112 latestSnapshotTick=5554.000 renderMinusLatestTicks=-4.888 estimatedMinusLatestTicks=0.000 sampleT=0.556
[rubber-banding][guest-local-edge] time=322.923 room=28 world=3 authority=3 entity=2 eventId=37 kind=Jump stage=Captured relatedEventId=0 inputTick=0 pressed=None createdAt=-1.000000 firstSendRequestedAt=-1.000000 firstSendDelayMs=-1.000 desiredTick=0 assignedTick=0 lastResolvedAtCreate=0 estimatedHostTickAtCreate=0 clampReason=None
[rubber-banding][guest-local-edge] time=322.923 room=28 world=3 authority=3 entity=2 eventId=37 kind=Jump stage=Attached relatedEventId=0 inputTick=5583 pressed=Jump createdAt=322.921500 firstSendRequestedAt=-1.000000 firstSendDelayMs=-1.000 desiredTick=5583 assignedTick=5583 lastResolvedAtCreate=5578 estimatedHostTickAtCreate=5580 clampReason=None
[rubber-banding][guest-local-edge] time=322.923 room=28 world=3 authority=3 entity=2 eventId=37 kind=Jump stage=FirstSendRequested relatedEventId=0 inputTick=5583 pressed=Jump createdAt=322.921500 firstSendRequestedAt=322.921500 firstSendDelayMs=0.000 desiredTick=5583 assignedTick=5583 lastResolvedAtCreate=5578 estimatedHostTickAtCreate=5580 clampReason=None
[rubber-banding][local-input] time=323.497 frame=149271 focused=1 host=0 room=28 world=3 authority=3 entity=2 windowMs=1006.6 updates=189 fixedCalls=50 commands=60 predictionSteps=60 noCommandUpdates=129 estimatedHostTick=5614 nextInputTick=5617 lastRecordedTick=5617 lastResolvedTick=5614 nextLead=3 recordedLead=3 unresolved=3 clamped=0 clampedTotal=1 batchesSent=3100 commandsSent=11642 sendFailures=0 move=(1.00,0.00) jump=0
[rubber-banding][remote-render] time=323.497 frame=149271 entity=1 latestHostTick=5614 buffer=8 windowMs=1006.6 fps=187.8 snapshots=30 arrivalSamples=30 arrivalAvgMs=33.3 arrivalP95Ms=38.8 arrivalMaxMs=39.2 sameArrival=0 tickGapMax=2 renderFrames=189 interpolation=189 extrapolation=0 extrapolationCapped=0 extrapolationMaxMs=0.0 oldestHeld=0 zeroSpan=0 movingFrozen=0 teleport=0 visualStepAvgCm=2.93 visualStepMaxCm=6.11 estimatedHostTick=5614 renderTick=5609.510 latestSnapshotTick=5614.000 renderMinusLatestTicks=-4.490 estimatedMinusLatestTicks=0.000 sampleT=0.755
[rubber-banding][guest-local-edge] time=323.599 room=28 world=3 authority=3 entity=2 eventId=38 kind=Jump stage=Captured relatedEventId=0 inputTick=0 pressed=None createdAt=-1.000000 firstSendRequestedAt=-1.000000 firstSendDelayMs=-1.000 desiredTick=0 assignedTick=0 lastResolvedAtCreate=0 estimatedHostTickAtCreate=0 clampReason=None
[rubber-banding][guest-local-edge] time=323.610 room=28 world=3 authority=3 entity=2 eventId=38 kind=Jump stage=Attached relatedEventId=0 inputTick=5624 pressed=Jump createdAt=323.609300 firstSendRequestedAt=-1.000000 firstSendDelayMs=-1.000 desiredTick=5624 assignedTick=5624 lastResolvedAtCreate=5620 estimatedHostTickAtCreate=5621 clampReason=None
[rubber-banding][guest-local-edge] time=323.610 room=28 world=3 authority=3 entity=2 eventId=38 kind=Jump stage=FirstSendRequested relatedEventId=0 inputTick=5624 pressed=Jump createdAt=323.609300 firstSendRequestedAt=323.609300 firstSendDelayMs=0.000 desiredTick=5624 assignedTick=5624 lastResolvedAtCreate=5620 estimatedHostTickAtCreate=5621 clampReason=None
[rubber-banding][local-input] time=324.498 frame=149456 focused=1 host=0 room=28 world=3 authority=3 entity=2 windowMs=1000.9 updates=185 fixedCalls=50 commands=60 predictionSteps=60 noCommandUpdates=125 estimatedHostTick=5674 nextInputTick=5677 lastRecordedTick=5677 lastResolvedTick=5674 nextLead=3 recordedLead=3 unresolved=3 clamped=0 clampedTotal=1 batchesSent=3130 commandsSent=11752 sendFailures=0 move=(1.00,0.00) jump=0
[rubber-banding][remote-render] time=324.498 frame=149456 entity=1 latestHostTick=5674 buffer=8 windowMs=1000.9 fps=184.8 snapshots=30 arrivalSamples=30 arrivalAvgMs=33.3 arrivalP95Ms=39.9 arrivalMaxMs=40.9 sameArrival=0 tickGapMax=2 renderFrames=185 interpolation=185 extrapolation=0 extrapolationCapped=0 extrapolationMaxMs=0.0 oldestHeld=0 zeroSpan=0 movingFrozen=0 teleport=0 visualStepAvgCm=2.66 visualStepMaxCm=6.59 estimatedHostTick=5674 renderTick=5669.565 latestSnapshotTick=5674.000 renderMinusLatestTicks=-4.435 estimatedMinusLatestTicks=0.000 sampleT=0.782
[rubber-banding][local-input] time=325.504 frame=149641 focused=1 host=0 room=28 world=3 authority=3 entity=2 windowMs=1006.1 updates=185 fixedCalls=51 commands=61 predictionSteps=61 noCommandUpdates=124 estimatedHostTick=5735 nextInputTick=5738 lastRecordedTick=5738 lastResolvedTick=5734 nextLead=3 recordedLead=3 unresolved=4 clamped=0 clampedTotal=1 batchesSent=3161 commandsSent=11865 sendFailures=0 move=(0.00,1.00) jump=0
[rubber-banding][remote-render] time=325.504 frame=149641 entity=1 latestHostTick=5734 buffer=8 windowMs=1006.1 fps=183.9 snapshots=30 arrivalSamples=30 arrivalAvgMs=33.4 arrivalP95Ms=37.5 arrivalMaxMs=38.7 sameArrival=0 tickGapMax=2 renderFrames=185 interpolation=185 extrapolation=0 extrapolationCapped=0 extrapolationMaxMs=0.0 oldestHeld=0 zeroSpan=0 movingFrozen=0 teleport=0 visualStepAvgCm=2.17 visualStepMaxCm=4.64 estimatedHostTick=5735 renderTick=5729.929 latestSnapshotTick=5734.000 renderMinusLatestTicks=-4.071 estimatedMinusLatestTicks=1.000 sampleT=0.965
[rubber-banding][local-input] time=326.508 frame=149829 focused=1 host=0 room=28 world=3 authority=3 entity=2 windowMs=1003.4 updates=188 fixedCalls=50 commands=60 predictionSteps=60 noCommandUpdates=128 estimatedHostTick=5795 nextInputTick=5798 lastRecordedTick=5798 lastResolvedTick=5794 nextLead=3 recordedLead=3 unresolved=4 clamped=0 clampedTotal=1 batchesSent=3191 commandsSent=11985 sendFailures=0 move=(0.00,0.00) jump=0
[rubber-banding][remote-render] time=326.508 frame=149829 entity=1 latestHostTick=5794 buffer=8 windowMs=1003.4 fps=187.4 snapshots=30 arrivalSamples=30 arrivalAvgMs=33.3 arrivalP95Ms=38.5 arrivalMaxMs=38.6 sameArrival=0 tickGapMax=2 renderFrames=188 interpolation=188 extrapolation=0 extrapolationCapped=0 extrapolationMaxMs=0.0 oldestHeld=0 zeroSpan=0 movingFrozen=0 teleport=0 visualStepAvgCm=1.93 visualStepMaxCm=3.77 estimatedHostTick=5795 renderTick=5790.130 latestSnapshotTick=5794.000 renderMinusLatestTicks=-3.870 estimatedMinusLatestTicks=1.000 sampleT=0.065
[rubber-banding][local-input] time=327.511 frame=150019 focused=1 host=0 room=28 world=3 authority=3 entity=2 windowMs=1003.7 updates=190 fixedCalls=50 commands=60 predictionSteps=60 noCommandUpdates=130 estimatedHostTick=5855 nextInputTick=5858 lastRecordedTick=5858 lastResolvedTick=5854 nextLead=3 recordedLead=3 unresolved=4 clamped=0 clampedTotal=1 batchesSent=3221 commandsSent=12105 sendFailures=0 move=(0.00,0.00) jump=0
[rubber-banding][remote-render] time=327.511 frame=150019 entity=1 latestHostTick=5854 buffer=8 windowMs=1003.7 fps=189.3 snapshots=30 arrivalSamples=30 arrivalAvgMs=33.3 arrivalP95Ms=36.5 arrivalMaxMs=37.6 sameArrival=0 tickGapMax=2 renderFrames=190 interpolation=190 extrapolation=0 extrapolationCapped=0 extrapolationMaxMs=0.0 oldestHeld=0 zeroSpan=0 movingFrozen=0 teleport=0 visualStepAvgCm=2.08 visualStepMaxCm=6.13 estimatedHostTick=5855 renderTick=5850.350 latestSnapshotTick=5854.000 renderMinusLatestTicks=-3.650 estimatedMinusLatestTicks=1.000 sampleT=0.175
[rubber-banding][guest-local-edge] time=327.576 room=28 world=3 authority=3 entity=2 eventId=39 kind=Jump stage=Captured relatedEventId=0 inputTick=0 pressed=None createdAt=-1.000000 firstSendRequestedAt=-1.000000 firstSendDelayMs=-1.000 desiredTick=0 assignedTick=0 lastResolvedAtCreate=0 estimatedHostTickAtCreate=0 clampReason=None
[rubber-banding][guest-local-edge] time=327.585 room=28 world=3 authority=3 entity=2 eventId=39 kind=Jump stage=Attached relatedEventId=0 inputTick=5863 pressed=Jump createdAt=327.584600 firstSendRequestedAt=-1.000000 firstSendDelayMs=-1.000 desiredTick=5863 assignedTick=5863 lastResolvedAtCreate=5858 estimatedHostTickAtCreate=5860 clampReason=None
[rubber-banding][guest-local-edge] time=327.585 room=28 world=3 authority=3 entity=2 eventId=39 kind=Jump stage=FirstSendRequested relatedEventId=0 inputTick=5863 pressed=Jump createdAt=327.584600 firstSendRequestedAt=327.584600 firstSendDelayMs=0.000 desiredTick=5863 assignedTick=5863 lastResolvedAtCreate=5858 estimatedHostTickAtCreate=5860 clampReason=None
[rubber-banding][local-input] time=328.518 frame=150208 focused=1 host=0 room=28 world=3 authority=3 entity=2 windowMs=1006.6 updates=189 fixedCalls=50 commands=61 predictionSteps=61 noCommandUpdates=128 estimatedHostTick=5916 nextInputTick=5919 lastRecordedTick=5919 lastResolvedTick=5914 nextLead=3 recordedLead=3 unresolved=5 clamped=0 clampedTotal=1 batchesSent=3252 commandsSent=12230 sendFailures=0 move=(-1.00,0.00) jump=0
[rubber-banding][remote-render] time=328.518 frame=150208 entity=1 latestHostTick=5914 buffer=8 windowMs=1006.6 fps=187.8 snapshots=30 arrivalSamples=30 arrivalAvgMs=33.3 arrivalP95Ms=39.2 arrivalMaxMs=40.1 sameArrival=0 tickGapMax=2 renderFrames=189 interpolation=189 extrapolation=0 extrapolationCapped=0 extrapolationMaxMs=0.0 oldestHeld=0 zeroSpan=0 movingFrozen=0 teleport=0 visualStepAvgCm=1.18 visualStepMaxCm=5.22 estimatedHostTick=5916 renderTick=5910.746 latestSnapshotTick=5914.000 renderMinusLatestTicks=-3.254 estimatedMinusLatestTicks=2.000 sampleT=0.373
[rubber-banding][local-input] time=329.519 frame=150396 focused=1 host=0 room=28 world=3 authority=3 entity=2 windowMs=1000.6 updates=188 fixedCalls=50 commands=59 predictionSteps=59 noCommandUpdates=129 estimatedHostTick=5975 nextInputTick=5978 lastRecordedTick=5978 lastResolvedTick=5974 nextLead=3 recordedLead=3 unresolved=4 clamped=0 clampedTotal=1 batchesSent=3282 commandsSent=12325 sendFailures=0 move=(1.00,0.00) jump=0
[rubber-banding][remote-render] time=329.519 frame=150396 entity=1 latestHostTick=5974 buffer=8 windowMs=1000.6 fps=187.9 snapshots=30 arrivalSamples=30 arrivalAvgMs=33.5 arrivalP95Ms=38.6 arrivalMaxMs=39.1 sameArrival=0 tickGapMax=2 renderFrames=188 interpolation=188 extrapolation=0 extrapolationCapped=0 extrapolationMaxMs=0.0 oldestHeld=0 zeroSpan=0 movingFrozen=7 teleport=0 visualStepAvgCm=0.01 visualStepMaxCm=0.27 estimatedHostTick=5975 renderTick=5970.781 latestSnapshotTick=5974.000 renderMinusLatestTicks=-3.219 estimatedMinusLatestTicks=1.000 sampleT=0.390
[rubber-banding][guest-local-edge] time=329.801 room=28 world=3 authority=3 entity=2 eventId=40 kind=Jump stage=Captured relatedEventId=0 inputTick=0 pressed=None createdAt=-1.000000 firstSendRequestedAt=-1.000000 firstSendDelayMs=-1.000 desiredTick=0 assignedTick=0 lastResolvedAtCreate=0 estimatedHostTickAtCreate=0 clampReason=None
[rubber-banding][guest-local-edge] time=329.812 room=28 world=3 authority=3 entity=2 eventId=40 kind=Jump stage=Attached relatedEventId=0 inputTick=5996 pressed=Jump createdAt=329.811200 firstSendRequestedAt=-1.000000 firstSendDelayMs=-1.000 desiredTick=5996 assignedTick=5996 lastResolvedAtCreate=5992 estimatedHostTickAtCreate=5993 clampReason=None
[rubber-banding][guest-local-edge] time=329.812 room=28 world=3 authority=3 entity=2 eventId=40 kind=Jump stage=FirstSendRequested relatedEventId=0 inputTick=5996 pressed=Jump createdAt=329.811200 firstSendRequestedAt=329.811200 firstSendDelayMs=0.000 desiredTick=5996 assignedTick=5996 lastResolvedAtCreate=5992 estimatedHostTickAtCreate=5993 clampReason=None
[rubber-banding][local-input] time=330.521 frame=150579 focused=1 host=0 room=28 world=3 authority=3 entity=2 windowMs=1002.4 updates=183 fixedCalls=50 commands=60 predictionSteps=60 noCommandUpdates=123 estimatedHostTick=6035 nextInputTick=6038 lastRecordedTick=6038 lastResolvedTick=6034 nextLead=3 recordedLead=3 unresolved=4 clamped=0 clampedTotal=1 batchesSent=3313 commandsSent=12420 sendFailures=0 move=(-1.00,0.00) jump=0
[rubber-banding][remote-render] time=330.521 frame=150579 entity=1 latestHostTick=6034 buffer=8 windowMs=1002.4 fps=182.6 snapshots=30 arrivalSamples=30 arrivalAvgMs=33.2 arrivalP95Ms=40.2 arrivalMaxMs=40.8 sameArrival=0 tickGapMax=2 renderFrames=183 interpolation=183 extrapolation=0 extrapolationCapped=0 extrapolationMaxMs=0.0 oldestHeld=0 zeroSpan=0 movingFrozen=0 teleport=0 visualStepAvgCm=1.82 visualStepMaxCm=5.60 estimatedHostTick=6035 renderTick=6030.923 latestSnapshotTick=6034.000 renderMinusLatestTicks=-3.077 estimatedMinusLatestTicks=1.000 sampleT=0.462
[rubber-banding][local-input] time=331.528 frame=150762 focused=1 host=0 room=28 world=3 authority=3 entity=2 windowMs=1006.8 updates=183 fixedCalls=51 commands=61 predictionSteps=61 noCommandUpdates=122 estimatedHostTick=6096 nextInputTick=6099 lastRecordedTick=6099 lastResolvedTick=6096 nextLead=3 recordedLead=3 unresolved=3 clamped=0 clampedTotal=1 batchesSent=3343 commandsSent=12519 sendFailures=0 move=(-1.00,0.00) jump=0
[rubber-banding][remote-render] time=331.528 frame=150762 entity=1 latestHostTick=6096 buffer=8 windowMs=1006.8 fps=181.8 snapshots=31 arrivalSamples=31 arrivalAvgMs=33.4 arrivalP95Ms=40.3 arrivalMaxMs=40.4 sameArrival=0 tickGapMax=2 renderFrames=183 interpolation=183 extrapolation=0 extrapolationCapped=0 extrapolationMaxMs=0.0 oldestHeld=0 zeroSpan=0 movingFrozen=0 teleport=0 visualStepAvgCm=2.13 visualStepMaxCm=3.71 estimatedHostTick=6096 renderTick=6091.330 latestSnapshotTick=6096.000 renderMinusLatestTicks=-4.670 estimatedMinusLatestTicks=0.000 sampleT=0.665
[rubber-banding][local-input] time=332.532 frame=150947 focused=1 host=0 room=28 world=3 authority=3 entity=2 windowMs=1004.4 updates=185 fixedCalls=50 commands=60 predictionSteps=60 noCommandUpdates=125 estimatedHostTick=6156 nextInputTick=6159 lastRecordedTick=6159 lastResolvedTick=6156 nextLead=3 recordedLead=3 unresolved=3 clamped=0 clampedTotal=1 batchesSent=3373 commandsSent=12629 sendFailures=0 move=(0.00,1.00) jump=0
[rubber-banding][remote-render] time=332.532 frame=150947 entity=1 latestHostTick=6156 buffer=8 windowMs=1004.4 fps=184.2 snapshots=30 arrivalSamples=30 arrivalAvgMs=33.5 arrivalP95Ms=40.5 arrivalMaxMs=41.0 sameArrival=0 tickGapMax=2 renderFrames=185 interpolation=185 extrapolation=0 extrapolationCapped=0 extrapolationMaxMs=0.0 oldestHeld=0 zeroSpan=0 movingFrozen=5 teleport=0 visualStepAvgCm=2.06 visualStepMaxCm=5.65 estimatedHostTick=6156 renderTick=6151.593 latestSnapshotTick=6156.000 renderMinusLatestTicks=-4.407 estimatedMinusLatestTicks=0.000 sampleT=0.797
[rubber-banding][local-input] time=333.535 frame=151142 focused=1 host=0 room=28 world=3 authority=3 entity=2 windowMs=1002.6 updates=195 fixedCalls=50 commands=60 predictionSteps=60 noCommandUpdates=135 estimatedHostTick=6216 nextInputTick=6219 lastRecordedTick=6219 lastResolvedTick=6216 nextLead=3 recordedLead=3 unresolved=3 clamped=0 clampedTotal=1 batchesSent=3404 commandsSent=12727 sendFailures=0 move=(-0.71,-0.71) jump=0
[rubber-banding][remote-render] time=333.535 frame=151142 entity=1 latestHostTick=6216 buffer=8 windowMs=1002.6 fps=194.5 snapshots=30 arrivalSamples=30 arrivalAvgMs=33.1 arrivalP95Ms=37.7 arrivalMaxMs=40.3 sameArrival=0 tickGapMax=2 renderFrames=195 interpolation=195 extrapolation=0 extrapolationCapped=0 extrapolationMaxMs=0.0 oldestHeld=0 zeroSpan=0 movingFrozen=0 teleport=0 visualStepAvgCm=2.04 visualStepMaxCm=3.32 estimatedHostTick=6216 renderTick=6211.747 latestSnapshotTick=6216.000 renderMinusLatestTicks=-4.253 estimatedMinusLatestTicks=0.000 sampleT=0.874
[rubber-banding][local-input] time=334.538 frame=151337 focused=1 host=0 room=28 world=3 authority=3 entity=2 windowMs=1003.0 updates=195 fixedCalls=50 commands=60 predictionSteps=60 noCommandUpdates=135 estimatedHostTick=6276 nextInputTick=6279 lastRecordedTick=6279 lastResolvedTick=6276 nextLead=3 recordedLead=3 unresolved=3 clamped=0 clampedTotal=1 batchesSent=3434 commandsSent=12821 sendFailures=0 move=(-1.00,0.00) jump=0
[rubber-banding][remote-render] time=334.538 frame=151337 entity=1 latestHostTick=6276 buffer=8 windowMs=1003.0 fps=194.4 snapshots=30 arrivalSamples=30 arrivalAvgMs=33.4 arrivalP95Ms=40.9 arrivalMaxMs=42.6 sameArrival=0 tickGapMax=2 renderFrames=195 interpolation=195 extrapolation=0 extrapolationCapped=0 extrapolationMaxMs=0.0 oldestHeld=0 zeroSpan=0 movingFrozen=0 teleport=0 visualStepAvgCm=2.03 visualStepMaxCm=3.56 estimatedHostTick=6276 renderTick=6271.929 latestSnapshotTick=6276.000 renderMinusLatestTicks=-4.071 estimatedMinusLatestTicks=0.000 sampleT=0.964
[rubber-banding][local-input] time=335.544 frame=151529 focused=1 host=0 room=28 world=3 authority=3 entity=2 windowMs=1005.9 updates=192 fixedCalls=51 commands=61 predictionSteps=61 noCommandUpdates=131 estimatedHostTick=6337 nextInputTick=6340 lastRecordedTick=6340 lastResolvedTick=6336 nextLead=3 recordedLead=3 unresolved=4 clamped=0 clampedTotal=1 batchesSent=3464 commandsSent=12911 sendFailures=0 move=(1.00,0.00) jump=0
[rubber-banding][remote-render] time=335.544 frame=151529 entity=1 latestHostTick=6336 buffer=8 windowMs=1005.9 fps=190.9 snapshots=30 arrivalSamples=30 arrivalAvgMs=33.5 arrivalP95Ms=38.7 arrivalMaxMs=38.7 sameArrival=0 tickGapMax=2 renderFrames=192 interpolation=192 extrapolation=0 extrapolationCapped=0 extrapolationMaxMs=0.0 oldestHeld=0 zeroSpan=0 movingFrozen=0 teleport=0 visualStepAvgCm=2.02 visualStepMaxCm=3.64 estimatedHostTick=6337 renderTick=6332.282 latestSnapshotTick=6336.000 renderMinusLatestTicks=-3.718 estimatedMinusLatestTicks=1.000 sampleT=0.141
[rubber-banding][local-input] time=336.545 frame=151715 focused=1 host=0 room=28 world=3 authority=3 entity=2 windowMs=1001.6 updates=186 fixedCalls=50 commands=60 predictionSteps=60 noCommandUpdates=126 estimatedHostTick=6397 nextInputTick=6400 lastRecordedTick=6400 lastResolvedTick=6396 nextLead=3 recordedLead=3 unresolved=4 clamped=0 clampedTotal=1 batchesSent=3494 commandsSent=13007 sendFailures=0 move=(0.00,1.00) jump=0
[rubber-banding][remote-render] time=336.545 frame=151715 entity=1 latestHostTick=6396 buffer=8 windowMs=1001.6 fps=185.7 snapshots=30 arrivalSamples=30 arrivalAvgMs=33.4 arrivalP95Ms=38.0 arrivalMaxMs=39.2 sameArrival=0 tickGapMax=2 renderFrames=186 interpolation=186 extrapolation=0 extrapolationCapped=0 extrapolationMaxMs=0.0 oldestHeld=0 zeroSpan=0 movingFrozen=2 teleport=0 visualStepAvgCm=1.74 visualStepMaxCm=4.15 estimatedHostTick=6397 renderTick=6392.379 latestSnapshotTick=6396.000 renderMinusLatestTicks=-3.621 estimatedMinusLatestTicks=1.000 sampleT=0.190
[rubber-banding][local-input] time=337.547 frame=151900 focused=1 host=0 room=28 world=3 authority=3 entity=2 windowMs=1002.1 updates=185 fixedCalls=50 commands=60 predictionSteps=60 noCommandUpdates=125 estimatedHostTick=6457 nextInputTick=6460 lastRecordedTick=6460 lastResolvedTick=6456 nextLead=3 recordedLead=3 unresolved=4 clamped=0 clampedTotal=1 batchesSent=3524 commandsSent=13103 sendFailures=0 move=(1.00,0.00) jump=0
[rubber-banding][remote-render] time=337.547 frame=151900 entity=1 latestHostTick=6456 buffer=8 windowMs=1002.1 fps=184.6 snapshots=30 arrivalSamples=30 arrivalAvgMs=33.1 arrivalP95Ms=37.6 arrivalMaxMs=39.4 sameArrival=0 tickGapMax=2 renderFrames=185 interpolation=185 extrapolation=0 extrapolationCapped=0 extrapolationMaxMs=0.0 oldestHeld=0 zeroSpan=0 movingFrozen=0 teleport=0 visualStepAvgCm=2.10 visualStepMaxCm=4.25 estimatedHostTick=6457 renderTick=6452.505 latestSnapshotTick=6456.000 renderMinusLatestTicks=-3.495 estimatedMinusLatestTicks=1.000 sampleT=0.253
[rubber-banding][local-input] time=338.548 frame=152084 focused=1 host=0 room=28 world=3 authority=3 entity=2 windowMs=1000.8 updates=184 fixedCalls=50 commands=60 predictionSteps=60 noCommandUpdates=124 estimatedHostTick=6517 nextInputTick=6520 lastRecordedTick=6520 lastResolvedTick=6516 nextLead=3 recordedLead=3 unresolved=4 clamped=0 clampedTotal=1 batchesSent=3554 commandsSent=13205 sendFailures=0 move=(1.00,0.00) jump=0
[rubber-banding][remote-render] time=338.548 frame=152084 entity=1 latestHostTick=6516 buffer=8 windowMs=1000.8 fps=183.9 snapshots=30 arrivalSamples=30 arrivalAvgMs=33.5 arrivalP95Ms=39.1 arrivalMaxMs=39.2 sameArrival=0 tickGapMax=2 renderFrames=184 interpolation=184 extrapolation=0 extrapolationCapped=0 extrapolationMaxMs=0.0 oldestHeld=0 zeroSpan=0 movingFrozen=0 teleport=0 visualStepAvgCm=2.15 visualStepMaxCm=3.59 estimatedHostTick=6517 renderTick=6512.551 latestSnapshotTick=6516.000 renderMinusLatestTicks=-3.449 estimatedMinusLatestTicks=1.000 sampleT=0.276
[rubber-banding][local-input] time=339.550 frame=152274 focused=1 host=0 room=28 world=3 authority=3 entity=2 windowMs=1002.3 updates=190 fixedCalls=50 commands=60 predictionSteps=60 noCommandUpdates=130 estimatedHostTick=6577 nextInputTick=6580 lastRecordedTick=6580 lastResolvedTick=6576 nextLead=3 recordedLead=3 unresolved=4 clamped=0 clampedTotal=1 batchesSent=3584 commandsSent=13300 sendFailures=0 move=(0.00,1.00) jump=0
[rubber-banding][remote-render] time=339.550 frame=152274 entity=1 latestHostTick=6576 buffer=8 windowMs=1002.3 fps=189.6 snapshots=30 arrivalSamples=30 arrivalAvgMs=33.1 arrivalP95Ms=41.0 arrivalMaxMs=69.0 sameArrival=1 tickGapMax=2 renderFrames=190 interpolation=190 extrapolation=0 extrapolationCapped=0 extrapolationMaxMs=0.0 oldestHeld=0 zeroSpan=7 movingFrozen=0 teleport=0 visualStepAvgCm=2.01 visualStepMaxCm=6.10 estimatedHostTick=6577 renderTick=6572.688 latestSnapshotTick=6576.000 renderMinusLatestTicks=-3.312 estimatedMinusLatestTicks=1.000 sampleT=0.344
[rubber-banding][local-input] time=340.553 frame=152467 focused=1 host=0 room=28 world=3 authority=3 entity=2 windowMs=1002.7 updates=193 fixedCalls=50 commands=61 predictionSteps=61 noCommandUpdates=132 estimatedHostTick=6638 nextInputTick=6641 lastRecordedTick=6641 lastResolvedTick=6638 nextLead=3 recordedLead=3 unresolved=3 clamped=0 clampedTotal=1 batchesSent=3614 commandsSent=13419 sendFailures=0 move=(-1.00,0.00) jump=0
[rubber-banding][remote-render] time=340.553 frame=152467 entity=1 latestHostTick=6638 buffer=8 windowMs=1002.7 fps=192.5 snapshots=31 arrivalSamples=31 arrivalAvgMs=33.2 arrivalP95Ms=40.1 arrivalMaxMs=40.6 sameArrival=0 tickGapMax=2 renderFrames=193 interpolation=193 extrapolation=0 extrapolationCapped=0 extrapolationMaxMs=0.0 oldestHeld=0 zeroSpan=0 movingFrozen=0 teleport=0 visualStepAvgCm=2.17 visualStepMaxCm=5.72 estimatedHostTick=6638 renderTick=6632.848 latestSnapshotTick=6638.000 renderMinusLatestTicks=-5.152 estimatedMinusLatestTicks=0.000 sampleT=0.424
[rubber-banding][local-input] time=341.555 frame=152661 focused=1 host=0 room=28 world=3 authority=3 entity=2 windowMs=1002.3 updates=194 fixedCalls=50 commands=60 predictionSteps=60 noCommandUpdates=134 estimatedHostTick=6698 nextInputTick=6701 lastRecordedTick=6701 lastResolvedTick=6698 nextLead=3 recordedLead=3 unresolved=3 clamped=0 clampedTotal=1 batchesSent=3644 commandsSent=13539 sendFailures=0 move=(0.71,0.71) jump=0
[rubber-banding][remote-render] time=341.555 frame=152661 entity=1 latestHostTick=6698 buffer=8 windowMs=1002.3 fps=193.6 snapshots=30 arrivalSamples=30 arrivalAvgMs=33.4 arrivalP95Ms=38.3 arrivalMaxMs=43.6 sameArrival=0 tickGapMax=2 renderFrames=194 interpolation=194 extrapolation=0 extrapolationCapped=0 extrapolationMaxMs=0.0 oldestHeld=0 zeroSpan=0 movingFrozen=7 teleport=0 visualStepAvgCm=0.25 visualStepMaxCm=2.29 estimatedHostTick=6698 renderTick=6692.987 latestSnapshotTick=6698.000 renderMinusLatestTicks=-5.013 estimatedMinusLatestTicks=0.000 sampleT=0.493
[rubber-banding][guest-local-edge] time=341.909 room=28 world=3 authority=3 entity=2 eventId=41 kind=Jump stage=Captured relatedEventId=0 inputTick=0 pressed=None createdAt=-1.000000 firstSendRequestedAt=-1.000000 firstSendDelayMs=-1.000 desiredTick=0 assignedTick=0 lastResolvedAtCreate=0 estimatedHostTickAtCreate=0 clampReason=None
[rubber-banding][guest-local-edge] time=341.919 room=28 world=3 authority=3 entity=2 eventId=41 kind=Jump stage=Attached relatedEventId=0 inputTick=6723 pressed=Jump createdAt=341.918900 firstSendRequestedAt=-1.000000 firstSendDelayMs=-1.000 desiredTick=6723 assignedTick=6723 lastResolvedAtCreate=6718 estimatedHostTickAtCreate=6720 clampReason=None
[rubber-banding][guest-local-edge] time=341.920 room=28 world=3 authority=3 entity=2 eventId=41 kind=Jump stage=FirstSendRequested relatedEventId=0 inputTick=6723 pressed=Jump createdAt=341.918900 firstSendRequestedAt=341.918900 firstSendDelayMs=0.000 desiredTick=6723 assignedTick=6723 lastResolvedAtCreate=6718 estimatedHostTickAtCreate=6720 clampReason=None
[rubber-banding][local-input] time=342.557 frame=152853 focused=1 host=0 room=28 world=3 authority=3 entity=2 windowMs=1001.8 updates=192 fixedCalls=50 commands=60 predictionSteps=60 noCommandUpdates=132 estimatedHostTick=6758 nextInputTick=6761 lastRecordedTick=6761 lastResolvedTick=6756 nextLead=3 recordedLead=3 unresolved=5 clamped=0 clampedTotal=1 batchesSent=3675 commandsSent=13658 sendFailures=0 move=(0.00,0.00) jump=0
[rubber-banding][remote-render] time=342.557 frame=152853 entity=1 latestHostTick=6756 buffer=8 windowMs=1001.8 fps=191.6 snapshots=29 arrivalSamples=29 arrivalAvgMs=33.4 arrivalP95Ms=38.5 arrivalMaxMs=38.5 sameArrival=0 tickGapMax=2 renderFrames=192 interpolation=192 extrapolation=0 extrapolationCapped=0 extrapolationMaxMs=0.0 oldestHeld=0 zeroSpan=0 movingFrozen=0 teleport=0 visualStepAvgCm=0.00 visualStepMaxCm=0.00 estimatedHostTick=6758 renderTick=6753.097 latestSnapshotTick=6756.000 renderMinusLatestTicks=-2.903 estimatedMinusLatestTicks=2.000 sampleT=0.548
[rubber-banding][guest-local-edge] time=342.991 room=28 world=3 authority=3 entity=2 eventId=42 kind=Jump stage=Captured relatedEventId=0 inputTick=0 pressed=None createdAt=-1.000000 firstSendRequestedAt=-1.000000 firstSendDelayMs=-1.000 desiredTick=0 assignedTick=0 lastResolvedAtCreate=0 estimatedHostTickAtCreate=0 clampReason=None
[rubber-banding][guest-local-edge] time=342.992 room=28 world=3 authority=3 entity=2 eventId=42 kind=Jump stage=Attached relatedEventId=0 inputTick=6787 pressed=Jump createdAt=342.990100 firstSendRequestedAt=-1.000000 firstSendDelayMs=-1.000 desiredTick=6787 assignedTick=6787 lastResolvedAtCreate=6782 estimatedHostTickAtCreate=6784 clampReason=None
[rubber-banding][guest-local-edge] time=342.992 room=28 world=3 authority=3 entity=2 eventId=42 kind=Jump stage=FirstSendRequested relatedEventId=0 inputTick=6787 pressed=Jump createdAt=342.990100 firstSendRequestedAt=342.990100 firstSendDelayMs=0.000 desiredTick=6787 assignedTick=6787 lastResolvedAtCreate=6782 estimatedHostTickAtCreate=6784 clampReason=None
[rubber-banding][local-input] time=343.558 frame=153042 focused=1 host=0 room=28 world=3 authority=3 entity=2 windowMs=1001.0 updates=189 fixedCalls=50 commands=60 predictionSteps=60 noCommandUpdates=129 estimatedHostTick=6818 nextInputTick=6821 lastRecordedTick=6821 lastResolvedTick=6816 nextLead=3 recordedLead=3 unresolved=5 clamped=0 clampedTotal=1 batchesSent=3706 commandsSent=13758 sendFailures=0 move=(-1.00,0.00) jump=0
[rubber-banding][remote-render] time=343.558 frame=153042 entity=1 latestHostTick=6816 buffer=8 windowMs=1001.0 fps=188.8 snapshots=30 arrivalSamples=30 arrivalAvgMs=33.5 arrivalP95Ms=41.1 arrivalMaxMs=41.7 sameArrival=0 tickGapMax=2 renderFrames=189 interpolation=189 extrapolation=0 extrapolationCapped=0 extrapolationMaxMs=0.0 oldestHeld=0 zeroSpan=0 movingFrozen=0 teleport=0 visualStepAvgCm=0.00 visualStepMaxCm=0.00 estimatedHostTick=6818 renderTick=6813.159 latestSnapshotTick=6816.000 renderMinusLatestTicks=-2.841 estimatedMinusLatestTicks=2.000 sampleT=0.580
[rubber-banding][guest-local-edge] time=344.198 room=28 world=3 authority=3 entity=2 eventId=43 kind=Jump stage=Captured relatedEventId=0 inputTick=0 pressed=None createdAt=-1.000000 firstSendRequestedAt=-1.000000 firstSendDelayMs=-1.000 desiredTick=0 assignedTick=0 lastResolvedAtCreate=0 estimatedHostTickAtCreate=0 clampReason=None
[rubber-banding][guest-local-edge] time=344.205 room=28 world=3 authority=3 entity=2 eventId=43 kind=Jump stage=Attached relatedEventId=0 inputTick=6860 pressed=Jump createdAt=344.203800 firstSendRequestedAt=-1.000000 firstSendDelayMs=-1.000 desiredTick=6860 assignedTick=6860 lastResolvedAtCreate=6856 estimatedHostTickAtCreate=6857 clampReason=None
[rubber-banding][guest-local-edge] time=344.205 room=28 world=3 authority=3 entity=2 eventId=43 kind=Jump stage=FirstSendRequested relatedEventId=0 inputTick=6860 pressed=Jump createdAt=344.203800 firstSendRequestedAt=344.203800 firstSendDelayMs=0.000 desiredTick=6860 assignedTick=6860 lastResolvedAtCreate=6856 estimatedHostTickAtCreate=6857 clampReason=None
[rubber-banding][local-input] time=344.562 frame=153233 focused=1 host=0 room=28 world=3 authority=3 entity=2 windowMs=1003.8 updates=191 fixedCalls=50 commands=60 predictionSteps=60 noCommandUpdates=131 estimatedHostTick=6878 nextInputTick=6881 lastRecordedTick=6881 lastResolvedTick=6878 nextLead=3 recordedLead=3 unresolved=3 clamped=0 clampedTotal=1 batchesSent=3736 commandsSent=13869 sendFailures=0 move=(1.00,0.00) jump=0
[rubber-banding][remote-render] time=344.562 frame=153233 entity=1 latestHostTick=6878 buffer=8 windowMs=1003.8 fps=190.3 snapshots=31 arrivalSamples=31 arrivalAvgMs=33.3 arrivalP95Ms=36.7 arrivalMaxMs=37.4 sameArrival=0 tickGapMax=2 renderFrames=191 interpolation=191 extrapolation=0 extrapolationCapped=0 extrapolationMaxMs=0.0 oldestHeld=0 zeroSpan=0 movingFrozen=0 teleport=0 visualStepAvgCm=0.00 visualStepMaxCm=0.00 estimatedHostTick=6878 renderTick=6873.388 latestSnapshotTick=6878.000 renderMinusLatestTicks=-4.612 estimatedMinusLatestTicks=0.000 sampleT=0.694
[rubber-banding][guest-local-edge] time=345.095 room=28 world=3 authority=3 entity=2 eventId=44 kind=Jump stage=Captured relatedEventId=0 inputTick=0 pressed=None createdAt=-1.000000 firstSendRequestedAt=-1.000000 firstSendDelayMs=-1.000 desiredTick=0 assignedTick=0 lastResolvedAtCreate=0 estimatedHostTickAtCreate=0 clampReason=None
[rubber-banding][guest-local-edge] time=345.095 room=28 world=3 authority=3 entity=2 eventId=44 kind=Jump stage=Attached relatedEventId=0 inputTick=6913 pressed=Jump createdAt=345.093600 firstSendRequestedAt=-1.000000 firstSendDelayMs=-1.000 desiredTick=6913 assignedTick=6913 lastResolvedAtCreate=6910 estimatedHostTickAtCreate=6910 clampReason=None
[rubber-banding][guest-local-edge] time=345.095 room=28 world=3 authority=3 entity=2 eventId=44 kind=Jump stage=FirstSendRequested relatedEventId=0 inputTick=6913 pressed=Jump createdAt=345.093600 firstSendRequestedAt=345.093600 firstSendDelayMs=0.000 desiredTick=6913 assignedTick=6913 lastResolvedAtCreate=6910 estimatedHostTickAtCreate=6910 clampReason=None
[rubber-banding][local-input] time=345.563 frame=153419 focused=1 host=0 room=28 world=3 authority=3 entity=2 windowMs=1000.6 updates=186 fixedCalls=51 commands=60 predictionSteps=60 noCommandUpdates=126 estimatedHostTick=6938 nextInputTick=6941 lastRecordedTick=6941 lastResolvedTick=6938 nextLead=3 recordedLead=3 unresolved=3 clamped=0 clampedTotal=1 batchesSent=3767 commandsSent=13964 sendFailures=0 move=(0.00,-1.00) jump=0
[rubber-banding][remote-render] time=345.563 frame=153419 entity=1 latestHostTick=6938 buffer=8 windowMs=1000.6 fps=185.9 snapshots=30 arrivalSamples=30 arrivalAvgMs=33.2 arrivalP95Ms=38.7 arrivalMaxMs=40.1 sameArrival=0 tickGapMax=2 renderFrames=186 interpolation=186 extrapolation=0 extrapolationCapped=0 extrapolationMaxMs=0.0 oldestHeld=0 zeroSpan=0 movingFrozen=0 teleport=0 visualStepAvgCm=0.00 visualStepMaxCm=0.00 estimatedHostTick=6938 renderTick=6933.425 latestSnapshotTick=6938.000 renderMinusLatestTicks=-4.575 estimatedMinusLatestTicks=0.000 sampleT=0.712
[rubber-banding][guest-local-edge] time=345.804 room=28 world=3 authority=3 entity=2 eventId=45 kind=Jump stage=Captured relatedEventId=0 inputTick=0 pressed=None createdAt=-1.000000 firstSendRequestedAt=-1.000000 firstSendDelayMs=-1.000 desiredTick=0 assignedTick=0 lastResolvedAtCreate=0 estimatedHostTickAtCreate=0 clampReason=None
[rubber-banding][guest-local-edge] time=345.808 room=28 world=3 authority=3 entity=2 eventId=45 kind=Jump stage=Attached relatedEventId=0 inputTick=6956 pressed=Jump createdAt=345.807900 firstSendRequestedAt=-1.000000 firstSendDelayMs=-1.000 desiredTick=6956 assignedTick=6956 lastResolvedAtCreate=6952 estimatedHostTickAtCreate=6953 clampReason=None
[rubber-banding][guest-local-edge] time=345.809 room=28 world=3 authority=3 entity=2 eventId=45 kind=Jump stage=FirstSendRequested relatedEventId=0 inputTick=6956 pressed=Jump createdAt=345.807900 firstSendRequestedAt=345.807900 firstSendDelayMs=0.000 desiredTick=6956 assignedTick=6956 lastResolvedAtCreate=6952 estimatedHostTickAtCreate=6953 clampReason=None
[rubber-banding][local-input] time=346.567 frame=153606 focused=1 host=0 room=28 world=3 authority=3 entity=2 windowMs=1004.3 updates=187 fixedCalls=50 commands=60 predictionSteps=60 noCommandUpdates=127 estimatedHostTick=6998 nextInputTick=7001 lastRecordedTick=7001 lastResolvedTick=6998 nextLead=3 recordedLead=3 unresolved=3 clamped=0 clampedTotal=1 batchesSent=3799 commandsSent=14062 sendFailures=0 move=(0.00,1.00) jump=0
[rubber-banding][remote-render] time=346.567 frame=153606 entity=1 latestHostTick=6998 buffer=8 windowMs=1004.3 fps=186.2 snapshots=30 arrivalSamples=30 arrivalAvgMs=33.6 arrivalP95Ms=40.7 arrivalMaxMs=43.8 sameArrival=0 tickGapMax=2 renderFrames=187 interpolation=187 extrapolation=0 extrapolationCapped=0 extrapolationMaxMs=0.0 oldestHeld=0 zeroSpan=0 movingFrozen=0 teleport=0 visualStepAvgCm=0.00 visualStepMaxCm=0.00 estimatedHostTick=6998 renderTick=6993.685 latestSnapshotTick=6998.000 renderMinusLatestTicks=-4.315 estimatedMinusLatestTicks=0.000 sampleT=0.842
[rubber-banding][local-input] time=347.570 frame=153798 focused=1 host=0 room=28 world=3 authority=3 entity=2 windowMs=1003.0 updates=192 fixedCalls=50 commands=60 predictionSteps=60 noCommandUpdates=132 estimatedHostTick=7058 nextInputTick=7061 lastRecordedTick=7061 lastResolvedTick=7058 nextLead=3 recordedLead=3 unresolved=3 clamped=0 clampedTotal=1 batchesSent=3829 commandsSent=14152 sendFailures=0 move=(-0.71,-0.71) jump=0
[rubber-banding][remote-render] time=347.570 frame=153798 entity=1 latestHostTick=7058 buffer=8 windowMs=1003.0 fps=191.4 snapshots=30 arrivalSamples=30 arrivalAvgMs=33.3 arrivalP95Ms=37.5 arrivalMaxMs=38.0 sameArrival=0 tickGapMax=2 renderFrames=192 interpolation=192 extrapolation=0 extrapolationCapped=0 extrapolationMaxMs=0.0 oldestHeld=0 zeroSpan=0 movingFrozen=0 teleport=0 visualStepAvgCm=0.00 visualStepMaxCm=0.00 estimatedHostTick=7058 renderTick=7053.862 latestSnapshotTick=7058.000 renderMinusLatestTicks=-4.138 estimatedMinusLatestTicks=0.000 sampleT=0.931
[rubber-banding][local-input] time=348.571 frame=153985 focused=1 host=0 room=28 world=3 authority=3 entity=2 windowMs=1001.2 updates=187 fixedCalls=50 commands=60 predictionSteps=60 noCommandUpdates=127 estimatedHostTick=7118 nextInputTick=7121 lastRecordedTick=7121 lastResolvedTick=7118 nextLead=3 recordedLead=3 unresolved=3 clamped=0 clampedTotal=1 batchesSent=3859 commandsSent=14242 sendFailures=0 move=(1.00,0.00) jump=0
[rubber-banding][remote-render] time=348.571 frame=153985 entity=1 latestHostTick=7118 buffer=8 windowMs=1001.2 fps=186.8 snapshots=30 arrivalSamples=30 arrivalAvgMs=33.4 arrivalP95Ms=38.9 arrivalMaxMs=39.5 sameArrival=0 tickGapMax=2 renderFrames=187 interpolation=187 extrapolation=0 extrapolationCapped=0 extrapolationMaxMs=0.0 oldestHeld=0 zeroSpan=0 movingFrozen=0 teleport=0 visualStepAvgCm=0.00 visualStepMaxCm=0.00 estimatedHostTick=7118 renderTick=7113.934 latestSnapshotTick=7118.000 renderMinusLatestTicks=-4.066 estimatedMinusLatestTicks=0.000 sampleT=0.967
[rubber-banding][local-input] time=349.575 frame=154169 focused=1 host=0 room=28 world=3 authority=3 entity=2 windowMs=1003.8 updates=184 fixedCalls=50 commands=60 predictionSteps=60 noCommandUpdates=124 estimatedHostTick=7178 nextInputTick=7181 lastRecordedTick=7181 lastResolvedTick=7178 nextLead=3 recordedLead=3 unresolved=3 clamped=0 clampedTotal=1 batchesSent=3889 commandsSent=14332 sendFailures=0 move=(-1.00,0.00) jump=0
[rubber-banding][remote-render] time=349.575 frame=154169 entity=1 latestHostTick=7178 buffer=8 windowMs=1003.8 fps=183.3 snapshots=30 arrivalSamples=30 arrivalAvgMs=33.1 arrivalP95Ms=38.7 arrivalMaxMs=38.9 sameArrival=0 tickGapMax=2 renderFrames=184 interpolation=184 extrapolation=0 extrapolationCapped=0 extrapolationMaxMs=0.0 oldestHeld=0 zeroSpan=0 movingFrozen=0 teleport=0 visualStepAvgCm=0.00 visualStepMaxCm=0.00 estimatedHostTick=7178 renderTick=7174.164 latestSnapshotTick=7178.000 renderMinusLatestTicks=-3.836 estimatedMinusLatestTicks=0.000 sampleT=0.082
[rubber-banding][local-input] time=350.580 frame=154359 focused=1 host=0 room=28 world=3 authority=3 entity=2 windowMs=1005.1 updates=190 fixedCalls=50 commands=61 predictionSteps=61 noCommandUpdates=129 estimatedHostTick=7239 nextInputTick=7242 lastRecordedTick=7242 lastResolvedTick=7238 nextLead=3 recordedLead=3 unresolved=4 clamped=0 clampedTotal=1 batchesSent=3919 commandsSent=14423 sendFailures=0 move=(0.71,0.71) jump=0
[rubber-banding][remote-render] time=350.580 frame=154359 entity=1 latestHostTick=7238 buffer=8 windowMs=1005.1 fps=189.0 snapshots=30 arrivalSamples=30 arrivalAvgMs=33.3 arrivalP95Ms=38.9 arrivalMaxMs=40.3 sameArrival=0 tickGapMax=2 renderFrames=190 interpolation=190 extrapolation=0 extrapolationCapped=0 extrapolationMaxMs=0.0 oldestHeld=0 zeroSpan=0 movingFrozen=0 teleport=0 visualStepAvgCm=0.00 visualStepMaxCm=0.00 estimatedHostTick=7239 renderTick=7234.468 latestSnapshotTick=7238.000 renderMinusLatestTicks=-3.532 estimatedMinusLatestTicks=1.000 sampleT=0.234
[rubber-banding][local-input] time=351.586 frame=154550 focused=1 host=0 room=28 world=3 authority=3 entity=2 windowMs=1005.7 updates=191 fixedCalls=51 commands=60 predictionSteps=60 noCommandUpdates=131 estimatedHostTick=7299 nextInputTick=7302 lastRecordedTick=7302 lastResolvedTick=7298 nextLead=3 recordedLead=3 unresolved=4 clamped=0 clampedTotal=1 batchesSent=3949 commandsSent=14515 sendFailures=0 move=(1.00,0.00) jump=0
[rubber-banding][remote-render] time=351.586 frame=154550 entity=1 latestHostTick=7298 buffer=8 windowMs=1005.7 fps=189.9 snapshots=30 arrivalSamples=30 arrivalAvgMs=33.4 arrivalP95Ms=36.7 arrivalMaxMs=38.1 sameArrival=0 tickGapMax=2 renderFrames=191 interpolation=191 extrapolation=0 extrapolationCapped=0 extrapolationMaxMs=0.0 oldestHeld=0 zeroSpan=0 movingFrozen=0 teleport=0 visualStepAvgCm=0.00 visualStepMaxCm=0.00 estimatedHostTick=7299 renderTick=7294.811 latestSnapshotTick=7298.000 renderMinusLatestTicks=-3.189 estimatedMinusLatestTicks=1.000 sampleT=0.405
[rubber-banding][local-input] time=352.588 frame=154738 focused=1 host=0 room=28 world=3 authority=3 entity=2 windowMs=1002.0 updates=188 fixedCalls=50 commands=60 predictionSteps=60 noCommandUpdates=128 estimatedHostTick=7359 nextInputTick=7362 lastRecordedTick=7362 lastResolvedTick=7358 nextLead=3 recordedLead=3 unresolved=4 clamped=0 clampedTotal=1 batchesSent=3979 commandsSent=14629 sendFailures=0 move=(0.00,-1.00) jump=0
[rubber-banding][remote-render] time=352.588 frame=154738 entity=1 latestHostTick=7358 buffer=8 windowMs=1002.0 fps=187.6 snapshots=30 arrivalSamples=30 arrivalAvgMs=33.5 arrivalP95Ms=44.5 arrivalMaxMs=48.9 sameArrival=1 tickGapMax=2 renderFrames=188 interpolation=188 extrapolation=0 extrapolationCapped=0 extrapolationMaxMs=0.0 oldestHeld=0 zeroSpan=6 movingFrozen=0 teleport=0 visualStepAvgCm=0.00 visualStepMaxCm=0.00 estimatedHostTick=7359 renderTick=7354.928 latestSnapshotTick=7358.000 renderMinusLatestTicks=-3.072 estimatedMinusLatestTicks=1.000 sampleT=0.464
[rubber-banding][guest-local-edge] time=353.519 room=28 world=3 authority=3 entity=2 eventId=46 kind=Jump stage=Captured relatedEventId=0 inputTick=0 pressed=None createdAt=-1.000000 firstSendRequestedAt=-1.000000 firstSendDelayMs=-1.000 desiredTick=0 assignedTick=0 lastResolvedAtCreate=0 estimatedHostTickAtCreate=0 clampReason=None
[rubber-banding][guest-local-edge] time=353.519 room=28 world=3 authority=3 entity=2 eventId=46 kind=Jump stage=Attached relatedEventId=0 inputTick=7418 pressed=Jump createdAt=353.517300 firstSendRequestedAt=-1.000000 firstSendDelayMs=-1.000 desiredTick=7418 assignedTick=7418 lastResolvedAtCreate=7414 estimatedHostTickAtCreate=7415 clampReason=None
[rubber-banding][guest-local-edge] time=353.519 room=28 world=3 authority=3 entity=2 eventId=46 kind=Jump stage=FirstSendRequested relatedEventId=0 inputTick=7418 pressed=Jump createdAt=353.517300 firstSendRequestedAt=353.517300 firstSendDelayMs=0.000 desiredTick=7418 assignedTick=7418 lastResolvedAtCreate=7414 estimatedHostTickAtCreate=7415 clampReason=None
[rubber-banding][local-input] time=353.590 frame=154922 focused=1 host=0 room=28 world=3 authority=3 entity=2 windowMs=1001.8 updates=184 fixedCalls=50 commands=60 predictionSteps=60 noCommandUpdates=124 estimatedHostTick=7419 nextInputTick=7422 lastRecordedTick=7422 lastResolvedTick=7418 nextLead=3 recordedLead=3 unresolved=4 clamped=0 clampedTotal=1 batchesSent=4010 commandsSent=14757 sendFailures=0 move=(0.00,0.00) jump=0
[rubber-banding][remote-render] time=353.590 frame=154922 entity=1 latestHostTick=7418 buffer=8 windowMs=1001.8 fps=183.7 snapshots=30 arrivalSamples=30 arrivalAvgMs=33.5 arrivalP95Ms=42.4 arrivalMaxMs=42.5 sameArrival=0 tickGapMax=2 renderFrames=184 interpolation=184 extrapolation=0 extrapolationCapped=0 extrapolationMaxMs=0.0 oldestHeld=0 zeroSpan=0 movingFrozen=0 teleport=0 visualStepAvgCm=0.00 visualStepMaxCm=0.00 estimatedHostTick=7419 renderTick=7414.892 latestSnapshotTick=7418.000 renderMinusLatestTicks=-3.108 estimatedMinusLatestTicks=1.000 sampleT=0.446
[rubber-banding][guest-local-edge] time=354.495 room=28 world=3 authority=3 entity=2 eventId=47 kind=Jump stage=Captured relatedEventId=0 inputTick=0 pressed=None createdAt=-1.000000 firstSendRequestedAt=-1.000000 firstSendDelayMs=-1.000 desiredTick=0 assignedTick=0 lastResolvedAtCreate=0 estimatedHostTickAtCreate=0 clampReason=None
[rubber-banding][guest-local-edge] time=354.501 room=28 world=3 authority=3 entity=2 eventId=47 kind=Jump stage=Attached relatedEventId=0 inputTick=7478 pressed=Jump createdAt=354.500400 firstSendRequestedAt=-1.000000 firstSendDelayMs=-1.000 desiredTick=7478 assignedTick=7478 lastResolvedAtCreate=7474 estimatedHostTickAtCreate=7475 clampReason=None
[rubber-banding][guest-local-edge] time=354.501 room=28 world=3 authority=3 entity=2 eventId=47 kind=Jump stage=FirstSendRequested relatedEventId=0 inputTick=7478 pressed=Jump createdAt=354.500400 firstSendRequestedAt=354.500400 firstSendDelayMs=0.000 desiredTick=7478 assignedTick=7478 lastResolvedAtCreate=7474 estimatedHostTickAtCreate=7475 clampReason=None
[rubber-banding][local-input] time=354.596 frame=155114 focused=1 host=0 room=28 world=3 authority=3 entity=2 windowMs=1006.8 updates=192 fixedCalls=50 commands=61 predictionSteps=61 noCommandUpdates=131 estimatedHostTick=7480 nextInputTick=7483 lastRecordedTick=7483 lastResolvedTick=7478 nextLead=3 recordedLead=3 unresolved=5 clamped=0 clampedTotal=1 batchesSent=4041 commandsSent=14899 sendFailures=0 move=(1.00,0.00) jump=0
[rubber-banding][remote-render] time=354.596 frame=155114 entity=1 latestHostTick=7478 buffer=8 windowMs=1006.8 fps=190.7 snapshots=30 arrivalSamples=30 arrivalAvgMs=33.1 arrivalP95Ms=39.9 arrivalMaxMs=43.1 sameArrival=0 tickGapMax=2 renderFrames=192 interpolation=192 extrapolation=0 extrapolationCapped=0 extrapolationMaxMs=0.0 oldestHeld=0 zeroSpan=0 movingFrozen=0 teleport=0 visualStepAvgCm=0.00 visualStepMaxCm=0.00 estimatedHostTick=7480 renderTick=7475.300 latestSnapshotTick=7478.000 renderMinusLatestTicks=-2.700 estimatedMinusLatestTicks=2.000 sampleT=0.650
[rubber-banding][guest-local-edge] time=355.244 room=28 world=3 authority=3 entity=2 eventId=48 kind=Jump stage=Captured relatedEventId=0 inputTick=0 pressed=None createdAt=-1.000000 firstSendRequestedAt=-1.000000 firstSendDelayMs=-1.000 desiredTick=0 assignedTick=0 lastResolvedAtCreate=0 estimatedHostTickAtCreate=0 clampReason=None
[rubber-banding][guest-local-edge] time=355.244 room=28 world=3 authority=3 entity=2 eventId=48 kind=Jump stage=Attached relatedEventId=0 inputTick=7522 pressed=Jump createdAt=355.243000 firstSendRequestedAt=-1.000000 firstSendDelayMs=-1.000 desiredTick=7522 assignedTick=7522 lastResolvedAtCreate=7518 estimatedHostTickAtCreate=7519 clampReason=None
[rubber-banding][guest-local-edge] time=355.245 room=28 world=3 authority=3 entity=2 eventId=48 kind=Jump stage=FirstSendRequested relatedEventId=0 inputTick=7522 pressed=Jump createdAt=355.243000 firstSendRequestedAt=355.243000 firstSendDelayMs=0.000 desiredTick=7522 assignedTick=7522 lastResolvedAtCreate=7518 estimatedHostTickAtCreate=7519 clampReason=None
[rubber-banding][local-input] time=355.599 frame=155303 focused=1 host=0 room=28 world=3 authority=3 entity=2 windowMs=1002.2 updates=189 fixedCalls=50 commands=60 predictionSteps=60 noCommandUpdates=129 estimatedHostTick=7540 nextInputTick=7543 lastRecordedTick=7543 lastResolvedTick=7538 nextLead=3 recordedLead=3 unresolved=5 clamped=0 clampedTotal=1 batchesSent=4072 commandsSent=15031 sendFailures=0 move=(0.00,1.00) jump=0
[rubber-banding][remote-render] time=355.599 frame=155303 entity=1 latestHostTick=7538 buffer=8 windowMs=1002.2 fps=188.6 snapshots=30 arrivalSamples=30 arrivalAvgMs=33.3 arrivalP95Ms=41.0 arrivalMaxMs=48.1 sameArrival=0 tickGapMax=2 renderFrames=189 interpolation=189 extrapolation=0 extrapolationCapped=0 extrapolationMaxMs=0.0 oldestHeld=0 zeroSpan=0 movingFrozen=0 teleport=0 visualStepAvgCm=0.00 visualStepMaxCm=0.00 estimatedHostTick=7540 renderTick=7535.434 latestSnapshotTick=7538.000 renderMinusLatestTicks=-2.566 estimatedMinusLatestTicks=2.000 sampleT=0.717
[rubber-banding][guest-local-edge] time=356.039 room=28 world=3 authority=3 entity=2 eventId=49 kind=Jump stage=Captured relatedEventId=0 inputTick=0 pressed=None createdAt=-1.000000 firstSendRequestedAt=-1.000000 firstSendDelayMs=-1.000 desiredTick=0 assignedTick=0 lastResolvedAtCreate=0 estimatedHostTickAtCreate=0 clampReason=None
[rubber-banding][guest-local-edge] time=356.044 room=28 world=3 authority=3 entity=2 eventId=49 kind=Jump stage=Attached relatedEventId=0 inputTick=7570 pressed=Jump createdAt=356.043200 firstSendRequestedAt=-1.000000 firstSendDelayMs=-1.000 desiredTick=7570 assignedTick=7570 lastResolvedAtCreate=7566 estimatedHostTickAtCreate=7567 clampReason=None
[rubber-banding][guest-local-edge] time=356.044 room=28 world=3 authority=3 entity=2 eventId=49 kind=Jump stage=FirstSendRequested relatedEventId=0 inputTick=7570 pressed=Jump createdAt=356.043200 firstSendRequestedAt=356.043200 firstSendDelayMs=0.000 desiredTick=7570 assignedTick=7570 lastResolvedAtCreate=7566 estimatedHostTickAtCreate=7567 clampReason=None
[rubber-banding][local-input] time=356.605 frame=155488 focused=1 host=0 room=28 world=3 authority=3 entity=2 windowMs=1006.3 updates=185 fixedCalls=51 commands=60 predictionSteps=60 noCommandUpdates=125 estimatedHostTick=7600 nextInputTick=7603 lastRecordedTick=7603 lastResolvedTick=7600 nextLead=3 recordedLead=3 unresolved=3 clamped=0 clampedTotal=1 batchesSent=4103 commandsSent=15129 sendFailures=0 move=(0.71,0.71) jump=0
[rubber-banding][remote-render] time=356.605 frame=155488 entity=1 latestHostTick=7600 buffer=8 windowMs=1006.3 fps=183.8 snapshots=31 arrivalSamples=31 arrivalAvgMs=32.7 arrivalP95Ms=37.1 arrivalMaxMs=38.5 sameArrival=0 tickGapMax=2 renderFrames=185 interpolation=185 extrapolation=0 extrapolationCapped=0 extrapolationMaxMs=0.0 oldestHeld=0 zeroSpan=0 movingFrozen=0 teleport=0 visualStepAvgCm=0.00 visualStepMaxCm=0.00 estimatedHostTick=7600 renderTick=7595.813 latestSnapshotTick=7600.000 renderMinusLatestTicks=-4.187 estimatedMinusLatestTicks=0.000 sampleT=0.907
[rubber-banding][guest-local-edge] time=357.322 room=28 world=3 authority=3 entity=2 eventId=50 kind=Jump stage=Captured relatedEventId=0 inputTick=0 pressed=None createdAt=-1.000000 firstSendRequestedAt=-1.000000 firstSendDelayMs=-1.000 desiredTick=0 assignedTick=0 lastResolvedAtCreate=0 estimatedHostTickAtCreate=0 clampReason=None
[rubber-banding][guest-local-edge] time=357.333 room=28 world=3 authority=3 entity=2 eventId=50 kind=Jump stage=Attached relatedEventId=0 inputTick=7648 pressed=Jump createdAt=357.332100 firstSendRequestedAt=-1.000000 firstSendDelayMs=-1.000 desiredTick=7648 assignedTick=7648 lastResolvedAtCreate=7644 estimatedHostTickAtCreate=7645 clampReason=None
[rubber-banding][guest-local-edge] time=357.333 room=28 world=3 authority=3 entity=2 eventId=50 kind=Jump stage=FirstSendRequested relatedEventId=0 inputTick=7648 pressed=Jump createdAt=357.332100 firstSendRequestedAt=357.332100 firstSendDelayMs=0.000 desiredTick=7648 assignedTick=7648 lastResolvedAtCreate=7644 estimatedHostTickAtCreate=7645 clampReason=None
[rubber-banding][local-input] time=357.607 frame=155674 focused=1 host=0 room=28 world=3 authority=3 entity=2 windowMs=1001.8 updates=186 fixedCalls=50 commands=61 predictionSteps=61 noCommandUpdates=125 estimatedHostTick=7661 nextInputTick=7664 lastRecordedTick=7664 lastResolvedTick=7660 nextLead=3 recordedLead=3 unresolved=4 clamped=0 clampedTotal=1 batchesSent=4133 commandsSent=15249 sendFailures=0 move=(-0.71,-0.71) jump=0
[rubber-banding][remote-render] time=357.607 frame=155674 entity=1 latestHostTick=7660 buffer=8 windowMs=1001.8 fps=185.7 snapshots=30 arrivalSamples=30 arrivalAvgMs=33.3 arrivalP95Ms=41.3 arrivalMaxMs=42.1 sameArrival=0 tickGapMax=2 renderFrames=186 interpolation=186 extrapolation=0 extrapolationCapped=0 extrapolationMaxMs=0.0 oldestHeld=0 zeroSpan=0 movingFrozen=0 teleport=0 visualStepAvgCm=0.00 visualStepMaxCm=0.00 estimatedHostTick=7661 renderTick=7655.979 latestSnapshotTick=7660.000 renderMinusLatestTicks=-4.021 estimatedMinusLatestTicks=1.000 sampleT=0.989
[rubber-banding][local-input] time=358.607 frame=155857 focused=1 host=0 room=28 world=3 authority=3 entity=2 windowMs=1000.5 updates=183 fixedCalls=50 commands=60 predictionSteps=60 noCommandUpdates=123 estimatedHostTick=7721 nextInputTick=7724 lastRecordedTick=7724 lastResolvedTick=7720 nextLead=3 recordedLead=3 unresolved=4 clamped=0 clampedTotal=1 batchesSent=4163 commandsSent=15353 sendFailures=0 move=(-1.00,0.00) jump=0
[rubber-banding][remote-render] time=358.607 frame=155857 entity=1 latestHostTick=7720 buffer=8 windowMs=1000.5 fps=182.9 snapshots=30 arrivalSamples=30 arrivalAvgMs=33.3 arrivalP95Ms=39.2 arrivalMaxMs=41.3 sameArrival=0 tickGapMax=2 renderFrames=183 interpolation=183 extrapolation=0 extrapolationCapped=0 extrapolationMaxMs=0.0 oldestHeld=0 zeroSpan=0 movingFrozen=0 teleport=0 visualStepAvgCm=0.00 visualStepMaxCm=0.00 estimatedHostTick=7721 renderTick=7716.010 latestSnapshotTick=7720.000 renderMinusLatestTicks=-3.990 estimatedMinusLatestTicks=1.000 sampleT=0.005
[rubber-banding][local-input] time=359.610 frame=156042 focused=1 host=0 room=28 world=3 authority=3 entity=2 windowMs=1003.1 updates=185 fixedCalls=50 commands=60 predictionSteps=60 noCommandUpdates=125 estimatedHostTick=7781 nextInputTick=7784 lastRecordedTick=7784 lastResolvedTick=7780 nextLead=3 recordedLead=3 unresolved=4 clamped=0 clampedTotal=1 batchesSent=4193 commandsSent=15463 sendFailures=0 move=(0.00,1.00) jump=0
[rubber-banding][remote-render] time=359.610 frame=156042 entity=1 latestHostTick=7780 buffer=8 windowMs=1003.1 fps=184.4 snapshots=30 arrivalSamples=30 arrivalAvgMs=33.4 arrivalP95Ms=39.4 arrivalMaxMs=40.2 sameArrival=0 tickGapMax=2 renderFrames=185 interpolation=185 extrapolation=0 extrapolationCapped=0 extrapolationMaxMs=0.0 oldestHeld=0 zeroSpan=0 movingFrozen=0 teleport=0 visualStepAvgCm=0.00 visualStepMaxCm=0.00 estimatedHostTick=7781 renderTick=7776.193 latestSnapshotTick=7780.000 renderMinusLatestTicks=-3.807 estimatedMinusLatestTicks=1.000 sampleT=0.096
[rubber-banding][local-input] time=360.614 frame=156231 focused=1 host=0 room=28 world=3 authority=3 entity=2 windowMs=1003.9 updates=189 fixedCalls=50 commands=60 predictionSteps=60 noCommandUpdates=129 estimatedHostTick=7841 nextInputTick=7844 lastRecordedTick=7844 lastResolvedTick=7840 nextLead=3 recordedLead=3 unresolved=4 clamped=0 clampedTotal=1 batchesSent=4223 commandsSent=15561 sendFailures=0 move=(0.00,0.00) jump=0
[rubber-banding][remote-render] time=360.614 frame=156231 entity=1 latestHostTick=7840 buffer=8 windowMs=1003.9 fps=188.3 snapshots=30 arrivalSamples=30 arrivalAvgMs=33.3 arrivalP95Ms=38.1 arrivalMaxMs=38.2 sameArrival=0 tickGapMax=2 renderFrames=189 interpolation=189 extrapolation=0 extrapolationCapped=0 extrapolationMaxMs=0.0 oldestHeld=0 zeroSpan=0 movingFrozen=0 teleport=0 visualStepAvgCm=0.00 visualStepMaxCm=0.00 estimatedHostTick=7841 renderTick=7836.429 latestSnapshotTick=7840.000 renderMinusLatestTicks=-3.571 estimatedMinusLatestTicks=1.000 sampleT=0.215
[rubber-banding][local-input] time=361.615 frame=156421 focused=1 host=0 room=28 world=3 authority=3 entity=2 windowMs=1000.6 updates=190 fixedCalls=50 commands=61 predictionSteps=61 noCommandUpdates=129 estimatedHostTick=7902 nextInputTick=7905 lastRecordedTick=7905 lastResolvedTick=7900 nextLead=3 recordedLead=3 unresolved=5 clamped=0 clampedTotal=1 batchesSent=4253 commandsSent=15680 sendFailures=0 move=(0.00,1.00) jump=0
[rubber-banding][remote-render] time=361.615 frame=156421 entity=1 latestHostTick=7900 buffer=8 windowMs=1000.6 fps=189.9 snapshots=30 arrivalSamples=30 arrivalAvgMs=33.4 arrivalP95Ms=38.4 arrivalMaxMs=38.5 sameArrival=0 tickGapMax=2 renderFrames=190 interpolation=190 extrapolation=0 extrapolationCapped=0 extrapolationMaxMs=0.0 oldestHeld=0 zeroSpan=0 movingFrozen=0 teleport=0 visualStepAvgCm=0.00 visualStepMaxCm=0.00 estimatedHostTick=7902 renderTick=7896.570 latestSnapshotTick=7900.000 renderMinusLatestTicks=-3.430 estimatedMinusLatestTicks=2.000 sampleT=0.285
[rubber-banding][local-input] time=362.617 frame=156611 focused=1 host=0 room=28 world=3 authority=3 entity=2 windowMs=1002.5 updates=190 fixedCalls=50 commands=60 predictionSteps=60 noCommandUpdates=130 estimatedHostTick=7962 nextInputTick=7965 lastRecordedTick=7965 lastResolvedTick=7962 nextLead=3 recordedLead=3 unresolved=3 clamped=0 clampedTotal=1 batchesSent=4283 commandsSent=15800 sendFailures=0 move=(1.00,0.00) jump=0
[rubber-banding][remote-render] time=362.617 frame=156611 entity=1 latestHostTick=7962 buffer=8 windowMs=1002.5 fps=189.5 snapshots=31 arrivalSamples=31 arrivalAvgMs=33.3 arrivalP95Ms=38.9 arrivalMaxMs=39.0 sameArrival=0 tickGapMax=2 renderFrames=190 interpolation=190 extrapolation=0 extrapolationCapped=0 extrapolationMaxMs=0.0 oldestHeld=0 zeroSpan=0 movingFrozen=0 teleport=0 visualStepAvgCm=0.00 visualStepMaxCm=0.00 estimatedHostTick=7962 renderTick=7956.722 latestSnapshotTick=7962.000 renderMinusLatestTicks=-5.278 estimatedMinusLatestTicks=0.000 sampleT=0.361
[rubber-banding][local-input] time=363.619 frame=156792 focused=1 host=0 room=28 world=3 authority=3 entity=2 windowMs=1001.8 updates=181 fixedCalls=50 commands=60 predictionSteps=60 noCommandUpdates=121 estimatedHostTick=8022 nextInputTick=8025 lastRecordedTick=8025 lastResolvedTick=8022 nextLead=3 recordedLead=3 unresolved=3 clamped=0 clampedTotal=1 batchesSent=4313 commandsSent=15905 sendFailures=0 move=(0.00,-1.00) jump=0
[rubber-banding][remote-render] time=363.619 frame=156792 entity=1 latestHostTick=8022 buffer=8 windowMs=1001.8 fps=180.7 snapshots=30 arrivalSamples=30 arrivalAvgMs=33.4 arrivalP95Ms=40.3 arrivalMaxMs=42.4 sameArrival=0 tickGapMax=2 renderFrames=181 interpolation=181 extrapolation=0 extrapolationCapped=0 extrapolationMaxMs=0.0 oldestHeld=0 zeroSpan=0 movingFrozen=0 teleport=0 visualStepAvgCm=0.00 visualStepMaxCm=0.00 estimatedHostTick=8022 renderTick=8016.830 latestSnapshotTick=8022.000 renderMinusLatestTicks=-5.170 estimatedMinusLatestTicks=0.000 sampleT=0.415
[rubber-banding][local-input] time=364.623 frame=156974 focused=1 host=0 room=28 world=3 authority=3 entity=2 windowMs=1004.0 updates=182 fixedCalls=51 commands=60 predictionSteps=60 noCommandUpdates=122 estimatedHostTick=8082 nextInputTick=8085 lastRecordedTick=8085 lastResolvedTick=8082 nextLead=3 recordedLead=3 unresolved=3 clamped=0 clampedTotal=1 batchesSent=4343 commandsSent=16010 sendFailures=0 move=(0.71,0.71) jump=0
[rubber-banding][remote-render] time=364.623 frame=156974 entity=1 latestHostTick=8082 buffer=8 windowMs=1004.0 fps=181.3 snapshots=30 arrivalSamples=30 arrivalAvgMs=33.5 arrivalP95Ms=36.2 arrivalMaxMs=37.2 sameArrival=0 tickGapMax=2 renderFrames=182 interpolation=182 extrapolation=0 extrapolationCapped=0 extrapolationMaxMs=0.0 oldestHeld=0 zeroSpan=0 movingFrozen=0 teleport=0 visualStepAvgCm=0.00 visualStepMaxCm=0.00 estimatedHostTick=8082 renderTick=8077.072 latestSnapshotTick=8082.000 renderMinusLatestTicks=-4.928 estimatedMinusLatestTicks=0.000 sampleT=0.536
[rubber-banding][local-input] time=365.625 frame=157156 focused=1 host=0 room=28 world=3 authority=3 entity=2 windowMs=1001.6 updates=182 fixedCalls=50 commands=60 predictionSteps=60 noCommandUpdates=122 estimatedHostTick=8142 nextInputTick=8145 lastRecordedTick=8145 lastResolvedTick=8142 nextLead=3 recordedLead=3 unresolved=3 clamped=0 clampedTotal=1 batchesSent=4373 commandsSent=16118 sendFailures=0 move=(-1.00,0.00) jump=0
[rubber-banding][remote-render] time=365.625 frame=157156 entity=1 latestHostTick=8142 buffer=8 windowMs=1001.6 fps=181.7 snapshots=30 arrivalSamples=30 arrivalAvgMs=33.3 arrivalP95Ms=35.2 arrivalMaxMs=36.7 sameArrival=0 tickGapMax=2 renderFrames=182 interpolation=182 extrapolation=0 extrapolationCapped=0 extrapolationMaxMs=0.0 oldestHeld=0 zeroSpan=0 movingFrozen=0 teleport=0 visualStepAvgCm=0.00 visualStepMaxCm=0.00 estimatedHostTick=8142 renderTick=8137.169 latestSnapshotTick=8142.000 renderMinusLatestTicks=-4.831 estimatedMinusLatestTicks=0.000 sampleT=0.585
[rubber-banding][local-input] time=366.628 frame=157341 focused=1 host=0 room=28 world=3 authority=3 entity=2 windowMs=1003.6 updates=185 fixedCalls=50 commands=60 predictionSteps=60 noCommandUpdates=125 estimatedHostTick=8202 nextInputTick=8205 lastRecordedTick=8205 lastResolvedTick=8202 nextLead=3 recordedLead=3 unresolved=3 clamped=0 clampedTotal=1 batchesSent=4404 commandsSent=16221 sendFailures=0 move=(0.00,1.00) jump=0
[rubber-banding][remote-render] time=366.628 frame=157341 entity=1 latestHostTick=8202 buffer=8 windowMs=1003.6 fps=184.3 snapshots=30 arrivalSamples=30 arrivalAvgMs=33.2 arrivalP95Ms=38.2 arrivalMaxMs=38.3 sameArrival=0 tickGapMax=2 renderFrames=185 interpolation=185 extrapolation=0 extrapolationCapped=0 extrapolationMaxMs=0.0 oldestHeld=0 zeroSpan=0 movingFrozen=0 teleport=0 visualStepAvgCm=0.00 visualStepMaxCm=0.00 estimatedHostTick=8202 renderTick=8197.383 latestSnapshotTick=8202.000 renderMinusLatestTicks=-4.617 estimatedMinusLatestTicks=0.000 sampleT=0.692
[rubber-banding][local-input] time=367.634 frame=157531 focused=1 host=0 room=28 world=3 authority=3 entity=2 windowMs=1005.7 updates=190 fixedCalls=50 commands=61 predictionSteps=61 noCommandUpdates=129 estimatedHostTick=8263 nextInputTick=8266 lastRecordedTick=8266 lastResolvedTick=8260 nextLead=3 recordedLead=3 unresolved=6 clamped=0 clampedTotal=1 batchesSent=4434 commandsSent=16333 sendFailures=0 move=(0.00,-1.00) jump=0
[rubber-banding][remote-render] time=367.634 frame=157531 entity=1 latestHostTick=8260 buffer=8 windowMs=1005.7 fps=188.9 snapshots=29 arrivalSamples=29 arrivalAvgMs=33.4 arrivalP95Ms=75.3 arrivalMaxMs=82.7 sameArrival=3 tickGapMax=2 renderFrames=190 interpolation=190 extrapolation=0 extrapolationCapped=0 extrapolationMaxMs=0.0 oldestHeld=0 zeroSpan=18 movingFrozen=0 teleport=0 visualStepAvgCm=0.00 visualStepMaxCm=0.00 estimatedHostTick=8263 renderTick=8257.726 latestSnapshotTick=8260.000 renderMinusLatestTicks=-2.274 estimatedMinusLatestTicks=3.000 sampleT=0.863
[rubber-banding][local-input] time=368.634 frame=157718 focused=1 host=0 room=28 world=3 authority=3 entity=2 windowMs=1000.2 updates=187 fixedCalls=50 commands=62 predictionSteps=62 noCommandUpdates=139 estimatedHostTick=8325 nextInputTick=8330 lastRecordedTick=8328 lastResolvedTick=8316 nextLead=5 recordedLead=3 unresolved=12 clamped=45 clampedTotal=46 batchesSent=4464 commandsSent=16570 sendFailures=0 move=(-1.00,0.00) jump=0
[rubber-banding][remote-render] time=368.634 frame=157718 entity=1 latestHostTick=8316 buffer=8 windowMs=1000.2 fps=187.0 snapshots=28 arrivalSamples=28 arrivalAvgMs=33.3 arrivalP95Ms=130.8 arrivalMaxMs=145.8 sameArrival=16 tickGapMax=2 renderFrames=187 interpolation=111 extrapolation=76 extrapolationCapped=0 extrapolationMaxMs=65.1 oldestHeld=0 zeroSpan=80 movingFrozen=0 teleport=0 visualStepAvgCm=0.00 visualStepMaxCm=0.00 estimatedHostTick=8325 renderTick=8319.229 latestSnapshotTick=8316.000 renderMinusLatestTicks=3.229 estimatedMinusLatestTicks=9.000 sampleT=2.614
[rubber-banding][local-input] time=369.635 frame=157897 focused=1 host=0 room=28 world=3 authority=3 entity=2 windowMs=1000.8 updates=179 fixedCalls=50 commands=59 predictionSteps=59 noCommandUpdates=124 estimatedHostTick=8383 nextInputTick=8387 lastRecordedTick=8387 lastResolvedTick=8382 nextLead=4 recordedLead=4 unresolved=5 clamped=14 clampedTotal=60 batchesSent=4494 commandsSent=16781 sendFailures=0 move=(0.00,1.00) jump=0
[rubber-banding][remote-render] time=369.635 frame=157897 entity=1 latestHostTick=8382 buffer=8 windowMs=1000.8 fps=178.9 snapshots=28 arrivalSamples=28 arrivalAvgMs=39.4 arrivalP95Ms=143.2 arrivalMaxMs=146.4 sameArrival=14 tickGapMax=6 renderFrames=179 interpolation=94 extrapolation=85 extrapolationCapped=0 extrapolationMaxMs=86.1 oldestHeld=0 zeroSpan=73 movingFrozen=0 teleport=0 visualStepAvgCm=0.00 visualStepMaxCm=0.00 estimatedHostTick=8383 renderTick=8379.200 latestSnapshotTick=8382.000 renderMinusLatestTicks=-2.800 estimatedMinusLatestTicks=1.000 sampleT=0.600
[rubber-banding][local-input] time=370.639 frame=158084 focused=1 host=0 room=28 world=3 authority=3 entity=2 windowMs=1003.5 updates=187 fixedCalls=50 commands=62 predictionSteps=62 noCommandUpdates=134 estimatedHostTick=8446 nextInputTick=8452 lastRecordedTick=8452 lastResolvedTick=8442 nextLead=6 recordedLead=6 unresolved=10 clamped=28 clampedTotal=88 batchesSent=4524 commandsSent=17020 sendFailures=0 move=(1.00,0.00) jump=0
[rubber-banding][remote-render] time=370.639 frame=158084 entity=1 latestHostTick=8442 buffer=8 windowMs=1003.5 fps=186.4 snapshots=30 arrivalSamples=30 arrivalAvgMs=33.6 arrivalP95Ms=125.5 arrivalMaxMs=134.3 sameArrival=9 tickGapMax=2 renderFrames=187 interpolation=139 extrapolation=48 extrapolationCapped=0 extrapolationMaxMs=77.3 oldestHeld=0 zeroSpan=32 movingFrozen=0 teleport=0 visualStepAvgCm=0.00 visualStepMaxCm=0.00 estimatedHostTick=8446 renderTick=8440.485 latestSnapshotTick=8442.000 renderMinusLatestTicks=-1.515 estimatedMinusLatestTicks=4.000 sampleT=0.242
[rubber-banding][local-input] time=371.643 frame=158268 focused=1 host=0 room=28 world=3 authority=3 entity=2 windowMs=1004.2 updates=184 fixedCalls=51 commands=54 predictionSteps=54 noCommandUpdates=130 estimatedHostTick=8503 nextInputTick=8506 lastRecordedTick=8506 lastResolvedTick=8502 nextLead=3 recordedLead=3 unresolved=4 clamped=0 clampedTotal=88 batchesSent=4554 commandsSent=17135 sendFailures=0 move=(0.00,-1.00) jump=0
[rubber-banding][remote-render] time=371.643 frame=158268 entity=1 latestHostTick=8502 buffer=8 windowMs=1004.2 fps=183.2 snapshots=30 arrivalSamples=30 arrivalAvgMs=33.1 arrivalP95Ms=51.9 arrivalMaxMs=55.1 sameArrival=0 tickGapMax=2 renderFrames=184 interpolation=184 extrapolation=0 extrapolationCapped=0 extrapolationMaxMs=0.0 oldestHeld=0 zeroSpan=0 movingFrozen=0 teleport=0 visualStepAvgCm=0.00 visualStepMaxCm=0.00 estimatedHostTick=8503 renderTick=8499.239 latestSnapshotTick=8502.000 renderMinusLatestTicks=-2.761 estimatedMinusLatestTicks=1.000 sampleT=0.619
[rubber-banding][local-input] time=372.645 frame=158453 focused=1 host=0 room=28 world=3 authority=3 entity=2 windowMs=1002.4 updates=185 fixedCalls=50 commands=60 predictionSteps=60 noCommandUpdates=125 estimatedHostTick=8563 nextInputTick=8566 lastRecordedTick=8566 lastResolvedTick=8562 nextLead=3 recordedLead=3 unresolved=4 clamped=0 clampedTotal=88 batchesSent=4584 commandsSent=17225 sendFailures=0 move=(0.00,1.00) jump=0
[rubber-banding][remote-render] time=372.645 frame=158453 entity=1 latestHostTick=8562 buffer=8 windowMs=1002.4 fps=184.6 snapshots=30 arrivalSamples=30 arrivalAvgMs=33.4 arrivalP95Ms=40.2 arrivalMaxMs=40.7 sameArrival=0 tickGapMax=2 renderFrames=185 interpolation=185 extrapolation=0 extrapolationCapped=0 extrapolationMaxMs=0.0 oldestHeld=0 zeroSpan=0 movingFrozen=0 teleport=0 visualStepAvgCm=0.00 visualStepMaxCm=0.00 estimatedHostTick=8563 renderTick=8558.972 latestSnapshotTick=8562.000 renderMinusLatestTicks=-3.028 estimatedMinusLatestTicks=1.000 sampleT=0.486
[rubber-banding][local-input] time=373.645 frame=158640 focused=1 host=0 room=28 world=3 authority=3 entity=2 windowMs=1000.4 updates=187 fixedCalls=50 commands=60 predictionSteps=60 noCommandUpdates=127 estimatedHostTick=8623 nextInputTick=8626 lastRecordedTick=8626 lastResolvedTick=8622 nextLead=3 recordedLead=3 unresolved=4 clamped=0 clampedTotal=88 batchesSent=4614 commandsSent=17315 sendFailures=0 move=(1.00,0.00) jump=0
[rubber-banding][remote-render] time=373.645 frame=158640 entity=1 latestHostTick=8622 buffer=8 windowMs=1000.4 fps=186.9 snapshots=30 arrivalSamples=30 arrivalAvgMs=33.3 arrivalP95Ms=37.0 arrivalMaxMs=38.9 sameArrival=0 tickGapMax=2 renderFrames=187 interpolation=187 extrapolation=0 extrapolationCapped=0 extrapolationMaxMs=0.0 oldestHeld=0 zeroSpan=0 movingFrozen=0 teleport=0 visualStepAvgCm=0.00 visualStepMaxCm=0.00 estimatedHostTick=8623 renderTick=8618.822 latestSnapshotTick=8622.000 renderMinusLatestTicks=-3.178 estimatedMinusLatestTicks=1.000 sampleT=0.411
[rubber-banding][local-input] time=374.647 frame=158823 focused=1 host=0 room=28 world=3 authority=3 entity=2 windowMs=1001.5 updates=183 fixedCalls=50 commands=60 predictionSteps=60 noCommandUpdates=123 estimatedHostTick=8683 nextInputTick=8686 lastRecordedTick=8686 lastResolvedTick=8682 nextLead=3 recordedLead=3 unresolved=4 clamped=0 clampedTotal=88 batchesSent=4644 commandsSent=17405 sendFailures=0 move=(0.00,-1.00) jump=0
[rubber-banding][remote-render] time=374.647 frame=158823 entity=1 latestHostTick=8682 buffer=8 windowMs=1001.5 fps=182.7 snapshots=30 arrivalSamples=30 arrivalAvgMs=33.3 arrivalP95Ms=38.0 arrivalMaxMs=39.0 sameArrival=0 tickGapMax=2 renderFrames=183 interpolation=183 extrapolation=0 extrapolationCapped=0 extrapolationMaxMs=0.0 oldestHeld=0 zeroSpan=0 movingFrozen=0 teleport=0 visualStepAvgCm=0.00 visualStepMaxCm=0.00 estimatedHostTick=8683 renderTick=8678.913 latestSnapshotTick=8682.000 renderMinusLatestTicks=-3.087 estimatedMinusLatestTicks=1.000 sampleT=0.457
[rubber-banding][local-input] time=375.647 frame=159004 focused=1 host=0 room=28 world=3 authority=3 entity=2 windowMs=1000.0 updates=181 fixedCalls=50 commands=60 predictionSteps=60 noCommandUpdates=121 estimatedHostTick=8743 nextInputTick=8746 lastRecordedTick=8746 lastResolvedTick=8742 nextLead=3 recordedLead=3 unresolved=4 clamped=0 clampedTotal=88 batchesSent=4674 commandsSent=17501 sendFailures=0 move=(1.00,0.00) jump=0
[rubber-banding][remote-render] time=375.647 frame=159004 entity=1 latestHostTick=8742 buffer=8 windowMs=1000.0 fps=181.0 snapshots=30 arrivalSamples=30 arrivalAvgMs=33.4 arrivalP95Ms=38.1 arrivalMaxMs=40.7 sameArrival=0 tickGapMax=2 renderFrames=181 interpolation=181 extrapolation=0 extrapolationCapped=0 extrapolationMaxMs=0.0 oldestHeld=0 zeroSpan=0 movingFrozen=0 teleport=0 visualStepAvgCm=0.00 visualStepMaxCm=0.00 estimatedHostTick=8743 renderTick=8738.887 latestSnapshotTick=8742.000 renderMinusLatestTicks=-3.113 estimatedMinusLatestTicks=1.000 sampleT=0.443
[rubber-banding][local-input] time=376.651 frame=159184 focused=1 host=0 room=28 world=3 authority=3 entity=2 windowMs=1003.7 updates=180 fixedCalls=50 commands=60 predictionSteps=60 noCommandUpdates=120 estimatedHostTick=8803 nextInputTick=8806 lastRecordedTick=8806 lastResolvedTick=8802 nextLead=3 recordedLead=3 unresolved=4 clamped=0 clampedTotal=88 batchesSent=4704 commandsSent=17593 sendFailures=0 move=(-1.00,0.00) jump=0
[rubber-banding][remote-render] time=376.651 frame=159184 entity=1 latestHostTick=8802 buffer=8 windowMs=1003.7 fps=179.3 snapshots=30 arrivalSamples=30 arrivalAvgMs=33.4 arrivalP95Ms=39.2 arrivalMaxMs=39.8 sameArrival=0 tickGapMax=2 renderFrames=180 interpolation=180 extrapolation=0 extrapolationCapped=0 extrapolationMaxMs=0.0 oldestHeld=0 zeroSpan=0 movingFrozen=0 teleport=0 visualStepAvgCm=0.00 visualStepMaxCm=0.00 estimatedHostTick=8803 renderTick=8799.101 latestSnapshotTick=8802.000 renderMinusLatestTicks=-2.899 estimatedMinusLatestTicks=1.000 sampleT=0.550
[rubber-banding][guest-local-edge] time=376.676 room=28 world=3 authority=3 entity=2 eventId=51 kind=Jump stage=Captured relatedEventId=0 inputTick=0 pressed=None createdAt=-1.000000 firstSendRequestedAt=-1.000000 firstSendDelayMs=-1.000 desiredTick=0 assignedTick=0 lastResolvedAtCreate=0 estimatedHostTickAtCreate=0 clampReason=None
[rubber-banding][guest-local-edge] time=376.676 room=28 world=3 authority=3 entity=2 eventId=51 kind=Jump stage=Attached relatedEventId=0 inputTick=8808 pressed=Jump createdAt=376.674500 firstSendRequestedAt=-1.000000 firstSendDelayMs=-1.000 desiredTick=8808 assignedTick=8808 lastResolvedAtCreate=8804 estimatedHostTickAtCreate=8805 clampReason=None
[rubber-banding][guest-local-edge] time=376.676 room=28 world=3 authority=3 entity=2 eventId=51 kind=Jump stage=FirstSendRequested relatedEventId=0 inputTick=8808 pressed=Jump createdAt=376.674500 firstSendRequestedAt=376.674500 firstSendDelayMs=0.000 desiredTick=8808 assignedTick=8808 lastResolvedAtCreate=8804 estimatedHostTickAtCreate=8805 clampReason=None
[rubber-banding][local-input] time=377.651 frame=159364 focused=1 host=0 room=28 world=3 authority=3 entity=2 windowMs=1000.2 updates=180 fixedCalls=50 commands=60 predictionSteps=60 noCommandUpdates=120 estimatedHostTick=8863 nextInputTick=8866 lastRecordedTick=8866 lastResolvedTick=8862 nextLead=3 recordedLead=3 unresolved=4 clamped=0 clampedTotal=88 batchesSent=4735 commandsSent=17688 sendFailures=0 move=(-1.00,0.00) jump=0
[rubber-banding][remote-render] time=377.651 frame=159364 entity=1 latestHostTick=8862 buffer=8 windowMs=1000.2 fps=180.0 snapshots=30 arrivalSamples=30 arrivalAvgMs=33.4 arrivalP95Ms=39.6 arrivalMaxMs=40.5 sameArrival=0 tickGapMax=2 renderFrames=180 interpolation=180 extrapolation=0 extrapolationCapped=0 extrapolationMaxMs=0.0 oldestHeld=0 zeroSpan=0 movingFrozen=0 teleport=0 visualStepAvgCm=0.00 visualStepMaxCm=0.00 estimatedHostTick=8863 renderTick=8858.910 latestSnapshotTick=8862.000 renderMinusLatestTicks=-3.090 estimatedMinusLatestTicks=1.000 sampleT=0.455
[rubber-banding][local-input] time=378.652 frame=159550 focused=1 host=0 room=28 world=3 authority=3 entity=2 windowMs=1001.3 updates=186 fixedCalls=50 commands=60 predictionSteps=60 noCommandUpdates=126 estimatedHostTick=8923 nextInputTick=8926 lastRecordedTick=8926 lastResolvedTick=8922 nextLead=3 recordedLead=3 unresolved=4 clamped=0 clampedTotal=88 batchesSent=4765 commandsSent=17777 sendFailures=0 move=(-1.00,0.00) jump=0
[rubber-banding][remote-render] time=378.652 frame=159550 entity=1 latestHostTick=8922 buffer=8 windowMs=1001.3 fps=185.8 snapshots=30 arrivalSamples=30 arrivalAvgMs=33.2 arrivalP95Ms=38.9 arrivalMaxMs=40.1 sameArrival=0 tickGapMax=2 renderFrames=186 interpolation=186 extrapolation=0 extrapolationCapped=0 extrapolationMaxMs=0.0 oldestHeld=0 zeroSpan=0 movingFrozen=0 teleport=0 visualStepAvgCm=0.00 visualStepMaxCm=0.00 estimatedHostTick=8923 renderTick=8918.958 latestSnapshotTick=8922.000 renderMinusLatestTicks=-3.042 estimatedMinusLatestTicks=1.000 sampleT=0.479
[rubber-banding][local-input] time=379.656 frame=159741 focused=1 host=0 room=28 world=3 authority=3 entity=2 windowMs=1003.8 updates=191 fixedCalls=50 commands=61 predictionSteps=61 noCommandUpdates=130 estimatedHostTick=8984 nextInputTick=8987 lastRecordedTick=8987 lastResolvedTick=8984 nextLead=3 recordedLead=3 unresolved=3 clamped=0 clampedTotal=88 batchesSent=4796 commandsSent=17878 sendFailures=0 move=(0.00,0.00) jump=0
[rubber-banding][remote-render] time=379.656 frame=159741 entity=1 latestHostTick=8984 buffer=8 windowMs=1003.8 fps=190.3 snapshots=31 arrivalSamples=31 arrivalAvgMs=33.3 arrivalP95Ms=38.3 arrivalMaxMs=38.4 sameArrival=0 tickGapMax=2 renderFrames=191 interpolation=191 extrapolation=0 extrapolationCapped=0 extrapolationMaxMs=0.0 oldestHeld=0 zeroSpan=0 movingFrozen=0 teleport=0 visualStepAvgCm=0.00 visualStepMaxCm=0.00 estimatedHostTick=8984 renderTick=8979.189 latestSnapshotTick=8984.000 renderMinusLatestTicks=-4.811 estimatedMinusLatestTicks=0.000 sampleT=0.595
[rubber-banding][local-input] time=380.661 frame=159930 focused=1 host=0 room=28 world=3 authority=3 entity=2 windowMs=1004.5 updates=189 fixedCalls=50 commands=60 predictionSteps=60 noCommandUpdates=129 estimatedHostTick=9044 nextInputTick=9047 lastRecordedTick=9047 lastResolvedTick=9044 nextLead=3 recordedLead=3 unresolved=3 clamped=0 clampedTotal=88 batchesSent=4826 commandsSent=17986 sendFailures=0 move=(1.00,0.00) jump=0
[rubber-banding][remote-render] time=380.661 frame=159930 entity=1 latestHostTick=9044 buffer=8 windowMs=1004.5 fps=188.2 snapshots=30 arrivalSamples=30 arrivalAvgMs=33.5 arrivalP95Ms=39.6 arrivalMaxMs=39.8 sameArrival=0 tickGapMax=2 renderFrames=189 interpolation=189 extrapolation=0 extrapolationCapped=0 extrapolationMaxMs=0.0 oldestHeld=0 zeroSpan=0 movingFrozen=0 teleport=0 visualStepAvgCm=0.00 visualStepMaxCm=0.00 estimatedHostTick=9044 renderTick=9039.458 latestSnapshotTick=9044.000 renderMinusLatestTicks=-4.542 estimatedMinusLatestTicks=0.000 sampleT=0.729
[rubber-banding][local-input] time=381.661 frame=160117 focused=1 host=0 room=28 world=3 authority=3 entity=2 windowMs=1000.0 updates=187 fixedCalls=50 commands=60 predictionSteps=60 noCommandUpdates=127 estimatedHostTick=9104 nextInputTick=9107 lastRecordedTick=9107 lastResolvedTick=9104 nextLead=3 recordedLead=3 unresolved=3 clamped=0 clampedTotal=88 batchesSent=4856 commandsSent=18110 sendFailures=0 move=(1.00,0.00) jump=0
[rubber-banding][remote-render] time=381.661 frame=160117 entity=1 latestHostTick=9104 buffer=8 windowMs=1000.0 fps=187.0 snapshots=30 arrivalSamples=30 arrivalAvgMs=33.3 arrivalP95Ms=37.6 arrivalMaxMs=37.9 sameArrival=0 tickGapMax=2 renderFrames=187 interpolation=187 extrapolation=0 extrapolationCapped=0 extrapolationMaxMs=0.0 oldestHeld=0 zeroSpan=0 movingFrozen=0 teleport=0 visualStepAvgCm=0.00 visualStepMaxCm=0.00 estimatedHostTick=9104 renderTick=9099.458 latestSnapshotTick=9104.000 renderMinusLatestTicks=-4.542 estimatedMinusLatestTicks=0.000 sampleT=0.729
[rubber-banding][local-input] time=382.663 frame=160298 focused=1 host=0 room=28 world=3 authority=3 entity=2 windowMs=1002.3 updates=181 fixedCalls=51 commands=60 predictionSteps=60 noCommandUpdates=121 estimatedHostTick=9164 nextInputTick=9167 lastRecordedTick=9167 lastResolvedTick=9164 nextLead=3 recordedLead=3 unresolved=3 clamped=0 clampedTotal=88 batchesSent=4886 commandsSent=18222 sendFailures=0 move=(0.00,1.00) jump=0
[rubber-banding][remote-render] time=382.663 frame=160298 entity=1 latestHostTick=9164 buffer=8 windowMs=1002.3 fps=180.6 snapshots=30 arrivalSamples=30 arrivalAvgMs=33.3 arrivalP95Ms=37.5 arrivalMaxMs=40.0 sameArrival=0 tickGapMax=2 renderFrames=181 interpolation=181 extrapolation=0 extrapolationCapped=0 extrapolationMaxMs=0.0 oldestHeld=0 zeroSpan=0 movingFrozen=0 teleport=0 visualStepAvgCm=0.00 visualStepMaxCm=0.00 estimatedHostTick=9164 renderTick=9159.594 latestSnapshotTick=9164.000 renderMinusLatestTicks=-4.406 estimatedMinusLatestTicks=0.000 sampleT=0.797
[rubber-banding][local-input] time=383.667 frame=160489 focused=1 host=0 room=28 world=3 authority=3 entity=2 windowMs=1003.8 updates=191 fixedCalls=50 commands=60 predictionSteps=60 noCommandUpdates=131 estimatedHostTick=9224 nextInputTick=9227 lastRecordedTick=9227 lastResolvedTick=9224 nextLead=3 recordedLead=3 unresolved=3 clamped=0 clampedTotal=88 batchesSent=4916 commandsSent=18352 sendFailures=0 move=(-1.00,0.00) jump=0
[rubber-banding][remote-render] time=383.667 frame=160489 entity=1 latestHostTick=9224 buffer=8 windowMs=1003.8 fps=190.3 snapshots=30 arrivalSamples=30 arrivalAvgMs=33.5 arrivalP95Ms=37.8 arrivalMaxMs=37.8 sameArrival=0 tickGapMax=2 renderFrames=191 interpolation=191 extrapolation=0 extrapolationCapped=0 extrapolationMaxMs=0.0 oldestHeld=0 zeroSpan=0 movingFrozen=0 teleport=0 visualStepAvgCm=0.00 visualStepMaxCm=0.00 estimatedHostTick=9224 renderTick=9219.823 latestSnapshotTick=9224.000 renderMinusLatestTicks=-4.177 estimatedMinusLatestTicks=0.000 sampleT=0.911
[rubber-banding][local-input] time=384.669 frame=160684 focused=1 host=0 room=28 world=3 authority=3 entity=2 windowMs=1002.5 updates=195 fixedCalls=50 commands=60 predictionSteps=60 noCommandUpdates=135 estimatedHostTick=9284 nextInputTick=9287 lastRecordedTick=9287 lastResolvedTick=9284 nextLead=3 recordedLead=3 unresolved=3 clamped=0 clampedTotal=88 batchesSent=4946 commandsSent=18486 sendFailures=0 move=(-1.00,0.00) jump=0
[rubber-banding][remote-render] time=384.669 frame=160684 entity=1 latestHostTick=9284 buffer=8 windowMs=1002.5 fps=194.5 snapshots=30 arrivalSamples=30 arrivalAvgMs=33.2 arrivalP95Ms=37.8 arrivalMaxMs=39.0 sameArrival=0 tickGapMax=2 renderFrames=195 interpolation=195 extrapolation=0 extrapolationCapped=0 extrapolationMaxMs=0.0 oldestHeld=0 zeroSpan=0 movingFrozen=0 teleport=0 visualStepAvgCm=0.00 visualStepMaxCm=0.00 estimatedHostTick=9284 renderTick=9279.971 latestSnapshotTick=9284.000 renderMinusLatestTicks=-4.029 estimatedMinusLatestTicks=0.000 sampleT=0.985
[rubber-banding][local-input] time=385.674 frame=160871 focused=1 host=0 room=28 world=3 authority=3 entity=2 windowMs=1005.0 updates=187 fixedCalls=50 commands=61 predictionSteps=61 noCommandUpdates=126 estimatedHostTick=9345 nextInputTick=9348 lastRecordedTick=9348 lastResolvedTick=9344 nextLead=3 recordedLead=3 unresolved=4 clamped=0 clampedTotal=88 batchesSent=4976 commandsSent=18626 sendFailures=0 move=(1.00,0.00) jump=0
[rubber-banding][remote-render] time=385.674 frame=160871 entity=1 latestHostTick=9344 buffer=8 windowMs=1005.0 fps=186.1 snapshots=30 arrivalSamples=30 arrivalAvgMs=33.5 arrivalP95Ms=38.1 arrivalMaxMs=38.9 sameArrival=0 tickGapMax=2 renderFrames=187 interpolation=187 extrapolation=0 extrapolationCapped=0 extrapolationMaxMs=0.0 oldestHeld=0 zeroSpan=0 movingFrozen=0 teleport=0 visualStepAvgCm=0.00 visualStepMaxCm=0.00 estimatedHostTick=9345 renderTick=9340.273 latestSnapshotTick=9344.000 renderMinusLatestTicks=-3.727 estimatedMinusLatestTicks=1.000 sampleT=0.137
[rubber-banding][local-input] time=386.675 frame=161063 focused=1 host=0 room=28 world=3 authority=3 entity=2 windowMs=1001.3 updates=192 fixedCalls=50 commands=60 predictionSteps=60 noCommandUpdates=132 estimatedHostTick=9405 nextInputTick=9408 lastRecordedTick=9408 lastResolvedTick=9404 nextLead=3 recordedLead=3 unresolved=4 clamped=0 clampedTotal=88 batchesSent=5006 commandsSent=18772 sendFailures=0 move=(1.00,0.00) jump=0
[rubber-banding][remote-render] time=386.675 frame=161063 entity=1 latestHostTick=9404 buffer=8 windowMs=1001.3 fps=191.7 snapshots=30 arrivalSamples=30 arrivalAvgMs=33.4 arrivalP95Ms=38.6 arrivalMaxMs=41.7 sameArrival=0 tickGapMax=2 renderFrames=192 interpolation=192 extrapolation=0 extrapolationCapped=0 extrapolationMaxMs=0.0 oldestHeld=0 zeroSpan=0 movingFrozen=0 teleport=0 visualStepAvgCm=0.00 visualStepMaxCm=0.00 estimatedHostTick=9405 renderTick=9400.354 latestSnapshotTick=9404.000 renderMinusLatestTicks=-3.646 estimatedMinusLatestTicks=1.000 sampleT=0.177
[rubber-banding][local-input] time=387.676 frame=161251 focused=1 host=0 room=28 world=3 authority=3 entity=2 windowMs=1000.4 updates=188 fixedCalls=50 commands=60 predictionSteps=60 noCommandUpdates=128 estimatedHostTick=9465 nextInputTick=9468 lastRecordedTick=9468 lastResolvedTick=9464 nextLead=3 recordedLead=3 unresolved=4 clamped=0 clampedTotal=88 batchesSent=5036 commandsSent=18906 sendFailures=0 move=(1.00,0.00) jump=0
[rubber-banding][remote-render] time=387.676 frame=161251 entity=1 latestHostTick=9464 buffer=8 windowMs=1000.4 fps=187.9 snapshots=30 arrivalSamples=30 arrivalAvgMs=33.2 arrivalP95Ms=37.3 arrivalMaxMs=40.3 sameArrival=0 tickGapMax=2 renderFrames=188 interpolation=188 extrapolation=0 extrapolationCapped=0 extrapolationMaxMs=0.0 oldestHeld=0 zeroSpan=0 movingFrozen=0 teleport=0 visualStepAvgCm=0.00 visualStepMaxCm=0.00 estimatedHostTick=9465 renderTick=9460.377 latestSnapshotTick=9464.000 renderMinusLatestTicks=-3.623 estimatedMinusLatestTicks=1.000 sampleT=0.189
[rubber-banding][local-input] time=388.676 frame=161430 focused=1 host=0 room=28 world=3 authority=3 entity=2 windowMs=1000.3 updates=179 fixedCalls=50 commands=60 predictionSteps=60 noCommandUpdates=119 estimatedHostTick=9525 nextInputTick=9528 lastRecordedTick=9528 lastResolvedTick=9524 nextLead=3 recordedLead=3 unresolved=4 clamped=0 clampedTotal=88 batchesSent=5066 commandsSent=19046 sendFailures=0 move=(0.00,-1.00) jump=0
[rubber-banding][remote-render] time=388.676 frame=161430 entity=1 latestHostTick=9524 buffer=8 windowMs=1000.3 fps=178.9 snapshots=30 arrivalSamples=30 arrivalAvgMs=33.3 arrivalP95Ms=40.7 arrivalMaxMs=42.1 sameArrival=0 tickGapMax=2 renderFrames=179 interpolation=179 extrapolation=0 extrapolationCapped=0 extrapolationMaxMs=0.0 oldestHeld=0 zeroSpan=0 movingFrozen=0 teleport=0 visualStepAvgCm=0.00 visualStepMaxCm=0.00 estimatedHostTick=9525 renderTick=9520.396 latestSnapshotTick=9524.000 renderMinusLatestTicks=-3.604 estimatedMinusLatestTicks=1.000 sampleT=0.198
[rubber-banding][local-input] time=389.677 frame=161613 focused=1 host=0 room=28 world=3 authority=3 entity=2 windowMs=1000.7 updates=183 fixedCalls=50 commands=60 predictionSteps=60 noCommandUpdates=123 estimatedHostTick=9585 nextInputTick=9588 lastRecordedTick=9588 lastResolvedTick=9584 nextLead=3 recordedLead=3 unresolved=4 clamped=0 clampedTotal=88 batchesSent=5096 commandsSent=19194 sendFailures=0 move=(0.00,1.00) jump=0
[rubber-banding][remote-render] time=389.677 frame=161613 entity=1 latestHostTick=9584 buffer=8 windowMs=1000.7 fps=182.9 snapshots=30 arrivalSamples=30 arrivalAvgMs=33.4 arrivalP95Ms=38.6 arrivalMaxMs=38.8 sameArrival=0 tickGapMax=2 renderFrames=183 interpolation=183 extrapolation=0 extrapolationCapped=0 extrapolationMaxMs=0.0 oldestHeld=0 zeroSpan=0 movingFrozen=0 teleport=0 visualStepAvgCm=0.00 visualStepMaxCm=0.00 estimatedHostTick=9585 renderTick=9580.438 latestSnapshotTick=9584.000 renderMinusLatestTicks=-3.562 estimatedMinusLatestTicks=1.000 sampleT=0.219
[rubber-banding][local-input] time=390.680 frame=161796 focused=1 host=0 room=28 world=3 authority=3 entity=2 windowMs=1003.1 updates=183 fixedCalls=50 commands=60 predictionSteps=60 noCommandUpdates=123 estimatedHostTick=9645 nextInputTick=9648 lastRecordedTick=9648 lastResolvedTick=9644 nextLead=3 recordedLead=3 unresolved=4 clamped=0 clampedTotal=88 batchesSent=5126 commandsSent=19344 sendFailures=0 move=(0.71,-0.71) jump=0
[rubber-banding][remote-render] time=390.680 frame=161796 entity=1 latestHostTick=9644 buffer=8 windowMs=1003.1 fps=182.4 snapshots=30 arrivalSamples=30 arrivalAvgMs=33.4 arrivalP95Ms=36.2 arrivalMaxMs=38.7 sameArrival=0 tickGapMax=2 renderFrames=183 interpolation=183 extrapolation=0 extrapolationCapped=0 extrapolationMaxMs=0.0 oldestHeld=0 zeroSpan=0 movingFrozen=0 teleport=0 visualStepAvgCm=0.00 visualStepMaxCm=0.00 estimatedHostTick=9645 renderTick=9640.627 latestSnapshotTick=9644.000 renderMinusLatestTicks=-3.373 estimatedMinusLatestTicks=1.000 sampleT=0.313
[rubber-banding][guest-local-edge] time=391.237 room=28 world=3 authority=3 entity=2 eventId=52 kind=Jump stage=Captured relatedEventId=0 inputTick=0 pressed=None createdAt=-1.000000 firstSendRequestedAt=-1.000000 firstSendDelayMs=-1.000 desiredTick=0 assignedTick=0 lastResolvedAtCreate=0 estimatedHostTickAtCreate=0 clampReason=None
[rubber-banding][guest-local-edge] time=391.240 room=28 world=3 authority=3 entity=2 eventId=52 kind=Jump stage=Attached relatedEventId=0 inputTick=9682 pressed=Jump createdAt=391.239600 firstSendRequestedAt=-1.000000 firstSendDelayMs=-1.000 desiredTick=9682 assignedTick=9682 lastResolvedAtCreate=9678 estimatedHostTickAtCreate=9679 clampReason=None
[rubber-banding][guest-local-edge] time=391.241 room=28 world=3 authority=3 entity=2 eventId=52 kind=Jump stage=FirstSendRequested relatedEventId=0 inputTick=9682 pressed=Jump createdAt=391.239600 firstSendRequestedAt=391.239600 firstSendDelayMs=0.000 desiredTick=9682 assignedTick=9682 lastResolvedAtCreate=9678 estimatedHostTickAtCreate=9679 clampReason=None
[rubber-banding][local-input] time=391.687 frame=161980 focused=1 host=0 room=28 world=3 authority=3 entity=2 windowMs=1007.0 updates=184 fixedCalls=51 commands=60 predictionSteps=60 noCommandUpdates=124 estimatedHostTick=9705 nextInputTick=9708 lastRecordedTick=9708 lastResolvedTick=9704 nextLead=3 recordedLead=3 unresolved=4 clamped=0 clampedTotal=88 batchesSent=5158 commandsSent=19481 sendFailures=0 move=(1.00,0.00) jump=0
[rubber-banding][remote-render] time=391.687 frame=161980 entity=1 latestHostTick=9704 buffer=8 windowMs=1007.0 fps=182.7 snapshots=30 arrivalSamples=30 arrivalAvgMs=33.3 arrivalP95Ms=38.3 arrivalMaxMs=42.5 sameArrival=0 tickGapMax=2 renderFrames=184 interpolation=184 extrapolation=0 extrapolationCapped=0 extrapolationMaxMs=0.0 oldestHeld=0 zeroSpan=0 movingFrozen=0 teleport=0 visualStepAvgCm=0.00 visualStepMaxCm=0.00 estimatedHostTick=9705 renderTick=9701.046 latestSnapshotTick=9704.000 renderMinusLatestTicks=-2.954 estimatedMinusLatestTicks=1.000 sampleT=0.523
[rubber-banding][local-input] time=392.692 frame=162163 focused=1 host=0 room=28 world=3 authority=3 entity=2 windowMs=1005.5 updates=183 fixedCalls=50 commands=60 predictionSteps=60 noCommandUpdates=123 estimatedHostTick=9765 nextInputTick=9768 lastRecordedTick=9768 lastResolvedTick=9764 nextLead=3 recordedLead=3 unresolved=4 clamped=0 clampedTotal=88 batchesSent=5188 commandsSent=19603 sendFailures=0 move=(-1.00,0.00) jump=0
[rubber-banding][remote-render] time=392.692 frame=162163 entity=1 latestHostTick=9764 buffer=8 windowMs=1005.5 fps=182.0 snapshots=30 arrivalSamples=30 arrivalAvgMs=33.2 arrivalP95Ms=39.9 arrivalMaxMs=40.1 sameArrival=0 tickGapMax=2 renderFrames=183 interpolation=183 extrapolation=0 extrapolationCapped=0 extrapolationMaxMs=0.0 oldestHeld=0 zeroSpan=0 movingFrozen=0 teleport=0 visualStepAvgCm=0.00 visualStepMaxCm=0.00 estimatedHostTick=9765 renderTick=9761.217 latestSnapshotTick=9764.000 renderMinusLatestTicks=-2.783 estimatedMinusLatestTicks=1.000 sampleT=0.609
[rubber-banding][guest-local-edge] time=393.311 room=28 world=3 authority=3 entity=2 eventId=53 kind=Jump stage=Captured relatedEventId=0 inputTick=0 pressed=None createdAt=-1.000000 firstSendRequestedAt=-1.000000 firstSendDelayMs=-1.000 desiredTick=0 assignedTick=0 lastResolvedAtCreate=0 estimatedHostTickAtCreate=0 clampReason=None
[rubber-banding][guest-local-edge] time=393.326 room=28 world=3 authority=3 entity=2 eventId=53 kind=Jump stage=Attached relatedEventId=0 inputTick=9807 pressed=Jump createdAt=393.325400 firstSendRequestedAt=-1.000000 firstSendDelayMs=-1.000 desiredTick=9807 assignedTick=9807 lastResolvedAtCreate=9802 estimatedHostTickAtCreate=9804 clampReason=None
[rubber-banding][guest-local-edge] time=393.326 room=28 world=3 authority=3 entity=2 eventId=53 kind=Jump stage=FirstSendRequested relatedEventId=0 inputTick=9807 pressed=Jump createdAt=393.325400 firstSendRequestedAt=393.325400 firstSendDelayMs=0.000 desiredTick=9807 assignedTick=9807 lastResolvedAtCreate=9802 estimatedHostTickAtCreate=9804 clampReason=None
[rubber-banding][local-input] time=393.693 frame=162351 focused=1 host=0 room=28 world=3 authority=3 entity=2 windowMs=1000.1 updates=188 fixedCalls=50 commands=61 predictionSteps=61 noCommandUpdates=127 estimatedHostTick=9826 nextInputTick=9829 lastRecordedTick=9829 lastResolvedTick=9824 nextLead=3 recordedLead=3 unresolved=5 clamped=0 clampedTotal=88 batchesSent=5219 commandsSent=19750 sendFailures=0 move=(-1.00,0.00) jump=0
[rubber-banding][remote-render] time=393.693 frame=162351 entity=1 latestHostTick=9824 buffer=8 windowMs=1000.1 fps=188.0 snapshots=30 arrivalSamples=30 arrivalAvgMs=33.4 arrivalP95Ms=40.3 arrivalMaxMs=40.9 sameArrival=0 tickGapMax=2 renderFrames=188 interpolation=188 extrapolation=0 extrapolationCapped=0 extrapolationMaxMs=0.0 oldestHeld=0 zeroSpan=0 movingFrozen=0 teleport=0 visualStepAvgCm=0.00 visualStepMaxCm=0.00 estimatedHostTick=9826 renderTick=9821.225 latestSnapshotTick=9824.000 renderMinusLatestTicks=-2.775 estimatedMinusLatestTicks=2.000 sampleT=0.612
[rubber-banding][guest-local-edge] time=394.463 room=28 world=3 authority=3 entity=2 eventId=54 kind=Jump stage=Captured relatedEventId=0 inputTick=0 pressed=None createdAt=-1.000000 firstSendRequestedAt=-1.000000 firstSendDelayMs=-1.000 desiredTick=0 assignedTick=0 lastResolvedAtCreate=0 estimatedHostTickAtCreate=0 clampReason=None
[rubber-banding][guest-local-edge] time=394.463 room=28 world=3 authority=3 entity=2 eventId=54 kind=Jump stage=Attached relatedEventId=0 inputTick=9875 pressed=Jump createdAt=394.461200 firstSendRequestedAt=-1.000000 firstSendDelayMs=-1.000 desiredTick=9875 assignedTick=9875 lastResolvedAtCreate=9872 estimatedHostTickAtCreate=9872 clampReason=None
[rubber-banding][guest-local-edge] time=394.463 room=28 world=3 authority=3 entity=2 eventId=54 kind=Jump stage=FirstSendRequested relatedEventId=0 inputTick=9875 pressed=Jump createdAt=394.461200 firstSendRequestedAt=394.461200 firstSendDelayMs=0.000 desiredTick=9875 assignedTick=9875 lastResolvedAtCreate=9872 estimatedHostTickAtCreate=9872 clampReason=None
[rubber-banding][local-input] time=394.696 frame=162539 focused=1 host=0 room=28 world=3 authority=3 entity=2 windowMs=1003.5 updates=188 fixedCalls=50 commands=60 predictionSteps=60 noCommandUpdates=128 estimatedHostTick=9886 nextInputTick=9889 lastRecordedTick=9889 lastResolvedTick=9886 nextLead=3 recordedLead=3 unresolved=3 clamped=0 clampedTotal=88 batchesSent=5250 commandsSent=19873 sendFailures=0 move=(1.00,0.00) jump=0
[rubber-banding][remote-render] time=394.696 frame=162539 entity=1 latestHostTick=9886 buffer=8 windowMs=1003.5 fps=187.3 snapshots=31 arrivalSamples=31 arrivalAvgMs=33.4 arrivalP95Ms=37.9 arrivalMaxMs=38.6 sameArrival=0 tickGapMax=2 renderFrames=188 interpolation=188 extrapolation=0 extrapolationCapped=0 extrapolationMaxMs=0.0 oldestHeld=0 zeroSpan=0 movingFrozen=0 teleport=0 visualStepAvgCm=0.00 visualStepMaxCm=0.00 estimatedHostTick=9886 renderTick=9881.335 latestSnapshotTick=9886.000 renderMinusLatestTicks=-4.665 estimatedMinusLatestTicks=0.000 sampleT=0.667
[rubber-banding][guest-local-edge] time=395.181 room=28 world=3 authority=3 entity=2 eventId=55 kind=Jump stage=Captured relatedEventId=0 inputTick=0 pressed=None createdAt=-1.000000 firstSendRequestedAt=-1.000000 firstSendDelayMs=-1.000 desiredTick=0 assignedTick=0 lastResolvedAtCreate=0 estimatedHostTickAtCreate=0 clampReason=None
[rubber-banding][guest-local-edge] time=395.190 room=28 world=3 authority=3 entity=2 eventId=55 kind=Jump stage=Attached relatedEventId=0 inputTick=9919 pressed=Jump createdAt=395.189900 firstSendRequestedAt=-1.000000 firstSendDelayMs=-1.000 desiredTick=9919 assignedTick=9919 lastResolvedAtCreate=9914 estimatedHostTickAtCreate=9916 clampReason=None
[rubber-banding][guest-local-edge] time=395.191 room=28 world=3 authority=3 entity=2 eventId=55 kind=Jump stage=FirstSendRequested relatedEventId=0 inputTick=9919 pressed=Jump createdAt=395.189900 firstSendRequestedAt=395.189900 firstSendDelayMs=0.000 desiredTick=9919 assignedTick=9919 lastResolvedAtCreate=9914 estimatedHostTickAtCreate=9916 clampReason=None
[rubber-banding][local-input] time=395.701 frame=162731 focused=1 host=0 room=28 world=3 authority=3 entity=2 windowMs=1004.5 updates=192 fixedCalls=50 commands=60 predictionSteps=60 noCommandUpdates=132 estimatedHostTick=9946 nextInputTick=9949 lastRecordedTick=9949 lastResolvedTick=9946 nextLead=3 recordedLead=3 unresolved=3 clamped=0 clampedTotal=88 batchesSent=5280 commandsSent=20003 sendFailures=0 move=(1.00,0.00) jump=0
[rubber-banding][remote-render] time=395.701 frame=162731 entity=1 latestHostTick=9946 buffer=8 windowMs=1004.5 fps=191.1 snapshots=30 arrivalSamples=30 arrivalAvgMs=33.5 arrivalP95Ms=38.0 arrivalMaxMs=38.9 sameArrival=0 tickGapMax=2 renderFrames=192 interpolation=192 extrapolation=0 extrapolationCapped=0 extrapolationMaxMs=0.0 oldestHeld=0 zeroSpan=0 movingFrozen=0 teleport=0 visualStepAvgCm=0.00 visualStepMaxCm=0.00 estimatedHostTick=9946 renderTick=9941.607 latestSnapshotTick=9946.000 renderMinusLatestTicks=-4.393 estimatedMinusLatestTicks=0.000 sampleT=0.804
[rubber-banding][guest-local-edge] time=396.014 room=28 world=3 authority=3 entity=2 eventId=56 kind=Jump stage=Captured relatedEventId=0 inputTick=0 pressed=None createdAt=-1.000000 firstSendRequestedAt=-1.000000 firstSendDelayMs=-1.000 desiredTick=0 assignedTick=0 lastResolvedAtCreate=0 estimatedHostTickAtCreate=0 clampReason=None
[rubber-banding][guest-local-edge] time=396.014 room=28 world=3 authority=3 entity=2 eventId=56 kind=Jump stage=Attached relatedEventId=0 inputTick=9968 pressed=Jump createdAt=396.013300 firstSendRequestedAt=-1.000000 firstSendDelayMs=-1.000 desiredTick=9968 assignedTick=9968 lastResolvedAtCreate=9964 estimatedHostTickAtCreate=9965 clampReason=None
[rubber-banding][guest-local-edge] time=396.014 room=28 world=3 authority=3 entity=2 eventId=56 kind=Jump stage=FirstSendRequested relatedEventId=0 inputTick=9968 pressed=Jump createdAt=396.013300 firstSendRequestedAt=396.013300 firstSendDelayMs=0.000 desiredTick=9968 assignedTick=9968 lastResolvedAtCreate=9964 estimatedHostTickAtCreate=9965 clampReason=None
[rubber-banding][local-input] time=396.707 frame=162922 focused=1 host=0 room=28 world=3 authority=3 entity=2 windowMs=1006.3 updates=191 fixedCalls=51 commands=60 predictionSteps=60 noCommandUpdates=131 estimatedHostTick=10006 nextInputTick=10009 lastRecordedTick=10009 lastResolvedTick=10006 nextLead=3 recordedLead=3 unresolved=3 clamped=0 clampedTotal=88 batchesSent=5311 commandsSent=20132 sendFailures=0 move=(0.71,-0.71) jump=0
[rubber-banding][remote-render] time=396.707 frame=162922 entity=1 latestHostTick=10006 buffer=8 windowMs=1006.3 fps=189.8 snapshots=30 arrivalSamples=30 arrivalAvgMs=33.2 arrivalP95Ms=40.5 arrivalMaxMs=41.9 sameArrival=0 tickGapMax=2 renderFrames=191 interpolation=191 extrapolation=0 extrapolationCapped=0 extrapolationMaxMs=0.0 oldestHeld=0 zeroSpan=0 movingFrozen=0 teleport=0 visualStepAvgCm=0.00 visualStepMaxCm=0.00 estimatedHostTick=10006 renderTick=10001.986 latestSnapshotTick=10006.000 renderMinusLatestTicks=-4.014 estimatedMinusLatestTicks=0.000 sampleT=0.993
[rubber-banding][guest-local-edge] time=396.728 room=28 world=3 authority=3 entity=2 eventId=57 kind=Jump stage=Captured relatedEventId=0 inputTick=0 pressed=None createdAt=-1.000000 firstSendRequestedAt=-1.000000 firstSendDelayMs=-1.000 desiredTick=0 assignedTick=0 lastResolvedAtCreate=0 estimatedHostTickAtCreate=0 clampReason=None
[rubber-banding][guest-local-edge] time=396.733 room=28 world=3 authority=3 entity=2 eventId=57 kind=Jump stage=Attached relatedEventId=0 inputTick=10011 pressed=Jump createdAt=396.732100 firstSendRequestedAt=-1.000000 firstSendDelayMs=-1.000 desiredTick=10011 assignedTick=10011 lastResolvedAtCreate=10008 estimatedHostTickAtCreate=10008 clampReason=None
[rubber-banding][guest-local-edge] time=396.733 room=28 world=3 authority=3 entity=2 eventId=57 kind=Jump stage=FirstSendRequested relatedEventId=0 inputTick=10011 pressed=Jump createdAt=396.732100 firstSendRequestedAt=396.732100 firstSendDelayMs=0.000 desiredTick=10011 assignedTick=10011 lastResolvedAtCreate=10008 estimatedHostTickAtCreate=10008 clampReason=None
[rubber-banding][guest-local-edge] time=397.523 room=28 world=3 authority=3 entity=2 eventId=58 kind=Jump stage=Captured relatedEventId=0 inputTick=0 pressed=None createdAt=-1.000000 firstSendRequestedAt=-1.000000 firstSendDelayMs=-1.000 desiredTick=0 assignedTick=0 lastResolvedAtCreate=0 estimatedHostTickAtCreate=0 clampReason=None
[rubber-banding][guest-local-edge] time=397.534 room=28 world=3 authority=3 entity=2 eventId=58 kind=Jump stage=Attached relatedEventId=0 inputTick=10059 pressed=Jump createdAt=397.533300 firstSendRequestedAt=-1.000000 firstSendDelayMs=-1.000 desiredTick=10059 assignedTick=10059 lastResolvedAtCreate=10056 estimatedHostTickAtCreate=10056 clampReason=None
[rubber-banding][guest-local-edge] time=397.534 room=28 world=3 authority=3 entity=2 eventId=58 kind=Jump stage=FirstSendRequested relatedEventId=0 inputTick=10059 pressed=Jump createdAt=397.533300 firstSendRequestedAt=397.533300 firstSendDelayMs=0.000 desiredTick=10059 assignedTick=10059 lastResolvedAtCreate=10056 estimatedHostTickAtCreate=10056 clampReason=None
[rubber-banding][local-input] time=397.710 frame=163105 focused=1 host=0 room=28 world=3 authority=3 entity=2 windowMs=1003.1 updates=183 fixedCalls=50 commands=60 predictionSteps=60 noCommandUpdates=123 estimatedHostTick=10066 nextInputTick=10069 lastRecordedTick=10069 lastResolvedTick=10066 nextLead=3 recordedLead=3 unresolved=3 clamped=0 clampedTotal=88 batchesSent=5343 commandsSent=20258 sendFailures=0 move=(0.00,-1.00) jump=0
[rubber-banding][remote-render] time=397.710 frame=163105 entity=1 latestHostTick=10066 buffer=8 windowMs=1003.1 fps=182.4 snapshots=30 arrivalSamples=30 arrivalAvgMs=33.3 arrivalP95Ms=38.8 arrivalMaxMs=39.1 sameArrival=0 tickGapMax=2 renderFrames=183 interpolation=183 extrapolation=0 extrapolationCapped=0 extrapolationMaxMs=0.0 oldestHeld=0 zeroSpan=0 movingFrozen=0 teleport=0 visualStepAvgCm=0.00 visualStepMaxCm=0.00 estimatedHostTick=10066 renderTick=10062.111 latestSnapshotTick=10066.000 renderMinusLatestTicks=-3.889 estimatedMinusLatestTicks=0.000 sampleT=0.056
[rubber-banding][guest-local-edge] time=398.351 room=28 world=3 authority=3 entity=2 eventId=59 kind=Jump stage=Captured relatedEventId=0 inputTick=0 pressed=None createdAt=-1.000000 firstSendRequestedAt=-1.000000 firstSendDelayMs=-1.000 desiredTick=0 assignedTick=0 lastResolvedAtCreate=0 estimatedHostTickAtCreate=0 clampReason=None
[rubber-banding][guest-local-edge] time=398.360 room=28 world=3 authority=3 entity=2 eventId=59 kind=Jump stage=Attached relatedEventId=0 inputTick=10109 pressed=Jump createdAt=398.358900 firstSendRequestedAt=-1.000000 firstSendDelayMs=-1.000 desiredTick=10109 assignedTick=10109 lastResolvedAtCreate=10104 estimatedHostTickAtCreate=10106 clampReason=None
[rubber-banding][guest-local-edge] time=398.360 room=28 world=3 authority=3 entity=2 eventId=59 kind=Jump stage=FirstSendRequested relatedEventId=0 inputTick=10109 pressed=Jump createdAt=398.358900 firstSendRequestedAt=398.358900 firstSendDelayMs=0.000 desiredTick=10109 assignedTick=10109 lastResolvedAtCreate=10104 estimatedHostTickAtCreate=10106 clampReason=None
[rubber-banding][local-input] time=398.714 frame=163287 focused=1 host=0 room=28 world=3 authority=3 entity=2 windowMs=1003.9 updates=182 fixedCalls=50 commands=61 predictionSteps=61 noCommandUpdates=121 estimatedHostTick=10127 nextInputTick=10130 lastRecordedTick=10130 lastResolvedTick=10126 nextLead=3 recordedLead=3 unresolved=4 clamped=0 clampedTotal=88 batchesSent=5373 commandsSent=20390 sendFailures=0 move=(0.00,1.00) jump=0
[rubber-banding][remote-render] time=398.714 frame=163287 entity=1 latestHostTick=10126 buffer=8 windowMs=1003.9 fps=181.3 snapshots=30 arrivalSamples=30 arrivalAvgMs=33.6 arrivalP95Ms=37.4 arrivalMaxMs=39.7 sameArrival=0 tickGapMax=2 renderFrames=182 interpolation=182 extrapolation=0 extrapolationCapped=0 extrapolationMaxMs=0.0 oldestHeld=0 zeroSpan=0 movingFrozen=0 teleport=0 visualStepAvgCm=0.00 visualStepMaxCm=0.00 estimatedHostTick=10127 renderTick=10122.339 latestSnapshotTick=10126.000 renderMinusLatestTicks=-3.661 estimatedMinusLatestTicks=1.000 sampleT=0.170
[rubber-banding][guest-local-edge] time=399.337 room=28 world=3 authority=3 entity=2 eventId=60 kind=Jump stage=Captured relatedEventId=0 inputTick=0 pressed=None createdAt=-1.000000 firstSendRequestedAt=-1.000000 firstSendDelayMs=-1.000 desiredTick=0 assignedTick=0 lastResolvedAtCreate=0 estimatedHostTickAtCreate=0 clampReason=None
[rubber-banding][guest-local-edge] time=399.342 room=28 world=3 authority=3 entity=2 eventId=60 kind=Jump stage=Attached relatedEventId=0 inputTick=10168 pressed=Jump createdAt=399.341800 firstSendRequestedAt=-1.000000 firstSendDelayMs=-1.000 desiredTick=10168 assignedTick=10168 lastResolvedAtCreate=10164 estimatedHostTickAtCreate=10165 clampReason=None
[rubber-banding][guest-local-edge] time=399.343 room=28 world=3 authority=3 entity=2 eventId=60 kind=Jump stage=FirstSendRequested relatedEventId=0 inputTick=10168 pressed=Jump createdAt=399.341800 firstSendRequestedAt=399.341800 firstSendDelayMs=0.000 desiredTick=10168 assignedTick=10168 lastResolvedAtCreate=10164 estimatedHostTickAtCreate=10165 clampReason=None
[rubber-banding][local-input] time=399.717 frame=163471 focused=1 host=0 room=28 world=3 authority=3 entity=2 windowMs=1003.4 updates=184 fixedCalls=50 commands=60 predictionSteps=60 noCommandUpdates=124 estimatedHostTick=10187 nextInputTick=10190 lastRecordedTick=10190 lastResolvedTick=10186 nextLead=3 recordedLead=3 unresolved=4 clamped=0 clampedTotal=88 batchesSent=5405 commandsSent=20529 sendFailures=0 move=(1.00,0.00) jump=0
[rubber-banding][remote-render] time=399.717 frame=163471 entity=1 latestHostTick=10186 buffer=8 windowMs=1003.4 fps=183.4 snapshots=30 arrivalSamples=30 arrivalAvgMs=33.1 arrivalP95Ms=38.1 arrivalMaxMs=40.0 sameArrival=0 tickGapMax=2 renderFrames=184 interpolation=184 extrapolation=0 extrapolationCapped=0 extrapolationMaxMs=0.0 oldestHeld=0 zeroSpan=0 movingFrozen=0 teleport=0 visualStepAvgCm=0.00 visualStepMaxCm=0.00 estimatedHostTick=10187 renderTick=10182.541 latestSnapshotTick=10186.000 renderMinusLatestTicks=-3.459 estimatedMinusLatestTicks=1.000 sampleT=0.270
[rubber-banding][guest-local-edge] time=400.167 room=28 world=3 authority=3 entity=2 eventId=61 kind=Jump stage=Captured relatedEventId=0 inputTick=0 pressed=None createdAt=-1.000000 firstSendRequestedAt=-1.000000 firstSendDelayMs=-1.000 desiredTick=0 assignedTick=0 lastResolvedAtCreate=0 estimatedHostTickAtCreate=0 clampReason=None
[rubber-banding][guest-local-edge] time=400.168 room=28 world=3 authority=3 entity=2 eventId=61 kind=Jump stage=Attached relatedEventId=0 inputTick=10217 pressed=Jump createdAt=400.166200 firstSendRequestedAt=-1.000000 firstSendDelayMs=-1.000 desiredTick=10217 assignedTick=10217 lastResolvedAtCreate=10214 estimatedHostTickAtCreate=10214 clampReason=None
[rubber-banding][guest-local-edge] time=400.168 room=28 world=3 authority=3 entity=2 eventId=61 kind=Jump stage=FirstSendRequested relatedEventId=0 inputTick=10217 pressed=Jump createdAt=400.166200 firstSendRequestedAt=400.166200 firstSendDelayMs=0.000 desiredTick=10217 assignedTick=10217 lastResolvedAtCreate=10214 estimatedHostTickAtCreate=10214 clampReason=None
[rubber-banding][local-input] time=400.723 frame=163657 focused=1 host=0 room=28 world=3 authority=3 entity=2 windowMs=1006.0 updates=186 fixedCalls=51 commands=60 predictionSteps=60 noCommandUpdates=126 estimatedHostTick=10247 nextInputTick=10250 lastRecordedTick=10250 lastResolvedTick=10246 nextLead=3 recordedLead=3 unresolved=4 clamped=0 clampedTotal=88 batchesSent=5436 commandsSent=20652 sendFailures=0 move=(0.00,-1.00) jump=0
[rubber-banding][remote-render] time=400.723 frame=163657 entity=1 latestHostTick=10246 buffer=8 windowMs=1006.0 fps=184.9 snapshots=30 arrivalSamples=30 arrivalAvgMs=33.5 arrivalP95Ms=37.5 arrivalMaxMs=39.4 sameArrival=0 tickGapMax=2 renderFrames=186 interpolation=186 extrapolation=0 extrapolationCapped=0 extrapolationMaxMs=0.0 oldestHeld=0 zeroSpan=0 movingFrozen=0 teleport=0 visualStepAvgCm=0.00 visualStepMaxCm=0.00 estimatedHostTick=10247 renderTick=10242.902 latestSnapshotTick=10246.000 renderMinusLatestTicks=-3.098 estimatedMinusLatestTicks=1.000 sampleT=0.451
[rubber-banding][guest-local-edge] time=400.965 room=28 world=3 authority=3 entity=2 eventId=62 kind=Jump stage=Captured relatedEventId=0 inputTick=0 pressed=None createdAt=-1.000000 firstSendRequestedAt=-1.000000 firstSendDelayMs=-1.000 desiredTick=0 assignedTick=0 lastResolvedAtCreate=0 estimatedHostTickAtCreate=0 clampReason=None
[rubber-banding][guest-local-edge] time=400.965 room=28 world=3 authority=3 entity=2 eventId=62 kind=Jump stage=Attached relatedEventId=0 inputTick=10265 pressed=Jump createdAt=400.963400 firstSendRequestedAt=-1.000000 firstSendDelayMs=-1.000 desiredTick=10265 assignedTick=10265 lastResolvedAtCreate=10262 estimatedHostTickAtCreate=10262 clampReason=None
[rubber-banding][guest-local-edge] time=400.965 room=28 world=3 authority=3 entity=2 eventId=62 kind=Jump stage=FirstSendRequested relatedEventId=0 inputTick=10265 pressed=Jump createdAt=400.963400 firstSendRequestedAt=400.963400 firstSendDelayMs=0.000 desiredTick=10265 assignedTick=10265 lastResolvedAtCreate=10262 estimatedHostTickAtCreate=10262 clampReason=None
[rubber-banding][local-input] time=401.727 frame=163839 focused=1 host=0 room=28 world=3 authority=3 entity=2 windowMs=1003.7 updates=182 fixedCalls=50 commands=60 predictionSteps=60 noCommandUpdates=122 estimatedHostTick=10307 nextInputTick=10310 lastRecordedTick=10310 lastResolvedTick=10306 nextLead=3 recordedLead=3 unresolved=4 clamped=0 clampedTotal=88 batchesSent=5467 commandsSent=20775 sendFailures=0 move=(-0.71,0.71) jump=0
[rubber-banding][remote-render] time=401.727 frame=163839 entity=1 latestHostTick=10306 buffer=8 windowMs=1003.7 fps=181.3 snapshots=30 arrivalSamples=30 arrivalAvgMs=33.3 arrivalP95Ms=37.1 arrivalMaxMs=38.7 sameArrival=0 tickGapMax=2 renderFrames=182 interpolation=182 extrapolation=0 extrapolationCapped=0 extrapolationMaxMs=0.0 oldestHeld=0 zeroSpan=0 movingFrozen=0 teleport=0 visualStepAvgCm=0.00 visualStepMaxCm=0.00 estimatedHostTick=10307 renderTick=10303.116 latestSnapshotTick=10306.000 renderMinusLatestTicks=-2.884 estimatedMinusLatestTicks=1.000 sampleT=0.558
[rubber-banding][guest-local-edge] time=402.020 room=28 world=3 authority=3 entity=2 eventId=63 kind=Jump stage=Captured relatedEventId=0 inputTick=0 pressed=None createdAt=-1.000000 firstSendRequestedAt=-1.000000 firstSendDelayMs=-1.000 desiredTick=0 assignedTick=0 lastResolvedAtCreate=0 estimatedHostTickAtCreate=0 clampReason=None
[rubber-banding][guest-local-edge] time=402.023 room=28 world=3 authority=3 entity=2 eventId=63 kind=Jump stage=Attached relatedEventId=0 inputTick=10329 pressed=Jump createdAt=402.022200 firstSendRequestedAt=-1.000000 firstSendDelayMs=-1.000 desiredTick=10329 assignedTick=10329 lastResolvedAtCreate=10324 estimatedHostTickAtCreate=10326 clampReason=None
[rubber-banding][guest-local-edge] time=402.023 room=28 world=3 authority=3 entity=2 eventId=63 kind=Jump stage=FirstSendRequested relatedEventId=0 inputTick=10329 pressed=Jump createdAt=402.022200 firstSendRequestedAt=402.022200 firstSendDelayMs=0.000 desiredTick=10329 assignedTick=10329 lastResolvedAtCreate=10324 estimatedHostTickAtCreate=10326 clampReason=None
[rubber-banding][local-input] time=402.732 frame=164021 focused=1 host=0 room=28 world=3 authority=3 entity=2 windowMs=1004.7 updates=182 fixedCalls=50 commands=61 predictionSteps=61 noCommandUpdates=121 estimatedHostTick=10368 nextInputTick=10371 lastRecordedTick=10371 lastResolvedTick=10368 nextLead=3 recordedLead=3 unresolved=3 clamped=0 clampedTotal=88 batchesSent=5498 commandsSent=20909 sendFailures=0 move=(1.00,0.00) jump=0
[rubber-banding][remote-render] time=402.732 frame=164021 entity=1 latestHostTick=10368 buffer=8 windowMs=1004.7 fps=181.1 snapshots=31 arrivalSamples=31 arrivalAvgMs=33.3 arrivalP95Ms=39.9 arrivalMaxMs=42.1 sameArrival=0 tickGapMax=2 renderFrames=182 interpolation=182 extrapolation=0 extrapolationCapped=0 extrapolationMaxMs=0.0 oldestHeld=0 zeroSpan=0 movingFrozen=0 teleport=0 visualStepAvgCm=0.00 visualStepMaxCm=0.00 estimatedHostTick=10368 renderTick=10363.400 latestSnapshotTick=10368.000 renderMinusLatestTicks=-4.600 estimatedMinusLatestTicks=0.000 sampleT=0.700
[rubber-banding][guest-local-edge] time=402.967 room=28 world=3 authority=3 entity=2 eventId=64 kind=Jump stage=Captured relatedEventId=0 inputTick=0 pressed=None createdAt=-1.000000 firstSendRequestedAt=-1.000000 firstSendDelayMs=-1.000 desiredTick=0 assignedTick=0 lastResolvedAtCreate=0 estimatedHostTickAtCreate=0 clampReason=None
[rubber-banding][guest-local-edge] time=402.978 room=28 world=3 authority=3 entity=2 eventId=64 kind=Jump stage=Attached relatedEventId=0 inputTick=10386 pressed=Jump createdAt=402.977200 firstSendRequestedAt=-1.000000 firstSendDelayMs=-1.000 desiredTick=10386 assignedTick=10386 lastResolvedAtCreate=10382 estimatedHostTickAtCreate=10383 clampReason=None
[rubber-banding][guest-local-edge] time=402.978 room=28 world=3 authority=3 entity=2 eventId=64 kind=Jump stage=FirstSendRequested relatedEventId=0 inputTick=10386 pressed=Jump createdAt=402.977200 firstSendRequestedAt=402.977200 firstSendDelayMs=0.000 desiredTick=10386 assignedTick=10386 lastResolvedAtCreate=10382 estimatedHostTickAtCreate=10383 clampReason=None
[rubber-banding][local-input] time=403.738 frame=164206 focused=1 host=0 room=28 world=3 authority=3 entity=2 windowMs=1006.5 updates=185 fixedCalls=50 commands=60 predictionSteps=60 noCommandUpdates=125 estimatedHostTick=10428 nextInputTick=10431 lastRecordedTick=10431 lastResolvedTick=10428 nextLead=3 recordedLead=3 unresolved=3 clamped=0 clampedTotal=88 batchesSent=5529 commandsSent=21037 sendFailures=0 move=(0.00,-1.00) jump=0
[rubber-banding][remote-render] time=403.738 frame=164206 entity=1 latestHostTick=10428 buffer=8 windowMs=1006.5 fps=183.8 snapshots=30 arrivalSamples=30 arrivalAvgMs=33.6 arrivalP95Ms=40.7 arrivalMaxMs=42.3 sameArrival=0 tickGapMax=2 renderFrames=185 interpolation=185 extrapolation=0 extrapolationCapped=0 extrapolationMaxMs=0.0 oldestHeld=0 zeroSpan=0 movingFrozen=0 teleport=0 visualStepAvgCm=0.00 visualStepMaxCm=0.00 estimatedHostTick=10428 renderTick=10423.792 latestSnapshotTick=10428.000 renderMinusLatestTicks=-4.208 estimatedMinusLatestTicks=0.000 sampleT=0.896
[rubber-banding][guest-local-edge] time=403.986 room=28 world=3 authority=3 entity=2 eventId=65 kind=Jump stage=Captured relatedEventId=0 inputTick=0 pressed=None createdAt=-1.000000 firstSendRequestedAt=-1.000000 firstSendDelayMs=-1.000 desiredTick=0 assignedTick=0 lastResolvedAtCreate=0 estimatedHostTickAtCreate=0 clampReason=None
[rubber-banding][guest-local-edge] time=403.996 room=28 world=3 authority=3 entity=2 eventId=65 kind=Jump stage=Attached relatedEventId=0 inputTick=10447 pressed=Jump createdAt=403.995500 firstSendRequestedAt=-1.000000 firstSendDelayMs=-1.000 desiredTick=10447 assignedTick=10447 lastResolvedAtCreate=10442 estimatedHostTickAtCreate=10444 clampReason=None
[rubber-banding][guest-local-edge] time=403.996 room=28 world=3 authority=3 entity=2 eventId=65 kind=Jump stage=FirstSendRequested relatedEventId=0 inputTick=10447 pressed=Jump createdAt=403.995500 firstSendRequestedAt=403.995500 firstSendDelayMs=0.000 desiredTick=10447 assignedTick=10447 lastResolvedAtCreate=10442 estimatedHostTickAtCreate=10444 clampReason=None
[rubber-banding][local-input] time=404.739 frame=164387 focused=1 host=0 room=28 world=3 authority=3 entity=2 windowMs=1000.4 updates=181 fixedCalls=50 commands=60 predictionSteps=60 noCommandUpdates=121 estimatedHostTick=10488 nextInputTick=10491 lastRecordedTick=10491 lastResolvedTick=10488 nextLead=3 recordedLead=3 unresolved=3 clamped=0 clampedTotal=88 batchesSent=5560 commandsSent=21162 sendFailures=0 move=(0.00,1.00) jump=0
[rubber-banding][remote-render] time=404.739 frame=164387 entity=1 latestHostTick=10488 buffer=8 windowMs=1000.4 fps=180.9 snapshots=30 arrivalSamples=30 arrivalAvgMs=33.2 arrivalP95Ms=37.7 arrivalMaxMs=41.0 sameArrival=0 tickGapMax=2 renderFrames=181 interpolation=181 extrapolation=0 extrapolationCapped=0 extrapolationMaxMs=0.0 oldestHeld=0 zeroSpan=0 movingFrozen=0 teleport=0 visualStepAvgCm=0.00 visualStepMaxCm=0.00 estimatedHostTick=10488 renderTick=10483.815 latestSnapshotTick=10488.000 renderMinusLatestTicks=-4.185 estimatedMinusLatestTicks=0.000 sampleT=0.908
[rubber-banding][guest-local-edge] time=405.008 room=28 world=3 authority=3 entity=2 eventId=66 kind=Jump stage=Captured relatedEventId=0 inputTick=0 pressed=None createdAt=-1.000000 firstSendRequestedAt=-1.000000 firstSendDelayMs=-1.000 desiredTick=0 assignedTick=0 lastResolvedAtCreate=0 estimatedHostTickAtCreate=0 clampReason=None
[rubber-banding][guest-local-edge] time=405.015 room=28 world=3 authority=3 entity=2 eventId=66 kind=Jump stage=Attached relatedEventId=0 inputTick=10508 pressed=Jump createdAt=405.014100 firstSendRequestedAt=-1.000000 firstSendDelayMs=-1.000 desiredTick=10508 assignedTick=10508 lastResolvedAtCreate=10504 estimatedHostTickAtCreate=10505 clampReason=None
[rubber-banding][guest-local-edge] time=405.015 room=28 world=3 authority=3 entity=2 eventId=66 kind=Jump stage=FirstSendRequested relatedEventId=0 inputTick=10508 pressed=Jump createdAt=405.014100 firstSendRequestedAt=405.014100 firstSendDelayMs=0.000 desiredTick=10508 assignedTick=10508 lastResolvedAtCreate=10504 estimatedHostTickAtCreate=10505 clampReason=None
[rubber-banding][local-input] time=405.742 frame=164572 focused=1 host=0 room=28 world=3 authority=3 entity=2 windowMs=1002.9 updates=185 fixedCalls=50 commands=60 predictionSteps=60 noCommandUpdates=125 estimatedHostTick=10548 nextInputTick=10551 lastRecordedTick=10551 lastResolvedTick=10548 nextLead=3 recordedLead=3 unresolved=3 clamped=0 clampedTotal=88 batchesSent=5591 commandsSent=21286 sendFailures=0 move=(0.71,-0.71) jump=0
[rubber-banding][remote-render] time=405.742 frame=164572 entity=1 latestHostTick=10548 buffer=8 windowMs=1002.9 fps=184.5 snapshots=30 arrivalSamples=30 arrivalAvgMs=33.2 arrivalP95Ms=38.7 arrivalMaxMs=40.4 sameArrival=0 tickGapMax=2 renderFrames=185 interpolation=185 extrapolation=0 extrapolationCapped=0 extrapolationMaxMs=0.0 oldestHeld=0 zeroSpan=0 movingFrozen=0 teleport=0 visualStepAvgCm=0.00 visualStepMaxCm=0.00 estimatedHostTick=10548 renderTick=10543.989 latestSnapshotTick=10548.000 renderMinusLatestTicks=-4.011 estimatedMinusLatestTicks=0.000 sampleT=0.995
[rubber-banding][guest-local-edge] time=405.836 room=28 world=3 authority=3 entity=2 eventId=67 kind=Jump stage=Captured relatedEventId=0 inputTick=0 pressed=None createdAt=-1.000000 firstSendRequestedAt=-1.000000 firstSendDelayMs=-1.000 desiredTick=0 assignedTick=0 lastResolvedAtCreate=0 estimatedHostTickAtCreate=0 clampReason=None
[rubber-banding][guest-local-edge] time=405.836 room=28 world=3 authority=3 entity=2 eventId=67 kind=Jump stage=Attached relatedEventId=0 inputTick=10557 pressed=Jump createdAt=405.835000 firstSendRequestedAt=-1.000000 firstSendDelayMs=-1.000 desiredTick=10557 assignedTick=10557 lastResolvedAtCreate=10554 estimatedHostTickAtCreate=10554 clampReason=None
[rubber-banding][guest-local-edge] time=405.837 room=28 world=3 authority=3 entity=2 eventId=67 kind=Jump stage=FirstSendRequested relatedEventId=0 inputTick=10557 pressed=Jump createdAt=405.835000 firstSendRequestedAt=405.835000 firstSendDelayMs=0.000 desiredTick=10557 assignedTick=10557 lastResolvedAtCreate=10554 estimatedHostTickAtCreate=10554 clampReason=None
[rubber-banding][guest-local-edge] time=406.745 room=28 world=3 authority=3 entity=2 eventId=68 kind=Jump stage=Captured relatedEventId=0 inputTick=0 pressed=None createdAt=-1.000000 firstSendRequestedAt=-1.000000 firstSendDelayMs=-1.000 desiredTick=0 assignedTick=0 lastResolvedAtCreate=0 estimatedHostTickAtCreate=0 clampReason=None
[rubber-banding][local-input] time=406.744 frame=164752 focused=1 host=0 room=28 world=3 authority=3 entity=2 windowMs=1002.3 updates=180 fixedCalls=51 commands=60 predictionSteps=60 noCommandUpdates=120 estimatedHostTick=10608 nextInputTick=10611 lastRecordedTick=10611 lastResolvedTick=10608 nextLead=3 recordedLead=3 unresolved=3 clamped=0 clampedTotal=88 batchesSent=5622 commandsSent=21409 sendFailures=0 move=(-1.00,0.00) jump=1
[rubber-banding][remote-render] time=406.744 frame=164752 entity=1 latestHostTick=10608 buffer=8 windowMs=1002.3 fps=179.6 snapshots=30 arrivalSamples=30 arrivalAvgMs=33.7 arrivalP95Ms=40.8 arrivalMaxMs=41.4 sameArrival=0 tickGapMax=2 renderFrames=180 interpolation=180 extrapolation=0 extrapolationCapped=0 extrapolationMaxMs=0.0 oldestHeld=0 zeroSpan=0 movingFrozen=0 teleport=0 visualStepAvgCm=0.00 visualStepMaxCm=0.00 estimatedHostTick=10608 renderTick=10604.121 latestSnapshotTick=10608.000 renderMinusLatestTicks=-3.879 estimatedMinusLatestTicks=0.000 sampleT=0.061
[rubber-banding][guest-local-edge] time=406.752 room=28 world=3 authority=3 entity=2 eventId=68 kind=Jump stage=Attached relatedEventId=0 inputTick=10612 pressed=Jump createdAt=406.751000 firstSendRequestedAt=-1.000000 firstSendDelayMs=-1.000 desiredTick=10612 assignedTick=10612 lastResolvedAtCreate=10608 estimatedHostTickAtCreate=10609 clampReason=None
[rubber-banding][guest-local-edge] time=406.752 room=28 world=3 authority=3 entity=2 eventId=68 kind=Jump stage=FirstSendRequested relatedEventId=0 inputTick=10612 pressed=Jump createdAt=406.751000 firstSendRequestedAt=406.751000 firstSendDelayMs=0.000 desiredTick=10612 assignedTick=10612 lastResolvedAtCreate=10608 estimatedHostTickAtCreate=10609 clampReason=None
[rubber-banding][local-input] time=407.749 frame=164939 focused=1 host=0 room=28 world=3 authority=3 entity=2 windowMs=1005.4 updates=187 fixedCalls=50 commands=61 predictionSteps=61 noCommandUpdates=126 estimatedHostTick=10669 nextInputTick=10672 lastRecordedTick=10672 lastResolvedTick=10668 nextLead=3 recordedLead=3 unresolved=4 clamped=0 clampedTotal=88 batchesSent=5653 commandsSent=21533 sendFailures=0 move=(-1.00,0.00) jump=0
[rubber-banding][remote-render] time=407.749 frame=164939 entity=1 latestHostTick=10668 buffer=8 windowMs=1005.4 fps=186.0 snapshots=30 arrivalSamples=30 arrivalAvgMs=33.3 arrivalP95Ms=39.3 arrivalMaxMs=39.6 sameArrival=0 tickGapMax=2 renderFrames=187 interpolation=187 extrapolation=0 extrapolationCapped=0 extrapolationMaxMs=0.0 oldestHeld=0 zeroSpan=0 movingFrozen=0 teleport=0 visualStepAvgCm=0.00 visualStepMaxCm=0.00 estimatedHostTick=10669 renderTick=10664.340 latestSnapshotTick=10668.000 renderMinusLatestTicks=-3.660 estimatedMinusLatestTicks=1.000 sampleT=0.170
[rubber-banding][guest-local-edge] time=407.920 room=28 world=3 authority=3 entity=2 eventId=69 kind=Jump stage=Captured relatedEventId=0 inputTick=0 pressed=None createdAt=-1.000000 firstSendRequestedAt=-1.000000 firstSendDelayMs=-1.000 desiredTick=0 assignedTick=0 lastResolvedAtCreate=0 estimatedHostTickAtCreate=0 clampReason=None
[rubber-banding][guest-local-edge] time=407.930 room=28 world=3 authority=3 entity=2 eventId=69 kind=Jump stage=Attached relatedEventId=0 inputTick=10683 pressed=Jump createdAt=407.929900 firstSendRequestedAt=-1.000000 firstSendDelayMs=-1.000 desiredTick=10683 assignedTick=10683 lastResolvedAtCreate=10678 estimatedHostTickAtCreate=10680 clampReason=None
[rubber-banding][guest-local-edge] time=407.931 room=28 world=3 authority=3 entity=2 eventId=69 kind=Jump stage=FirstSendRequested relatedEventId=0 inputTick=10683 pressed=Jump createdAt=407.929900 firstSendRequestedAt=407.929900 firstSendDelayMs=0.000 desiredTick=10683 assignedTick=10683 lastResolvedAtCreate=10678 estimatedHostTickAtCreate=10680 clampReason=None
[rubber-banding][guest-local-edge] time=408.334 room=28 world=3 authority=3 entity=2 eventId=70 kind=Jump stage=Captured relatedEventId=0 inputTick=0 pressed=None createdAt=-1.000000 firstSendRequestedAt=-1.000000 firstSendDelayMs=-1.000 desiredTick=0 assignedTick=0 lastResolvedAtCreate=0 estimatedHostTickAtCreate=0 clampReason=None
[rubber-banding][guest-local-edge] time=408.334 room=28 world=3 authority=3 entity=2 eventId=70 kind=Jump stage=Attached relatedEventId=0 inputTick=10707 pressed=Jump createdAt=408.332500 firstSendRequestedAt=-1.000000 firstSendDelayMs=-1.000 desiredTick=10707 assignedTick=10707 lastResolvedAtCreate=10704 estimatedHostTickAtCreate=10704 clampReason=None
[rubber-banding][guest-local-edge] time=408.334 room=28 world=3 authority=3 entity=2 eventId=70 kind=Jump stage=FirstSendRequested relatedEventId=0 inputTick=10707 pressed=Jump createdAt=408.332500 firstSendRequestedAt=408.332500 firstSendDelayMs=0.000 desiredTick=10707 assignedTick=10707 lastResolvedAtCreate=10704 estimatedHostTickAtCreate=10704 clampReason=None
[rubber-banding][local-input] time=408.751 frame=165125 focused=1 host=0 room=28 world=3 authority=3 entity=2 windowMs=1001.2 updates=186 fixedCalls=50 commands=60 predictionSteps=60 noCommandUpdates=126 estimatedHostTick=10729 nextInputTick=10732 lastRecordedTick=10732 lastResolvedTick=10728 nextLead=3 recordedLead=3 unresolved=4 clamped=0 clampedTotal=88 batchesSent=5685 commandsSent=21661 sendFailures=0 move=(0.00,0.00) jump=0
[rubber-banding][remote-render] time=408.751 frame=165125 entity=1 latestHostTick=10728 buffer=8 windowMs=1001.2 fps=185.8 snapshots=30 arrivalSamples=30 arrivalAvgMs=33.2 arrivalP95Ms=38.1 arrivalMaxMs=39.1 sameArrival=0 tickGapMax=2 renderFrames=186 interpolation=186 extrapolation=0 extrapolationCapped=0 extrapolationMaxMs=0.0 oldestHeld=0 zeroSpan=0 movingFrozen=0 teleport=0 visualStepAvgCm=0.00 visualStepMaxCm=0.00 estimatedHostTick=10729 renderTick=10724.412 latestSnapshotTick=10728.000 renderMinusLatestTicks=-3.588 estimatedMinusLatestTicks=1.000 sampleT=0.206
[rubber-banding][local-input] time=409.753 frame=165310 focused=1 host=0 room=28 world=3 authority=3 entity=2 windowMs=1002.0 updates=185 fixedCalls=50 commands=60 predictionSteps=60 noCommandUpdates=125 estimatedHostTick=10789 nextInputTick=10792 lastRecordedTick=10792 lastResolvedTick=10788 nextLead=3 recordedLead=3 unresolved=4 clamped=0 clampedTotal=88 batchesSent=5715 commandsSent=21781 sendFailures=0 move=(0.00,0.00) jump=0
[rubber-banding][remote-render] time=409.753 frame=165310 entity=1 latestHostTick=10788 buffer=8 windowMs=1002.0 fps=184.6 snapshots=30 arrivalSamples=30 arrivalAvgMs=33.4 arrivalP95Ms=38.9 arrivalMaxMs=41.0 sameArrival=0 tickGapMax=2 renderFrames=185 interpolation=185 extrapolation=0 extrapolationCapped=0 extrapolationMaxMs=0.0 oldestHeld=0 zeroSpan=0 movingFrozen=0 teleport=0 visualStepAvgCm=0.00 visualStepMaxCm=0.00 estimatedHostTick=10789 renderTick=10784.535 latestSnapshotTick=10788.000 renderMinusLatestTicks=-3.465 estimatedMinusLatestTicks=1.000 sampleT=0.267
[rubber-banding][local-input] time=410.756 frame=165492 focused=1 host=0 room=28 world=3 authority=3 entity=2 windowMs=1003.6 updates=182 fixedCalls=50 commands=60 predictionSteps=60 noCommandUpdates=122 estimatedHostTick=10849 nextInputTick=10852 lastRecordedTick=10852 lastResolvedTick=10848 nextLead=3 recordedLead=3 unresolved=4 clamped=0 clampedTotal=88 batchesSent=5745 commandsSent=21901 sendFailures=0 move=(0.00,0.00) jump=0
[rubber-banding][remote-render] time=410.756 frame=165492 entity=1 latestHostTick=10848 buffer=8 windowMs=1003.6 fps=181.3 snapshots=30 arrivalSamples=30 arrivalAvgMs=33.3 arrivalP95Ms=36.7 arrivalMaxMs=37.0 sameArrival=0 tickGapMax=2 renderFrames=182 interpolation=182 extrapolation=0 extrapolationCapped=0 extrapolationMaxMs=0.0 oldestHeld=0 zeroSpan=0 movingFrozen=0 teleport=0 visualStepAvgCm=0.00 visualStepMaxCm=0.00 estimatedHostTick=10849 renderTick=10844.752 latestSnapshotTick=10848.000 renderMinusLatestTicks=-3.248 estimatedMinusLatestTicks=1.000 sampleT=0.376
[rubber-banding][local-input] time=411.765 frame=165627 focused=0 host=0 room=28 world=3 authority=3 entity=2 windowMs=1008.3 updates=135 fixedCalls=51 commands=61 predictionSteps=61 noCommandUpdates=75 estimatedHostTick=10910 nextInputTick=10913 lastRecordedTick=10913 lastResolvedTick=10910 nextLead=3 recordedLead=3 unresolved=3 clamped=0 clampedTotal=88 batchesSent=5775 commandsSent=22016 sendFailures=0 move=(0.00,0.00) jump=0
[rubber-banding][remote-render] time=411.765 frame=165627 entity=1 latestHostTick=10910 buffer=8 windowMs=1008.3 fps=133.9 snapshots=31 arrivalSamples=31 arrivalAvgMs=32.8 arrivalP95Ms=40.4 arrivalMaxMs=54.4 sameArrival=0 tickGapMax=2 renderFrames=135 interpolation=135 extrapolation=0 extrapolationCapped=0 extrapolationMaxMs=0.0 oldestHeld=0 zeroSpan=0 movingFrozen=0 teleport=0 visualStepAvgCm=0.00 visualStepMaxCm=0.00 estimatedHostTick=10910 renderTick=10905.250 latestSnapshotTick=10910.000 renderMinusLatestTicks=-4.750 estimatedMinusLatestTicks=0.000 sampleT=0.625
[rubber-banding][local-input] time=412.768 frame=165772 focused=0 host=0 room=28 world=3 authority=3 entity=2 windowMs=1003.0 updates=145 fixedCalls=50 commands=61 predictionSteps=61 noCommandUpdates=84 estimatedHostTick=10971 nextInputTick=10974 lastRecordedTick=10974 lastResolvedTick=10970 nextLead=3 recordedLead=3 unresolved=4 clamped=0 clampedTotal=88 batchesSent=5805 commandsSent=22131 sendFailures=0 move=(0.00,0.00) jump=0
[rubber-banding][remote-render] time=412.768 frame=165772 entity=1 latestHostTick=10970 buffer=8 windowMs=1003.0 fps=144.6 snapshots=30 arrivalSamples=30 arrivalAvgMs=33.5 arrivalP95Ms=42.0 arrivalMaxMs=44.4 sameArrival=0 tickGapMax=2 renderFrames=145 interpolation=145 extrapolation=0 extrapolationCapped=0 extrapolationMaxMs=0.0 oldestHeld=0 zeroSpan=0 movingFrozen=0 teleport=0 visualStepAvgCm=0.00 visualStepMaxCm=0.00 estimatedHostTick=10971 renderTick=10965.641 latestSnapshotTick=10970.000 renderMinusLatestTicks=-4.359 estimatedMinusLatestTicks=1.000 sampleT=0.821
[rubber-banding][local-input] time=413.769 frame=165938 focused=0 host=0 room=28 world=3 authority=3 entity=2 windowMs=1001.6 updates=166 fixedCalls=50 commands=60 predictionSteps=60 noCommandUpdates=106 estimatedHostTick=11031 nextInputTick=11034 lastRecordedTick=11034 lastResolvedTick=11030 nextLead=3 recordedLead=3 unresolved=4 clamped=0 clampedTotal=88 batchesSent=5835 commandsSent=22246 sendFailures=0 move=(0.00,0.00) jump=0
[rubber-banding][remote-render] time=413.769 frame=165938 entity=1 latestHostTick=11030 buffer=8 windowMs=1001.6 fps=165.7 snapshots=30 arrivalSamples=30 arrivalAvgMs=33.4 arrivalP95Ms=39.1 arrivalMaxMs=41.8 sameArrival=0 tickGapMax=2 renderFrames=166 interpolation=166 extrapolation=0 extrapolationCapped=0 extrapolationMaxMs=0.0 oldestHeld=0 zeroSpan=0 movingFrozen=0 teleport=0 visualStepAvgCm=0.00 visualStepMaxCm=0.00 estimatedHostTick=11031 renderTick=11025.809 latestSnapshotTick=11030.000 renderMinusLatestTicks=-4.191 estimatedMinusLatestTicks=1.000 sampleT=0.905
[rubber-banding][local-input] time=414.772 frame=166118 focused=0 host=0 room=28 world=3 authority=3 entity=2 windowMs=1002.7 updates=180 fixedCalls=50 commands=60 predictionSteps=60 noCommandUpdates=122 estimatedHostTick=11091 nextInputTick=11094 lastRecordedTick=11094 lastResolvedTick=11090 nextLead=3 recordedLead=3 unresolved=4 clamped=0 clampedTotal=88 batchesSent=5864 commandsSent=22355 sendFailures=0 move=(0.00,0.00) jump=0
[rubber-banding][remote-render] time=414.772 frame=166118 entity=1 latestHostTick=11090 buffer=8 windowMs=1002.7 fps=179.5 snapshots=30 arrivalSamples=30 arrivalAvgMs=33.1 arrivalP95Ms=38.2 arrivalMaxMs=63.6 sameArrival=0 tickGapMax=2 renderFrames=180 interpolation=180 extrapolation=0 extrapolationCapped=0 extrapolationMaxMs=0.0 oldestHeld=0 zeroSpan=0 movingFrozen=0 teleport=0 visualStepAvgCm=0.00 visualStepMaxCm=0.00 estimatedHostTick=11091 renderTick=11085.986 latestSnapshotTick=11090.000 renderMinusLatestTicks=-4.014 estimatedMinusLatestTicks=1.000 sampleT=0.993
[rubber-banding][local-input] time=415.776 frame=166312 focused=0 host=0 room=28 world=3 authority=3 entity=2 windowMs=1003.9 updates=194 fixedCalls=50 commands=61 predictionSteps=61 noCommandUpdates=133 estimatedHostTick=11152 nextInputTick=11155 lastRecordedTick=11155 lastResolvedTick=11150 nextLead=3 recordedLead=3 unresolved=5 clamped=0 clampedTotal=88 batchesSent=5894 commandsSent=22473 sendFailures=0 move=(0.00,0.00) jump=0
[rubber-banding][remote-render] time=415.776 frame=166312 entity=1 latestHostTick=11150 buffer=8 windowMs=1003.9 fps=193.2 snapshots=30 arrivalSamples=30 arrivalAvgMs=33.3 arrivalP95Ms=36.9 arrivalMaxMs=37.0 sameArrival=0 tickGapMax=2 renderFrames=194 interpolation=194 extrapolation=0 extrapolationCapped=0 extrapolationMaxMs=0.0 oldestHeld=0 zeroSpan=0 movingFrozen=0 teleport=0 visualStepAvgCm=0.00 visualStepMaxCm=0.00 estimatedHostTick=11152 renderTick=11146.414 latestSnapshotTick=11150.000 renderMinusLatestTicks=-3.586 estimatedMinusLatestTicks=2.000 sampleT=0.207
[rubber-banding][local-input] time=416.780 frame=166506 focused=0 host=0 room=28 world=3 authority=3 entity=2 windowMs=1004.3 updates=194 fixedCalls=50 commands=59 predictionSteps=59 noCommandUpdates=135 estimatedHostTick=11211 nextInputTick=11214 lastRecordedTick=11214 lastResolvedTick=11210 nextLead=3 recordedLead=3 unresolved=4 clamped=0 clampedTotal=88 batchesSent=5924 commandsSent=22588 sendFailures=0 move=(0.00,0.00) jump=0
[rubber-banding][remote-render] time=416.780 frame=166506 entity=1 latestHostTick=11210 buffer=8 windowMs=1004.3 fps=193.2 snapshots=30 arrivalSamples=30 arrivalAvgMs=33.5 arrivalP95Ms=38.0 arrivalMaxMs=39.4 sameArrival=0 tickGapMax=2 renderFrames=194 interpolation=194 extrapolation=0 extrapolationCapped=0 extrapolationMaxMs=0.0 oldestHeld=0 zeroSpan=0 movingFrozen=0 teleport=0 visualStepAvgCm=0.00 visualStepMaxCm=0.00 estimatedHostTick=11211 renderTick=11206.674 latestSnapshotTick=11210.000 renderMinusLatestTicks=-3.326 estimatedMinusLatestTicks=1.000 sampleT=0.337
[rubber-banding][local-input] time=417.780 frame=166697 focused=0 host=0 room=28 world=3 authority=3 entity=2 windowMs=1000.0 updates=191 fixedCalls=50 commands=60 predictionSteps=60 noCommandUpdates=131 estimatedHostTick=11271 nextInputTick=11274 lastRecordedTick=11274 lastResolvedTick=11270 nextLead=3 recordedLead=3 unresolved=4 clamped=0 clampedTotal=88 batchesSent=5955 commandsSent=22709 sendFailures=0 move=(0.00,0.00) jump=0
[rubber-banding][remote-render] time=417.780 frame=166697 entity=1 latestHostTick=11270 buffer=8 windowMs=1000.0 fps=191.0 snapshots=30 arrivalSamples=30 arrivalAvgMs=33.3 arrivalP95Ms=37.7 arrivalMaxMs=38.1 sameArrival=0 tickGapMax=2 renderFrames=191 interpolation=191 extrapolation=0 extrapolationCapped=0 extrapolationMaxMs=0.0 oldestHeld=0 zeroSpan=0 movingFrozen=0 teleport=0 visualStepAvgCm=0.00 visualStepMaxCm=0.00 estimatedHostTick=11271 renderTick=11266.676 latestSnapshotTick=11270.000 renderMinusLatestTicks=-3.324 estimatedMinusLatestTicks=1.000 sampleT=0.338
[rubber-banding][local-input] time=418.784 frame=166884 focused=0 host=0 room=28 world=3 authority=3 entity=2 windowMs=1003.7 updates=187 fixedCalls=51 commands=61 predictionSteps=61 noCommandUpdates=126 estimatedHostTick=11332 nextInputTick=11335 lastRecordedTick=11335 lastResolvedTick=11330 nextLead=3 recordedLead=3 unresolved=5 clamped=0 clampedTotal=88 batchesSent=5985 commandsSent=22839 sendFailures=0 move=(0.00,0.00) jump=0
[rubber-banding][remote-render] time=418.784 frame=166884 entity=1 latestHostTick=11330 buffer=8 windowMs=1003.7 fps=186.3 snapshots=30 arrivalSamples=30 arrivalAvgMs=33.3 arrivalP95Ms=41.0 arrivalMaxMs=41.9 sameArrival=0 tickGapMax=2 renderFrames=187 interpolation=187 extrapolation=0 extrapolationCapped=0 extrapolationMaxMs=0.0 oldestHeld=0 zeroSpan=0 movingFrozen=0 teleport=0 visualStepAvgCm=0.00 visualStepMaxCm=0.00 estimatedHostTick=11332 renderTick=11326.898 latestSnapshotTick=11330.000 renderMinusLatestTicks=-3.102 estimatedMinusLatestTicks=2.000 sampleT=0.449
[rubber-banding][local-input] time=419.789 frame=167072 focused=0 host=0 room=28 world=3 authority=3 entity=2 windowMs=1005.1 updates=188 fixedCalls=50 commands=60 predictionSteps=60 noCommandUpdates=128 estimatedHostTick=11392 nextInputTick=11395 lastRecordedTick=11395 lastResolvedTick=11392 nextLead=3 recordedLead=3 unresolved=3 clamped=0 clampedTotal=88 batchesSent=6015 commandsSent=22979 sendFailures=0 move=(0.00,0.00) jump=0
[rubber-banding][remote-render] time=419.789 frame=167072 entity=1 latestHostTick=11392 buffer=8 windowMs=1005.1 fps=187.0 snapshots=31 arrivalSamples=31 arrivalAvgMs=33.4 arrivalP95Ms=40.1 arrivalMaxMs=43.2 sameArrival=0 tickGapMax=2 renderFrames=188 interpolation=188 extrapolation=0 extrapolationCapped=0 extrapolationMaxMs=0.0 oldestHeld=0 zeroSpan=0 movingFrozen=0 teleport=0 visualStepAvgCm=0.00 visualStepMaxCm=0.00 estimatedHostTick=11392 renderTick=11387.205 latestSnapshotTick=11392.000 renderMinusLatestTicks=-4.795 estimatedMinusLatestTicks=0.000 sampleT=0.603
[rubber-banding][local-input] time=420.790 frame=167259 focused=0 host=0 room=28 world=3 authority=3 entity=2 windowMs=1000.9 updates=187 fixedCalls=50 commands=60 predictionSteps=60 noCommandUpdates=127 estimatedHostTick=11452 nextInputTick=11455 lastRecordedTick=11455 lastResolvedTick=11452 nextLead=3 recordedLead=3 unresolved=3 clamped=0 clampedTotal=88 batchesSent=6045 commandsSent=23116 sendFailures=0 move=(0.00,0.00) jump=0
[rubber-banding][remote-render] time=420.790 frame=167259 entity=1 latestHostTick=11452 buffer=8 windowMs=1000.9 fps=186.8 snapshots=30 arrivalSamples=30 arrivalAvgMs=33.4 arrivalP95Ms=37.6 arrivalMaxMs=38.5 sameArrival=0 tickGapMax=2 renderFrames=187 interpolation=187 extrapolation=0 extrapolationCapped=0 extrapolationMaxMs=0.0 oldestHeld=0 zeroSpan=0 movingFrozen=0 teleport=0 visualStepAvgCm=0.00 visualStepMaxCm=0.00 estimatedHostTick=11452 renderTick=11447.257 latestSnapshotTick=11452.000 renderMinusLatestTicks=-4.743 estimatedMinusLatestTicks=0.000 sampleT=0.628
[rubber-banding][local-input] time=421.793 frame=167448 focused=0 host=0 room=28 world=3 authority=3 entity=2 windowMs=1003.5 updates=189 fixedCalls=50 commands=60 predictionSteps=60 noCommandUpdates=129 estimatedHostTick=11512 nextInputTick=11515 lastRecordedTick=11515 lastResolvedTick=11512 nextLead=3 recordedLead=3 unresolved=3 clamped=0 clampedTotal=88 batchesSent=6075 commandsSent=23263 sendFailures=0 move=(0.00,0.00) jump=0
[rubber-banding][remote-render] time=421.793 frame=167448 entity=1 latestHostTick=11512 buffer=8 windowMs=1003.5 fps=188.3 snapshots=30 arrivalSamples=30 arrivalAvgMs=33.3 arrivalP95Ms=37.8 arrivalMaxMs=38.7 sameArrival=0 tickGapMax=2 renderFrames=189 interpolation=189 extrapolation=0 extrapolationCapped=0 extrapolationMaxMs=0.0 oldestHeld=0 zeroSpan=0 movingFrozen=0 teleport=0 visualStepAvgCm=0.00 visualStepMaxCm=0.00 estimatedHostTick=11512 renderTick=11507.465 latestSnapshotTick=11512.000 renderMinusLatestTicks=-4.535 estimatedMinusLatestTicks=0.000 sampleT=0.733
[rubber-banding][local-input] time=422.797 frame=167643 focused=0 host=0 room=28 world=3 authority=3 entity=2 windowMs=1003.7 updates=195 fixedCalls=50 commands=60 predictionSteps=60 noCommandUpdates=135 estimatedHostTick=11572 nextInputTick=11575 lastRecordedTick=11575 lastResolvedTick=11572 nextLead=3 recordedLead=3 unresolved=3 clamped=0 clampedTotal=88 batchesSent=6105 commandsSent=23399 sendFailures=0 move=(0.00,0.00) jump=0
[rubber-banding][remote-render] time=422.797 frame=167643 entity=1 latestHostTick=11572 buffer=8 windowMs=1003.7 fps=194.3 snapshots=30 arrivalSamples=30 arrivalAvgMs=33.2 arrivalP95Ms=37.2 arrivalMaxMs=37.4 sameArrival=0 tickGapMax=2 renderFrames=195 interpolation=195 extrapolation=0 extrapolationCapped=0 extrapolationMaxMs=0.0 oldestHeld=0 zeroSpan=0 movingFrozen=0 teleport=0 visualStepAvgCm=0.00 visualStepMaxCm=0.00 estimatedHostTick=11572 renderTick=11567.685 latestSnapshotTick=11572.000 renderMinusLatestTicks=-4.315 estimatedMinusLatestTicks=0.000 sampleT=0.843
[rubber-banding][local-input] time=423.798 frame=167837 focused=0 host=0 room=28 world=3 authority=3 entity=2 windowMs=1000.5 updates=194 fixedCalls=50 commands=60 predictionSteps=60 noCommandUpdates=134 estimatedHostTick=11632 nextInputTick=11635 lastRecordedTick=11635 lastResolvedTick=11632 nextLead=3 recordedLead=3 unresolved=3 clamped=0 clampedTotal=88 batchesSent=6135 commandsSent=23524 sendFailures=0 move=(0.00,0.00) jump=0
[rubber-banding][remote-render] time=423.798 frame=167837 entity=1 latestHostTick=11632 buffer=8 windowMs=1000.5 fps=193.9 snapshots=30 arrivalSamples=30 arrivalAvgMs=33.4 arrivalP95Ms=37.5 arrivalMaxMs=37.6 sameArrival=0 tickGapMax=2 renderFrames=194 interpolation=194 extrapolation=0 extrapolationCapped=0 extrapolationMaxMs=0.0 oldestHeld=0 zeroSpan=0 movingFrozen=0 teleport=0 visualStepAvgCm=0.00 visualStepMaxCm=0.00 estimatedHostTick=11632 renderTick=11627.716 latestSnapshotTick=11632.000 renderMinusLatestTicks=-4.284 estimatedMinusLatestTicks=0.000 sampleT=0.858
[rubber-banding][local-input] time=424.800 frame=168032 focused=0 host=0 room=28 world=3 authority=3 entity=2 windowMs=1002.7 updates=195 fixedCalls=50 commands=61 predictionSteps=61 noCommandUpdates=134 estimatedHostTick=11693 nextInputTick=11696 lastRecordedTick=11696 lastResolvedTick=11692 nextLead=3 recordedLead=3 unresolved=4 clamped=0 clampedTotal=88 batchesSent=6165 commandsSent=23647 sendFailures=0 move=(0.00,0.00) jump=0
[rubber-banding][remote-render] time=424.800 frame=168032 entity=1 latestHostTick=11692 buffer=8 windowMs=1002.7 fps=194.5 snapshots=30 arrivalSamples=30 arrivalAvgMs=33.3 arrivalP95Ms=36.9 arrivalMaxMs=38.0 sameArrival=0 tickGapMax=2 renderFrames=195 interpolation=195 extrapolation=0 extrapolationCapped=0 extrapolationMaxMs=0.0 oldestHeld=0 zeroSpan=0 movingFrozen=0 teleport=0 visualStepAvgCm=0.00 visualStepMaxCm=0.00 estimatedHostTick=11693 renderTick=11687.879 latestSnapshotTick=11692.000 renderMinusLatestTicks=-4.121 estimatedMinusLatestTicks=1.000 sampleT=0.940
[rubber-banding][local-input] time=425.804 frame=168227 focused=0 host=0 room=28 world=3 authority=3 entity=2 windowMs=1003.4 updates=195 fixedCalls=51 commands=60 predictionSteps=60 noCommandUpdates=135 estimatedHostTick=11753 nextInputTick=11756 lastRecordedTick=11756 lastResolvedTick=11752 nextLead=3 recordedLead=3 unresolved=4 clamped=0 clampedTotal=88 batchesSent=6195 commandsSent=23796 sendFailures=0 move=(0.00,0.00) jump=0
[rubber-banding][remote-render] time=425.804 frame=168227 entity=1 latestHostTick=11752 buffer=8 windowMs=1003.4 fps=194.3 snapshots=30 arrivalSamples=30 arrivalAvgMs=33.4 arrivalP95Ms=36.9 arrivalMaxMs=37.1 sameArrival=0 tickGapMax=2 renderFrames=195 interpolation=195 extrapolation=0 extrapolationCapped=0 extrapolationMaxMs=0.0 oldestHeld=0 zeroSpan=0 movingFrozen=0 teleport=0 visualStepAvgCm=0.00 visualStepMaxCm=0.00 estimatedHostTick=11753 renderTick=11748.083 latestSnapshotTick=11752.000 renderMinusLatestTicks=-3.917 estimatedMinusLatestTicks=1.000 sampleT=0.041
[rubber-banding][local-input] time=426.808 frame=168413 focused=0 host=0 room=28 world=3 authority=3 entity=2 windowMs=1004.5 updates=186 fixedCalls=50 commands=60 predictionSteps=60 noCommandUpdates=126 estimatedHostTick=11813 nextInputTick=11816 lastRecordedTick=11816 lastResolvedTick=11812 nextLead=3 recordedLead=3 unresolved=4 clamped=0 clampedTotal=88 batchesSent=6225 commandsSent=23944 sendFailures=0 move=(0.00,0.00) jump=0
[rubber-banding][remote-render] time=426.808 frame=168413 entity=1 latestHostTick=11812 buffer=8 windowMs=1004.5 fps=185.2 snapshots=30 arrivalSamples=30 arrivalAvgMs=33.3 arrivalP95Ms=37.7 arrivalMaxMs=40.3 sameArrival=0 tickGapMax=2 renderFrames=186 interpolation=186 extrapolation=0 extrapolationCapped=0 extrapolationMaxMs=0.0 oldestHeld=0 zeroSpan=0 movingFrozen=0 teleport=0 visualStepAvgCm=0.00 visualStepMaxCm=0.00 estimatedHostTick=11813 renderTick=11808.355 latestSnapshotTick=11812.000 renderMinusLatestTicks=-3.645 estimatedMinusLatestTicks=1.000 sampleT=0.178
[rubber-banding][local-input] time=427.811 frame=168602 focused=0 host=0 room=28 world=3 authority=3 entity=2 windowMs=1003.0 updates=189 fixedCalls=50 commands=60 predictionSteps=60 noCommandUpdates=129 estimatedHostTick=11873 nextInputTick=11876 lastRecordedTick=11876 lastResolvedTick=11872 nextLead=3 recordedLead=3 unresolved=4 clamped=0 clampedTotal=88 batchesSent=6256 commandsSent=24082 sendFailures=0 move=(0.00,0.00) jump=0
[rubber-banding][remote-render] time=427.811 frame=168602 entity=1 latestHostTick=11872 buffer=8 windowMs=1003.0 fps=188.4 snapshots=30 arrivalSamples=30 arrivalAvgMs=33.5 arrivalP95Ms=37.9 arrivalMaxMs=38.0 sameArrival=0 tickGapMax=2 renderFrames=189 interpolation=189 extrapolation=0 extrapolationCapped=0 extrapolationMaxMs=0.0 oldestHeld=0 zeroSpan=0 movingFrozen=0 teleport=0 visualStepAvgCm=0.00 visualStepMaxCm=0.00 estimatedHostTick=11873 renderTick=11868.537 latestSnapshotTick=11872.000 renderMinusLatestTicks=-3.463 estimatedMinusLatestTicks=1.000 sampleT=0.268
[rubber-banding][local-input] time=428.816 frame=168795 focused=0 host=0 room=28 world=3 authority=3 entity=2 windowMs=1004.3 updates=193 fixedCalls=50 commands=60 predictionSteps=60 noCommandUpdates=133 estimatedHostTick=11933 nextInputTick=11936 lastRecordedTick=11936 lastResolvedTick=11932 nextLead=3 recordedLead=3 unresolved=4 clamped=0 clampedTotal=88 batchesSent=6286 commandsSent=24204 sendFailures=0 move=(0.00,0.00) jump=0
[rubber-banding][remote-render] time=428.816 frame=168795 entity=1 latestHostTick=11932 buffer=8 windowMs=1004.3 fps=192.2 snapshots=30 arrivalSamples=30 arrivalAvgMs=33.3 arrivalP95Ms=38.3 arrivalMaxMs=38.8 sameArrival=0 tickGapMax=2 renderFrames=193 interpolation=193 extrapolation=0 extrapolationCapped=0 extrapolationMaxMs=0.0 oldestHeld=0 zeroSpan=0 movingFrozen=0 teleport=0 visualStepAvgCm=0.00 visualStepMaxCm=0.00 estimatedHostTick=11933 renderTick=11928.793 latestSnapshotTick=11932.000 renderMinusLatestTicks=-3.207 estimatedMinusLatestTicks=1.000 sampleT=0.396
[rubber-banding][local-input] time=429.818 frame=168925 focused=0 host=0 room=28 world=3 authority=3 entity=2 windowMs=1002.6 updates=130 fixedCalls=50 commands=61 predictionSteps=61 noCommandUpdates=75 estimatedHostTick=11994 nextInputTick=11997 lastRecordedTick=11997 lastResolvedTick=11992 nextLead=3 recordedLead=3 unresolved=5 clamped=0 clampedTotal=88 batchesSent=6316 commandsSent=24328 sendFailures=0 move=(0.00,0.00) jump=0
[rubber-banding][remote-render] time=429.818 frame=168925 entity=1 latestHostTick=11992 buffer=8 windowMs=1002.6 fps=129.7 snapshots=30 arrivalSamples=30 arrivalAvgMs=33.3 arrivalP95Ms=85.7 arrivalMaxMs=105.4 sameArrival=4 tickGapMax=2 renderFrames=130 interpolation=130 extrapolation=0 extrapolationCapped=0 extrapolationMaxMs=0.0 oldestHeld=0 zeroSpan=11 movingFrozen=0 teleport=1 visualStepAvgCm=28.46 visualStepMaxCm=3699.89 estimatedHostTick=11994 renderTick=11988.947 latestSnapshotTick=11992.000 renderMinusLatestTicks=-3.053 estimatedMinusLatestTicks=2.000 sampleT=0.473
[rubber-banding][large-step] time=429.818 frame=168925 focused=0 entity=1 buffer=8 count=1 maxStepCm=3699.89 horizontalCm=3699.88 verticalCm=5.20 frameDeltaMs=47.5 renderTickDelta=2.853 fromTick=11950 toTick=11952 tickSpan=2 receivedSpanMs=105.4 t=0.710 renderOffsetMs=-9.7 sourceHorizontalCm=3699.88 sourceVerticalCm=5.20 fromGrounded=1 toGrounded=1 velocity=(0.000, -0.333, 0.000) expectedTravelCm=1.58 teleport=1 previous=(4.023, 0.008, 1.267) rendered=(41.000, 0.060, 0.000)
[rubber-banding][local-input] time=430.822 frame=169050 focused=0 host=0 room=28 world=3 authority=3 entity=2 windowMs=1003.9 updates=125 fixedCalls=50 commands=60 predictionSteps=60 noCommandUpdates=65 estimatedHostTick=12054 nextInputTick=12057 lastRecordedTick=12057 lastResolvedTick=12052 nextLead=3 recordedLead=3 unresolved=5 clamped=0 clampedTotal=88 batchesSent=6346 commandsSent=24468 sendFailures=0 move=(0.00,0.00) jump=0
[rubber-banding][remote-render] time=430.822 frame=169050 entity=1 latestHostTick=12052 buffer=8 windowMs=1003.9 fps=124.5 snapshots=30 arrivalSamples=30 arrivalAvgMs=33.9 arrivalP95Ms=49.3 arrivalMaxMs=60.3 sameArrival=0 tickGapMax=2 renderFrames=125 interpolation=125 extrapolation=0 extrapolationCapped=0 extrapolationMaxMs=0.0 oldestHeld=0 zeroSpan=0 movingFrozen=0 teleport=0 visualStepAvgCm=0.00 visualStepMaxCm=0.00 estimatedHostTick=12054 renderTick=12049.181 latestSnapshotTick=12052.000 renderMinusLatestTicks=-2.819 estimatedMinusLatestTicks=2.000 sampleT=0.591
[Network] Unhandled packet id 2415 (86 byte payload). Skipped.
[rubber-banding][local-input] time=431.823 frame=169162 focused=0 host=0 room=28 world=3 authority=3 entity=2 windowMs=1001.4 updates=112 fixedCalls=51 commands=60 predictionSteps=60 noCommandUpdates=52 estimatedHostTick=12114 nextInputTick=12117 lastRecordedTick=12117 lastResolvedTick=12112 nextLead=3 recordedLead=3 unresolved=5 clamped=0 clampedTotal=88 batchesSent=6376 commandsSent=24610 sendFailures=0 move=(0.00,0.00) jump=0
[rubber-banding][remote-render] time=431.823 frame=169162 entity=1 latestHostTick=12112 buffer=8 windowMs=1001.4 fps=111.8 snapshots=30 arrivalSamples=30 arrivalAvgMs=33.7 arrivalP95Ms=46.6 arrivalMaxMs=53.2 sameArrival=0 tickGapMax=2 renderFrames=112 interpolation=112 extrapolation=0 extrapolationCapped=0 extrapolationMaxMs=0.0 oldestHeld=0 zeroSpan=0 movingFrozen=0 teleport=0 visualStepAvgCm=0.00 visualStepMaxCm=0.00 estimatedHostTick=12114 renderTick=12109.264 latestSnapshotTick=12112.000 renderMinusLatestTicks=-2.736 estimatedMinusLatestTicks=2.000 sampleT=0.632
[rubber-banding][local-input] time=432.824 frame=169282 focused=0 host=0 room=28 world=3 authority=3 entity=2 windowMs=1001.0 updates=120 fixedCalls=50 commands=61 predictionSteps=61 noCommandUpdates=61 estimatedHostTick=12174 nextInputTick=12178 lastRecordedTick=12178 lastResolvedTick=12174 nextLead=4 recordedLead=4 unresolved=4 clamped=0 clampedTotal=88 batchesSent=6406 commandsSent=24782 sendFailures=0 move=(0.00,0.00) jump=0
[rubber-banding][remote-render] time=432.824 frame=169282 entity=1 latestHostTick=12174 buffer=8 windowMs=1001.0 fps=119.9 snapshots=31 arrivalSamples=31 arrivalAvgMs=32.6 arrivalP95Ms=55.1 arrivalMaxMs=65.6 sameArrival=1 tickGapMax=2 renderFrames=120 interpolation=120 extrapolation=0 extrapolationCapped=0 extrapolationMaxMs=0.0 oldestHeld=0 zeroSpan=7 movingFrozen=0 teleport=0 visualStepAvgCm=0.00 visualStepMaxCm=0.00 estimatedHostTick=12174 renderTick=12169.324 latestSnapshotTick=12174.000 renderMinusLatestTicks=-4.676 estimatedMinusLatestTicks=0.000 sampleT=0.662
[rubber-banding][local-input] time=433.828 frame=169481 focused=0 host=0 room=28 world=3 authority=3 entity=2 windowMs=1003.3 updates=199 fixedCalls=50 commands=59 predictionSteps=59 noCommandUpdates=141 estimatedHostTick=12234 nextInputTick=12237 lastRecordedTick=12237 lastResolvedTick=12232 nextLead=3 recordedLead=3 unresolved=5 clamped=0 clampedTotal=88 batchesSent=6436 commandsSent=24908 sendFailures=0 move=(0.00,0.00) jump=0
[rubber-banding][remote-render] time=433.828 frame=169481 entity=1 latestHostTick=12232 buffer=8 windowMs=1003.3 fps=198.4 snapshots=29 arrivalSamples=29 arrivalAvgMs=33.6 arrivalP95Ms=63.8 arrivalMaxMs=82.5 sameArrival=1 tickGapMax=2 renderFrames=199 interpolation=198 extrapolation=1 extrapolationCapped=0 extrapolationMaxMs=3.0 oldestHeld=0 zeroSpan=7 movingFrozen=0 teleport=0 visualStepAvgCm=0.00 visualStepMaxCm=0.00 estimatedHostTick=12234 renderTick=12229.520 latestSnapshotTick=12232.000 renderMinusLatestTicks=-2.480 estimatedMinusLatestTicks=2.000 sampleT=0.760
[rubber-banding][local-input] time=434.831 frame=169682 focused=0 host=0 room=28 world=3 authority=3 entity=2 windowMs=1003.7 updates=201 fixedCalls=50 commands=60 predictionSteps=60 noCommandUpdates=141 estimatedHostTick=12294 nextInputTick=12297 lastRecordedTick=12297 lastResolvedTick=12294 nextLead=3 recordedLead=3 unresolved=3 clamped=0 clampedTotal=88 batchesSent=6466 commandsSent=25004 sendFailures=0 move=(0.00,0.00) jump=0
[rubber-banding][remote-render] time=434.831 frame=169682 entity=1 latestHostTick=12294 buffer=8 windowMs=1003.7 fps=200.3 snapshots=31 arrivalSamples=31 arrivalAvgMs=33.3 arrivalP95Ms=42.3 arrivalMaxMs=52.8 sameArrival=0 tickGapMax=2 renderFrames=201 interpolation=201 extrapolation=0 extrapolationCapped=0 extrapolationMaxMs=0.0 oldestHeld=0 zeroSpan=0 movingFrozen=0 teleport=0 visualStepAvgCm=0.00 visualStepMaxCm=0.00 estimatedHostTick=12294 renderTick=12289.352 latestSnapshotTick=12294.000 renderMinusLatestTicks=-4.648 estimatedMinusLatestTicks=0.000 sampleT=0.676
[rubber-banding][local-input] time=435.832 frame=169882 focused=0 host=0 room=28 world=3 authority=3 entity=2 windowMs=1001.0 updates=200 fixedCalls=50 commands=60 predictionSteps=60 noCommandUpdates=140 estimatedHostTick=12354 nextInputTick=12357 lastRecordedTick=12357 lastResolvedTick=12354 nextLead=3 recordedLead=3 unresolved=3 clamped=0 clampedTotal=88 batchesSent=6496 commandsSent=25124 sendFailures=0 move=(0.00,0.00) jump=0
[rubber-banding][remote-render] time=435.832 frame=169882 entity=1 latestHostTick=12354 buffer=8 windowMs=1001.0 fps=199.8 snapshots=30 arrivalSamples=30 arrivalAvgMs=33.0 arrivalP95Ms=38.8 arrivalMaxMs=43.4 sameArrival=0 tickGapMax=2 renderFrames=200 interpolation=200 extrapolation=0 extrapolationCapped=0 extrapolationMaxMs=0.0 oldestHeld=0 zeroSpan=0 movingFrozen=0 teleport=0 visualStepAvgCm=0.00 visualStepMaxCm=0.00 estimatedHostTick=12354 renderTick=12349.414 latestSnapshotTick=12354.000 renderMinusLatestTicks=-4.586 estimatedMinusLatestTicks=0.000 sampleT=0.707
[rubber-banding][local-input] time=436.837 frame=170089 focused=0 host=0 room=28 world=3 authority=3 entity=2 windowMs=1004.6 updates=207 fixedCalls=50 commands=61 predictionSteps=61 noCommandUpdates=146 estimatedHostTick=12415 nextInputTick=12418 lastRecordedTick=12418 lastResolvedTick=12414 nextLead=3 recordedLead=3 unresolved=4 clamped=0 clampedTotal=88 batchesSent=6526 commandsSent=25259 sendFailures=0 move=(0.00,0.00) jump=0
[rubber-banding][remote-render] time=436.837 frame=170089 entity=1 latestHostTick=12414 buffer=8 windowMs=1004.6 fps=206.0 snapshots=30 arrivalSamples=30 arrivalAvgMs=33.3 arrivalP95Ms=37.3 arrivalMaxMs=37.9 sameArrival=0 tickGapMax=2 renderFrames=207 interpolation=207 extrapolation=0 extrapolationCapped=0 extrapolationMaxMs=0.0 oldestHeld=0 zeroSpan=0 movingFrozen=0 teleport=0 visualStepAvgCm=0.00 visualStepMaxCm=0.00 estimatedHostTick=12415 renderTick=12409.794 latestSnapshotTick=12414.000 renderMinusLatestTicks=-4.206 estimatedMinusLatestTicks=1.000 sampleT=0.897
[rubber-banding][local-input] time=437.840 frame=170301 focused=0 host=0 room=28 world=3 authority=3 entity=2 windowMs=1003.3 updates=212 fixedCalls=50 commands=60 predictionSteps=60 noCommandUpdates=152 estimatedHostTick=12475 nextInputTick=12478 lastRecordedTick=12478 lastResolvedTick=12474 nextLead=3 recordedLead=3 unresolved=4 clamped=0 clampedTotal=88 batchesSent=6556 commandsSent=25388 sendFailures=0 move=(0.00,0.00) jump=0
[rubber-banding][remote-render] time=437.840 frame=170301 entity=1 latestHostTick=12474 buffer=8 windowMs=1003.3 fps=211.3 snapshots=30 arrivalSamples=30 arrivalAvgMs=33.3 arrivalP95Ms=37.5 arrivalMaxMs=38.7 sameArrival=0 tickGapMax=2 renderFrames=212 interpolation=212 extrapolation=0 extrapolationCapped=0 extrapolationMaxMs=0.0 oldestHeld=0 zeroSpan=0 movingFrozen=0 teleport=0 visualStepAvgCm=0.00 visualStepMaxCm=0.00 estimatedHostTick=12475 renderTick=12469.990 latestSnapshotTick=12474.000 renderMinusLatestTicks=-4.010 estimatedMinusLatestTicks=1.000 sampleT=0.995
[rubber-banding][local-input] time=438.844 frame=170421 focused=1 host=0 room=28 world=3 authority=3 entity=2 windowMs=1003.6 updates=120 fixedCalls=51 commands=43 predictionSteps=43 noCommandUpdates=82 estimatedHostTick=12535 nextInputTick=12538 lastRecordedTick=12538 lastResolvedTick=12534 nextLead=3 recordedLead=3 unresolved=4 clamped=0 clampedTotal=88 batchesSent=6576 commandsSent=25461 sendFailures=0 move=(0.00,0.00) jump=0
[rubber-banding][remote-render] time=438.844 frame=170421 entity=1 latestHostTick=12534 buffer=8 windowMs=1003.6 fps=119.6 snapshots=29 arrivalSamples=29 arrivalAvgMs=34.4 arrivalP95Ms=108.9 arrivalMaxMs=294.3 sameArrival=9 tickGapMax=4 renderFrames=120 interpolation=120 extrapolation=0 extrapolationCapped=0 extrapolationMaxMs=0.0 oldestHeld=0 zeroSpan=14 movingFrozen=0 teleport=0 visualStepAvgCm=0.00 visualStepMaxCm=0.00 estimatedHostTick=12535 renderTick=12530.204 latestSnapshotTick=12534.000 renderMinusLatestTicks=-3.796 estimatedMinusLatestTicks=1.000 sampleT=0.102
[rubber-banding][local-input] time=439.849 frame=170622 focused=1 host=0 room=28 world=3 authority=3 entity=2 windowMs=1004.9 updates=201 fixedCalls=50 commands=61 predictionSteps=61 noCommandUpdates=140 estimatedHostTick=12596 nextInputTick=12599 lastRecordedTick=12599 lastResolvedTick=12594 nextLead=3 recordedLead=3 unresolved=5 clamped=0 clampedTotal=88 batchesSent=6606 commandsSent=25551 sendFailures=0 move=(0.00,0.00) jump=0
[rubber-banding][remote-render] time=439.849 frame=170622 entity=1 latestHostTick=12594 buffer=8 windowMs=1004.9 fps=200.0 snapshots=30 arrivalSamples=30 arrivalAvgMs=33.5 arrivalP95Ms=38.9 arrivalMaxMs=39.2 sameArrival=0 tickGapMax=2 renderFrames=201 interpolation=201 extrapolation=0 extrapolationCapped=0 extrapolationMaxMs=0.0 oldestHeld=0 zeroSpan=0 movingFrozen=0 teleport=0 visualStepAvgCm=0.00 visualStepMaxCm=0.00 estimatedHostTick=12596 renderTick=12590.501 latestSnapshotTick=12594.000 renderMinusLatestTicks=-3.499 estimatedMinusLatestTicks=2.000 sampleT=0.250
[rubber-banding][local-input] time=440.856 frame=170816 focused=1 host=0 room=28 world=3 authority=3 entity=2 windowMs=1007.1 updates=194 fixedCalls=50 commands=60 predictionSteps=60 noCommandUpdates=134 estimatedHostTick=12656 nextInputTick=12659 lastRecordedTick=12659 lastResolvedTick=12654 nextLead=3 recordedLead=3 unresolved=5 clamped=0 clampedTotal=88 batchesSent=6636 commandsSent=25647 sendFailures=0 move=(0.00,0.00) jump=0
[rubber-banding][remote-render] time=440.856 frame=170816 entity=1 latestHostTick=12654 buffer=8 windowMs=1007.1 fps=192.6 snapshots=30 arrivalSamples=30 arrivalAvgMs=33.4 arrivalP95Ms=42.1 arrivalMaxMs=54.6 sameArrival=0 tickGapMax=2 renderFrames=194 interpolation=194 extrapolation=0 extrapolationCapped=0 extrapolationMaxMs=0.0 oldestHeld=0 zeroSpan=0 movingFrozen=0 teleport=0 visualStepAvgCm=0.00 visualStepMaxCm=0.00 estimatedHostTick=12656 renderTick=12650.925 latestSnapshotTick=12654.000 renderMinusLatestTicks=-3.075 estimatedMinusLatestTicks=2.000 sampleT=0.463
[rubber-banding][local-input] time=441.858 frame=171010 focused=1 host=0 room=28 world=3 authority=3 entity=2 windowMs=1001.9 updates=194 fixedCalls=50 commands=60 predictionSteps=60 noCommandUpdates=134 estimatedHostTick=12716 nextInputTick=12719 lastRecordedTick=12719 lastResolvedTick=12716 nextLead=3 recordedLead=3 unresolved=3 clamped=0 clampedTotal=88 batchesSent=6667 commandsSent=25742 sendFailures=0 move=(0.00,0.00) jump=0
[rubber-banding][remote-render] time=441.858 frame=171010 entity=1 latestHostTick=12716 buffer=8 windowMs=1001.9 fps=193.6 snapshots=31 arrivalSamples=31 arrivalAvgMs=33.3 arrivalP95Ms=39.2 arrivalMaxMs=40.9 sameArrival=0 tickGapMax=2 renderFrames=194 interpolation=194 extrapolation=0 extrapolationCapped=0 extrapolationMaxMs=0.0 oldestHeld=0 zeroSpan=0 movingFrozen=0 teleport=0 visualStepAvgCm=0.00 visualStepMaxCm=0.00 estimatedHostTick=12716 renderTick=12711.037 latestSnapshotTick=12716.000 renderMinusLatestTicks=-4.963 estimatedMinusLatestTicks=0.000 sampleT=0.519
[rubber-banding][local-input] time=442.858 frame=171208 focused=1 host=0 room=28 world=3 authority=3 entity=2 windowMs=1000.1 updates=198 fixedCalls=50 commands=60 predictionSteps=60 noCommandUpdates=138 estimatedHostTick=12776 nextInputTick=12779 lastRecordedTick=12779 lastResolvedTick=12776 nextLead=3 recordedLead=3 unresolved=3 clamped=0 clampedTotal=88 batchesSent=6697 commandsSent=25832 sendFailures=0 move=(0.00,0.00) jump=0
[rubber-banding][remote-render] time=442.858 frame=171208 entity=1 latestHostTick=12776 buffer=8 windowMs=1000.1 fps=198.0 snapshots=30 arrivalSamples=30 arrivalAvgMs=33.3 arrivalP95Ms=39.6 arrivalMaxMs=40.1 sameArrival=0 tickGapMax=2 renderFrames=198 interpolation=198 extrapolation=0 extrapolationCapped=0 extrapolationMaxMs=0.0 oldestHeld=0 zeroSpan=0 movingFrozen=0 teleport=0 visualStepAvgCm=0.00 visualStepMaxCm=0.00 estimatedHostTick=12776 renderTick=12771.043 latestSnapshotTick=12776.000 renderMinusLatestTicks=-4.957 estimatedMinusLatestTicks=0.000 sampleT=0.521
[Evaluation][Final] 정상 완료가 아니므로 서버 최종 점수를 기다리지 않습니다. loop=1 reason=HostLeft
Unloading 5 Unused Serialized files (Serialized files now loaded: 0)
UnloadTime: 16.571300 ms
Unloading 57 unused Assets to reduce memory usage. Loaded Objects now: 47577.
Total: 10.496400 ms (FindLiveObjects: 1.592000 ms CreateObjectMapping: 1.369900 ms MarkObjects: 6.926600 ms  DeleteObjects: 0.607300 ms)

Unloading 5 Unused Serialized files (Serialized files now loaded: 0)
UnloadTime: 0.593000 ms
Unloading 22 unused Assets to reduce memory usage. Loaded Objects now: 47042.
Total: 12.126300 ms (FindLiveObjects: 1.706000 ms CreateObjectMapping: 2.694500 ms MarkObjects: 7.606900 ms  DeleteObjects: 0.118500 ms)

TimeoutException: Object request 639254255365237514 timed out.
  at HostAuthorityObjectService.RequestAsync (ObjectInteractionRequest request, System.TimeSpan timeout, System.Threading.CancellationToken cancellationToken) [0x0035f] in <f2aaa0d48919462d952da09fa5114a60>:0 
  at HostAuthorityObjectReplica.SendRequestAsync (HostObjectAction action, System.UInt32 targetEntityIdentifier, System.UInt32 placementSlotIdentifier, System.TimeSpan timeout, System.Threading.CancellationToken cancellationToken) [0x00114] in <f2aaa0d48919462d952da09fa5114a60>:0 
  at HostAuthorityObjectReplica.RequestNightEndDropAsync (System.TimeSpan timeout) [0x000f8] in <f2aaa0d48919462d952da09fa5114a60>:0 
  at NightItemEquipmentBinder.ReleaseAsync (HostAuthorityObjectReplica replica) [0x00071] in <f2aaa0d48919462d952da09fa5114a60>:0 
UnityEngine.DebugLogHandler:Internal_LogException_Injected(Exception, IntPtr)
UnityEngine.DebugLogHandler:Internal_LogException(Exception, Object)
UnityEngine.DebugLogHandler:LogException(Exception, Object)
UnityEngine.Logger:LogException(Exception, Object)
UnityEngine.Debug:LogException(Exception)
LogPrinter:LogException(Exception)
<ReleaseAsync>d__25:MoveNext()
System.Runtime.CompilerServices.MoveNextRunner:InvokeMoveNext(Object)
System.Threading.ExecutionContext:RunInternal(ExecutionContext, ContextCallback, Object, Boolean)
System.Threading.ExecutionContext:Run(ExecutionContext, ContextCallback, Object, Boolean)
System.Runtime.CompilerServices.MoveNextRunner:Run()
System.Threading.Tasks.AwaitTaskContinuation:InvokeAction(Object)
System.Threading.Tasks.AwaitTaskContinuation:RunCallback(ContextCallback, Object, Task&)
System.Threading.Tasks.SynchronizationContextAwaitTaskContinuation:Run(Task, Boolean)
System.Threading.Tasks.Task:FinishContinuations()
System.Threading.Tasks.Task:FinishStageThree()
System.Threading.Tasks.Task:FinishStageTwo()
System.Threading.Tasks.Task:Finish(Boolean)
System.Threading.Tasks.Task:TrySetException(Object)
System.Runtime.CompilerServices.AsyncTaskMethodBuilder`1:SetException(Exception)
System.Runtime.CompilerServices.AsyncTaskMethodBuilder:SetException(Exception)
<RequestNightEndDropAsync>d__33:MoveNext()
System.Runtime.CompilerServices.MoveNextRunner:InvokeMoveNext(Object)
System.Threading.ExecutionContext:RunInternal(ExecutionContext, ContextCallback, Object, Boolean)
System.Threading.ExecutionContext:Run(ExecutionContext, ContextCallback, Object, Boolean)
System.Runtime.CompilerServices.MoveNextRunner:Run()
System.Threading.Tasks.AwaitTaskContinuation:InvokeAction(Object)
System.Threading.Tasks.AwaitTaskContinuation:RunCallback(ContextCallback, Object, Task&)
System.Threading.Tasks.SynchronizationContextAwaitTaskContinuation:Run(Task, Boolean)
System.Threading.Tasks.Task:FinishContinuations()
System.Threading.Tasks.Task:FinishStageThree()
System.Threading.Tasks.Task:FinishStageTwo()
System.Threading.Tasks.Task:Finish(Boolean)
System.Threading.Tasks.Task:TrySetException(Object)
System.Runtime.CompilerServices.AsyncTaskMethodBuilder`1:SetException(Exception)
<SendRequestAsync>d__31:MoveNext()
System.Runtime.CompilerServices.MoveNextRunner:InvokeMoveNext(Object)
System.Threading.ExecutionContext:RunInternal(ExecutionContext, ContextCallback, Object, Boolean)
System.Threading.ExecutionContext:Run(ExecutionContext, ContextCallback, Object, Boolean)
System.Runtime.CompilerServices.MoveNextRunner:Run()
System.Threading.Tasks.AwaitTaskContinuation:InvokeAction(Object)
System.Threading.Tasks.AwaitTaskContinuation:RunCallback(ContextCallback, Object, Task&)
System.Threading.Tasks.SynchronizationContextAwaitTaskContinuation:Run(Task, Boolean)
System.Threading.Tasks.Task:FinishContinuations()
System.Threading.Tasks.Task:FinishStageThree()
System.Threading.Tasks.Task:FinishStageTwo()
System.Threading.Tasks.Task:Finish(Boolean)
System.Threading.Tasks.Task:TrySetException(Object)
System.Runtime.CompilerServices.AsyncTaskMethodBuilder`1:SetException(Exception)
<RequestAsync>d__21:MoveNext()
System.Runtime.CompilerServices.MoveNextRunner:InvokeMoveNext(Object)
System.Threading.ExecutionContext:RunInternal(ExecutionContext, ContextCallback, Object, Boolean)
System.Threading.ExecutionContext:Run(ExecutionContext, ContextCallback, Object, Boolean)
System.Runtime.CompilerServices.MoveNextRunner:Run()
System.Threading.Tasks.<>c:<.cctor>b__7_0(Object)
UnityEngine.WorkRequest:Invoke()
UnityEngine.UnitySynchronizationContext:Exec()
UnityEngine.UnitySynchronizationContext:ExecuteTasks()

Unloading 4 Unused Serialized files (Serialized files now loaded: 0)
UnloadTime: 1.526300 ms
Unloading 272 unused Assets to reduce memory usage. Loaded Objects now: 45726.
Total: 9.039600 ms (FindLiveObjects: 1.184300 ms CreateObjectMapping: 0.898100 ms MarkObjects: 6.719600 ms  DeleteObjects: 0.237400 ms)

Unloading 4 Unused Serialized files (Serialized files now loaded: 0)
UnloadTime: 0.549400 ms
Unloading 15 unused Assets to reduce memory usage. Loaded Objects now: 49276.
Total: 10.791500 ms (FindLiveObjects: 1.776500 ms CreateObjectMapping: 1.814100 ms MarkObjects: 7.122900 ms  DeleteObjects: 0.077500 ms)

[rubber-banding][local-input] time=461.073 frame=178794 focused=1 host=1 room=28 world=4 authority=4 entity=2 windowMs=1005.9 updates=60 fixedCalls=60 commands=0 predictionSteps=0 noCommandUpdates=60 estimatedHostTick=60 nextInputTick=63 lastRecordedTick=60 lastResolvedTick=58 nextLead=3 recordedLead=0 unresolved=2 clamped=0 clampedTotal=88 batchesSent=6736 commandsSent=25891 sendFailures=0 move=(0.00,0.00) jump=0
[rubber-banding][host-simulation] time=461.090 frame=178795 focused=1 room=28 world=4 authority=4 windowMs=1006.8 updates=61 updateHz=60.6 fixedCalls=61 fixedHz=60.6 steps=61 stepHz=60.6 maxFrameMs=22.2 nextHostTick=62 lastCompletedTick=61 actors=1
[rubber-banding][host-input-summary] time=461.090 frame=178795 room=28 world=4 authority=4 entity=2 windowMs=1006.8 summaryValid=1 partial=0 partialReason=none accepted=61 duplicate=0 stale=29 conflict=0 invalid=0 capacityRejected=0 receivedResolved=61 heldFallback=0 neutralFallback=0 pending=0 lastResolvedTick=61 firstArrivals=0 firstAccepted=0 firstStale=0 firstOtherRejected=0 firstEdgeCommands=0 insertSlackNonPositive=0 insertSlackOne=0 insertSlackMin=0 insertSlackMax=0 queuedBeforeResolveStale=0 hostQueueWaitAvgMs=0.000 hostQueueWaitMaxMs=0.000 maxFallbackRun=0 movingNeutralTicks=0
[rubber-banding][host-local-pre-tick] time=461.090 frame=178795 room=28 world=4 authority=4 entity=2 windowMs=1006.8 eligibleSteps=61 preparedTicks=61 localFirstSubmitStale=0 heldMismatchTicks=0 avoidableNeutral=0
[rubber-banding][host-input-pre-tick-pump] time=461.090 frame=178795 room=28 world=4 authority=4 windowMs=1006.8 batches=29 commands=29 detailOutput=0 pumpCalls=61 nonEmptyPumpCalls=29 pumpTotalElapsedMs=0.637 nonEmptyPumpTotalElapsedMs=0.603 budgetExhausted=0 maximumRemaining=0 maximumQueueWaitMs=15.054 pumpMaxElapsedMs=0.028 oldestRemainingWaitMs=0.000
[rubber-banding][local-input] time=462.073 frame=178854 focused=1 host=1 room=28 world=4 authority=4 entity=2 windowMs=1000.0 updates=60 fixedCalls=60 commands=0 predictionSteps=0 noCommandUpdates=60 estimatedHostTick=120 nextInputTick=123 lastRecordedTick=120 lastResolvedTick=118 nextLead=3 recordedLead=0 unresolved=2 clamped=0 clampedTotal=88 batchesSent=6766 commandsSent=25921 sendFailures=0 move=(0.00,0.00) jump=0
[rubber-banding][host-simulation] time=462.090 frame=178855 focused=1 room=28 world=4 authority=4 windowMs=1000.1 updates=60 updateHz=60.0 fixedCalls=60 fixedHz=60.0 steps=60 stepHz=60.0 maxFrameMs=16.7 nextHostTick=122 lastCompletedTick=121 actors=1
[rubber-banding][host-input-summary] time=462.090 frame=178855 room=28 world=4 authority=4 entity=2 windowMs=1000.1 summaryValid=1 partial=0 partialReason=none accepted=60 duplicate=0 stale=30 conflict=0 invalid=0 capacityRejected=0 receivedResolved=60 heldFallback=0 neutralFallback=0 pending=0 lastResolvedTick=121 firstArrivals=0 firstAccepted=0 firstStale=0 firstOtherRejected=0 firstEdgeCommands=0 insertSlackNonPositive=0 insertSlackOne=0 insertSlackMin=0 insertSlackMax=0 queuedBeforeResolveStale=0 hostQueueWaitAvgMs=0.000 hostQueueWaitMaxMs=0.000 maxFallbackRun=0 movingNeutralTicks=0
[rubber-banding][host-local-pre-tick] time=462.090 frame=178855 room=28 world=4 authority=4 entity=2 windowMs=1000.1 eligibleSteps=60 preparedTicks=60 localFirstSubmitStale=0 heldMismatchTicks=0 avoidableNeutral=0
[rubber-banding][host-input-pre-tick-pump] time=462.090 frame=178855 room=28 world=4 authority=4 windowMs=1000.1 batches=30 commands=30 detailOutput=0 pumpCalls=60 nonEmptyPumpCalls=30 pumpTotalElapsedMs=0.619 nonEmptyPumpTotalElapsedMs=0.589 budgetExhausted=0 maximumRemaining=0 maximumQueueWaitMs=15.250 pumpMaxElapsedMs=0.026 oldestRemainingWaitMs=0.000
[rubber-banding][local-input] time=463.077 frame=178898 focused=0 host=1 room=28 world=4 authority=4 entity=2 windowMs=1003.6 updates=44 fixedCalls=60 commands=0 predictionSteps=0 noCommandUpdates=44 estimatedHostTick=180 nextInputTick=183 lastRecordedTick=180 lastResolvedTick=178 nextLead=3 recordedLead=0 unresolved=2 clamped=0 clampedTotal=88 batchesSent=6788 commandsSent=25965 sendFailures=0 move=(0.00,0.00) jump=0
[rubber-banding][host-simulation] time=463.094 frame=178899 focused=0 room=28 world=4 authority=4 windowMs=1003.6 updates=44 updateHz=43.8 fixedCalls=60 fixedHz=59.8 steps=60 stepHz=59.8 maxFrameMs=189.7 nextHostTick=182 lastCompletedTick=181 actors=1
[rubber-banding][host-input-summary] time=463.094 frame=178899 room=28 world=4 authority=4 entity=2 windowMs=1003.6 summaryValid=1 partial=0 partialReason=none accepted=60 duplicate=0 stale=44 conflict=0 invalid=0 capacityRejected=0 receivedResolved=60 heldFallback=0 neutralFallback=0 pending=0 lastResolvedTick=181 firstArrivals=0 firstAccepted=0 firstStale=0 firstOtherRejected=0 firstEdgeCommands=0 insertSlackNonPositive=0 insertSlackOne=0 insertSlackMin=0 insertSlackMax=0 queuedBeforeResolveStale=0 hostQueueWaitAvgMs=0.000 hostQueueWaitMaxMs=0.000 maxFallbackRun=0 movingNeutralTicks=0
[rubber-banding][host-local-pre-tick] time=463.094 frame=178899 room=28 world=4 authority=4 entity=2 windowMs=1003.6 eligibleSteps=60 preparedTicks=60 localFirstSubmitStale=0 heldMismatchTicks=0 avoidableNeutral=0
[rubber-banding][host-input-pre-tick-pump] time=463.094 frame=178899 room=28 world=4 authority=4 windowMs=1003.6 batches=22 commands=44 detailOutput=0 pumpCalls=60 nonEmptyPumpCalls=22 pumpTotalElapsedMs=0.536 nonEmptyPumpTotalElapsedMs=0.500 budgetExhausted=0 maximumRemaining=0 maximumQueueWaitMs=188.123 pumpMaxElapsedMs=0.029 oldestRemainingWaitMs=0.000
InvalidOperationException: GameInstance에 UIRoot가 연결되지 않았습니다.
  at GameInstance.InitializeServices () [0x0000e] in <f2aaa0d48919462d952da09fa5114a60>:0 
  at GameInstance.InitializeInstance () [0x00027] in <f2aaa0d48919462d952da09fa5114a60>:0 
  at GameInstance.Awake () [0x0002c] in <f2aaa0d48919462d952da09fa5114a60>:0 
UnityEngine.GameObject:Internal_AddComponentWithType_Injected(IntPtr, Type)
UnityEngine.GameObject:Internal_AddComponentWithType(Type)
UnityEngine.GameObject:AddComponent(Type)
UnityEngine.GameObject:AddComponent()
GameInstance:Initialize()
GameInstance:get_Instance()
DevWaitingRoomStage:OnDestroy()

[Physics::Module] Cleanup current backend.
[Physics::Module] Id: 0xf2b8ea05
Input System module state changed to: ShutdownInProgress.
Input System polling thread exited.
Input System module state changed to: Shutdown.
Internal: There are remaining Allocations on the JobTempAlloc. This is a leak, and will impact performance
To Debug, run app with -diag-job-temp-memory-leak-validation cmd line argument. This will output the callstacks of the leaked allocations.
