Mono path[0] = 'C:/ssafy/S15P21D204/Client/Build/My project_Data/Managed'
Mono config path = 'C:/ssafy/S15P21D204/Client/Build/MonoBleedingEdge/etc'
Found 2 interfaces on host : 0) 172.25.64.1 1) 192.168.100.191
Player connection [19460]  Target information:

Player connection [19460]  * "[IP] 172.25.64.1 [Port] 55000 [Flags] 2 [Guid] 1952894417 [EditorId] 3281532654 [Version] 1048832 [Id] WindowsPlayer(2,DESKTOP-MS327CL) [Debug] 0 [PackageName] WindowsPlayer [ProjectName] My project" 

Player connection [19460]  * "[IP] 192.168.100.191 [Port] 55000 [Flags] 2 [Guid] 1952894417 [EditorId] 3281532654 [Version] 1048832 [Id] WindowsPlayer(2,DESKTOP-MS327CL) [Debug] 0 [PackageName] WindowsPlayer [ProjectName] My project" 

Player connection [19460] Started UDP target info broadcast (1) on [225.0.0.222:54997].

Input System module state changed to: Initialized.
[Physics::Module] Initialized fallback backend.
[Physics::Module] Id: 0xdecafbad
Initialize engine version: 6000.3.22f1 (1c726e1fb402)
[Subsystems] Discovering subsystems at path C:/ssafy/S15P21D204/Client/Build/My project_Data/UnitySubsystems
[D3D12 Device Filter] Vendor Name: NVIDIA
[D3D12 Device Filter] Device Name: NVIDIA GeForce RTX 4050 Laptop GPU
[D3D12 Device Filter] Driver Version: 32.0.15.7657
[D3D12 Device Filter] Feature Level: 12.2
[D3D12 Device Filter] Graphics Memory: 5924 MB
[D3D12 Device Filter] Processor Count: 22
[D3D12 Device Filter] Device Type: Discrete
GfxDevice: creating device client; kGfxThreadingModeSplitJobs
d3d12: failed to query info queue interface (0x80004002).
Direct3D:
    Version:         Direct3D 12 [level 12.2]
    Renderer:        NVIDIA GeForce RTX 4050 Laptop GPU (ID=0x28a1)
    Vendor:          NVIDIA
    VRAM:            5924 MB
    App VRAM Budget: 5156 MB
    Driver:          32.0.15.7657
Begin MonoManager ReloadAssembly
- Loaded All Assemblies, in  0.274 seconds
- Finished resetting the current domain, in  0.003 seconds
[Physics::Module] Selected backend.
[Physics::Module] Name: PhysX
[Physics::Module] Id: 0xf2b8ea05
[Physics::Module] SDK Version: 4.1.2
[Physics::Module] Integration Version: 1.0.0
[Physics::Module] Threading Mode: Multi-Threaded
<RI> Initializing input.
Using Windows.Gaming.Input
UnloadTime: 0.875600 ms
Unloading 6 Unused Serialized files (Serialized files now loaded: 0)
UnloadTime: 6.344400 ms
Unloading 314 unused Assets / (14.3 KB). Loaded Objects now: 13222.
Memory consumption went from 135.3 MB to 135.3 MB.
Total: 4.127900 ms (FindLiveObjects: 0.613200 ms CreateObjectMapping: 0.313100 ms MarkObjects: 3.056400 ms  DeleteObjects: 0.144600 ms)

Unloading 4 Unused Serialized files (Serialized files now loaded: 0)
UnloadTime: 0.977400 ms
Unloading 124 unused Assets / (181.5 KB). Loaded Objects now: 25942.
Memory consumption went from 204.9 MB to 204.7 MB.
Total: 8.722500 ms (FindLiveObjects: 1.271000 ms CreateObjectMapping: 1.074100 ms MarkObjects: 6.165100 ms  DeleteObjects: 0.210700 ms)

[rubber-banding][udp-pump] time=25.095 frame=2360 focused=1 windowMs=1000.0 fps=70.0 packets=23 socketAvgMs=32.9 socketP95Ms=34.6 socketMaxMs=83.2 pumpAvgMs=34.8 pumpP95Ms=125.0 pumpMaxMs=333.3 queueDelayAvgMs=30.5 queueDelayP95Ms=110.1 queueDelayMaxMs=134.1 samePump=9 pumpBatchMax=5 queueDepthMax=5 frameMaxMs=333.3
[rubber-banding][remote-render] time=25.553 frame=2415 entity=1 latestHostTick=74 buffer=8 windowMs=1000.0 fps=82.0 snapshots=30 arrivalSamples=29 arrivalAvgMs=34.5 arrivalP95Ms=41.7 arrivalMaxMs=333.3 sameArrival=7 tickGapMax=2 renderFrames=82 interpolation=82 extrapolation=0 extrapolationCapped=0 extrapolationMaxMs=0.0 oldestHeld=2 zeroSpan=0 movingFrozen=0 teleport=0 visualStepAvgCm=0.00 visualStepMaxCm=0.00
[rubber-banding][remote-render] time=25.553 frame=2415 entity=2 latestHostTick=74 buffer=8 windowMs=1000.0 fps=82.0 snapshots=30 arrivalSamples=29 arrivalAvgMs=34.5 arrivalP95Ms=41.7 arrivalMaxMs=333.3 sameArrival=7 tickGapMax=2 renderFrames=82 interpolation=82 extrapolation=0 extrapolationCapped=0 extrapolationMaxMs=0.0 oldestHeld=2 zeroSpan=0 movingFrozen=0 teleport=0 visualStepAvgCm=0.00 visualStepMaxCm=0.00
[rubber-banding][udp-pump] time=26.103 frame=2480 focused=1 windowMs=1008.3 fps=119.0 packets=30 socketAvgMs=33.7 socketP95Ms=41.3 socketMaxMs=46.7 pumpAvgMs=33.6 pumpP95Ms=41.7 pumpMaxMs=41.7 queueDelayAvgMs=5.2 queueDelayP95Ms=8.6 queueDelayMaxMs=10.3 samePump=0 pumpBatchMax=1 queueDepthMax=1 frameMaxMs=16.7
[rubber-banding][remote-render] time=26.561 frame=2535 entity=1 latestHostTick=134 buffer=8 windowMs=1008.3 fps=119.0 snapshots=30 arrivalSamples=30 arrivalAvgMs=33.3 arrivalP95Ms=41.7 arrivalMaxMs=41.7 sameArrival=0 tickGapMax=2 renderFrames=120 interpolation=120 extrapolation=0 extrapolationCapped=0 extrapolationMaxMs=0.0 oldestHeld=0 zeroSpan=0 movingFrozen=0 teleport=0 visualStepAvgCm=0.00 visualStepMaxCm=0.00
[rubber-banding][remote-render] time=26.561 frame=2535 entity=2 latestHostTick=134 buffer=8 windowMs=1008.3 fps=119.0 snapshots=30 arrivalSamples=30 arrivalAvgMs=33.3 arrivalP95Ms=41.7 arrivalMaxMs=41.7 sameArrival=0 tickGapMax=2 renderFrames=120 interpolation=120 extrapolation=0 extrapolationCapped=0 extrapolationMaxMs=0.0 oldestHeld=0 zeroSpan=0 movingFrozen=0 teleport=0 visualStepAvgCm=0.00 visualStepMaxCm=0.00
[rubber-banding][udp-pump] time=27.111 frame=2588 focused=0 windowMs=1008.3 fps=107.1 packets=30 socketAvgMs=33.3 socketP95Ms=34.5 socketMaxMs=34.6 pumpAvgMs=33.3 pumpP95Ms=41.7 pumpMaxMs=50.0 queueDelayAvgMs=7.0 queueDelayP95Ms=14.6 queueDelayMaxMs=14.9 samePump=0 pumpBatchMax=1 queueDepthMax=2 frameMaxMs=25.0
[rubber-banding][remote-render] time=27.562 frame=2626 entity=1 latestHostTick=194 buffer=8 windowMs=1000.1 fps=91.0 snapshots=30 arrivalSamples=30 arrivalAvgMs=33.1 arrivalP95Ms=41.7 arrivalMaxMs=50.0 sameArrival=0 tickGapMax=2 renderFrames=91 interpolation=91 extrapolation=0 extrapolationCapped=0 extrapolationMaxMs=0.0 oldestHeld=0 zeroSpan=0 movingFrozen=0 teleport=0 visualStepAvgCm=0.00 visualStepMaxCm=0.00
[rubber-banding][remote-render] time=27.562 frame=2626 entity=2 latestHostTick=194 buffer=8 windowMs=1000.1 fps=91.0 snapshots=30 arrivalSamples=30 arrivalAvgMs=33.1 arrivalP95Ms=41.7 arrivalMaxMs=50.0 sameArrival=0 tickGapMax=2 renderFrames=91 interpolation=91 extrapolation=0 extrapolationCapped=0 extrapolationMaxMs=0.0 oldestHeld=0 zeroSpan=0 movingFrozen=0 teleport=0 visualStepAvgCm=0.00 visualStepMaxCm=0.00
[rubber-banding][udp-pump] time=28.111 frame=2670 focused=0 windowMs=1000.0 fps=82.0 packets=31 socketAvgMs=33.4 socketP95Ms=34.6 socketMaxMs=36.1 pumpAvgMs=33.1 pumpP95Ms=41.7 pumpMaxMs=41.7 queueDelayAvgMs=7.7 queueDelayP95Ms=14.5 queueDelayMaxMs=14.7 samePump=0 pumpBatchMax=1 queueDepthMax=1 frameMaxMs=25.0
[rubber-banding][remote-render] time=28.570 frame=2707 entity=1 latestHostTick=254 buffer=8 windowMs=1008.3 fps=80.3 snapshots=30 arrivalSamples=30 arrivalAvgMs=33.3 arrivalP95Ms=41.7 arrivalMaxMs=41.7 sameArrival=0 tickGapMax=2 renderFrames=81 interpolation=81 extrapolation=0 extrapolationCapped=0 extrapolationMaxMs=0.0 oldestHeld=0 zeroSpan=0 movingFrozen=0 teleport=0 visualStepAvgCm=0.00 visualStepMaxCm=0.00
[rubber-banding][remote-render] time=28.570 frame=2707 entity=2 latestHostTick=254 buffer=8 windowMs=1008.3 fps=80.3 snapshots=30 arrivalSamples=30 arrivalAvgMs=33.3 arrivalP95Ms=41.7 arrivalMaxMs=41.7 sameArrival=0 tickGapMax=2 renderFrames=81 interpolation=81 extrapolation=0 extrapolationCapped=0 extrapolationMaxMs=0.0 oldestHeld=0 zeroSpan=0 movingFrozen=0 teleport=0 visualStepAvgCm=0.00 visualStepMaxCm=0.00
[rubber-banding][udp-pump] time=29.111 frame=2752 focused=0 windowMs=1000.0 fps=82.0 packets=30 socketAvgMs=33.4 socketP95Ms=34.7 socketMaxMs=34.8 pumpAvgMs=33.3 pumpP95Ms=41.7 pumpMaxMs=41.7 queueDelayAvgMs=7.6 queueDelayP95Ms=14.3 queueDelayMaxMs=14.4 samePump=0 pumpBatchMax=1 queueDepthMax=1 frameMaxMs=16.7
[rubber-banding][remote-render] time=29.578 frame=2794 entity=1 latestHostTick=316 buffer=8 windowMs=1008.3 fps=86.3 snapshots=31 arrivalSamples=31 arrivalAvgMs=33.3 arrivalP95Ms=41.7 arrivalMaxMs=41.7 sameArrival=0 tickGapMax=2 renderFrames=87 interpolation=87 extrapolation=0 extrapolationCapped=0 extrapolationMaxMs=0.0 oldestHeld=0 zeroSpan=0 movingFrozen=0 teleport=0 visualStepAvgCm=0.00 visualStepMaxCm=0.00
[rubber-banding][remote-render] time=29.578 frame=2794 entity=2 latestHostTick=316 buffer=8 windowMs=1008.3 fps=86.3 snapshots=31 arrivalSamples=31 arrivalAvgMs=33.3 arrivalP95Ms=41.7 arrivalMaxMs=41.7 sameArrival=0 tickGapMax=2 renderFrames=87 interpolation=87 extrapolation=0 extrapolationCapped=0 extrapolationMaxMs=0.0 oldestHeld=0 zeroSpan=0 movingFrozen=0 teleport=0 visualStepAvgCm=0.00 visualStepMaxCm=0.00
[rubber-banding][udp-pump] time=30.128 frame=2842 focused=0 windowMs=1016.7 fps=88.5 packets=30 socketAvgMs=33.3 socketP95Ms=34.2 socketMaxMs=34.3 pumpAvgMs=33.3 pumpP95Ms=41.7 pumpMaxMs=41.7 queueDelayAvgMs=6.3 queueDelayP95Ms=13.2 queueDelayMaxMs=14.8 samePump=0 pumpBatchMax=1 queueDepthMax=2 frameMaxMs=16.7
[rubber-banding][remote-render] time=30.586 frame=2882 entity=1 latestHostTick=376 buffer=8 windowMs=1008.3 fps=87.3 snapshots=30 arrivalSamples=30 arrivalAvgMs=33.3 arrivalP95Ms=41.7 arrivalMaxMs=41.7 sameArrival=0 tickGapMax=2 renderFrames=88 interpolation=88 extrapolation=0 extrapolationCapped=0 extrapolationMaxMs=0.0 oldestHeld=0 zeroSpan=0 movingFrozen=0 teleport=0 visualStepAvgCm=0.00 visualStepMaxCm=0.00
[rubber-banding][remote-render] time=30.586 frame=2882 entity=2 latestHostTick=376 buffer=8 windowMs=1008.3 fps=87.3 snapshots=30 arrivalSamples=30 arrivalAvgMs=33.3 arrivalP95Ms=41.7 arrivalMaxMs=41.7 sameArrival=0 tickGapMax=2 renderFrames=88 interpolation=88 extrapolation=0 extrapolationCapped=0 extrapolationMaxMs=0.0 oldestHeld=0 zeroSpan=0 movingFrozen=0 teleport=0 visualStepAvgCm=0.00 visualStepMaxCm=0.00
[rubber-banding][udp-pump] time=31.136 frame=2930 focused=0 windowMs=1008.3 fps=87.3 packets=29 socketAvgMs=34.5 socketP95Ms=36.1 socketMaxMs=66.6 pumpAvgMs=34.2 pumpP95Ms=41.7 pumpMaxMs=58.3 queueDelayAvgMs=5.9 queueDelayP95Ms=13.9 queueDelayMaxMs=14.2 samePump=0 pumpBatchMax=1 queueDepthMax=2 frameMaxMs=16.7
[rubber-banding][remote-render] time=32.086 frame=3016 entity=1 latestHostTick=60 buffer=8 windowMs=1008.3 fps=89.3 snapshots=30 arrivalSamples=29 arrivalAvgMs=33.9 arrivalP95Ms=41.7 arrivalMaxMs=50.0 sameArrival=0 tickGapMax=2 renderFrames=90 interpolation=90 extrapolation=0 extrapolationCapped=0 extrapolationMaxMs=0.0 oldestHeld=4 zeroSpan=0 movingFrozen=0 teleport=0 visualStepAvgCm=0.00 visualStepMaxCm=0.00
[rubber-banding][remote-render] time=32.086 frame=3016 entity=2 latestHostTick=60 buffer=8 windowMs=1008.3 fps=89.3 snapshots=30 arrivalSamples=29 arrivalAvgMs=33.9 arrivalP95Ms=41.7 arrivalMaxMs=50.0 sameArrival=0 tickGapMax=2 renderFrames=90 interpolation=90 extrapolation=0 extrapolationCapped=0 extrapolationMaxMs=0.0 oldestHeld=4 zeroSpan=0 movingFrozen=0 teleport=0 visualStepAvgCm=0.00 visualStepMaxCm=0.00
[rubber-banding][remote-render] time=32.086 frame=3016 entity=4 latestHostTick=60 buffer=8 windowMs=1008.3 fps=89.3 snapshots=30 arrivalSamples=29 arrivalAvgMs=33.9 arrivalP95Ms=41.7 arrivalMaxMs=50.0 sameArrival=0 tickGapMax=2 renderFrames=90 interpolation=90 extrapolation=0 extrapolationCapped=0 extrapolationMaxMs=0.0 oldestHeld=4 zeroSpan=0 movingFrozen=0 teleport=0 visualStepAvgCm=0.00 visualStepMaxCm=0.00
[rubber-banding][udp-pump] time=32.136 frame=3019 focused=0 windowMs=1000.0 fps=89.0 packets=30 socketAvgMs=33.3 socketP95Ms=36.0 socketMaxMs=36.0 pumpAvgMs=33.9 pumpP95Ms=41.7 pumpMaxMs=50.0 queueDelayAvgMs=4.9 queueDelayP95Ms=12.8 queueDelayMaxMs=12.8 samePump=0 pumpBatchMax=1 queueDepthMax=1 frameMaxMs=25.0
[rubber-banding][remote-render] time=33.103 frame=3076 entity=1 latestHostTick=122 buffer=8 windowMs=1016.6 fps=59.0 snapshots=31 arrivalSamples=31 arrivalAvgMs=32.8 arrivalP95Ms=41.7 arrivalMaxMs=41.7 sameArrival=0 tickGapMax=2 renderFrames=60 interpolation=60 extrapolation=0 extrapolationCapped=0 extrapolationMaxMs=0.0 oldestHeld=0 zeroSpan=0 movingFrozen=0 teleport=0 visualStepAvgCm=0.00 visualStepMaxCm=0.00
[rubber-banding][remote-render] time=33.103 frame=3076 entity=2 latestHostTick=122 buffer=8 windowMs=1016.6 fps=59.0 snapshots=31 arrivalSamples=31 arrivalAvgMs=32.8 arrivalP95Ms=41.7 arrivalMaxMs=41.7 sameArrival=0 tickGapMax=2 renderFrames=60 interpolation=60 extrapolation=0 extrapolationCapped=0 extrapolationMaxMs=0.0 oldestHeld=0 zeroSpan=0 movingFrozen=0 teleport=0 visualStepAvgCm=0.00 visualStepMaxCm=0.00
[rubber-banding][remote-render] time=33.103 frame=3076 entity=4 latestHostTick=122 buffer=8 windowMs=1016.6 fps=59.0 snapshots=31 arrivalSamples=31 arrivalAvgMs=32.8 arrivalP95Ms=41.7 arrivalMaxMs=41.7 sameArrival=0 tickGapMax=2 renderFrames=60 interpolation=60 extrapolation=0 extrapolationCapped=0 extrapolationMaxMs=0.0 oldestHeld=0 zeroSpan=0 movingFrozen=0 teleport=0 visualStepAvgCm=0.34 visualStepMaxCm=2.87
[rubber-banding][udp-pump] time=33.145 frame=3078 focused=0 windowMs=1008.3 fps=58.5 packets=31 socketAvgMs=33.3 socketP95Ms=34.2 socketMaxMs=34.4 pumpAvgMs=33.1 pumpP95Ms=41.7 pumpMaxMs=41.7 queueDelayAvgMs=8.9 queueDelayP95Ms=12.7 queueDelayMaxMs=20.2 samePump=0 pumpBatchMax=1 queueDepthMax=1 frameMaxMs=25.0
[rubber-banding][remote-render] time=34.111 frame=3133 entity=1 latestHostTick=182 buffer=8 windowMs=1008.3 fps=56.5 snapshots=30 arrivalSamples=30 arrivalAvgMs=33.6 arrivalP95Ms=50.0 arrivalMaxMs=50.0 sameArrival=0 tickGapMax=2 renderFrames=57 interpolation=57 extrapolation=0 extrapolationCapped=0 extrapolationMaxMs=0.0 oldestHeld=0 zeroSpan=0 movingFrozen=0 teleport=0 visualStepAvgCm=0.00 visualStepMaxCm=0.00
[rubber-banding][remote-render] time=34.111 frame=3133 entity=2 latestHostTick=182 buffer=8 windowMs=1008.3 fps=56.5 snapshots=30 arrivalSamples=30 arrivalAvgMs=33.6 arrivalP95Ms=50.0 arrivalMaxMs=50.0 sameArrival=0 tickGapMax=2 renderFrames=57 interpolation=57 extrapolation=0 extrapolationCapped=0 extrapolationMaxMs=0.0 oldestHeld=0 zeroSpan=0 movingFrozen=0 teleport=0 visualStepAvgCm=0.00 visualStepMaxCm=0.00
[rubber-banding][remote-render] time=34.111 frame=3133 entity=4 latestHostTick=182 buffer=8 windowMs=1008.3 fps=56.5 snapshots=30 arrivalSamples=30 arrivalAvgMs=33.6 arrivalP95Ms=50.0 arrivalMaxMs=50.0 sameArrival=0 tickGapMax=2 renderFrames=57 interpolation=57 extrapolation=0 extrapolationCapped=0 extrapolationMaxMs=0.0 oldestHeld=0 zeroSpan=0 movingFrozen=0 teleport=0 visualStepAvgCm=3.50 visualStepMaxCm=12.87
[rubber-banding][udp-pump] time=34.153 frame=3136 focused=0 windowMs=1008.3 fps=57.5 packets=30 socketAvgMs=33.4 socketP95Ms=37.0 socketMaxMs=41.9 pumpAvgMs=33.3 pumpP95Ms=50.0 pumpMaxMs=50.0 queueDelayAvgMs=6.7 queueDelayP95Ms=12.7 queueDelayMaxMs=12.9 samePump=0 pumpBatchMax=1 queueDepthMax=1 frameMaxMs=25.0
[rubber-banding][remote-render] time=35.120 frame=3206 entity=1 latestHostTick=242 buffer=8 windowMs=1008.2 fps=72.4 snapshots=30 arrivalSamples=30 arrivalAvgMs=32.8 arrivalP95Ms=41.7 arrivalMaxMs=58.4 sameArrival=0 tickGapMax=2 renderFrames=73 interpolation=73 extrapolation=0 extrapolationCapped=0 extrapolationMaxMs=0.0 oldestHeld=0 zeroSpan=0 movingFrozen=0 teleport=0 visualStepAvgCm=0.00 visualStepMaxCm=0.00
[rubber-banding][remote-render] time=35.120 frame=3206 entity=2 latestHostTick=242 buffer=8 windowMs=1008.2 fps=72.4 snapshots=30 arrivalSamples=30 arrivalAvgMs=32.8 arrivalP95Ms=41.7 arrivalMaxMs=58.4 sameArrival=0 tickGapMax=2 renderFrames=73 interpolation=73 extrapolation=0 extrapolationCapped=0 extrapolationMaxMs=0.0 oldestHeld=0 zeroSpan=0 movingFrozen=0 teleport=0 visualStepAvgCm=0.00 visualStepMaxCm=0.00
[rubber-banding][remote-render] time=35.120 frame=3206 entity=4 latestHostTick=242 buffer=8 windowMs=1008.2 fps=72.4 snapshots=30 arrivalSamples=30 arrivalAvgMs=32.8 arrivalP95Ms=41.7 arrivalMaxMs=58.4 sameArrival=0 tickGapMax=2 renderFrames=73 interpolation=73 extrapolation=0 extrapolationCapped=0 extrapolationMaxMs=0.0 oldestHeld=0 zeroSpan=0 movingFrozen=0 teleport=0 visualStepAvgCm=0.00 visualStepMaxCm=0.00
[rubber-banding][udp-pump] time=35.153 frame=3209 focused=0 windowMs=1000.0 fps=73.0 packets=30 socketAvgMs=33.3 socketP95Ms=35.2 socketMaxMs=41.3 pumpAvgMs=33.1 pumpP95Ms=41.7 pumpMaxMs=58.4 queueDelayAvgMs=5.9 queueDelayP95Ms=11.4 queueDelayMaxMs=11.8 samePump=0 pumpBatchMax=1 queueDepthMax=1 frameMaxMs=33.3
[rubber-banding][remote-render] time=36.120 frame=3281 entity=1 latestHostTick=302 buffer=8 windowMs=1000.6 fps=75.0 snapshots=30 arrivalSamples=30 arrivalAvgMs=34.2 arrivalP95Ms=42.1 arrivalMaxMs=51.5 sameArrival=0 tickGapMax=2 renderFrames=75 interpolation=75 extrapolation=0 extrapolationCapped=0 extrapolationMaxMs=0.0 oldestHeld=0 zeroSpan=0 movingFrozen=0 teleport=0 visualStepAvgCm=1.12 visualStepMaxCm=7.39
[rubber-banding][remote-render] time=36.120 frame=3281 entity=2 latestHostTick=302 buffer=8 windowMs=1000.6 fps=75.0 snapshots=30 arrivalSamples=30 arrivalAvgMs=34.2 arrivalP95Ms=42.1 arrivalMaxMs=51.5 sameArrival=0 tickGapMax=2 renderFrames=75 interpolation=75 extrapolation=0 extrapolationCapped=0 extrapolationMaxMs=0.0 oldestHeld=0 zeroSpan=0 movingFrozen=0 teleport=0 visualStepAvgCm=0.00 visualStepMaxCm=0.00
[rubber-banding][remote-render] time=36.120 frame=3281 entity=4 latestHostTick=302 buffer=8 windowMs=1000.6 fps=75.0 snapshots=30 arrivalSamples=30 arrivalAvgMs=34.2 arrivalP95Ms=42.1 arrivalMaxMs=51.5 sameArrival=0 tickGapMax=2 renderFrames=75 interpolation=75 extrapolation=0 extrapolationCapped=0 extrapolationMaxMs=0.0 oldestHeld=0 zeroSpan=0 movingFrozen=0 teleport=0 visualStepAvgCm=0.00 visualStepMaxCm=0.00
[rubber-banding][udp-pump] time=36.162 frame=3284 focused=0 windowMs=1008.8 fps=74.3 packets=30 socketAvgMs=33.4 socketP95Ms=34.9 socketMaxMs=43.8 pumpAvgMs=33.6 pumpP95Ms=42.1 pumpMaxMs=51.5 queueDelayAvgMs=5.7 queueDelayP95Ms=12.8 queueDelayMaxMs=18.0 samePump=0 pumpBatchMax=1 queueDepthMax=1 frameMaxMs=25.0
[rubber-banding][remote-render] time=37.131 frame=3353 entity=1 latestHostTick=364 buffer=8 windowMs=1010.8 fps=71.2 snapshots=31 arrivalSamples=31 arrivalAvgMs=32.6 arrivalP95Ms=41.9 arrivalMaxMs=50.0 sameArrival=0 tickGapMax=2 renderFrames=72 interpolation=72 extrapolation=0 extrapolationCapped=0 extrapolationMaxMs=0.0 oldestHeld=0 zeroSpan=0 movingFrozen=7 teleport=0 visualStepAvgCm=1.93 visualStepMaxCm=8.88
[rubber-banding][remote-render] time=37.131 frame=3353 entity=2 latestHostTick=364 buffer=8 windowMs=1010.8 fps=71.2 snapshots=31 arrivalSamples=31 arrivalAvgMs=32.6 arrivalP95Ms=41.9 arrivalMaxMs=50.0 sameArrival=0 tickGapMax=2 renderFrames=72 interpolation=72 extrapolation=0 extrapolationCapped=0 extrapolationMaxMs=0.0 oldestHeld=0 zeroSpan=0 movingFrozen=0 teleport=0 visualStepAvgCm=0.00 visualStepMaxCm=0.00
[rubber-banding][remote-render] time=37.131 frame=3353 entity=4 latestHostTick=364 buffer=8 windowMs=1010.8 fps=71.2 snapshots=31 arrivalSamples=31 arrivalAvgMs=32.6 arrivalP95Ms=41.9 arrivalMaxMs=50.0 sameArrival=0 tickGapMax=2 renderFrames=72 interpolation=72 extrapolation=0 extrapolationCapped=0 extrapolationMaxMs=0.0 oldestHeld=0 zeroSpan=0 movingFrozen=0 teleport=0 visualStepAvgCm=0.00 visualStepMaxCm=0.00
[rubber-banding][udp-pump] time=37.165 frame=3355 focused=0 windowMs=1002.5 fps=70.8 packets=31 socketAvgMs=32.8 socketP95Ms=35.1 socketMaxMs=35.3 pumpAvgMs=32.9 pumpP95Ms=41.9 pumpMaxMs=50.0 queueDelayAvgMs=4.3 queueDelayP95Ms=11.6 queueDelayMaxMs=12.1 samePump=0 pumpBatchMax=1 queueDepthMax=1 frameMaxMs=16.8
[rubber-banding][remote-render] time=38.132 frame=3425 entity=1 latestHostTick=424 buffer=8 windowMs=1001.2 fps=71.9 snapshots=30 arrivalSamples=30 arrivalAvgMs=33.4 arrivalP95Ms=41.8 arrivalMaxMs=41.8 sameArrival=0 tickGapMax=2 renderFrames=72 interpolation=72 extrapolation=0 extrapolationCapped=0 extrapolationMaxMs=0.0 oldestHeld=0 zeroSpan=0 movingFrozen=0 teleport=0 visualStepAvgCm=9.60 visualStepMaxCm=18.49
[rubber-banding][remote-render] time=38.132 frame=3425 entity=2 latestHostTick=424 buffer=8 windowMs=1001.2 fps=71.9 snapshots=30 arrivalSamples=30 arrivalAvgMs=33.4 arrivalP95Ms=41.8 arrivalMaxMs=41.8 sameArrival=0 tickGapMax=2 renderFrames=72 interpolation=72 extrapolation=0 extrapolationCapped=0 extrapolationMaxMs=0.0 oldestHeld=0 zeroSpan=0 movingFrozen=0 teleport=0 visualStepAvgCm=0.00 visualStepMaxCm=0.00
[rubber-banding][remote-render] time=38.132 frame=3425 entity=4 latestHostTick=424 buffer=8 windowMs=1001.2 fps=71.9 snapshots=30 arrivalSamples=30 arrivalAvgMs=33.4 arrivalP95Ms=41.8 arrivalMaxMs=41.8 sameArrival=0 tickGapMax=2 renderFrames=72 interpolation=72 extrapolation=0 extrapolationCapped=0 extrapolationMaxMs=0.0 oldestHeld=0 zeroSpan=0 movingFrozen=0 teleport=0 visualStepAvgCm=0.00 visualStepMaxCm=0.00
[rubber-banding][udp-pump] time=38.166 frame=3428 focused=0 windowMs=1001.1 fps=72.9 packets=30 socketAvgMs=33.4 socketP95Ms=35.1 socketMaxMs=35.8 pumpAvgMs=33.1 pumpP95Ms=41.8 pumpMaxMs=41.8 queueDelayAvgMs=5.4 queueDelayP95Ms=11.7 queueDelayMaxMs=12.3 samePump=0 pumpBatchMax=1 queueDepthMax=2 frameMaxMs=16.7
[rubber-banding][remote-render] time=39.132 frame=3502 entity=1 latestHostTick=484 buffer=8 windowMs=1000.2 fps=77.0 snapshots=30 arrivalSamples=30 arrivalAvgMs=33.3 arrivalP95Ms=42.0 arrivalMaxMs=58.3 sameArrival=0 tickGapMax=2 renderFrames=77 interpolation=77 extrapolation=0 extrapolationCapped=0 extrapolationMaxMs=0.0 oldestHeld=0 zeroSpan=0 movingFrozen=0 teleport=0 visualStepAvgCm=7.60 visualStepMaxCm=20.33
[rubber-banding][remote-render] time=39.132 frame=3502 entity=2 latestHostTick=484 buffer=8 windowMs=1000.2 fps=77.0 snapshots=30 arrivalSamples=30 arrivalAvgMs=33.3 arrivalP95Ms=42.0 arrivalMaxMs=58.3 sameArrival=0 tickGapMax=2 renderFrames=77 interpolation=77 extrapolation=0 extrapolationCapped=0 extrapolationMaxMs=0.0 oldestHeld=0 zeroSpan=0 movingFrozen=0 teleport=0 visualStepAvgCm=0.00 visualStepMaxCm=0.00
[rubber-banding][remote-render] time=39.132 frame=3502 entity=4 latestHostTick=484 buffer=8 windowMs=1000.2 fps=77.0 snapshots=30 arrivalSamples=30 arrivalAvgMs=33.3 arrivalP95Ms=42.0 arrivalMaxMs=58.3 sameArrival=0 tickGapMax=2 renderFrames=77 interpolation=77 extrapolation=0 extrapolationCapped=0 extrapolationMaxMs=0.0 oldestHeld=0 zeroSpan=0 movingFrozen=0 teleport=0 visualStepAvgCm=0.00 visualStepMaxCm=0.00
[rubber-banding][udp-pump] time=39.174 frame=3505 focused=0 windowMs=1008.8 fps=76.3 packets=30 socketAvgMs=33.3 socketP95Ms=35.2 socketMaxMs=35.3 pumpAvgMs=33.9 pumpP95Ms=42.0 pumpMaxMs=58.3 queueDelayAvgMs=6.4 queueDelayP95Ms=16.5 queueDelayMaxMs=17.4 samePump=0 pumpBatchMax=1 queueDepthMax=1 frameMaxMs=16.8
[rubber-banding][remote-render] time=40.136 frame=3578 entity=2 latestHostTick=544 buffer=8 windowMs=1004.0 fps=75.7 snapshots=30 arrivalSamples=30 arrivalAvgMs=33.5 arrivalP95Ms=41.9 arrivalMaxMs=42.0 sameArrival=0 tickGapMax=2 renderFrames=76 interpolation=76 extrapolation=0 extrapolationCapped=0 extrapolationMaxMs=0.0 oldestHeld=0 zeroSpan=0 movingFrozen=0 teleport=0 visualStepAvgCm=0.00 visualStepMaxCm=0.00
[rubber-banding][remote-render] time=40.136 frame=3578 entity=4 latestHostTick=544 buffer=8 windowMs=1004.0 fps=75.7 snapshots=30 arrivalSamples=30 arrivalAvgMs=33.5 arrivalP95Ms=41.9 arrivalMaxMs=42.0 sameArrival=0 tickGapMax=2 renderFrames=76 interpolation=76 extrapolation=0 extrapolationCapped=0 extrapolationMaxMs=0.0 oldestHeld=0 zeroSpan=0 movingFrozen=0 teleport=0 visualStepAvgCm=0.00 visualStepMaxCm=0.00
[rubber-banding][udp-pump] time=40.187 frame=3582 focused=0 windowMs=1012.1 fps=76.1 packets=30 socketAvgMs=33.5 socketP95Ms=37.2 socketMaxMs=37.2 pumpAvgMs=33.2 pumpP95Ms=41.9 pumpMaxMs=42.0 queueDelayAvgMs=6.1 queueDelayP95Ms=16.3 queueDelayMaxMs=16.9 samePump=0 pumpBatchMax=1 queueDepthMax=1 frameMaxMs=25.1
[rubber-banding][remote-render] time=40.512 frame=3606 entity=1 latestHostTick=566 buffer=8 windowMs=1010.4 fps=76.2 snapshots=38 arrivalSamples=37 arrivalAvgMs=33.6 arrivalP95Ms=41.9 arrivalMaxMs=42.0 sameArrival=0 tickGapMax=2 renderFrames=77 interpolation=77 extrapolation=0 extrapolationCapped=0 extrapolationMaxMs=0.0 oldestHeld=0 zeroSpan=0 movingFrozen=0 teleport=0 visualStepAvgCm=0.21 visualStepMaxCm=3.12
[rubber-banding][remote-render] time=41.144 frame=3652 entity=2 latestHostTick=604 buffer=8 windowMs=1007.2 fps=73.5 snapshots=30 arrivalSamples=30 arrivalAvgMs=33.6 arrivalP95Ms=41.7 arrivalMaxMs=41.7 sameArrival=0 tickGapMax=2 renderFrames=74 interpolation=74 extrapolation=0 extrapolationCapped=0 extrapolationMaxMs=0.0 oldestHeld=0 zeroSpan=0 movingFrozen=0 teleport=0 visualStepAvgCm=0.00 visualStepMaxCm=0.00
[rubber-banding][remote-render] time=41.144 frame=3652 entity=4 latestHostTick=604 buffer=8 windowMs=1007.2 fps=73.5 snapshots=30 arrivalSamples=30 arrivalAvgMs=33.6 arrivalP95Ms=41.7 arrivalMaxMs=41.7 sameArrival=0 tickGapMax=2 renderFrames=74 interpolation=74 extrapolation=0 extrapolationCapped=0 extrapolationMaxMs=0.0 oldestHeld=0 zeroSpan=0 movingFrozen=0 teleport=0 visualStepAvgCm=0.00 visualStepMaxCm=0.00
[rubber-banding][udp-pump] time=41.202 frame=3656 focused=0 windowMs=1015.5 fps=72.9 packets=31 socketAvgMs=33.3 socketP95Ms=35.3 socketMaxMs=35.5 pumpAvgMs=33.3 pumpP95Ms=41.7 pumpMaxMs=41.7 queueDelayAvgMs=5.2 queueDelayP95Ms=11.5 queueDelayMaxMs=11.6 samePump=0 pumpBatchMax=1 queueDepthMax=1 frameMaxMs=16.7
[rubber-banding][remote-render] time=41.527 frame=3679 entity=1 latestHostTick=626 buffer=8 windowMs=1015.4 fps=71.9 snapshots=30 arrivalSamples=30 arrivalAvgMs=33.0 arrivalP95Ms=41.7 arrivalMaxMs=50.0 sameArrival=0 tickGapMax=2 renderFrames=73 interpolation=73 extrapolation=0 extrapolationCapped=0 extrapolationMaxMs=0.0 oldestHeld=0 zeroSpan=0 movingFrozen=0 teleport=0 visualStepAvgCm=7.89 visualStepMaxCm=19.51
[rubber-banding][remote-render] time=42.145 frame=3724 entity=2 latestHostTick=664 buffer=8 windowMs=1000.9 fps=71.9 snapshots=30 arrivalSamples=30 arrivalAvgMs=33.1 arrivalP95Ms=41.8 arrivalMaxMs=50.0 sameArrival=0 tickGapMax=2 renderFrames=72 interpolation=72 extrapolation=0 extrapolationCapped=0 extrapolationMaxMs=0.0 oldestHeld=0 zeroSpan=0 movingFrozen=0 teleport=0 visualStepAvgCm=0.00 visualStepMaxCm=0.00
[rubber-banding][remote-render] time=42.145 frame=3724 entity=4 latestHostTick=664 buffer=8 windowMs=1000.9 fps=71.9 snapshots=30 arrivalSamples=30 arrivalAvgMs=33.1 arrivalP95Ms=41.8 arrivalMaxMs=50.0 sameArrival=0 tickGapMax=2 renderFrames=72 interpolation=72 extrapolation=0 extrapolationCapped=0 extrapolationMaxMs=0.0 oldestHeld=0 zeroSpan=0 movingFrozen=0 teleport=0 visualStepAvgCm=0.00 visualStepMaxCm=0.00
[rubber-banding][udp-pump] time=42.203 frame=3728 focused=0 windowMs=1001.1 fps=71.9 packets=30 socketAvgMs=33.4 socketP95Ms=34.4 socketMaxMs=36.7 pumpAvgMs=33.4 pumpP95Ms=41.8 pumpMaxMs=50.0 queueDelayAvgMs=4.5 queueDelayP95Ms=10.6 queueDelayMaxMs=11.2 samePump=0 pumpBatchMax=1 queueDepthMax=1 frameMaxMs=16.7
[rubber-banding][remote-render] time=42.529 frame=3752 entity=1 latestHostTick=686 buffer=8 windowMs=1001.5 fps=72.9 snapshots=30 arrivalSamples=30 arrivalAvgMs=33.4 arrivalP95Ms=41.8 arrivalMaxMs=41.8 sameArrival=0 tickGapMax=2 renderFrames=73 interpolation=73 extrapolation=0 extrapolationCapped=0 extrapolationMaxMs=0.0 oldestHeld=0 zeroSpan=0 movingFrozen=0 teleport=0 visualStepAvgCm=9.56 visualStepMaxCm=18.99
[rubber-banding][remote-render] time=43.146 frame=3798 entity=2 latestHostTick=724 buffer=8 windowMs=1001.0 fps=73.9 snapshots=30 arrivalSamples=30 arrivalAvgMs=33.6 arrivalP95Ms=41.7 arrivalMaxMs=41.8 sameArrival=0 tickGapMax=2 renderFrames=74 interpolation=74 extrapolation=0 extrapolationCapped=0 extrapolationMaxMs=0.0 oldestHeld=0 zeroSpan=0 movingFrozen=0 teleport=0 visualStepAvgCm=0.00 visualStepMaxCm=0.00
[rubber-banding][remote-render] time=43.146 frame=3798 entity=4 latestHostTick=724 buffer=8 windowMs=1001.0 fps=73.9 snapshots=30 arrivalSamples=30 arrivalAvgMs=33.6 arrivalP95Ms=41.7 arrivalMaxMs=41.8 sameArrival=0 tickGapMax=2 renderFrames=74 interpolation=74 extrapolation=0 extrapolationCapped=0 extrapolationMaxMs=0.0 oldestHeld=0 zeroSpan=0 movingFrozen=0 teleport=0 visualStepAvgCm=0.00 visualStepMaxCm=0.00
[rubber-banding][udp-pump] time=43.212 frame=3803 focused=0 windowMs=1009.2 fps=74.3 packets=30 socketAvgMs=33.3 socketP95Ms=34.8 socketMaxMs=34.9 pumpAvgMs=33.6 pumpP95Ms=41.8 pumpMaxMs=50.0 queueDelayAvgMs=6.0 queueDelayP95Ms=12.5 queueDelayMaxMs=15.9 samePump=0 pumpBatchMax=1 queueDepthMax=1 frameMaxMs=16.7
[rubber-banding][remote-render] time=43.537 frame=3827 entity=1 latestHostTick=748 buffer=8 windowMs=1008.7 fps=74.4 snapshots=31 arrivalSamples=31 arrivalAvgMs=33.3 arrivalP95Ms=50.0 arrivalMaxMs=50.0 sameArrival=0 tickGapMax=2 renderFrames=75 interpolation=75 extrapolation=0 extrapolationCapped=0 extrapolationMaxMs=0.0 oldestHeld=0 zeroSpan=0 movingFrozen=0 teleport=0 visualStepAvgCm=2.53 visualStepMaxCm=8.93
[rubber-banding][remote-render] time=44.159 frame=3873 entity=2 latestHostTick=784 buffer=8 windowMs=1012.9 fps=74.0 snapshots=30 arrivalSamples=30 arrivalAvgMs=33.2 arrivalP95Ms=50.0 arrivalMaxMs=50.1 sameArrival=0 tickGapMax=2 renderFrames=75 interpolation=75 extrapolation=0 extrapolationCapped=0 extrapolationMaxMs=0.0 oldestHeld=0 zeroSpan=0 movingFrozen=0 teleport=0 visualStepAvgCm=0.00 visualStepMaxCm=0.00
[rubber-banding][remote-render] time=44.159 frame=3873 entity=4 latestHostTick=784 buffer=8 windowMs=1012.9 fps=74.0 snapshots=30 arrivalSamples=30 arrivalAvgMs=33.2 arrivalP95Ms=50.0 arrivalMaxMs=50.1 sameArrival=0 tickGapMax=2 renderFrames=75 interpolation=75 extrapolation=0 extrapolationCapped=0 extrapolationMaxMs=0.0 oldestHeld=0 zeroSpan=0 movingFrozen=0 teleport=0 visualStepAvgCm=0.00 visualStepMaxCm=0.00
[rubber-banding][udp-pump] time=44.219 frame=3878 focused=0 windowMs=1006.8 fps=74.5 packets=30 socketAvgMs=33.4 socketP95Ms=37.5 socketMaxMs=41.9 pumpAvgMs=33.3 pumpP95Ms=50.0 pumpMaxMs=50.1 queueDelayAvgMs=6.5 queueDelayP95Ms=14.4 queueDelayMaxMs=19.4 samePump=0 pumpBatchMax=1 queueDepthMax=2 frameMaxMs=27.1
[rubber-banding][remote-render] time=44.542 frame=3901 entity=1 latestHostTick=808 buffer=8 windowMs=1004.4 fps=73.7 snapshots=30 arrivalSamples=30 arrivalAvgMs=33.5 arrivalP95Ms=50.1 arrivalMaxMs=58.3 sameArrival=0 tickGapMax=2 renderFrames=74 interpolation=74 extrapolation=0 extrapolationCapped=0 extrapolationMaxMs=0.0 oldestHeld=0 zeroSpan=0 movingFrozen=0 teleport=0 visualStepAvgCm=0.00 visualStepMaxCm=0.00
[rubber-banding][remote-render] time=45.175 frame=3939 entity=2 latestHostTick=846 buffer=8 windowMs=1016.3 fps=64.9 snapshots=31 arrivalSamples=31 arrivalAvgMs=33.3 arrivalP95Ms=58.3 arrivalMaxMs=66.7 sameArrival=0 tickGapMax=2 renderFrames=66 interpolation=66 extrapolation=0 extrapolationCapped=0 extrapolationMaxMs=0.0 oldestHeld=0 zeroSpan=0 movingFrozen=0 teleport=0 visualStepAvgCm=0.25 visualStepMaxCm=5.20
[rubber-banding][remote-render] time=45.175 frame=3939 entity=4 latestHostTick=846 buffer=8 windowMs=1016.3 fps=64.9 snapshots=31 arrivalSamples=31 arrivalAvgMs=33.3 arrivalP95Ms=58.3 arrivalMaxMs=66.7 sameArrival=0 tickGapMax=2 renderFrames=66 interpolation=66 extrapolation=0 extrapolationCapped=0 extrapolationMaxMs=0.0 oldestHeld=0 zeroSpan=0 movingFrozen=0 teleport=0 visualStepAvgCm=0.00 visualStepMaxCm=0.00
[rubber-banding][udp-pump] time=45.225 frame=3942 focused=0 windowMs=1005.8 fps=63.6 packets=30 socketAvgMs=33.4 socketP95Ms=34.2 socketMaxMs=34.5 pumpAvgMs=33.2 pumpP95Ms=58.3 pumpMaxMs=66.7 queueDelayAvgMs=9.4 queueDelayP95Ms=16.0 queueDelayMaxMs=23.5 samePump=0 pumpBatchMax=1 queueDepthMax=1 frameMaxMs=58.3
[rubber-banding][remote-render] time=45.550 frame=3960 entity=1 latestHostTick=868 buffer=8 windowMs=1008.2 fps=58.5 snapshots=30 arrivalSamples=30 arrivalAvgMs=33.6 arrivalP95Ms=50.0 arrivalMaxMs=66.7 sameArrival=0 tickGapMax=2 renderFrames=59 interpolation=59 extrapolation=0 extrapolationCapped=0 extrapolationMaxMs=0.0 oldestHeld=0 zeroSpan=0 movingFrozen=0 teleport=0 visualStepAvgCm=0.00 visualStepMaxCm=0.00
[rubber-banding][remote-render] time=46.191 frame=3996 entity=2 latestHostTick=906 buffer=8 windowMs=1016.6 fps=56.1 snapshots=30 arrivalSamples=30 arrivalAvgMs=33.3 arrivalP95Ms=41.7 arrivalMaxMs=41.7 sameArrival=0 tickGapMax=2 renderFrames=57 interpolation=57 extrapolation=0 extrapolationCapped=0 extrapolationMaxMs=0.0 oldestHeld=0 zeroSpan=0 movingFrozen=0 teleport=0 visualStepAvgCm=11.17 visualStepMaxCm=21.27
[rubber-banding][remote-render] time=46.191 frame=3996 entity=4 latestHostTick=906 buffer=8 windowMs=1016.6 fps=56.1 snapshots=30 arrivalSamples=30 arrivalAvgMs=33.3 arrivalP95Ms=41.7 arrivalMaxMs=41.7 sameArrival=0 tickGapMax=2 renderFrames=57 interpolation=57 extrapolation=0 extrapolationCapped=0 extrapolationMaxMs=0.0 oldestHeld=0 zeroSpan=0 movingFrozen=0 teleport=0 visualStepAvgCm=0.00 visualStepMaxCm=0.00
[rubber-banding][udp-pump] time=46.241 frame=3999 focused=0 windowMs=1016.6 fps=56.1 packets=31 socketAvgMs=33.3 socketP95Ms=34.6 socketMaxMs=34.6 pumpAvgMs=33.3 pumpP95Ms=41.7 pumpMaxMs=41.7 queueDelayAvgMs=10.1 queueDelayP95Ms=15.9 queueDelayMaxMs=16.1 samePump=0 pumpBatchMax=1 queueDepthMax=2 frameMaxMs=25.0
[rubber-banding][remote-render] time=46.566 frame=4018 entity=1 latestHostTick=928 buffer=8 windowMs=1016.6 fps=57.1 snapshots=30 arrivalSamples=30 arrivalAvgMs=33.3 arrivalP95Ms=41.7 arrivalMaxMs=41.7 sameArrival=0 tickGapMax=2 renderFrames=58 interpolation=58 extrapolation=0 extrapolationCapped=0 extrapolationMaxMs=0.0 oldestHeld=0 zeroSpan=0 movingFrozen=0 teleport=0 visualStepAvgCm=0.00 visualStepMaxCm=0.00
[rubber-banding][remote-render] time=47.200 frame=4059 entity=2 latestHostTick=966 buffer=8 windowMs=1008.3 fps=62.5 snapshots=30 arrivalSamples=30 arrivalAvgMs=33.1 arrivalP95Ms=41.7 arrivalMaxMs=41.7 sameArrival=0 tickGapMax=2 renderFrames=63 interpolation=63 extrapolation=0 extrapolationCapped=0 extrapolationMaxMs=0.0 oldestHeld=0 zeroSpan=0 movingFrozen=0 teleport=0 visualStepAvgCm=12.43 visualStepMaxCm=23.81
[rubber-banding][remote-render] time=47.200 frame=4059 entity=4 latestHostTick=966 buffer=8 windowMs=1008.3 fps=62.5 snapshots=30 arrivalSamples=30 arrivalAvgMs=33.1 arrivalP95Ms=41.7 arrivalMaxMs=41.7 sameArrival=0 tickGapMax=2 renderFrames=63 interpolation=63 extrapolation=0 extrapolationCapped=0 extrapolationMaxMs=0.0 oldestHeld=0 zeroSpan=0 movingFrozen=0 teleport=0 visualStepAvgCm=0.00 visualStepMaxCm=0.00
[rubber-banding][udp-pump] time=47.250 frame=4063 focused=0 windowMs=1008.3 fps=63.5 packets=30 socketAvgMs=33.4 socketP95Ms=34.9 socketMaxMs=39.5 pumpAvgMs=33.3 pumpP95Ms=41.7 pumpMaxMs=41.7 queueDelayAvgMs=12.3 queueDelayP95Ms=14.8 queueDelayMaxMs=15.0 samePump=0 pumpBatchMax=1 queueDepthMax=2 frameMaxMs=33.3
[rubber-banding][remote-render] time=47.583 frame=4085 entity=1 latestHostTick=990 buffer=8 windowMs=1016.7 fps=65.9 snapshots=31 arrivalSamples=31 arrivalAvgMs=33.3 arrivalP95Ms=41.7 arrivalMaxMs=50.0 sameArrival=0 tickGapMax=2 renderFrames=67 interpolation=67 extrapolation=0 extrapolationCapped=0 extrapolationMaxMs=0.0 oldestHeld=0 zeroSpan=0 movingFrozen=0 teleport=0 visualStepAvgCm=0.00 visualStepMaxCm=0.00
[rubber-banding][remote-render] time=48.200 frame=4125 entity=4 latestHostTick=1026 buffer=8 windowMs=1000.0 fps=66.0 snapshots=30 arrivalSamples=30 arrivalAvgMs=33.9 arrivalP95Ms=50.0 arrivalMaxMs=50.0 sameArrival=0 tickGapMax=2 renderFrames=66 interpolation=66 extrapolation=0 extrapolationCapped=0 extrapolationMaxMs=0.0 oldestHeld=0 zeroSpan=0 movingFrozen=0 teleport=0 visualStepAvgCm=0.00 visualStepMaxCm=0.00
[rubber-banding][udp-pump] time=48.266 frame=4129 focused=0 windowMs=1016.7 fps=64.9 packets=30 socketAvgMs=33.6 socketP95Ms=37.9 socketMaxMs=42.6 pumpAvgMs=33.6 pumpP95Ms=50.0 pumpMaxMs=50.0 queueDelayAvgMs=10.8 queueDelayP95Ms=15.9 queueDelayMaxMs=17.0 samePump=0 pumpBatchMax=1 queueDepthMax=2 frameMaxMs=25.0
[rubber-banding][remote-render] time=48.600 frame=4150 entity=1 latestHostTick=1050 buffer=8 windowMs=1016.7 fps=63.9 snapshots=30 arrivalSamples=30 arrivalAvgMs=33.3 arrivalP95Ms=50.0 arrivalMaxMs=50.0 sameArrival=0 tickGapMax=2 renderFrames=65 interpolation=65 extrapolation=0 extrapolationCapped=0 extrapolationMaxMs=0.0 oldestHeld=0 zeroSpan=0 movingFrozen=0 teleport=0 visualStepAvgCm=0.00 visualStepMaxCm=0.00
[rubber-banding][remote-render] time=49.125 frame=4181 entity=2 latestHostTick=1082 buffer=8 windowMs=1008.3 fps=61.5 snapshots=38 arrivalSamples=37 arrivalAvgMs=33.6 arrivalP95Ms=41.7 arrivalMaxMs=50.0 sameArrival=0 tickGapMax=2 renderFrames=62 interpolation=62 extrapolation=0 extrapolationCapped=0 extrapolationMaxMs=0.0 oldestHeld=0 zeroSpan=0 movingFrozen=0 teleport=0 visualStepAvgCm=2.78 visualStepMaxCm=10.97
[rubber-banding][remote-render] time=49.216 frame=4186 entity=4 latestHostTick=1088 buffer=8 windowMs=1016.7 fps=60.0 snapshots=31 arrivalSamples=31 arrivalAvgMs=33.3 arrivalP95Ms=41.7 arrivalMaxMs=50.0 sameArrival=0 tickGapMax=2 renderFrames=61 interpolation=61 extrapolation=0 extrapolationCapped=0 extrapolationMaxMs=0.0 oldestHeld=0 zeroSpan=0 movingFrozen=0 teleport=0 visualStepAvgCm=0.00 visualStepMaxCm=0.00
[rubber-banding][udp-pump] time=49.275 frame=4189 focused=0 windowMs=1008.3 fps=59.5 packets=31 socketAvgMs=33.4 socketP95Ms=34.6 socketMaxMs=34.7 pumpAvgMs=33.1 pumpP95Ms=41.7 pumpMaxMs=50.0 queueDelayAvgMs=11.2 queueDelayP95Ms=22.7 queueDelayMaxMs=22.8 samePump=0 pumpBatchMax=1 queueDepthMax=1 frameMaxMs=25.0
[rubber-banding][remote-render] time=49.616 frame=4207 entity=1 latestHostTick=1112 buffer=8 windowMs=1016.7 fps=56.1 snapshots=31 arrivalSamples=31 arrivalAvgMs=33.3 arrivalP95Ms=41.7 arrivalMaxMs=41.7 sameArrival=0 tickGapMax=2 renderFrames=57 interpolation=57 extrapolation=0 extrapolationCapped=0 extrapolationMaxMs=0.0 oldestHeld=0 zeroSpan=0 movingFrozen=0 teleport=0 visualStepAvgCm=0.00 visualStepMaxCm=0.00
[rubber-banding][remote-render] time=50.141 frame=4236 entity=2 latestHostTick=1142 buffer=8 windowMs=1016.7 fps=54.1 snapshots=30 arrivalSamples=30 arrivalAvgMs=33.3 arrivalP95Ms=41.7 arrivalMaxMs=41.7 sameArrival=0 tickGapMax=2 renderFrames=55 interpolation=55 extrapolation=0 extrapolationCapped=0 extrapolationMaxMs=0.0 oldestHeld=0 zeroSpan=0 movingFrozen=0 teleport=0 visualStepAvgCm=14.48 visualStepMaxCm=30.11
[rubber-banding][large-step] time=50.141 frame=4236 focused=0 entity=2 buffer=8 count=3 maxStepCm=30.11 fromTick=1118 toTick=1120 tickSpan=2 receivedSpanMs=41.7 t=0.080 renderOffsetMs=-38.3 teleport=0 previous=(3.315, -1.020, 6.702) rendered=(3.040, -1.131, 6.753)
[rubber-banding][remote-render] time=50.225 frame=4241 entity=4 latestHostTick=1148 buffer=8 windowMs=1008.3 fps=54.5 snapshots=30 arrivalSamples=30 arrivalAvgMs=33.6 arrivalP95Ms=41.7 arrivalMaxMs=41.7 sameArrival=0 tickGapMax=2 renderFrames=55 interpolation=55 extrapolation=0 extrapolationCapped=0 extrapolationMaxMs=0.0 oldestHeld=0 zeroSpan=0 movingFrozen=0 teleport=0 visualStepAvgCm=0.00 visualStepMaxCm=0.00
[rubber-banding][udp-pump] time=50.291 frame=4245 focused=0 windowMs=1016.7 fps=55.1 packets=30 socketAvgMs=33.3 socketP95Ms=34.3 socketMaxMs=35.5 pumpAvgMs=33.9 pumpP95Ms=41.7 pumpMaxMs=41.7 queueDelayAvgMs=11.1 queueDelayP95Ms=15.3 queueDelayMaxMs=22.1 samePump=0 pumpBatchMax=1 queueDepthMax=1 frameMaxMs=33.3
[rubber-banding][remote-render] time=50.641 frame=4266 entity=1 latestHostTick=1174 buffer=8 windowMs=1025.0 fps=57.6 snapshots=31 arrivalSamples=31 arrivalAvgMs=33.1 arrivalP95Ms=41.7 arrivalMaxMs=50.0 sameArrival=0 tickGapMax=2 renderFrames=59 interpolation=59 extrapolation=0 extrapolationCapped=0 extrapolationMaxMs=0.0 oldestHeld=0 zeroSpan=0 movingFrozen=0 teleport=0 visualStepAvgCm=0.00 visualStepMaxCm=0.00
[rubber-banding][remote-render] time=51.166 frame=4297 entity=2 latestHostTick=1206 buffer=8 windowMs=1025.0 fps=59.5 snapshots=32 arrivalSamples=32 arrivalAvgMs=32.6 arrivalP95Ms=50.0 arrivalMaxMs=50.0 sameArrival=0 tickGapMax=2 renderFrames=61 interpolation=61 extrapolation=0 extrapolationCapped=0 extrapolationMaxMs=0.0 oldestHeld=0 zeroSpan=0 movingFrozen=0 teleport=0 visualStepAvgCm=8.25 visualStepMaxCm=23.81
[rubber-banding][remote-render] time=51.233 frame=4301 entity=4 latestHostTick=1210 buffer=8 windowMs=1008.3 fps=59.5 snapshots=31 arrivalSamples=31 arrivalAvgMs=32.5 arrivalP95Ms=50.0 arrivalMaxMs=50.0 sameArrival=0 tickGapMax=2 renderFrames=60 interpolation=60 extrapolation=0 extrapolationCapped=0 extrapolationMaxMs=0.0 oldestHeld=0 zeroSpan=0 movingFrozen=0 teleport=0 visualStepAvgCm=0.00 visualStepMaxCm=0.00
[rubber-banding][udp-pump] time=51.316 frame=4306 focused=0 windowMs=1025.0 fps=59.5 packets=31 socketAvgMs=32.9 socketP95Ms=34.3 socketMaxMs=34.7 pumpAvgMs=32.3 pumpP95Ms=50.0 pumpMaxMs=50.0 queueDelayAvgMs=10.4 queueDelayP95Ms=14.2 queueDelayMaxMs=14.8 samePump=0 pumpBatchMax=1 queueDepthMax=1 frameMaxMs=25.0
[rubber-banding][remote-render] time=51.658 frame=4326 entity=1 latestHostTick=1234 buffer=8 windowMs=1016.7 fps=59.0 snapshots=30 arrivalSamples=30 arrivalAvgMs=33.3 arrivalP95Ms=50.0 arrivalMaxMs=50.0 sameArrival=0 tickGapMax=2 renderFrames=60 interpolation=60 extrapolation=0 extrapolationCapped=0 extrapolationMaxMs=0.0 oldestHeld=0 zeroSpan=0 movingFrozen=0 teleport=0 visualStepAvgCm=0.00 visualStepMaxCm=0.00
[rubber-banding][remote-render] time=52.175 frame=4357 entity=2 latestHostTick=1266 buffer=8 windowMs=1008.3 fps=59.5 snapshots=30 arrivalSamples=30 arrivalAvgMs=33.6 arrivalP95Ms=41.7 arrivalMaxMs=50.0 sameArrival=0 tickGapMax=2 renderFrames=60 interpolation=60 extrapolation=0 extrapolationCapped=0 extrapolationMaxMs=0.0 oldestHeld=0 zeroSpan=0 movingFrozen=0 teleport=0 visualStepAvgCm=0.00 visualStepMaxCm=0.00
[rubber-banding][remote-render] time=52.241 frame=4362 entity=4 latestHostTick=1270 buffer=8 windowMs=1008.3 fps=60.5 snapshots=30 arrivalSamples=30 arrivalAvgMs=33.1 arrivalP95Ms=41.7 arrivalMaxMs=50.0 sameArrival=0 tickGapMax=2 renderFrames=61 interpolation=61 extrapolation=0 extrapolationCapped=0 extrapolationMaxMs=0.0 oldestHeld=0 zeroSpan=0 movingFrozen=0 teleport=0 visualStepAvgCm=0.00 visualStepMaxCm=0.00
[rubber-banding][udp-pump] time=52.333 frame=4369 focused=0 windowMs=1016.7 fps=62.0 packets=31 socketAvgMs=33.4 socketP95Ms=34.5 socketMaxMs=34.7 pumpAvgMs=33.6 pumpP95Ms=41.7 pumpMaxMs=50.0 queueDelayAvgMs=10.4 queueDelayP95Ms=13.4 queueDelayMaxMs=13.6 samePump=0 pumpBatchMax=1 queueDepthMax=1 frameMaxMs=25.0
[rubber-banding][remote-render] time=52.666 frame=4393 entity=1 latestHostTick=1296 buffer=8 windowMs=1008.3 fps=66.4 snapshots=31 arrivalSamples=31 arrivalAvgMs=33.1 arrivalP95Ms=41.7 arrivalMaxMs=50.0 sameArrival=0 tickGapMax=2 renderFrames=67 interpolation=67 extrapolation=0 extrapolationCapped=0 extrapolationMaxMs=0.0 oldestHeld=0 zeroSpan=0 movingFrozen=0 teleport=0 visualStepAvgCm=0.00 visualStepMaxCm=0.00
[rubber-banding][remote-render] time=53.183 frame=4429 entity=2 latestHostTick=1326 buffer=8 windowMs=1008.3 fps=71.4 snapshots=30 arrivalSamples=30 arrivalAvgMs=33.3 arrivalP95Ms=50.0 arrivalMaxMs=83.4 sameArrival=0 tickGapMax=2 renderFrames=72 interpolation=72 extrapolation=0 extrapolationCapped=0 extrapolationMaxMs=0.0 oldestHeld=0 zeroSpan=0 movingFrozen=0 teleport=0 visualStepAvgCm=0.00 visualStepMaxCm=0.00
[rubber-banding][remote-render] time=53.250 frame=4437 entity=4 latestHostTick=1330 buffer=8 windowMs=1008.3 fps=74.4 snapshots=30 arrivalSamples=30 arrivalAvgMs=33.9 arrivalP95Ms=50.0 arrivalMaxMs=83.4 sameArrival=0 tickGapMax=2 renderFrames=75 interpolation=75 extrapolation=0 extrapolationCapped=0 extrapolationMaxMs=0.0 oldestHeld=0 zeroSpan=0 movingFrozen=0 teleport=0 visualStepAvgCm=0.00 visualStepMaxCm=0.00
[rubber-banding][udp-pump] time=53.341 frame=4448 focused=1 windowMs=1008.3 fps=78.3 packets=30 socketAvgMs=33.4 socketP95Ms=34.9 socketMaxMs=37.6 pumpAvgMs=33.6 pumpP95Ms=50.0 pumpMaxMs=83.4 queueDelayAvgMs=6.5 queueDelayP95Ms=19.9 queueDelayMaxMs=22.1 samePump=0 pumpBatchMax=1 queueDepthMax=1 frameMaxMs=75.0
[rubber-banding][remote-render] time=53.675 frame=4488 entity=1 latestHostTick=1356 buffer=8 windowMs=1008.3 fps=94.2 snapshots=30 arrivalSamples=30 arrivalAvgMs=33.6 arrivalP95Ms=50.0 arrivalMaxMs=83.4 sameArrival=0 tickGapMax=2 renderFrames=95 interpolation=95 extrapolation=0 extrapolationCapped=0 extrapolationMaxMs=0.0 oldestHeld=0 zeroSpan=0 movingFrozen=0 teleport=0 visualStepAvgCm=0.00 visualStepMaxCm=0.00
[rubber-banding][remote-render] time=54.191 frame=4550 entity=2 latestHostTick=1386 buffer=8 windowMs=1008.3 fps=120.0 snapshots=30 arrivalSamples=30 arrivalAvgMs=33.3 arrivalP95Ms=33.3 arrivalMaxMs=33.3 sameArrival=0 tickGapMax=2 renderFrames=121 interpolation=121 extrapolation=0 extrapolationCapped=0 extrapolationMaxMs=0.0 oldestHeld=0 zeroSpan=0 movingFrozen=0 teleport=0 visualStepAvgCm=0.00 visualStepMaxCm=0.00
[rubber-banding][remote-render] time=54.258 frame=4558 entity=4 latestHostTick=1390 buffer=8 windowMs=1008.3 fps=120.0 snapshots=30 arrivalSamples=30 arrivalAvgMs=33.3 arrivalP95Ms=33.3 arrivalMaxMs=33.3 sameArrival=0 tickGapMax=2 renderFrames=121 interpolation=121 extrapolation=0 extrapolationCapped=0 extrapolationMaxMs=0.0 oldestHeld=0 zeroSpan=0 movingFrozen=0 teleport=0 visualStepAvgCm=0.00 visualStepMaxCm=0.00
[rubber-banding][udp-pump] time=54.350 frame=4569 focused=1 windowMs=1008.3 fps=120.0 packets=30 socketAvgMs=33.3 socketP95Ms=34.8 socketMaxMs=34.8 pumpAvgMs=33.3 pumpP95Ms=33.3 pumpMaxMs=33.3 queueDelayAvgMs=1.6 queueDelayP95Ms=2.6 queueDelayMaxMs=3.5 samePump=0 pumpBatchMax=1 queueDepthMax=2 frameMaxMs=8.3
[rubber-banding][remote-render] time=54.683 frame=4609 entity=1 latestHostTick=1416 buffer=8 windowMs=1008.3 fps=120.0 snapshots=30 arrivalSamples=30 arrivalAvgMs=33.3 arrivalP95Ms=33.3 arrivalMaxMs=33.3 sameArrival=0 tickGapMax=2 renderFrames=121 interpolation=121 extrapolation=0 extrapolationCapped=0 extrapolationMaxMs=0.0 oldestHeld=0 zeroSpan=0 movingFrozen=0 teleport=0 visualStepAvgCm=0.00 visualStepMaxCm=0.00
[rubber-banding][remote-render] time=55.200 frame=4670 entity=2 latestHostTick=1446 buffer=8 windowMs=1008.3 fps=119.0 snapshots=30 arrivalSamples=30 arrivalAvgMs=33.3 arrivalP95Ms=33.3 arrivalMaxMs=33.3 sameArrival=0 tickGapMax=2 renderFrames=120 interpolation=120 extrapolation=0 extrapolationCapped=0 extrapolationMaxMs=0.0 oldestHeld=0 zeroSpan=0 movingFrozen=0 teleport=0 visualStepAvgCm=0.00 visualStepMaxCm=0.00
[rubber-banding][remote-render] time=55.266 frame=4676 entity=4 latestHostTick=1450 buffer=8 windowMs=1008.3 fps=117.0 snapshots=30 arrivalSamples=30 arrivalAvgMs=33.3 arrivalP95Ms=33.3 arrivalMaxMs=33.3 sameArrival=0 tickGapMax=2 renderFrames=118 interpolation=118 extrapolation=0 extrapolationCapped=0 extrapolationMaxMs=0.0 oldestHeld=0 zeroSpan=0 movingFrozen=0 teleport=0 visualStepAvgCm=0.00 visualStepMaxCm=0.00
[rubber-banding][udp-pump] time=55.350 frame=4686 focused=1 windowMs=1000.0 fps=117.0 packets=30 socketAvgMs=33.4 socketP95Ms=34.2 socketMaxMs=34.4 pumpAvgMs=33.3 pumpP95Ms=33.3 pumpMaxMs=33.3 queueDelayAvgMs=0.7 queueDelayP95Ms=2.5 queueDelayMaxMs=3.2 samePump=0 pumpBatchMax=1 queueDepthMax=1 frameMaxMs=25.0
[rubber-banding][remote-render] time=55.691 frame=4727 entity=1 latestHostTick=1476 buffer=8 windowMs=1008.3 fps=117.0 snapshots=30 arrivalSamples=30 arrivalAvgMs=33.3 arrivalP95Ms=33.3 arrivalMaxMs=33.3 sameArrival=0 tickGapMax=2 renderFrames=118 interpolation=118 extrapolation=0 extrapolationCapped=0 extrapolationMaxMs=0.0 oldestHeld=0 zeroSpan=0 movingFrozen=0 teleport=0 visualStepAvgCm=0.00 visualStepMaxCm=0.00
[rubber-banding][remote-render] time=56.208 frame=4789 entity=2 latestHostTick=1508 buffer=8 windowMs=1008.3 fps=118.0 snapshots=31 arrivalSamples=31 arrivalAvgMs=33.3 arrivalP95Ms=33.3 arrivalMaxMs=33.3 sameArrival=0 tickGapMax=2 renderFrames=119 interpolation=119 extrapolation=0 extrapolationCapped=0 extrapolationMaxMs=0.0 oldestHeld=0 zeroSpan=0 movingFrozen=0 teleport=0 visualStepAvgCm=0.00 visualStepMaxCm=0.00
[rubber-banding][remote-render] time=56.275 frame=4797 entity=4 latestHostTick=1512 buffer=8 windowMs=1008.3 fps=120.0 snapshots=31 arrivalSamples=31 arrivalAvgMs=33.3 arrivalP95Ms=33.3 arrivalMaxMs=33.3 sameArrival=0 tickGapMax=2 renderFrames=121 interpolation=121 extrapolation=0 extrapolationCapped=0 extrapolationMaxMs=0.0 oldestHeld=0 zeroSpan=0 movingFrozen=0 teleport=0 visualStepAvgCm=0.00 visualStepMaxCm=0.00
[rubber-banding][udp-pump] time=56.358 frame=4807 focused=1 windowMs=1008.3 fps=120.0 packets=30 socketAvgMs=33.4 socketP95Ms=34.5 socketMaxMs=34.8 pumpAvgMs=33.6 pumpP95Ms=33.3 pumpMaxMs=41.7 queueDelayAvgMs=0.9 queueDelayP95Ms=6.6 queueDelayMaxMs=8.3 samePump=0 pumpBatchMax=1 queueDepthMax=1 frameMaxMs=8.3
[rubber-banding][remote-render] time=56.700 frame=4848 entity=1 latestHostTick=1536 buffer=8 windowMs=1008.3 fps=120.0 snapshots=30 arrivalSamples=30 arrivalAvgMs=33.6 arrivalP95Ms=41.7 arrivalMaxMs=41.7 sameArrival=0 tickGapMax=2 renderFrames=121 interpolation=121 extrapolation=0 extrapolationCapped=0 extrapolationMaxMs=0.0 oldestHeld=0 zeroSpan=0 movingFrozen=0 teleport=0 visualStepAvgCm=0.00 visualStepMaxCm=0.00
[rubber-banding][remote-render] time=57.208 frame=4909 entity=2 latestHostTick=1568 buffer=8 windowMs=1000.0 fps=120.0 snapshots=30 arrivalSamples=30 arrivalAvgMs=33.3 arrivalP95Ms=41.7 arrivalMaxMs=41.7 sameArrival=0 tickGapMax=2 renderFrames=120 interpolation=120 extrapolation=0 extrapolationCapped=0 extrapolationMaxMs=0.0 oldestHeld=0 zeroSpan=0 movingFrozen=0 teleport=0 visualStepAvgCm=0.00 visualStepMaxCm=0.00
[rubber-banding][remote-render] time=57.283 frame=4918 entity=4 latestHostTick=1572 buffer=8 windowMs=1008.3 fps=120.0 snapshots=30 arrivalSamples=30 arrivalAvgMs=33.6 arrivalP95Ms=41.7 arrivalMaxMs=41.7 sameArrival=0 tickGapMax=2 renderFrames=121 interpolation=121 extrapolation=0 extrapolationCapped=0 extrapolationMaxMs=0.0 oldestHeld=0 zeroSpan=0 movingFrozen=0 teleport=0 visualStepAvgCm=0.00 visualStepMaxCm=0.00
[rubber-banding][udp-pump] time=57.366 frame=4928 focused=1 windowMs=1008.3 fps=120.0 packets=30 socketAvgMs=33.3 socketP95Ms=34.8 socketMaxMs=35.9 pumpAvgMs=33.1 pumpP95Ms=41.7 pumpMaxMs=41.7 queueDelayAvgMs=2.4 queueDelayP95Ms=8.7 queueDelayMaxMs=9.2 samePump=0 pumpBatchMax=1 queueDepthMax=1 frameMaxMs=8.3
[rubber-banding][remote-render] time=57.708 frame=4969 entity=1 latestHostTick=1598 buffer=8 windowMs=1008.3 fps=120.0 snapshots=31 arrivalSamples=31 arrivalAvgMs=33.1 arrivalP95Ms=41.7 arrivalMaxMs=41.7 sameArrival=0 tickGapMax=2 renderFrames=121 interpolation=121 extrapolation=0 extrapolationCapped=0 extrapolationMaxMs=0.0 oldestHeld=0 zeroSpan=0 movingFrozen=0 teleport=0 visualStepAvgCm=0.00 visualStepMaxCm=0.00
[rubber-banding][remote-render] time=58.216 frame=5030 entity=2 latestHostTick=1628 buffer=8 windowMs=1008.3 fps=120.0 snapshots=30 arrivalSamples=30 arrivalAvgMs=33.6 arrivalP95Ms=41.7 arrivalMaxMs=41.7 sameArrival=0 tickGapMax=2 renderFrames=121 interpolation=121 extrapolation=0 extrapolationCapped=0 extrapolationMaxMs=0.0 oldestHeld=0 zeroSpan=0 movingFrozen=0 teleport=0 visualStepAvgCm=0.00 visualStepMaxCm=0.00
[rubber-banding][remote-render] time=58.291 frame=5039 entity=4 latestHostTick=1632 buffer=8 windowMs=1008.3 fps=120.0 snapshots=30 arrivalSamples=30 arrivalAvgMs=33.3 arrivalP95Ms=41.7 arrivalMaxMs=41.7 sameArrival=0 tickGapMax=2 renderFrames=121 interpolation=121 extrapolation=0 extrapolationCapped=0 extrapolationMaxMs=0.0 oldestHeld=0 zeroSpan=0 movingFrozen=0 teleport=0 visualStepAvgCm=0.00 visualStepMaxCm=0.00
[rubber-banding][udp-pump] time=58.375 frame=5049 focused=1 windowMs=1008.3 fps=120.0 packets=31 socketAvgMs=33.3 socketP95Ms=34.7 socketMaxMs=39.5 pumpAvgMs=33.3 pumpP95Ms=41.7 pumpMaxMs=41.7 queueDelayAvgMs=2.4 queueDelayP95Ms=8.7 queueDelayMaxMs=9.0 samePump=0 pumpBatchMax=1 queueDepthMax=2 frameMaxMs=8.3
[rubber-banding][remote-render] time=58.716 frame=5090 entity=1 latestHostTick=1658 buffer=8 windowMs=1008.3 fps=120.0 snapshots=30 arrivalSamples=30 arrivalAvgMs=33.6 arrivalP95Ms=41.7 arrivalMaxMs=41.7 sameArrival=0 tickGapMax=2 renderFrames=121 interpolation=121 extrapolation=0 extrapolationCapped=0 extrapolationMaxMs=0.0 oldestHeld=0 zeroSpan=0 movingFrozen=0 teleport=0 visualStepAvgCm=0.00 visualStepMaxCm=0.00
[rubber-banding][remote-render] time=59.225 frame=5151 entity=2 latestHostTick=1688 buffer=8 windowMs=1008.3 fps=120.0 snapshots=30 arrivalSamples=30 arrivalAvgMs=33.3 arrivalP95Ms=41.7 arrivalMaxMs=41.7 sameArrival=0 tickGapMax=2 renderFrames=121 interpolation=121 extrapolation=0 extrapolationCapped=0 extrapolationMaxMs=0.0 oldestHeld=0 zeroSpan=0 movingFrozen=0 teleport=0 visualStepAvgCm=0.00 visualStepMaxCm=0.00
[rubber-banding][remote-render] time=59.300 frame=5160 entity=4 latestHostTick=1692 buffer=8 windowMs=1008.3 fps=120.0 snapshots=30 arrivalSamples=30 arrivalAvgMs=33.3 arrivalP95Ms=41.7 arrivalMaxMs=41.7 sameArrival=0 tickGapMax=2 renderFrames=121 interpolation=121 extrapolation=0 extrapolationCapped=0 extrapolationMaxMs=0.0 oldestHeld=0 zeroSpan=0 movingFrozen=0 teleport=0 visualStepAvgCm=0.00 visualStepMaxCm=0.00
[rubber-banding][udp-pump] time=59.383 frame=5170 focused=1 windowMs=1008.3 fps=120.0 packets=30 socketAvgMs=33.5 socketP95Ms=37.1 socketMaxMs=43.5 pumpAvgMs=33.6 pumpP95Ms=41.7 pumpMaxMs=41.7 queueDelayAvgMs=7.6 queueDelayP95Ms=8.8 queueDelayMaxMs=9.1 samePump=0 pumpBatchMax=1 queueDepthMax=2 frameMaxMs=8.3
[rubber-banding][remote-render] time=59.725 frame=5211 entity=1 latestHostTick=1718 buffer=8 windowMs=1008.3 fps=120.0 snapshots=30 arrivalSamples=30 arrivalAvgMs=33.3 arrivalP95Ms=33.3 arrivalMaxMs=41.7 sameArrival=0 tickGapMax=2 renderFrames=121 interpolation=121 extrapolation=0 extrapolationCapped=0 extrapolationMaxMs=0.0 oldestHeld=0 zeroSpan=0 movingFrozen=0 teleport=0 visualStepAvgCm=0.00 visualStepMaxCm=0.00
[rubber-banding][remote-render] time=60.233 frame=5272 entity=2 latestHostTick=1748 buffer=8 windowMs=1008.3 fps=120.0 snapshots=30 arrivalSamples=30 arrivalAvgMs=33.1 arrivalP95Ms=33.3 arrivalMaxMs=33.3 sameArrival=0 tickGapMax=2 renderFrames=121 interpolation=121 extrapolation=0 extrapolationCapped=0 extrapolationMaxMs=0.0 oldestHeld=0 zeroSpan=0 movingFrozen=0 teleport=0 visualStepAvgCm=0.00 visualStepMaxCm=0.00
[rubber-banding][remote-render] time=60.308 frame=5280 entity=4 latestHostTick=1754 buffer=8 windowMs=1008.3 fps=119.0 snapshots=31 arrivalSamples=31 arrivalAvgMs=33.1 arrivalP95Ms=33.3 arrivalMaxMs=41.7 sameArrival=0 tickGapMax=2 renderFrames=120 interpolation=120 extrapolation=0 extrapolationCapped=0 extrapolationMaxMs=0.0 oldestHeld=0 zeroSpan=0 movingFrozen=0 teleport=0 visualStepAvgCm=0.00 visualStepMaxCm=0.00
[rubber-banding][udp-pump] time=60.400 frame=5287 focused=0 windowMs=1016.7 fps=115.1 packets=30 socketAvgMs=33.2 socketP95Ms=34.3 socketMaxMs=35.9 pumpAvgMs=33.3 pumpP95Ms=41.7 pumpMaxMs=41.7 queueDelayAvgMs=7.3 queueDelayP95Ms=8.7 queueDelayMaxMs=13.8 samePump=0 pumpBatchMax=1 queueDepthMax=1 frameMaxMs=16.7
[rubber-banding][remote-render] time=60.733 frame=5315 entity=1 latestHostTick=1778 buffer=8 windowMs=1008.3 fps=103.1 snapshots=30 arrivalSamples=30 arrivalAvgMs=33.3 arrivalP95Ms=41.7 arrivalMaxMs=50.0 sameArrival=0 tickGapMax=2 renderFrames=104 interpolation=104 extrapolation=0 extrapolationCapped=0 extrapolationMaxMs=0.0 oldestHeld=0 zeroSpan=0 movingFrozen=0 teleport=0 visualStepAvgCm=0.00 visualStepMaxCm=0.00
[rubber-banding][remote-render] time=61.233 frame=5356 entity=2 latestHostTick=1810 buffer=8 windowMs=1000.1 fps=84.0 snapshots=31 arrivalSamples=31 arrivalAvgMs=33.1 arrivalP95Ms=50.0 arrivalMaxMs=50.0 sameArrival=0 tickGapMax=2 renderFrames=84 interpolation=84 extrapolation=0 extrapolationCapped=0 extrapolationMaxMs=0.0 oldestHeld=0 zeroSpan=0 movingFrozen=0 teleport=0 visualStepAvgCm=0.00 visualStepMaxCm=0.00
[rubber-banding][remote-render] time=61.316 frame=5361 entity=4 latestHostTick=1814 buffer=8 windowMs=1008.4 fps=80.3 snapshots=30 arrivalSamples=30 arrivalAvgMs=33.6 arrivalP95Ms=50.0 arrivalMaxMs=50.0 sameArrival=0 tickGapMax=2 renderFrames=81 interpolation=81 extrapolation=0 extrapolationCapped=0 extrapolationMaxMs=0.0 oldestHeld=0 zeroSpan=0 movingFrozen=0 teleport=0 visualStepAvgCm=0.00 visualStepMaxCm=0.00
[rubber-banding][udp-pump] time=61.400 frame=5367 focused=0 windowMs=1000.1 fps=80.0 packets=30 socketAvgMs=33.3 socketP95Ms=34.1 socketMaxMs=34.2 pumpAvgMs=33.3 pumpP95Ms=50.0 pumpMaxMs=50.0 queueDelayAvgMs=7.8 queueDelayP95Ms=16.0 queueDelayMaxMs=16.3 samePump=0 pumpBatchMax=1 queueDepthMax=2 frameMaxMs=25.0
[rubber-banding][remote-render] time=61.733 frame=5390 entity=1 latestHostTick=1838 buffer=8 windowMs=1000.1 fps=75.0 snapshots=30 arrivalSamples=30 arrivalAvgMs=32.8 arrivalP95Ms=50.0 arrivalMaxMs=50.0 sameArrival=0 tickGapMax=2 renderFrames=75 interpolation=75 extrapolation=0 extrapolationCapped=0 extrapolationMaxMs=0.0 oldestHeld=0 zeroSpan=0 movingFrozen=0 teleport=0 visualStepAvgCm=0.00 visualStepMaxCm=0.00
[rubber-banding][remote-render] time=62.250 frame=5425 entity=2 latestHostTick=1870 buffer=8 windowMs=1016.7 fps=67.9 snapshots=30 arrivalSamples=30 arrivalAvgMs=33.9 arrivalP95Ms=50.0 arrivalMaxMs=50.0 sameArrival=0 tickGapMax=2 renderFrames=69 interpolation=69 extrapolation=0 extrapolationCapped=0 extrapolationMaxMs=0.0 oldestHeld=0 zeroSpan=0 movingFrozen=0 teleport=0 visualStepAvgCm=0.00 visualStepMaxCm=0.00
[rubber-banding][remote-render] time=62.333 frame=5431 entity=4 latestHostTick=1874 buffer=8 windowMs=1016.7 fps=68.9 snapshots=30 arrivalSamples=30 arrivalAvgMs=33.1 arrivalP95Ms=41.7 arrivalMaxMs=50.0 sameArrival=0 tickGapMax=2 renderFrames=70 interpolation=70 extrapolation=0 extrapolationCapped=0 extrapolationMaxMs=0.0 oldestHeld=0 zeroSpan=0 movingFrozen=1 teleport=0 visualStepAvgCm=4.19 visualStepMaxCm=19.61
[rubber-banding][udp-pump] time=62.408 frame=5437 focused=0 windowMs=1008.3 fps=69.4 packets=31 socketAvgMs=33.4 socketP95Ms=34.6 socketMaxMs=34.7 pumpAvgMs=33.1 pumpP95Ms=41.7 pumpMaxMs=50.0 queueDelayAvgMs=9.3 queueDelayP95Ms=15.8 queueDelayMaxMs=16.1 samePump=0 pumpBatchMax=1 queueDepthMax=2 frameMaxMs=25.0
[rubber-banding][remote-render] time=62.741 frame=5462 entity=1 latestHostTick=1900 buffer=8 windowMs=1008.3 fps=71.4 snapshots=31 arrivalSamples=31 arrivalAvgMs=33.6 arrivalP95Ms=41.7 arrivalMaxMs=50.0 sameArrival=0 tickGapMax=2 renderFrames=72 interpolation=72 extrapolation=0 extrapolationCapped=0 extrapolationMaxMs=0.0 oldestHeld=0 zeroSpan=0 movingFrozen=0 teleport=0 visualStepAvgCm=0.00 visualStepMaxCm=0.00
[rubber-banding][remote-render] time=63.266 frame=5501 entity=2 latestHostTick=1930 buffer=8 windowMs=1016.7 fps=74.8 snapshots=30 arrivalSamples=30 arrivalAvgMs=33.3 arrivalP95Ms=41.7 arrivalMaxMs=41.7 sameArrival=0 tickGapMax=2 renderFrames=76 interpolation=76 extrapolation=0 extrapolationCapped=0 extrapolationMaxMs=0.0 oldestHeld=0 zeroSpan=0 movingFrozen=0 teleport=0 visualStepAvgCm=0.00 visualStepMaxCm=0.00
[rubber-banding][remote-render] time=63.350 frame=5507 entity=4 latestHostTick=1936 buffer=8 windowMs=1016.7 fps=74.8 snapshots=31 arrivalSamples=31 arrivalAvgMs=33.6 arrivalP95Ms=41.7 arrivalMaxMs=41.7 sameArrival=0 tickGapMax=2 renderFrames=76 interpolation=76 extrapolation=0 extrapolationCapped=0 extrapolationMaxMs=0.0 oldestHeld=0 zeroSpan=0 movingFrozen=0 teleport=0 visualStepAvgCm=7.61 visualStepMaxCm=15.66
[rubber-banding][udp-pump] time=63.416 frame=5512 focused=0 windowMs=1008.3 fps=74.4 packets=30 socketAvgMs=33.4 socketP95Ms=35.0 socketMaxMs=39.5 pumpAvgMs=33.6 pumpP95Ms=41.7 pumpMaxMs=41.7 queueDelayAvgMs=8.4 queueDelayP95Ms=15.3 queueDelayMaxMs=15.4 samePump=0 pumpBatchMax=1 queueDepthMax=1 frameMaxMs=25.0
[rubber-banding][remote-render] time=63.758 frame=5538 entity=1 latestHostTick=1960 buffer=8 windowMs=1016.7 fps=74.8 snapshots=30 arrivalSamples=30 arrivalAvgMs=33.3 arrivalP95Ms=41.7 arrivalMaxMs=50.0 sameArrival=0 tickGapMax=2 renderFrames=76 interpolation=76 extrapolation=0 extrapolationCapped=0 extrapolationMaxMs=0.0 oldestHeld=0 zeroSpan=0 movingFrozen=0 teleport=0 visualStepAvgCm=0.00 visualStepMaxCm=0.00
[rubber-banding][remote-render] time=64.275 frame=5577 entity=2 latestHostTick=1992 buffer=8 windowMs=1008.3 fps=75.4 snapshots=31 arrivalSamples=31 arrivalAvgMs=33.1 arrivalP95Ms=50.0 arrivalMaxMs=50.0 sameArrival=0 tickGapMax=2 renderFrames=76 interpolation=76 extrapolation=0 extrapolationCapped=0 extrapolationMaxMs=0.0 oldestHeld=0 zeroSpan=0 movingFrozen=0 teleport=0 visualStepAvgCm=0.00 visualStepMaxCm=0.00
[rubber-banding][remote-render] time=64.366 frame=5584 entity=4 latestHostTick=1996 buffer=8 windowMs=1016.7 fps=75.7 snapshots=30 arrivalSamples=30 arrivalAvgMs=32.8 arrivalP95Ms=50.0 arrivalMaxMs=50.0 sameArrival=0 tickGapMax=2 renderFrames=77 interpolation=77 extrapolation=0 extrapolationCapped=0 extrapolationMaxMs=0.0 oldestHeld=0 zeroSpan=0 movingFrozen=10 teleport=0 visualStepAvgCm=2.59 visualStepMaxCm=16.74
[rubber-banding][udp-pump] time=64.425 frame=5589 focused=0 windowMs=1008.3 fps=76.4 packets=30 socketAvgMs=33.4 socketP95Ms=35.4 socketMaxMs=37.5 pumpAvgMs=32.5 pumpP95Ms=50.0 pumpMaxMs=50.0 queueDelayAvgMs=6.4 queueDelayP95Ms=11.8 queueDelayMaxMs=13.1 samePump=0 pumpBatchMax=1 queueDepthMax=2 frameMaxMs=25.0
[rubber-banding][remote-render] time=64.766 frame=5616 entity=1 latestHostTick=2020 buffer=8 windowMs=1008.3 fps=77.4 snapshots=30 arrivalSamples=30 arrivalAvgMs=33.1 arrivalP95Ms=50.0 arrivalMaxMs=50.0 sameArrival=0 tickGapMax=2 renderFrames=78 interpolation=78 extrapolation=0 extrapolationCapped=0 extrapolationMaxMs=0.0 oldestHeld=0 zeroSpan=0 movingFrozen=0 teleport=0 visualStepAvgCm=0.00 visualStepMaxCm=0.00
[rubber-banding][remote-render] time=65.275 frame=5656 entity=2 latestHostTick=2052 buffer=8 windowMs=1000.1 fps=79.0 snapshots=30 arrivalSamples=30 arrivalAvgMs=33.3 arrivalP95Ms=41.7 arrivalMaxMs=50.0 sameArrival=0 tickGapMax=2 renderFrames=79 interpolation=79 extrapolation=0 extrapolationCapped=0 extrapolationMaxMs=0.0 oldestHeld=0 zeroSpan=0 movingFrozen=0 teleport=0 visualStepAvgCm=0.00 visualStepMaxCm=0.00
[rubber-banding][remote-render] time=65.366 frame=5663 entity=4 latestHostTick=2058 buffer=8 windowMs=1000.0 fps=79.0 snapshots=31 arrivalSamples=31 arrivalAvgMs=33.3 arrivalP95Ms=41.7 arrivalMaxMs=50.0 sameArrival=0 tickGapMax=2 renderFrames=79 interpolation=79 extrapolation=0 extrapolationCapped=0 extrapolationMaxMs=0.0 oldestHeld=0 zeroSpan=0 movingFrozen=0 teleport=0 visualStepAvgCm=0.00 visualStepMaxCm=0.00
[rubber-banding][udp-pump] time=65.425 frame=5668 focused=0 windowMs=1000.1 fps=79.0 packets=30 socketAvgMs=33.1 socketP95Ms=36.0 socketMaxMs=40.6 pumpAvgMs=33.6 pumpP95Ms=41.7 pumpMaxMs=50.0 queueDelayAvgMs=5.5 queueDelayP95Ms=14.1 queueDelayMaxMs=16.8 samePump=0 pumpBatchMax=1 queueDepthMax=1 frameMaxMs=25.0
Unloading 4 Unused Serialized files (Serialized files now loaded: 0)
UnloadTime: 28.795900 ms
Unloading 304 unused Assets / (11.0 KB). Loaded Objects now: 23312.
Memory consumption went from 211.7 MB to 211.6 MB.
Total: 11.761300 ms (FindLiveObjects: 1.659700 ms CreateObjectMapping: 1.211400 ms MarkObjects: 8.608400 ms  DeleteObjects: 0.280300 ms)

Unloading 4 Unused Serialized files (Serialized files now loaded: 0)
UnloadTime: 0.405900 ms
Unloading 63 unused Assets / (12.1 KB). Loaded Objects now: 42263.
Memory consumption went from 247.1 MB to 247.1 MB.
Total: 13.885000 ms (FindLiveObjects: 4.387200 ms CreateObjectMapping: 2.692100 ms MarkObjects: 6.590700 ms  DeleteObjects: 0.213500 ms)

[rubber-banding][remote-render] time=67.008 frame=5740 entity=1 latestHostTick=6 buffer=3 windowMs=1008.3 fps=6.0 snapshots=3 arrivalSamples=2 arrivalAvgMs=41.7 arrivalP95Ms=75.0 arrivalMaxMs=75.0 sameArrival=0 tickGapMax=2 renderFrames=6 interpolation=6 extrapolation=0 extrapolationCapped=0 extrapolationMaxMs=0.0 oldestHeld=3 zeroSpan=0 movingFrozen=0 teleport=0 visualStepAvgCm=0.00 visualStepMaxCm=0.00
[rubber-banding][remote-render] time=67.008 frame=5740 entity=2 latestHostTick=6 buffer=3 windowMs=1008.3 fps=6.0 snapshots=3 arrivalSamples=2 arrivalAvgMs=41.7 arrivalP95Ms=75.0 arrivalMaxMs=75.0 sameArrival=0 tickGapMax=2 renderFrames=6 interpolation=6 extrapolation=0 extrapolationCapped=0 extrapolationMaxMs=0.0 oldestHeld=3 zeroSpan=0 movingFrozen=0 teleport=0 visualStepAvgCm=0.00 visualStepMaxCm=0.00
[rubber-banding][remote-render] time=67.008 frame=5740 entity=4 latestHostTick=6 buffer=3 windowMs=1008.3 fps=6.0 snapshots=3 arrivalSamples=2 arrivalAvgMs=41.7 arrivalP95Ms=75.0 arrivalMaxMs=75.0 sameArrival=0 tickGapMax=2 renderFrames=6 interpolation=6 extrapolation=0 extrapolationCapped=0 extrapolationMaxMs=0.0 oldestHeld=3 zeroSpan=0 movingFrozen=0 teleport=0 visualStepAvgCm=0.00 visualStepMaxCm=0.00
[rubber-banding][udp-pump] time=67.852 frame=5797 focused=0 windowMs=1002.1 fps=64.9 packets=28 socketAvgMs=86.7 socketP95Ms=36.6 socketMaxMs=1553.2 pumpAvgMs=87.0 pumpP95Ms=75.0 pumpMaxMs=1516.7 queueDelayAvgMs=10.7 queueDelayP95Ms=16.7 queueDelayMaxMs=16.9 samePump=0 pumpBatchMax=1 queueDepthMax=1 frameMaxMs=50.0
[rubber-banding][remote-render] time=68.011 frame=5806 entity=1 latestHostTick=66 buffer=8 windowMs=1003.1 fps=65.8 snapshots=30 arrivalSamples=30 arrivalAvgMs=32.6 arrivalP95Ms=42.0 arrivalMaxMs=43.6 sameArrival=0 tickGapMax=2 renderFrames=66 interpolation=66 extrapolation=0 extrapolationCapped=0 extrapolationMaxMs=0.0 oldestHeld=0 zeroSpan=0 movingFrozen=0 teleport=0 visualStepAvgCm=0.12 visualStepMaxCm=4.51
[rubber-banding][remote-render] time=68.011 frame=5806 entity=2 latestHostTick=66 buffer=8 windowMs=1003.1 fps=65.8 snapshots=30 arrivalSamples=30 arrivalAvgMs=32.6 arrivalP95Ms=42.0 arrivalMaxMs=43.6 sameArrival=0 tickGapMax=2 renderFrames=66 interpolation=66 extrapolation=0 extrapolationCapped=0 extrapolationMaxMs=0.0 oldestHeld=0 zeroSpan=0 movingFrozen=0 teleport=0 visualStepAvgCm=0.00 visualStepMaxCm=0.00
[rubber-banding][remote-render] time=68.011 frame=5806 entity=4 latestHostTick=66 buffer=8 windowMs=1003.1 fps=65.8 snapshots=30 arrivalSamples=30 arrivalAvgMs=32.6 arrivalP95Ms=42.0 arrivalMaxMs=43.6 sameArrival=0 tickGapMax=2 renderFrames=66 interpolation=66 extrapolation=0 extrapolationCapped=0 extrapolationMaxMs=0.0 oldestHeld=0 zeroSpan=0 movingFrozen=0 teleport=0 visualStepAvgCm=0.00 visualStepMaxCm=0.00
[rubber-banding][udp-pump] time=68.861 frame=5852 focused=0 windowMs=1009.0 fps=54.5 packets=30 socketAvgMs=33.6 socketP95Ms=39.5 socketMaxMs=41.9 pumpAvgMs=33.6 pumpP95Ms=59.2 pumpMaxMs=59.4 queueDelayAvgMs=10.7 queueDelayP95Ms=24.1 queueDelayMaxMs=24.1 samePump=0 pumpBatchMax=1 queueDepthMax=2 frameMaxMs=33.6
[rubber-banding][remote-render] time=69.021 frame=5861 entity=1 latestHostTick=126 buffer=8 windowMs=1009.5 fps=54.5 snapshots=30 arrivalSamples=30 arrivalAvgMs=34.2 arrivalP95Ms=59.2 arrivalMaxMs=59.4 sameArrival=0 tickGapMax=2 renderFrames=55 interpolation=55 extrapolation=0 extrapolationCapped=0 extrapolationMaxMs=0.0 oldestHeld=0 zeroSpan=0 movingFrozen=0 teleport=0 visualStepAvgCm=8.01 visualStepMaxCm=15.72
[rubber-banding][remote-render] time=69.021 frame=5861 entity=2 latestHostTick=126 buffer=8 windowMs=1009.5 fps=54.5 snapshots=30 arrivalSamples=30 arrivalAvgMs=34.2 arrivalP95Ms=59.2 arrivalMaxMs=59.4 sameArrival=0 tickGapMax=2 renderFrames=55 interpolation=55 extrapolation=0 extrapolationCapped=0 extrapolationMaxMs=0.0 oldestHeld=0 zeroSpan=0 movingFrozen=0 teleport=0 visualStepAvgCm=0.00 visualStepMaxCm=0.00
[rubber-banding][remote-render] time=69.021 frame=5861 entity=4 latestHostTick=126 buffer=8 windowMs=1009.5 fps=54.5 snapshots=30 arrivalSamples=30 arrivalAvgMs=34.2 arrivalP95Ms=59.2 arrivalMaxMs=59.4 sameArrival=0 tickGapMax=2 renderFrames=55 interpolation=55 extrapolation=0 extrapolationCapped=0 extrapolationMaxMs=0.0 oldestHeld=0 zeroSpan=0 movingFrozen=0 teleport=0 visualStepAvgCm=0.00 visualStepMaxCm=0.00
[rubber-banding][udp-pump] time=69.877 frame=5909 focused=0 windowMs=1016.3 fps=56.1 packets=31 socketAvgMs=33.3 socketP95Ms=34.9 socketMaxMs=35.4 pumpAvgMs=33.3 pumpP95Ms=50.4 pumpMaxMs=50.7 queueDelayAvgMs=8.4 queueDelayP95Ms=21.8 queueDelayMaxMs=22.5 samePump=0 pumpBatchMax=1 queueDepthMax=2 frameMaxMs=42.1
[rubber-banding][remote-render] time=70.035 frame=5918 entity=1 latestHostTick=188 buffer=8 windowMs=1014.9 fps=56.2 snapshots=31 arrivalSamples=31 arrivalAvgMs=33.3 arrivalP95Ms=50.4 arrivalMaxMs=50.7 sameArrival=0 tickGapMax=2 renderFrames=57 interpolation=57 extrapolation=0 extrapolationCapped=0 extrapolationMaxMs=0.0 oldestHeld=0 zeroSpan=0 movingFrozen=0 teleport=0 visualStepAvgCm=6.74 visualStepMaxCm=17.98
[rubber-banding][remote-render] time=70.035 frame=5918 entity=2 latestHostTick=188 buffer=8 windowMs=1014.9 fps=56.2 snapshots=31 arrivalSamples=31 arrivalAvgMs=33.3 arrivalP95Ms=50.4 arrivalMaxMs=50.7 sameArrival=0 tickGapMax=2 renderFrames=57 interpolation=57 extrapolation=0 extrapolationCapped=0 extrapolationMaxMs=0.0 oldestHeld=0 zeroSpan=0 movingFrozen=0 teleport=0 visualStepAvgCm=0.00 visualStepMaxCm=0.00
[rubber-banding][remote-render] time=70.035 frame=5918 entity=4 latestHostTick=188 buffer=8 windowMs=1014.9 fps=56.2 snapshots=31 arrivalSamples=31 arrivalAvgMs=33.3 arrivalP95Ms=50.4 arrivalMaxMs=50.7 sameArrival=0 tickGapMax=2 renderFrames=57 interpolation=57 extrapolation=0 extrapolationCapped=0 extrapolationMaxMs=0.0 oldestHeld=0 zeroSpan=0 movingFrozen=0 teleport=0 visualStepAvgCm=0.00 visualStepMaxCm=0.00
[rubber-banding][udp-pump] time=70.889 frame=5966 focused=0 windowMs=1012.0 fps=56.3 packets=30 socketAvgMs=33.3 socketP95Ms=34.1 socketMaxMs=34.4 pumpAvgMs=33.2 pumpP95Ms=42.0 pumpMaxMs=42.0 queueDelayAvgMs=7.1 queueDelayP95Ms=14.3 queueDelayMaxMs=23.6 samePump=0 pumpBatchMax=1 queueDepthMax=1 frameMaxMs=33.7
[rubber-banding][remote-render] time=71.039 frame=5975 entity=1 latestHostTick=248 buffer=8 windowMs=1003.7 fps=56.8 snapshots=30 arrivalSamples=30 arrivalAvgMs=33.5 arrivalP95Ms=42.0 arrivalMaxMs=42.0 sameArrival=0 tickGapMax=2 renderFrames=57 interpolation=57 extrapolation=0 extrapolationCapped=0 extrapolationMaxMs=0.0 oldestHeld=0 zeroSpan=0 movingFrozen=0 teleport=0 visualStepAvgCm=7.07 visualStepMaxCm=13.39
[rubber-banding][remote-render] time=71.039 frame=5975 entity=2 latestHostTick=248 buffer=8 windowMs=1003.7 fps=56.8 snapshots=30 arrivalSamples=30 arrivalAvgMs=33.5 arrivalP95Ms=42.0 arrivalMaxMs=42.0 sameArrival=0 tickGapMax=2 renderFrames=57 interpolation=57 extrapolation=0 extrapolationCapped=0 extrapolationMaxMs=0.0 oldestHeld=0 zeroSpan=0 movingFrozen=0 teleport=0 visualStepAvgCm=0.00 visualStepMaxCm=0.00
[rubber-banding][remote-render] time=71.039 frame=5975 entity=4 latestHostTick=248 buffer=8 windowMs=1003.7 fps=56.8 snapshots=30 arrivalSamples=30 arrivalAvgMs=33.5 arrivalP95Ms=42.0 arrivalMaxMs=42.0 sameArrival=0 tickGapMax=2 renderFrames=57 interpolation=57 extrapolation=0 extrapolationCapped=0 extrapolationMaxMs=0.0 oldestHeld=0 zeroSpan=0 movingFrozen=0 teleport=0 visualStepAvgCm=0.00 visualStepMaxCm=0.00
[rubber-banding][udp-pump] time=71.898 frame=6026 focused=0 windowMs=1009.4 fps=59.4 packets=31 socketAvgMs=33.3 socketP95Ms=34.5 socketMaxMs=35.6 pumpAvgMs=33.1 pumpP95Ms=41.8 pumpMaxMs=41.8 queueDelayAvgMs=4.1 queueDelayP95Ms=10.9 queueDelayMaxMs=11.4 samePump=0 pumpBatchMax=1 queueDepthMax=1 frameMaxMs=25.1
[rubber-banding][remote-render] time=72.048 frame=6035 entity=1 latestHostTick=308 buffer=8 windowMs=1008.9 fps=59.5 snapshots=30 arrivalSamples=30 arrivalAvgMs=33.6 arrivalP95Ms=41.8 arrivalMaxMs=41.8 sameArrival=0 tickGapMax=2 renderFrames=60 interpolation=60 extrapolation=0 extrapolationCapped=0 extrapolationMaxMs=0.0 oldestHeld=0 zeroSpan=0 movingFrozen=0 teleport=0 visualStepAvgCm=6.66 visualStepMaxCm=11.40
[rubber-banding][remote-render] time=72.048 frame=6035 entity=2 latestHostTick=308 buffer=8 windowMs=1008.9 fps=59.5 snapshots=30 arrivalSamples=30 arrivalAvgMs=33.6 arrivalP95Ms=41.8 arrivalMaxMs=41.8 sameArrival=0 tickGapMax=2 renderFrames=60 interpolation=60 extrapolation=0 extrapolationCapped=0 extrapolationMaxMs=0.0 oldestHeld=0 zeroSpan=0 movingFrozen=0 teleport=0 visualStepAvgCm=0.00 visualStepMaxCm=0.00
[rubber-banding][remote-render] time=72.048 frame=6035 entity=4 latestHostTick=308 buffer=8 windowMs=1008.9 fps=59.5 snapshots=30 arrivalSamples=30 arrivalAvgMs=33.6 arrivalP95Ms=41.8 arrivalMaxMs=41.8 sameArrival=0 tickGapMax=2 renderFrames=60 interpolation=60 extrapolation=0 extrapolationCapped=0 extrapolationMaxMs=0.0 oldestHeld=0 zeroSpan=0 movingFrozen=0 teleport=0 visualStepAvgCm=0.00 visualStepMaxCm=0.00
[rubber-banding][udp-pump] time=72.905 frame=6085 focused=0 windowMs=1006.6 fps=58.6 packets=30 socketAvgMs=33.4 socketP95Ms=34.2 socketMaxMs=34.5 pumpAvgMs=33.6 pumpP95Ms=41.6 pumpMaxMs=41.6 queueDelayAvgMs=6.6 queueDelayP95Ms=18.7 queueDelayMaxMs=18.8 samePump=0 pumpBatchMax=1 queueDepthMax=2 frameMaxMs=25.0
[rubber-banding][remote-render] time=73.055 frame=6094 entity=1 latestHostTick=368 buffer=8 windowMs=1007.0 fps=58.6 snapshots=30 arrivalSamples=30 arrivalAvgMs=33.0 arrivalP95Ms=33.3 arrivalMaxMs=41.5 sameArrival=0 tickGapMax=2 renderFrames=59 interpolation=59 extrapolation=0 extrapolationCapped=0 extrapolationMaxMs=0.0 oldestHeld=0 zeroSpan=0 movingFrozen=0 teleport=0 visualStepAvgCm=8.80 visualStepMaxCm=17.02
[rubber-banding][remote-render] time=73.055 frame=6094 entity=2 latestHostTick=368 buffer=8 windowMs=1007.0 fps=58.6 snapshots=30 arrivalSamples=30 arrivalAvgMs=33.0 arrivalP95Ms=33.3 arrivalMaxMs=41.5 sameArrival=0 tickGapMax=2 renderFrames=59 interpolation=59 extrapolation=0 extrapolationCapped=0 extrapolationMaxMs=0.0 oldestHeld=0 zeroSpan=0 movingFrozen=0 teleport=0 visualStepAvgCm=0.00 visualStepMaxCm=0.00
[rubber-banding][remote-render] time=73.055 frame=6094 entity=4 latestHostTick=368 buffer=8 windowMs=1007.0 fps=58.6 snapshots=30 arrivalSamples=30 arrivalAvgMs=33.0 arrivalP95Ms=33.3 arrivalMaxMs=41.5 sameArrival=0 tickGapMax=2 renderFrames=59 interpolation=59 extrapolation=0 extrapolationCapped=0 extrapolationMaxMs=0.0 oldestHeld=0 zeroSpan=0 movingFrozen=0 teleport=0 visualStepAvgCm=0.00 visualStepMaxCm=0.00
[rubber-banding][udp-pump] time=73.913 frame=6146 focused=0 windowMs=1008.3 fps=60.5 packets=30 socketAvgMs=33.4 socketP95Ms=34.4 socketMaxMs=34.6 pumpAvgMs=33.6 pumpP95Ms=41.7 pumpMaxMs=41.7 queueDelayAvgMs=4.7 queueDelayP95Ms=10.4 queueDelayMaxMs=18.4 samePump=0 pumpBatchMax=1 queueDepthMax=2 frameMaxMs=25.0
[rubber-banding][remote-render] time=74.063 frame=6155 entity=1 latestHostTick=428 buffer=8 windowMs=1008.3 fps=60.5 snapshots=30 arrivalSamples=30 arrivalAvgMs=33.6 arrivalP95Ms=41.7 arrivalMaxMs=41.7 sameArrival=0 tickGapMax=2 renderFrames=61 interpolation=61 extrapolation=0 extrapolationCapped=0 extrapolationMaxMs=0.0 oldestHeld=0 zeroSpan=0 movingFrozen=0 teleport=0 visualStepAvgCm=6.54 visualStepMaxCm=10.00
[rubber-banding][remote-render] time=74.063 frame=6155 entity=2 latestHostTick=428 buffer=8 windowMs=1008.3 fps=60.5 snapshots=30 arrivalSamples=30 arrivalAvgMs=33.6 arrivalP95Ms=41.7 arrivalMaxMs=41.7 sameArrival=0 tickGapMax=2 renderFrames=61 interpolation=61 extrapolation=0 extrapolationCapped=0 extrapolationMaxMs=0.0 oldestHeld=0 zeroSpan=0 movingFrozen=0 teleport=0 visualStepAvgCm=0.00 visualStepMaxCm=0.00
[rubber-banding][remote-render] time=74.063 frame=6155 entity=4 latestHostTick=428 buffer=8 windowMs=1008.3 fps=60.5 snapshots=30 arrivalSamples=30 arrivalAvgMs=33.6 arrivalP95Ms=41.7 arrivalMaxMs=41.7 sameArrival=0 tickGapMax=2 renderFrames=61 interpolation=61 extrapolation=0 extrapolationCapped=0 extrapolationMaxMs=0.0 oldestHeld=0 zeroSpan=0 movingFrozen=0 teleport=0 visualStepAvgCm=0.00 visualStepMaxCm=0.00
[rubber-banding][udp-pump] time=74.930 frame=6206 focused=0 windowMs=1016.7 fps=59.0 packets=30 socketAvgMs=33.3 socketP95Ms=34.8 socketMaxMs=36.2 pumpAvgMs=33.3 pumpP95Ms=33.3 pumpMaxMs=41.7 queueDelayAvgMs=9.1 queueDelayP95Ms=10.3 queueDelayMaxMs=11.3 samePump=0 pumpBatchMax=1 queueDepthMax=2 frameMaxMs=33.3
[rubber-banding][remote-render] time=75.080 frame=6215 entity=1 latestHostTick=490 buffer=8 windowMs=1016.7 fps=59.0 snapshots=31 arrivalSamples=31 arrivalAvgMs=33.3 arrivalP95Ms=33.3 arrivalMaxMs=41.7 sameArrival=0 tickGapMax=2 renderFrames=60 interpolation=60 extrapolation=0 extrapolationCapped=0 extrapolationMaxMs=0.0 oldestHeld=0 zeroSpan=0 movingFrozen=0 teleport=0 visualStepAvgCm=8.46 visualStepMaxCm=19.07
[rubber-banding][remote-render] time=75.080 frame=6215 entity=2 latestHostTick=490 buffer=8 windowMs=1016.7 fps=59.0 snapshots=31 arrivalSamples=31 arrivalAvgMs=33.3 arrivalP95Ms=33.3 arrivalMaxMs=41.7 sameArrival=0 tickGapMax=2 renderFrames=60 interpolation=60 extrapolation=0 extrapolationCapped=0 extrapolationMaxMs=0.0 oldestHeld=0 zeroSpan=0 movingFrozen=0 teleport=0 visualStepAvgCm=0.00 visualStepMaxCm=0.00
[rubber-banding][remote-render] time=75.080 frame=6215 entity=4 latestHostTick=490 buffer=8 windowMs=1016.7 fps=59.0 snapshots=31 arrivalSamples=31 arrivalAvgMs=33.3 arrivalP95Ms=33.3 arrivalMaxMs=41.7 sameArrival=0 tickGapMax=2 renderFrames=60 interpolation=60 extrapolation=0 extrapolationCapped=0 extrapolationMaxMs=0.0 oldestHeld=0 zeroSpan=0 movingFrozen=0 teleport=0 visualStepAvgCm=0.00 visualStepMaxCm=0.00
[rubber-banding][udp-pump] time=75.931 frame=6266 focused=0 windowMs=1001.0 fps=59.9 packets=30 socketAvgMs=33.4 socketP95Ms=36.0 socketMaxMs=37.2 pumpAvgMs=33.4 pumpP95Ms=41.8 pumpMaxMs=41.8 queueDelayAvgMs=9.0 queueDelayP95Ms=9.9 queueDelayMaxMs=10.1 samePump=0 pumpBatchMax=1 queueDepthMax=1 frameMaxMs=25.0
[rubber-banding][remote-render] time=76.081 frame=6275 entity=1 latestHostTick=550 buffer=8 windowMs=1001.2 fps=59.9 snapshots=30 arrivalSamples=30 arrivalAvgMs=33.4 arrivalP95Ms=41.8 arrivalMaxMs=41.8 sameArrival=0 tickGapMax=2 renderFrames=60 interpolation=60 extrapolation=0 extrapolationCapped=0 extrapolationMaxMs=0.0 oldestHeld=0 zeroSpan=0 movingFrozen=0 teleport=0 visualStepAvgCm=6.68 visualStepMaxCm=10.01
[rubber-banding][remote-render] time=76.081 frame=6275 entity=2 latestHostTick=550 buffer=8 windowMs=1001.2 fps=59.9 snapshots=30 arrivalSamples=30 arrivalAvgMs=33.4 arrivalP95Ms=41.8 arrivalMaxMs=41.8 sameArrival=0 tickGapMax=2 renderFrames=60 interpolation=60 extrapolation=0 extrapolationCapped=0 extrapolationMaxMs=0.0 oldestHeld=0 zeroSpan=0 movingFrozen=0 teleport=0 visualStepAvgCm=0.00 visualStepMaxCm=0.00
[rubber-banding][remote-render] time=76.081 frame=6275 entity=4 latestHostTick=550 buffer=8 windowMs=1001.2 fps=59.9 snapshots=30 arrivalSamples=30 arrivalAvgMs=33.4 arrivalP95Ms=41.8 arrivalMaxMs=41.8 sameArrival=0 tickGapMax=2 renderFrames=60 interpolation=60 extrapolation=0 extrapolationCapped=0 extrapolationMaxMs=0.0 oldestHeld=0 zeroSpan=0 movingFrozen=0 teleport=0 visualStepAvgCm=0.00 visualStepMaxCm=0.00
[rubber-banding][udp-pump] time=76.940 frame=6326 focused=0 windowMs=1009.1 fps=59.5 packets=31 socketAvgMs=33.4 socketP95Ms=35.0 socketMaxMs=35.6 pumpAvgMs=33.1 pumpP95Ms=50.0 pumpMaxMs=55.9 queueDelayAvgMs=6.3 queueDelayP95Ms=16.5 queueDelayMaxMs=16.6 samePump=0 pumpBatchMax=1 queueDepthMax=1 frameMaxMs=25.0
[rubber-banding][remote-render] time=77.099 frame=6335 entity=1 latestHostTick=610 buffer=8 windowMs=1018.1 fps=58.9 snapshots=30 arrivalSamples=30 arrivalAvgMs=32.8 arrivalP95Ms=50.0 arrivalMaxMs=55.9 sameArrival=0 tickGapMax=2 renderFrames=60 interpolation=60 extrapolation=0 extrapolationCapped=0 extrapolationMaxMs=0.0 oldestHeld=0 zeroSpan=0 movingFrozen=0 teleport=0 visualStepAvgCm=7.43 visualStepMaxCm=16.05
[rubber-banding][remote-render] time=77.099 frame=6335 entity=2 latestHostTick=610 buffer=8 windowMs=1018.1 fps=58.9 snapshots=30 arrivalSamples=30 arrivalAvgMs=32.8 arrivalP95Ms=50.0 arrivalMaxMs=55.9 sameArrival=0 tickGapMax=2 renderFrames=60 interpolation=60 extrapolation=0 extrapolationCapped=0 extrapolationMaxMs=0.0 oldestHeld=0 zeroSpan=0 movingFrozen=0 teleport=0 visualStepAvgCm=0.00 visualStepMaxCm=0.00
[rubber-banding][remote-render] time=77.099 frame=6335 entity=4 latestHostTick=610 buffer=8 windowMs=1018.1 fps=58.9 snapshots=30 arrivalSamples=30 arrivalAvgMs=32.8 arrivalP95Ms=50.0 arrivalMaxMs=55.9 sameArrival=0 tickGapMax=2 renderFrames=60 interpolation=60 extrapolation=0 extrapolationCapped=0 extrapolationMaxMs=0.0 oldestHeld=0 zeroSpan=0 movingFrozen=0 teleport=0 visualStepAvgCm=0.00 visualStepMaxCm=0.00
[rubber-banding][udp-pump] time=77.950 frame=6386 focused=0 windowMs=1010.0 fps=59.4 packets=30 socketAvgMs=32.9 socketP95Ms=35.1 socketMaxMs=36.9 pumpAvgMs=32.8 pumpP95Ms=50.2 pumpMaxMs=58.5 queueDelayAvgMs=8.5 queueDelayP95Ms=22.8 queueDelayMaxMs=24.0 samePump=0 pumpBatchMax=1 queueDepthMax=2 frameMaxMs=33.4
[rubber-banding][remote-render] time=78.100 frame=6395 entity=1 latestHostTick=672 buffer=8 windowMs=1000.8 fps=60.0 snapshots=31 arrivalSamples=31 arrivalAvgMs=33.4 arrivalP95Ms=50.2 arrivalMaxMs=58.5 sameArrival=0 tickGapMax=2 renderFrames=60 interpolation=60 extrapolation=0 extrapolationCapped=0 extrapolationMaxMs=0.0 oldestHeld=0 zeroSpan=0 movingFrozen=0 teleport=0 visualStepAvgCm=6.07 visualStepMaxCm=16.11
[rubber-banding][remote-render] time=78.100 frame=6395 entity=2 latestHostTick=672 buffer=8 windowMs=1000.8 fps=60.0 snapshots=31 arrivalSamples=31 arrivalAvgMs=33.4 arrivalP95Ms=50.2 arrivalMaxMs=58.5 sameArrival=0 tickGapMax=2 renderFrames=60 interpolation=60 extrapolation=0 extrapolationCapped=0 extrapolationMaxMs=0.0 oldestHeld=0 zeroSpan=0 movingFrozen=0 teleport=0 visualStepAvgCm=0.00 visualStepMaxCm=0.00
[rubber-banding][remote-render] time=78.100 frame=6395 entity=4 latestHostTick=672 buffer=8 windowMs=1000.8 fps=60.0 snapshots=31 arrivalSamples=31 arrivalAvgMs=33.4 arrivalP95Ms=50.2 arrivalMaxMs=58.5 sameArrival=0 tickGapMax=2 renderFrames=60 interpolation=60 extrapolation=0 extrapolationCapped=0 extrapolationMaxMs=0.0 oldestHeld=0 zeroSpan=0 movingFrozen=0 teleport=0 visualStepAvgCm=0.00 visualStepMaxCm=0.00
[rubber-banding][udp-pump] time=78.966 frame=6447 focused=0 windowMs=1016.0 fps=60.0 packets=31 socketAvgMs=33.3 socketP95Ms=34.1 socketMaxMs=34.6 pumpAvgMs=33.6 pumpP95Ms=41.7 pumpMaxMs=41.7 queueDelayAvgMs=7.0 queueDelayP95Ms=8.1 queueDelayMaxMs=21.7 samePump=0 pumpBatchMax=1 queueDepthMax=1 frameMaxMs=25.0
[rubber-banding][remote-render] time=79.116 frame=6456 entity=1 latestHostTick=732 buffer=8 windowMs=1015.9 fps=60.0 snapshots=30 arrivalSamples=30 arrivalAvgMs=33.3 arrivalP95Ms=41.7 arrivalMaxMs=50.0 sameArrival=0 tickGapMax=2 renderFrames=61 interpolation=61 extrapolation=0 extrapolationCapped=0 extrapolationMaxMs=0.0 oldestHeld=0 zeroSpan=0 movingFrozen=0 teleport=0 visualStepAvgCm=10.18 visualStepMaxCm=22.90
[rubber-banding][remote-render] time=79.116 frame=6456 entity=2 latestHostTick=732 buffer=8 windowMs=1015.9 fps=60.0 snapshots=30 arrivalSamples=30 arrivalAvgMs=33.3 arrivalP95Ms=41.7 arrivalMaxMs=50.0 sameArrival=0 tickGapMax=2 renderFrames=61 interpolation=61 extrapolation=0 extrapolationCapped=0 extrapolationMaxMs=0.0 oldestHeld=0 zeroSpan=0 movingFrozen=0 teleport=0 visualStepAvgCm=0.00 visualStepMaxCm=0.00
[rubber-banding][remote-render] time=79.116 frame=6456 entity=4 latestHostTick=732 buffer=8 windowMs=1015.9 fps=60.0 snapshots=30 arrivalSamples=30 arrivalAvgMs=33.3 arrivalP95Ms=41.7 arrivalMaxMs=50.0 sameArrival=0 tickGapMax=2 renderFrames=61 interpolation=61 extrapolation=0 extrapolationCapped=0 extrapolationMaxMs=0.0 oldestHeld=0 zeroSpan=0 movingFrozen=0 teleport=0 visualStepAvgCm=0.00 visualStepMaxCm=0.00
[rubber-banding][udp-pump] time=79.983 frame=6508 focused=0 windowMs=1016.6 fps=60.0 packets=30 socketAvgMs=33.3 socketP95Ms=34.3 socketMaxMs=34.3 pumpAvgMs=33.3 pumpP95Ms=41.7 pumpMaxMs=50.0 queueDelayAvgMs=6.6 queueDelayP95Ms=7.2 queueDelayMaxMs=21.4 samePump=0 pumpBatchMax=1 queueDepthMax=2 frameMaxMs=16.7
[rubber-banding][remote-render] time=80.124 frame=6517 entity=1 latestHostTick=794 buffer=8 windowMs=1008.3 fps=60.5 snapshots=31 arrivalSamples=31 arrivalAvgMs=33.1 arrivalP95Ms=41.7 arrivalMaxMs=41.7 sameArrival=0 tickGapMax=2 renderFrames=61 interpolation=61 extrapolation=0 extrapolationCapped=0 extrapolationMaxMs=0.0 oldestHeld=0 zeroSpan=0 movingFrozen=0 teleport=0 visualStepAvgCm=5.68 visualStepMaxCm=26.22
[rubber-banding][large-step] time=80.124 frame=6517 focused=0 entity=1 buffer=8 count=1 maxStepCm=26.22 fromTick=730 toTick=732 tickSpan=2 receivedSpanMs=50.0 t=0.067 renderOffsetMs=-46.7 teleport=0 previous=(0.587, 0.008, 5.103) rendered=(0.482, 0.008, 4.863)
[rubber-banding][remote-render] time=80.124 frame=6517 entity=2 latestHostTick=794 buffer=8 windowMs=1008.3 fps=60.5 snapshots=31 arrivalSamples=31 arrivalAvgMs=33.1 arrivalP95Ms=41.7 arrivalMaxMs=41.7 sameArrival=0 tickGapMax=2 renderFrames=61 interpolation=61 extrapolation=0 extrapolationCapped=0 extrapolationMaxMs=0.0 oldestHeld=0 zeroSpan=0 movingFrozen=0 teleport=0 visualStepAvgCm=0.00 visualStepMaxCm=0.00
[rubber-banding][remote-render] time=80.124 frame=6517 entity=4 latestHostTick=794 buffer=8 windowMs=1008.3 fps=60.5 snapshots=31 arrivalSamples=31 arrivalAvgMs=33.1 arrivalP95Ms=41.7 arrivalMaxMs=41.7 sameArrival=0 tickGapMax=2 renderFrames=61 interpolation=61 extrapolation=0 extrapolationCapped=0 extrapolationMaxMs=0.0 oldestHeld=0 zeroSpan=0 movingFrozen=0 teleport=0 visualStepAvgCm=0.00 visualStepMaxCm=0.00
[rubber-banding][udp-pump] time=80.999 frame=6569 focused=0 windowMs=1016.7 fps=60.0 packets=31 socketAvgMs=33.4 socketP95Ms=34.2 socketMaxMs=34.7 pumpAvgMs=33.3 pumpP95Ms=41.7 pumpMaxMs=41.7 queueDelayAvgMs=6.3 queueDelayP95Ms=7.3 queueDelayMaxMs=9.9 samePump=0 pumpBatchMax=1 queueDepthMax=1 frameMaxMs=16.7
[rubber-banding][remote-render] time=81.124 frame=6577 entity=1 latestHostTick=852 buffer=8 windowMs=1000.0 fps=60.0 snapshots=29 arrivalSamples=29 arrivalAvgMs=33.9 arrivalP95Ms=41.7 arrivalMaxMs=41.7 sameArrival=0 tickGapMax=2 renderFrames=60 interpolation=60 extrapolation=0 extrapolationCapped=0 extrapolationMaxMs=0.0 oldestHeld=0 zeroSpan=0 movingFrozen=0 teleport=0 visualStepAvgCm=7.24 visualStepMaxCm=11.17
[rubber-banding][remote-render] time=81.124 frame=6577 entity=2 latestHostTick=852 buffer=8 windowMs=1000.0 fps=60.0 snapshots=29 arrivalSamples=29 arrivalAvgMs=33.9 arrivalP95Ms=41.7 arrivalMaxMs=41.7 sameArrival=0 tickGapMax=2 renderFrames=60 interpolation=60 extrapolation=0 extrapolationCapped=0 extrapolationMaxMs=0.0 oldestHeld=0 zeroSpan=0 movingFrozen=0 teleport=0 visualStepAvgCm=0.00 visualStepMaxCm=0.00
[rubber-banding][remote-render] time=81.124 frame=6577 entity=4 latestHostTick=852 buffer=8 windowMs=1000.0 fps=60.0 snapshots=29 arrivalSamples=29 arrivalAvgMs=33.9 arrivalP95Ms=41.7 arrivalMaxMs=41.7 sameArrival=0 tickGapMax=2 renderFrames=60 interpolation=60 extrapolation=0 extrapolationCapped=0 extrapolationMaxMs=0.0 oldestHeld=0 zeroSpan=0 movingFrozen=0 teleport=0 visualStepAvgCm=0.00 visualStepMaxCm=0.00
[rubber-banding][udp-pump] time=82.016 frame=6630 focused=0 windowMs=1016.7 fps=60.0 packets=30 socketAvgMs=33.3 socketP95Ms=34.4 socketMaxMs=34.4 pumpAvgMs=33.3 pumpP95Ms=41.7 pumpMaxMs=41.7 queueDelayAvgMs=9.2 queueDelayP95Ms=15.3 queueDelayMaxMs=15.6 samePump=0 pumpBatchMax=1 queueDepthMax=2 frameMaxMs=16.7
[rubber-banding][remote-render] time=82.133 frame=6637 entity=1 latestHostTick=914 buffer=8 windowMs=1008.3 fps=59.5 snapshots=31 arrivalSamples=31 arrivalAvgMs=33.1 arrivalP95Ms=41.7 arrivalMaxMs=41.7 sameArrival=0 tickGapMax=2 renderFrames=60 interpolation=60 extrapolation=0 extrapolationCapped=0 extrapolationMaxMs=0.0 oldestHeld=0 zeroSpan=0 movingFrozen=0 teleport=0 visualStepAvgCm=7.42 visualStepMaxCm=11.79
[rubber-banding][remote-render] time=82.133 frame=6637 entity=2 latestHostTick=914 buffer=8 windowMs=1008.3 fps=59.5 snapshots=31 arrivalSamples=31 arrivalAvgMs=33.1 arrivalP95Ms=41.7 arrivalMaxMs=41.7 sameArrival=0 tickGapMax=2 renderFrames=60 interpolation=60 extrapolation=0 extrapolationCapped=0 extrapolationMaxMs=0.0 oldestHeld=0 zeroSpan=0 movingFrozen=0 teleport=0 visualStepAvgCm=0.00 visualStepMaxCm=0.00
[rubber-banding][remote-render] time=82.133 frame=6637 entity=4 latestHostTick=914 buffer=8 windowMs=1008.3 fps=59.5 snapshots=31 arrivalSamples=31 arrivalAvgMs=33.1 arrivalP95Ms=41.7 arrivalMaxMs=41.7 sameArrival=0 tickGapMax=2 renderFrames=60 interpolation=60 extrapolation=0 extrapolationCapped=0 extrapolationMaxMs=0.0 oldestHeld=0 zeroSpan=0 movingFrozen=0 teleport=0 visualStepAvgCm=0.00 visualStepMaxCm=0.00
[rubber-banding][udp-pump] time=83.033 frame=6691 focused=0 windowMs=1016.7 fps=60.0 packets=31 socketAvgMs=33.3 socketP95Ms=34.7 socketMaxMs=37.4 pumpAvgMs=33.3 pumpP95Ms=41.7 pumpMaxMs=41.7 queueDelayAvgMs=5.8 queueDelayP95Ms=6.9 queueDelayMaxMs=7.1 samePump=0 pumpBatchMax=1 queueDepthMax=1 frameMaxMs=16.7
[rubber-banding][remote-render] time=83.141 frame=6698 entity=1 latestHostTick=974 buffer=8 windowMs=1008.3 fps=60.5 snapshots=30 arrivalSamples=30 arrivalAvgMs=33.3 arrivalP95Ms=41.7 arrivalMaxMs=41.7 sameArrival=0 tickGapMax=2 renderFrames=61 interpolation=61 extrapolation=0 extrapolationCapped=0 extrapolationMaxMs=0.0 oldestHeld=0 zeroSpan=0 movingFrozen=0 teleport=0 visualStepAvgCm=7.27 visualStepMaxCm=11.16
[rubber-banding][remote-render] time=83.141 frame=6698 entity=2 latestHostTick=974 buffer=8 windowMs=1008.3 fps=60.5 snapshots=30 arrivalSamples=30 arrivalAvgMs=33.3 arrivalP95Ms=41.7 arrivalMaxMs=41.7 sameArrival=0 tickGapMax=2 renderFrames=61 interpolation=61 extrapolation=0 extrapolationCapped=0 extrapolationMaxMs=0.0 oldestHeld=0 zeroSpan=0 movingFrozen=0 teleport=0 visualStepAvgCm=0.00 visualStepMaxCm=0.00
[rubber-banding][remote-render] time=83.141 frame=6698 entity=4 latestHostTick=974 buffer=8 windowMs=1008.3 fps=60.5 snapshots=30 arrivalSamples=30 arrivalAvgMs=33.3 arrivalP95Ms=41.7 arrivalMaxMs=41.7 sameArrival=0 tickGapMax=2 renderFrames=61 interpolation=61 extrapolation=0 extrapolationCapped=0 extrapolationMaxMs=0.0 oldestHeld=0 zeroSpan=0 movingFrozen=0 teleport=0 visualStepAvgCm=0.00 visualStepMaxCm=0.00
[rubber-banding][udp-pump] time=84.041 frame=6752 focused=0 windowMs=1008.3 fps=60.5 packets=30 socketAvgMs=33.4 socketP95Ms=34.1 socketMaxMs=37.6 pumpAvgMs=33.6 pumpP95Ms=41.7 pumpMaxMs=41.7 queueDelayAvgMs=5.9 queueDelayP95Ms=10.1 queueDelayMaxMs=21.2 samePump=0 pumpBatchMax=1 queueDepthMax=2 frameMaxMs=25.0
[rubber-banding][remote-render] time=84.149 frame=6758 entity=1 latestHostTick=1034 buffer=8 windowMs=1008.3 fps=59.5 snapshots=30 arrivalSamples=30 arrivalAvgMs=33.3 arrivalP95Ms=41.7 arrivalMaxMs=41.7 sameArrival=0 tickGapMax=2 renderFrames=60 interpolation=60 extrapolation=0 extrapolationCapped=0 extrapolationMaxMs=0.0 oldestHeld=0 zeroSpan=0 movingFrozen=0 teleport=0 visualStepAvgCm=7.83 visualStepMaxCm=15.34
[rubber-banding][remote-render] time=84.149 frame=6758 entity=2 latestHostTick=1034 buffer=8 windowMs=1008.3 fps=59.5 snapshots=30 arrivalSamples=30 arrivalAvgMs=33.3 arrivalP95Ms=41.7 arrivalMaxMs=41.7 sameArrival=0 tickGapMax=2 renderFrames=60 interpolation=60 extrapolation=0 extrapolationCapped=0 extrapolationMaxMs=0.0 oldestHeld=0 zeroSpan=0 movingFrozen=0 teleport=0 visualStepAvgCm=0.00 visualStepMaxCm=0.00
[rubber-banding][remote-render] time=84.149 frame=6758 entity=4 latestHostTick=1034 buffer=8 windowMs=1008.3 fps=59.5 snapshots=30 arrivalSamples=30 arrivalAvgMs=33.3 arrivalP95Ms=41.7 arrivalMaxMs=41.7 sameArrival=0 tickGapMax=2 renderFrames=60 interpolation=60 extrapolation=0 extrapolationCapped=0 extrapolationMaxMs=0.0 oldestHeld=0 zeroSpan=0 movingFrozen=0 teleport=0 visualStepAvgCm=0.00 visualStepMaxCm=0.00
[rubber-banding][udp-pump] time=85.049 frame=6812 focused=0 windowMs=1008.3 fps=59.5 packets=30 socketAvgMs=33.4 socketP95Ms=34.4 socketMaxMs=36.4 pumpAvgMs=33.1 pumpP95Ms=33.3 pumpMaxMs=33.3 queueDelayAvgMs=4.4 queueDelayP95Ms=5.1 queueDelayMaxMs=5.2 samePump=0 pumpBatchMax=1 queueDepthMax=2 frameMaxMs=25.0
[rubber-banding][remote-render] time=85.166 frame=6819 entity=1 latestHostTick=1096 buffer=8 windowMs=1016.7 fps=60.0 snapshots=31 arrivalSamples=31 arrivalAvgMs=33.3 arrivalP95Ms=33.3 arrivalMaxMs=33.3 sameArrival=0 tickGapMax=2 renderFrames=61 interpolation=61 extrapolation=0 extrapolationCapped=0 extrapolationMaxMs=0.0 oldestHeld=0 zeroSpan=0 movingFrozen=0 teleport=0 visualStepAvgCm=7.25 visualStepMaxCm=11.66
[rubber-banding][remote-render] time=85.166 frame=6819 entity=2 latestHostTick=1096 buffer=8 windowMs=1016.7 fps=60.0 snapshots=31 arrivalSamples=31 arrivalAvgMs=33.3 arrivalP95Ms=33.3 arrivalMaxMs=33.3 sameArrival=0 tickGapMax=2 renderFrames=61 interpolation=61 extrapolation=0 extrapolationCapped=0 extrapolationMaxMs=0.0 oldestHeld=0 zeroSpan=0 movingFrozen=0 teleport=0 visualStepAvgCm=0.00 visualStepMaxCm=0.00
[rubber-banding][remote-render] time=85.166 frame=6819 entity=4 latestHostTick=1096 buffer=8 windowMs=1016.7 fps=60.0 snapshots=31 arrivalSamples=31 arrivalAvgMs=33.3 arrivalP95Ms=33.3 arrivalMaxMs=33.3 sameArrival=0 tickGapMax=2 renderFrames=61 interpolation=61 extrapolation=0 extrapolationCapped=0 extrapolationMaxMs=0.0 oldestHeld=0 zeroSpan=0 movingFrozen=0 teleport=0 visualStepAvgCm=0.00 visualStepMaxCm=0.00
[rubber-banding][udp-pump] time=86.058 frame=6873 focused=0 windowMs=1008.3 fps=60.5 packets=31 socketAvgMs=33.3 socketP95Ms=34.3 socketMaxMs=36.6 pumpAvgMs=33.1 pumpP95Ms=41.7 pumpMaxMs=41.7 queueDelayAvgMs=4.0 queueDelayP95Ms=4.8 queueDelayMaxMs=5.1 samePump=0 pumpBatchMax=1 queueDepthMax=2 frameMaxMs=25.0
[rubber-banding][remote-render] time=86.166 frame=6879 entity=1 latestHostTick=1156 buffer=8 windowMs=1000.0 fps=60.0 snapshots=30 arrivalSamples=30 arrivalAvgMs=33.3 arrivalP95Ms=41.7 arrivalMaxMs=41.7 sameArrival=0 tickGapMax=2 renderFrames=60 interpolation=60 extrapolation=0 extrapolationCapped=0 extrapolationMaxMs=0.0 oldestHeld=0 zeroSpan=0 movingFrozen=0 teleport=0 visualStepAvgCm=3.10 visualStepMaxCm=14.96
[rubber-banding][remote-render] time=86.166 frame=6879 entity=2 latestHostTick=1156 buffer=8 windowMs=1000.0 fps=60.0 snapshots=30 arrivalSamples=30 arrivalAvgMs=33.3 arrivalP95Ms=41.7 arrivalMaxMs=41.7 sameArrival=0 tickGapMax=2 renderFrames=60 interpolation=60 extrapolation=0 extrapolationCapped=0 extrapolationMaxMs=0.0 oldestHeld=0 zeroSpan=0 movingFrozen=0 teleport=0 visualStepAvgCm=0.00 visualStepMaxCm=0.00
[rubber-banding][remote-render] time=86.166 frame=6879 entity=4 latestHostTick=1156 buffer=8 windowMs=1000.0 fps=60.0 snapshots=30 arrivalSamples=30 arrivalAvgMs=33.3 arrivalP95Ms=41.7 arrivalMaxMs=41.7 sameArrival=0 tickGapMax=2 renderFrames=60 interpolation=60 extrapolation=0 extrapolationCapped=0 extrapolationMaxMs=0.0 oldestHeld=0 zeroSpan=0 movingFrozen=0 teleport=0 visualStepAvgCm=0.00 visualStepMaxCm=0.00
[rubber-banding][udp-pump] time=87.062 frame=6931 focused=0 windowMs=1004.9 fps=57.7 packets=29 socketAvgMs=33.4 socketP95Ms=44.4 socketMaxMs=81.5 pumpAvgMs=32.6 pumpP95Ms=50.3 pumpMaxMs=83.4 queueDelayAvgMs=6.0 queueDelayP95Ms=18.4 queueDelayMaxMs=23.2 samePump=2 pumpBatchMax=3 queueDepthMax=3 frameMaxMs=50.3
[rubber-banding][remote-render] time=87.204 frame=6938 entity=1 latestHostTick=1218 buffer=8 windowMs=1038.3 fps=56.8 snapshots=31 arrivalSamples=31 arrivalAvgMs=33.5 arrivalP95Ms=66.7 arrivalMaxMs=83.4 sameArrival=2 tickGapMax=2 renderFrames=59 interpolation=59 extrapolation=0 extrapolationCapped=0 extrapolationMaxMs=0.0 oldestHeld=0 zeroSpan=0 movingFrozen=0 teleport=0 visualStepAvgCm=0.00 visualStepMaxCm=0.00
[rubber-banding][remote-render] time=87.204 frame=6938 entity=2 latestHostTick=1218 buffer=8 windowMs=1038.3 fps=56.8 snapshots=31 arrivalSamples=31 arrivalAvgMs=33.5 arrivalP95Ms=66.7 arrivalMaxMs=83.4 sameArrival=2 tickGapMax=2 renderFrames=59 interpolation=59 extrapolation=0 extrapolationCapped=0 extrapolationMaxMs=0.0 oldestHeld=0 zeroSpan=0 movingFrozen=0 teleport=0 visualStepAvgCm=0.00 visualStepMaxCm=0.00
[rubber-banding][remote-render] time=87.204 frame=6938 entity=4 latestHostTick=1218 buffer=8 windowMs=1038.3 fps=56.8 snapshots=31 arrivalSamples=31 arrivalAvgMs=33.5 arrivalP95Ms=66.7 arrivalMaxMs=83.4 sameArrival=2 tickGapMax=2 renderFrames=59 interpolation=59 extrapolation=0 extrapolationCapped=0 extrapolationMaxMs=0.0 oldestHeld=0 zeroSpan=0 movingFrozen=0 teleport=0 visualStepAvgCm=0.00 visualStepMaxCm=0.00
[rubber-banding][udp-pump] time=88.079 frame=6979 focused=0 windowMs=1016.7 fps=47.2 packets=31 socketAvgMs=33.8 socketP95Ms=52.8 socketMaxMs=53.3 pumpAvgMs=34.7 pumpP95Ms=66.7 pumpMaxMs=75.0 queueDelayAvgMs=8.3 queueDelayP95Ms=22.9 queueDelayMaxMs=25.0 samePump=2 pumpBatchMax=2 queueDepthMax=2 frameMaxMs=75.0
[rubber-banding][remote-render] time=88.229 frame=6986 entity=1 latestHostTick=1278 buffer=8 windowMs=1025.0 fps=46.8 snapshots=30 arrivalSamples=30 arrivalAvgMs=33.3 arrivalP95Ms=66.7 arrivalMaxMs=75.0 sameArrival=2 tickGapMax=2 renderFrames=48 interpolation=48 extrapolation=0 extrapolationCapped=0 extrapolationMaxMs=0.0 oldestHeld=0 zeroSpan=0 movingFrozen=0 teleport=0 visualStepAvgCm=0.00 visualStepMaxCm=0.00
[rubber-banding][remote-render] time=88.229 frame=6986 entity=2 latestHostTick=1278 buffer=8 windowMs=1025.0 fps=46.8 snapshots=30 arrivalSamples=30 arrivalAvgMs=33.3 arrivalP95Ms=66.7 arrivalMaxMs=75.0 sameArrival=2 tickGapMax=2 renderFrames=48 interpolation=48 extrapolation=0 extrapolationCapped=0 extrapolationMaxMs=0.0 oldestHeld=0 zeroSpan=0 movingFrozen=0 teleport=0 visualStepAvgCm=6.87 visualStepMaxCm=21.62
[rubber-banding][remote-render] time=88.229 frame=6986 entity=4 latestHostTick=1278 buffer=8 windowMs=1025.0 fps=46.8 snapshots=30 arrivalSamples=30 arrivalAvgMs=33.3 arrivalP95Ms=66.7 arrivalMaxMs=75.0 sameArrival=2 tickGapMax=2 renderFrames=48 interpolation=48 extrapolation=0 extrapolationCapped=0 extrapolationMaxMs=0.0 oldestHeld=0 zeroSpan=0 movingFrozen=0 teleport=0 visualStepAvgCm=0.00 visualStepMaxCm=0.00
[rubber-banding][udp-pump] time=89.087 frame=7027 focused=0 windowMs=1008.3 fps=47.6 packets=31 socketAvgMs=32.8 socketP95Ms=49.0 socketMaxMs=51.3 pumpAvgMs=32.5 pumpP95Ms=66.7 pumpMaxMs=75.0 queueDelayAvgMs=9.5 queueDelayP95Ms=20.4 queueDelayMaxMs=21.9 samePump=1 pumpBatchMax=2 queueDepthMax=2 frameMaxMs=33.3
[rubber-banding][remote-render] time=89.246 frame=7034 entity=1 latestHostTick=1340 buffer=8 windowMs=1016.7 fps=47.2 snapshots=31 arrivalSamples=31 arrivalAvgMs=33.6 arrivalP95Ms=66.7 arrivalMaxMs=75.0 sameArrival=1 tickGapMax=2 renderFrames=48 interpolation=48 extrapolation=0 extrapolationCapped=0 extrapolationMaxMs=0.0 oldestHeld=0 zeroSpan=0 movingFrozen=0 teleport=0 visualStepAvgCm=0.00 visualStepMaxCm=0.00
[rubber-banding][remote-render] time=89.246 frame=7034 entity=2 latestHostTick=1340 buffer=8 windowMs=1016.7 fps=47.2 snapshots=31 arrivalSamples=31 arrivalAvgMs=33.6 arrivalP95Ms=66.7 arrivalMaxMs=75.0 sameArrival=1 tickGapMax=2 renderFrames=48 interpolation=48 extrapolation=0 extrapolationCapped=0 extrapolationMaxMs=0.0 oldestHeld=0 zeroSpan=0 movingFrozen=0 teleport=0 visualStepAvgCm=8.29 visualStepMaxCm=18.62
[rubber-banding][remote-render] time=89.246 frame=7034 entity=4 latestHostTick=1340 buffer=8 windowMs=1016.7 fps=47.2 snapshots=31 arrivalSamples=31 arrivalAvgMs=33.6 arrivalP95Ms=66.7 arrivalMaxMs=75.0 sameArrival=1 tickGapMax=2 renderFrames=48 interpolation=48 extrapolation=0 extrapolationCapped=0 extrapolationMaxMs=0.0 oldestHeld=0 zeroSpan=0 movingFrozen=0 teleport=0 visualStepAvgCm=0.00 visualStepMaxCm=0.00
[rubber-banding][udp-pump] time=90.096 frame=7073 focused=0 windowMs=1008.3 fps=45.6 packets=30 socketAvgMs=33.3 socketP95Ms=49.0 socketMaxMs=49.4 pumpAvgMs=33.6 pumpP95Ms=50.0 pumpMaxMs=50.0 queueDelayAvgMs=11.2 queueDelayP95Ms=21.3 queueDelayMaxMs=24.7 samePump=1 pumpBatchMax=2 queueDepthMax=2 frameMaxMs=33.3
[rubber-banding][remote-render] time=90.254 frame=7080 entity=1 latestHostTick=1400 buffer=8 windowMs=1008.3 fps=45.6 snapshots=30 arrivalSamples=30 arrivalAvgMs=32.8 arrivalP95Ms=50.0 arrivalMaxMs=50.0 sameArrival=1 tickGapMax=2 renderFrames=46 interpolation=46 extrapolation=0 extrapolationCapped=0 extrapolationMaxMs=0.0 oldestHeld=0 zeroSpan=0 movingFrozen=0 teleport=0 visualStepAvgCm=0.00 visualStepMaxCm=0.00
[rubber-banding][remote-render] time=90.254 frame=7080 entity=2 latestHostTick=1400 buffer=8 windowMs=1008.3 fps=45.6 snapshots=30 arrivalSamples=30 arrivalAvgMs=32.8 arrivalP95Ms=50.0 arrivalMaxMs=50.0 sameArrival=1 tickGapMax=2 renderFrames=46 interpolation=46 extrapolation=0 extrapolationCapped=0 extrapolationMaxMs=0.0 oldestHeld=0 zeroSpan=0 movingFrozen=0 teleport=0 visualStepAvgCm=8.74 visualStepMaxCm=19.03
[rubber-banding][remote-render] time=90.254 frame=7080 entity=4 latestHostTick=1400 buffer=8 windowMs=1008.3 fps=45.6 snapshots=30 arrivalSamples=30 arrivalAvgMs=32.8 arrivalP95Ms=50.0 arrivalMaxMs=50.0 sameArrival=1 tickGapMax=2 renderFrames=46 interpolation=46 extrapolation=0 extrapolationCapped=0 extrapolationMaxMs=0.0 oldestHeld=0 zeroSpan=0 movingFrozen=0 teleport=0 visualStepAvgCm=0.00 visualStepMaxCm=0.00
[rubber-banding][udp-pump] time=91.112 frame=7118 focused=0 windowMs=1016.7 fps=44.3 packets=30 socketAvgMs=33.6 socketP95Ms=48.8 socketMaxMs=50.3 pumpAvgMs=33.9 pumpP95Ms=50.0 pumpMaxMs=50.0 queueDelayAvgMs=9.5 queueDelayP95Ms=19.8 queueDelayMaxMs=19.9 samePump=0 pumpBatchMax=1 queueDepthMax=2 frameMaxMs=33.3
[rubber-banding][remote-render] time=91.271 frame=7125 entity=1 latestHostTick=1462 buffer=8 windowMs=1016.7 fps=44.3 snapshots=31 arrivalSamples=31 arrivalAvgMs=33.6 arrivalP95Ms=50.0 arrivalMaxMs=50.0 sameArrival=0 tickGapMax=2 renderFrames=45 interpolation=45 extrapolation=0 extrapolationCapped=0 extrapolationMaxMs=0.0 oldestHeld=0 zeroSpan=0 movingFrozen=0 teleport=0 visualStepAvgCm=0.00 visualStepMaxCm=0.00
[rubber-banding][remote-render] time=91.271 frame=7125 entity=2 latestHostTick=1462 buffer=8 windowMs=1016.7 fps=44.3 snapshots=31 arrivalSamples=31 arrivalAvgMs=33.6 arrivalP95Ms=50.0 arrivalMaxMs=50.0 sameArrival=0 tickGapMax=2 renderFrames=45 interpolation=45 extrapolation=0 extrapolationCapped=0 extrapolationMaxMs=0.0 oldestHeld=0 zeroSpan=0 movingFrozen=0 teleport=0 visualStepAvgCm=8.85 visualStepMaxCm=15.29
[rubber-banding][remote-render] time=91.271 frame=7125 entity=4 latestHostTick=1462 buffer=8 windowMs=1016.7 fps=44.3 snapshots=31 arrivalSamples=31 arrivalAvgMs=33.6 arrivalP95Ms=50.0 arrivalMaxMs=50.0 sameArrival=0 tickGapMax=2 renderFrames=45 interpolation=45 extrapolation=0 extrapolationCapped=0 extrapolationMaxMs=0.0 oldestHeld=0 zeroSpan=0 movingFrozen=0 teleport=0 visualStepAvgCm=0.00 visualStepMaxCm=0.00
[rubber-banding][udp-pump] time=92.121 frame=7163 focused=0 windowMs=1008.3 fps=44.6 packets=30 socketAvgMs=33.1 socketP95Ms=49.0 socketMaxMs=50.7 pumpAvgMs=32.8 pumpP95Ms=50.0 pumpMaxMs=66.7 queueDelayAvgMs=10.7 queueDelayP95Ms=19.6 queueDelayMaxMs=22.1 samePump=1 pumpBatchMax=2 queueDepthMax=2 frameMaxMs=25.0
[rubber-banding][remote-render] time=92.287 frame=7170 entity=1 latestHostTick=1524 buffer=8 windowMs=1016.7 fps=44.3 snapshots=31 arrivalSamples=31 arrivalAvgMs=32.8 arrivalP95Ms=50.0 arrivalMaxMs=66.7 sameArrival=2 tickGapMax=2 renderFrames=45 interpolation=45 extrapolation=0 extrapolationCapped=0 extrapolationMaxMs=0.0 oldestHeld=0 zeroSpan=0 movingFrozen=0 teleport=0 visualStepAvgCm=0.00 visualStepMaxCm=0.00
[rubber-banding][remote-render] time=92.287 frame=7170 entity=2 latestHostTick=1524 buffer=8 windowMs=1016.7 fps=44.3 snapshots=31 arrivalSamples=31 arrivalAvgMs=32.8 arrivalP95Ms=50.0 arrivalMaxMs=66.7 sameArrival=2 tickGapMax=2 renderFrames=45 interpolation=45 extrapolation=0 extrapolationCapped=0 extrapolationMaxMs=0.0 oldestHeld=0 zeroSpan=0 movingFrozen=0 teleport=0 visualStepAvgCm=8.93 visualStepMaxCm=20.00
[rubber-banding][remote-render] time=92.287 frame=7170 entity=4 latestHostTick=1524 buffer=8 windowMs=1016.7 fps=44.3 snapshots=31 arrivalSamples=31 arrivalAvgMs=32.8 arrivalP95Ms=50.0 arrivalMaxMs=66.7 sameArrival=2 tickGapMax=2 renderFrames=45 interpolation=45 extrapolation=0 extrapolationCapped=0 extrapolationMaxMs=0.0 oldestHeld=0 zeroSpan=0 movingFrozen=0 teleport=0 visualStepAvgCm=0.00 visualStepMaxCm=0.00
[rubber-banding][udp-pump] time=93.129 frame=7209 focused=0 windowMs=1008.3 fps=45.6 packets=31 socketAvgMs=33.6 socketP95Ms=49.2 socketMaxMs=50.4 pumpAvgMs=33.3 pumpP95Ms=50.0 pumpMaxMs=58.3 queueDelayAvgMs=10.2 queueDelayP95Ms=23.4 queueDelayMaxMs=24.7 samePump=1 pumpBatchMax=2 queueDepthMax=2 frameMaxMs=33.3
[rubber-banding][remote-render] time=93.296 frame=7217 entity=1 latestHostTick=1584 buffer=8 windowMs=1008.3 fps=46.6 snapshots=30 arrivalSamples=30 arrivalAvgMs=33.6 arrivalP95Ms=50.0 arrivalMaxMs=58.3 sameArrival=0 tickGapMax=2 renderFrames=47 interpolation=47 extrapolation=0 extrapolationCapped=0 extrapolationMaxMs=0.0 oldestHeld=0 zeroSpan=0 movingFrozen=0 teleport=0 visualStepAvgCm=0.00 visualStepMaxCm=0.00
[rubber-banding][remote-render] time=93.296 frame=7217 entity=2 latestHostTick=1584 buffer=8 windowMs=1008.3 fps=46.6 snapshots=30 arrivalSamples=30 arrivalAvgMs=33.6 arrivalP95Ms=50.0 arrivalMaxMs=58.3 sameArrival=0 tickGapMax=2 renderFrames=47 interpolation=47 extrapolation=0 extrapolationCapped=0 extrapolationMaxMs=0.0 oldestHeld=0 zeroSpan=0 movingFrozen=0 teleport=0 visualStepAvgCm=8.60 visualStepMaxCm=19.87
[rubber-banding][remote-render] time=93.296 frame=7217 entity=4 latestHostTick=1584 buffer=8 windowMs=1008.3 fps=46.6 snapshots=30 arrivalSamples=30 arrivalAvgMs=33.6 arrivalP95Ms=50.0 arrivalMaxMs=58.3 sameArrival=0 tickGapMax=2 renderFrames=47 interpolation=47 extrapolation=0 extrapolationCapped=0 extrapolationMaxMs=0.0 oldestHeld=0 zeroSpan=0 movingFrozen=0 teleport=0 visualStepAvgCm=0.00 visualStepMaxCm=0.00
[rubber-banding][udp-pump] time=94.146 frame=7256 focused=0 windowMs=1016.7 fps=46.2 packets=30 socketAvgMs=33.4 socketP95Ms=48.3 socketMaxMs=49.2 pumpAvgMs=33.9 pumpP95Ms=58.3 pumpMaxMs=58.4 queueDelayAvgMs=12.5 queueDelayP95Ms=24.8 queueDelayMaxMs=25.0 samePump=0 pumpBatchMax=1 queueDepthMax=2 frameMaxMs=50.0
[rubber-banding][remote-render] time=94.329 frame=7264 entity=1 latestHostTick=1646 buffer=8 windowMs=1033.3 fps=45.5 snapshots=31 arrivalSamples=31 arrivalAvgMs=33.3 arrivalP95Ms=58.3 arrivalMaxMs=58.4 sameArrival=1 tickGapMax=2 renderFrames=47 interpolation=47 extrapolation=0 extrapolationCapped=0 extrapolationMaxMs=0.0 oldestHeld=0 zeroSpan=0 movingFrozen=0 teleport=0 visualStepAvgCm=0.00 visualStepMaxCm=0.00
[rubber-banding][remote-render] time=94.329 frame=7264 entity=2 latestHostTick=1646 buffer=8 windowMs=1033.3 fps=45.5 snapshots=31 arrivalSamples=31 arrivalAvgMs=33.3 arrivalP95Ms=58.3 arrivalMaxMs=58.4 sameArrival=1 tickGapMax=2 renderFrames=47 interpolation=47 extrapolation=0 extrapolationCapped=0 extrapolationMaxMs=0.0 oldestHeld=0 zeroSpan=0 movingFrozen=0 teleport=0 visualStepAvgCm=8.84 visualStepMaxCm=26.23
[rubber-banding][large-step] time=94.329 frame=7264 focused=0 entity=2 buffer=8 count=1 maxStepCm=26.23 fromTick=1640 toTick=1642 tickSpan=2 receivedSpanMs=50.0 t=0.567 renderOffsetMs=-21.7 teleport=0 previous=(-1.675, 0.008, -1.291) rendered=(-1.813, 0.008, -1.514)
[rubber-banding][remote-render] time=94.329 frame=7264 entity=4 latestHostTick=1646 buffer=8 windowMs=1033.3 fps=45.5 snapshots=31 arrivalSamples=31 arrivalAvgMs=33.3 arrivalP95Ms=58.3 arrivalMaxMs=58.4 sameArrival=1 tickGapMax=2 renderFrames=47 interpolation=47 extrapolation=0 extrapolationCapped=0 extrapolationMaxMs=0.0 oldestHeld=0 zeroSpan=0 movingFrozen=0 teleport=0 visualStepAvgCm=0.00 visualStepMaxCm=0.00
[rubber-banding][udp-pump] time=95.154 frame=7302 focused=0 windowMs=1008.3 fps=45.6 packets=30 socketAvgMs=32.9 socketP95Ms=47.5 socketMaxMs=49.7 pumpAvgMs=32.5 pumpP95Ms=66.7 pumpMaxMs=66.7 queueDelayAvgMs=11.8 queueDelayP95Ms=24.0 queueDelayMaxMs=24.5 samePump=1 pumpBatchMax=2 queueDepthMax=2 frameMaxMs=66.7
[rubber-banding][remote-render] time=95.337 frame=7312 entity=1 latestHostTick=1706 buffer=8 windowMs=1008.3 fps=47.6 snapshots=30 arrivalSamples=30 arrivalAvgMs=33.3 arrivalP95Ms=66.7 arrivalMaxMs=66.7 sameArrival=0 tickGapMax=2 renderFrames=48 interpolation=48 extrapolation=0 extrapolationCapped=0 extrapolationMaxMs=0.0 oldestHeld=0 zeroSpan=0 movingFrozen=0 teleport=0 visualStepAvgCm=0.00 visualStepMaxCm=0.00
[rubber-banding][remote-render] time=95.337 frame=7312 entity=2 latestHostTick=1706 buffer=8 windowMs=1008.3 fps=47.6 snapshots=30 arrivalSamples=30 arrivalAvgMs=33.3 arrivalP95Ms=66.7 arrivalMaxMs=66.7 sameArrival=0 tickGapMax=2 renderFrames=48 interpolation=48 extrapolation=0 extrapolationCapped=0 extrapolationMaxMs=0.0 oldestHeld=0 zeroSpan=0 movingFrozen=0 teleport=0 visualStepAvgCm=8.50 visualStepMaxCm=37.28
[rubber-banding][large-step] time=95.337 frame=7312 focused=0 entity=2 buffer=8 count=3 maxStepCm=37.28 fromTick=1656 toTick=1658 tickSpan=2 receivedSpanMs=16.6 t=0.201 renderOffsetMs=-13.3 teleport=0 previous=(-2.149, 0.008, -2.056) rendered=(-2.362, 0.008, -2.362)
[rubber-banding][remote-render] time=95.337 frame=7312 entity=4 latestHostTick=1706 buffer=8 windowMs=1008.3 fps=47.6 snapshots=30 arrivalSamples=30 arrivalAvgMs=33.3 arrivalP95Ms=66.7 arrivalMaxMs=66.7 sameArrival=0 tickGapMax=2 renderFrames=48 interpolation=48 extrapolation=0 extrapolationCapped=0 extrapolationMaxMs=0.0 oldestHeld=0 zeroSpan=0 movingFrozen=0 teleport=0 visualStepAvgCm=0.00 visualStepMaxCm=0.00
[rubber-banding][udp-pump] time=96.171 frame=7348 focused=0 windowMs=1016.7 fps=45.2 packets=31 socketAvgMs=33.4 socketP95Ms=47.3 socketMaxMs=57.1 pumpAvgMs=33.9 pumpP95Ms=75.0 pumpMaxMs=100.0 queueDelayAvgMs=8.7 queueDelayP95Ms=23.4 queueDelayMaxMs=24.0 samePump=3 pumpBatchMax=2 queueDepthMax=2 frameMaxMs=66.7
[rubber-banding][remote-render] time=96.337 frame=7357 entity=1 latestHostTick=1766 buffer=8 windowMs=1000.0 fps=45.0 snapshots=30 arrivalSamples=30 arrivalAvgMs=33.6 arrivalP95Ms=75.0 arrivalMaxMs=100.0 sameArrival=3 tickGapMax=2 renderFrames=45 interpolation=44 extrapolation=1 extrapolationCapped=0 extrapolationMaxMs=3.4 oldestHeld=0 zeroSpan=0 movingFrozen=0 teleport=0 visualStepAvgCm=0.00 visualStepMaxCm=0.00
[rubber-banding][remote-render] time=96.337 frame=7357 entity=2 latestHostTick=1766 buffer=8 windowMs=1000.0 fps=45.0 snapshots=30 arrivalSamples=30 arrivalAvgMs=33.6 arrivalP95Ms=75.0 arrivalMaxMs=100.0 sameArrival=3 tickGapMax=2 renderFrames=45 interpolation=44 extrapolation=1 extrapolationCapped=0 extrapolationMaxMs=3.4 oldestHeld=0 zeroSpan=0 movingFrozen=0 teleport=0 visualStepAvgCm=8.68 visualStepMaxCm=55.69
[rubber-banding][large-step] time=96.337 frame=7357 focused=0 entity=2 buffer=8 count=1 maxStepCm=55.69 fromTick=1730 toTick=1732 tickSpan=2 receivedSpanMs=16.7 t=1.202 renderOffsetMs=3.4 teleport=0 previous=(-4.597, 0.008, 0.065) rendered=(-4.303, 0.008, 0.538)
[rubber-banding][remote-render] time=96.337 frame=7357 entity=4 latestHostTick=1766 buffer=8 windowMs=1000.0 fps=45.0 snapshots=30 arrivalSamples=30 arrivalAvgMs=33.6 arrivalP95Ms=75.0 arrivalMaxMs=100.0 sameArrival=3 tickGapMax=2 renderFrames=45 interpolation=44 extrapolation=1 extrapolationCapped=0 extrapolationMaxMs=3.4 oldestHeld=0 zeroSpan=0 movingFrozen=0 teleport=0 visualStepAvgCm=0.00 visualStepMaxCm=0.00
[rubber-banding][udp-pump] time=97.204 frame=7397 focused=0 windowMs=1033.3 fps=47.4 packets=31 socketAvgMs=33.2 socketP95Ms=47.8 socketMaxMs=48.2 pumpAvgMs=33.3 pumpP95Ms=75.0 pumpMaxMs=83.4 queueDelayAvgMs=13.5 queueDelayP95Ms=24.1 queueDelayMaxMs=28.2 samePump=2 pumpBatchMax=2 queueDepthMax=2 frameMaxMs=75.1
[rubber-banding][remote-render] time=97.346 frame=7406 entity=1 latestHostTick=1828 buffer=8 windowMs=1008.3 fps=48.6 snapshots=31 arrivalSamples=31 arrivalAvgMs=32.3 arrivalP95Ms=75.0 arrivalMaxMs=83.4 sameArrival=2 tickGapMax=2 renderFrames=49 interpolation=49 extrapolation=0 extrapolationCapped=0 extrapolationMaxMs=0.0 oldestHeld=0 zeroSpan=0 movingFrozen=0 teleport=0 visualStepAvgCm=0.00 visualStepMaxCm=0.00
[rubber-banding][remote-render] time=97.346 frame=7406 entity=2 latestHostTick=1828 buffer=8 windowMs=1008.3 fps=48.6 snapshots=31 arrivalSamples=31 arrivalAvgMs=32.3 arrivalP95Ms=75.0 arrivalMaxMs=83.4 sameArrival=2 tickGapMax=2 renderFrames=49 interpolation=49 extrapolation=0 extrapolationCapped=0 extrapolationMaxMs=0.0 oldestHeld=0 zeroSpan=0 movingFrozen=7 teleport=0 visualStepAvgCm=4.18 visualStepMaxCm=29.07
[rubber-banding][large-step] time=97.346 frame=7406 focused=0 entity=2 buffer=8 count=1 maxStepCm=29.07 fromTick=1814 toTick=1816 tickSpan=2 receivedSpanMs=41.7 t=0.080 renderOffsetMs=-38.3 teleport=0 previous=(-2.469, 0.008, 0.382) rendered=(-2.222, 0.008, 0.228)
[rubber-banding][remote-render] time=97.346 frame=7406 entity=4 latestHostTick=1828 buffer=8 windowMs=1008.3 fps=48.6 snapshots=31 arrivalSamples=31 arrivalAvgMs=32.3 arrivalP95Ms=75.0 arrivalMaxMs=83.4 sameArrival=2 tickGapMax=2 renderFrames=49 interpolation=49 extrapolation=0 extrapolationCapped=0 extrapolationMaxMs=0.0 oldestHeld=0 zeroSpan=0 movingFrozen=0 teleport=0 visualStepAvgCm=0.00 visualStepMaxCm=0.00
[rubber-banding][udp-pump] time=98.212 frame=7446 focused=0 windowMs=1008.3 fps=48.6 packets=30 socketAvgMs=33.6 socketP95Ms=47.2 socketMaxMs=53.6 pumpAvgMs=32.5 pumpP95Ms=83.3 pumpMaxMs=91.7 queueDelayAvgMs=9.2 queueDelayP95Ms=20.5 queueDelayMaxMs=25.8 samePump=1 pumpBatchMax=2 queueDepthMax=2 frameMaxMs=50.0
[rubber-banding][remote-render] time=98.362 frame=7452 entity=1 latestHostTick=1886 buffer=8 windowMs=1016.7 fps=45.2 snapshots=29 arrivalSamples=29 arrivalAvgMs=34.2 arrivalP95Ms=83.3 arrivalMaxMs=91.7 sameArrival=1 tickGapMax=2 renderFrames=46 interpolation=46 extrapolation=0 extrapolationCapped=0 extrapolationMaxMs=0.0 oldestHeld=0 zeroSpan=0 movingFrozen=0 teleport=0 visualStepAvgCm=0.00 visualStepMaxCm=0.00
[rubber-banding][remote-render] time=98.362 frame=7452 entity=2 latestHostTick=1886 buffer=8 windowMs=1016.7 fps=45.2 snapshots=29 arrivalSamples=29 arrivalAvgMs=34.2 arrivalP95Ms=83.3 arrivalMaxMs=91.7 sameArrival=1 tickGapMax=2 renderFrames=46 interpolation=46 extrapolation=0 extrapolationCapped=0 extrapolationMaxMs=0.0 oldestHeld=0 zeroSpan=0 movingFrozen=0 teleport=0 visualStepAvgCm=8.67 visualStepMaxCm=23.74
[rubber-banding][remote-render] time=98.362 frame=7452 entity=4 latestHostTick=1886 buffer=8 windowMs=1016.7 fps=45.2 snapshots=29 arrivalSamples=29 arrivalAvgMs=34.2 arrivalP95Ms=83.3 arrivalMaxMs=91.7 sameArrival=1 tickGapMax=2 renderFrames=46 interpolation=46 extrapolation=0 extrapolationCapped=0 extrapolationMaxMs=0.0 oldestHeld=0 zeroSpan=0 movingFrozen=0 teleport=0 visualStepAvgCm=0.00 visualStepMaxCm=0.00
[rubber-banding][udp-pump] time=99.229 frame=7493 focused=0 windowMs=1016.7 fps=46.2 packets=31 socketAvgMs=33.2 socketP95Ms=49.3 socketMaxMs=55.6 pumpAvgMs=33.9 pumpP95Ms=66.7 pumpMaxMs=66.7 queueDelayAvgMs=12.3 queueDelayP95Ms=23.6 queueDelayMaxMs=24.3 samePump=1 pumpBatchMax=2 queueDepthMax=2 frameMaxMs=58.4
[rubber-banding][remote-render] time=99.379 frame=7500 entity=1 latestHostTick=1946 buffer=8 windowMs=1016.7 fps=47.2 snapshots=30 arrivalSamples=30 arrivalAvgMs=33.6 arrivalP95Ms=66.7 arrivalMaxMs=66.7 sameArrival=1 tickGapMax=2 renderFrames=48 interpolation=48 extrapolation=0 extrapolationCapped=0 extrapolationMaxMs=0.0 oldestHeld=0 zeroSpan=0 movingFrozen=0 teleport=0 visualStepAvgCm=0.00 visualStepMaxCm=0.00
[rubber-banding][remote-render] time=99.379 frame=7500 entity=2 latestHostTick=1946 buffer=8 windowMs=1016.7 fps=47.2 snapshots=30 arrivalSamples=30 arrivalAvgMs=33.6 arrivalP95Ms=66.7 arrivalMaxMs=66.7 sameArrival=1 tickGapMax=2 renderFrames=48 interpolation=48 extrapolation=0 extrapolationCapped=0 extrapolationMaxMs=0.0 oldestHeld=0 zeroSpan=0 movingFrozen=0 teleport=0 visualStepAvgCm=8.50 visualStepMaxCm=31.29
[rubber-banding][large-step] time=99.379 frame=7500 focused=0 entity=2 buffer=8 count=2 maxStepCm=31.29 fromTick=1942 toTick=1944 tickSpan=2 receivedSpanMs=41.7 t=0.080 renderOffsetMs=-38.3 teleport=0 previous=(0.776, 0.008, -2.583) rendered=(0.707, 0.008, -2.278)
[rubber-banding][remote-render] time=99.379 frame=7500 entity=4 latestHostTick=1946 buffer=8 windowMs=1016.7 fps=47.2 snapshots=30 arrivalSamples=30 arrivalAvgMs=33.6 arrivalP95Ms=66.7 arrivalMaxMs=66.7 sameArrival=1 tickGapMax=2 renderFrames=48 interpolation=48 extrapolation=0 extrapolationCapped=0 extrapolationMaxMs=0.0 oldestHeld=0 zeroSpan=0 movingFrozen=0 teleport=0 visualStepAvgCm=0.00 visualStepMaxCm=0.00
[rubber-banding][udp-pump] time=100.279 frame=7542 focused=0 windowMs=1050.0 fps=46.7 packets=30 socketAvgMs=33.2 socketP95Ms=46.7 socketMaxMs=51.5 pumpAvgMs=33.1 pumpP95Ms=66.7 pumpMaxMs=91.7 queueDelayAvgMs=11.4 queueDelayP95Ms=22.8 queueDelayMaxMs=24.1 samePump=1 pumpBatchMax=2 queueDepthMax=3 frameMaxMs=58.4
[rubber-banding][remote-render] time=100.396 frame=7548 entity=1 latestHostTick=2010 buffer=8 windowMs=1016.7 fps=47.2 snapshots=32 arrivalSamples=32 arrivalAvgMs=33.1 arrivalP95Ms=75.0 arrivalMaxMs=91.7 sameArrival=2 tickGapMax=2 renderFrames=48 interpolation=48 extrapolation=0 extrapolationCapped=0 extrapolationMaxMs=0.0 oldestHeld=0 zeroSpan=0 movingFrozen=0 teleport=0 visualStepAvgCm=0.00 visualStepMaxCm=0.00
[rubber-banding][remote-render] time=100.396 frame=7548 entity=2 latestHostTick=2010 buffer=8 windowMs=1016.7 fps=47.2 snapshots=32 arrivalSamples=32 arrivalAvgMs=33.1 arrivalP95Ms=75.0 arrivalMaxMs=91.7 sameArrival=2 tickGapMax=2 renderFrames=48 interpolation=48 extrapolation=0 extrapolationCapped=0 extrapolationMaxMs=0.0 oldestHeld=0 zeroSpan=0 movingFrozen=0 teleport=0 visualStepAvgCm=8.34 visualStepMaxCm=27.89
[rubber-banding][large-step] time=100.396 frame=7548 focused=0 entity=2 buffer=8 count=3 maxStepCm=27.89 fromTick=1964 toTick=1966 tickSpan=2 receivedSpanMs=50.0 t=0.067 renderOffsetMs=-46.7 teleport=0 previous=(0.451, 0.008, -1.144) rendered=(0.294, 0.008, -0.913)
[rubber-banding][remote-render] time=100.396 frame=7548 entity=4 latestHostTick=2010 buffer=8 windowMs=1016.7 fps=47.2 snapshots=32 arrivalSamples=32 arrivalAvgMs=33.1 arrivalP95Ms=75.0 arrivalMaxMs=91.7 sameArrival=2 tickGapMax=2 renderFrames=48 interpolation=48 extrapolation=0 extrapolationCapped=0 extrapolationMaxMs=0.0 oldestHeld=0 zeroSpan=0 movingFrozen=0 teleport=0 visualStepAvgCm=0.00 visualStepMaxCm=0.00
[rubber-banding][udp-pump] time=101.321 frame=7593 focused=0 windowMs=1041.7 fps=49.0 packets=32 socketAvgMs=34.0 socketP95Ms=52.1 socketMaxMs=54.5 pumpAvgMs=34.4 pumpP95Ms=83.3 pumpMaxMs=83.4 queueDelayAvgMs=10.9 queueDelayP95Ms=23.5 queueDelayMaxMs=23.6 samePump=2 pumpBatchMax=2 queueDepthMax=2 frameMaxMs=75.1
[rubber-banding][remote-render] time=101.446 frame=7599 entity=1 latestHostTick=2072 buffer=8 windowMs=1050.0 fps=48.6 snapshots=31 arrivalSamples=31 arrivalAvgMs=33.9 arrivalP95Ms=83.3 arrivalMaxMs=83.4 sameArrival=1 tickGapMax=2 renderFrames=51 interpolation=51 extrapolation=0 extrapolationCapped=0 extrapolationMaxMs=0.0 oldestHeld=0 zeroSpan=0 movingFrozen=0 teleport=0 visualStepAvgCm=0.00 visualStepMaxCm=0.00
[rubber-banding][remote-render] time=101.446 frame=7599 entity=2 latestHostTick=2072 buffer=8 windowMs=1050.0 fps=48.6 snapshots=31 arrivalSamples=31 arrivalAvgMs=33.9 arrivalP95Ms=83.3 arrivalMaxMs=83.4 sameArrival=1 tickGapMax=2 renderFrames=51 interpolation=51 extrapolation=0 extrapolationCapped=0 extrapolationMaxMs=0.0 oldestHeld=0 zeroSpan=0 movingFrozen=0 teleport=0 visualStepAvgCm=8.03 visualStepMaxCm=49.13
[rubber-banding][large-step] time=101.446 frame=7599 focused=0 entity=2 buffer=8 count=4 maxStepCm=49.13 fromTick=2060 toTick=2062 tickSpan=2 receivedSpanMs=83.4 t=0.041 renderOffsetMs=-80.0 teleport=0 previous=(-0.373, 0.008, -0.456) rendered=(-0.454, 0.008, 0.028)
[rubber-banding][remote-render] time=101.446 frame=7599 entity=4 latestHostTick=2072 buffer=8 windowMs=1050.0 fps=48.6 snapshots=31 arrivalSamples=31 arrivalAvgMs=33.9 arrivalP95Ms=83.3 arrivalMaxMs=83.4 sameArrival=1 tickGapMax=2 renderFrames=51 interpolation=51 extrapolation=0 extrapolationCapped=0 extrapolationMaxMs=0.0 oldestHeld=0 zeroSpan=0 movingFrozen=0 teleport=0 visualStepAvgCm=0.00 visualStepMaxCm=0.00
[rubber-banding][udp-pump] time=102.337 frame=7643 focused=0 windowMs=1016.7 fps=49.2 packets=30 socketAvgMs=33.0 socketP95Ms=49.6 socketMaxMs=50.2 pumpAvgMs=32.8 pumpP95Ms=58.3 pumpMaxMs=66.7 queueDelayAvgMs=9.7 queueDelayP95Ms=15.9 queueDelayMaxMs=16.8 samePump=0 pumpBatchMax=1 queueDepthMax=1 frameMaxMs=58.4
[rubber-banding][remote-render] time=102.454 frame=7648 entity=1 latestHostTick=2132 buffer=8 windowMs=1008.3 fps=48.6 snapshots=30 arrivalSamples=30 arrivalAvgMs=33.6 arrivalP95Ms=58.3 arrivalMaxMs=75.0 sameArrival=1 tickGapMax=2 renderFrames=49 interpolation=49 extrapolation=0 extrapolationCapped=0 extrapolationMaxMs=0.0 oldestHeld=0 zeroSpan=0 movingFrozen=0 teleport=0 visualStepAvgCm=0.00 visualStepMaxCm=0.00
[rubber-banding][remote-render] time=102.454 frame=7648 entity=2 latestHostTick=2132 buffer=8 windowMs=1008.3 fps=48.6 snapshots=30 arrivalSamples=30 arrivalAvgMs=33.6 arrivalP95Ms=58.3 arrivalMaxMs=75.0 sameArrival=1 tickGapMax=2 renderFrames=49 interpolation=49 extrapolation=0 extrapolationCapped=0 extrapolationMaxMs=0.0 oldestHeld=0 zeroSpan=0 movingFrozen=0 teleport=0 visualStepAvgCm=0.65 visualStepMaxCm=8.48
[rubber-banding][remote-render] time=102.454 frame=7648 entity=4 latestHostTick=2132 buffer=8 windowMs=1008.3 fps=48.6 snapshots=30 arrivalSamples=30 arrivalAvgMs=33.6 arrivalP95Ms=58.3 arrivalMaxMs=75.0 sameArrival=1 tickGapMax=2 renderFrames=49 interpolation=49 extrapolation=0 extrapolationCapped=0 extrapolationMaxMs=0.0 oldestHeld=0 zeroSpan=0 movingFrozen=0 teleport=0 visualStepAvgCm=0.00 visualStepMaxCm=0.00
[rubber-banding][udp-pump] time=103.371 frame=7697 focused=0 windowMs=1033.3 fps=52.3 packets=32 socketAvgMs=33.0 socketP95Ms=50.7 socketMaxMs=51.4 pumpAvgMs=32.3 pumpP95Ms=91.7 pumpMaxMs=91.7 queueDelayAvgMs=11.1 queueDelayP95Ms=30.3 queueDelayMaxMs=33.8 samePump=3 pumpBatchMax=2 queueDepthMax=2 frameMaxMs=91.7
[rubber-banding][remote-render] time=103.512 frame=7705 entity=1 latestHostTick=2196 buffer=8 windowMs=1058.3 fps=53.9 snapshots=32 arrivalSamples=32 arrivalAvgMs=31.0 arrivalP95Ms=91.7 arrivalMaxMs=91.7 sameArrival=2 tickGapMax=2 renderFrames=57 interpolation=57 extrapolation=0 extrapolationCapped=0 extrapolationMaxMs=0.0 oldestHeld=0 zeroSpan=0 movingFrozen=0 teleport=0 visualStepAvgCm=0.00 visualStepMaxCm=0.00
[rubber-banding][remote-render] time=103.512 frame=7705 entity=2 latestHostTick=2196 buffer=8 windowMs=1058.3 fps=53.9 snapshots=32 arrivalSamples=32 arrivalAvgMs=31.0 arrivalP95Ms=91.7 arrivalMaxMs=91.7 sameArrival=2 tickGapMax=2 renderFrames=57 interpolation=57 extrapolation=0 extrapolationCapped=0 extrapolationMaxMs=0.0 oldestHeld=0 zeroSpan=0 movingFrozen=0 teleport=0 visualStepAvgCm=0.00 visualStepMaxCm=0.00
[rubber-banding][remote-render] time=103.512 frame=7705 entity=4 latestHostTick=2196 buffer=8 windowMs=1058.3 fps=53.9 snapshots=32 arrivalSamples=32 arrivalAvgMs=31.0 arrivalP95Ms=91.7 arrivalMaxMs=91.7 sameArrival=2 tickGapMax=2 renderFrames=57 interpolation=57 extrapolation=0 extrapolationCapped=0 extrapolationMaxMs=0.0 oldestHeld=0 zeroSpan=0 movingFrozen=0 teleport=0 visualStepAvgCm=0.00 visualStepMaxCm=0.00
[rubber-banding][udp-pump] time=104.379 frame=7761 focused=1 windowMs=1008.3 fps=63.5 packets=29 socketAvgMs=34.0 socketP95Ms=42.6 socketMaxMs=50.1 pumpAvgMs=35.3 pumpP95Ms=108.4 pumpMaxMs=125.1 queueDelayAvgMs=8.9 queueDelayP95Ms=22.4 queueDelayMaxMs=40.7 samePump=1 pumpBatchMax=2 queueDepthMax=2 frameMaxMs=58.3
[rubber-banding][remote-render] time=104.521 frame=7768 entity=1 latestHostTick=2256 buffer=8 windowMs=1008.3 fps=62.5 snapshots=30 arrivalSamples=30 arrivalAvgMs=35.3 arrivalP95Ms=108.4 arrivalMaxMs=125.1 sameArrival=2 tickGapMax=2 renderFrames=63 interpolation=61 extrapolation=2 extrapolationCapped=0 extrapolationMaxMs=36.8 oldestHeld=0 zeroSpan=0 movingFrozen=0 teleport=0 visualStepAvgCm=0.00 visualStepMaxCm=0.00
[rubber-banding][remote-render] time=104.521 frame=7768 entity=2 latestHostTick=2256 buffer=8 windowMs=1008.3 fps=62.5 snapshots=30 arrivalSamples=30 arrivalAvgMs=35.3 arrivalP95Ms=108.4 arrivalMaxMs=125.1 sameArrival=2 tickGapMax=2 renderFrames=63 interpolation=61 extrapolation=2 extrapolationCapped=0 extrapolationMaxMs=36.8 oldestHeld=0 zeroSpan=0 movingFrozen=0 teleport=0 visualStepAvgCm=0.00 visualStepMaxCm=0.00
[rubber-banding][remote-render] time=104.521 frame=7768 entity=4 latestHostTick=2256 buffer=8 windowMs=1008.3 fps=62.5 snapshots=30 arrivalSamples=30 arrivalAvgMs=35.3 arrivalP95Ms=108.4 arrivalMaxMs=125.1 sameArrival=2 tickGapMax=2 renderFrames=63 interpolation=61 extrapolation=2 extrapolationCapped=0 extrapolationMaxMs=36.8 oldestHeld=0 zeroSpan=0 movingFrozen=0 teleport=0 visualStepAvgCm=0.00 visualStepMaxCm=0.00
[rubber-banding][udp-pump] time=105.387 frame=7840 focused=1 windowMs=1008.3 fps=78.3 packets=31 socketAvgMs=32.7 socketP95Ms=48.3 socketMaxMs=53.7 pumpAvgMs=32.5 pumpP95Ms=58.3 pumpMaxMs=66.7 queueDelayAvgMs=10.6 queueDelayP95Ms=36.1 queueDelayMaxMs=45.0 samePump=1 pumpBatchMax=2 queueDepthMax=2 frameMaxMs=50.0
[rubber-banding][remote-render] time=105.529 frame=7854 entity=1 latestHostTick=2316 buffer=8 windowMs=1008.3 fps=85.3 snapshots=30 arrivalSamples=30 arrivalAvgMs=33.6 arrivalP95Ms=58.3 arrivalMaxMs=66.7 sameArrival=0 tickGapMax=2 renderFrames=86 interpolation=86 extrapolation=0 extrapolationCapped=0 extrapolationMaxMs=0.0 oldestHeld=0 zeroSpan=0 movingFrozen=0 teleport=0 visualStepAvgCm=0.00 visualStepMaxCm=0.00
[rubber-banding][remote-render] time=105.529 frame=7854 entity=2 latestHostTick=2316 buffer=8 windowMs=1008.3 fps=85.3 snapshots=30 arrivalSamples=30 arrivalAvgMs=33.6 arrivalP95Ms=58.3 arrivalMaxMs=66.7 sameArrival=0 tickGapMax=2 renderFrames=86 interpolation=86 extrapolation=0 extrapolationCapped=0 extrapolationMaxMs=0.0 oldestHeld=0 zeroSpan=0 movingFrozen=0 teleport=0 visualStepAvgCm=0.00 visualStepMaxCm=0.00
[rubber-banding][remote-render] time=105.529 frame=7854 entity=4 latestHostTick=2316 buffer=8 windowMs=1008.3 fps=85.3 snapshots=30 arrivalSamples=30 arrivalAvgMs=33.6 arrivalP95Ms=58.3 arrivalMaxMs=66.7 sameArrival=0 tickGapMax=2 renderFrames=86 interpolation=86 extrapolation=0 extrapolationCapped=0 extrapolationMaxMs=0.0 oldestHeld=0 zeroSpan=0 movingFrozen=0 teleport=0 visualStepAvgCm=0.00 visualStepMaxCm=0.00
[rubber-banding][udp-pump] time=106.396 frame=7938 focused=1 windowMs=1008.3 fps=97.2 packets=30 socketAvgMs=33.5 socketP95Ms=55.4 socketMaxMs=55.8 pumpAvgMs=34.2 pumpP95Ms=58.3 pumpMaxMs=58.3 queueDelayAvgMs=6.3 queueDelayP95Ms=21.8 queueDelayMaxMs=27.1 samePump=0 pumpBatchMax=1 queueDepthMax=2 frameMaxMs=33.3
[rubber-banding][remote-render] time=106.537 frame=7954 entity=1 latestHostTick=2376 buffer=8 windowMs=1008.3 fps=99.2 snapshots=30 arrivalSamples=30 arrivalAvgMs=33.6 arrivalP95Ms=50.0 arrivalMaxMs=58.3 sameArrival=0 tickGapMax=2 renderFrames=100 interpolation=100 extrapolation=0 extrapolationCapped=0 extrapolationMaxMs=0.0 oldestHeld=0 zeroSpan=0 movingFrozen=0 teleport=0 visualStepAvgCm=0.00 visualStepMaxCm=0.00
[rubber-banding][remote-render] time=106.537 frame=7954 entity=2 latestHostTick=2376 buffer=8 windowMs=1008.3 fps=99.2 snapshots=30 arrivalSamples=30 arrivalAvgMs=33.6 arrivalP95Ms=50.0 arrivalMaxMs=58.3 sameArrival=0 tickGapMax=2 renderFrames=100 interpolation=100 extrapolation=0 extrapolationCapped=0 extrapolationMaxMs=0.0 oldestHeld=0 zeroSpan=0 movingFrozen=0 teleport=0 visualStepAvgCm=0.00 visualStepMaxCm=0.00
[rubber-banding][remote-render] time=106.537 frame=7954 entity=4 latestHostTick=2376 buffer=8 windowMs=1008.3 fps=99.2 snapshots=30 arrivalSamples=30 arrivalAvgMs=33.6 arrivalP95Ms=50.0 arrivalMaxMs=58.3 sameArrival=0 tickGapMax=2 renderFrames=100 interpolation=100 extrapolation=0 extrapolationCapped=0 extrapolationMaxMs=0.0 oldestHeld=0 zeroSpan=0 movingFrozen=0 teleport=0 visualStepAvgCm=0.00 visualStepMaxCm=0.00
[rubber-banding][udp-pump] time=107.404 frame=8037 focused=1 windowMs=1008.3 fps=98.2 packets=31 socketAvgMs=33.1 socketP95Ms=49.4 socketMaxMs=50.8 pumpAvgMs=32.5 pumpP95Ms=50.0 pumpMaxMs=50.0 queueDelayAvgMs=7.6 queueDelayP95Ms=21.8 queueDelayMaxMs=27.8 samePump=0 pumpBatchMax=1 queueDepthMax=2 frameMaxMs=33.3
[rubber-banding][remote-render] time=107.546 frame=8053 entity=1 latestHostTick=2436 buffer=8 windowMs=1008.3 fps=98.2 snapshots=30 arrivalSamples=30 arrivalAvgMs=33.1 arrivalP95Ms=50.0 arrivalMaxMs=50.0 sameArrival=0 tickGapMax=2 renderFrames=99 interpolation=99 extrapolation=0 extrapolationCapped=0 extrapolationMaxMs=0.0 oldestHeld=0 zeroSpan=0 movingFrozen=0 teleport=0 visualStepAvgCm=0.00 visualStepMaxCm=0.00
[rubber-banding][remote-render] time=107.546 frame=8053 entity=2 latestHostTick=2436 buffer=8 windowMs=1008.3 fps=98.2 snapshots=30 arrivalSamples=30 arrivalAvgMs=33.1 arrivalP95Ms=50.0 arrivalMaxMs=50.0 sameArrival=0 tickGapMax=2 renderFrames=99 interpolation=99 extrapolation=0 extrapolationCapped=0 extrapolationMaxMs=0.0 oldestHeld=0 zeroSpan=0 movingFrozen=0 teleport=0 visualStepAvgCm=0.00 visualStepMaxCm=0.00
[rubber-banding][remote-render] time=107.546 frame=8053 entity=4 latestHostTick=2436 buffer=8 windowMs=1008.3 fps=98.2 snapshots=30 arrivalSamples=30 arrivalAvgMs=33.1 arrivalP95Ms=50.0 arrivalMaxMs=50.0 sameArrival=0 tickGapMax=2 renderFrames=99 interpolation=99 extrapolation=0 extrapolationCapped=0 extrapolationMaxMs=0.0 oldestHeld=0 zeroSpan=0 movingFrozen=0 teleport=0 visualStepAvgCm=0.00 visualStepMaxCm=0.00
[rubber-banding][guest-reconcile] time=107.587 frame=8058 room=18 world=5 authority=5 entity=3 hostTick=2440 ackTick=2440 lastRecordedTick=2443 replayLatestTick=2443 move=(-126,-14) predictedBefore=(0.057, 0.008, 3.098) confirmed=(0.269, 0.008, 3.169) replayed=(0.071, 0.008, 3.147) visualBefore=(0.057, 0.008, 3.098) correction=(0.014, 0.000, 0.049) distance=0.051 unresolved=3 replayedCount=3 nextVisualOffset=(-0.014, 0.000, -0.049) mode=smooth rttMs=25.0 snapshotAgeMs=0.0
[rubber-banding][udp-pump] time=108.404 frame=8136 focused=1 windowMs=1000.0 fps=99.0 packets=29 socketAvgMs=33.5 socketP95Ms=45.8 socketMaxMs=53.8 pumpAvgMs=33.6 pumpP95Ms=50.0 pumpMaxMs=58.3 queueDelayAvgMs=7.8 queueDelayP95Ms=21.1 queueDelayMaxMs=24.3 samePump=0 pumpBatchMax=1 queueDepthMax=2 frameMaxMs=33.3
[rubber-banding][remote-render] time=108.546 frame=8149 entity=1 latestHostTick=2496 buffer=8 windowMs=1000.0 fps=96.0 snapshots=30 arrivalSamples=30 arrivalAvgMs=33.3 arrivalP95Ms=50.0 arrivalMaxMs=58.3 sameArrival=0 tickGapMax=2 renderFrames=96 interpolation=96 extrapolation=0 extrapolationCapped=0 extrapolationMaxMs=0.0 oldestHeld=0 zeroSpan=0 movingFrozen=0 teleport=0 visualStepAvgCm=0.00 visualStepMaxCm=0.00
[rubber-banding][remote-render] time=108.546 frame=8149 entity=2 latestHostTick=2496 buffer=8 windowMs=1000.0 fps=96.0 snapshots=30 arrivalSamples=30 arrivalAvgMs=33.3 arrivalP95Ms=50.0 arrivalMaxMs=58.3 sameArrival=0 tickGapMax=2 renderFrames=96 interpolation=96 extrapolation=0 extrapolationCapped=0 extrapolationMaxMs=0.0 oldestHeld=0 zeroSpan=0 movingFrozen=0 teleport=0 visualStepAvgCm=0.00 visualStepMaxCm=0.00
[rubber-banding][remote-render] time=108.546 frame=8149 entity=4 latestHostTick=2496 buffer=8 windowMs=1000.0 fps=96.0 snapshots=30 arrivalSamples=30 arrivalAvgMs=33.3 arrivalP95Ms=50.0 arrivalMaxMs=58.3 sameArrival=0 tickGapMax=2 renderFrames=96 interpolation=96 extrapolation=0 extrapolationCapped=0 extrapolationMaxMs=0.0 oldestHeld=0 zeroSpan=0 movingFrozen=0 teleport=0 visualStepAvgCm=0.00 visualStepMaxCm=0.00
[rubber-banding][guest-reconcile] time=108.779 frame=8171 room=18 world=5 authority=5 entity=3 hostTick=2512 ackTick=2512 lastRecordedTick=2512 replayLatestTick=0 move=(0,0) predictedBefore=(-1.363, 0.008, 1.135) confirmed=(-1.341, 0.008, 1.093) replayed=(-1.341, 0.008, 1.093) visualBefore=(-1.363, 0.008, 1.135) correction=(0.022, 0.000, -0.042) distance=0.048 unresolved=0 replayedCount=0 nextVisualOffset=(-0.022, 0.000, 0.042) mode=smooth rttMs=8.3 snapshotAgeMs=0.0
[rubber-banding][guest-reconcile] time=109.387 frame=8236 room=18 world=5 authority=5 entity=3 hostTick=2548 ackTick=2548 lastRecordedTick=2550 replayLatestTick=2550 move=(99,-79) predictedBefore=(-2.473, 0.008, -0.298) confirmed=(-2.622, 0.008, -0.240) replayed=(-2.518, 0.008, -0.323) visualBefore=(-2.473, 0.008, -0.298) correction=(-0.045, 0.000, -0.025) distance=0.051 unresolved=2 replayedCount=2 nextVisualOffset=(0.045, 0.000, 0.025) mode=smooth rttMs=8.3 snapshotAgeMs=0.0
[rubber-banding][udp-pump] time=109.412 frame=8239 focused=1 windowMs=1008.3 fps=102.2 packets=31 socketAvgMs=33.3 socketP95Ms=53.4 socketMaxMs=55.0 pumpAvgMs=33.3 pumpP95Ms=58.3 pumpMaxMs=58.3 queueDelayAvgMs=7.1 queueDelayP95Ms=21.6 queueDelayMaxMs=29.2 samePump=1 pumpBatchMax=2 queueDepthMax=2 frameMaxMs=33.3
[rubber-banding][remote-render] time=109.554 frame=8256 entity=1 latestHostTick=2558 buffer=8 windowMs=1008.3 fps=106.1 snapshots=31 arrivalSamples=31 arrivalAvgMs=33.3 arrivalP95Ms=58.3 arrivalMaxMs=58.3 sameArrival=1 tickGapMax=2 renderFrames=107 interpolation=107 extrapolation=0 extrapolationCapped=0 extrapolationMaxMs=0.0 oldestHeld=0 zeroSpan=0 movingFrozen=0 teleport=0 visualStepAvgCm=0.00 visualStepMaxCm=0.00
[rubber-banding][remote-render] time=109.554 frame=8256 entity=2 latestHostTick=2558 buffer=8 windowMs=1008.3 fps=106.1 snapshots=31 arrivalSamples=31 arrivalAvgMs=33.3 arrivalP95Ms=58.3 arrivalMaxMs=58.3 sameArrival=1 tickGapMax=2 renderFrames=107 interpolation=107 extrapolation=0 extrapolationCapped=0 extrapolationMaxMs=0.0 oldestHeld=0 zeroSpan=0 movingFrozen=0 teleport=0 visualStepAvgCm=0.00 visualStepMaxCm=0.00
[rubber-banding][remote-render] time=109.554 frame=8256 entity=4 latestHostTick=2558 buffer=8 windowMs=1008.3 fps=106.1 snapshots=31 arrivalSamples=31 arrivalAvgMs=33.3 arrivalP95Ms=58.3 arrivalMaxMs=58.3 sameArrival=1 tickGapMax=2 renderFrames=107 interpolation=107 extrapolation=0 extrapolationCapped=0 extrapolationMaxMs=0.0 oldestHeld=0 zeroSpan=0 movingFrozen=0 teleport=0 visualStepAvgCm=0.00 visualStepMaxCm=0.00
[rubber-banding][udp-pump] time=110.421 frame=8340 focused=1 windowMs=1008.3 fps=100.2 packets=29 socketAvgMs=33.3 socketP95Ms=49.6 socketMaxMs=51.0 pumpAvgMs=33.3 pumpP95Ms=50.0 pumpMaxMs=50.0 queueDelayAvgMs=8.7 queueDelayP95Ms=24.1 queueDelayMaxMs=40.4 samePump=1 pumpBatchMax=2 queueDepthMax=2 frameMaxMs=41.7
[rubber-banding][remote-render] time=110.562 frame=8355 entity=1 latestHostTick=2618 buffer=8 windowMs=1008.3 fps=98.2 snapshots=30 arrivalSamples=30 arrivalAvgMs=33.3 arrivalP95Ms=50.0 arrivalMaxMs=58.3 sameArrival=1 tickGapMax=2 renderFrames=99 interpolation=99 extrapolation=0 extrapolationCapped=0 extrapolationMaxMs=0.0 oldestHeld=0 zeroSpan=0 movingFrozen=0 teleport=0 visualStepAvgCm=0.00 visualStepMaxCm=0.00
[rubber-banding][remote-render] time=110.562 frame=8355 entity=2 latestHostTick=2618 buffer=8 windowMs=1008.3 fps=98.2 snapshots=30 arrivalSamples=30 arrivalAvgMs=33.3 arrivalP95Ms=50.0 arrivalMaxMs=58.3 sameArrival=1 tickGapMax=2 renderFrames=99 interpolation=99 extrapolation=0 extrapolationCapped=0 extrapolationMaxMs=0.0 oldestHeld=0 zeroSpan=0 movingFrozen=0 teleport=0 visualStepAvgCm=0.00 visualStepMaxCm=0.00
[rubber-banding][remote-render] time=110.562 frame=8355 entity=4 latestHostTick=2618 buffer=8 windowMs=1008.3 fps=98.2 snapshots=30 arrivalSamples=30 arrivalAvgMs=33.3 arrivalP95Ms=50.0 arrivalMaxMs=58.3 sameArrival=1 tickGapMax=2 renderFrames=99 interpolation=99 extrapolation=0 extrapolationCapped=0 extrapolationMaxMs=0.0 oldestHeld=0 zeroSpan=0 movingFrozen=0 teleport=0 visualStepAvgCm=0.00 visualStepMaxCm=0.00
[rubber-banding][guest-reconcile] time=111.154 frame=8417 room=18 world=5 authority=5 entity=3 hostTick=2654 ackTick=2654 lastRecordedTick=2656 replayLatestTick=2656 move=(79,99) predictedBefore=(-1.684, 0.008, -0.376) confirmed=(-1.816, 0.008, -0.465) replayed=(-1.733, 0.008, -0.362) visualBefore=(-1.684, 0.008, -0.376) correction=(-0.049, 0.000, 0.014) distance=0.051 unresolved=2 replayedCount=2 nextVisualOffset=(0.049, 0.000, -0.014) mode=smooth rttMs=8.3 snapshotAgeMs=0.0
[rubber-banding][guest-reconcile] time=111.237 frame=8426 room=18 world=5 authority=5 entity=3 hostTick=2660 ackTick=2660 lastRecordedTick=2661 replayLatestTick=2661 move=(126,14) predictedBefore=(-1.451, 0.008, -0.236) confirmed=(-1.542, 0.008, -0.198) replayed=(-1.476, 0.008, -0.191) visualBefore=(-1.430, 0.008, -0.242) correction=(-0.025, 0.000, 0.045) distance=0.051 unresolved=1 replayedCount=1 nextVisualOffset=(0.046, 0.000, -0.051) mode=smooth rttMs=8.3 snapshotAgeMs=0.0
[rubber-banding][udp-pump] time=111.429 frame=8447 focused=1 windowMs=1008.3 fps=106.1 packets=31 socketAvgMs=33.9 socketP95Ms=54.5 socketMaxMs=54.7 pumpAvgMs=33.9 pumpP95Ms=50.0 pumpMaxMs=58.3 queueDelayAvgMs=5.1 queueDelayP95Ms=12.4 queueDelayMaxMs=13.9 samePump=0 pumpBatchMax=1 queueDepthMax=1 frameMaxMs=25.0
[rubber-banding][remote-render] time=111.571 frame=8461 entity=1 latestHostTick=2678 buffer=8 windowMs=1008.3 fps=105.1 snapshots=30 arrivalSamples=30 arrivalAvgMs=33.6 arrivalP95Ms=50.0 arrivalMaxMs=50.0 sameArrival=0 tickGapMax=2 renderFrames=106 interpolation=106 extrapolation=0 extrapolationCapped=0 extrapolationMaxMs=0.0 oldestHeld=0 zeroSpan=0 movingFrozen=0 teleport=0 visualStepAvgCm=0.00 visualStepMaxCm=0.00
[rubber-banding][remote-render] time=111.571 frame=8461 entity=2 latestHostTick=2678 buffer=8 windowMs=1008.3 fps=105.1 snapshots=30 arrivalSamples=30 arrivalAvgMs=33.6 arrivalP95Ms=50.0 arrivalMaxMs=50.0 sameArrival=0 tickGapMax=2 renderFrames=106 interpolation=106 extrapolation=0 extrapolationCapped=0 extrapolationMaxMs=0.0 oldestHeld=0 zeroSpan=0 movingFrozen=0 teleport=0 visualStepAvgCm=0.00 visualStepMaxCm=0.00
[rubber-banding][remote-render] time=111.571 frame=8461 entity=4 latestHostTick=2678 buffer=8 windowMs=1008.3 fps=105.1 snapshots=30 arrivalSamples=30 arrivalAvgMs=33.6 arrivalP95Ms=50.0 arrivalMaxMs=50.0 sameArrival=0 tickGapMax=2 renderFrames=106 interpolation=106 extrapolation=0 extrapolationCapped=0 extrapolationMaxMs=0.0 oldestHeld=0 zeroSpan=0 movingFrozen=0 teleport=0 visualStepAvgCm=0.00 visualStepMaxCm=0.00
[rubber-banding][udp-pump] time=112.446 frame=8552 focused=1 windowMs=1016.7 fps=103.3 packets=31 socketAvgMs=32.8 socketP95Ms=47.2 socketMaxMs=51.1 pumpAvgMs=32.8 pumpP95Ms=58.3 pumpMaxMs=58.3 queueDelayAvgMs=7.2 queueDelayP95Ms=19.0 queueDelayMaxMs=24.2 samePump=0 pumpBatchMax=1 queueDepthMax=2 frameMaxMs=33.3
[rubber-banding][remote-render] time=112.571 frame=8567 entity=1 latestHostTick=2738 buffer=8 windowMs=1000.0 fps=106.0 snapshots=30 arrivalSamples=30 arrivalAvgMs=33.6 arrivalP95Ms=58.3 arrivalMaxMs=58.3 sameArrival=0 tickGapMax=2 renderFrames=106 interpolation=106 extrapolation=0 extrapolationCapped=0 extrapolationMaxMs=0.0 oldestHeld=0 zeroSpan=0 movingFrozen=0 teleport=0 visualStepAvgCm=0.00 visualStepMaxCm=0.00
[rubber-banding][remote-render] time=112.571 frame=8567 entity=2 latestHostTick=2738 buffer=8 windowMs=1000.0 fps=106.0 snapshots=30 arrivalSamples=30 arrivalAvgMs=33.6 arrivalP95Ms=58.3 arrivalMaxMs=58.3 sameArrival=0 tickGapMax=2 renderFrames=106 interpolation=106 extrapolation=0 extrapolationCapped=0 extrapolationMaxMs=0.0 oldestHeld=0 zeroSpan=0 movingFrozen=0 teleport=0 visualStepAvgCm=0.00 visualStepMaxCm=0.00
[rubber-banding][remote-render] time=112.571 frame=8567 entity=4 latestHostTick=2738 buffer=8 windowMs=1000.0 fps=106.0 snapshots=30 arrivalSamples=30 arrivalAvgMs=33.6 arrivalP95Ms=58.3 arrivalMaxMs=58.3 sameArrival=0 tickGapMax=2 renderFrames=106 interpolation=106 extrapolation=0 extrapolationCapped=0 extrapolationMaxMs=0.0 oldestHeld=0 zeroSpan=0 movingFrozen=0 teleport=0 visualStepAvgCm=0.00 visualStepMaxCm=0.00
[rubber-banding][udp-pump] time=113.454 frame=8652 focused=1 windowMs=1008.3 fps=99.2 packets=30 socketAvgMs=33.6 socketP95Ms=50.1 socketMaxMs=51.1 pumpAvgMs=33.3 pumpP95Ms=50.0 pumpMaxMs=58.3 queueDelayAvgMs=7.0 queueDelayP95Ms=13.1 queueDelayMaxMs=30.2 samePump=0 pumpBatchMax=1 queueDepthMax=2 frameMaxMs=33.3
[rubber-banding][remote-render] time=113.579 frame=8667 entity=1 latestHostTick=2798 buffer=8 windowMs=1008.3 fps=99.2 snapshots=30 arrivalSamples=30 arrivalAvgMs=32.8 arrivalP95Ms=50.0 arrivalMaxMs=58.3 sameArrival=0 tickGapMax=2 renderFrames=100 interpolation=100 extrapolation=0 extrapolationCapped=0 extrapolationMaxMs=0.0 oldestHeld=0 zeroSpan=0 movingFrozen=0 teleport=0 visualStepAvgCm=0.00 visualStepMaxCm=0.00
[rubber-banding][remote-render] time=113.579 frame=8667 entity=2 latestHostTick=2798 buffer=8 windowMs=1008.3 fps=99.2 snapshots=30 arrivalSamples=30 arrivalAvgMs=32.8 arrivalP95Ms=50.0 arrivalMaxMs=58.3 sameArrival=0 tickGapMax=2 renderFrames=100 interpolation=100 extrapolation=0 extrapolationCapped=0 extrapolationMaxMs=0.0 oldestHeld=0 zeroSpan=0 movingFrozen=0 teleport=0 visualStepAvgCm=0.00 visualStepMaxCm=0.00
[rubber-banding][remote-render] time=113.579 frame=8667 entity=4 latestHostTick=2798 buffer=8 windowMs=1008.3 fps=99.2 snapshots=30 arrivalSamples=30 arrivalAvgMs=32.8 arrivalP95Ms=50.0 arrivalMaxMs=58.3 sameArrival=0 tickGapMax=2 renderFrames=100 interpolation=100 extrapolation=0 extrapolationCapped=0 extrapolationMaxMs=0.0 oldestHeld=0 zeroSpan=0 movingFrozen=0 teleport=0 visualStepAvgCm=0.00 visualStepMaxCm=0.00
[rubber-banding][udp-pump] time=114.471 frame=8745 focused=1 windowMs=1016.7 fps=91.5 packets=30 socketAvgMs=33.2 socketP95Ms=45.8 socketMaxMs=50.8 pumpAvgMs=33.3 pumpP95Ms=50.0 pumpMaxMs=75.0 queueDelayAvgMs=9.4 queueDelayP95Ms=24.3 queueDelayMaxMs=40.5 samePump=1 pumpBatchMax=2 queueDepthMax=2 frameMaxMs=41.7
[rubber-banding][remote-render] time=114.579 frame=8756 entity=1 latestHostTick=2860 buffer=8 windowMs=1000.0 fps=89.0 snapshots=31 arrivalSamples=31 arrivalAvgMs=33.3 arrivalP95Ms=50.0 arrivalMaxMs=75.0 sameArrival=1 tickGapMax=2 renderFrames=89 interpolation=89 extrapolation=0 extrapolationCapped=0 extrapolationMaxMs=0.0 oldestHeld=0 zeroSpan=0 movingFrozen=0 teleport=0 visualStepAvgCm=0.00 visualStepMaxCm=0.00
[rubber-banding][remote-render] time=114.579 frame=8756 entity=2 latestHostTick=2860 buffer=8 windowMs=1000.0 fps=89.0 snapshots=31 arrivalSamples=31 arrivalAvgMs=33.3 arrivalP95Ms=50.0 arrivalMaxMs=75.0 sameArrival=1 tickGapMax=2 renderFrames=89 interpolation=89 extrapolation=0 extrapolationCapped=0 extrapolationMaxMs=0.0 oldestHeld=0 zeroSpan=0 movingFrozen=0 teleport=0 visualStepAvgCm=0.00 visualStepMaxCm=0.00
[rubber-banding][remote-render] time=114.579 frame=8756 entity=4 latestHostTick=2860 buffer=8 windowMs=1000.0 fps=89.0 snapshots=31 arrivalSamples=31 arrivalAvgMs=33.3 arrivalP95Ms=50.0 arrivalMaxMs=75.0 sameArrival=1 tickGapMax=2 renderFrames=89 interpolation=89 extrapolation=0 extrapolationCapped=0 extrapolationMaxMs=0.0 oldestHeld=0 zeroSpan=0 movingFrozen=0 teleport=0 visualStepAvgCm=0.00 visualStepMaxCm=0.00
[rubber-banding][udp-pump] time=115.479 frame=8831 focused=0 windowMs=1008.3 fps=85.3 packets=31 socketAvgMs=33.1 socketP95Ms=49.0 socketMaxMs=51.0 pumpAvgMs=33.3 pumpP95Ms=50.0 pumpMaxMs=58.3 queueDelayAvgMs=10.3 queueDelayP95Ms=26.2 queueDelayMaxMs=54.6 samePump=1 pumpBatchMax=2 queueDepthMax=2 frameMaxMs=41.7
[rubber-banding][remote-render] time=115.587 frame=8837 entity=1 latestHostTick=2920 buffer=8 windowMs=1008.3 fps=80.3 snapshots=30 arrivalSamples=30 arrivalAvgMs=33.1 arrivalP95Ms=50.0 arrivalMaxMs=58.3 sameArrival=1 tickGapMax=2 renderFrames=81 interpolation=81 extrapolation=0 extrapolationCapped=0 extrapolationMaxMs=0.0 oldestHeld=0 zeroSpan=0 movingFrozen=0 teleport=0 visualStepAvgCm=0.00 visualStepMaxCm=0.00
[rubber-banding][remote-render] time=115.587 frame=8837 entity=2 latestHostTick=2920 buffer=8 windowMs=1008.3 fps=80.3 snapshots=30 arrivalSamples=30 arrivalAvgMs=33.1 arrivalP95Ms=50.0 arrivalMaxMs=58.3 sameArrival=1 tickGapMax=2 renderFrames=81 interpolation=81 extrapolation=0 extrapolationCapped=0 extrapolationMaxMs=0.0 oldestHeld=0 zeroSpan=0 movingFrozen=0 teleport=0 visualStepAvgCm=0.00 visualStepMaxCm=0.00
[rubber-banding][remote-render] time=115.587 frame=8837 entity=4 latestHostTick=2920 buffer=8 windowMs=1008.3 fps=80.3 snapshots=30 arrivalSamples=30 arrivalAvgMs=33.1 arrivalP95Ms=50.0 arrivalMaxMs=58.3 sameArrival=1 tickGapMax=2 renderFrames=81 interpolation=81 extrapolation=0 extrapolationCapped=0 extrapolationMaxMs=0.0 oldestHeld=0 zeroSpan=0 movingFrozen=0 teleport=0 visualStepAvgCm=0.00 visualStepMaxCm=0.00
[rubber-banding][udp-pump] time=116.479 frame=8885 focused=0 windowMs=1000.1 fps=54.0 packets=30 socketAvgMs=33.3 socketP95Ms=45.0 socketMaxMs=47.9 pumpAvgMs=32.5 pumpP95Ms=66.7 pumpMaxMs=83.4 queueDelayAvgMs=11.6 queueDelayP95Ms=19.9 queueDelayMaxMs=28.0 samePump=0 pumpBatchMax=1 queueDepthMax=2 frameMaxMs=41.7
[rubber-banding][remote-render] time=116.587 frame=8890 entity=1 latestHostTick=2980 buffer=8 windowMs=1000.0 fps=53.0 snapshots=30 arrivalSamples=30 arrivalAvgMs=33.6 arrivalP95Ms=66.7 arrivalMaxMs=83.4 sameArrival=0 tickGapMax=2 renderFrames=53 interpolation=53 extrapolation=0 extrapolationCapped=0 extrapolationMaxMs=0.0 oldestHeld=0 zeroSpan=0 movingFrozen=0 teleport=0 visualStepAvgCm=0.00 visualStepMaxCm=0.00
[rubber-banding][remote-render] time=116.587 frame=8890 entity=2 latestHostTick=2980 buffer=8 windowMs=1000.0 fps=53.0 snapshots=30 arrivalSamples=30 arrivalAvgMs=33.6 arrivalP95Ms=66.7 arrivalMaxMs=83.4 sameArrival=0 tickGapMax=2 renderFrames=53 interpolation=53 extrapolation=0 extrapolationCapped=0 extrapolationMaxMs=0.0 oldestHeld=0 zeroSpan=0 movingFrozen=0 teleport=0 visualStepAvgCm=0.00 visualStepMaxCm=0.00
[rubber-banding][remote-render] time=116.587 frame=8890 entity=4 latestHostTick=2980 buffer=8 windowMs=1000.0 fps=53.0 snapshots=30 arrivalSamples=30 arrivalAvgMs=33.6 arrivalP95Ms=66.7 arrivalMaxMs=83.4 sameArrival=0 tickGapMax=2 renderFrames=53 interpolation=53 extrapolation=0 extrapolationCapped=0 extrapolationMaxMs=0.0 oldestHeld=0 zeroSpan=0 movingFrozen=0 teleport=0 visualStepAvgCm=0.47 visualStepMaxCm=9.04
[rubber-banding][udp-pump] time=117.496 frame=8932 focused=0 windowMs=1016.6 fps=46.2 packets=30 socketAvgMs=33.5 socketP95Ms=50.2 socketMaxMs=53.6 pumpAvgMs=33.6 pumpP95Ms=66.7 pumpMaxMs=66.7 queueDelayAvgMs=12.3 queueDelayP95Ms=25.9 queueDelayMaxMs=29.3 samePump=2 pumpBatchMax=2 queueDepthMax=2 frameMaxMs=66.7
[rubber-banding][remote-render] time=117.612 frame=8937 entity=1 latestHostTick=3042 buffer=8 windowMs=1025.0 fps=45.9 snapshots=31 arrivalSamples=31 arrivalAvgMs=33.3 arrivalP95Ms=66.7 arrivalMaxMs=66.7 sameArrival=2 tickGapMax=2 renderFrames=47 interpolation=47 extrapolation=0 extrapolationCapped=0 extrapolationMaxMs=0.0 oldestHeld=0 zeroSpan=0 movingFrozen=0 teleport=0 visualStepAvgCm=0.00 visualStepMaxCm=0.00
[rubber-banding][remote-render] time=117.612 frame=8937 entity=2 latestHostTick=3042 buffer=8 windowMs=1025.0 fps=45.9 snapshots=31 arrivalSamples=31 arrivalAvgMs=33.3 arrivalP95Ms=66.7 arrivalMaxMs=66.7 sameArrival=2 tickGapMax=2 renderFrames=47 interpolation=47 extrapolation=0 extrapolationCapped=0 extrapolationMaxMs=0.0 oldestHeld=0 zeroSpan=0 movingFrozen=0 teleport=0 visualStepAvgCm=0.00 visualStepMaxCm=0.00
[rubber-banding][remote-render] time=117.612 frame=8937 entity=4 latestHostTick=3042 buffer=8 windowMs=1025.0 fps=45.9 snapshots=31 arrivalSamples=31 arrivalAvgMs=33.3 arrivalP95Ms=66.7 arrivalMaxMs=66.7 sameArrival=2 tickGapMax=2 renderFrames=47 interpolation=47 extrapolation=0 extrapolationCapped=0 extrapolationMaxMs=0.0 oldestHeld=0 zeroSpan=0 movingFrozen=0 teleport=0 visualStepAvgCm=8.40 visualStepMaxCm=27.02
[rubber-banding][large-step] time=117.612 frame=8937 focused=0 entity=4 buffer=8 count=2 maxStepCm=27.02 fromTick=3020 toTick=3022 tickSpan=2 receivedSpanMs=16.6 t=0.201 renderOffsetMs=-13.3 teleport=0 previous=(0.854, 0.008, -0.648) rendered=(1.015, 0.008, -0.431)
[rubber-banding][udp-pump] time=118.504 frame=8977 focused=0 windowMs=1008.3 fps=44.6 packets=31 socketAvgMs=33.5 socketP95Ms=52.4 socketMaxMs=53.3 pumpAvgMs=33.6 pumpP95Ms=58.3 pumpMaxMs=75.0 queueDelayAvgMs=11.3 queueDelayP95Ms=24.8 queueDelayMaxMs=24.9 samePump=2 pumpBatchMax=2 queueDepthMax=2 frameMaxMs=66.7
[rubber-banding][remote-render] time=118.621 frame=8982 entity=1 latestHostTick=3102 buffer=8 windowMs=1008.3 fps=44.6 snapshots=30 arrivalSamples=30 arrivalAvgMs=32.5 arrivalP95Ms=58.3 arrivalMaxMs=75.0 sameArrival=2 tickGapMax=2 renderFrames=45 interpolation=45 extrapolation=0 extrapolationCapped=0 extrapolationMaxMs=0.0 oldestHeld=0 zeroSpan=0 movingFrozen=0 teleport=0 visualStepAvgCm=0.00 visualStepMaxCm=0.00
[rubber-banding][remote-render] time=118.621 frame=8982 entity=2 latestHostTick=3102 buffer=8 windowMs=1008.3 fps=44.6 snapshots=30 arrivalSamples=30 arrivalAvgMs=32.5 arrivalP95Ms=58.3 arrivalMaxMs=75.0 sameArrival=2 tickGapMax=2 renderFrames=45 interpolation=45 extrapolation=0 extrapolationCapped=0 extrapolationMaxMs=0.0 oldestHeld=0 zeroSpan=0 movingFrozen=0 teleport=0 visualStepAvgCm=0.00 visualStepMaxCm=0.00
[rubber-banding][remote-render] time=118.621 frame=8982 entity=4 latestHostTick=3102 buffer=8 windowMs=1008.3 fps=44.6 snapshots=30 arrivalSamples=30 arrivalAvgMs=32.5 arrivalP95Ms=58.3 arrivalMaxMs=75.0 sameArrival=2 tickGapMax=2 renderFrames=45 interpolation=45 extrapolation=0 extrapolationCapped=0 extrapolationMaxMs=0.0 oldestHeld=0 zeroSpan=0 movingFrozen=0 teleport=0 visualStepAvgCm=8.99 visualStepMaxCm=35.98
[rubber-banding][large-step] time=118.621 frame=8982 focused=0 entity=4 buffer=8 count=3 maxStepCm=35.98 fromTick=3048 toTick=3050 tickSpan=2 receivedSpanMs=8.3 t=0.401 renderOffsetMs=-5.0 teleport=0 previous=(0.968, 0.008, 1.027) rendered=(0.952, 0.008, 1.386)
[rubber-banding][udp-pump] time=119.537 frame=9022 focused=0 windowMs=1033.3 fps=43.5 packets=31 socketAvgMs=33.3 socketP95Ms=47.4 socketMaxMs=48.7 pumpAvgMs=33.3 pumpP95Ms=66.7 pumpMaxMs=75.0 queueDelayAvgMs=12.2 queueDelayP95Ms=25.2 queueDelayMaxMs=27.2 samePump=2 pumpBatchMax=2 queueDepthMax=2 frameMaxMs=66.7
[rubber-banding][remote-render] time=119.629 frame=9027 entity=1 latestHostTick=3164 buffer=8 windowMs=1008.3 fps=44.6 snapshots=31 arrivalSamples=31 arrivalAvgMs=33.6 arrivalP95Ms=66.7 arrivalMaxMs=75.0 sameArrival=2 tickGapMax=2 renderFrames=45 interpolation=45 extrapolation=0 extrapolationCapped=0 extrapolationMaxMs=0.0 oldestHeld=0 zeroSpan=0 movingFrozen=0 teleport=0 visualStepAvgCm=0.00 visualStepMaxCm=0.00
[rubber-banding][remote-render] time=119.629 frame=9027 entity=2 latestHostTick=3164 buffer=8 windowMs=1008.3 fps=44.6 snapshots=31 arrivalSamples=31 arrivalAvgMs=33.6 arrivalP95Ms=66.7 arrivalMaxMs=75.0 sameArrival=2 tickGapMax=2 renderFrames=45 interpolation=45 extrapolation=0 extrapolationCapped=0 extrapolationMaxMs=0.0 oldestHeld=0 zeroSpan=0 movingFrozen=0 teleport=0 visualStepAvgCm=0.00 visualStepMaxCm=0.00
[rubber-banding][remote-render] time=119.629 frame=9027 entity=4 latestHostTick=3164 buffer=8 windowMs=1008.3 fps=44.6 snapshots=31 arrivalSamples=31 arrivalAvgMs=33.6 arrivalP95Ms=66.7 arrivalMaxMs=75.0 sameArrival=2 tickGapMax=2 renderFrames=45 interpolation=45 extrapolation=0 extrapolationCapped=0 extrapolationMaxMs=0.0 oldestHeld=0 zeroSpan=0 movingFrozen=0 teleport=0 visualStepAvgCm=8.83 visualStepMaxCm=36.14
[rubber-banding][large-step] time=119.629 frame=9027 focused=0 entity=4 buffer=8 count=2 maxStepCm=36.14 fromTick=3138 toTick=3140 tickSpan=2 receivedSpanMs=16.6 t=0.200 renderOffsetMs=-13.3 teleport=0 previous=(-1.477, 0.008, 1.148) rendered=(-1.428, 0.008, 0.790)
[rubber-banding][udp-pump] time=120.571 frame=9071 focused=0 windowMs=1033.3 fps=47.4 packets=31 socketAvgMs=33.2 socketP95Ms=53.1 socketMaxMs=53.2 pumpAvgMs=33.3 pumpP95Ms=58.4 pumpMaxMs=66.7 queueDelayAvgMs=11.8 queueDelayP95Ms=25.4 queueDelayMaxMs=26.0 samePump=0 pumpBatchMax=1 queueDepthMax=1 frameMaxMs=58.4
[rubber-banding][remote-render] time=120.637 frame=9074 entity=1 latestHostTick=3224 buffer=8 windowMs=1008.3 fps=46.6 snapshots=30 arrivalSamples=30 arrivalAvgMs=33.6 arrivalP95Ms=58.4 arrivalMaxMs=66.7 sameArrival=0 tickGapMax=2 renderFrames=47 interpolation=47 extrapolation=0 extrapolationCapped=0 extrapolationMaxMs=0.0 oldestHeld=0 zeroSpan=0 movingFrozen=0 teleport=0 visualStepAvgCm=0.00 visualStepMaxCm=0.00
[rubber-banding][remote-render] time=120.637 frame=9074 entity=2 latestHostTick=3224 buffer=8 windowMs=1008.3 fps=46.6 snapshots=30 arrivalSamples=30 arrivalAvgMs=33.6 arrivalP95Ms=58.4 arrivalMaxMs=66.7 sameArrival=0 tickGapMax=2 renderFrames=47 interpolation=47 extrapolation=0 extrapolationCapped=0 extrapolationMaxMs=0.0 oldestHeld=0 zeroSpan=0 movingFrozen=0 teleport=0 visualStepAvgCm=0.00 visualStepMaxCm=0.00
[rubber-banding][remote-render] time=120.637 frame=9074 entity=4 latestHostTick=3224 buffer=8 windowMs=1008.3 fps=46.6 snapshots=30 arrivalSamples=30 arrivalAvgMs=33.6 arrivalP95Ms=58.4 arrivalMaxMs=66.7 sameArrival=0 tickGapMax=2 renderFrames=47 interpolation=47 extrapolation=0 extrapolationCapped=0 extrapolationMaxMs=0.0 oldestHeld=0 zeroSpan=0 movingFrozen=0 teleport=0 visualStepAvgCm=8.04 visualStepMaxCm=27.35
[rubber-banding][large-step] time=120.637 frame=9074 focused=0 entity=4 buffer=8 count=1 maxStepCm=27.35 fromTick=3162 toTick=3164 tickSpan=2 receivedSpanMs=50.0 t=0.900 renderOffsetMs=-5.0 teleport=0 previous=(-0.641, 0.008, -0.255) rendered=(-0.422, 0.008, -0.418)
[rubber-banding][udp-pump] time=121.604 frame=9116 focused=0 windowMs=1033.3 fps=43.5 packets=31 socketAvgMs=33.3 socketP95Ms=48.6 socketMaxMs=50.7 pumpAvgMs=33.3 pumpP95Ms=75.0 pumpMaxMs=75.0 queueDelayAvgMs=10.6 queueDelayP95Ms=24.4 queueDelayMaxMs=31.1 samePump=1 pumpBatchMax=2 queueDepthMax=2 frameMaxMs=75.0
[rubber-banding][remote-render] time=121.654 frame=9118 entity=1 latestHostTick=3284 buffer=8 windowMs=1016.6 fps=43.3 snapshots=30 arrivalSamples=30 arrivalAvgMs=33.9 arrivalP95Ms=75.0 arrivalMaxMs=75.0 sameArrival=1 tickGapMax=2 renderFrames=44 interpolation=44 extrapolation=0 extrapolationCapped=0 extrapolationMaxMs=0.0 oldestHeld=0 zeroSpan=0 movingFrozen=0 teleport=0 visualStepAvgCm=0.00 visualStepMaxCm=0.00
[rubber-banding][remote-render] time=121.654 frame=9118 entity=2 latestHostTick=3284 buffer=8 windowMs=1016.6 fps=43.3 snapshots=30 arrivalSamples=30 arrivalAvgMs=33.9 arrivalP95Ms=75.0 arrivalMaxMs=75.0 sameArrival=1 tickGapMax=2 renderFrames=44 interpolation=44 extrapolation=0 extrapolationCapped=0 extrapolationMaxMs=0.0 oldestHeld=0 zeroSpan=0 movingFrozen=0 teleport=0 visualStepAvgCm=0.00 visualStepMaxCm=0.00
[rubber-banding][remote-render] time=121.654 frame=9118 entity=4 latestHostTick=3284 buffer=8 windowMs=1016.6 fps=43.3 snapshots=30 arrivalSamples=30 arrivalAvgMs=33.9 arrivalP95Ms=75.0 arrivalMaxMs=75.0 sameArrival=1 tickGapMax=2 renderFrames=44 interpolation=44 extrapolation=0 extrapolationCapped=0 extrapolationMaxMs=0.0 oldestHeld=0 zeroSpan=0 movingFrozen=0 teleport=0 visualStepAvgCm=9.15 visualStepMaxCm=44.02
[rubber-banding][large-step] time=121.654 frame=9118 focused=0 entity=4 buffer=8 count=2 maxStepCm=44.02 fromTick=3262 toTick=3264 tickSpan=2 receivedSpanMs=16.6 t=0.701 renderOffsetMs=-5.0 teleport=0 previous=(3.023, 0.008, 0.673) rendered=(3.088, 0.008, 0.238)
[rubber-banding][udp-pump] time=122.604 frame=9160 focused=0 windowMs=1000.0 fps=44.0 packets=30 socketAvgMs=33.3 socketP95Ms=48.9 socketMaxMs=55.7 pumpAvgMs=33.3 pumpP95Ms=83.4 pumpMaxMs=83.4 queueDelayAvgMs=9.5 queueDelayP95Ms=16.8 queueDelayMaxMs=19.5 samePump=0 pumpBatchMax=1 queueDepthMax=2 frameMaxMs=75.0
[rubber-banding][remote-render] time=122.679 frame=9163 entity=1 latestHostTick=3346 buffer=8 windowMs=1025.0 fps=43.9 snapshots=31 arrivalSamples=31 arrivalAvgMs=33.1 arrivalP95Ms=83.4 arrivalMaxMs=83.4 sameArrival=0 tickGapMax=2 renderFrames=45 interpolation=45 extrapolation=0 extrapolationCapped=0 extrapolationMaxMs=0.0 oldestHeld=0 zeroSpan=0 movingFrozen=0 teleport=0 visualStepAvgCm=0.00 visualStepMaxCm=0.00
[rubber-banding][remote-render] time=122.679 frame=9163 entity=2 latestHostTick=3346 buffer=8 windowMs=1025.0 fps=43.9 snapshots=31 arrivalSamples=31 arrivalAvgMs=33.1 arrivalP95Ms=83.4 arrivalMaxMs=83.4 sameArrival=0 tickGapMax=2 renderFrames=45 interpolation=45 extrapolation=0 extrapolationCapped=0 extrapolationMaxMs=0.0 oldestHeld=0 zeroSpan=0 movingFrozen=0 teleport=0 visualStepAvgCm=0.00 visualStepMaxCm=0.00
[rubber-banding][remote-render] time=122.679 frame=9163 entity=4 latestHostTick=3346 buffer=8 windowMs=1025.0 fps=43.9 snapshots=31 arrivalSamples=31 arrivalAvgMs=33.1 arrivalP95Ms=83.4 arrivalMaxMs=83.4 sameArrival=0 tickGapMax=2 renderFrames=45 interpolation=45 extrapolation=0 extrapolationCapped=0 extrapolationMaxMs=0.0 oldestHeld=0 zeroSpan=0 movingFrozen=0 teleport=0 visualStepAvgCm=8.89 visualStepMaxCm=48.71
[rubber-banding][large-step] time=122.679 frame=9163 focused=0 entity=4 buffer=8 count=2 maxStepCm=48.71 fromTick=3300 toTick=3302 tickSpan=2 receivedSpanMs=83.4 t=0.040 renderOffsetMs=-80.0 teleport=0 previous=(3.058, 0.008, -1.594) rendered=(2.594, 0.008, -1.740)
[rubber-banding][udp-pump] time=123.612 frame=9208 focused=0 windowMs=1008.3 fps=47.6 packets=30 socketAvgMs=33.7 socketP95Ms=48.9 socketMaxMs=49.4 pumpAvgMs=33.6 pumpP95Ms=83.4 pumpMaxMs=91.7 queueDelayAvgMs=13.3 queueDelayP95Ms=23.9 queueDelayMaxMs=24.3 samePump=3 pumpBatchMax=2 queueDepthMax=2 frameMaxMs=75.0
[rubber-banding][remote-render] time=123.687 frame=9211 entity=1 latestHostTick=3406 buffer=8 windowMs=1008.3 fps=47.6 snapshots=30 arrivalSamples=30 arrivalAvgMs=33.1 arrivalP95Ms=83.4 arrivalMaxMs=91.7 sameArrival=3 tickGapMax=2 renderFrames=48 interpolation=48 extrapolation=0 extrapolationCapped=0 extrapolationMaxMs=0.0 oldestHeld=0 zeroSpan=0 movingFrozen=0 teleport=0 visualStepAvgCm=0.00 visualStepMaxCm=0.00
[rubber-banding][remote-render] time=123.687 frame=9211 entity=2 latestHostTick=3406 buffer=8 windowMs=1008.3 fps=47.6 snapshots=30 arrivalSamples=30 arrivalAvgMs=33.1 arrivalP95Ms=83.4 arrivalMaxMs=91.7 sameArrival=3 tickGapMax=2 renderFrames=48 interpolation=48 extrapolation=0 extrapolationCapped=0 extrapolationMaxMs=0.0 oldestHeld=0 zeroSpan=0 movingFrozen=0 teleport=0 visualStepAvgCm=0.00 visualStepMaxCm=0.00
[rubber-banding][remote-render] time=123.687 frame=9211 entity=4 latestHostTick=3406 buffer=8 windowMs=1008.3 fps=47.6 snapshots=30 arrivalSamples=30 arrivalAvgMs=33.1 arrivalP95Ms=83.4 arrivalMaxMs=91.7 sameArrival=3 tickGapMax=2 renderFrames=48 interpolation=48 extrapolation=0 extrapolationCapped=0 extrapolationMaxMs=0.0 oldestHeld=0 zeroSpan=0 movingFrozen=0 teleport=0 visualStepAvgCm=8.18 visualStepMaxCm=46.86
[rubber-banding][large-step] time=123.687 frame=9211 focused=0 entity=4 buffer=8 count=3 maxStepCm=46.86 fromTick=3390 toTick=3392 tickSpan=2 receivedSpanMs=83.4 t=0.040 renderOffsetMs=-80.0 teleport=0 previous=(2.022, 0.008, 1.354) rendered=(1.958, 0.008, 1.818)
[rubber-banding][udp-pump] time=124.621 frame=9254 focused=0 windowMs=1008.3 fps=45.6 packets=30 socketAvgMs=32.9 socketP95Ms=44.7 socketMaxMs=49.4 pumpAvgMs=32.5 pumpP95Ms=66.7 pumpMaxMs=75.0 queueDelayAvgMs=14.4 queueDelayP95Ms=24.9 queueDelayMaxMs=24.9 samePump=1 pumpBatchMax=2 queueDepthMax=2 frameMaxMs=75.0
[rubber-banding][remote-render] time=124.687 frame=9258 entity=1 latestHostTick=3466 buffer=8 windowMs=1000.0 fps=47.0 snapshots=30 arrivalSamples=30 arrivalAvgMs=32.5 arrivalP95Ms=66.7 arrivalMaxMs=75.0 sameArrival=1 tickGapMax=2 renderFrames=47 interpolation=47 extrapolation=0 extrapolationCapped=0 extrapolationMaxMs=0.0 oldestHeld=0 zeroSpan=0 movingFrozen=0 teleport=0 visualStepAvgCm=0.00 visualStepMaxCm=0.00
[rubber-banding][remote-render] time=124.687 frame=9258 entity=2 latestHostTick=3466 buffer=8 windowMs=1000.0 fps=47.0 snapshots=30 arrivalSamples=30 arrivalAvgMs=32.5 arrivalP95Ms=66.7 arrivalMaxMs=75.0 sameArrival=1 tickGapMax=2 renderFrames=47 interpolation=47 extrapolation=0 extrapolationCapped=0 extrapolationMaxMs=0.0 oldestHeld=0 zeroSpan=0 movingFrozen=0 teleport=0 visualStepAvgCm=0.00 visualStepMaxCm=0.00
[rubber-banding][remote-render] time=124.687 frame=9258 entity=4 latestHostTick=3466 buffer=8 windowMs=1000.0 fps=47.0 snapshots=30 arrivalSamples=30 arrivalAvgMs=32.5 arrivalP95Ms=66.7 arrivalMaxMs=75.0 sameArrival=1 tickGapMax=2 renderFrames=47 interpolation=47 extrapolation=0 extrapolationCapped=0 extrapolationMaxMs=0.0 oldestHeld=0 zeroSpan=0 movingFrozen=0 teleport=0 visualStepAvgCm=8.62 visualStepMaxCm=31.28
[rubber-banding][large-step] time=124.687 frame=9258 focused=0 entity=4 buffer=8 count=1 maxStepCm=31.28 fromTick=3452 toTick=3454 tickSpan=2 receivedSpanMs=8.3 t=0.402 renderOffsetMs=-5.0 teleport=0 previous=(-1.090, 0.008, 2.409) rendered=(-1.277, 0.008, 2.158)
[rubber-banding][udp-pump] time=125.654 frame=9305 focused=0 windowMs=1033.3 fps=49.4 packets=31 socketAvgMs=33.4 socketP95Ms=48.1 socketMaxMs=48.6 pumpAvgMs=33.3 pumpP95Ms=75.0 pumpMaxMs=100.0 queueDelayAvgMs=10.5 queueDelayP95Ms=23.8 queueDelayMaxMs=24.2 samePump=0 pumpBatchMax=1 queueDepthMax=2 frameMaxMs=50.0
[rubber-banding][remote-render] time=125.704 frame=9307 entity=1 latestHostTick=3526 buffer=8 windowMs=1016.7 fps=48.2 snapshots=30 arrivalSamples=30 arrivalAvgMs=33.9 arrivalP95Ms=75.0 arrivalMaxMs=100.0 sameArrival=0 tickGapMax=2 renderFrames=49 interpolation=48 extrapolation=1 extrapolationCapped=0 extrapolationMaxMs=11.7 oldestHeld=0 zeroSpan=0 movingFrozen=0 teleport=0 visualStepAvgCm=0.00 visualStepMaxCm=0.00
[rubber-banding][remote-render] time=125.704 frame=9307 entity=2 latestHostTick=3526 buffer=8 windowMs=1016.7 fps=48.2 snapshots=30 arrivalSamples=30 arrivalAvgMs=33.9 arrivalP95Ms=75.0 arrivalMaxMs=100.0 sameArrival=0 tickGapMax=2 renderFrames=49 interpolation=48 extrapolation=1 extrapolationCapped=0 extrapolationMaxMs=11.7 oldestHeld=0 zeroSpan=0 movingFrozen=0 teleport=0 visualStepAvgCm=0.00 visualStepMaxCm=0.00
[rubber-banding][remote-render] time=125.704 frame=9307 entity=4 latestHostTick=3526 buffer=8 windowMs=1016.7 fps=48.2 snapshots=30 arrivalSamples=30 arrivalAvgMs=33.9 arrivalP95Ms=75.0 arrivalMaxMs=100.0 sameArrival=0 tickGapMax=2 renderFrames=49 interpolation=48 extrapolation=1 extrapolationCapped=0 extrapolationMaxMs=11.7 oldestHeld=0 zeroSpan=0 movingFrozen=0 teleport=0 visualStepAvgCm=8.32 visualStepMaxCm=64.54
[rubber-banding][large-step] time=125.704 frame=9307 focused=0 entity=4 buffer=8 count=2 maxStepCm=64.54 fromTick=3490 toTick=3492 tickSpan=2 receivedSpanMs=8.3 t=2.406 renderOffsetMs=11.7 teleport=0 previous=(-2.035, 0.008, 0.453) rendered=(-1.556, 0.008, 0.019)
[rubber-banding][udp-pump] time=126.679 frame=9351 focused=0 windowMs=1025.0 fps=44.9 packets=30 socketAvgMs=33.3 socketP95Ms=47.1 socketMaxMs=50.7 pumpAvgMs=33.6 pumpP95Ms=58.3 pumpMaxMs=83.4 queueDelayAvgMs=11.9 queueDelayP95Ms=24.5 queueDelayMaxMs=25.6 samePump=1 pumpBatchMax=2 queueDepthMax=2 frameMaxMs=50.0
[rubber-banding][remote-render] time=126.712 frame=9354 entity=1 latestHostTick=3590 buffer=8 windowMs=1008.3 fps=46.6 snapshots=32 arrivalSamples=32 arrivalAvgMs=32.8 arrivalP95Ms=66.7 arrivalMaxMs=83.4 sameArrival=2 tickGapMax=2 renderFrames=47 interpolation=47 extrapolation=0 extrapolationCapped=0 extrapolationMaxMs=0.0 oldestHeld=0 zeroSpan=0 movingFrozen=0 teleport=0 visualStepAvgCm=0.00 visualStepMaxCm=0.00
[rubber-banding][remote-render] time=126.712 frame=9354 entity=2 latestHostTick=3590 buffer=8 windowMs=1008.3 fps=46.6 snapshots=32 arrivalSamples=32 arrivalAvgMs=32.8 arrivalP95Ms=66.7 arrivalMaxMs=83.4 sameArrival=2 tickGapMax=2 renderFrames=47 interpolation=47 extrapolation=0 extrapolationCapped=0 extrapolationMaxMs=0.0 oldestHeld=0 zeroSpan=0 movingFrozen=0 teleport=0 visualStepAvgCm=0.00 visualStepMaxCm=0.00
[rubber-banding][remote-render] time=126.712 frame=9354 entity=4 latestHostTick=3590 buffer=8 windowMs=1008.3 fps=46.6 snapshots=32 arrivalSamples=32 arrivalAvgMs=32.8 arrivalP95Ms=66.7 arrivalMaxMs=83.4 sameArrival=2 tickGapMax=2 renderFrames=47 interpolation=47 extrapolation=0 extrapolationCapped=0 extrapolationMaxMs=0.0 oldestHeld=0 zeroSpan=0 movingFrozen=0 teleport=0 visualStepAvgCm=8.40 visualStepMaxCm=29.22
[rubber-banding][large-step] time=126.712 frame=9354 focused=0 entity=4 buffer=8 count=1 maxStepCm=29.22 fromTick=3564 toTick=3566 tickSpan=2 receivedSpanMs=50.0 t=0.567 renderOffsetMs=-21.7 teleport=0 previous=(0.959, 0.008, 1.378) rendered=(1.204, 0.008, 1.539)
[rubber-banding][udp-pump] time=127.704 frame=9399 focused=0 windowMs=1025.0 fps=46.8 packets=32 socketAvgMs=33.5 socketP95Ms=53.2 socketMaxMs=53.5 pumpAvgMs=33.6 pumpP95Ms=75.0 pumpMaxMs=83.3 queueDelayAvgMs=12.8 queueDelayP95Ms=25.3 queueDelayMaxMs=25.8 samePump=4 pumpBatchMax=2 queueDepthMax=2 frameMaxMs=50.0
[rubber-banding][remote-render] time=127.729 frame=9400 entity=1 latestHostTick=3648 buffer=8 windowMs=1016.7 fps=45.2 snapshots=29 arrivalSamples=29 arrivalAvgMs=34.2 arrivalP95Ms=75.0 arrivalMaxMs=83.3 sameArrival=3 tickGapMax=2 renderFrames=46 interpolation=46 extrapolation=0 extrapolationCapped=0 extrapolationMaxMs=0.0 oldestHeld=0 zeroSpan=0 movingFrozen=0 teleport=0 visualStepAvgCm=0.00 visualStepMaxCm=0.00
[rubber-banding][remote-render] time=127.729 frame=9400 entity=2 latestHostTick=3648 buffer=8 windowMs=1016.7 fps=45.2 snapshots=29 arrivalSamples=29 arrivalAvgMs=34.2 arrivalP95Ms=75.0 arrivalMaxMs=83.3 sameArrival=3 tickGapMax=2 renderFrames=46 interpolation=46 extrapolation=0 extrapolationCapped=0 extrapolationMaxMs=0.0 oldestHeld=0 zeroSpan=0 movingFrozen=0 teleport=0 visualStepAvgCm=0.00 visualStepMaxCm=0.00
[rubber-banding][remote-render] time=127.729 frame=9400 entity=4 latestHostTick=3648 buffer=8 windowMs=1016.7 fps=45.2 snapshots=29 arrivalSamples=29 arrivalAvgMs=34.2 arrivalP95Ms=75.0 arrivalMaxMs=83.3 sameArrival=3 tickGapMax=2 renderFrames=46 interpolation=46 extrapolation=0 extrapolationCapped=0 extrapolationMaxMs=0.0 oldestHeld=0 zeroSpan=0 movingFrozen=0 teleport=0 visualStepAvgCm=8.70 visualStepMaxCm=38.31
[rubber-banding][large-step] time=127.729 frame=9400 focused=0 entity=4 buffer=8 count=2 maxStepCm=38.31 fromTick=3590 toTick=3592 tickSpan=2 receivedSpanMs=16.7 t=0.201 renderOffsetMs=-13.3 teleport=0 previous=(2.417, 0.008, 1.453) rendered=(2.719, 0.008, 1.217)
[rubber-banding][udp-pump] time=128.712 frame=9442 focused=0 windowMs=1008.3 fps=42.6 packets=30 socketAvgMs=33.5 socketP95Ms=51.1 socketMaxMs=52.4 pumpAvgMs=33.6 pumpP95Ms=75.0 pumpMaxMs=75.0 queueDelayAvgMs=12.5 queueDelayP95Ms=23.7 queueDelayMaxMs=26.2 samePump=1 pumpBatchMax=2 queueDepthMax=2 frameMaxMs=75.0
[rubber-banding][remote-render] time=128.746 frame=9444 entity=1 latestHostTick=3710 buffer=8 windowMs=1016.7 fps=43.3 snapshots=31 arrivalSamples=31 arrivalAvgMs=33.6 arrivalP95Ms=75.0 arrivalMaxMs=75.0 sameArrival=1 tickGapMax=2 renderFrames=44 interpolation=44 extrapolation=0 extrapolationCapped=0 extrapolationMaxMs=0.0 oldestHeld=0 zeroSpan=0 movingFrozen=0 teleport=0 visualStepAvgCm=0.00 visualStepMaxCm=0.00
[rubber-banding][remote-render] time=128.746 frame=9444 entity=2 latestHostTick=3710 buffer=8 windowMs=1016.7 fps=43.3 snapshots=31 arrivalSamples=31 arrivalAvgMs=33.6 arrivalP95Ms=75.0 arrivalMaxMs=75.0 sameArrival=1 tickGapMax=2 renderFrames=44 interpolation=44 extrapolation=0 extrapolationCapped=0 extrapolationMaxMs=0.0 oldestHeld=0 zeroSpan=0 movingFrozen=0 teleport=0 visualStepAvgCm=0.00 visualStepMaxCm=0.00
[rubber-banding][remote-render] time=128.746 frame=9444 entity=4 latestHostTick=3710 buffer=8 windowMs=1016.7 fps=43.3 snapshots=31 arrivalSamples=31 arrivalAvgMs=33.6 arrivalP95Ms=75.0 arrivalMaxMs=75.0 sameArrival=1 tickGapMax=2 renderFrames=44 interpolation=44 extrapolation=0 extrapolationCapped=0 extrapolationMaxMs=0.0 oldestHeld=0 zeroSpan=0 movingFrozen=0 teleport=0 visualStepAvgCm=9.19 visualStepMaxCm=44.31
[rubber-banding][large-step] time=128.746 frame=9444 focused=0 entity=4 buffer=8 count=2 maxStepCm=44.31 fromTick=3660 toTick=3662 tickSpan=2 receivedSpanMs=8.3 t=0.403 renderOffsetMs=-5.0 teleport=0 previous=(0.726, 0.008, -0.487) rendered=(0.660, 0.008, -0.048)
[rubber-banding][udp-pump] time=129.737 frame=9487 focused=0 windowMs=1025.0 fps=43.9 packets=30 socketAvgMs=33.5 socketP95Ms=48.2 socketMaxMs=50.4 pumpAvgMs=32.2 pumpP95Ms=66.7 pumpMaxMs=66.7 queueDelayAvgMs=14.4 queueDelayP95Ms=24.3 queueDelayMaxMs=28.1 samePump=1 pumpBatchMax=2 queueDepthMax=2 frameMaxMs=58.3
[rubber-banding][remote-render] time=129.762 frame=9488 entity=1 latestHostTick=3770 buffer=8 windowMs=1016.7 fps=43.3 snapshots=30 arrivalSamples=30 arrivalAvgMs=33.9 arrivalP95Ms=66.7 arrivalMaxMs=83.3 sameArrival=1 tickGapMax=2 renderFrames=44 interpolation=44 extrapolation=0 extrapolationCapped=0 extrapolationMaxMs=0.0 oldestHeld=0 zeroSpan=0 movingFrozen=0 teleport=0 visualStepAvgCm=0.00 visualStepMaxCm=0.00
[rubber-banding][remote-render] time=129.762 frame=9488 entity=2 latestHostTick=3770 buffer=8 windowMs=1016.7 fps=43.3 snapshots=30 arrivalSamples=30 arrivalAvgMs=33.9 arrivalP95Ms=66.7 arrivalMaxMs=83.3 sameArrival=1 tickGapMax=2 renderFrames=44 interpolation=44 extrapolation=0 extrapolationCapped=0 extrapolationMaxMs=0.0 oldestHeld=0 zeroSpan=0 movingFrozen=0 teleport=0 visualStepAvgCm=0.00 visualStepMaxCm=0.00
[rubber-banding][remote-render] time=129.762 frame=9488 entity=4 latestHostTick=3770 buffer=8 windowMs=1016.7 fps=43.3 snapshots=30 arrivalSamples=30 arrivalAvgMs=33.9 arrivalP95Ms=66.7 arrivalMaxMs=83.3 sameArrival=1 tickGapMax=2 renderFrames=44 interpolation=44 extrapolation=0 extrapolationCapped=0 extrapolationMaxMs=0.0 oldestHeld=0 zeroSpan=0 movingFrozen=0 teleport=0 visualStepAvgCm=9.36 visualStepMaxCm=33.33
[rubber-banding][large-step] time=129.762 frame=9488 focused=0 entity=4 buffer=8 count=2 maxStepCm=33.33 fromTick=3744 toTick=3746 tickSpan=2 receivedSpanMs=8.3 t=0.399 renderOffsetMs=-5.0 teleport=0 previous=(-0.704, 0.008, 2.917) rendered=(-1.034, 0.008, 2.867)
[rubber-banding][udp-pump] time=130.762 frame=9533 focused=0 windowMs=1025.0 fps=44.9 packets=31 socketAvgMs=33.4 socketP95Ms=48.5 socketMaxMs=51.2 pumpAvgMs=34.9 pumpP95Ms=66.7 pumpMaxMs=83.3 queueDelayAvgMs=15.7 queueDelayP95Ms=30.5 queueDelayMaxMs=32.1 samePump=3 pumpBatchMax=2 queueDepthMax=2 frameMaxMs=58.4
[rubber-banding][remote-render] time=130.770 frame=9534 entity=1 latestHostTick=3832 buffer=8 windowMs=1008.3 fps=45.6 snapshots=31 arrivalSamples=31 arrivalAvgMs=32.5 arrivalP95Ms=58.4 arrivalMaxMs=66.7 sameArrival=3 tickGapMax=2 renderFrames=46 interpolation=46 extrapolation=0 extrapolationCapped=0 extrapolationMaxMs=0.0 oldestHeld=0 zeroSpan=0 movingFrozen=0 teleport=0 visualStepAvgCm=0.00 visualStepMaxCm=0.00
[rubber-banding][remote-render] time=130.770 frame=9534 entity=2 latestHostTick=3832 buffer=8 windowMs=1008.3 fps=45.6 snapshots=31 arrivalSamples=31 arrivalAvgMs=32.5 arrivalP95Ms=58.4 arrivalMaxMs=66.7 sameArrival=3 tickGapMax=2 renderFrames=46 interpolation=46 extrapolation=0 extrapolationCapped=0 extrapolationMaxMs=0.0 oldestHeld=0 zeroSpan=0 movingFrozen=0 teleport=0 visualStepAvgCm=0.00 visualStepMaxCm=0.00
[rubber-banding][remote-render] time=130.770 frame=9534 entity=4 latestHostTick=3832 buffer=8 windowMs=1008.3 fps=45.6 snapshots=31 arrivalSamples=31 arrivalAvgMs=32.5 arrivalP95Ms=58.4 arrivalMaxMs=66.7 sameArrival=3 tickGapMax=2 renderFrames=46 interpolation=46 extrapolation=0 extrapolationCapped=0 extrapolationMaxMs=0.0 oldestHeld=0 zeroSpan=0 movingFrozen=0 teleport=0 visualStepAvgCm=8.43 visualStepMaxCm=26.12
[rubber-banding][large-step] time=130.770 frame=9534 focused=0 entity=4 buffer=8 count=1 maxStepCm=26.12 fromTick=3824 toTick=3826 tickSpan=2 receivedSpanMs=25.0 t=0.134 renderOffsetMs=-21.6 teleport=0 previous=(-1.885, 0.008, -0.780) rendered=(-1.627, 0.008, -0.741)
[rubber-banding][udp-pump] time=131.762 frame=9581 focused=0 windowMs=1000.0 fps=48.0 packets=30 socketAvgMs=32.7 socketP95Ms=42.3 socketMaxMs=44.8 pumpAvgMs=31.9 pumpP95Ms=75.0 pumpMaxMs=75.0 queueDelayAvgMs=11.4 queueDelayP95Ms=23.4 queueDelayMaxMs=24.4 samePump=0 pumpBatchMax=1 queueDepthMax=2 frameMaxMs=58.4
[rubber-banding][remote-render] time=131.779 frame=9583 entity=1 latestHostTick=3892 buffer=8 windowMs=1008.3 fps=48.6 snapshots=30 arrivalSamples=30 arrivalAvgMs=33.3 arrivalP95Ms=75.0 arrivalMaxMs=75.0 sameArrival=0 tickGapMax=2 renderFrames=49 interpolation=49 extrapolation=0 extrapolationCapped=0 extrapolationMaxMs=0.0 oldestHeld=0 zeroSpan=0 movingFrozen=0 teleport=0 visualStepAvgCm=0.00 visualStepMaxCm=0.00
[rubber-banding][remote-render] time=131.779 frame=9583 entity=2 latestHostTick=3892 buffer=8 windowMs=1008.3 fps=48.6 snapshots=30 arrivalSamples=30 arrivalAvgMs=33.3 arrivalP95Ms=75.0 arrivalMaxMs=75.0 sameArrival=0 tickGapMax=2 renderFrames=49 interpolation=49 extrapolation=0 extrapolationCapped=0 extrapolationMaxMs=0.0 oldestHeld=0 zeroSpan=0 movingFrozen=0 teleport=0 visualStepAvgCm=0.00 visualStepMaxCm=0.00
[rubber-banding][remote-render] time=131.779 frame=9583 entity=4 latestHostTick=3892 buffer=8 windowMs=1008.3 fps=48.6 snapshots=30 arrivalSamples=30 arrivalAvgMs=33.3 arrivalP95Ms=75.0 arrivalMaxMs=75.0 sameArrival=0 tickGapMax=2 renderFrames=49 interpolation=49 extrapolation=0 extrapolationCapped=0 extrapolationMaxMs=0.0 oldestHeld=0 zeroSpan=0 movingFrozen=7 teleport=0 visualStepAvgCm=6.63 visualStepMaxCm=31.15
[rubber-banding][large-step] time=131.779 frame=9583 focused=0 entity=4 buffer=8 count=1 maxStepCm=31.15 fromTick=3838 toTick=3840 tickSpan=2 receivedSpanMs=8.3 t=0.402 renderOffsetMs=-5.0 teleport=0 previous=(-1.084, 0.008, -0.463) rendered=(-0.898, 0.008, -0.214)
[rubber-banding][udp-pump] time=132.787 frame=9626 focused=0 windowMs=1025.0 fps=43.9 packets=31 socketAvgMs=33.7 socketP95Ms=51.6 socketMaxMs=55.4 pumpAvgMs=34.4 pumpP95Ms=66.7 pumpMaxMs=108.4 queueDelayAvgMs=13.0 queueDelayP95Ms=22.4 queueDelayMaxMs=24.5 samePump=1 pumpBatchMax=2 queueDepthMax=2 frameMaxMs=58.4
[rubber-banding][remote-render] time=132.787 frame=9626 entity=1 latestHostTick=3952 buffer=8 windowMs=1008.3 fps=42.6 snapshots=30 arrivalSamples=30 arrivalAvgMs=33.9 arrivalP95Ms=66.7 arrivalMaxMs=108.4 sameArrival=1 tickGapMax=2 renderFrames=43 interpolation=42 extrapolation=1 extrapolationCapped=0 extrapolationMaxMs=20.0 oldestHeld=0 zeroSpan=0 movingFrozen=0 teleport=0 visualStepAvgCm=0.00 visualStepMaxCm=0.00
[rubber-banding][remote-render] time=132.787 frame=9626 entity=2 latestHostTick=3952 buffer=8 windowMs=1008.3 fps=42.6 snapshots=30 arrivalSamples=30 arrivalAvgMs=33.9 arrivalP95Ms=66.7 arrivalMaxMs=108.4 sameArrival=1 tickGapMax=2 renderFrames=43 interpolation=42 extrapolation=1 extrapolationCapped=0 extrapolationMaxMs=20.0 oldestHeld=0 zeroSpan=0 movingFrozen=0 teleport=0 visualStepAvgCm=0.00 visualStepMaxCm=0.00
[rubber-banding][remote-render] time=132.787 frame=9626 entity=4 latestHostTick=3952 buffer=8 windowMs=1008.3 fps=42.6 snapshots=30 arrivalSamples=30 arrivalAvgMs=33.9 arrivalP95Ms=66.7 arrivalMaxMs=108.4 sameArrival=1 tickGapMax=2 renderFrames=43 interpolation=42 extrapolation=1 extrapolationCapped=0 extrapolationMaxMs=20.0 oldestHeld=0 zeroSpan=0 movingFrozen=0 teleport=0 visualStepAvgCm=7.67 visualStepMaxCm=72.88
[rubber-banding][large-step] time=132.787 frame=9626 focused=0 entity=4 buffer=8 count=2 maxStepCm=72.88 fromTick=3930 toTick=3932 tickSpan=2 receivedSpanMs=8.3 t=3.409 renderOffsetMs=20.0 teleport=0 previous=(-0.826, 0.008, 2.195) rendered=(-0.795, 0.008, 2.923)
[rubber-banding][udp-pump] time=133.795 frame=9670 focused=0 windowMs=1008.3 fps=43.6 packets=31 socketAvgMs=33.1 socketP95Ms=50.2 socketMaxMs=51.8 pumpAvgMs=32.5 pumpP95Ms=66.7 pumpMaxMs=75.0 queueDelayAvgMs=10.4 queueDelayP95Ms=23.8 queueDelayMaxMs=25.7 samePump=2 pumpBatchMax=2 queueDepthMax=2 frameMaxMs=75.0
[rubber-banding][remote-render] time=133.795 frame=9670 entity=1 latestHostTick=4014 buffer=8 windowMs=1008.3 fps=43.6 snapshots=31 arrivalSamples=31 arrivalAvgMs=32.5 arrivalP95Ms=66.7 arrivalMaxMs=75.0 sameArrival=2 tickGapMax=2 renderFrames=44 interpolation=44 extrapolation=0 extrapolationCapped=0 extrapolationMaxMs=0.0 oldestHeld=0 zeroSpan=0 movingFrozen=0 teleport=0 visualStepAvgCm=0.00 visualStepMaxCm=0.00
[rubber-banding][remote-render] time=133.795 frame=9670 entity=2 latestHostTick=4014 buffer=8 windowMs=1008.3 fps=43.6 snapshots=31 arrivalSamples=31 arrivalAvgMs=32.5 arrivalP95Ms=66.7 arrivalMaxMs=75.0 sameArrival=2 tickGapMax=2 renderFrames=44 interpolation=44 extrapolation=0 extrapolationCapped=0 extrapolationMaxMs=0.0 oldestHeld=0 zeroSpan=0 movingFrozen=0 teleport=0 visualStepAvgCm=0.00 visualStepMaxCm=0.00
[rubber-banding][remote-render] time=133.795 frame=9670 entity=4 latestHostTick=4014 buffer=8 windowMs=1008.3 fps=43.6 snapshots=31 arrivalSamples=31 arrivalAvgMs=32.5 arrivalP95Ms=66.7 arrivalMaxMs=75.0 sameArrival=2 tickGapMax=2 renderFrames=44 interpolation=44 extrapolation=0 extrapolationCapped=0 extrapolationMaxMs=0.0 oldestHeld=0 zeroSpan=0 movingFrozen=0 teleport=0 visualStepAvgCm=8.81 visualStepMaxCm=41.85
[rubber-banding][large-step] time=133.795 frame=9670 focused=0 entity=4 buffer=8 count=4 maxStepCm=41.85 fromTick=3968 toTick=3970 tickSpan=2 receivedSpanMs=16.6 t=0.701 renderOffsetMs=-5.0 teleport=0 previous=(0.532, 0.008, 3.435) rendered=(0.821, 0.008, 3.132)
[rubber-banding][udp-pump] time=134.804 frame=9715 focused=0 windowMs=1008.3 fps=44.6 packets=30 socketAvgMs=33.2 socketP95Ms=49.9 socketMaxMs=53.8 pumpAvgMs=33.3 pumpP95Ms=58.3 pumpMaxMs=75.0 queueDelayAvgMs=11.0 queueDelayP95Ms=24.2 queueDelayMaxMs=33.3 samePump=2 pumpBatchMax=2 queueDepthMax=2 frameMaxMs=66.7
[rubber-banding][remote-render] time=134.804 frame=9715 entity=1 latestHostTick=4074 buffer=8 windowMs=1008.3 fps=44.6 snapshots=30 arrivalSamples=30 arrivalAvgMs=33.3 arrivalP95Ms=58.3 arrivalMaxMs=75.0 sameArrival=2 tickGapMax=2 renderFrames=45 interpolation=45 extrapolation=0 extrapolationCapped=0 extrapolationMaxMs=0.0 oldestHeld=0 zeroSpan=0 movingFrozen=0 teleport=0 visualStepAvgCm=0.00 visualStepMaxCm=0.00
[rubber-banding][remote-render] time=134.804 frame=9715 entity=2 latestHostTick=4074 buffer=8 windowMs=1008.3 fps=44.6 snapshots=30 arrivalSamples=30 arrivalAvgMs=33.3 arrivalP95Ms=58.3 arrivalMaxMs=75.0 sameArrival=2 tickGapMax=2 renderFrames=45 interpolation=45 extrapolation=0 extrapolationCapped=0 extrapolationMaxMs=0.0 oldestHeld=0 zeroSpan=0 movingFrozen=0 teleport=0 visualStepAvgCm=0.00 visualStepMaxCm=0.00
[rubber-banding][remote-render] time=134.804 frame=9715 entity=4 latestHostTick=4074 buffer=8 windowMs=1008.3 fps=44.6 snapshots=30 arrivalSamples=30 arrivalAvgMs=33.3 arrivalP95Ms=58.3 arrivalMaxMs=75.0 sameArrival=2 tickGapMax=2 renderFrames=45 interpolation=45 extrapolation=0 extrapolationCapped=0 extrapolationMaxMs=0.0 oldestHeld=0 zeroSpan=0 movingFrozen=0 teleport=0 visualStepAvgCm=8.58 visualStepMaxCm=26.50
[rubber-banding][large-step] time=134.804 frame=9715 focused=0 entity=4 buffer=8 count=2 maxStepCm=26.50 fromTick=4060 toTick=4062 tickSpan=2 receivedSpanMs=58.3 t=0.915 renderOffsetMs=-5.0 teleport=0 previous=(3.446, 0.008, -0.604) rendered=(3.293, 0.008, -0.820)
[rubber-banding][udp-pump] time=135.812 frame=9757 focused=0 windowMs=1008.3 fps=41.7 packets=30 socketAvgMs=33.8 socketP95Ms=49.6 socketMaxMs=50.1 pumpAvgMs=33.9 pumpP95Ms=58.4 pumpMaxMs=75.0 queueDelayAvgMs=12.7 queueDelayP95Ms=30.0 queueDelayMaxMs=33.0 samePump=1 pumpBatchMax=2 queueDepthMax=2 frameMaxMs=58.4
[rubber-banding][remote-render] time=135.812 frame=9757 entity=1 latestHostTick=4134 buffer=8 windowMs=1008.3 fps=41.7 snapshots=30 arrivalSamples=30 arrivalAvgMs=33.9 arrivalP95Ms=58.4 arrivalMaxMs=75.0 sameArrival=1 tickGapMax=2 renderFrames=42 interpolation=42 extrapolation=0 extrapolationCapped=0 extrapolationMaxMs=0.0 oldestHeld=0 zeroSpan=0 movingFrozen=0 teleport=0 visualStepAvgCm=0.00 visualStepMaxCm=0.00
[rubber-banding][remote-render] time=135.812 frame=9757 entity=2 latestHostTick=4134 buffer=8 windowMs=1008.3 fps=41.7 snapshots=30 arrivalSamples=30 arrivalAvgMs=33.9 arrivalP95Ms=58.4 arrivalMaxMs=75.0 sameArrival=1 tickGapMax=2 renderFrames=42 interpolation=42 extrapolation=0 extrapolationCapped=0 extrapolationMaxMs=0.0 oldestHeld=0 zeroSpan=0 movingFrozen=0 teleport=0 visualStepAvgCm=0.00 visualStepMaxCm=0.00
[rubber-banding][remote-render] time=135.812 frame=9757 entity=4 latestHostTick=4134 buffer=8 windowMs=1008.3 fps=41.7 snapshots=30 arrivalSamples=30 arrivalAvgMs=33.9 arrivalP95Ms=58.4 arrivalMaxMs=75.0 sameArrival=1 tickGapMax=2 renderFrames=42 interpolation=42 extrapolation=0 extrapolationCapped=0 extrapolationMaxMs=0.0 oldestHeld=0 zeroSpan=0 movingFrozen=0 teleport=0 visualStepAvgCm=9.45 visualStepMaxCm=27.74
[rubber-banding][large-step] time=135.812 frame=9757 focused=0 entity=4 buffer=8 count=1 maxStepCm=27.74 fromTick=4102 toTick=4104 tickSpan=2 receivedSpanMs=41.7 t=0.680 renderOffsetMs=-13.3 teleport=0 previous=(1.101, 0.008, -1.543) rendered=(0.880, 0.008, -1.375)
[rubber-banding][udp-pump] time=136.820 frame=9808 focused=0 windowMs=1008.2 fps=50.6 packets=33 socketAvgMs=33.0 socketP95Ms=53.9 socketMaxMs=59.7 pumpAvgMs=30.3 pumpP95Ms=83.3 pumpMaxMs=100.0 queueDelayAvgMs=10.3 queueDelayP95Ms=24.7 queueDelayMaxMs=33.0 samePump=1 pumpBatchMax=2 queueDepthMax=2 frameMaxMs=58.4
[rubber-banding][remote-render] time=136.820 frame=9808 entity=1 latestHostTick=4200 buffer=8 windowMs=1008.2 fps=50.6 snapshots=33 arrivalSamples=33 arrivalAvgMs=30.3 arrivalP95Ms=83.3 arrivalMaxMs=100.0 sameArrival=1 tickGapMax=2 renderFrames=51 interpolation=50 extrapolation=1 extrapolationCapped=0 extrapolationMaxMs=11.7 oldestHeld=0 zeroSpan=0 movingFrozen=0 teleport=0 visualStepAvgCm=0.00 visualStepMaxCm=0.00
[rubber-banding][remote-render] time=136.820 frame=9808 entity=2 latestHostTick=4200 buffer=8 windowMs=1008.2 fps=50.6 snapshots=33 arrivalSamples=33 arrivalAvgMs=30.3 arrivalP95Ms=83.3 arrivalMaxMs=100.0 sameArrival=1 tickGapMax=2 renderFrames=51 interpolation=50 extrapolation=1 extrapolationCapped=0 extrapolationMaxMs=11.7 oldestHeld=0 zeroSpan=0 movingFrozen=0 teleport=0 visualStepAvgCm=0.00 visualStepMaxCm=0.00
[rubber-banding][remote-render] time=136.820 frame=9808 entity=4 latestHostTick=4200 buffer=8 windowMs=1008.2 fps=50.6 snapshots=33 arrivalSamples=33 arrivalAvgMs=30.3 arrivalP95Ms=83.3 arrivalMaxMs=100.0 sameArrival=1 tickGapMax=2 renderFrames=51 interpolation=50 extrapolation=1 extrapolationCapped=0 extrapolationMaxMs=11.7 oldestHeld=0 zeroSpan=0 movingFrozen=0 teleport=0 visualStepAvgCm=5.08 visualStepMaxCm=73.47
[rubber-banding][large-step] time=136.820 frame=9808 focused=0 entity=4 buffer=8 count=1 maxStepCm=73.47 fromTick=4154 toTick=4156 tickSpan=2 receivedSpanMs=8.3 t=2.401 renderOffsetMs=11.7 teleport=0 previous=(1.114, 0.008, 0.788) rendered=(1.559, 0.008, 1.372)
Direct3D: detected that IDXGISwapChain::GetFrameStatistics is broken (it does not return proper timestamps). Delta time will now be calculated using cpu-side time stampling until the game window is moved.
[rubber-banding][udp-pump] time=137.821 frame=9857 focused=0 windowMs=1000.2 fps=49.0 packets=27 socketAvgMs=33.3 socketP95Ms=39.6 socketMaxMs=39.9 pumpAvgMs=37.4 pumpP95Ms=51.7 pumpMaxMs=152.6 queueDelayAvgMs=7.7 queueDelayP95Ms=17.1 queueDelayMaxMs=22.3 samePump=0 pumpBatchMax=1 queueDepthMax=2 frameMaxMs=25.1
[rubber-banding][remote-render] time=137.821 frame=9857 entity=1 latestHostTick=4254 buffer=8 windowMs=1000.2 fps=49.0 snapshots=27 arrivalSamples=27 arrivalAvgMs=37.4 arrivalP95Ms=51.7 arrivalMaxMs=152.6 sameArrival=0 tickGapMax=2 renderFrames=49 interpolation=48 extrapolation=1 extrapolationCapped=0 extrapolationMaxMs=60.2 oldestHeld=0 zeroSpan=0 movingFrozen=0 teleport=0 visualStepAvgCm=0.00 visualStepMaxCm=0.00
[rubber-banding][remote-render] time=137.821 frame=9857 entity=2 latestHostTick=4254 buffer=8 windowMs=1000.2 fps=49.0 snapshots=27 arrivalSamples=27 arrivalAvgMs=37.4 arrivalP95Ms=51.7 arrivalMaxMs=152.6 sameArrival=0 tickGapMax=2 renderFrames=49 interpolation=48 extrapolation=1 extrapolationCapped=0 extrapolationMaxMs=60.2 oldestHeld=0 zeroSpan=0 movingFrozen=0 teleport=0 visualStepAvgCm=0.00 visualStepMaxCm=0.00
[rubber-banding][remote-render] time=137.821 frame=9857 entity=4 latestHostTick=4254 buffer=8 windowMs=1000.2 fps=49.0 snapshots=27 arrivalSamples=27 arrivalAvgMs=37.4 arrivalP95Ms=51.7 arrivalMaxMs=152.6 sameArrival=0 tickGapMax=2 renderFrames=49 interpolation=48 extrapolation=1 extrapolationCapped=0 extrapolationMaxMs=60.2 oldestHeld=0 zeroSpan=0 movingFrozen=0 teleport=0 visualStepAvgCm=0.00 visualStepMaxCm=0.00
[rubber-banding][udp-pump] time=138.829 frame=9911 focused=0 windowMs=1008.4 fps=53.5 packets=30 socketAvgMs=33.4 socketP95Ms=39.3 socketMaxMs=40.0 pumpAvgMs=33.1 pumpP95Ms=44.5 pumpMaxMs=66.5 queueDelayAvgMs=9.7 queueDelayP95Ms=23.4 queueDelayMaxMs=26.9 samePump=1 pumpBatchMax=2 queueDepthMax=2 frameMaxMs=45.5
[rubber-banding][remote-render] time=138.829 frame=9911 entity=1 latestHostTick=4314 buffer=8 windowMs=1008.4 fps=53.5 snapshots=30 arrivalSamples=30 arrivalAvgMs=33.1 arrivalP95Ms=44.5 arrivalMaxMs=66.5 sameArrival=1 tickGapMax=2 renderFrames=54 interpolation=54 extrapolation=0 extrapolationCapped=0 extrapolationMaxMs=0.0 oldestHeld=0 zeroSpan=0 movingFrozen=0 teleport=0 visualStepAvgCm=0.00 visualStepMaxCm=0.00
[rubber-banding][remote-render] time=138.829 frame=9911 entity=2 latestHostTick=4314 buffer=8 windowMs=1008.4 fps=53.5 snapshots=30 arrivalSamples=30 arrivalAvgMs=33.1 arrivalP95Ms=44.5 arrivalMaxMs=66.5 sameArrival=1 tickGapMax=2 renderFrames=54 interpolation=54 extrapolation=0 extrapolationCapped=0 extrapolationMaxMs=0.0 oldestHeld=0 zeroSpan=0 movingFrozen=0 teleport=0 visualStepAvgCm=0.00 visualStepMaxCm=0.00
[rubber-banding][remote-render] time=138.829 frame=9911 entity=4 latestHostTick=4314 buffer=8 windowMs=1008.4 fps=53.5 snapshots=30 arrivalSamples=30 arrivalAvgMs=33.1 arrivalP95Ms=44.5 arrivalMaxMs=66.5 sameArrival=1 tickGapMax=2 renderFrames=54 interpolation=54 extrapolation=0 extrapolationCapped=0 extrapolationMaxMs=0.0 oldestHeld=0 zeroSpan=0 movingFrozen=0 teleport=0 visualStepAvgCm=0.00 visualStepMaxCm=0.00
[rubber-banding][udp-pump] time=139.846 frame=9962 focused=0 windowMs=1016.6 fps=50.2 packets=31 socketAvgMs=33.3 socketP95Ms=50.2 socketMaxMs=50.3 pumpAvgMs=33.3 pumpP95Ms=58.2 pumpMaxMs=58.4 queueDelayAvgMs=7.5 queueDelayP95Ms=23.7 queueDelayMaxMs=25.7 samePump=1 pumpBatchMax=2 queueDepthMax=2 frameMaxMs=41.1
[rubber-banding][remote-render] time=139.846 frame=9962 entity=1 latestHostTick=4376 buffer=8 windowMs=1016.6 fps=50.2 snapshots=31 arrivalSamples=31 arrivalAvgMs=33.3 arrivalP95Ms=58.2 arrivalMaxMs=58.4 sameArrival=1 tickGapMax=2 renderFrames=51 interpolation=51 extrapolation=0 extrapolationCapped=0 extrapolationMaxMs=0.0 oldestHeld=0 zeroSpan=0 movingFrozen=0 teleport=0 visualStepAvgCm=0.00 visualStepMaxCm=0.00
[rubber-banding][remote-render] time=139.846 frame=9962 entity=2 latestHostTick=4376 buffer=8 windowMs=1016.6 fps=50.2 snapshots=31 arrivalSamples=31 arrivalAvgMs=33.3 arrivalP95Ms=58.2 arrivalMaxMs=58.4 sameArrival=1 tickGapMax=2 renderFrames=51 interpolation=51 extrapolation=0 extrapolationCapped=0 extrapolationMaxMs=0.0 oldestHeld=0 zeroSpan=0 movingFrozen=0 teleport=0 visualStepAvgCm=0.00 visualStepMaxCm=0.00
[rubber-banding][remote-render] time=139.846 frame=9962 entity=4 latestHostTick=4376 buffer=8 windowMs=1016.6 fps=50.2 snapshots=31 arrivalSamples=31 arrivalAvgMs=33.3 arrivalP95Ms=58.2 arrivalMaxMs=58.4 sameArrival=1 tickGapMax=2 renderFrames=51 interpolation=51 extrapolation=0 extrapolationCapped=0 extrapolationMaxMs=0.0 oldestHeld=0 zeroSpan=0 movingFrozen=0 teleport=0 visualStepAvgCm=0.00 visualStepMaxCm=0.00
[rubber-banding][udp-pump] time=140.846 frame=10039 focused=1 windowMs=1000.0 fps=77.0 packets=29 socketAvgMs=34.7 socketP95Ms=35.9 socketMaxMs=67.4 pumpAvgMs=34.5 pumpP95Ms=58.4 pumpMaxMs=75.0 queueDelayAvgMs=8.9 queueDelayP95Ms=16.8 queueDelayMaxMs=27.6 samePump=0 pumpBatchMax=1 queueDepthMax=1 frameMaxMs=33.5
[rubber-banding][remote-render] time=140.846 frame=10039 entity=1 latestHostTick=4436 buffer=8 windowMs=1000.0 fps=77.0 snapshots=29 arrivalSamples=29 arrivalAvgMs=34.5 arrivalP95Ms=58.4 arrivalMaxMs=75.0 sameArrival=0 tickGapMax=4 renderFrames=77 interpolation=77 extrapolation=0 extrapolationCapped=0 extrapolationMaxMs=0.0 oldestHeld=0 zeroSpan=0 movingFrozen=0 teleport=0 visualStepAvgCm=0.00 visualStepMaxCm=0.00
[rubber-banding][remote-render] time=140.846 frame=10039 entity=2 latestHostTick=4436 buffer=8 windowMs=1000.0 fps=77.0 snapshots=29 arrivalSamples=29 arrivalAvgMs=34.5 arrivalP95Ms=58.4 arrivalMaxMs=75.0 sameArrival=0 tickGapMax=4 renderFrames=77 interpolation=77 extrapolation=0 extrapolationCapped=0 extrapolationMaxMs=0.0 oldestHeld=0 zeroSpan=0 movingFrozen=0 teleport=0 visualStepAvgCm=0.00 visualStepMaxCm=0.00
[rubber-banding][udp-pump] time=141.846 frame=10132 focused=1 windowMs=1000.2 fps=93.0 packets=30 socketAvgMs=33.0 socketP95Ms=36.2 socketMaxMs=36.8 pumpAvgMs=33.1 pumpP95Ms=58.3 pumpMaxMs=58.4 queueDelayAvgMs=6.8 queueDelayP95Ms=24.9 queueDelayMaxMs=30.2 samePump=0 pumpBatchMax=1 queueDepthMax=1 frameMaxMs=33.5
[rubber-banding][remote-render] time=141.846 frame=10132 entity=1 latestHostTick=4496 buffer=8 windowMs=1000.2 fps=93.0 snapshots=30 arrivalSamples=30 arrivalAvgMs=33.1 arrivalP95Ms=58.3 arrivalMaxMs=58.4 sameArrival=0 tickGapMax=2 renderFrames=93 interpolation=93 extrapolation=0 extrapolationCapped=0 extrapolationMaxMs=0.0 oldestHeld=0 zeroSpan=0 movingFrozen=0 teleport=0 visualStepAvgCm=0.00 visualStepMaxCm=0.00
[rubber-banding][remote-render] time=141.846 frame=10132 entity=2 latestHostTick=4496 buffer=8 windowMs=1000.2 fps=93.0 snapshots=30 arrivalSamples=30 arrivalAvgMs=33.1 arrivalP95Ms=58.3 arrivalMaxMs=58.4 sameArrival=0 tickGapMax=2 renderFrames=93 interpolation=93 extrapolation=0 extrapolationCapped=0 extrapolationMaxMs=0.0 oldestHeld=0 zeroSpan=0 movingFrozen=0 teleport=0 visualStepAvgCm=0.00 visualStepMaxCm=0.00
[rubber-banding][udp-pump] time=142.855 frame=10208 focused=0 windowMs=1009.0 fps=75.3 packets=30 socketAvgMs=33.4 socketP95Ms=35.4 socketMaxMs=35.4 pumpAvgMs=33.4 pumpP95Ms=41.7 pumpMaxMs=41.8 queueDelayAvgMs=6.0 queueDelayP95Ms=12.6 queueDelayMaxMs=13.6 samePump=0 pumpBatchMax=1 queueDepthMax=1 frameMaxMs=18.4
[rubber-banding][remote-render] time=142.855 frame=10208 entity=1 latestHostTick=4556 buffer=8 windowMs=1009.0 fps=75.3 snapshots=30 arrivalSamples=30 arrivalAvgMs=33.4 arrivalP95Ms=41.7 arrivalMaxMs=41.8 sameArrival=0 tickGapMax=2 renderFrames=76 interpolation=76 extrapolation=0 extrapolationCapped=0 extrapolationMaxMs=0.0 oldestHeld=0 zeroSpan=0 movingFrozen=0 teleport=0 visualStepAvgCm=0.00 visualStepMaxCm=0.00
[rubber-banding][remote-render] time=142.855 frame=10208 entity=2 latestHostTick=4556 buffer=8 windowMs=1009.0 fps=75.3 snapshots=30 arrivalSamples=30 arrivalAvgMs=33.4 arrivalP95Ms=41.7 arrivalMaxMs=41.8 sameArrival=0 tickGapMax=2 renderFrames=76 interpolation=76 extrapolation=0 extrapolationCapped=0 extrapolationMaxMs=0.0 oldestHeld=0 zeroSpan=0 movingFrozen=0 teleport=0 visualStepAvgCm=0.00 visualStepMaxCm=0.00
[Physics::Module] Cleanup current backend.
[Physics::Module] Id: 0xf2b8ea05
Input System module state changed to: ShutdownInProgress.
Input System polling thread exited.
Input System module state changed to: Shutdown.
PlayerConnection::Cleanup##utp:{"type":"MemoryLeaks","version":2,"phase":"Immediate","time":1789718223223,"processId":39964,"allocatedMemory":711099,"memoryLabels":[{"Default":136},{"NewDelete":760},{"Thread":15040},{"Manager":540709},{"Shader":6244},{"GfxDevice":2152},{"GfxThread":22272},{"Audio":752},{"Serialization":520},{"JobScheduler":32768},{"String":519},{"DynamicArray":40},{"HashMap":78848},{"PoolAlloc":288},{"CloudService":144},{"WebRequest":3965},{"VR":1872},{"Video":144},{"NativeArray":3468},{"Subsystems":96},{"Gui":346},{"CoreBusinessMetrics":120}]}
