Mono path[0] = 'C:/ssafy/S15P21D204/Client/Build/fallback-4player-profiler/SSketch_Data/Managed'
Mono config path = 'C:/ssafy/S15P21D204/Client/Build/fallback-4player-profiler/MonoBleedingEdge/etc'
Found 2 interfaces on host : 0) 172.30.0.1 1) 172.30.1.81
Player connection [13352]  Target information:

Player connection [13352]  * "[IP] 172.30.0.1 [Port] 55001 [Flags] 2 [Guid] 3401765564 [EditorId] 1572484331 [Version] 1048832 [Id] WindowsPlayer(2,DESKTOP-MS327CL) [Debug] 0 [PackageName] WindowsPlayer [ProjectName] SSketch" 

Player connection [13352]  * "[IP] 172.30.1.81 [Port] 55001 [Flags] 2 [Guid] 3401765564 [EditorId] 1572484331 [Version] 1048832 [Id] WindowsPlayer(2,DESKTOP-MS327CL) [Debug] 0 [PackageName] WindowsPlayer [ProjectName] SSketch" 

Player connection [13352] Started UDP target info broadcast (1) on [225.0.0.222:54997].

Input System module state changed to: Initialized.
[Physics::Module] Initialized fallback backend.
[Physics::Module] Id: 0xdecafbad
Initialize engine version: 6000.3.22f1 (1c726e1fb402)
[Subsystems] Discovering subsystems at path C:/ssafy/S15P21D204/Client/Build/fallback-4player-profiler/SSketch_Data/UnitySubsystems
[D3D12 Device Filter] Vendor Name: NVIDIA
[D3D12 Device Filter] Device Name: NVIDIA GeForce RTX 4050 Laptop GPU
[D3D12 Device Filter] Driver Version: 32.0.15.7657
[D3D12 Device Filter] Feature Level: 12.2
[D3D12 Device Filter] Graphics Memory: 5924 MB
[D3D12 Device Filter] Processor Count: 22
[D3D12 Device Filter] Device Type: Discrete
GfxDevice: creating device client; kGfxThreadingModeSplitJobs
d3d12: failed to query info queue interface (0x80004002).
Direct3D:
    Version:         Direct3D 12 [level 12.2]
    Renderer:        NVIDIA GeForce RTX 4050 Laptop GPU (ID=0x28a1)
    Vendor:          NVIDIA
    VRAM:            5924 MB
    App VRAM Budget: 5156 MB
    Driver:          32.0.15.7657
Begin MonoManager ReloadAssembly
- Loaded All Assemblies, in  0.175 seconds
- Finished resetting the current domain, in  0.002 seconds
[Physics::Module] Selected backend.
[Physics::Module] Name: PhysX
[Physics::Module] Id: 0xf2b8ea05
[Physics::Module] SDK Version: 4.1.2
[Physics::Module] Integration Version: 1.0.0
[Physics::Module] Threading Mode: Multi-Threaded
<RI> Initializing input.
Using Windows.Gaming.Input
UnloadTime: 0.506900 ms
Unloading 6 Unused Serialized files (Serialized files now loaded: 0)
UnloadTime: 5.494700 ms
Unloading 316 unused Assets / (41.6 KB). Loaded Objects now: 13134.
Memory consumption went from 150.6 MB to 150.5 MB.
Total: 5.177600 ms (FindLiveObjects: 0.595200 ms CreateObjectMapping: 0.352600 ms MarkObjects: 4.061800 ms  DeleteObjects: 0.167300 ms)

Unloading 4 Unused Serialized files (Serialized files now loaded: 0)
UnloadTime: 0.864200 ms
Unloading 127 unused Assets / (225.5 KB). Loaded Objects now: 48812.
Memory consumption went from 237.0 MB to 236.8 MB.
Total: 14.109200 ms (FindLiveObjects: 2.073900 ms CreateObjectMapping: 1.589100 ms MarkObjects: 10.213400 ms  DeleteObjects: 0.232000 ms)

[rubber-banding][udp-pump] time=5.283 frame=38 focused=0 windowMs=1018.7 fps=34.4 packets=28 socketAvgMs=33.2 socketP95Ms=42.4 socketMaxMs=47.5 pumpAvgMs=33.0 pumpP95Ms=199.8 pumpMaxMs=248.7 queueDelayAvgMs=39.2 queueDelayP95Ms=125.9 queueDelayMaxMs=163.5 samePump=11 pumpBatchMax=5 queueDepthMax=5 frameMaxMs=248.7
[rubber-banding][local-input] time=5.706 frame=54 focused=0 host=0 room=23 world=2 authority=2 entity=2 windowMs=1005.2 updates=24 fixedCalls=28 commands=41 predictionSteps=41 noCommandUpdates=0 estimatedHostTick=85 nextInputTick=88 lastRecordedTick=88 lastResolvedTick=84 nextLead=3 recordedLead=3 unresolved=4 clamped=1 clampedTotal=1 batchesSent=19 commandsSent=73 sendFailures=0 move=(0.00,0.00) jump=0
[rubber-banding][remote-render] time=5.706 frame=54 entity=1 latestHostTick=84 buffer=8 windowMs=1000.6 fps=24.0 snapshots=30 arrivalSamples=29 arrivalAvgMs=34.5 arrivalP95Ms=199.8 arrivalMaxMs=248.7 sameArrival=11 tickGapMax=2 renderFrames=24 interpolation=24 extrapolation=0 extrapolationCapped=0 extrapolationMaxMs=0.0 oldestHeld=1 zeroSpan=5 movingFrozen=0 teleport=0 visualStepAvgCm=0.00 visualStepMaxCm=0.00 estimatedHostTick=85 renderTick=79.414 latestSnapshotTick=84.000 renderMinusLatestTicks=-4.586 estimatedMinusLatestTicks=1.000 sampleT=0.707
[rubber-banding][udp-pump] time=6.297 frame=78 focused=0 windowMs=1014.2 fps=39.4 packets=31 socketAvgMs=33.4 socketP95Ms=50.4 socketMaxMs=50.4 pumpAvgMs=33.5 pumpP95Ms=54.6 pumpMaxMs=55.7 queueDelayAvgMs=12.7 queueDelayP95Ms=27.3 queueDelayMaxMs=28.9 samePump=2 pumpBatchMax=2 queueDepthMax=2 frameMaxMs=30.1
[rubber-banding][local-input] time=6.722 frame=99 focused=0 host=0 room=23 world=2 authority=2 entity=2 windowMs=1016.3 updates=45 fixedCalls=51 commands=61 predictionSteps=61 noCommandUpdates=0 estimatedHostTick=146 nextInputTick=149 lastRecordedTick=149 lastResolvedTick=144 nextLead=3 recordedLead=3 unresolved=5 clamped=0 clampedTotal=1 batchesSent=50 commandsSent=186 sendFailures=0 move=(0.00,0.00) jump=0
[rubber-banding][remote-render] time=6.722 frame=99 entity=1 latestHostTick=144 buffer=8 windowMs=1016.3 fps=44.3 snapshots=30 arrivalSamples=30 arrivalAvgMs=33.2 arrivalP95Ms=51.8 arrivalMaxMs=53.1 sameArrival=1 tickGapMax=2 renderFrames=45 interpolation=45 extrapolation=0 extrapolationCapped=0 extrapolationMaxMs=0.0 oldestHeld=0 zeroSpan=1 movingFrozen=0 teleport=0 visualStepAvgCm=0.00 visualStepMaxCm=0.00 estimatedHostTick=146 renderTick=140.554 latestSnapshotTick=144.000 renderMinusLatestTicks=-3.446 estimatedMinusLatestTicks=2.000 sampleT=0.277
[rubber-banding][udp-pump] time=7.306 frame=126 focused=0 windowMs=1009.2 fps=47.6 packets=30 socketAvgMs=33.8 socketP95Ms=47.3 socketMaxMs=47.4 pumpAvgMs=33.6 pumpP95Ms=48.0 pumpMaxMs=50.5 queueDelayAvgMs=10.6 queueDelayP95Ms=23.0 queueDelayMaxMs=24.0 samePump=0 pumpBatchMax=1 queueDepthMax=2 frameMaxMs=27.3
[rubber-banding][local-input] time=7.732 frame=146 focused=0 host=0 room=23 world=2 authority=2 entity=2 windowMs=1010.6 updates=47 fixedCalls=51 commands=60 predictionSteps=60 noCommandUpdates=1 estimatedHostTick=206 nextInputTick=209 lastRecordedTick=209 lastResolvedTick=206 nextLead=3 recordedLead=3 unresolved=3 clamped=0 clampedTotal=1 batchesSent=80 commandsSent=296 sendFailures=0 move=(0.00,0.00) jump=0
[rubber-banding][remote-render] time=7.732 frame=146 entity=1 latestHostTick=206 buffer=8 windowMs=1010.6 fps=46.5 snapshots=31 arrivalSamples=31 arrivalAvgMs=33.2 arrivalP95Ms=48.0 arrivalMaxMs=50.5 sameArrival=0 tickGapMax=2 renderFrames=47 interpolation=47 extrapolation=0 extrapolationCapped=0 extrapolationMaxMs=0.0 oldestHeld=0 zeroSpan=0 movingFrozen=0 teleport=0 visualStepAvgCm=0.00 visualStepMaxCm=0.00 estimatedHostTick=206 renderTick=201.190 latestSnapshotTick=206.000 renderMinusLatestTicks=-4.810 estimatedMinusLatestTicks=0.000 sampleT=0.595
[rubber-banding][udp-pump] time=8.308 frame=174 focused=0 windowMs=1001.5 fps=47.9 packets=30 socketAvgMs=33.0 socketP95Ms=48.1 socketMaxMs=50.8 pumpAvgMs=33.4 pumpP95Ms=49.0 pumpMaxMs=59.3 queueDelayAvgMs=10.4 queueDelayP95Ms=18.8 queueDelayMaxMs=18.9 samePump=1 pumpBatchMax=2 queueDepthMax=1 frameMaxMs=24.8
[rubber-banding][local-input] time=8.745 frame=195 focused=0 host=0 room=23 world=2 authority=2 entity=2 windowMs=1012.3 updates=49 fixedCalls=50 commands=62 predictionSteps=62 noCommandUpdates=2 estimatedHostTick=267 nextInputTick=271 lastRecordedTick=271 lastResolvedTick=266 nextLead=4 recordedLead=4 unresolved=5 clamped=0 clampedTotal=1 batchesSent=109 commandsSent=410 sendFailures=0 move=(0.00,0.00) jump=0
[rubber-banding][remote-render] time=8.745 frame=195 entity=1 latestHostTick=266 buffer=8 windowMs=1012.3 fps=48.4 snapshots=30 arrivalSamples=30 arrivalAvgMs=33.0 arrivalP95Ms=49.0 arrivalMaxMs=59.3 sameArrival=1 tickGapMax=2 renderFrames=49 interpolation=49 extrapolation=0 extrapolationCapped=0 extrapolationMaxMs=0.0 oldestHeld=0 zeroSpan=1 movingFrozen=0 teleport=0 visualStepAvgCm=0.00 visualStepMaxCm=0.00 estimatedHostTick=267 renderTick=261.927 latestSnapshotTick=266.000 renderMinusLatestTicks=-4.073 estimatedMinusLatestTicks=1.000 sampleT=0.964
[rubber-banding][udp-pump] time=9.310 frame=215 focused=0 windowMs=1001.9 fps=40.9 packets=29 socketAvgMs=34.1 socketP95Ms=45.8 socketMaxMs=56.7 pumpAvgMs=34.5 pumpP95Ms=49.3 pumpMaxMs=176.1 queueDelayAvgMs=20.1 queueDelayP95Ms=94.8 queueDelayMaxMs=128.1 samePump=4 pumpBatchMax=4 queueDepthMax=4 frameMaxMs=137.2
[rubber-banding][local-input] time=9.748 frame=233 focused=0 host=0 room=23 world=3 authority=3 entity=2 windowMs=1003.2 updates=38 fixedCalls=50 commands=55 predictionSteps=55 noCommandUpdates=0 estimatedHostTick=45 nextInputTick=47 lastRecordedTick=47 lastResolvedTick=42 nextLead=2 recordedLead=2 unresolved=5 clamped=0 clampedTotal=1 batchesSent=133 commandsSent=521 sendFailures=0 move=(0.00,0.00) jump=0
[rubber-banding][remote-render] time=10.001 frame=244 entity=1 latestHostTick=58 buffer=8 windowMs=1001.7 fps=34.9 snapshots=29 arrivalSamples=28 arrivalAvgMs=29.5 arrivalP95Ms=49.3 arrivalMaxMs=51.3 sameArrival=3 tickGapMax=2 renderFrames=35 interpolation=35 extrapolation=0 extrapolationCapped=0 extrapolationMaxMs=0.0 oldestHeld=0 zeroSpan=2 movingFrozen=0 teleport=0 visualStepAvgCm=0.00 visualStepMaxCm=0.00 estimatedHostTick=61 renderTick=55.733 latestSnapshotTick=58.000 renderMinusLatestTicks=-2.267 estimatedMinusLatestTicks=3.000 sampleT=0.867
[rubber-banding][remote-render] time=10.001 frame=244 entity=3 latestHostTick=58 buffer=8 windowMs=1001.7 fps=34.9 snapshots=29 arrivalSamples=28 arrivalAvgMs=29.5 arrivalP95Ms=49.3 arrivalMaxMs=51.3 sameArrival=3 tickGapMax=2 renderFrames=35 interpolation=35 extrapolation=0 extrapolationCapped=0 extrapolationMaxMs=0.0 oldestHeld=0 zeroSpan=2 movingFrozen=0 teleport=0 visualStepAvgCm=0.00 visualStepMaxCm=0.00 estimatedHostTick=61 renderTick=55.733 latestSnapshotTick=58.000 renderMinusLatestTicks=-2.267 estimatedMinusLatestTicks=3.000 sampleT=0.867
[rubber-banding][udp-pump] time=10.344 frame=248 focused=0 windowMs=1034.3 fps=31.9 packets=27 socketAvgMs=34.1 socketP95Ms=47.5 socketMaxMs=143.7 pumpAvgMs=38.3 pumpP95Ms=85.8 pumpMaxMs=235.2 queueDelayAvgMs=34.5 queueDelayP95Ms=145.9 queueDelayMaxMs=146.4 samePump=3 pumpBatchMax=4 queueDepthMax=4 frameMaxMs=235.2
[rubber-banding][local-input] time=10.863 frame=251 focused=0 host=0 room=23 world=3 authority=3 entity=2 windowMs=1115.3 updates=18 fixedCalls=56 commands=37 predictionSteps=37 noCommandUpdates=1 estimatedHostTick=111 nextInputTick=114 lastRecordedTick=112 lastResolvedTick=100 nextLead=3 recordedLead=1 unresolved=5 clamped=2 clampedTotal=3 batchesSent=147 commandsSent=585 sendFailures=0 move=(0.00,0.00) jump=0
[rubber-banding][remote-render] time=11.080 frame=252 entity=1 latestHostTick=112 buffer=8 windowMs=1079.3 fps=7.4 snapshots=27 arrivalSamples=27 arrivalAvgMs=40.0 arrivalP95Ms=235.2 arrivalMaxMs=240.1 sameArrival=20 tickGapMax=2 renderFrames=8 interpolation=2 extrapolation=6 extrapolationCapped=0 extrapolationMaxMs=129.4 oldestHeld=0 zeroSpan=5 movingFrozen=0 teleport=0 visualStepAvgCm=0.00 visualStepMaxCm=0.00 estimatedHostTick=124 renderTick=119.764 latestSnapshotTick=112.000 renderMinusLatestTicks=7.764 estimatedMinusLatestTicks=12.000 sampleT=4.882
[rubber-banding][remote-render] time=11.080 frame=252 entity=3 latestHostTick=112 buffer=8 windowMs=1079.3 fps=7.4 snapshots=27 arrivalSamples=27 arrivalAvgMs=40.0 arrivalP95Ms=235.2 arrivalMaxMs=240.1 sameArrival=20 tickGapMax=2 renderFrames=8 interpolation=2 extrapolation=6 extrapolationCapped=0 extrapolationMaxMs=129.4 oldestHeld=0 zeroSpan=5 movingFrozen=0 teleport=0 visualStepAvgCm=0.00 visualStepMaxCm=0.00 estimatedHostTick=124 renderTick=119.764 latestSnapshotTick=112.000 renderMinusLatestTicks=7.764 estimatedMinusLatestTicks=12.000 sampleT=4.882
[rubber-banding][udp-pump] time=11.503 frame=254 focused=0 windowMs=1158.9 fps=5.2 packets=34 socketAvgMs=33.1 socketP95Ms=208.5 socketMaxMs=218.5 pumpAvgMs=34.1 pumpP95Ms=216.7 pumpMaxMs=240.1 queueDelayAvgMs=153.7 queueDelayP95Ms=181.2 queueDelayMaxMs=182.8 samePump=28 pumpBatchMax=7 queueDepthMax=8 frameMaxMs=240.1
[rubber-banding][local-input] time=11.872 frame=256 focused=0 host=0 room=23 world=3 authority=3 entity=2 windowMs=1008.8 updates=5 fixedCalls=51 commands=20 predictionSteps=20 noCommandUpdates=0 estimatedHostTick=167 nextInputTick=176 lastRecordedTick=174 lastResolvedTick=162 nextLead=9 recordedLead=7 unresolved=4 clamped=5 clampedTotal=8 batchesSent=152 commandsSent=605 sendFailures=0 move=(0.00,0.00) jump=0
[rubber-banding][remote-render] time=12.082 frame=257 entity=1 latestHostTick=172 buffer=8 windowMs=1001.9 fps=5.0 snapshots=30 arrivalSamples=30 arrivalAvgMs=33.4 arrivalP95Ms=209.8 arrivalMaxMs=216.7 sameArrival=25 tickGapMax=2 renderFrames=5 interpolation=0 extrapolation=5 extrapolationCapped=0 extrapolationMaxMs=105.5 oldestHeld=0 zeroSpan=5 movingFrozen=0 teleport=0 visualStepAvgCm=0.00 visualStepMaxCm=0.00 estimatedHostTick=179 renderTick=177.873 latestSnapshotTick=172.000 renderMinusLatestTicks=5.873 estimatedMinusLatestTicks=7.000 sampleT=3.936
[rubber-banding][remote-render] time=12.082 frame=257 entity=3 latestHostTick=172 buffer=8 windowMs=1001.9 fps=5.0 snapshots=30 arrivalSamples=30 arrivalAvgMs=33.4 arrivalP95Ms=209.8 arrivalMaxMs=216.7 sameArrival=25 tickGapMax=2 renderFrames=5 interpolation=0 extrapolation=5 extrapolationCapped=0 extrapolationMaxMs=105.5 oldestHeld=0 zeroSpan=5 movingFrozen=0 teleport=0 visualStepAvgCm=41.69 visualStepMaxCm=83.02 estimatedHostTick=179 renderTick=177.873 latestSnapshotTick=172.000 renderMinusLatestTicks=5.873 estimatedMinusLatestTicks=7.000 sampleT=3.936
[rubber-banding][large-step] time=12.082 frame=257 focused=0 entity=3 buffer=8 count=3 maxStepCm=83.02 horizontalCm=81.11 verticalCm=17.68 frameDeltaMs=209.8 renderTickDelta=12.166 fromTick=170 toTick=172 tickSpan=2 receivedSpanMs=0.0 t=3.936 renderOffsetMs=97.9 sourceHorizontalCm=13.33 sourceVerticalCm=2.41 fromGrounded=1 toGrounded=1 velocity=(0.157, -2.333, 3.997) expectedTravelCm=97.14 teleport=0 previous=(-1.873, 0.119, 3.179) rendered=(-1.840, -0.058, 3.990)
[rubber-banding][jump-step] time=12.082 frame=257 focused=0 entity=3 buffer=8 count=2 maxVerticalCm=30.99 horizontalCm=70.33 verticalCm=30.99 frameDeltaMs=174.0 renderTickDelta=10.090 fromTick=160 toTick=162 tickSpan=2 receivedSpanMs=0.0 t=2.853 renderOffsetMs=61.8 sourceHorizontalCm=13.33 sourceVerticalCm=3.59 fromGrounded=1 toGrounded=1 velocity=(0.157, -2.333, 3.997) expectedTravelCm=80.56 teleport=0 previous=(-1.981, -0.191, 2.484) rendered=(-1.873, 0.119, 3.179)
[rubber-banding][udp-pump] time=12.558 frame=260 focused=0 windowMs=1054.8 fps=5.7 packets=35 socketAvgMs=33.2 socketP95Ms=206.1 socketMaxMs=208.5 pumpAvgMs=30.1 pumpP95Ms=202.5 pumpMaxMs=209.8 queueDelayAvgMs=156.1 queueDelayP95Ms=196.1 queueDelayMaxMs=197.6 samePump=29 pumpBatchMax=6 queueDepthMax=7 frameMaxMs=209.8
[rubber-banding][local-input] time=12.877 frame=262 focused=0 host=0 room=23 world=3 authority=3 entity=2 windowMs=1005.0 updates=6 fixedCalls=50 commands=24 predictionSteps=24 noCommandUpdates=0 estimatedHostTick=226 nextInputTick=235 lastRecordedTick=235 lastResolvedTick=228 nextLead=9 recordedLead=9 unresolved=4 clamped=3 clampedTotal=11 batchesSent=158 commandsSent=631 sendFailures=0 move=(0.00,0.00) jump=0
[rubber-banding][remote-render] time=13.242 frame=264 entity=1 latestHostTick=242 buffer=8 windowMs=1160.6 fps=6.0 snapshots=35 arrivalSamples=35 arrivalAvgMs=33.2 arrivalP95Ms=195.0 arrivalMaxMs=202.5 sameArrival=28 tickGapMax=2 renderFrames=7 interpolation=2 extrapolation=5 extrapolationCapped=0 extrapolationMaxMs=93.6 oldestHeld=0 zeroSpan=6 movingFrozen=0 teleport=0 visualStepAvgCm=0.00 visualStepMaxCm=0.00 estimatedHostTick=248 renderTick=245.189 latestSnapshotTick=242.000 renderMinusLatestTicks=3.189 estimatedMinusLatestTicks=6.000 sampleT=2.594
[rubber-banding][remote-render] time=13.242 frame=264 entity=3 latestHostTick=242 buffer=8 windowMs=1160.6 fps=6.0 snapshots=35 arrivalSamples=35 arrivalAvgMs=33.2 arrivalP95Ms=195.0 arrivalMaxMs=202.5 sameArrival=28 tickGapMax=2 renderFrames=7 interpolation=2 extrapolation=5 extrapolationCapped=0 extrapolationMaxMs=93.6 oldestHeld=0 zeroSpan=6 movingFrozen=0 teleport=0 visualStepAvgCm=29.06 visualStepMaxCm=78.55 estimatedHostTick=248 renderTick=245.189 latestSnapshotTick=242.000 renderMinusLatestTicks=3.189 estimatedMinusLatestTicks=6.000 sampleT=2.594
[rubber-banding][large-step] time=13.242 frame=264 focused=0 entity=3 buffer=8 count=2 maxStepCm=78.55 horizontalCm=78.29 verticalCm=6.38 frameDeltaMs=202.5 renderTickDelta=11.744 fromTick=182 toTick=184 tickSpan=2 receivedSpanMs=0.0 t=3.808 renderOffsetMs=93.6 sourceHorizontalCm=13.33 sourceVerticalCm=0.49 fromGrounded=1 toGrounded=1 velocity=(0.126, -2.333, 3.998) expectedTravelCm=93.76 teleport=0 previous=(-1.840, -0.058, 3.990) rendered=(-1.813, 0.006, 4.772)
[rubber-banding][udp-pump] time=13.644 frame=266 focused=0 windowMs=1086.0 fps=5.5 packets=34 socketAvgMs=34.1 socketP95Ms=193.4 socketMaxMs=203.4 pumpAvgMs=31.9 pumpP95Ms=195.0 pumpMaxMs=208.4 queueDelayAvgMs=100.0 queueDelayP95Ms=187.1 queueDelayMaxMs=188.1 samePump=28 pumpBatchMax=11 queueDepthMax=12 frameMaxMs=208.4
[rubber-banding][local-input] time=13.949 frame=268 focused=0 host=0 room=23 world=3 authority=3 entity=2 windowMs=1071.8 updates=6 fixedCalls=54 commands=23 predictionSteps=23 noCommandUpdates=0 estimatedHostTick=290 nextInputTick=298 lastRecordedTick=298 lastResolvedTick=288 nextLead=8 recordedLead=8 unresolved=5 clamped=2 clampedTotal=13 batchesSent=164 commandsSent=657 sendFailures=0 move=(0.00,0.00) jump=0
[rubber-banding][udp-pump] time=14.747 frame=274 focused=0 windowMs=1103.1 fps=7.3 packets=24 socketAvgMs=39.5 socketP95Ms=192.8 socketMaxMs=272.4 pumpAvgMs=46.0 pumpP95Ms=198.3 pumpMaxMs=251.2 queueDelayAvgMs=92.8 queueDelayP95Ms=156.1 queueDelayMaxMs=157.6 samePump=17 pumpBatchMax=4 queueDepthMax=4 frameMaxMs=198.3
[rubber-banding][local-input] time=15.146 frame=276 focused=0 host=0 room=23 world=4 authority=4 entity=2 windowMs=1197.0 updates=8 fixedCalls=59 commands=29 predictionSteps=29 noCommandUpdates=0 estimatedHostTick=49 nextInputTick=51 lastRecordedTick=50 lastResolvedTick=38 nextLead=2 recordedLead=1 unresolved=4 clamped=2 clampedTotal=15 batchesSent=172 commandsSent=690 sendFailures=0 move=(0.00,0.00) jump=0
[rubber-banding][remote-render] time=15.347 frame=277 entity=1 latestHostTick=52 buffer=8 windowMs=1014.3 fps=4.9 snapshots=26 arrivalSamples=25 arrivalAvgMs=30.5 arrivalP95Ms=200.9 arrivalMaxMs=214.7 sameArrival=21 tickGapMax=2 renderFrames=5 interpolation=0 extrapolation=5 extrapolationCapped=0 extrapolationMaxMs=116.3 oldestHeld=0 zeroSpan=5 movingFrozen=0 teleport=0 visualStepAvgCm=0.00 visualStepMaxCm=0.00 estimatedHostTick=61 renderTick=56.986 latestSnapshotTick=52.000 renderMinusLatestTicks=4.986 estimatedMinusLatestTicks=9.000 sampleT=3.493
[rubber-banding][remote-render] time=15.347 frame=277 entity=3 latestHostTick=52 buffer=8 windowMs=1014.3 fps=4.9 snapshots=26 arrivalSamples=25 arrivalAvgMs=30.5 arrivalP95Ms=200.9 arrivalMaxMs=214.7 sameArrival=21 tickGapMax=2 renderFrames=5 interpolation=0 extrapolation=5 extrapolationCapped=0 extrapolationMaxMs=116.3 oldestHeld=0 zeroSpan=5 movingFrozen=0 teleport=0 visualStepAvgCm=5.96 visualStepMaxCm=16.10 estimatedHostTick=61 renderTick=56.986 latestSnapshotTick=52.000 renderMinusLatestTicks=4.986 estimatedMinusLatestTicks=9.000 sampleT=3.493
[rubber-banding][remote-render] time=15.347 frame=277 entity=4 latestHostTick=52 buffer=8 windowMs=1014.3 fps=4.9 snapshots=26 arrivalSamples=25 arrivalAvgMs=30.5 arrivalP95Ms=200.9 arrivalMaxMs=214.7 sameArrival=21 tickGapMax=2 renderFrames=5 interpolation=0 extrapolation=5 extrapolationCapped=0 extrapolationMaxMs=116.3 oldestHeld=0 zeroSpan=5 movingFrozen=0 teleport=0 visualStepAvgCm=0.00 visualStepMaxCm=0.00 estimatedHostTick=61 renderTick=56.986 latestSnapshotTick=52.000 renderMinusLatestTicks=4.986 estimatedMinusLatestTicks=9.000 sampleT=3.493
[rubber-banding][udp-pump] time=15.855 frame=280 focused=0 windowMs=1108.6 fps=5.4 packets=37 socketAvgMs=32.8 socketP95Ms=205.8 socketMaxMs=210.9 pumpAvgMs=30.0 pumpP95Ms=200.9 pumpMaxMs=214.7 queueDelayAvgMs=111.8 queueDelayP95Ms=156.1 queueDelayMaxMs=157.6 samePump=31 pumpBatchMax=7 queueDepthMax=7 frameMaxMs=214.7
[rubber-banding][local-input] time=16.152 frame=282 focused=0 host=0 room=23 world=4 authority=4 entity=2 windowMs=1006.3 updates=6 fixedCalls=51 commands=24 predictionSteps=24 noCommandUpdates=0 estimatedHostTick=108 nextInputTick=115 lastRecordedTick=115 lastResolvedTick=106 nextLead=7 recordedLead=7 unresolved=4 clamped=0 clampedTotal=15 batchesSent=178 commandsSent=714 sendFailures=0 move=(0.00,0.00) jump=0
[rubber-banding][remote-render] time=16.569 frame=284 entity=1 latestHostTick=130 buffer=8 windowMs=1221.8 fps=5.7 snapshots=39 arrivalSamples=39 arrivalAvgMs=31.3 arrivalP95Ms=199.4 arrivalMaxMs=223.5 sameArrival=32 tickGapMax=2 renderFrames=7 interpolation=5 extrapolation=2 extrapolationCapped=0 extrapolationMaxMs=35.1 oldestHeld=0 zeroSpan=7 movingFrozen=0 teleport=0 visualStepAvgCm=0.00 visualStepMaxCm=0.00 estimatedHostTick=133 renderTick=128.973 latestSnapshotTick=130.000 renderMinusLatestTicks=-1.027 estimatedMinusLatestTicks=3.000 sampleT=0.487
[rubber-banding][remote-render] time=16.569 frame=284 entity=3 latestHostTick=130 buffer=8 windowMs=1221.8 fps=5.7 snapshots=39 arrivalSamples=39 arrivalAvgMs=31.3 arrivalP95Ms=199.4 arrivalMaxMs=223.5 sameArrival=32 tickGapMax=2 renderFrames=7 interpolation=5 extrapolation=2 extrapolationCapped=0 extrapolationMaxMs=35.1 oldestHeld=0 zeroSpan=7 movingFrozen=0 teleport=0 visualStepAvgCm=52.89 visualStepMaxCm=81.56 estimatedHostTick=133 renderTick=128.973 latestSnapshotTick=130.000 renderMinusLatestTicks=-1.027 estimatedMinusLatestTicks=3.000 sampleT=0.487
[rubber-banding][large-step] time=16.569 frame=284 focused=0 entity=3 buffer=8 count=7 maxStepCm=81.56 horizontalCm=80.68 verticalCm=11.93 frameDeltaMs=223.5 renderTickDelta=13.407 fromTick=128 toTick=130 tickSpan=2 receivedSpanMs=0.0 t=0.487 renderOffsetMs=-17.1 sourceHorizontalCm=11.89 sourceVerticalCm=3.79 fromGrounded=1 toGrounded=1 velocity=(2.916, -2.333, 2.223) expectedTravelCm=97.12 teleport=0 previous=(-1.418, -0.079, 4.693) rendered=(-0.776, -0.198, 5.182)
[rubber-banding][jump-step] time=16.569 frame=284 focused=0 entity=3 buffer=8 count=5 maxVerticalCm=28.16 horizontalCm=39.54 verticalCm=28.16 frameDeltaMs=151.8 renderTickDelta=8.807 fromTick=86 toTick=88 tickSpan=2 receivedSpanMs=0.0 t=0.239 renderOffsetMs=-25.4 sourceHorizontalCm=12.33 sourceVerticalCm=1.18 fromGrounded=1 toGrounded=1 velocity=(-0.600, -2.333, 3.752) expectedTravelCm=67.70 teleport=0 previous=(-1.904, -0.181, 2.710) rendered=(-1.903, 0.101, 3.105)
[rubber-banding][remote-render] time=16.569 frame=284 entity=4 latestHostTick=130 buffer=8 windowMs=1221.8 fps=5.7 snapshots=39 arrivalSamples=39 arrivalAvgMs=31.3 arrivalP95Ms=199.4 arrivalMaxMs=223.5 sameArrival=32 tickGapMax=2 renderFrames=7 interpolation=5 extrapolation=2 extrapolationCapped=0 extrapolationMaxMs=35.1 oldestHeld=0 zeroSpan=7 movingFrozen=0 teleport=0 visualStepAvgCm=0.00 visualStepMaxCm=0.00 estimatedHostTick=133 renderTick=128.973 latestSnapshotTick=130.000 renderMinusLatestTicks=-1.027 estimatedMinusLatestTicks=3.000 sampleT=0.487
[rubber-banding][udp-pump] time=16.947 frame=286 focused=0 windowMs=1091.8 fps=5.5 packets=34 socketAvgMs=33.3 socketP95Ms=210.7 socketMaxMs=211.9 pumpAvgMs=32.1 pumpP95Ms=210.6 pumpMaxMs=223.5 queueDelayAvgMs=37.3 queueDelayP95Ms=62.6 queueDelayMaxMs=63.6 samePump=28 pumpBatchMax=7 queueDepthMax=7 frameMaxMs=223.5
Unloading 4 Unused Serialized files (Serialized files now loaded: 0)
UnloadTime: 16.242300 ms
[DevStage] 빌드에서는 설정 에셋을 찾을 수 없어 무대를 세우지 않습니다.
UnityEngine.Debug:ExtractStackTraceNoAlloc (byte*,int,string)
UnityEngine.StackTraceUtility:ExtractStackTrace () (at C:/build/output/unity/unity/Runtime/Export/Scripting/StackTrace.cs:35)
UnityEngine.DebugLogHandler:Internal_Log (UnityEngine.LogType,UnityEngine.LogOption,string,UnityEngine.Object)
UnityEngine.DebugLogHandler:LogFormat (UnityEngine.LogType,UnityEngine.Object,string,object[]) (at C:/build/output/unity/unity/Runtime/Export/Logging/DebugLogHandler.cs:9)
UnityEngine.Logger:Log (UnityEngine.LogType,object) (at C:/build/output/unity/unity/Runtime/Export/Logging/Logger.cs:60)
UnityEngine.Debug:LogWarning (object) (at C:/build/output/unity/unity/Runtime/Export/Debug/Debug.bindings.cs:213)
LogPrinter:LogWarning (object) (at C:/ssafy/S15P21D204/Client/Assets/Game/Core/Logging/LogPrinter.cs:158)
DevWaitingRoomStage:EnsureBuiltFromProjectAssets () (at C:/ssafy/S15P21D204/Client/Assets/Game/Tools/Runtime/DevWaitingRoomStage.cs:198)
DevAutoConnectRunner:OnWaitingRoomLoaded (UnityEngine.SceneManagement.Scene,UnityEngine.SceneManagement.LoadSceneMode) (at C:/ssafy/S15P21D204/Client/Assets/Game/Tools/Runtime/DevAutoConnectRunner.cs:280)
UnityEngine.SceneManagement.SceneManager:Internal_SceneLoaded (UnityEngine.SceneManagement.Scene,UnityEngine.SceneManagement.LoadSceneMode) (at C:/build/output/unity/unity/Runtime/Export/SceneManager/SceneManager.cs:244)

(Filename: C:/build/output/unity/unity/Runtime/Export/Debug/Debug.bindings.cs Line: 213)

Unloading 304 unused Assets / (43.6 KB). Loaded Objects now: 46270.
Memory consumption went from 241.6 MB to 241.6 MB.
Total: 20.112400 ms (FindLiveObjects: 2.898200 ms CreateObjectMapping: 1.890000 ms MarkObjects: 14.961500 ms  DeleteObjects: 0.361300 ms)

Unloading 5 Unused Serialized files (Serialized files now loaded: 0)
UnloadTime: 0.702800 ms
Unloading 70 unused Assets / (22.7 KB). Loaded Objects now: 88213.
Memory consumption went from 287.9 MB to 287.9 MB.
Total: 26.556100 ms (FindLiveObjects: 5.201100 ms CreateObjectMapping: 3.416200 ms MarkObjects: 17.241400 ms  DeleteObjects: 0.696000 ms)

[rubber-banding][local-input] time=19.004 frame=354 focused=0 host=0 room=23 world=5 authority=5 entity=2 windowMs=1333.7 updates=3 fixedCalls=1 commands=9 predictionSteps=9 noCommandUpdates=0 estimatedHostTick=81 nextInputTick=83 lastRecordedTick=36 lastResolvedTick=24 nextLead=2 recordedLead=-45 unresolved=4 clamped=2 clampedTotal=18 batchesSent=184 commandsSent=736 sendFailures=0 move=(0.00,0.00) jump=0
[rubber-banding][remote-render] time=19.004 frame=354 entity=1 latestHostTick=24 buffer=8 windowMs=1333.7 fps=0.7 snapshots=8 arrivalSamples=7 arrivalAvgMs=0.0 arrivalP95Ms=0.0 arrivalMaxMs=0.0 sameArrival=7 tickGapMax=2 renderFrames=1 interpolation=0 extrapolation=1 extrapolationCapped=1 extrapolationMaxMs=870.0 oldestHeld=0 zeroSpan=1 movingFrozen=0 teleport=0 visualStepAvgCm=0.00 visualStepMaxCm=0.00 estimatedHostTick=81 renderTick=76.200 latestSnapshotTick=24.000 renderMinusLatestTicks=52.200 estimatedMinusLatestTicks=57.000 sampleT=27.100
[rubber-banding][remote-render] time=19.004 frame=354 entity=3 latestHostTick=24 buffer=8 windowMs=1333.7 fps=0.7 snapshots=8 arrivalSamples=7 arrivalAvgMs=0.0 arrivalP95Ms=0.0 arrivalMaxMs=0.0 sameArrival=7 tickGapMax=2 renderFrames=1 interpolation=0 extrapolation=1 extrapolationCapped=1 extrapolationMaxMs=870.0 oldestHeld=0 zeroSpan=1 movingFrozen=0 teleport=0 visualStepAvgCm=0.00 visualStepMaxCm=0.00 estimatedHostTick=81 renderTick=76.200 latestSnapshotTick=24.000 renderMinusLatestTicks=52.200 estimatedMinusLatestTicks=57.000 sampleT=27.100
[rubber-banding][remote-render] time=19.004 frame=354 entity=4 latestHostTick=24 buffer=8 windowMs=1333.7 fps=0.7 snapshots=8 arrivalSamples=7 arrivalAvgMs=0.0 arrivalP95Ms=0.0 arrivalMaxMs=0.0 sameArrival=7 tickGapMax=2 renderFrames=1 interpolation=0 extrapolation=1 extrapolationCapped=1 extrapolationMaxMs=870.0 oldestHeld=0 zeroSpan=1 movingFrozen=0 teleport=0 visualStepAvgCm=0.00 visualStepMaxCm=0.00 estimatedHostTick=81 renderTick=76.200 latestSnapshotTick=24.000 renderMinusLatestTicks=52.200 estimatedMinusLatestTicks=57.000 sampleT=27.100
[rubber-banding][udp-pump] time=19.436 frame=355 focused=0 windowMs=1272.0 fps=1.6 packets=25 socketAvgMs=94.1 socketP95Ms=249.5 socketMaxMs=1608.8 pumpAvgMs=99.6 pumpP95Ms=432.5 pumpMaxMs=2057.0 queueDelayAvgMs=270.6 queueDelayP95Ms=452.4 queueDelayMaxMs=453.4 samePump=23 pumpBatchMax=13 queueDepthMax=14 frameMaxMs=839.5
[rubber-banding][local-input] time=20.090 frame=358 focused=0 host=0 room=23 world=5 authority=5 entity=2 windowMs=1086.4 updates=4 fixedCalls=50 commands=16 predictionSteps=16 noCommandUpdates=0 estimatedHostTick=85 nextInputTick=100 lastRecordedTick=100 lastResolvedTick=88 nextLead=15 recordedLead=15 unresolved=4 clamped=1 clampedTotal=19 batchesSent=188 commandsSent=753 sendFailures=0 move=(0.00,0.00) jump=0
[rubber-banding][remote-render] time=20.090 frame=358 entity=1 latestHostTick=88 buffer=8 windowMs=1086.4 fps=3.7 snapshots=27 arrivalSamples=27 arrivalAvgMs=40.2 arrivalP95Ms=266.6 arrivalMaxMs=432.5 sameArrival=23 tickGapMax=12 renderFrames=4 interpolation=4 extrapolation=0 extrapolationCapped=0 extrapolationMaxMs=0.0 oldestHeld=0 zeroSpan=3 movingFrozen=0 teleport=0 visualStepAvgCm=0.00 visualStepMaxCm=0.00 estimatedHostTick=85 renderTick=80.434 latestSnapshotTick=88.000 renderMinusLatestTicks=-7.566 estimatedMinusLatestTicks=-3.000 sampleT=0.217
[rubber-banding][remote-render] time=20.090 frame=358 entity=3 latestHostTick=88 buffer=8 windowMs=1086.4 fps=3.7 snapshots=27 arrivalSamples=27 arrivalAvgMs=40.2 arrivalP95Ms=266.6 arrivalMaxMs=432.5 sameArrival=23 tickGapMax=12 renderFrames=4 interpolation=4 extrapolation=0 extrapolationCapped=0 extrapolationMaxMs=0.0 oldestHeld=0 zeroSpan=3 movingFrozen=0 teleport=0 visualStepAvgCm=46.56 visualStepMaxCm=95.85 estimatedHostTick=85 renderTick=80.434 latestSnapshotTick=88.000 renderMinusLatestTicks=-7.566 estimatedMinusLatestTicks=-3.000 sampleT=0.217
[rubber-banding][large-step] time=20.090 frame=358 focused=0 entity=3 buffer=8 count=2 maxStepCm=95.85 horizontalCm=95.85 verticalCm=0.00 frameDeltaMs=239.6 renderTickDelta=14.378 fromTick=80 toTick=82 tickSpan=2 receivedSpanMs=0.0 t=0.217 renderOffsetMs=-26.1 sourceHorizontalCm=13.33 sourceVerticalCm=0.00 fromGrounded=1 toGrounded=1 velocity=(1.700, -2.333, 3.621) expectedTravelCm=110.97 teleport=0 previous=(-2.619, 0.008, 0.819) rendered=(-2.211, 0.008, 1.687)
[rubber-banding][remote-render] time=20.090 frame=358 entity=4 latestHostTick=88 buffer=8 windowMs=1086.4 fps=3.7 snapshots=27 arrivalSamples=27 arrivalAvgMs=40.2 arrivalP95Ms=266.6 arrivalMaxMs=432.5 sameArrival=23 tickGapMax=12 renderFrames=4 interpolation=4 extrapolation=0 extrapolationCapped=0 extrapolationMaxMs=0.0 oldestHeld=0 zeroSpan=3 movingFrozen=0 teleport=0 visualStepAvgCm=0.00 visualStepMaxCm=0.00 estimatedHostTick=85 renderTick=80.434 latestSnapshotTick=88.000 renderMinusLatestTicks=-7.566 estimatedMinusLatestTicks=-3.000 sampleT=0.217
[rubber-banding][udp-pump] time=20.586 frame=360 focused=0 windowMs=1149.7 fps=4.3 packets=33 socketAvgMs=33.5 socketP95Ms=260.6 socketMaxMs=275.9 pumpAvgMs=34.8 pumpP95Ms=252.1 pumpMaxMs=266.6 queueDelayAvgMs=179.3 queueDelayP95Ms=206.3 queueDelayMaxMs=207.4 samePump=28 pumpBatchMax=8 queueDepthMax=8 frameMaxMs=266.6
[rubber-banding][local-input] time=21.091 frame=362 focused=0 host=0 room=23 world=5 authority=5 entity=2 windowMs=1000.8 updates=4 fixedCalls=50 commands=16 predictionSteps=16 noCommandUpdates=0 estimatedHostTick=153 nextInputTick=163 lastRecordedTick=158 lastResolvedTick=146 nextLead=10 recordedLead=5 unresolved=4 clamped=4 clampedTotal=23 batchesSent=192 commandsSent=769 sendFailures=0 move=(0.00,0.00) jump=0
[rubber-banding][remote-render] time=21.091 frame=362 entity=1 latestHostTick=146 buffer=8 windowMs=1000.8 fps=4.0 snapshots=29 arrivalSamples=29 arrivalAvgMs=34.5 arrivalP95Ms=252.1 arrivalMaxMs=259.6 sameArrival=25 tickGapMax=2 renderFrames=4 interpolation=4 extrapolation=0 extrapolationCapped=0 extrapolationMaxMs=0.0 oldestHeld=0 zeroSpan=4 movingFrozen=0 teleport=0 visualStepAvgCm=0.00 visualStepMaxCm=0.00 estimatedHostTick=153 renderTick=142.486 latestSnapshotTick=146.000 renderMinusLatestTicks=-3.514 estimatedMinusLatestTicks=7.000 sampleT=0.243
[rubber-banding][remote-render] time=21.091 frame=362 entity=3 latestHostTick=146 buffer=8 windowMs=1000.8 fps=4.0 snapshots=29 arrivalSamples=29 arrivalAvgMs=34.5 arrivalP95Ms=252.1 arrivalMaxMs=259.6 sameArrival=25 tickGapMax=2 renderFrames=4 interpolation=4 extrapolation=0 extrapolationCapped=0 extrapolationMaxMs=0.0 oldestHeld=0 zeroSpan=4 movingFrozen=0 teleport=0 visualStepAvgCm=40.19 visualStepMaxCm=80.59 estimatedHostTick=153 renderTick=142.486 latestSnapshotTick=146.000 renderMinusLatestTicks=-3.514 estimatedMinusLatestTicks=7.000 sampleT=0.243
[rubber-banding][large-step] time=21.091 frame=362 focused=0 entity=3 buffer=8 count=2 maxStepCm=80.59 horizontalCm=80.59 verticalCm=0.00 frameDeltaMs=243.7 renderTickDelta=15.108 fromTick=94 toTick=96 tickSpan=2 receivedSpanMs=0.0 t=0.771 renderOffsetMs=-7.6 sourceHorizontalCm=11.00 sourceVerticalCm=0.00 fromGrounded=1 toGrounded=1 velocity=(1.445, -2.333, 3.078) expectedTravelCm=100.48 teleport=0 previous=(-2.211, 0.008, 1.687) rendered=(-1.869, 0.008, 2.416)
[rubber-banding][remote-render] time=21.091 frame=362 entity=4 latestHostTick=146 buffer=8 windowMs=1000.8 fps=4.0 snapshots=29 arrivalSamples=29 arrivalAvgMs=34.5 arrivalP95Ms=252.1 arrivalMaxMs=259.6 sameArrival=25 tickGapMax=2 renderFrames=4 interpolation=4 extrapolation=0 extrapolationCapped=0 extrapolationMaxMs=0.0 oldestHeld=0 zeroSpan=4 movingFrozen=0 teleport=0 visualStepAvgCm=0.00 visualStepMaxCm=0.00 estimatedHostTick=153 renderTick=142.486 latestSnapshotTick=146.000 renderMinusLatestTicks=-3.514 estimatedMinusLatestTicks=7.000 sampleT=0.243
[rubber-banding][udp-pump] time=21.631 frame=364 focused=0 windowMs=1045.1 fps=3.8 packets=31 socketAvgMs=33.1 socketP95Ms=263.8 socketMaxMs=266.3 pumpAvgMs=33.7 pumpP95Ms=259.6 pumpMaxMs=287.8 queueDelayAvgMs=189.3 queueDelayP95Ms=213.6 queueDelayMaxMs=213.6 samePump=27 pumpBatchMax=8 queueDepthMax=9 frameMaxMs=287.8
[rubber-banding][local-input] time=22.120 frame=366 focused=0 host=0 room=23 world=5 authority=5 entity=2 windowMs=1028.9 updates=4 fixedCalls=51 commands=16 predictionSteps=16 noCommandUpdates=0 estimatedHostTick=216 nextInputTick=226 lastRecordedTick=222 lastResolvedTick=210 nextLead=10 recordedLead=6 unresolved=4 clamped=4 clampedTotal=27 batchesSent=196 commandsSent=785 sendFailures=0 move=(0.00,0.00) jump=0
[rubber-banding][remote-render] time=22.120 frame=366 entity=1 latestHostTick=210 buffer=8 windowMs=1028.9 fps=3.9 snapshots=32 arrivalSamples=32 arrivalAvgMs=32.2 arrivalP95Ms=252.3 arrivalMaxMs=287.8 sameArrival=28 tickGapMax=2 renderFrames=4 interpolation=4 extrapolation=0 extrapolationCapped=0 extrapolationMaxMs=0.0 oldestHeld=0 zeroSpan=4 movingFrozen=0 teleport=0 visualStepAvgCm=0.00 visualStepMaxCm=0.00 estimatedHostTick=216 renderTick=206.277 latestSnapshotTick=210.000 renderMinusLatestTicks=-3.723 estimatedMinusLatestTicks=6.000 sampleT=0.138
[rubber-banding][remote-render] time=22.120 frame=366 entity=3 latestHostTick=210 buffer=8 windowMs=1028.9 fps=3.9 snapshots=32 arrivalSamples=32 arrivalAvgMs=32.2 arrivalP95Ms=252.3 arrivalMaxMs=287.8 sameArrival=28 tickGapMax=2 renderFrames=4 interpolation=4 extrapolation=0 extrapolationCapped=0 extrapolationMaxMs=0.0 oldestHeld=0 zeroSpan=4 movingFrozen=0 teleport=0 visualStepAvgCm=0.00 visualStepMaxCm=0.00 estimatedHostTick=216 renderTick=206.277 latestSnapshotTick=210.000 renderMinusLatestTicks=-3.723 estimatedMinusLatestTicks=6.000 sampleT=0.138
[rubber-banding][remote-render] time=22.120 frame=366 entity=4 latestHostTick=210 buffer=8 windowMs=1028.9 fps=3.9 snapshots=32 arrivalSamples=32 arrivalAvgMs=32.2 arrivalP95Ms=252.3 arrivalMaxMs=287.8 sameArrival=28 tickGapMax=2 renderFrames=4 interpolation=4 extrapolation=0 extrapolationCapped=0 extrapolationMaxMs=0.0 oldestHeld=0 zeroSpan=4 movingFrozen=0 teleport=0 visualStepAvgCm=0.00 visualStepMaxCm=0.00 estimatedHostTick=216 renderTick=206.277 latestSnapshotTick=210.000 renderMinusLatestTicks=-3.723 estimatedMinusLatestTicks=6.000 sampleT=0.138
[rubber-banding][udp-pump] time=22.680 frame=368 focused=0 windowMs=1049.2 fps=3.8 packets=31 socketAvgMs=33.9 socketP95Ms=258.5 socketMaxMs=279.0 pumpAvgMs=33.8 pumpP95Ms=269.7 pumpMaxMs=290.7 queueDelayAvgMs=176.9 queueDelayP95Ms=210.4 queueDelayMaxMs=211.4 samePump=27 pumpBatchMax=8 queueDepthMax=9 frameMaxMs=290.7
[rubber-banding][local-input] time=23.173 frame=370 focused=0 host=0 room=23 world=5 authority=5 entity=2 windowMs=1053.1 updates=4 fixedCalls=53 commands=16 predictionSteps=16 noCommandUpdates=0 estimatedHostTick=280 nextInputTick=291 lastRecordedTick=284 lastResolvedTick=272 nextLead=11 recordedLead=4 unresolved=4 clamped=4 clampedTotal=31 batchesSent=200 commandsSent=801 sendFailures=0 move=(0.00,0.00) jump=0
[rubber-banding][remote-render] time=23.173 frame=370 entity=1 latestHostTick=272 buffer=8 windowMs=1053.1 fps=3.8 snapshots=31 arrivalSamples=31 arrivalAvgMs=34.0 arrivalP95Ms=269.7 arrivalMaxMs=290.7 sameArrival=27 tickGapMax=2 renderFrames=4 interpolation=3 extrapolation=1 extrapolationCapped=0 extrapolationMaxMs=17.0 oldestHeld=0 zeroSpan=4 movingFrozen=0 teleport=0 visualStepAvgCm=0.00 visualStepMaxCm=0.00 estimatedHostTick=280 renderTick=271.571 latestSnapshotTick=272.000 renderMinusLatestTicks=-0.429 estimatedMinusLatestTicks=8.000 sampleT=0.785
[rubber-banding][remote-render] time=23.173 frame=370 entity=3 latestHostTick=272 buffer=8 windowMs=1053.1 fps=3.8 snapshots=31 arrivalSamples=31 arrivalAvgMs=34.0 arrivalP95Ms=269.7 arrivalMaxMs=290.7 sameArrival=27 tickGapMax=2 renderFrames=4 interpolation=3 extrapolation=1 extrapolationCapped=0 extrapolationMaxMs=17.0 oldestHeld=0 zeroSpan=4 movingFrozen=0 teleport=0 visualStepAvgCm=49.12 visualStepMaxCm=98.25 estimatedHostTick=280 renderTick=271.571 latestSnapshotTick=272.000 renderMinusLatestTicks=-0.429 estimatedMinusLatestTicks=8.000 sampleT=0.785
[rubber-banding][large-step] time=23.173 frame=370 focused=0 entity=3 buffer=8 count=2 maxStepCm=98.25 horizontalCm=0.00 verticalCm=98.25 frameDeltaMs=234.3 renderTickDelta=14.529 fromTick=254 toTick=256 tickSpan=2 receivedSpanMs=0.0 t=0.774 renderOffsetMs=-7.5 sourceHorizontalCm=0.00 sourceVerticalCm=0.00 fromGrounded=1 toGrounded=1 velocity=(0.000, -2.333, 0.000) expectedTravelCm=54.68 teleport=0 previous=(-1.528, 0.990, 3.142) rendered=(-1.528, 0.008, 3.142)
[rubber-banding][jump-step] time=23.173 frame=370 focused=0 entity=3 buffer=8 count=2 maxVerticalCm=98.25 horizontalCm=0.00 verticalCm=98.25 frameDeltaMs=234.3 renderTickDelta=14.529 fromTick=254 toTick=256 tickSpan=2 receivedSpanMs=0.0 t=0.774 renderOffsetMs=-7.5 sourceHorizontalCm=0.00 sourceVerticalCm=0.00 fromGrounded=1 toGrounded=1 velocity=(0.000, -2.333, 0.000) expectedTravelCm=54.68 teleport=0 previous=(-1.528, 0.990, 3.142) rendered=(-1.528, 0.008, 3.142)
[rubber-banding][remote-render] time=23.173 frame=370 entity=4 latestHostTick=272 buffer=8 windowMs=1053.1 fps=3.8 snapshots=31 arrivalSamples=31 arrivalAvgMs=34.0 arrivalP95Ms=269.7 arrivalMaxMs=290.7 sameArrival=27 tickGapMax=2 renderFrames=4 interpolation=3 extrapolation=1 extrapolationCapped=0 extrapolationMaxMs=17.0 oldestHeld=0 zeroSpan=4 movingFrozen=0 teleport=0 visualStepAvgCm=0.00 visualStepMaxCm=0.00 estimatedHostTick=280 renderTick=271.571 latestSnapshotTick=272.000 renderMinusLatestTicks=-0.429 estimatedMinusLatestTicks=8.000 sampleT=0.785
[rubber-banding][udp-pump] time=23.699 frame=372 focused=0 windowMs=1018.3 fps=3.9 packets=32 socketAvgMs=32.9 socketP95Ms=262.2 socketMaxMs=265.0 pumpAvgMs=31.8 pumpP95Ms=258.4 pumpMaxMs=282.0 queueDelayAvgMs=178.8 queueDelayP95Ms=192.6 queueDelayMaxMs=193.1 samePump=28 pumpBatchMax=8 queueDepthMax=9 frameMaxMs=282.0
[rubber-banding][local-input] time=24.235 frame=374 focused=0 host=0 room=23 world=5 authority=5 entity=2 windowMs=1061.7 updates=4 fixedCalls=53 commands=16 predictionSteps=16 noCommandUpdates=0 estimatedHostTick=344 nextInputTick=355 lastRecordedTick=348 lastResolvedTick=336 nextLead=11 recordedLead=4 unresolved=4 clamped=4 clampedTotal=35 batchesSent=204 commandsSent=817 sendFailures=0 move=(0.00,0.00) jump=0
[rubber-banding][remote-render] time=24.235 frame=374 entity=1 latestHostTick=336 buffer=8 windowMs=1061.7 fps=3.8 snapshots=32 arrivalSamples=32 arrivalAvgMs=33.2 arrivalP95Ms=275.9 arrivalMaxMs=282.0 sameArrival=28 tickGapMax=2 renderFrames=4 interpolation=0 extrapolation=4 extrapolationCapped=0 extrapolationMaxMs=23.3 oldestHeld=0 zeroSpan=4 movingFrozen=0 teleport=0 visualStepAvgCm=0.00 visualStepMaxCm=0.00 estimatedHostTick=344 renderTick=337.396 latestSnapshotTick=336.000 renderMinusLatestTicks=1.396 estimatedMinusLatestTicks=8.000 sampleT=1.698
[rubber-banding][remote-render] time=24.235 frame=374 entity=3 latestHostTick=336 buffer=8 windowMs=1061.7 fps=3.8 snapshots=32 arrivalSamples=32 arrivalAvgMs=33.2 arrivalP95Ms=275.9 arrivalMaxMs=282.0 sameArrival=28 tickGapMax=2 renderFrames=4 interpolation=0 extrapolation=4 extrapolationCapped=0 extrapolationMaxMs=23.3 oldestHeld=0 zeroSpan=4 movingFrozen=0 teleport=0 visualStepAvgCm=67.22 visualStepMaxCm=112.74 estimatedHostTick=344 renderTick=337.396 latestSnapshotTick=336.000 renderMinusLatestTicks=1.396 estimatedMinusLatestTicks=8.000 sampleT=1.698
[rubber-banding][large-step] time=24.235 frame=374 focused=0 entity=3 buffer=8 count=3 maxStepCm=112.74 horizontalCm=56.72 verticalCm=97.43 frameDeltaMs=260.3 renderTickDelta=16.139 fromTick=334 toTick=336 tickSpan=2 receivedSpanMs=0.0 t=1.698 renderOffsetMs=23.3 sourceHorizontalCm=8.99 sourceVerticalCm=0.00 fromGrounded=1 toGrounded=1 velocity=(-1.206, -2.333, -2.522) expectedTravelCm=94.79 teleport=0 previous=(-1.277, 0.982, 2.439) rendered=(-1.028, 0.008, 1.930)
[rubber-banding][jump-step] time=24.235 frame=374 focused=0 entity=3 buffer=8 count=2 maxVerticalCm=97.43 horizontalCm=56.72 verticalCm=97.43 frameDeltaMs=260.3 renderTickDelta=16.139 fromTick=334 toTick=336 tickSpan=2 receivedSpanMs=0.0 t=1.698 renderOffsetMs=23.3 sourceHorizontalCm=8.99 sourceVerticalCm=0.00 fromGrounded=1 toGrounded=1 velocity=(-1.206, -2.333, -2.522) expectedTravelCm=94.79 teleport=0 previous=(-1.277, 0.982, 2.439) rendered=(-1.028, 0.008, 1.930)
[rubber-banding][remote-render] time=24.235 frame=374 entity=4 latestHostTick=336 buffer=8 windowMs=1061.7 fps=3.8 snapshots=32 arrivalSamples=32 arrivalAvgMs=33.2 arrivalP95Ms=275.9 arrivalMaxMs=282.0 sameArrival=28 tickGapMax=2 renderFrames=4 interpolation=0 extrapolation=4 extrapolationCapped=0 extrapolationMaxMs=23.3 oldestHeld=0 zeroSpan=4 movingFrozen=0 teleport=0 visualStepAvgCm=0.00 visualStepMaxCm=0.00 estimatedHostTick=344 renderTick=337.396 latestSnapshotTick=336.000 renderMinusLatestTicks=1.396 estimatedMinusLatestTicks=8.000 sampleT=1.698
[rubber-banding][udp-pump] time=24.704 frame=376 focused=0 windowMs=1005.2 fps=4.0 packets=31 socketAvgMs=33.5 socketP95Ms=261.2 socketMaxMs=262.7 pumpAvgMs=32.4 pumpP95Ms=260.3 pumpMaxMs=275.9 queueDelayAvgMs=160.7 queueDelayP95Ms=187.4 queueDelayMaxMs=187.4 samePump=27 pumpBatchMax=8 queueDepthMax=9 frameMaxMs=275.9
[rubber-banding][local-input] time=25.307 frame=379 focused=0 host=0 room=23 world=5 authority=5 entity=2 windowMs=1072.0 updates=5 fixedCalls=54 commands=20 predictionSteps=20 noCommandUpdates=0 estimatedHostTick=409 nextInputTick=418 lastRecordedTick=418 lastResolvedTick=410 nextLead=9 recordedLead=9 unresolved=4 clamped=4 clampedTotal=39 batchesSent=209 commandsSent=837 sendFailures=0 move=(0.00,0.00) jump=0
[rubber-banding][remote-render] time=25.307 frame=379 entity=1 latestHostTick=410 buffer=8 windowMs=1072.0 fps=4.7 snapshots=37 arrivalSamples=37 arrivalAvgMs=29.0 arrivalP95Ms=230.4 arrivalMaxMs=242.2 sameArrival=32 tickGapMax=2 renderFrames=5 interpolation=3 extrapolation=2 extrapolationCapped=0 extrapolationMaxMs=12.7 oldestHeld=0 zeroSpan=5 movingFrozen=0 teleport=0 visualStepAvgCm=0.00 visualStepMaxCm=0.00 estimatedHostTick=409 renderTick=403.200 latestSnapshotTick=410.000 renderMinusLatestTicks=-6.800 estimatedMinusLatestTicks=-1.000 sampleT=0.600
[rubber-banding][remote-render] time=25.307 frame=379 entity=3 latestHostTick=410 buffer=8 windowMs=1072.0 fps=4.7 snapshots=37 arrivalSamples=37 arrivalAvgMs=29.0 arrivalP95Ms=230.4 arrivalMaxMs=242.2 sameArrival=32 tickGapMax=2 renderFrames=5 interpolation=3 extrapolation=2 extrapolationCapped=0 extrapolationMaxMs=12.7 oldestHeld=0 zeroSpan=5 movingFrozen=0 teleport=0 visualStepAvgCm=35.12 visualStepMaxCm=64.55 estimatedHostTick=409 renderTick=403.200 latestSnapshotTick=410.000 renderMinusLatestTicks=-6.800 estimatedMinusLatestTicks=-1.000 sampleT=0.600
[rubber-banding][large-step] time=25.307 frame=379 focused=0 entity=3 buffer=8 count=4 maxStepCm=64.55 horizontalCm=64.55 verticalCm=0.00 frameDeltaMs=226.7 renderTickDelta=14.057 fromTick=350 toTick=352 tickSpan=2 receivedSpanMs=0.0 t=0.727 renderOffsetMs=-9.1 sourceHorizontalCm=9.54 sourceVerticalCm=0.00 fromGrounded=1 toGrounded=1 velocity=(-1.091, -2.333, -2.281) expectedTravelCm=78.01 teleport=0 previous=(-1.028, 0.008, 1.930) rendered=(-1.307, 0.008, 1.347)
[rubber-banding][jump-step] time=25.307 frame=379 focused=0 entity=3 buffer=8 count=1 maxVerticalCm=23.18 horizontalCm=15.69 verticalCm=23.18 frameDeltaMs=143.5 renderTickDelta=8.693 fromTick=402 toTick=404 tickSpan=2 receivedSpanMs=0.0 t=0.600 renderOffsetMs=-13.3 sourceHorizontalCm=1.33 sourceVerticalCm=20.32 fromGrounded=0 toGrounded=0 velocity=(0.201, 5.928, 0.421) expectedTravelCm=85.32 teleport=0 previous=(-0.859, 0.008, 0.870) rendered=(-0.791, 0.240, 1.012)
[rubber-banding][remote-render] time=25.307 frame=379 entity=4 latestHostTick=410 buffer=8 windowMs=1072.0 fps=4.7 snapshots=37 arrivalSamples=37 arrivalAvgMs=29.0 arrivalP95Ms=230.4 arrivalMaxMs=242.2 sameArrival=32 tickGapMax=2 renderFrames=5 interpolation=3 extrapolation=2 extrapolationCapped=0 extrapolationMaxMs=12.7 oldestHeld=0 zeroSpan=5 movingFrozen=0 teleport=0 visualStepAvgCm=0.00 visualStepMaxCm=0.00 estimatedHostTick=409 renderTick=403.200 latestSnapshotTick=410.000 renderMinusLatestTicks=-6.800 estimatedMinusLatestTicks=-1.000 sampleT=0.600
[rubber-banding][udp-pump] time=25.748 frame=383 focused=0 windowMs=1043.9 fps=6.7 packets=33 socketAvgMs=33.6 socketP95Ms=238.2 socketMaxMs=259.6 pumpAvgMs=31.6 pumpP95Ms=229.1 pumpMaxMs=230.4 queueDelayAvgMs=69.0 queueDelayP95Ms=127.2 queueDelayMaxMs=127.7 samePump=26 pumpBatchMax=8 queueDepthMax=8 frameMaxMs=230.4
[rubber-banding][local-input] time=26.342 frame=386 focused=0 host=0 room=23 world=5 authority=5 entity=2 windowMs=1035.4 updates=7 fixedCalls=51 commands=20 predictionSteps=20 noCommandUpdates=2 estimatedHostTick=474 nextInputTick=477 lastRecordedTick=477 lastResolvedTick=472 nextLead=3 recordedLead=3 unresolved=4 clamped=0 clampedTotal=39 batchesSent=215 commandsSent=858 sendFailures=0 move=(0.00,0.00) jump=0
[rubber-banding][remote-render] time=26.342 frame=386 entity=1 latestHostTick=472 buffer=8 windowMs=1035.4 fps=6.8 snapshots=31 arrivalSamples=31 arrivalAvgMs=33.4 arrivalP95Ms=201.6 arrivalMaxMs=214.8 sameArrival=24 tickGapMax=2 renderFrames=7 interpolation=7 extrapolation=0 extrapolationCapped=0 extrapolationMaxMs=0.0 oldestHeld=0 zeroSpan=7 movingFrozen=0 teleport=0 visualStepAvgCm=0.00 visualStepMaxCm=0.00 estimatedHostTick=474 renderTick=467.393 latestSnapshotTick=472.000 renderMinusLatestTicks=-4.607 estimatedMinusLatestTicks=2.000 sampleT=0.696
[rubber-banding][remote-render] time=26.342 frame=386 entity=3 latestHostTick=472 buffer=8 windowMs=1035.4 fps=6.8 snapshots=31 arrivalSamples=31 arrivalAvgMs=33.4 arrivalP95Ms=201.6 arrivalMaxMs=214.8 sameArrival=24 tickGapMax=2 renderFrames=7 interpolation=7 extrapolation=0 extrapolationCapped=0 extrapolationMaxMs=0.0 oldestHeld=0 zeroSpan=7 movingFrozen=0 teleport=0 visualStepAvgCm=62.05 visualStepMaxCm=115.60 estimatedHostTick=474 renderTick=467.393 latestSnapshotTick=472.000 renderMinusLatestTicks=-4.607 estimatedMinusLatestTicks=2.000 sampleT=0.696
[rubber-banding][large-step] time=26.342 frame=386 focused=0 entity=3 buffer=8 count=5 maxStepCm=115.60 horizontalCm=72.17 verticalCm=90.31 frameDeltaMs=193.1 renderTickDelta=11.972 fromTick=442 toTick=444 tickSpan=2 receivedSpanMs=0.0 t=0.253 renderOffsetMs=-24.9 sourceHorizontalCm=13.33 sourceVerticalCm=0.00 fromGrounded=1 toGrounded=1 velocity=(3.609, -2.333, -1.726) expectedTravelCm=89.42 teleport=0 previous=(-0.420, 0.911, 1.780) rendered=(0.062, 0.008, 2.318)
[rubber-banding][jump-step] time=26.342 frame=386 focused=0 entity=3 buffer=8 count=5 maxVerticalCm=90.31 horizontalCm=72.17 verticalCm=90.31 frameDeltaMs=193.1 renderTickDelta=11.972 fromTick=442 toTick=444 tickSpan=2 receivedSpanMs=0.0 t=0.253 renderOffsetMs=-24.9 sourceHorizontalCm=13.33 sourceVerticalCm=0.00 fromGrounded=1 toGrounded=1 velocity=(3.609, -2.333, -1.726) expectedTravelCm=89.42 teleport=0 previous=(-0.420, 0.911, 1.780) rendered=(0.062, 0.008, 2.318)
[rubber-banding][remote-render] time=26.342 frame=386 entity=4 latestHostTick=472 buffer=8 windowMs=1035.4 fps=6.8 snapshots=31 arrivalSamples=31 arrivalAvgMs=33.4 arrivalP95Ms=201.6 arrivalMaxMs=214.8 sameArrival=24 tickGapMax=2 renderFrames=7 interpolation=7 extrapolation=0 extrapolationCapped=0 extrapolationMaxMs=0.0 oldestHeld=0 zeroSpan=7 movingFrozen=0 teleport=0 visualStepAvgCm=0.00 visualStepMaxCm=0.00 estimatedHostTick=474 renderTick=467.393 latestSnapshotTick=472.000 renderMinusLatestTicks=-4.607 estimatedMinusLatestTicks=2.000 sampleT=0.696
[rubber-banding][udp-pump] time=26.764 frame=388 focused=0 windowMs=1015.7 fps=4.9 packets=32 socketAvgMs=33.1 socketP95Ms=228.6 socketMaxMs=229.5 pumpAvgMs=31.7 pumpP95Ms=201.6 pumpMaxMs=224.9 queueDelayAvgMs=31.5 queueDelayP95Ms=43.8 queueDelayMaxMs=45.0 samePump=27 pumpBatchMax=7 queueDepthMax=7 frameMaxMs=224.9
[rubber-banding][local-input] time=27.515 frame=392 focused=0 host=0 room=23 world=5 authority=5 entity=2 windowMs=1172.5 updates=6 fixedCalls=59 commands=24 predictionSteps=24 noCommandUpdates=0 estimatedHostTick=547 nextInputTick=555 lastRecordedTick=554 lastResolvedTick=542 nextLead=8 recordedLead=7 unresolved=4 clamped=6 clampedTotal=45 batchesSent=221 commandsSent=884 sendFailures=0 move=(0.00,0.00) jump=0
[rubber-banding][remote-render] time=27.515 frame=392 entity=1 latestHostTick=542 buffer=8 windowMs=1172.5 fps=5.1 snapshots=35 arrivalSamples=35 arrivalAvgMs=33.5 arrivalP95Ms=224.1 arrivalMaxMs=224.9 sameArrival=29 tickGapMax=2 renderFrames=6 interpolation=6 extrapolation=0 extrapolationCapped=0 extrapolationMaxMs=0.0 oldestHeld=0 zeroSpan=6 movingFrozen=0 teleport=0 visualStepAvgCm=0.00 visualStepMaxCm=0.00 estimatedHostTick=547 renderTick=540.087 latestSnapshotTick=542.000 renderMinusLatestTicks=-1.913 estimatedMinusLatestTicks=5.000 sampleT=0.044
[rubber-banding][remote-render] time=27.515 frame=392 entity=3 latestHostTick=542 buffer=8 windowMs=1172.5 fps=5.1 snapshots=35 arrivalSamples=35 arrivalAvgMs=33.5 arrivalP95Ms=224.1 arrivalMaxMs=224.9 sameArrival=29 tickGapMax=2 renderFrames=6 interpolation=6 extrapolation=0 extrapolationCapped=0 extrapolationMaxMs=0.0 oldestHeld=0 zeroSpan=6 movingFrozen=0 teleport=0 visualStepAvgCm=88.20 visualStepMaxCm=120.86 estimatedHostTick=547 renderTick=540.087 latestSnapshotTick=542.000 renderMinusLatestTicks=-1.913 estimatedMinusLatestTicks=5.000 sampleT=0.044
[rubber-banding][large-step] time=27.515 frame=392 focused=0 entity=3 buffer=8 count=6 maxStepCm=120.86 horizontalCm=77.55 verticalCm=92.70 frameDeltaMs=224.9 renderTickDelta=13.945 fromTick=492 toTick=494 tickSpan=2 receivedSpanMs=0.0 t=0.754 renderOffsetMs=-8.2 sourceHorizontalCm=13.33 sourceVerticalCm=10.32 fromGrounded=0 toGrounded=0 velocity=(3.775, 2.928, 1.321) expectedTravelCm=111.50 teleport=0 previous=(2.191, 0.008, 1.300) rendered=(2.944, 0.935, 1.484)
[rubber-banding][jump-step] time=27.515 frame=392 focused=0 entity=3 buffer=8 count=5 maxVerticalCm=92.70 horizontalCm=77.55 verticalCm=92.70 frameDeltaMs=224.9 renderTickDelta=13.945 fromTick=492 toTick=494 tickSpan=2 receivedSpanMs=0.0 t=0.754 renderOffsetMs=-8.2 sourceHorizontalCm=13.33 sourceVerticalCm=10.32 fromGrounded=0 toGrounded=0 velocity=(3.775, 2.928, 1.321) expectedTravelCm=111.50 teleport=0 previous=(2.191, 0.008, 1.300) rendered=(2.944, 0.935, 1.484)
[rubber-banding][remote-render] time=27.515 frame=392 entity=4 latestHostTick=542 buffer=8 windowMs=1172.5 fps=5.1 snapshots=35 arrivalSamples=35 arrivalAvgMs=33.5 arrivalP95Ms=224.1 arrivalMaxMs=224.9 sameArrival=29 tickGapMax=2 renderFrames=6 interpolation=6 extrapolation=0 extrapolationCapped=0 extrapolationMaxMs=0.0 oldestHeld=0 zeroSpan=6 movingFrozen=0 teleport=0 visualStepAvgCm=0.00 visualStepMaxCm=0.00 estimatedHostTick=547 renderTick=540.087 latestSnapshotTick=542.000 renderMinusLatestTicks=-1.913 estimatedMinusLatestTicks=5.000 sampleT=0.044
[rubber-banding][udp-pump] time=27.851 frame=394 focused=0 windowMs=1087.4 fps=5.5 packets=33 socketAvgMs=33.4 socketP95Ms=186.1 socketMaxMs=214.7 pumpAvgMs=33.0 pumpP95Ms=185.8 pumpMaxMs=224.1 queueDelayAvgMs=29.3 queueDelayP95Ms=44.1 queueDelayMaxMs=47.6 samePump=27 pumpBatchMax=7 queueDepthMax=7 frameMaxMs=224.1
[rubber-banding][local-input] time=28.592 frame=399 focused=0 host=0 room=23 world=5 authority=5 entity=2 windowMs=1077.5 updates=7 fixedCalls=54 commands=26 predictionSteps=26 noCommandUpdates=0 estimatedHostTick=612 nextInputTick=619 lastRecordedTick=619 lastResolvedTick=608 nextLead=7 recordedLead=7 unresolved=4 clamped=1 clampedTotal=46 batchesSent=228 commandsSent=920 sendFailures=0 move=(0.00,0.00) jump=0
[rubber-banding][remote-render] time=28.592 frame=399 entity=1 latestHostTick=608 buffer=8 windowMs=1077.5 fps=6.5 snapshots=32 arrivalSamples=32 arrivalAvgMs=33.7 arrivalP95Ms=185.8 arrivalMaxMs=303.9 sameArrival=26 tickGapMax=4 renderFrames=7 interpolation=6 extrapolation=1 extrapolationCapped=0 extrapolationMaxMs=103.3 oldestHeld=0 zeroSpan=7 movingFrozen=0 teleport=0 visualStepAvgCm=0.00 visualStepMaxCm=0.00 estimatedHostTick=612 renderTick=606.200 latestSnapshotTick=608.000 renderMinusLatestTicks=-1.800 estimatedMinusLatestTicks=4.000 sampleT=0.100
[rubber-banding][remote-render] time=28.592 frame=399 entity=3 latestHostTick=608 buffer=8 windowMs=1077.5 fps=6.5 snapshots=32 arrivalSamples=32 arrivalAvgMs=33.7 arrivalP95Ms=185.8 arrivalMaxMs=303.9 sameArrival=26 tickGapMax=4 renderFrames=7 interpolation=6 extrapolation=1 extrapolationCapped=0 extrapolationMaxMs=103.3 oldestHeld=0 zeroSpan=7 movingFrozen=0 teleport=0 visualStepAvgCm=80.11 visualStepMaxCm=108.80 estimatedHostTick=612 renderTick=606.200 latestSnapshotTick=608.000 renderMinusLatestTicks=-1.800 estimatedMinusLatestTicks=4.000 sampleT=0.100
[rubber-banding][large-step] time=28.592 frame=399 focused=0 entity=3 buffer=8 count=7 maxStepCm=108.80 horizontalCm=63.47 verticalCm=88.37 frameDeltaMs=159.6 renderTickDelta=9.573 fromTick=580 toTick=582 tickSpan=2 receivedSpanMs=0.0 t=0.121 renderOffsetMs=-29.3 sourceHorizontalCm=12.62 sourceVerticalCm=1.96 fromGrounded=0 toGrounded=1 velocity=(-3.775, -2.333, -1.321) expectedTravelCm=73.89 teleport=0 previous=(5.183, 0.909, -0.997) rendered=(4.894, 0.025, -1.562)
[rubber-banding][jump-step] time=28.592 frame=399 focused=0 entity=3 buffer=8 count=5 maxVerticalCm=88.55 horizontalCm=58.14 verticalCm=88.55 frameDeltaMs=150.3 renderTickDelta=9.317 fromTick=548 toTick=550 tickSpan=2 receivedSpanMs=0.0 t=0.702 renderOffsetMs=-9.9 sourceHorizontalCm=13.33 sourceVerticalCm=10.32 fromGrounded=0 toGrounded=0 velocity=(0.822, 2.928, -3.915) expectedTravelCm=74.50 teleport=0 previous=(5.202, 0.231, 0.958) rendered=(5.327, 1.116, 0.391)
[rubber-banding][remote-render] time=28.592 frame=399 entity=4 latestHostTick=608 buffer=8 windowMs=1077.5 fps=6.5 snapshots=32 arrivalSamples=32 arrivalAvgMs=33.7 arrivalP95Ms=185.8 arrivalMaxMs=303.9 sameArrival=26 tickGapMax=4 renderFrames=7 interpolation=6 extrapolation=1 extrapolationCapped=0 extrapolationMaxMs=103.3 oldestHeld=0 zeroSpan=7 movingFrozen=0 teleport=0 visualStepAvgCm=0.00 visualStepMaxCm=0.00 estimatedHostTick=612 renderTick=606.200 latestSnapshotTick=608.000 renderMinusLatestTicks=-1.800 estimatedMinusLatestTicks=4.000 sampleT=0.100
[rubber-banding][udp-pump] time=28.882 frame=401 focused=0 windowMs=1031.1 fps=6.8 packets=27 socketAvgMs=32.7 socketP95Ms=152.9 socketMaxMs=158.8 pumpAvgMs=32.3 pumpP95Ms=159.6 pumpMaxMs=303.9 queueDelayAvgMs=30.1 queueDelayP95Ms=159.9 queueDelayMaxMs=161.5 samePump=22 pumpBatchMax=9 queueDepthMax=9 frameMaxMs=162.6
[rubber-banding][local-input] time=29.635 frame=405 focused=0 host=0 room=23 world=5 authority=5 entity=2 windowMs=1043.0 updates=6 fixedCalls=52 commands=23 predictionSteps=23 noCommandUpdates=0 estimatedHostTick=674 nextInputTick=680 lastRecordedTick=672 lastResolvedTick=660 nextLead=6 recordedLead=-2 unresolved=5 clamped=5 clampedTotal=51 batchesSent=234 commandsSent=952 sendFailures=0 move=(0.00,0.00) jump=0
[rubber-banding][remote-render] time=29.635 frame=405 entity=1 latestHostTick=660 buffer=8 windowMs=1043.0 fps=5.8 snapshots=26 arrivalSamples=26 arrivalAvgMs=40.1 arrivalP95Ms=199.4 arrivalMaxMs=350.9 sameArrival=21 tickGapMax=2 renderFrames=6 interpolation=1 extrapolation=5 extrapolationCapped=1 extrapolationMaxMs=153.3 oldestHeld=0 zeroSpan=6 movingFrozen=0 teleport=0 visualStepAvgCm=0.00 visualStepMaxCm=0.00 estimatedHostTick=674 renderTick=668.892 latestSnapshotTick=660.000 renderMinusLatestTicks=8.892 estimatedMinusLatestTicks=14.000 sampleT=5.446
[rubber-banding][remote-render] time=29.635 frame=405 entity=3 latestHostTick=660 buffer=8 windowMs=1043.0 fps=5.8 snapshots=26 arrivalSamples=26 arrivalAvgMs=40.1 arrivalP95Ms=199.4 arrivalMaxMs=350.9 sameArrival=21 tickGapMax=2 renderFrames=6 interpolation=1 extrapolation=5 extrapolationCapped=1 extrapolationMaxMs=153.3 oldestHeld=0 zeroSpan=6 movingFrozen=0 teleport=0 visualStepAvgCm=110.54 visualStepMaxCm=200.91 estimatedHostTick=674 renderTick=668.892 latestSnapshotTick=660.000 renderMinusLatestTicks=8.892 estimatedMinusLatestTicks=14.000 sampleT=5.446
[rubber-banding][large-step] time=29.635 frame=405 focused=0 entity=3 buffer=8 count=6 maxStepCm=200.91 horizontalCm=112.93 verticalCm=166.17 frameDeltaMs=178.3 renderTickDelta=10.697 fromTick=648 toTick=650 tickSpan=2 receivedSpanMs=0.0 t=4.465 renderOffsetMs=115.5 sourceHorizontalCm=13.33 sourceVerticalCm=16.98 fromGrounded=0 toGrounded=0 velocity=(1.726, 4.928, 3.609) expectedTravelCm=113.16 teleport=0 previous=(0.697, -0.508, -2.205) rendered=(1.395, 1.153, -1.317)
[rubber-banding][jump-step] time=29.635 frame=405 focused=0 entity=3 buffer=8 count=6 maxVerticalCm=166.17 horizontalCm=112.93 verticalCm=166.17 frameDeltaMs=178.3 renderTickDelta=10.697 fromTick=648 toTick=650 tickSpan=2 receivedSpanMs=0.0 t=4.465 renderOffsetMs=115.5 sourceHorizontalCm=13.33 sourceVerticalCm=16.98 fromGrounded=0 toGrounded=0 velocity=(1.726, 4.928, 3.609) expectedTravelCm=113.16 teleport=0 previous=(0.697, -0.508, -2.205) rendered=(1.395, 1.153, -1.317)
[rubber-banding][remote-render] time=29.635 frame=405 entity=4 latestHostTick=660 buffer=8 windowMs=1043.0 fps=5.8 snapshots=26 arrivalSamples=26 arrivalAvgMs=40.1 arrivalP95Ms=199.4 arrivalMaxMs=350.9 sameArrival=21 tickGapMax=2 renderFrames=6 interpolation=1 extrapolation=5 extrapolationCapped=1 extrapolationMaxMs=153.3 oldestHeld=0 zeroSpan=6 movingFrozen=0 teleport=0 visualStepAvgCm=0.00 visualStepMaxCm=0.00 estimatedHostTick=674 renderTick=668.892 latestSnapshotTick=660.000 renderMinusLatestTicks=8.892 estimatedMinusLatestTicks=14.000 sampleT=5.446
[rubber-banding][udp-pump] time=29.993 frame=407 focused=0 windowMs=1111.1 fps=5.4 packets=34 socketAvgMs=33.2 socketP95Ms=189.6 socketMaxMs=189.8 pumpAvgMs=37.4 pumpP95Ms=199.4 pumpMaxMs=350.9 queueDelayAvgMs=162.6 queueDelayP95Ms=187.6 queueDelayMaxMs=189.6 samePump=28 pumpBatchMax=6 queueDepthMax=7 frameMaxMs=199.4
[rubber-banding][local-input] time=30.720 frame=411 focused=0 host=0 room=23 world=5 authority=5 entity=2 windowMs=1084.4 updates=6 fixedCalls=54 commands=24 predictionSteps=24 noCommandUpdates=0 estimatedHostTick=731 nextInputTick=739 lastRecordedTick=739 lastResolvedTick=730 nextLead=8 recordedLead=8 unresolved=4 clamped=1 clampedTotal=52 batchesSent=240 commandsSent=977 sendFailures=0 move=(0.00,0.00) jump=0
[rubber-banding][remote-render] time=30.720 frame=411 entity=1 latestHostTick=730 buffer=8 windowMs=1084.4 fps=5.5 snapshots=35 arrivalSamples=35 arrivalAvgMs=31.0 arrivalP95Ms=190.2 arrivalMaxMs=201.3 sameArrival=29 tickGapMax=2 renderFrames=6 interpolation=0 extrapolation=6 extrapolationCapped=0 extrapolationMaxMs=129.2 oldestHeld=0 zeroSpan=6 movingFrozen=0 teleport=0 visualStepAvgCm=0.00 visualStepMaxCm=0.00 estimatedHostTick=731 renderTick=731.789 latestSnapshotTick=730.000 renderMinusLatestTicks=1.789 estimatedMinusLatestTicks=1.000 sampleT=1.894
[rubber-banding][remote-render] time=30.720 frame=411 entity=3 latestHostTick=730 buffer=8 windowMs=1084.4 fps=5.5 snapshots=35 arrivalSamples=35 arrivalAvgMs=31.0 arrivalP95Ms=190.2 arrivalMaxMs=201.3 sameArrival=29 tickGapMax=2 renderFrames=6 interpolation=0 extrapolation=6 extrapolationCapped=0 extrapolationMaxMs=129.2 oldestHeld=0 zeroSpan=6 movingFrozen=0 teleport=0 visualStepAvgCm=100.53 visualStepMaxCm=137.43 estimatedHostTick=731 renderTick=731.789 latestSnapshotTick=730.000 renderMinusLatestTicks=1.789 estimatedMinusLatestTicks=1.000 sampleT=1.894
[rubber-banding][large-step] time=30.720 frame=411 focused=0 entity=3 buffer=8 count=6 maxStepCm=137.43 horizontalCm=65.93 verticalCm=120.58 frameDeltaMs=170.5 renderTickDelta=9.890 fromTick=682 toTick=684 tickSpan=2 receivedSpanMs=0.0 t=3.820 renderOffsetMs=94.0 sourceHorizontalCm=13.33 sourceVerticalCm=20.79 fromGrounded=0 toGrounded=0 velocity=(1.726, -6.405, 3.609) expectedTravelCm=128.77 teleport=0 previous=(2.052, 0.675, 0.056) rendered=(2.336, -0.531, 0.650)
[rubber-banding][jump-step] time=30.720 frame=411 focused=0 entity=3 buffer=8 count=6 maxVerticalCm=120.58 horizontalCm=65.93 verticalCm=120.58 frameDeltaMs=170.5 renderTickDelta=9.890 fromTick=682 toTick=684 tickSpan=2 receivedSpanMs=0.0 t=3.820 renderOffsetMs=94.0 sourceHorizontalCm=13.33 sourceVerticalCm=20.79 fromGrounded=0 toGrounded=0 velocity=(1.726, -6.405, 3.609) expectedTravelCm=128.77 teleport=0 previous=(2.052, 0.675, 0.056) rendered=(2.336, -0.531, 0.650)
[rubber-banding][remote-render] time=30.720 frame=411 entity=4 latestHostTick=730 buffer=8 windowMs=1084.4 fps=5.5 snapshots=35 arrivalSamples=35 arrivalAvgMs=31.0 arrivalP95Ms=190.2 arrivalMaxMs=201.3 sameArrival=29 tickGapMax=2 renderFrames=6 interpolation=0 extrapolation=6 extrapolationCapped=0 extrapolationMaxMs=129.2 oldestHeld=0 zeroSpan=6 movingFrozen=0 teleport=0 visualStepAvgCm=0.00 visualStepMaxCm=0.00 estimatedHostTick=731 renderTick=731.789 latestSnapshotTick=730.000 renderMinusLatestTicks=1.789 estimatedMinusLatestTicks=1.000 sampleT=1.894
[rubber-banding][udp-pump] time=31.012 frame=413 focused=0 windowMs=1018.5 fps=5.9 packets=33 socketAvgMs=33.3 socketP95Ms=191.7 socketMaxMs=202.2 pumpAvgMs=30.9 pumpP95Ms=190.2 pumpMaxMs=201.3 queueDelayAvgMs=108.6 queueDelayP95Ms=139.1 queueDelayMaxMs=140.1 samePump=27 pumpBatchMax=6 queueDepthMax=6 frameMaxMs=201.3
[rubber-banding][local-input] time=31.866 frame=418 focused=0 host=0 room=23 world=5 authority=5 entity=2 windowMs=1146.6 updates=7 fixedCalls=58 commands=28 predictionSteps=28 noCommandUpdates=0 estimatedHostTick=804 nextInputTick=811 lastRecordedTick=811 lastResolvedTick=802 nextLead=7 recordedLead=7 unresolved=4 clamped=0 clampedTotal=52 batchesSent=247 commandsSent=1008 sendFailures=0 move=(0.00,0.00) jump=0
[rubber-banding][remote-render] time=31.866 frame=418 entity=1 latestHostTick=802 buffer=8 windowMs=1146.6 fps=6.1 snapshots=36 arrivalSamples=36 arrivalAvgMs=31.8 arrivalP95Ms=174.8 arrivalMaxMs=184.4 sameArrival=29 tickGapMax=2 renderFrames=7 interpolation=4 extrapolation=3 extrapolationCapped=0 extrapolationMaxMs=16.9 oldestHeld=0 zeroSpan=7 movingFrozen=0 teleport=0 visualStepAvgCm=0.00 visualStepMaxCm=0.00 estimatedHostTick=804 renderTick=799.676 latestSnapshotTick=802.000 renderMinusLatestTicks=-2.324 estimatedMinusLatestTicks=2.000 sampleT=0.838
[rubber-banding][remote-render] time=31.866 frame=418 entity=3 latestHostTick=802 buffer=8 windowMs=1146.6 fps=6.1 snapshots=36 arrivalSamples=36 arrivalAvgMs=31.8 arrivalP95Ms=174.8 arrivalMaxMs=184.4 sameArrival=29 tickGapMax=2 renderFrames=7 interpolation=4 extrapolation=3 extrapolationCapped=0 extrapolationMaxMs=16.9 oldestHeld=0 zeroSpan=7 movingFrozen=0 teleport=0 visualStepAvgCm=73.63 visualStepMaxCm=108.03 estimatedHostTick=804 renderTick=799.676 latestSnapshotTick=802.000 renderMinusLatestTicks=-2.324 estimatedMinusLatestTicks=2.000 sampleT=0.838
[rubber-banding][large-step] time=31.866 frame=418 focused=0 entity=3 buffer=8 count=7 maxStepCm=108.03 horizontalCm=73.74 verticalCm=78.95 frameDeltaMs=184.4 renderTickDelta=11.061 fromTick=798 toTick=800 tickSpan=2 receivedSpanMs=0.0 t=0.838 renderOffsetMs=-5.4 sourceHorizontalCm=13.33 sourceVerticalCm=19.68 fromGrounded=0 toGrounded=0 velocity=(-1.726, -6.072, -3.609) expectedTravelCm=134.04 teleport=0 previous=(4.456, 0.999, -0.741) rendered=(4.138, 0.210, -1.406)
[rubber-banding][jump-step] time=31.866 frame=418 focused=0 entity=3 buffer=8 count=5 maxVerticalCm=78.95 horizontalCm=73.74 verticalCm=78.95 frameDeltaMs=184.4 renderTickDelta=11.061 fromTick=798 toTick=800 tickSpan=2 receivedSpanMs=0.0 t=0.838 renderOffsetMs=-5.4 sourceHorizontalCm=13.33 sourceVerticalCm=19.68 fromGrounded=0 toGrounded=0 velocity=(-1.726, -6.072, -3.609) expectedTravelCm=134.04 teleport=0 previous=(4.456, 0.999, -0.741) rendered=(4.138, 0.210, -1.406)
[rubber-banding][remote-render] time=31.866 frame=418 entity=4 latestHostTick=802 buffer=8 windowMs=1146.6 fps=6.1 snapshots=36 arrivalSamples=36 arrivalAvgMs=31.8 arrivalP95Ms=174.8 arrivalMaxMs=184.4 sameArrival=29 tickGapMax=2 renderFrames=7 interpolation=4 extrapolation=3 extrapolationCapped=0 extrapolationMaxMs=16.9 oldestHeld=0 zeroSpan=7 movingFrozen=0 teleport=0 visualStepAvgCm=0.00 visualStepMaxCm=0.00 estimatedHostTick=804 renderTick=799.676 latestSnapshotTick=802.000 renderMinusLatestTicks=-2.324 estimatedMinusLatestTicks=2.000 sampleT=0.838
[rubber-banding][udp-pump] time=32.037 frame=419 focused=0 windowMs=1025.6 fps=5.9 packets=31 socketAvgMs=33.7 socketP95Ms=174.4 socketMaxMs=184.7 pumpAvgMs=33.1 pumpP95Ms=174.8 pumpMaxMs=184.4 queueDelayAvgMs=52.1 queueDelayP95Ms=76.5 queueDelayMaxMs=77.5 samePump=25 pumpBatchMax=6 queueDepthMax=6 frameMaxMs=184.4
[rubber-banding][local-input] time=32.997 frame=424 focused=0 host=0 room=23 world=5 authority=5 entity=2 windowMs=1130.6 updates=6 fixedCalls=56 commands=24 predictionSteps=24 noCommandUpdates=0 estimatedHostTick=874 nextInputTick=882 lastRecordedTick=876 lastResolvedTick=864 nextLead=8 recordedLead=2 unresolved=5 clamped=4 clampedTotal=56 batchesSent=253 commandsSent=1035 sendFailures=0 move=(0.00,0.00) jump=0
[rubber-banding][remote-render] time=32.997 frame=424 entity=1 latestHostTick=864 buffer=8 windowMs=1130.6 fps=5.3 snapshots=31 arrivalSamples=31 arrivalAvgMs=36.5 arrivalP95Ms=201.0 arrivalMaxMs=223.7 sameArrival=25 tickGapMax=2 renderFrames=6 interpolation=5 extrapolation=1 extrapolationCapped=0 extrapolationMaxMs=80.3 oldestHeld=0 zeroSpan=6 movingFrozen=0 teleport=0 visualStepAvgCm=0.00 visualStepMaxCm=0.00 estimatedHostTick=874 renderTick=868.820 latestSnapshotTick=864.000 renderMinusLatestTicks=4.820 estimatedMinusLatestTicks=10.000 sampleT=3.410
[rubber-banding][remote-render] time=32.997 frame=424 entity=3 latestHostTick=864 buffer=8 windowMs=1130.6 fps=5.3 snapshots=31 arrivalSamples=31 arrivalAvgMs=36.5 arrivalP95Ms=201.0 arrivalMaxMs=223.7 sameArrival=25 tickGapMax=2 renderFrames=6 interpolation=5 extrapolation=1 extrapolationCapped=0 extrapolationMaxMs=80.3 oldestHeld=0 zeroSpan=6 movingFrozen=0 teleport=0 visualStepAvgCm=65.96 visualStepMaxCm=104.77 estimatedHostTick=874 renderTick=868.820 latestSnapshotTick=864.000 renderMinusLatestTicks=4.820 estimatedMinusLatestTicks=10.000 sampleT=3.410
[rubber-banding][large-step] time=32.997 frame=424 focused=0 entity=3 buffer=8 count=5 maxStepCm=104.77 horizontalCm=77.51 verticalCm=70.49 frameDeltaMs=223.7 renderTickDelta=13.869 fromTick=834 toTick=836 tickSpan=2 receivedSpanMs=0.0 t=0.535 renderOffsetMs=-15.5 sourceHorizontalCm=8.22 sourceVerticalCm=2.54 fromGrounded=0 toGrounded=0 velocity=(-2.165, 0.595, 1.035) expectedTravelCm=55.31 teleport=0 previous=(2.889, 0.430, -1.501) rendered=(2.190, 1.135, -1.167)
[rubber-banding][jump-step] time=32.997 frame=424 focused=0 entity=3 buffer=8 count=6 maxVerticalCm=81.55 horizontalCm=6.68 verticalCm=81.55 frameDeltaMs=175.9 renderTickDelta=10.557 fromTick=856 toTick=858 tickSpan=2 receivedSpanMs=0.0 t=0.378 renderOffsetMs=-20.7 sourceHorizontalCm=0.22 sourceVerticalCm=17.00 fromGrounded=0 toGrounded=1 velocity=(0.000, -6.738, 0.000) expectedTravelCm=118.56 teleport=0 previous=(1.902, 0.929, -1.029) rendered=(1.842, 0.114, -1.000)
[rubber-banding][remote-render] time=32.997 frame=424 entity=4 latestHostTick=864 buffer=8 windowMs=1130.6 fps=5.3 snapshots=31 arrivalSamples=31 arrivalAvgMs=36.5 arrivalP95Ms=201.0 arrivalMaxMs=223.7 sameArrival=25 tickGapMax=2 renderFrames=6 interpolation=5 extrapolation=1 extrapolationCapped=0 extrapolationMaxMs=80.3 oldestHeld=0 zeroSpan=6 movingFrozen=0 teleport=0 visualStepAvgCm=0.00 visualStepMaxCm=0.00 estimatedHostTick=874 renderTick=868.820 latestSnapshotTick=864.000 renderMinusLatestTicks=4.820 estimatedMinusLatestTicks=10.000 sampleT=3.410
[rubber-banding][udp-pump] time=33.166 frame=425 focused=0 windowMs=1128.8 fps=5.3 packets=35 socketAvgMs=33.4 socketP95Ms=209.7 socketMaxMs=211.7 pumpAvgMs=32.3 pumpP95Ms=201.0 pumpMaxMs=223.7 queueDelayAvgMs=42.2 queueDelayP95Ms=165.0 queueDelayMaxMs=167.5 samePump=29 pumpBatchMax=9 queueDepthMax=10 frameMaxMs=223.7
[rubber-banding][local-input] time=34.108 frame=431 focused=0 host=0 room=23 world=5 authority=5 entity=2 windowMs=1110.8 updates=7 fixedCalls=56 commands=27 predictionSteps=27 noCommandUpdates=0 estimatedHostTick=933 nextInputTick=941 lastRecordedTick=941 lastResolvedTick=934 nextLead=8 recordedLead=8 unresolved=4 clamped=0 clampedTotal=56 batchesSent=260 commandsSent=1068 sendFailures=0 move=(0.00,0.00) jump=0
[rubber-banding][remote-render] time=34.108 frame=431 entity=1 latestHostTick=934 buffer=8 windowMs=1110.8 fps=6.3 snapshots=34 arrivalSamples=34 arrivalAvgMs=32.7 arrivalP95Ms=182.2 arrivalMaxMs=316.2 sameArrival=28 tickGapMax=4 renderFrames=7 interpolation=2 extrapolation=5 extrapolationCapped=0 extrapolationMaxMs=97.2 oldestHeld=0 zeroSpan=7 movingFrozen=0 teleport=0 visualStepAvgCm=0.00 visualStepMaxCm=0.00 estimatedHostTick=933 renderTick=933.244 latestSnapshotTick=934.000 renderMinusLatestTicks=-0.756 estimatedMinusLatestTicks=-1.000 sampleT=0.622
[rubber-banding][remote-render] time=34.108 frame=431 entity=3 latestHostTick=934 buffer=8 windowMs=1110.8 fps=6.3 snapshots=34 arrivalSamples=34 arrivalAvgMs=32.7 arrivalP95Ms=182.2 arrivalMaxMs=316.2 sameArrival=28 tickGapMax=4 renderFrames=7 interpolation=2 extrapolation=5 extrapolationCapped=0 extrapolationMaxMs=97.2 oldestHeld=0 zeroSpan=7 movingFrozen=0 teleport=0 visualStepAvgCm=58.47 visualStepMaxCm=86.90 estimatedHostTick=933 renderTick=933.244 latestSnapshotTick=934.000 renderMinusLatestTicks=-0.756 estimatedMinusLatestTicks=-1.000 sampleT=0.622
[rubber-banding][large-step] time=34.108 frame=431 focused=0 entity=3 buffer=8 count=5 maxStepCm=86.90 horizontalCm=65.76 verticalCm=56.81 frameDeltaMs=182.2 renderTickDelta=10.569 fromTick=922 toTick=924 tickSpan=2 receivedSpanMs=0.0 t=1.476 renderOffsetMs=15.9 sourceHorizontalCm=12.44 sourceVerticalCm=14.13 fromGrounded=0 toGrounded=0 velocity=(3.524, -4.405, 1.233) expectedTravelCm=105.22 teleport=0 previous=(3.793, 1.127, -0.694) rendered=(4.414, 0.559, -0.477)
[rubber-banding][jump-step] time=34.108 frame=431 focused=0 entity=3 buffer=8 count=4 maxVerticalCm=73.14 horizontalCm=45.47 verticalCm=73.14 frameDeltaMs=157.3 renderTickDelta=9.124 fromTick=890 toTick=892 tickSpan=2 receivedSpanMs=0.0 t=3.478 renderOffsetMs=82.6 sourceHorizontalCm=7.78 sourceVerticalCm=21.43 fromGrounded=1 toGrounded=0 velocity=(2.265, 6.262, 0.793) expectedTravelCm=105.49 teleport=0 previous=(2.364, 0.008, -1.250) rendered=(2.773, 0.739, -1.051)
[rubber-banding][remote-render] time=34.108 frame=431 entity=4 latestHostTick=934 buffer=8 windowMs=1110.8 fps=6.3 snapshots=34 arrivalSamples=34 arrivalAvgMs=32.7 arrivalP95Ms=182.2 arrivalMaxMs=316.2 sameArrival=28 tickGapMax=4 renderFrames=7 interpolation=2 extrapolation=5 extrapolationCapped=0 extrapolationMaxMs=97.2 oldestHeld=0 zeroSpan=7 movingFrozen=0 teleport=0 visualStepAvgCm=0.00 visualStepMaxCm=0.00 estimatedHostTick=933 renderTick=933.244 latestSnapshotTick=934.000 renderMinusLatestTicks=-0.756 estimatedMinusLatestTicks=-1.000 sampleT=0.622
[rubber-banding][udp-pump] time=34.259 frame=432 focused=0 windowMs=1092.7 fps=6.4 packets=31 socketAvgMs=33.2 socketP95Ms=171.1 socketMaxMs=189.4 pumpAvgMs=35.2 pumpP95Ms=182.2 pumpMaxMs=316.2 queueDelayAvgMs=104.1 queueDelayP95Ms=145.3 queueDelayMaxMs=146.3 samePump=25 pumpBatchMax=6 queueDepthMax=6 frameMaxMs=182.2
[rubber-banding][local-input] time=35.136 frame=438 focused=0 host=0 room=23 world=5 authority=5 entity=2 windowMs=1028.5 updates=7 fixedCalls=51 commands=28 predictionSteps=28 noCommandUpdates=0 estimatedHostTick=1001 nextInputTick=1008 lastRecordedTick=1008 lastResolvedTick=998 nextLead=7 recordedLead=7 unresolved=4 clamped=0 clampedTotal=56 batchesSent=267 commandsSent=1098 sendFailures=0 move=(0.00,0.00) jump=0
[rubber-banding][remote-render] time=35.136 frame=438 entity=1 latestHostTick=998 buffer=8 windowMs=1028.5 fps=6.8 snapshots=32 arrivalSamples=32 arrivalAvgMs=32.1 arrivalP95Ms=161.7 arrivalMaxMs=168.8 sameArrival=25 tickGapMax=2 renderFrames=7 interpolation=7 extrapolation=0 extrapolationCapped=0 extrapolationMaxMs=0.0 oldestHeld=0 zeroSpan=7 movingFrozen=0 teleport=0 visualStepAvgCm=0.00 visualStepMaxCm=0.00 estimatedHostTick=1001 renderTick=995.329 latestSnapshotTick=998.000 renderMinusLatestTicks=-2.671 estimatedMinusLatestTicks=3.000 sampleT=0.665
[rubber-banding][remote-render] time=35.136 frame=438 entity=3 latestHostTick=998 buffer=8 windowMs=1028.5 fps=6.8 snapshots=32 arrivalSamples=32 arrivalAvgMs=32.1 arrivalP95Ms=161.7 arrivalMaxMs=168.8 sameArrival=25 tickGapMax=2 renderFrames=7 interpolation=7 extrapolation=0 extrapolationCapped=0 extrapolationMaxMs=0.0 oldestHeld=0 zeroSpan=7 movingFrozen=0 teleport=0 visualStepAvgCm=43.66 visualStepMaxCm=94.93 estimatedHostTick=1001 renderTick=995.329 latestSnapshotTick=998.000 renderMinusLatestTicks=-2.671 estimatedMinusLatestTicks=3.000 sampleT=0.665
[rubber-banding][large-step] time=35.136 frame=438 focused=0 entity=3 buffer=8 count=4 maxStepCm=94.93 horizontalCm=62.28 verticalCm=71.65 frameDeltaMs=161.7 renderTickDelta=9.701 fromTick=974 toTick=976 tickSpan=2 receivedSpanMs=0.0 t=0.951 renderOffsetMs=-1.6 sourceHorizontalCm=13.33 sourceVerticalCm=14.76 fromGrounded=0 toGrounded=0 velocity=(-2.040, 4.262, -3.441) expectedTravelCm=94.50 teleport=0 previous=(4.630, 0.008, -0.881) rendered=(4.348, 0.724, -1.437)
[rubber-banding][jump-step] time=35.136 frame=438 focused=0 entity=3 buffer=8 count=3 maxVerticalCm=71.65 horizontalCm=62.28 verticalCm=71.65 frameDeltaMs=161.7 renderTickDelta=9.701 fromTick=974 toTick=976 tickSpan=2 receivedSpanMs=0.0 t=0.951 renderOffsetMs=-1.6 sourceHorizontalCm=13.33 sourceVerticalCm=14.76 fromGrounded=0 toGrounded=0 velocity=(-2.040, 4.262, -3.441) expectedTravelCm=94.50 teleport=0 previous=(4.630, 0.008, -0.881) rendered=(4.348, 0.724, -1.437)
[rubber-banding][remote-render] time=35.136 frame=438 entity=4 latestHostTick=998 buffer=8 windowMs=1028.5 fps=6.8 snapshots=32 arrivalSamples=32 arrivalAvgMs=32.1 arrivalP95Ms=161.7 arrivalMaxMs=168.8 sameArrival=25 tickGapMax=2 renderFrames=7 interpolation=7 extrapolation=0 extrapolationCapped=0 extrapolationMaxMs=0.0 oldestHeld=0 zeroSpan=7 movingFrozen=0 teleport=0 visualStepAvgCm=0.00 visualStepMaxCm=0.00 estimatedHostTick=1001 renderTick=995.329 latestSnapshotTick=998.000 renderMinusLatestTicks=-2.671 estimatedMinusLatestTicks=3.000 sampleT=0.665
[rubber-banding][udp-pump] time=35.320 frame=439 focused=0 windowMs=1061.4 fps=6.6 packets=33 socketAvgMs=33.4 socketP95Ms=179.7 socketMaxMs=185.0 pumpAvgMs=32.2 pumpP95Ms=168.8 pumpMaxMs=183.8 queueDelayAvgMs=32.6 queueDelayP95Ms=62.3 queueDelayMaxMs=63.3 samePump=26 pumpBatchMax=6 queueDepthMax=7 frameMaxMs=183.8
[rubber-banding][local-input] time=36.192 frame=444 focused=0 host=0 room=23 world=5 authority=5 entity=2 windowMs=1055.4 updates=6 fixedCalls=53 commands=20 predictionSteps=20 noCommandUpdates=1 estimatedHostTick=1067 nextInputTick=1075 lastRecordedTick=1066 lastResolvedTick=1054 nextLead=8 recordedLead=-1 unresolved=4 clamped=3 clampedTotal=59 batchesSent=273 commandsSent=1125 sendFailures=0 move=(0.00,0.00) jump=0
[rubber-banding][remote-render] time=36.192 frame=444 entity=1 latestHostTick=1054 buffer=8 windowMs=1055.4 fps=5.7 snapshots=27 arrivalSamples=27 arrivalAvgMs=33.2 arrivalP95Ms=181.8 arrivalMaxMs=183.8 sameArrival=22 tickGapMax=4 renderFrames=6 interpolation=4 extrapolation=2 extrapolationCapped=0 extrapolationMaxMs=112.8 oldestHeld=0 zeroSpan=6 movingFrozen=0 teleport=0 visualStepAvgCm=0.00 visualStepMaxCm=0.00 estimatedHostTick=1067 renderTick=1060.766 latestSnapshotTick=1054.000 renderMinusLatestTicks=6.766 estimatedMinusLatestTicks=13.000 sampleT=4.383
[rubber-banding][remote-render] time=36.192 frame=444 entity=3 latestHostTick=1054 buffer=8 windowMs=1055.4 fps=5.7 snapshots=27 arrivalSamples=27 arrivalAvgMs=33.2 arrivalP95Ms=181.8 arrivalMaxMs=183.8 sameArrival=22 tickGapMax=4 renderFrames=6 interpolation=4 extrapolation=2 extrapolationCapped=0 extrapolationMaxMs=112.8 oldestHeld=0 zeroSpan=6 movingFrozen=0 teleport=0 visualStepAvgCm=93.99 visualStepMaxCm=111.08 estimatedHostTick=1067 renderTick=1060.766 latestSnapshotTick=1054.000 renderMinusLatestTicks=6.766 estimatedMinusLatestTicks=13.000 sampleT=4.383
[rubber-banding][large-step] time=36.192 frame=444 focused=0 entity=3 buffer=8 count=6 maxStepCm=111.08 horizontalCm=72.75 verticalCm=83.95 frameDeltaMs=176.3 renderTickDelta=10.928 fromTick=1028 toTick=1030 tickSpan=2 receivedSpanMs=0.0 t=0.285 renderOffsetMs=-23.8 sourceHorizontalCm=13.33 sourceVerticalCm=9.21 fromGrounded=0 toGrounded=0 velocity=(-1.700, 2.595, 3.621) expectedTravelCm=84.04 teleport=0 previous=(2.448, 0.098, -2.148) rendered=(2.200, 0.938, -1.463)
[rubber-banding][jump-step] time=36.192 frame=444 focused=0 entity=3 buffer=8 count=6 maxVerticalCm=86.95 horizontalCm=65.89 verticalCm=86.95 frameDeltaMs=159.4 renderTickDelta=9.886 fromTick=1052 toTick=1054 tickSpan=2 receivedSpanMs=0.0 t=4.383 renderOffsetMs=112.8 sourceHorizontalCm=13.33 sourceVerticalCm=17.46 fromGrounded=0 toGrounded=0 velocity=(-3.294, -5.405, 2.269) expectedTravelCm=107.22 teleport=0 previous=(1.327, 0.635, -0.276) rendered=(0.788, -0.235, 0.104)
[rubber-banding][remote-render] time=36.192 frame=444 entity=4 latestHostTick=1054 buffer=8 windowMs=1055.4 fps=5.7 snapshots=27 arrivalSamples=27 arrivalAvgMs=33.2 arrivalP95Ms=181.8 arrivalMaxMs=183.8 sameArrival=22 tickGapMax=4 renderFrames=6 interpolation=4 extrapolation=2 extrapolationCapped=0 extrapolationMaxMs=112.8 oldestHeld=0 zeroSpan=6 movingFrozen=0 teleport=0 visualStepAvgCm=0.00 visualStepMaxCm=0.00 estimatedHostTick=1067 renderTick=1060.766 latestSnapshotTick=1054.000 renderMinusLatestTicks=6.766 estimatedMinusLatestTicks=13.000 sampleT=4.383
[rubber-banding][udp-pump] time=36.349 frame=445 focused=0 windowMs=1029.2 fps=5.8 packets=28 socketAvgMs=33.1 socketP95Ms=183.1 socketMaxMs=194.7 pumpAvgMs=36.8 pumpP95Ms=181.8 pumpMaxMs=317.1 queueDelayAvgMs=60.4 queueDelayP95Ms=177.4 queueDelayMaxMs=178.5 samePump=23 pumpBatchMax=9 queueDepthMax=8 frameMaxMs=181.8
[rubber-banding][local-input] time=37.282 frame=451 focused=0 host=0 room=23 world=5 authority=5 entity=2 windowMs=1090.4 updates=7 fixedCalls=54 commands=28 predictionSteps=28 noCommandUpdates=0 estimatedHostTick=1126 nextInputTick=1133 lastRecordedTick=1133 lastResolvedTick=1122 nextLead=7 recordedLead=7 unresolved=5 clamped=1 clampedTotal=60 batchesSent=280 commandsSent=1159 sendFailures=0 move=(0.00,0.00) jump=0
[rubber-banding][remote-render] time=37.282 frame=451 entity=1 latestHostTick=1122 buffer=8 windowMs=1090.4 fps=6.4 snapshots=34 arrivalSamples=34 arrivalAvgMs=36.8 arrivalP95Ms=166.5 arrivalMaxMs=317.1 sameArrival=27 tickGapMax=2 renderFrames=7 interpolation=0 extrapolation=7 extrapolationCapped=0 extrapolationMaxMs=76.8 oldestHeld=0 zeroSpan=7 movingFrozen=0 teleport=0 visualStepAvgCm=0.00 visualStepMaxCm=0.00 estimatedHostTick=1126 renderTick=1124.006 latestSnapshotTick=1122.000 renderMinusLatestTicks=2.006 estimatedMinusLatestTicks=4.000 sampleT=2.003
[rubber-banding][remote-render] time=37.282 frame=451 entity=3 latestHostTick=1122 buffer=8 windowMs=1090.4 fps=6.4 snapshots=34 arrivalSamples=34 arrivalAvgMs=36.8 arrivalP95Ms=166.5 arrivalMaxMs=317.1 sameArrival=27 tickGapMax=2 renderFrames=7 interpolation=0 extrapolation=7 extrapolationCapped=0 extrapolationMaxMs=76.8 oldestHeld=0 zeroSpan=7 movingFrozen=0 teleport=0 visualStepAvgCm=71.09 visualStepMaxCm=106.92 estimatedHostTick=1126 renderTick=1124.006 latestSnapshotTick=1122.000 renderMinusLatestTicks=2.006 estimatedMinusLatestTicks=4.000 sampleT=2.003
[rubber-banding][large-step] time=37.282 frame=451 focused=0 entity=3 buffer=8 count=7 maxStepCm=106.92 horizontalCm=58.01 verticalCm=89.82 frameDeltaMs=150.0 renderTickDelta=8.702 fromTick=1072 toTick=1074 tickSpan=2 receivedSpanMs=0.0 t=3.304 renderOffsetMs=76.8 sourceHorizontalCm=13.33 sourceVerticalCm=18.09 fromGrounded=0 toGrounded=0 velocity=(-1.764, 5.262, -3.590) expectedTravelCm=99.16 teleport=0 previous=(0.413, 0.008, -0.536) rendered=(0.157, 0.906, -1.057)
[rubber-banding][jump-step] time=37.282 frame=451 focused=0 entity=3 buffer=8 count=5 maxVerticalCm=89.82 horizontalCm=58.01 verticalCm=89.82 frameDeltaMs=150.0 renderTickDelta=8.702 fromTick=1072 toTick=1074 tickSpan=2 receivedSpanMs=0.0 t=3.304 renderOffsetMs=76.8 sourceHorizontalCm=13.33 sourceVerticalCm=18.09 fromGrounded=0 toGrounded=0 velocity=(-1.764, 5.262, -3.590) expectedTravelCm=99.16 teleport=0 previous=(0.413, 0.008, -0.536) rendered=(0.157, 0.906, -1.057)
[rubber-banding][remote-render] time=37.282 frame=451 entity=4 latestHostTick=1122 buffer=8 windowMs=1090.4 fps=6.4 snapshots=34 arrivalSamples=34 arrivalAvgMs=36.8 arrivalP95Ms=166.5 arrivalMaxMs=317.1 sameArrival=27 tickGapMax=2 renderFrames=7 interpolation=0 extrapolation=7 extrapolationCapped=0 extrapolationMaxMs=76.8 oldestHeld=0 zeroSpan=7 movingFrozen=0 teleport=0 visualStepAvgCm=0.00 visualStepMaxCm=0.00 estimatedHostTick=1126 renderTick=1124.006 latestSnapshotTick=1122.000 renderMinusLatestTicks=2.006 estimatedMinusLatestTicks=4.000 sampleT=2.003
[rubber-banding][udp-pump] time=37.455 frame=452 focused=0 windowMs=1105.6 fps=6.3 packets=34 socketAvgMs=33.3 socketP95Ms=163.8 socketMaxMs=173.7 pumpAvgMs=32.5 pumpP95Ms=166.5 pumpMaxMs=172.8 queueDelayAvgMs=118.3 queueDelayP95Ms=140.0 queueDelayMaxMs=141.0 samePump=27 pumpBatchMax=6 queueDepthMax=7 frameMaxMs=172.8
[rubber-banding][local-input] time=38.414 frame=458 focused=0 host=0 room=23 world=5 authority=5 entity=2 windowMs=1131.8 updates=7 fixedCalls=57 commands=28 predictionSteps=28 noCommandUpdates=0 estimatedHostTick=1196 nextInputTick=1204 lastRecordedTick=1204 lastResolvedTick=1194 nextLead=8 recordedLead=8 unresolved=4 clamped=5 clampedTotal=65 batchesSent=287 commandsSent=1192 sendFailures=0 move=(0.00,0.00) jump=0
[rubber-banding][remote-render] time=38.414 frame=458 entity=1 latestHostTick=1194 buffer=8 windowMs=1131.8 fps=6.2 snapshots=36 arrivalSamples=36 arrivalAvgMs=31.4 arrivalP95Ms=172.8 arrivalMaxMs=182.2 sameArrival=29 tickGapMax=2 renderFrames=7 interpolation=1 extrapolation=6 extrapolationCapped=0 extrapolationMaxMs=21.5 oldestHeld=0 zeroSpan=7 movingFrozen=0 teleport=0 visualStepAvgCm=0.00 visualStepMaxCm=0.00 estimatedHostTick=1196 renderTick=1191.915 latestSnapshotTick=1194.000 renderMinusLatestTicks=-2.085 estimatedMinusLatestTicks=2.000 sampleT=0.958
[rubber-banding][remote-render] time=38.414 frame=458 entity=3 latestHostTick=1194 buffer=8 windowMs=1131.8 fps=6.2 snapshots=36 arrivalSamples=36 arrivalAvgMs=31.4 arrivalP95Ms=172.8 arrivalMaxMs=182.2 sameArrival=29 tickGapMax=2 renderFrames=7 interpolation=1 extrapolation=6 extrapolationCapped=0 extrapolationMaxMs=21.5 oldestHeld=0 zeroSpan=7 movingFrozen=0 teleport=0 visualStepAvgCm=65.65 visualStepMaxCm=83.06 estimatedHostTick=1196 renderTick=1191.915 latestSnapshotTick=1194.000 renderMinusLatestTicks=-2.085 estimatedMinusLatestTicks=2.000 sampleT=0.958
[rubber-banding][large-step] time=38.414 frame=458 focused=0 entity=3 buffer=8 count=7 maxStepCm=83.06 horizontalCm=57.52 verticalCm=59.93 frameDeltaMs=143.8 renderTickDelta=8.627 fromTick=1190 toTick=1192 tickSpan=2 receivedSpanMs=0.0 t=0.958 renderOffsetMs=-1.4 sourceHorizontalCm=13.33 sourceVerticalCm=10.32 fromGrounded=0 toGrounded=0 velocity=(1.764, 2.928, 3.590) expectedTravelCm=71.28 teleport=0 previous=(0.201, 0.357, -4.235) rendered=(0.455, 0.956, -3.719)
[rubber-banding][jump-step] time=38.414 frame=458 focused=0 entity=3 buffer=8 count=7 maxVerticalCm=64.84 horizontalCm=23.36 verticalCm=64.84 frameDeltaMs=161.6 renderTickDelta=9.695 fromTick=1142 toTick=1144 tickSpan=2 receivedSpanMs=0.0 t=1.036 renderOffsetMs=1.2 sourceHorizontalCm=6.17 sourceVerticalCm=9.21 fromGrounded=0 toGrounded=0 velocity=(0.006, 2.595, -1.913) expectedTravelCm=52.10 teleport=0 previous=(-1.073, 0.358, -3.560) rendered=(-1.098, 1.007, -3.792)
[rubber-banding][remote-render] time=38.414 frame=458 entity=4 latestHostTick=1194 buffer=8 windowMs=1131.8 fps=6.2 snapshots=36 arrivalSamples=36 arrivalAvgMs=31.4 arrivalP95Ms=172.8 arrivalMaxMs=182.2 sameArrival=29 tickGapMax=2 renderFrames=7 interpolation=1 extrapolation=6 extrapolationCapped=0 extrapolationMaxMs=21.5 oldestHeld=0 zeroSpan=7 movingFrozen=0 teleport=0 visualStepAvgCm=0.00 visualStepMaxCm=0.00 estimatedHostTick=1196 renderTick=1191.915 latestSnapshotTick=1194.000 renderMinusLatestTicks=-2.085 estimatedMinusLatestTicks=2.000 sampleT=0.958
[rubber-banding][udp-pump] time=38.580 frame=459 focused=0 windowMs=1125.5 fps=6.2 packets=35 socketAvgMs=33.5 socketP95Ms=169.7 socketMaxMs=176.5 pumpAvgMs=32.2 pumpP95Ms=170.4 pumpMaxMs=182.2 queueDelayAvgMs=87.0 queueDelayP95Ms=111.5 queueDelayMaxMs=113.0 samePump=28 pumpBatchMax=6 queueDepthMax=6 frameMaxMs=182.2
[rubber-banding][local-input] time=39.462 frame=465 focused=0 host=0 room=23 world=5 authority=5 entity=2 windowMs=1048.6 updates=7 fixedCalls=52 commands=28 predictionSteps=28 noCommandUpdates=0 estimatedHostTick=1261 nextInputTick=1268 lastRecordedTick=1268 lastResolvedTick=1258 nextLead=7 recordedLead=7 unresolved=5 clamped=0 clampedTotal=65 batchesSent=294 commandsSent=1226 sendFailures=0 move=(0.00,0.00) jump=0
[rubber-banding][remote-render] time=39.462 frame=465 entity=1 latestHostTick=1258 buffer=8 windowMs=1048.6 fps=6.7 snapshots=32 arrivalSamples=32 arrivalAvgMs=32.8 arrivalP95Ms=166.5 arrivalMaxMs=175.9 sameArrival=25 tickGapMax=2 renderFrames=7 interpolation=7 extrapolation=0 extrapolationCapped=0 extrapolationMaxMs=0.0 oldestHeld=0 zeroSpan=7 movingFrozen=0 teleport=0 visualStepAvgCm=0.00 visualStepMaxCm=0.00 estimatedHostTick=1261 renderTick=1255.768 latestSnapshotTick=1258.000 renderMinusLatestTicks=-2.232 estimatedMinusLatestTicks=3.000 sampleT=0.884
[rubber-banding][remote-render] time=39.462 frame=465 entity=3 latestHostTick=1258 buffer=8 windowMs=1048.6 fps=6.7 snapshots=32 arrivalSamples=32 arrivalAvgMs=32.8 arrivalP95Ms=166.5 arrivalMaxMs=175.9 sameArrival=25 tickGapMax=2 renderFrames=7 interpolation=7 extrapolation=0 extrapolationCapped=0 extrapolationMaxMs=0.0 oldestHeld=0 zeroSpan=7 movingFrozen=0 teleport=0 visualStepAvgCm=36.75 visualStepMaxCm=85.53 estimatedHostTick=1261 renderTick=1255.768 latestSnapshotTick=1258.000 renderMinusLatestTicks=-2.232 estimatedMinusLatestTicks=3.000 sampleT=0.884
[rubber-banding][large-step] time=39.462 frame=465 focused=0 entity=3 buffer=8 count=3 maxStepCm=85.53 horizontalCm=72.71 verticalCm=45.03 frameDeltaMs=175.9 renderTickDelta=10.907 fromTick=1212 toTick=1214 tickSpan=2 receivedSpanMs=0.0 t=0.572 renderOffsetMs=-14.3 sourceHorizontalCm=13.33 sourceVerticalCm=14.13 fromGrounded=0 toGrounded=0 velocity=(1.764, -4.405, 3.590) expectedTravelCm=104.68 teleport=0 previous=(0.758, 1.139, -3.102) rendered=(1.079, 0.689, -2.449)
[rubber-banding][jump-step] time=39.462 frame=465 focused=0 entity=3 buffer=8 count=3 maxVerticalCm=65.56 horizontalCm=53.04 verticalCm=65.56 frameDeltaMs=130.8 renderTickDelta=8.056 fromTick=1220 toTick=1222 tickSpan=2 receivedSpanMs=0.0 t=0.600 renderOffsetMs=-13.3 sourceHorizontalCm=12.22 sourceVerticalCm=6.32 fromGrounded=0 toGrounded=1 velocity=(1.470, -2.333, 2.992) expectedTravelCm=53.22 teleport=0 previous=(1.079, 0.689, -2.449) rendered=(1.313, 0.033, -1.973)
[rubber-banding][remote-render] time=39.462 frame=465 entity=4 latestHostTick=1258 buffer=8 windowMs=1048.6 fps=6.7 snapshots=32 arrivalSamples=32 arrivalAvgMs=32.8 arrivalP95Ms=166.5 arrivalMaxMs=175.9 sameArrival=25 tickGapMax=2 renderFrames=7 interpolation=7 extrapolation=0 extrapolationCapped=0 extrapolationMaxMs=0.0 oldestHeld=0 zeroSpan=7 movingFrozen=0 teleport=0 visualStepAvgCm=0.00 visualStepMaxCm=0.00 estimatedHostTick=1261 renderTick=1255.768 latestSnapshotTick=1258.000 renderMinusLatestTicks=-2.232 estimatedMinusLatestTicks=3.000 sampleT=0.884
[rubber-banding][udp-pump] time=39.584 frame=468 focused=0 windowMs=1004.0 fps=9.0 packets=32 socketAvgMs=33.0 socketP95Ms=162.4 socketMaxMs=177.9 pumpAvgMs=31.4 pumpP95Ms=159.0 pumpMaxMs=175.9 queueDelayAvgMs=26.5 queueDelayP95Ms=54.9 queueDelayMaxMs=55.6 samePump=23 pumpBatchMax=5 queueDepthMax=5 frameMaxMs=175.9
[rubber-banding][local-input] time=40.500 frame=492 focused=0 host=0 room=23 world=5 authority=5 entity=2 windowMs=1037.5 updates=27 fixedCalls=52 commands=59 predictionSteps=59 noCommandUpdates=1 estimatedHostTick=1323 nextInputTick=1327 lastRecordedTick=1327 lastResolvedTick=1322 nextLead=4 recordedLead=4 unresolved=5 clamped=0 clampedTotal=65 batchesSent=321 commandsSent=1386 sendFailures=0 move=(0.00,0.00) jump=0
[rubber-banding][remote-render] time=40.500 frame=492 entity=1 latestHostTick=1322 buffer=8 windowMs=1037.5 fps=26.0 snapshots=32 arrivalSamples=32 arrivalAvgMs=32.4 arrivalP95Ms=73.4 arrivalMaxMs=74.3 sameArrival=7 tickGapMax=2 renderFrames=27 interpolation=27 extrapolation=0 extrapolationCapped=0 extrapolationMaxMs=0.0 oldestHeld=0 zeroSpan=6 movingFrozen=0 teleport=0 visualStepAvgCm=0.00 visualStepMaxCm=0.00 estimatedHostTick=1323 renderTick=1318.018 latestSnapshotTick=1322.000 renderMinusLatestTicks=-3.982 estimatedMinusLatestTicks=1.000 sampleT=0.009
[rubber-banding][remote-render] time=40.500 frame=492 entity=3 latestHostTick=1322 buffer=8 windowMs=1037.5 fps=26.0 snapshots=32 arrivalSamples=32 arrivalAvgMs=32.4 arrivalP95Ms=73.4 arrivalMaxMs=74.3 sameArrival=7 tickGapMax=2 renderFrames=27 interpolation=27 extrapolation=0 extrapolationCapped=0 extrapolationMaxMs=0.0 oldestHeld=0 zeroSpan=6 movingFrozen=0 teleport=0 visualStepAvgCm=0.00 visualStepMaxCm=0.00 estimatedHostTick=1323 renderTick=1318.018 latestSnapshotTick=1322.000 renderMinusLatestTicks=-3.982 estimatedMinusLatestTicks=1.000 sampleT=0.009
[rubber-banding][remote-render] time=40.500 frame=492 entity=4 latestHostTick=1322 buffer=8 windowMs=1037.5 fps=26.0 snapshots=32 arrivalSamples=32 arrivalAvgMs=32.4 arrivalP95Ms=73.4 arrivalMaxMs=74.3 sameArrival=7 tickGapMax=2 renderFrames=27 interpolation=27 extrapolation=0 extrapolationCapped=0 extrapolationMaxMs=0.0 oldestHeld=0 zeroSpan=6 movingFrozen=0 teleport=0 visualStepAvgCm=0.00 visualStepMaxCm=0.00 estimatedHostTick=1323 renderTick=1318.018 latestSnapshotTick=1322.000 renderMinusLatestTicks=-3.982 estimatedMinusLatestTicks=1.000 sampleT=0.009
[rubber-banding][udp-pump] time=40.616 frame=495 focused=0 windowMs=1031.9 fps=26.2 packets=30 socketAvgMs=33.9 socketP95Ms=42.2 socketMaxMs=43.2 pumpAvgMs=34.4 pumpP95Ms=73.4 pumpMaxMs=74.3 queueDelayAvgMs=21.9 queueDelayP95Ms=37.1 queueDelayMaxMs=38.2 samePump=5 pumpBatchMax=2 queueDepthMax=2 frameMaxMs=40.7
[rubber-banding][local-input] time=41.512 frame=534 focused=1 host=0 room=23 world=5 authority=5 entity=2 windowMs=1011.8 updates=42 fixedCalls=51 commands=58 predictionSteps=58 noCommandUpdates=7 estimatedHostTick=1383 nextInputTick=1387 lastRecordedTick=1387 lastResolvedTick=1380 nextLead=4 recordedLead=4 unresolved=7 clamped=0 clampedTotal=65 batchesSent=348 commandsSent=1527 sendFailures=0 move=(0.06,1.00) jump=0
[rubber-banding][remote-render] time=41.512 frame=534 entity=1 latestHostTick=1380 buffer=8 windowMs=1011.8 fps=41.5 snapshots=29 arrivalSamples=29 arrivalAvgMs=33.2 arrivalP95Ms=83.7 arrivalMaxMs=138.7 sameArrival=11 tickGapMax=2 renderFrames=42 interpolation=41 extrapolation=1 extrapolationCapped=0 extrapolationMaxMs=9.5 oldestHeld=0 zeroSpan=18 movingFrozen=0 teleport=0 visualStepAvgCm=0.00 visualStepMaxCm=0.00 estimatedHostTick=1383 renderTick=1378.726 latestSnapshotTick=1380.000 renderMinusLatestTicks=-1.274 estimatedMinusLatestTicks=3.000 sampleT=0.363
[rubber-banding][remote-render] time=41.512 frame=534 entity=3 latestHostTick=1380 buffer=8 windowMs=1011.8 fps=41.5 snapshots=29 arrivalSamples=29 arrivalAvgMs=33.2 arrivalP95Ms=83.7 arrivalMaxMs=138.7 sameArrival=11 tickGapMax=2 renderFrames=42 interpolation=41 extrapolation=1 extrapolationCapped=0 extrapolationMaxMs=9.5 oldestHeld=0 zeroSpan=18 movingFrozen=0 teleport=0 visualStepAvgCm=0.00 visualStepMaxCm=0.00 estimatedHostTick=1383 renderTick=1378.726 latestSnapshotTick=1380.000 renderMinusLatestTicks=-1.274 estimatedMinusLatestTicks=3.000 sampleT=0.363
[rubber-banding][remote-render] time=41.512 frame=534 entity=4 latestHostTick=1380 buffer=8 windowMs=1011.8 fps=41.5 snapshots=29 arrivalSamples=29 arrivalAvgMs=33.2 arrivalP95Ms=83.7 arrivalMaxMs=138.7 sameArrival=11 tickGapMax=2 renderFrames=42 interpolation=41 extrapolation=1 extrapolationCapped=0 extrapolationMaxMs=9.5 oldestHeld=0 zeroSpan=18 movingFrozen=0 teleport=0 visualStepAvgCm=0.00 visualStepMaxCm=0.00 estimatedHostTick=1383 renderTick=1378.726 latestSnapshotTick=1380.000 renderMinusLatestTicks=-1.274 estimatedMinusLatestTicks=3.000 sampleT=0.363
[rubber-banding][udp-pump] time=41.623 frame=543 focused=1 windowMs=1007.2 fps=47.7 packets=28 socketAvgMs=32.8 socketP95Ms=69.8 socketMaxMs=77.6 pumpAvgMs=32.6 pumpP95Ms=83.7 pumpMaxMs=138.7 queueDelayAvgMs=12.3 queueDelayP95Ms=36.5 queueDelayMaxMs=64.0 samePump=12 pumpBatchMax=3 queueDepthMax=3 frameMaxMs=89.4
[rubber-banding][guest-local-edge] time=42.415 room=23 world=5 authority=5 entity=2 eventId=1 kind=Jump stage=Captured relatedEventId=0 inputTick=0 pressed=None createdAt=-1.000000 firstSendRequestedAt=-1.000000 firstSendDelayMs=-1.000 desiredTick=0 assignedTick=0 lastResolvedAtCreate=0 estimatedHostTickAtCreate=0 clampReason=None
[rubber-banding][guest-local-edge] time=42.448 room=23 world=5 authority=5 entity=2 eventId=1 kind=Jump stage=Attached relatedEventId=0 inputTick=1442 pressed=Jump createdAt=42.444730 firstSendRequestedAt=-1.000000 firstSendDelayMs=-1.000 desiredTick=1442 assignedTick=1442 lastResolvedAtCreate=1438 estimatedHostTickAtCreate=1439 clampReason=None
[rubber-banding][guest-local-edge] time=42.450 room=23 world=5 authority=5 entity=2 eventId=1 kind=Jump stage=FirstSendRequested relatedEventId=0 inputTick=1442 pressed=Jump createdAt=42.444730 firstSendRequestedAt=42.444730 firstSendDelayMs=0.000 desiredTick=1442 assignedTick=1442 lastResolvedAtCreate=1438 estimatedHostTickAtCreate=1439 clampReason=None
[rubber-banding][local-input] time=42.512 frame=620 focused=1 host=0 room=23 world=5 authority=5 entity=2 windowMs=1000.7 updates=86 fixedCalls=50 commands=59 predictionSteps=59 noCommandUpdates=30 estimatedHostTick=1443 nextInputTick=1446 lastRecordedTick=1446 lastResolvedTick=1438 nextLead=3 recordedLead=3 unresolved=8 clamped=3 clampedTotal=68 batchesSent=378 commandsSent=1729 sendFailures=0 move=(-0.11,-0.99) jump=0
[rubber-banding][remote-render] time=42.512 frame=620 entity=1 latestHostTick=1438 buffer=8 windowMs=1000.7 fps=85.9 snapshots=29 arrivalSamples=29 arrivalAvgMs=33.9 arrivalP95Ms=154.2 arrivalMaxMs=172.8 sameArrival=19 tickGapMax=2 renderFrames=86 interpolation=42 extrapolation=44 extrapolationCapped=0 extrapolationMaxMs=101.3 oldestHeld=0 zeroSpan=59 movingFrozen=0 teleport=0 visualStepAvgCm=0.00 visualStepMaxCm=0.00 estimatedHostTick=1443 renderTick=1438.769 latestSnapshotTick=1438.000 renderMinusLatestTicks=0.769 estimatedMinusLatestTicks=5.000 sampleT=1.385
[rubber-banding][remote-render] time=42.512 frame=620 entity=3 latestHostTick=1438 buffer=8 windowMs=1000.7 fps=85.9 snapshots=29 arrivalSamples=29 arrivalAvgMs=33.9 arrivalP95Ms=154.2 arrivalMaxMs=172.8 sameArrival=19 tickGapMax=2 renderFrames=86 interpolation=42 extrapolation=44 extrapolationCapped=0 extrapolationMaxMs=101.3 oldestHeld=0 zeroSpan=59 movingFrozen=0 teleport=0 visualStepAvgCm=0.00 visualStepMaxCm=0.00 estimatedHostTick=1443 renderTick=1438.769 latestSnapshotTick=1438.000 renderMinusLatestTicks=0.769 estimatedMinusLatestTicks=5.000 sampleT=1.385
[rubber-banding][remote-render] time=42.512 frame=620 entity=4 latestHostTick=1438 buffer=8 windowMs=1000.7 fps=85.9 snapshots=29 arrivalSamples=29 arrivalAvgMs=33.9 arrivalP95Ms=154.2 arrivalMaxMs=172.8 sameArrival=19 tickGapMax=2 renderFrames=86 interpolation=42 extrapolation=44 extrapolationCapped=0 extrapolationMaxMs=101.3 oldestHeld=0 zeroSpan=59 movingFrozen=0 teleport=0 visualStepAvgCm=0.00 visualStepMaxCm=0.00 estimatedHostTick=1443 renderTick=1438.769 latestSnapshotTick=1438.000 renderMinusLatestTicks=0.769 estimatedMinusLatestTicks=5.000 sampleT=1.385
[rubber-banding][udp-pump] time=42.629 frame=631 focused=1 windowMs=1005.9 fps=87.5 packets=33 socketAvgMs=33.6 socketP95Ms=174.4 socketMaxMs=177.5 pumpAvgMs=33.4 pumpP95Ms=172.8 pumpMaxMs=173.7 queueDelayAvgMs=5.7 queueDelayP95Ms=11.2 queueDelayMaxMs=13.9 samePump=22 pumpBatchMax=5 queueDepthMax=6 frameMaxMs=26.7
[rubber-banding][guest-reconcile] time=42.813 frame=648 room=23 world=5 authority=5 entity=2 hostTick=1456 ackTick=1456 lastRecordedTick=1464 replayLatestTick=1464 move=(-14,-126) predictedBefore=(1.272, 1.151, 1.238) confirmed=(1.309, 1.073, 1.569) replayed=(1.264, 1.150, 1.172) visualBefore=(1.272, 1.151, 1.238) correction=(-0.007, -0.001, -0.066) distance=0.067 unresolved=6 replayedCount=6 nextVisualOffset=(0.007, 0.001, 0.066) mode=smooth rttMs=116.9 snapshotAgeMs=0.0
[rubber-banding][guest-reconcile] time=42.813 frame=648 room=23 world=5 authority=5 entity=2 hostTick=1458 ackTick=1458 lastRecordedTick=1464 replayLatestTick=1464 move=(-14,-126) predictedBefore=(1.264, 1.150, 1.172) confirmed=(1.294, 1.121, 1.436) replayed=(1.250, 1.130, 1.040) visualBefore=(1.264, 1.150, 1.172) correction=(-0.015, -0.019, -0.132) distance=0.134 unresolved=6 replayedCount=6 nextVisualOffset=(0.015, 0.019, 0.132) mode=smooth rttMs=116.9 snapshotAgeMs=0.0
[rubber-banding][guest-reconcile] time=43.008 frame=666 room=23 world=5 authority=5 entity=2 hostTick=1468 ackTick=1468 lastRecordedTick=1472 replayLatestTick=1472 move=(-14,-126) predictedBefore=(1.206, 0.940, 0.643) confirmed=(1.220, 1.026, 0.775) replayed=(1.198, 0.889, 0.577) visualBefore=(1.206, 0.940, 0.643) correction=(-0.007, -0.051, -0.066) distance=0.084 unresolved=3 replayedCount=3 nextVisualOffset=(0.007, 0.051, 0.066) mode=smooth rttMs=116.9 snapshotAgeMs=0.0
[rubber-banding][guest-reconcile] time=43.008 frame=666 room=23 world=5 authority=5 entity=2 hostTick=1470 ackTick=1470 lastRecordedTick=1472 replayLatestTick=1472 move=(-14,-126) predictedBefore=(1.198, 0.889, 0.577) confirmed=(1.206, 0.940, 0.643) replayed=(1.191, 0.832, 0.510) visualBefore=(1.198, 0.889, 0.577) correction=(-0.007, -0.057, -0.066) distance=0.087 unresolved=2 replayedCount=2 nextVisualOffset=(0.007, 0.057, 0.066) mode=smooth rttMs=116.9 snapshotAgeMs=0.0
[rubber-banding][guest-reconcile] time=43.228 frame=687 room=23 world=5 authority=5 entity=2 hostTick=1476 ackTick=1476 lastRecordedTick=1484 replayLatestTick=1484 move=(-14,-126) predictedBefore=(1.147, 0.375, 0.114) confirmed=(1.162, 0.549, 0.246) replayed=(1.140, 0.279, 0.047) visualBefore=(1.147, 0.375, 0.114) correction=(-0.007, -0.096, -0.066) distance=0.117 unresolved=3 replayedCount=3 nextVisualOffset=(0.007, 0.096, 0.066) mode=smooth rttMs=116.9 snapshotAgeMs=0.0
[rubber-banding][guest-reconcile] time=43.228 frame=687 room=23 world=5 authority=5 entity=2 hostTick=1478 ackTick=1478 lastRecordedTick=1484 replayLatestTick=1484 move=(-14,-126) predictedBefore=(1.140, 0.279, 0.047) confirmed=(1.147, 0.375, 0.114) replayed=(1.125, 0.071, -0.085) visualBefore=(1.140, 0.279, 0.047) correction=(-0.015, -0.208, -0.132) distance=0.247 unresolved=3 replayedCount=3 nextVisualOffset=(0.015, 0.208, 0.132) mode=smooth rttMs=116.9 snapshotAgeMs=0.0
[rubber-banding][guest-reconcile] time=43.228 frame=687 room=23 world=5 authority=5 entity=2 hostTick=1480 ackTick=1480 lastRecordedTick=1484 replayLatestTick=1484 move=(-14,-126) predictedBefore=(1.125, 0.071, -0.085) confirmed=(1.132, 0.178, -0.019) replayed=(1.110, 0.008, -0.217) visualBefore=(1.125, 0.071, -0.085) correction=(-0.015, -0.063, -0.132) distance=0.147 unresolved=3 replayedCount=3 nextVisualOffset=(0.015, 0.063, 0.132) mode=smooth rttMs=116.9 snapshotAgeMs=0.0
[rubber-banding][guest-reconcile] time=43.228 frame=687 room=23 world=5 authority=5 entity=2 hostTick=1482 ackTick=1482 lastRecordedTick=1484 replayLatestTick=1484 move=(-14,-126) predictedBefore=(1.110, 0.008, -0.217) confirmed=(1.117, 0.008, -0.151) replayed=(1.103, 0.008, -0.283) visualBefore=(1.110, 0.008, -0.217) correction=(-0.007, 0.000, -0.066) distance=0.067 unresolved=2 replayedCount=2 nextVisualOffset=(0.007, 0.000, 0.066) mode=smooth rttMs=116.9 snapshotAgeMs=0.0
[rubber-banding][guest-reconcile] time=43.239 frame=688 room=23 world=5 authority=5 entity=2 hostTick=1486 ackTick=1486 lastRecordedTick=1494 replayLatestTick=1494 move=(80,-99) predictedBefore=(1.270, 0.008, -0.491) confirmed=(1.088, 0.008, -0.416) replayed=(1.172, 0.008, -0.519) visualBefore=(1.277, 0.008, -0.429) correction=(-0.099, 0.000, -0.029) distance=0.103 unresolved=2 replayedCount=2 nextVisualOffset=(0.105, 0.000, 0.090) mode=smooth rttMs=116.9 snapshotAgeMs=0.0
[rubber-banding][guest-local-edge] time=43.410 room=23 world=5 authority=5 entity=2 eventId=2 kind=Jump stage=Captured relatedEventId=0 inputTick=0 pressed=None createdAt=-1.000000 firstSendRequestedAt=-1.000000 firstSendDelayMs=-1.000 desiredTick=0 assignedTick=0 lastResolvedAtCreate=0 estimatedHostTickAtCreate=0 clampReason=None
[rubber-banding][guest-reconcile] time=43.453 frame=708 room=23 world=5 authority=5 entity=2 hostTick=1488 ackTick=1488 lastRecordedTick=1498 replayLatestTick=1498 move=(126,-14) predictedBefore=(1.412, 0.008, -0.593) confirmed=(1.172, 0.008, -0.519) replayed=(1.454, 0.008, -0.645) visualBefore=(1.412, 0.008, -0.593) correction=(0.042, 0.000, -0.052) distance=0.067 unresolved=5 replayedCount=5 nextVisualOffset=(-0.042, 0.000, 0.052) mode=smooth rttMs=116.9 snapshotAgeMs=0.0
[rubber-banding][guest-reconcile] time=43.453 frame=708 room=23 world=5 authority=5 entity=2 hostTick=1490 ackTick=1490 lastRecordedTick=1498 replayLatestTick=1498 move=(126,-14) predictedBefore=(1.454, 0.008, -0.645) confirmed=(1.249, 0.008, -0.614) replayed=(1.522, 0.008, -0.730) visualBefore=(1.454, 0.008, -0.645) correction=(0.068, 0.000, -0.085) distance=0.109 unresolved=5 replayedCount=5 nextVisualOffset=(-0.068, 0.000, 0.085) mode=smooth rttMs=116.9 snapshotAgeMs=0.0
[rubber-banding][guest-reconcile] time=43.453 frame=708 room=23 world=5 authority=5 entity=2 hostTick=1492 ackTick=1492 lastRecordedTick=1498 replayLatestTick=1498 move=(126,-14) predictedBefore=(1.522, 0.008, -0.730) confirmed=(1.298, 0.008, -0.675) replayed=(1.485, 0.008, -0.750) visualBefore=(1.522, 0.008, -0.730) correction=(-0.037, 0.000, -0.019) distance=0.042 unresolved=5 replayedCount=5 nextVisualOffset=(0.037, 0.000, 0.019) mode=smooth rttMs=116.9 snapshotAgeMs=0.0
[rubber-banding][guest-reconcile] time=43.453 frame=708 room=23 world=5 authority=5 entity=2 hostTick=1494 ackTick=1494 lastRecordedTick=1498 replayLatestTick=1498 move=(126,-14) predictedBefore=(1.485, 0.008, -0.750) confirmed=(1.328, 0.008, -0.712) replayed=(1.452, 0.008, -0.746) visualBefore=(1.485, 0.008, -0.750) correction=(-0.033, 0.000, 0.004) distance=0.033 unresolved=4 replayedCount=4 nextVisualOffset=(0.033, 0.000, -0.004) mode=smooth rttMs=116.9 snapshotAgeMs=0.0
[rubber-banding][guest-local-edge] time=43.455 room=23 world=5 authority=5 entity=2 eventId=2 kind=Jump stage=Attached relatedEventId=0 inputTick=1508 pressed=Jump createdAt=43.453180 firstSendRequestedAt=-1.000000 firstSendDelayMs=-1.000 desiredTick=1508 assignedTick=1508 lastResolvedAtCreate=1498 estimatedHostTickAtCreate=1502 clampReason=None
[rubber-banding][guest-local-edge] time=43.455 room=23 world=5 authority=5 entity=2 eventId=2 kind=Jump stage=FirstSendRequested relatedEventId=0 inputTick=1508 pressed=Jump createdAt=43.453180 firstSendRequestedAt=43.453180 firstSendDelayMs=0.000 desiredTick=1508 assignedTick=1508 lastResolvedAtCreate=1498 estimatedHostTickAtCreate=1502 clampReason=None
[rubber-banding][local-input] time=43.520 frame=714 focused=1 host=0 room=23 world=5 authority=5 entity=2 windowMs=1007.5 updates=94 fixedCalls=50 commands=43 predictionSteps=43 noCommandUpdates=69 estimatedHostTick=1506 nextInputTick=1512 lastRecordedTick=1512 lastResolvedTick=1500 nextLead=6 recordedLead=6 unresolved=6 clamped=61 clampedTotal=129 batchesSent=409 commandsSent=1934 sendFailures=0 move=(0.63,-0.78) jump=0
[rubber-banding][remote-render] time=43.520 frame=714 entity=1 latestHostTick=1500 buffer=8 windowMs=1007.5 fps=93.3 snapshots=31 arrivalSamples=31 arrivalAvgMs=32.8 arrivalP95Ms=214.5 arrivalMaxMs=220.6 sameArrival=22 tickGapMax=2 renderFrames=94 interpolation=23 extrapolation=71 extrapolationCapped=5 extrapolationMaxMs=170.4 oldestHeld=0 zeroSpan=87 movingFrozen=0 teleport=0 visualStepAvgCm=0.00 visualStepMaxCm=0.00 estimatedHostTick=1506 renderTick=1500.703 latestSnapshotTick=1500.000 renderMinusLatestTicks=0.703 estimatedMinusLatestTicks=6.000 sampleT=1.351
[rubber-banding][remote-render] time=43.520 frame=714 entity=3 latestHostTick=1500 buffer=8 windowMs=1007.5 fps=93.3 snapshots=31 arrivalSamples=31 arrivalAvgMs=32.8 arrivalP95Ms=214.5 arrivalMaxMs=220.6 sameArrival=22 tickGapMax=2 renderFrames=94 interpolation=23 extrapolation=71 extrapolationCapped=5 extrapolationMaxMs=170.4 oldestHeld=0 zeroSpan=87 movingFrozen=0 teleport=0 visualStepAvgCm=0.00 visualStepMaxCm=0.00 estimatedHostTick=1506 renderTick=1500.703 latestSnapshotTick=1500.000 renderMinusLatestTicks=0.703 estimatedMinusLatestTicks=6.000 sampleT=1.351
[rubber-banding][remote-render] time=43.520 frame=714 entity=4 latestHostTick=1500 buffer=8 windowMs=1007.5 fps=93.3 snapshots=31 arrivalSamples=31 arrivalAvgMs=32.8 arrivalP95Ms=214.5 arrivalMaxMs=220.6 sameArrival=22 tickGapMax=2 renderFrames=94 interpolation=23 extrapolation=71 extrapolationCapped=5 extrapolationMaxMs=170.4 oldestHeld=0 zeroSpan=87 movingFrozen=0 teleport=0 visualStepAvgCm=0.00 visualStepMaxCm=0.00 estimatedHostTick=1506 renderTick=1500.703 latestSnapshotTick=1500.000 renderMinusLatestTicks=0.703 estimatedMinusLatestTicks=6.000 sampleT=1.351
[rubber-banding][udp-pump] time=43.635 frame=725 focused=1 windowMs=1005.5 fps=93.5 packets=25 socketAvgMs=33.1 socketP95Ms=215.4 socketMaxMs=216.7 pumpAvgMs=33.3 pumpP95Ms=214.5 pumpMaxMs=220.6 queueDelayAvgMs=3.9 queueDelayP95Ms=9.9 queueDelayMaxMs=10.2 samePump=18 pumpBatchMax=6 queueDepthMax=5 frameMaxMs=12.6
[rubber-banding][guest-reconcile] time=43.677 frame=729 room=23 world=5 authority=5 entity=2 hostTick=1502 ackTick=1502 lastRecordedTick=1512 replayLatestTick=1512 move=(126,-14) predictedBefore=(1.869, 0.502, -0.793) confirmed=(1.639, 0.008, -0.767) replayed=(1.938, 0.502, -0.800) visualBefore=(1.869, 0.502, -0.793) correction=(0.068, 0.000, -0.008) distance=0.069 unresolved=5 replayedCount=5 nextVisualOffset=(-0.068, 0.000, 0.008) mode=smooth rttMs=116.9 snapshotAgeMs=0.0
[rubber-banding][guest-reconcile] time=43.677 frame=729 room=23 world=5 authority=5 entity=2 hostTick=1504 ackTick=1504 lastRecordedTick=1512 replayLatestTick=1512 move=(126,-14) predictedBefore=(1.938, 0.502, -0.800) confirmed=(1.739, 0.008, -0.778) replayed=(1.998, 0.502, -0.807) visualBefore=(1.938, 0.502, -0.800) correction=(0.061, 0.000, -0.007) distance=0.061 unresolved=5 replayedCount=5 nextVisualOffset=(-0.061, 0.000, 0.007) mode=smooth rttMs=116.9 snapshotAgeMs=0.0
[rubber-banding][guest-reconcile] time=43.677 frame=729 room=23 world=5 authority=5 entity=2 hostTick=1506 ackTick=1506 lastRecordedTick=1512 replayLatestTick=1512 move=(126,-14) predictedBefore=(1.998, 0.502, -0.807) confirmed=(1.794, 0.008, -0.784) replayed=(1.943, 0.502, -0.801) visualBefore=(1.998, 0.502, -0.807) correction=(-0.055, 0.000, 0.006) distance=0.056 unresolved=5 replayedCount=5 nextVisualOffset=(0.055, 0.000, -0.006) mode=smooth rttMs=116.9 snapshotAgeMs=0.0
[rubber-banding][guest-reconcile] time=43.677 frame=729 room=23 world=5 authority=5 entity=2 hostTick=1508 ackTick=1508 lastRecordedTick=1512 replayLatestTick=1512 move=(126,-14) predictedBefore=(1.943, 0.502, -0.801) confirmed=(1.820, 0.118, -0.787) replayed=(1.899, 0.502, -0.796) visualBefore=(1.943, 0.502, -0.801) correction=(-0.044, 0.000, 0.005) distance=0.044 unresolved=4 replayedCount=4 nextVisualOffset=(0.044, 0.000, -0.005) mode=smooth rttMs=116.9 snapshotAgeMs=0.0
[rubber-banding][guest-reconcile] time=43.891 frame=749 room=23 world=5 authority=5 entity=2 hostTick=1516 ackTick=1516 lastRecordedTick=1524 replayLatestTick=1524 move=(80,-99) predictedBefore=(2.009, 0.797, -0.818) confirmed=(2.009, 0.797, -0.818) replayed=(2.040, 0.857, -0.827) visualBefore=(2.009, 0.797, -0.818) correction=(0.031, 0.060, -0.010) distance=0.068 unresolved=1 replayedCount=1 nextVisualOffset=(-0.031, -0.060, 0.010) mode=smooth rttMs=157.4 snapshotAgeMs=0.0
[rubber-banding][guest-reconcile] time=43.891 frame=749 room=23 world=5 authority=5 entity=2 hostTick=1518 ackTick=1518 lastRecordedTick=1524 replayLatestTick=1524 move=(80,-99) predictedBefore=(2.040, 0.857, -0.827) confirmed=(2.071, 0.912, -0.837) replayed=(2.103, 0.960, -0.849) visualBefore=(2.040, 0.857, -0.827) correction=(0.063, 0.103, -0.021) distance=0.123 unresolved=1 replayedCount=1 nextVisualOffset=(-0.063, -0.103, 0.021) mode=smooth rttMs=157.4 snapshotAgeMs=0.0
[rubber-banding][guest-reconcile] time=43.891 frame=749 room=23 world=5 authority=5 entity=2 hostTick=1520 ackTick=1520 lastRecordedTick=1524 replayLatestTick=1524 move=(80,-99) predictedBefore=(2.103, 0.960, -0.849) confirmed=(2.133, 1.004, -0.857) replayed=(2.165, 1.041, -0.868) visualBefore=(2.103, 0.960, -0.849) correction=(0.062, 0.081, -0.019) distance=0.104 unresolved=1 replayedCount=1 nextVisualOffset=(-0.062, -0.081, 0.019) mode=smooth rttMs=157.4 snapshotAgeMs=0.0
[rubber-banding][guest-reconcile] time=43.891 frame=749 room=23 world=5 authority=5 entity=2 hostTick=1522 ackTick=1522 lastRecordedTick=1524 replayLatestTick=1524 move=(80,-99) predictedBefore=(2.165, 1.041, -0.868) confirmed=(2.195, 1.073, -0.876) replayed=(2.227, 1.100, -0.887) visualBefore=(2.165, 1.041, -0.868) correction=(0.062, 0.059, -0.019) distance=0.088 unresolved=1 replayedCount=1 nextVisualOffset=(-0.062, -0.059, 0.019) mode=smooth rttMs=157.4 snapshotAgeMs=0.0
[rubber-banding][guest-reconcile] time=43.903 frame=750 room=23 world=5 authority=5 entity=2 hostTick=1524 ackTick=1524 lastRecordedTick=1534 replayLatestTick=1534 move=(-14,-126) predictedBefore=(2.354, 1.151, -0.955) confirmed=(2.258, 1.121, -0.897) replayed=(2.385, 1.150, -0.965) visualBefore=(2.297, 1.096, -0.937) correction=(0.031, -0.001, -0.010) distance=0.033 unresolved=4 replayedCount=4 nextVisualOffset=(-0.088, -0.053, 0.028) mode=smooth rttMs=157.4 snapshotAgeMs=0.0
[rubber-banding][guest-reconcile] time=44.134 frame=772 room=23 world=5 authority=5 entity=2 hostTick=1528 ackTick=1528 lastRecordedTick=1538 replayLatestTick=1538 move=(-14,-126) predictedBefore=(2.533, 1.089, -1.061) confirmed=(2.397, 1.150, -0.962) replayed=(2.567, 1.060, -1.092) visualBefore=(2.533, 1.089, -1.061) correction=(0.033, -0.029, -0.030) distance=0.054 unresolved=5 replayedCount=5 nextVisualOffset=(-0.033, 0.029, 0.030) mode=smooth rttMs=157.4 snapshotAgeMs=0.0
[rubber-banding][guest-reconcile] time=44.134 frame=772 room=23 world=5 authority=5 entity=2 hostTick=1530 ackTick=1530 lastRecordedTick=1538 replayLatestTick=1538 move=(-14,-126) predictedBefore=(2.567, 1.060, -1.092) confirmed=(2.466, 1.130, -1.005) replayed=(2.634, 0.986, -1.146) visualBefore=(2.567, 1.060, -1.092) correction=(0.068, -0.075, -0.054) distance=0.114 unresolved=5 replayedCount=5 nextVisualOffset=(-0.068, 0.075, 0.054) mode=smooth rttMs=157.4 snapshotAgeMs=0.0
[rubber-banding][guest-reconcile] time=44.134 frame=772 room=23 world=5 authority=5 entity=2 hostTick=1532 ackTick=1532 lastRecordedTick=1538 replayLatestTick=1538 move=(-14,-126) predictedBefore=(2.634, 0.986, -1.146) confirmed=(2.535, 1.089, -1.048) replayed=(2.703, 0.889, -1.189) visualBefore=(2.634, 0.986, -1.146) correction=(0.069, -0.097, -0.043) distance=0.126 unresolved=5 replayedCount=5 nextVisualOffset=(-0.069, 0.097, 0.043) mode=smooth rttMs=157.4 snapshotAgeMs=0.0
[rubber-banding][guest-reconcile] time=44.144 frame=773 room=23 world=5 authority=5 entity=2 hostTick=1534 ackTick=1534 lastRecordedTick=1544 replayLatestTick=1544 move=(-14,-126) predictedBefore=(2.834, 0.628, -1.341) confirmed=(2.603, 1.026, -1.093) replayed=(2.868, 0.549, -1.363) visualBefore=(2.770, 0.718, -1.302) correction=(0.034, -0.079, -0.022) distance=0.089 unresolved=8 replayedCount=8 nextVisualOffset=(-0.098, 0.168, 0.061) mode=smooth rttMs=157.4 snapshotAgeMs=0.0
[rubber-banding][guest-reconcile] time=44.336 frame=791 room=23 world=5 authority=5 entity=2 hostTick=1542 ackTick=1542 lastRecordedTick=1552 replayLatestTick=1552 move=(-14,-126) predictedBefore=(2.994, 0.178, -1.551) confirmed=(2.869, 0.549, -1.356) replayed=(3.029, 0.071, -1.574) visualBefore=(2.994, 0.178, -1.551) correction=(0.034, -0.107, -0.024) distance=0.115 unresolved=5 replayedCount=5 nextVisualOffset=(-0.034, 0.107, 0.024) mode=smooth rttMs=157.4 snapshotAgeMs=0.0
[rubber-banding][guest-reconcile] time=44.347 frame=792 room=23 world=5 authority=5 entity=2 hostTick=1544 ackTick=1544 lastRecordedTick=1554 replayLatestTick=1554 move=(-14,-126) predictedBefore=(3.053, 0.008, -1.687) confirmed=(2.934, 0.375, -1.432) replayed=(3.048, 0.008, -1.736) visualBefore=(3.021, 0.107, -1.665) correction=(-0.005, 0.000, -0.049) distance=0.049 unresolved=6 replayedCount=6 nextVisualOffset=(-0.026, 0.099, 0.071) mode=smooth rttMs=157.4 snapshotAgeMs=0.0
[rubber-banding][guest-reconcile] time=44.347 frame=792 room=23 world=5 authority=5 entity=2 hostTick=1548 ackTick=1548 lastRecordedTick=1554 replayLatestTick=1554 move=(-14,-126) predictedBefore=(3.048, 0.008, -1.736) confirmed=(3.061, 0.008, -1.611) replayed=(3.040, 0.008, -1.802) visualBefore=(3.016, 0.107, -1.713) correction=(-0.007, 0.000, -0.066) distance=0.067 unresolved=3 replayedCount=3 nextVisualOffset=(-0.024, 0.099, 0.088) mode=smooth rttMs=157.4 snapshotAgeMs=0.0
[rubber-banding][guest-reconcile] time=44.347 frame=792 room=23 world=5 authority=5 entity=2 hostTick=1550 ackTick=1550 lastRecordedTick=1554 replayLatestTick=1554 move=(-14,-126) predictedBefore=(3.040, 0.008, -1.802) confirmed=(3.049, 0.008, -1.721) replayed=(3.030, 0.008, -1.889) visualBefore=(3.008, 0.107, -1.780) correction=(-0.010, 0.000, -0.087) distance=0.088 unresolved=3 replayedCount=3 nextVisualOffset=(-0.022, 0.099, 0.110) mode=smooth rttMs=157.4 snapshotAgeMs=0.0
[rubber-banding][guest-local-edge] time=44.518 room=23 world=5 authority=5 entity=2 eventId=3 kind=Jump stage=Captured relatedEventId=0 inputTick=0 pressed=None createdAt=-1.000000 firstSendRequestedAt=-1.000000 firstSendDelayMs=-1.000 desiredTick=0 assignedTick=0 lastResolvedAtCreate=0 estimatedHostTickAtCreate=0 clampReason=None
[rubber-banding][local-input] time=44.527 frame=809 focused=1 host=0 room=23 world=5 authority=5 entity=2 windowMs=1007.0 updates=95 fixedCalls=51 commands=26 predictionSteps=26 noCommandUpdates=88 estimatedHostTick=1568 nextInputTick=1575 lastRecordedTick=1564 lastResolvedTick=1552 nextLead=7 recordedLead=-4 unresolved=6 clamped=90 clampedTotal=219 batchesSent=439 commandsSent=2100 sendFailures=0 move=(-0.11,-0.99) jump=0
[rubber-banding][remote-render] time=44.527 frame=809 entity=1 latestHostTick=1552 buffer=8 windowMs=1007.0 fps=94.3 snapshots=26 arrivalSamples=26 arrivalAvgMs=34.0 arrivalP95Ms=214.4 arrivalMaxMs=231.0 sameArrival=19 tickGapMax=2 renderFrames=95 interpolation=9 extrapolation=86 extrapolationCapped=15 extrapolationMaxMs=197.8 oldestHeld=0 zeroSpan=80 movingFrozen=0 teleport=0 visualStepAvgCm=0.00 visualStepMaxCm=0.00 estimatedHostTick=1568 renderTick=1562.539 latestSnapshotTick=1552.000 renderMinusLatestTicks=10.539 estimatedMinusLatestTicks=16.000 sampleT=6.269
[rubber-banding][remote-render] time=44.527 frame=809 entity=3 latestHostTick=1552 buffer=8 windowMs=1007.0 fps=94.3 snapshots=26 arrivalSamples=26 arrivalAvgMs=34.0 arrivalP95Ms=214.4 arrivalMaxMs=231.0 sameArrival=19 tickGapMax=2 renderFrames=95 interpolation=9 extrapolation=86 extrapolationCapped=15 extrapolationMaxMs=197.8 oldestHeld=0 zeroSpan=80 movingFrozen=0 teleport=0 visualStepAvgCm=0.00 visualStepMaxCm=0.00 estimatedHostTick=1568 renderTick=1562.539 latestSnapshotTick=1552.000 renderMinusLatestTicks=10.539 estimatedMinusLatestTicks=16.000 sampleT=6.269
[rubber-banding][remote-render] time=44.527 frame=809 entity=4 latestHostTick=1552 buffer=8 windowMs=1007.0 fps=94.3 snapshots=26 arrivalSamples=26 arrivalAvgMs=34.0 arrivalP95Ms=214.4 arrivalMaxMs=231.0 sameArrival=19 tickGapMax=2 renderFrames=95 interpolation=9 extrapolation=86 extrapolationCapped=15 extrapolationMaxMs=197.8 oldestHeld=0 zeroSpan=80 movingFrozen=0 teleport=0 visualStepAvgCm=0.00 visualStepMaxCm=0.00 estimatedHostTick=1568 renderTick=1562.539 latestSnapshotTick=1552.000 renderMinusLatestTicks=10.539 estimatedMinusLatestTicks=16.000 sampleT=6.269
[rubber-banding][guest-local-edge] time=44.550 room=23 world=5 authority=5 entity=2 eventId=3 kind=Jump stage=Attached relatedEventId=0 inputTick=1566 pressed=Jump createdAt=44.548800 firstSendRequestedAt=-1.000000 firstSendDelayMs=-1.000 desiredTick=1577 assignedTick=1566 lastResolvedAtCreate=1554 estimatedHostTickAtCreate=1570 clampReason=MaximumResolvedLead
[rubber-banding][guest-local-edge] time=44.551 room=23 world=5 authority=5 entity=2 eventId=3 kind=Jump stage=FirstSendRequested relatedEventId=0 inputTick=1566 pressed=Jump createdAt=44.548800 firstSendRequestedAt=44.548800 firstSendDelayMs=0.000 desiredTick=1577 assignedTick=1566 lastResolvedAtCreate=1554 estimatedHostTickAtCreate=1570 clampReason=MaximumResolvedLead
[rubber-banding][guest-reconcile] time=44.560 frame=812 room=23 world=5 authority=5 entity=2 hostTick=1558 ackTick=1558 lastRecordedTick=1566 replayLatestTick=1566 move=(-14,-126) predictedBefore=(2.990, 0.118, -2.252) confirmed=(3.005, 0.008, -2.121) replayed=(2.983, 0.118, -2.318) visualBefore=(2.990, 0.118, -2.252) correction=(-0.007, 0.000, -0.066) distance=0.067 unresolved=3 replayedCount=3 nextVisualOffset=(0.007, 0.000, 0.066) mode=smooth rttMs=157.4 snapshotAgeMs=0.0
[rubber-banding][guest-reconcile] time=44.560 frame=812 room=23 world=5 authority=5 entity=2 hostTick=1560 ackTick=1560 lastRecordedTick=1566 replayLatestTick=1566 move=(-14,-126) predictedBefore=(2.983, 0.118, -2.318) confirmed=(2.992, 0.008, -2.239) replayed=(2.971, 0.118, -2.420) visualBefore=(2.983, 0.118, -2.318) correction=(-0.011, 0.000, -0.103) distance=0.103 unresolved=3 replayedCount=3 nextVisualOffset=(0.011, 0.000, 0.103) mode=smooth rttMs=157.4 snapshotAgeMs=0.0
[rubber-banding][udp-pump] time=44.639 frame=819 focused=1 windowMs=1003.9 fps=93.6 packets=33 socketAvgMs=33.4 socketP95Ms=216.7 socketMaxMs=237.5 pumpAvgMs=33.2 pumpP95Ms=214.4 pumpMaxMs=231.0 queueDelayAvgMs=4.5 queueDelayP95Ms=11.4 queueDelayMaxMs=12.1 samePump=24 pumpBatchMax=6 queueDepthMax=7 frameMaxMs=12.1
[rubber-banding][guest-reconcile] time=45.525 frame=900 room=23 world=5 authority=5 entity=2 hostTick=1614 ackTick=1614 lastRecordedTick=1624 replayLatestTick=1624 move=(14,126) predictedBefore=(1.324, 0.008, -2.815) confirmed=(1.201, 0.008, -3.490) replayed=(1.274, 0.008, -2.829) visualBefore=(1.324, 0.008, -2.815) correction=(-0.049, 0.000, -0.014) distance=0.051 unresolved=10 replayedCount=10 nextVisualOffset=(0.049, 0.000, 0.014) mode=smooth rttMs=32.9 snapshotAgeMs=0.0
[rubber-banding][local-input] time=45.536 frame=901 focused=1 host=0 room=23 world=5 authority=5 entity=2 windowMs=1009.2 updates=92 fixedCalls=50 commands=64 predictionSteps=64 noCommandUpdates=44 estimatedHostTick=1625 nextInputTick=1628 lastRecordedTick=1628 lastResolvedTick=1624 nextLead=3 recordedLead=3 unresolved=4 clamped=23 clampedTotal=242 batchesSent=470 commandsSent=2318 sendFailures=0 move=(0.11,0.99) jump=0
[rubber-banding][remote-render] time=45.536 frame=901 entity=1 latestHostTick=1624 buffer=8 windowMs=1009.2 fps=91.2 snapshots=36 arrivalSamples=36 arrivalAvgMs=33.0 arrivalP95Ms=201.8 arrivalMaxMs=205.1 sameArrival=25 tickGapMax=2 renderFrames=92 interpolation=15 extrapolation=77 extrapolationCapped=6 extrapolationMaxMs=186.7 oldestHeld=0 zeroSpan=40 movingFrozen=0 teleport=0 visualStepAvgCm=0.00 visualStepMaxCm=0.00 estimatedHostTick=1625 renderTick=1621.305 latestSnapshotTick=1624.000 renderMinusLatestTicks=-2.695 estimatedMinusLatestTicks=1.000 sampleT=0.652
[rubber-banding][remote-render] time=45.536 frame=901 entity=3 latestHostTick=1624 buffer=8 windowMs=1009.2 fps=91.2 snapshots=36 arrivalSamples=36 arrivalAvgMs=33.0 arrivalP95Ms=201.8 arrivalMaxMs=205.1 sameArrival=25 tickGapMax=2 renderFrames=92 interpolation=15 extrapolation=77 extrapolationCapped=6 extrapolationMaxMs=186.7 oldestHeld=0 zeroSpan=40 movingFrozen=0 teleport=0 visualStepAvgCm=0.00 visualStepMaxCm=0.00 estimatedHostTick=1625 renderTick=1621.305 latestSnapshotTick=1624.000 renderMinusLatestTicks=-2.695 estimatedMinusLatestTicks=1.000 sampleT=0.652
[rubber-banding][remote-render] time=45.536 frame=901 entity=4 latestHostTick=1624 buffer=8 windowMs=1009.2 fps=91.2 snapshots=36 arrivalSamples=36 arrivalAvgMs=33.0 arrivalP95Ms=201.8 arrivalMaxMs=205.1 sameArrival=25 tickGapMax=2 renderFrames=92 interpolation=15 extrapolation=77 extrapolationCapped=6 extrapolationMaxMs=186.7 oldestHeld=0 zeroSpan=40 movingFrozen=0 teleport=0 visualStepAvgCm=0.00 visualStepMaxCm=0.00 estimatedHostTick=1625 renderTick=1621.305 latestSnapshotTick=1624.000 renderMinusLatestTicks=-2.695 estimatedMinusLatestTicks=1.000 sampleT=0.652
[rubber-banding][udp-pump] time=45.650 frame=911 focused=1 windowMs=1011.6 fps=90.9 packets=29 socketAvgMs=33.5 socketP95Ms=197.5 socketMaxMs=203.1 pumpAvgMs=33.7 pumpP95Ms=197.5 pumpMaxMs=205.1 queueDelayAvgMs=4.8 queueDelayP95Ms=10.2 queueDelayMaxMs=10.8 samePump=20 pumpBatchMax=6 queueDepthMax=6 frameMaxMs=12.7
[rubber-banding][guest-reconcile] time=46.050 frame=947 room=23 world=5 authority=5 entity=2 hostTick=1650 ackTick=1650 lastRecordedTick=1658 replayLatestTick=1658 move=(-126,14) predictedBefore=(1.054, 0.008, -2.394) confirmed=(1.170, 0.008, -2.407) replayed=(1.002, 0.008, -2.373) visualBefore=(1.054, 0.008, -2.394) correction=(-0.052, 0.000, 0.022) distance=0.056 unresolved=3 replayedCount=3 nextVisualOffset=(0.052, 0.000, -0.022) mode=smooth rttMs=157.2 snapshotAgeMs=0.0
[rubber-banding][guest-reconcile] time=46.050 frame=947 room=23 world=5 authority=5 entity=2 hostTick=1652 ackTick=1652 lastRecordedTick=1658 replayLatestTick=1658 move=(-126,14) predictedBefore=(1.002, 0.008, -2.373) confirmed=(1.088, 0.008, -2.365) replayed=(0.943, 0.008, -2.328) visualBefore=(1.002, 0.008, -2.373) correction=(-0.059, 0.000, 0.045) distance=0.074 unresolved=3 replayedCount=3 nextVisualOffset=(0.059, 0.000, -0.045) mode=smooth rttMs=157.2 snapshotAgeMs=0.0
[rubber-banding][guest-reconcile] time=46.050 frame=947 room=23 world=5 authority=5 entity=2 hostTick=1654 ackTick=1654 lastRecordedTick=1658 replayLatestTick=1658 move=(-126,14) predictedBefore=(0.943, 0.008, -2.328) confirmed=(1.044, 0.008, -2.334) replayed=(0.960, 0.008, -2.311) visualBefore=(0.943, 0.008, -2.328) correction=(0.017, 0.000, 0.017) distance=0.024 unresolved=3 replayedCount=3 nextVisualOffset=(-0.017, 0.000, -0.017) mode=smooth rttMs=157.2 snapshotAgeMs=0.0
[rubber-banding][guest-local-edge] time=46.183 room=23 world=5 authority=5 entity=2 eventId=4 kind=Jump stage=Captured relatedEventId=0 inputTick=0 pressed=None createdAt=-1.000000 firstSendRequestedAt=-1.000000 firstSendDelayMs=-1.000 desiredTick=0 assignedTick=0 lastResolvedAtCreate=0 estimatedHostTickAtCreate=0 clampReason=None
[rubber-banding][guest-reconcile] time=46.228 frame=963 room=23 world=5 authority=5 entity=2 hostTick=1656 ackTick=1656 lastRecordedTick=1666 replayLatestTick=1666 move=(-126,14) predictedBefore=(0.795, 0.008, -2.293) confirmed=(1.023, 0.008, -2.317) replayed=(0.861, 0.008, -2.299) visualBefore=(0.795, 0.008, -2.293) correction=(0.066, 0.000, -0.006) distance=0.066 unresolved=6 replayedCount=6 nextVisualOffset=(-0.066, 0.000, 0.006) mode=smooth rttMs=157.2 snapshotAgeMs=0.0
[rubber-banding][guest-reconcile] time=46.228 frame=963 room=23 world=5 authority=5 entity=2 hostTick=1662 ackTick=1662 lastRecordedTick=1666 replayLatestTick=1666 move=(-126,14) predictedBefore=(0.861, 0.008, -2.299) confirmed=(0.861, 0.008, -2.299) replayed=(0.822, 0.008, -2.295) visualBefore=(0.861, 0.008, -2.299) correction=(-0.039, 0.000, 0.004) distance=0.039 unresolved=1 replayedCount=1 nextVisualOffset=(0.039, 0.000, -0.004) mode=smooth rttMs=157.2 snapshotAgeMs=0.0
[rubber-banding][guest-reconcile] time=46.228 frame=963 room=23 world=5 authority=5 entity=2 hostTick=1664 ackTick=1664 lastRecordedTick=1666 replayLatestTick=1666 move=(-126,14) predictedBefore=(0.822, 0.008, -2.295) confirmed=(0.795, 0.008, -2.292) replayed=(0.764, 0.008, -2.289) visualBefore=(0.822, 0.008, -2.295) correction=(-0.058, 0.000, 0.006) distance=0.059 unresolved=1 replayedCount=1 nextVisualOffset=(0.058, 0.000, -0.006) mode=smooth rttMs=157.2 snapshotAgeMs=0.0
[rubber-banding][guest-local-edge] time=46.230 room=23 world=5 authority=5 entity=2 eventId=4 kind=Jump stage=Attached relatedEventId=0 inputTick=1677 pressed=Jump createdAt=46.227890 firstSendRequestedAt=-1.000000 firstSendDelayMs=-1.000 desiredTick=1677 assignedTick=1677 lastResolvedAtCreate=1666 estimatedHostTickAtCreate=1670 clampReason=None
[rubber-banding][guest-local-edge] time=46.230 room=23 world=5 authority=5 entity=2 eventId=4 kind=Jump stage=FirstSendRequested relatedEventId=0 inputTick=1677 pressed=Jump createdAt=46.227890 firstSendRequestedAt=46.227890 firstSendDelayMs=0.000 desiredTick=1677 assignedTick=1677 lastResolvedAtCreate=1666 estimatedHostTickAtCreate=1670 clampReason=None
[rubber-banding][guest-reconcile] time=46.413 frame=980 room=23 world=5 authority=5 entity=2 hostTick=1668 ackTick=1668 lastRecordedTick=1678 replayLatestTick=1678 move=(14,126) predictedBefore=(0.787, 0.222, -2.086) confirmed=(0.764, 0.008, -2.239) replayed=(0.775, 0.222, -2.141) visualBefore=(0.787, 0.222, -2.086) correction=(-0.012, 0.000, -0.055) distance=0.056 unresolved=3 replayedCount=3 nextVisualOffset=(0.012, 0.000, 0.055) mode=smooth rttMs=157.2 snapshotAgeMs=0.0
[rubber-banding][guest-reconcile] time=46.424 frame=981 room=23 world=5 authority=5 entity=2 hostTick=1670 ackTick=1670 lastRecordedTick=1680 replayLatestTick=1680 move=(0,0) predictedBefore=(0.783, 0.414, -2.070) confirmed=(0.771, 0.008, -2.176) replayed=(0.788, 0.414, -2.024) visualBefore=(0.793, 0.414, -2.020) correction=(0.005, 0.000, 0.046) distance=0.047 unresolved=4 replayedCount=4 nextVisualOffset=(0.005, 0.000, 0.004) mode=smooth rttMs=157.2 snapshotAgeMs=0.0
[rubber-banding][guest-reconcile] time=46.424 frame=981 room=23 world=5 authority=5 entity=2 hostTick=1672 ackTick=1672 lastRecordedTick=1680 replayLatestTick=1680 move=(0,0) predictedBefore=(0.788, 0.414, -2.024) confirmed=(0.778, 0.008, -2.114) replayed=(0.791, 0.414, -1.993) visualBefore=(0.799, 0.414, -1.974) correction=(0.003, 0.000, 0.031) distance=0.031 unresolved=4 replayedCount=4 nextVisualOffset=(0.007, 0.000, 0.020) mode=smooth rttMs=157.2 snapshotAgeMs=0.0
[rubber-banding][guest-reconcile] time=46.424 frame=981 room=23 world=5 authority=5 entity=2 hostTick=1674 ackTick=1674 lastRecordedTick=1680 replayLatestTick=1680 move=(0,0) predictedBefore=(0.791, 0.414, -1.993) confirmed=(0.780, 0.008, -2.097) replayed=(0.784, 0.414, -2.064) visualBefore=(0.802, 0.414, -1.943) correction=(-0.008, 0.000, -0.071) distance=0.071 unresolved=4 replayedCount=4 nextVisualOffset=(0.018, 0.000, 0.121) mode=smooth rttMs=157.2 snapshotAgeMs=0.0
[rubber-banding][local-input] time=46.542 frame=992 focused=1 host=0 room=23 world=5 authority=5 entity=2 windowMs=1006.0 updates=91 fixedCalls=50 commands=35 predictionSteps=35 noCommandUpdates=73 estimatedHostTick=1689 nextInputTick=1696 lastRecordedTick=1690 lastResolvedTick=1678 nextLead=7 recordedLead=1 unresolved=7 clamped=71 clampedTotal=313 batchesSent=502 commandsSent=2521 sendFailures=0 move=(0.00,0.00) jump=0
[rubber-banding][remote-render] time=46.542 frame=992 entity=1 latestHostTick=1678 buffer=8 windowMs=1006.0 fps=90.5 snapshots=27 arrivalSamples=27 arrivalAvgMs=32.9 arrivalP95Ms=179.0 arrivalMaxMs=185.5 sameArrival=20 tickGapMax=2 renderFrames=91 interpolation=22 extrapolation=69 extrapolationCapped=1 extrapolationMaxMs=152.6 oldestHeld=0 zeroSpan=89 movingFrozen=0 teleport=0 visualStepAvgCm=0.00 visualStepMaxCm=0.00 estimatedHostTick=1689 renderTick=1683.195 latestSnapshotTick=1678.000 renderMinusLatestTicks=5.195 estimatedMinusLatestTicks=11.000 sampleT=3.597
[rubber-banding][remote-render] time=46.542 frame=992 entity=3 latestHostTick=1678 buffer=8 windowMs=1006.0 fps=90.5 snapshots=27 arrivalSamples=27 arrivalAvgMs=32.9 arrivalP95Ms=179.0 arrivalMaxMs=185.5 sameArrival=20 tickGapMax=2 renderFrames=91 interpolation=22 extrapolation=69 extrapolationCapped=1 extrapolationMaxMs=152.6 oldestHeld=0 zeroSpan=89 movingFrozen=0 teleport=0 visualStepAvgCm=0.00 visualStepMaxCm=0.00 estimatedHostTick=1689 renderTick=1683.195 latestSnapshotTick=1678.000 renderMinusLatestTicks=5.195 estimatedMinusLatestTicks=11.000 sampleT=3.597
[rubber-banding][remote-render] time=46.542 frame=992 entity=4 latestHostTick=1678 buffer=8 windowMs=1006.0 fps=90.5 snapshots=27 arrivalSamples=27 arrivalAvgMs=32.9 arrivalP95Ms=179.0 arrivalMaxMs=185.5 sameArrival=20 tickGapMax=2 renderFrames=91 interpolation=22 extrapolation=69 extrapolationCapped=1 extrapolationMaxMs=152.6 oldestHeld=0 zeroSpan=89 movingFrozen=0 teleport=0 visualStepAvgCm=0.00 visualStepMaxCm=0.00 estimatedHostTick=1689 renderTick=1683.195 latestSnapshotTick=1678.000 renderMinusLatestTicks=5.195 estimatedMinusLatestTicks=11.000 sampleT=3.597
[rubber-banding][guest-reconcile] time=46.627 frame=1000 room=23 world=5 authority=5 entity=2 hostTick=1684 ackTick=1684 lastRecordedTick=1690 replayLatestTick=1690 move=(0,0) predictedBefore=(0.785, 0.797, -2.049) confirmed=(0.785, 0.732, -2.055) replayed=(0.786, 0.857, -2.044) visualBefore=(0.785, 0.797, -2.049) correction=(0.001, 0.060, 0.006) distance=0.060 unresolved=2 replayedCount=2 nextVisualOffset=(-0.001, -0.060, -0.006) mode=smooth rttMs=157.2 snapshotAgeMs=0.0
[rubber-banding][guest-reconcile] time=46.627 frame=1000 room=23 world=5 authority=5 entity=2 hostTick=1686 ackTick=1686 lastRecordedTick=1690 replayLatestTick=1690 move=(0,0) predictedBefore=(0.786, 0.857, -2.044) confirmed=(0.786, 0.857, -2.044) replayed=(0.787, 0.960, -2.033) visualBefore=(0.786, 0.857, -2.044) correction=(0.001, 0.103, 0.011) distance=0.104 unresolved=2 replayedCount=2 nextVisualOffset=(-0.001, -0.103, -0.011) mode=smooth rttMs=157.2 snapshotAgeMs=0.0
[rubber-banding][guest-reconcile] time=46.627 frame=1000 room=23 world=5 authority=5 entity=2 hostTick=1688 ackTick=1688 lastRecordedTick=1690 replayLatestTick=1690 move=(0,0) predictedBefore=(0.787, 0.960, -2.033) confirmed=(0.787, 0.960, -2.033) replayed=(0.788, 1.041, -2.022) visualBefore=(0.787, 0.960, -2.033) correction=(0.001, 0.081, 0.011) distance=0.082 unresolved=2 replayedCount=2 nextVisualOffset=(-0.001, -0.081, -0.011) mode=smooth rttMs=157.2 snapshotAgeMs=0.0
[rubber-banding][udp-pump] time=46.659 frame=1003 focused=1 windowMs=1008.7 fps=91.2 packets=33 socketAvgMs=33.2 socketP95Ms=186.0 socketMaxMs=198.1 pumpAvgMs=33.1 pumpP95Ms=185.5 pumpMaxMs=203.7 queueDelayAvgMs=4.6 queueDelayP95Ms=9.7 queueDelayMaxMs=11.9 samePump=25 pumpBatchMax=6 queueDepthMax=7 frameMaxMs=12.1
[rubber-banding][guest-reconcile] time=46.843 frame=1020 room=23 world=5 authority=5 entity=2 hostTick=1694 ackTick=1694 lastRecordedTick=1704 replayLatestTick=1704 move=(0,0) predictedBefore=(0.795, 1.089, -1.961) confirmed=(0.791, 1.136, -2.000) replayed=(0.796, 1.060, -1.955) visualBefore=(0.795, 1.089, -1.961) correction=(0.001, -0.029, 0.006) distance=0.030 unresolved=8 replayedCount=8 nextVisualOffset=(-0.001, 0.029, -0.006) mode=smooth rttMs=85.2 snapshotAgeMs=0.0
[rubber-banding][guest-reconcile] time=46.843 frame=1020 room=23 world=5 authority=5 entity=2 hostTick=1696 ackTick=1696 lastRecordedTick=1704 replayLatestTick=1704 move=(0,0) predictedBefore=(0.796, 1.060, -1.955) confirmed=(0.792, 1.151, -1.989) replayed=(0.793, 0.986, -1.945) visualBefore=(0.796, 1.060, -1.955) correction=(-0.002, -0.075, 0.010) distance=0.075 unresolved=8 replayedCount=8 nextVisualOffset=(0.002, 0.075, -0.010) mode=smooth rttMs=85.2 snapshotAgeMs=0.0
[rubber-banding][guest-reconcile] time=47.052 frame=1040 room=23 world=5 authority=5 entity=2 hostTick=1704 ackTick=1704 lastRecordedTick=1714 replayLatestTick=1714 move=(14,126) predictedBefore=(0.787, 0.465, -1.901) confirmed=(0.796, 1.114, -1.950) replayed=(0.796, 1.114, -1.947) visualBefore=(0.787, 0.465, -1.901) correction=(0.009, 0.649, -0.046) distance=0.651 unresolved=8 replayedCount=8 nextVisualOffset=(-0.009, -0.649, 0.046) mode=smooth rttMs=85.2 snapshotAgeMs=0.0
[rubber-banding][guest-reconcile] time=47.064 frame=1041 room=23 world=5 authority=5 entity=2 hostTick=1716 ackTick=1716 lastRecordedTick=1723 replayLatestTick=1723 move=(14,126) predictedBefore=(0.789, 1.114, -1.902) confirmed=(0.798, 1.176, -1.930) replayed=(0.795, 1.176, -1.901) visualBefore=(0.789, 1.114, -1.902) correction=(0.006, 0.062, 0.001) distance=0.062 unresolved=2 replayedCount=2 nextVisualOffset=(-0.006, -0.062, -0.001) mode=smooth rttMs=85.2 snapshotAgeMs=0.0
[rubber-banding][guest-local-edge] time=47.171 room=23 world=5 authority=5 entity=2 eventId=5 kind=Jump stage=Captured relatedEventId=0 inputTick=0 pressed=None createdAt=-1.000000 firstSendRequestedAt=-1.000000 firstSendDelayMs=-1.000 desiredTick=0 assignedTick=0 lastResolvedAtCreate=0 estimatedHostTickAtCreate=0 clampReason=None
[rubber-banding][guest-reconcile] time=47.274 frame=1061 room=23 world=5 authority=5 entity=2 hostTick=1718 ackTick=1718 lastRecordedTick=1728 replayLatestTick=1728 move=(14,126) predictedBefore=(0.798, 1.176, -1.769) confirmed=(0.802, 1.217, -1.900) replayed=(0.812, 1.217, -1.731) visualBefore=(0.798, 1.176, -1.769) correction=(0.014, 0.041, 0.038) distance=0.058 unresolved=6 replayedCount=6 nextVisualOffset=(-0.014, -0.041, -0.038) mode=smooth rttMs=85.2 snapshotAgeMs=0.0
[rubber-banding][guest-reconcile] time=47.274 frame=1061 room=23 world=5 authority=5 entity=2 hostTick=1720 ackTick=1720 lastRecordedTick=1728 replayLatestTick=1728 move=(14,126) predictedBefore=(0.812, 1.217, -1.731) confirmed=(0.805, 1.242, -1.872) replayed=(0.817, 1.242, -1.749) visualBefore=(0.812, 1.217, -1.731) correction=(0.005, 0.025, -0.017) distance=0.031 unresolved=6 replayedCount=6 nextVisualOffset=(-0.005, -0.025, 0.017) mode=smooth rttMs=85.2 snapshotAgeMs=0.0
[rubber-banding][guest-reconcile] time=47.274 frame=1061 room=23 world=5 authority=5 entity=2 hostTick=1722 ackTick=1722 lastRecordedTick=1728 replayLatestTick=1728 move=(14,126) predictedBefore=(0.817, 1.242, -1.749) confirmed=(0.805, 1.242, -1.872) replayed=(0.811, 1.242, -1.802) visualBefore=(0.817, 1.242, -1.749) correction=(-0.006, 0.000, -0.053) distance=0.053 unresolved=6 replayedCount=6 nextVisualOffset=(0.006, 0.000, 0.053) mode=smooth rttMs=85.2 snapshotAgeMs=0.0
[rubber-banding][guest-local-edge] time=47.276 room=23 world=5 authority=5 entity=2 eventId=5 kind=Jump stage=Attached relatedEventId=0 inputTick=1736 pressed=Jump createdAt=47.273700 firstSendRequestedAt=-1.000000 firstSendDelayMs=-1.000 desiredTick=1736 assignedTick=1736 lastResolvedAtCreate=1728 estimatedHostTickAtCreate=1731 clampReason=None
[rubber-banding][guest-local-edge] time=47.276 room=23 world=5 authority=5 entity=2 eventId=5 kind=Jump stage=FirstSendRequested relatedEventId=0 inputTick=1736 pressed=Jump createdAt=47.273700 firstSendRequestedAt=47.273700 firstSendDelayMs=0.000 desiredTick=1736 assignedTick=1736 lastResolvedAtCreate=1728 estimatedHostTickAtCreate=1731 clampReason=None
[rubber-banding][guest-reconcile] time=47.488 frame=1081 room=23 world=5 authority=5 entity=2 hostTick=1732 ackTick=1732 lastRecordedTick=1740 replayLatestTick=1740 move=(14,126) predictedBefore=(0.842, 1.763, -1.535) confirmed=(0.825, 1.258, -1.689) replayed=(0.848, 1.752, -1.485) visualBefore=(0.842, 1.763, -1.535) correction=(0.006, -0.012, 0.050) distance=0.051 unresolved=5 replayedCount=5 nextVisualOffset=(-0.006, 0.012, -0.050) mode=smooth rttMs=85.2 snapshotAgeMs=0.0
[rubber-banding][guest-reconcile] time=47.488 frame=1081 room=23 world=5 authority=5 entity=2 hostTick=1734 ackTick=1734 lastRecordedTick=1740 replayLatestTick=1740 move=(14,126) predictedBefore=(0.848, 1.752, -1.485) confirmed=(0.832, 1.212, -1.627) replayed=(0.850, 1.706, -1.462) visualBefore=(0.848, 1.752, -1.485) correction=(0.003, -0.046, 0.023) distance=0.052 unresolved=5 replayedCount=5 nextVisualOffset=(-0.003, 0.046, -0.023) mode=smooth rttMs=85.2 snapshotAgeMs=0.0
[rubber-banding][guest-reconcile] time=47.488 frame=1081 room=23 world=5 authority=5 entity=2 hostTick=1736 ackTick=1736 lastRecordedTick=1740 replayLatestTick=1740 move=(14,126) predictedBefore=(0.850, 1.706, -1.462) confirmed=(0.836, 1.303, -1.595) replayed=(0.846, 1.687, -1.503) visualBefore=(0.850, 1.706, -1.462) correction=(-0.005, -0.019, -0.041) distance=0.045 unresolved=4 replayedCount=4 nextVisualOffset=(0.005, 0.019, 0.041) mode=smooth rttMs=85.2 snapshotAgeMs=0.0
[rubber-banding][local-input] time=47.543 frame=1086 focused=1 host=0 room=23 world=5 authority=5 entity=2 windowMs=1001.4 updates=94 fixedCalls=50 commands=43 predictionSteps=43 noCommandUpdates=67 estimatedHostTick=1747 nextInputTick=1752 lastRecordedTick=1752 lastResolvedTick=1740 nextLead=5 recordedLead=5 unresolved=7 clamped=53 clampedTotal=366 batchesSent=532 commandsSent=2731 sendFailures=0 move=(0.11,0.99) jump=0
[rubber-banding][remote-render] time=47.543 frame=1086 entity=1 latestHostTick=1740 buffer=8 windowMs=1001.4 fps=93.9 snapshots=31 arrivalSamples=31 arrivalAvgMs=34.8 arrivalP95Ms=210.2 arrivalMaxMs=214.2 sameArrival=23 tickGapMax=2 renderFrames=94 interpolation=11 extrapolation=83 extrapolationCapped=13 extrapolationMaxMs=182.9 oldestHeld=0 zeroSpan=68 movingFrozen=0 teleport=0 visualStepAvgCm=0.00 visualStepMaxCm=0.00 estimatedHostTick=1747 renderTick=1742.874 latestSnapshotTick=1740.000 renderMinusLatestTicks=2.874 estimatedMinusLatestTicks=7.000 sampleT=2.437
[rubber-banding][remote-render] time=47.543 frame=1086 entity=3 latestHostTick=1740 buffer=8 windowMs=1001.4 fps=93.9 snapshots=31 arrivalSamples=31 arrivalAvgMs=34.8 arrivalP95Ms=210.2 arrivalMaxMs=214.2 sameArrival=23 tickGapMax=2 renderFrames=94 interpolation=11 extrapolation=83 extrapolationCapped=13 extrapolationMaxMs=182.9 oldestHeld=0 zeroSpan=68 movingFrozen=0 teleport=0 visualStepAvgCm=0.00 visualStepMaxCm=0.00 estimatedHostTick=1747 renderTick=1742.874 latestSnapshotTick=1740.000 renderMinusLatestTicks=2.874 estimatedMinusLatestTicks=7.000 sampleT=2.437
[rubber-banding][remote-render] time=47.543 frame=1086 entity=4 latestHostTick=1740 buffer=8 windowMs=1001.4 fps=93.9 snapshots=31 arrivalSamples=31 arrivalAvgMs=34.8 arrivalP95Ms=210.2 arrivalMaxMs=214.2 sameArrival=23 tickGapMax=2 renderFrames=94 interpolation=11 extrapolation=83 extrapolationCapped=13 extrapolationMaxMs=182.9 oldestHeld=0 zeroSpan=68 movingFrozen=0 teleport=0 visualStepAvgCm=0.00 visualStepMaxCm=0.00 estimatedHostTick=1747 renderTick=1742.874 latestSnapshotTick=1740.000 renderMinusLatestTicks=2.874 estimatedMinusLatestTicks=7.000 sampleT=2.437
[rubber-banding][udp-pump] time=47.660 frame=1097 focused=1 windowMs=1001.3 fps=93.9 packets=25 socketAvgMs=34.6 socketP95Ms=205.4 socketMaxMs=209.6 pumpAvgMs=35.0 pumpP95Ms=210.2 pumpMaxMs=214.2 queueDelayAvgMs=5.1 queueDelayP95Ms=10.8 queueDelayMaxMs=10.8 samePump=18 pumpBatchMax=6 queueDepthMax=6 frameMaxMs=13.3
[rubber-banding][guest-reconcile] time=47.702 frame=1101 room=23 world=5 authority=5 entity=2 hostTick=1744 ackTick=1744 lastRecordedTick=1752 replayLatestTick=1752 move=(14,126) predictedBefore=(0.873, 2.146, -1.255) confirmed=(0.860, 1.983, -1.375) replayed=(0.878, 2.189, -1.211) visualBefore=(0.873, 2.146, -1.255) correction=(0.005, 0.043, 0.044) distance=0.062 unresolved=4 replayedCount=4 nextVisualOffset=(-0.005, -0.043, -0.044) mode=smooth rttMs=85.2 snapshotAgeMs=0.0
[rubber-banding][guest-reconcile] time=47.702 frame=1101 room=23 world=5 authority=5 entity=2 hostTick=1746 ackTick=1746 lastRecordedTick=1752 replayLatestTick=1752 move=(14,126) predictedBefore=(0.878, 2.189, -1.211) confirmed=(0.868, 2.097, -1.299) replayed=(0.888, 2.259, -1.127) visualBefore=(0.878, 2.189, -1.211) correction=(0.009, 0.070, 0.084) distance=0.110 unresolved=4 replayedCount=4 nextVisualOffset=(-0.009, -0.070, -0.084) mode=smooth rttMs=85.2 snapshotAgeMs=0.0
[rubber-banding][guest-reconcile] time=47.702 frame=1101 room=23 world=5 authority=5 entity=2 hostTick=1748 ackTick=1748 lastRecordedTick=1752 replayLatestTick=1752 move=(14,126) predictedBefore=(0.888, 2.259, -1.127) confirmed=(0.877, 2.189, -1.224) replayed=(0.896, 2.306, -1.052) visualBefore=(0.888, 2.259, -1.127) correction=(0.008, 0.048, 0.075) distance=0.089 unresolved=4 replayedCount=4 nextVisualOffset=(-0.008, -0.048, -0.075) mode=smooth rttMs=85.2 snapshotAgeMs=0.0
[rubber-banding][guest-reconcile] time=47.917 frame=1121 room=23 world=5 authority=5 entity=2 hostTick=1756 ackTick=1756 lastRecordedTick=1766 replayLatestTick=1766 move=(14,126) predictedBefore=(0.946, 2.275, -0.602) confirmed=(0.918, 2.335, -0.851) replayed=(0.950, 2.246, -0.564) visualBefore=(0.946, 2.275, -0.602) correction=(0.004, -0.029, 0.038) distance=0.048 unresolved=5 replayedCount=5 nextVisualOffset=(-0.004, 0.029, -0.038) mode=smooth rttMs=170.2 snapshotAgeMs=0.0
[rubber-banding][guest-reconcile] time=47.928 frame=1122 room=23 world=5 authority=5 entity=2 hostTick=1758 ackTick=1758 lastRecordedTick=1768 replayLatestTick=1768 move=(14,126) predictedBefore=(0.965, 2.171, -0.434) confirmed=(0.930, 2.316, -0.750) replayed=(0.976, 2.074, -0.332) visualBefore=(0.961, 2.198, -0.469) correction=(0.011, -0.097, 0.102) distance=0.141 unresolved=7 replayedCount=7 nextVisualOffset=(-0.015, 0.124, -0.136) mode=smooth rttMs=170.2 snapshotAgeMs=0.0
[rubber-banding][guest-reconcile] time=47.928 frame=1122 room=23 world=5 authority=5 entity=2 hostTick=1760 ackTick=1760 lastRecordedTick=1768 replayLatestTick=1768 move=(14,126) predictedBefore=(0.976, 2.074, -0.332) confirmed=(0.941, 2.275, -0.646) replayed=(0.982, 2.017, -0.281) visualBefore=(0.972, 2.101, -0.367) correction=(0.006, -0.057, 0.051) distance=0.076 unresolved=6 replayedCount=6 nextVisualOffset=(-0.010, 0.084, -0.086) mode=smooth rttMs=170.2 snapshotAgeMs=0.0
[rubber-banding][guest-reconcile] time=47.928 frame=1122 room=23 world=5 authority=5 entity=2 hostTick=1764 ackTick=1764 lastRecordedTick=1768 replayLatestTick=1768 move=(14,126) predictedBefore=(0.982, 2.017, -0.281) confirmed=(0.967, 2.125, -0.412) replayed=(0.989, 1.955, -0.215) visualBefore=(0.978, 2.044, -0.316) correction=(0.007, -0.062, 0.066) distance=0.091 unresolved=3 replayedCount=3 nextVisualOffset=(-0.011, 0.089, -0.101) mode=smooth rttMs=170.2 snapshotAgeMs=0.0
[rubber-banding][guest-reconcile] time=47.928 frame=1122 room=23 world=5 authority=5 entity=2 hostTick=1766 ackTick=1766 lastRecordedTick=1768 replayLatestTick=1768 move=(14,126) predictedBefore=(0.989, 1.955, -0.215) confirmed=(0.982, 2.017, -0.281) replayed=(0.996, 1.887, -0.149) visualBefore=(0.985, 1.982, -0.250) correction=(0.007, -0.068, 0.066) distance=0.095 unresolved=2 replayedCount=2 nextVisualOffset=(-0.011, 0.095, -0.101) mode=smooth rttMs=170.2 snapshotAgeMs=0.0
[rubber-banding][guest-local-edge] time=48.007 room=23 world=5 authority=5 entity=2 eventId=6 kind=Jump stage=Captured relatedEventId=0 inputTick=0 pressed=None createdAt=-1.000000 firstSendRequestedAt=-1.000000 firstSendDelayMs=-1.000 desiredTick=0 assignedTick=0 lastResolvedAtCreate=0 estimatedHostTickAtCreate=0 clampReason=None
[rubber-banding][guest-reconcile] time=48.112 frame=1139 room=23 world=5 authority=5 entity=2 hostTick=1772 ackTick=1772 lastRecordedTick=1780 replayLatestTick=1780 move=(14,126) predictedBefore=(1.026, 1.560, 0.115) confirmed=(1.026, 1.560, 0.115) replayed=(1.033, 1.465, 0.182) visualBefore=(1.026, 1.560, 0.115) correction=(0.007, -0.096, 0.066) distance=0.117 unresolved=1 replayedCount=1 nextVisualOffset=(-0.007, 0.096, -0.066) mode=smooth rttMs=170.2 snapshotAgeMs=0.0
[rubber-banding][guest-reconcile] time=48.112 frame=1139 room=23 world=5 authority=5 entity=2 hostTick=1774 ackTick=1774 lastRecordedTick=1780 replayLatestTick=1780 move=(14,126) predictedBefore=(1.033, 1.465, 0.182) confirmed=(1.040, 1.363, 0.248) replayed=(1.048, 1.257, 0.314) visualBefore=(1.033, 1.465, 0.182) correction=(0.015, -0.208, 0.132) distance=0.247 unresolved=1 replayedCount=1 nextVisualOffset=(-0.015, 0.208, -0.132) mode=smooth rttMs=170.2 snapshotAgeMs=0.0
[rubber-banding][guest-local-edge] time=48.114 room=23 world=5 authority=5 entity=2 eventId=6 kind=Jump stage=Attached relatedEventId=0 inputTick=1786 pressed=Jump createdAt=48.112360 firstSendRequestedAt=-1.000000 firstSendDelayMs=-1.000 desiredTick=1792 assignedTick=1786 lastResolvedAtCreate=1774 estimatedHostTickAtCreate=1784 clampReason=MaximumResolvedLead
[rubber-banding][guest-local-edge] time=48.114 room=23 world=5 authority=5 entity=2 eventId=6 kind=Jump stage=FirstSendRequested relatedEventId=0 inputTick=1786 pressed=Jump createdAt=48.112360 firstSendRequestedAt=48.112360 firstSendDelayMs=0.000 desiredTick=1792 assignedTick=1786 lastResolvedAtCreate=1774 estimatedHostTickAtCreate=1784 clampReason=MaximumResolvedLead
[rubber-banding][guest-reconcile] time=48.124 frame=1140 room=23 world=5 authority=5 entity=2 hostTick=1776 ackTick=1776 lastRecordedTick=1786 replayLatestTick=1786 move=(14,126) predictedBefore=(1.077, 0.774, 0.578) confirmed=(1.055, 1.144, 0.380) replayed=(1.092, 0.499, 0.711) visualBefore=(1.063, 0.968, 0.455) correction=(0.015, -0.275, 0.132) distance=0.305 unresolved=5 replayedCount=5 nextVisualOffset=(-0.028, 0.468, -0.255) mode=smooth rttMs=170.2 snapshotAgeMs=0.0
[rubber-banding][guest-reconcile] time=48.124 frame=1140 room=23 world=5 authority=5 entity=2 hostTick=1778 ackTick=1778 lastRecordedTick=1786 replayLatestTick=1786 move=(14,126) predictedBefore=(1.092, 0.499, 0.711) confirmed=(1.070, 0.903, 0.512) replayed=(1.107, 0.203, 0.843) visualBefore=(1.078, 0.693, 0.588) correction=(0.015, -0.297, 0.132) distance=0.325 unresolved=5 replayedCount=5 nextVisualOffset=(-0.028, 0.490, -0.255) mode=smooth rttMs=170.2 snapshotAgeMs=0.0
[rubber-banding][guest-reconcile] time=48.320 frame=1158 room=23 world=5 authority=5 entity=2 hostTick=1780 ackTick=1780 lastRecordedTick=1790 replayLatestTick=1790 move=(14,126) predictedBefore=(1.136, 0.008, 1.108) confirmed=(1.084, 0.639, 0.645) replayed=(1.143, 0.008, 1.174) visualBefore=(1.136, 0.008, 1.108) correction=(0.007, 0.000, 0.066) distance=0.067 unresolved=8 replayedCount=8 nextVisualOffset=(-0.007, 0.000, -0.066) mode=smooth rttMs=170.2 snapshotAgeMs=0.0
[rubber-banding][guest-reconcile] time=48.320 frame=1158 room=23 world=5 authority=5 entity=2 hostTick=1784 ackTick=1784 lastRecordedTick=1790 replayLatestTick=1790 move=(14,126) predictedBefore=(1.143, 0.008, 1.174) confirmed=(1.114, 0.046, 0.909) replayed=(1.151, 0.008, 1.240) visualBefore=(1.143, 0.008, 1.174) correction=(0.007, 0.000, 0.066) distance=0.067 unresolved=5 replayedCount=5 nextVisualOffset=(-0.007, 0.000, -0.066) mode=smooth rttMs=170.2 snapshotAgeMs=0.0
[rubber-banding][guest-reconcile] time=48.320 frame=1158 room=23 world=5 authority=5 entity=2 hostTick=1786 ackTick=1786 lastRecordedTick=1790 replayLatestTick=1790 move=(14,126) predictedBefore=(1.151, 0.008, 1.240) confirmed=(1.129, 0.118, 1.041) replayed=(1.158, 0.502, 1.306) visualBefore=(1.151, 0.008, 1.240) correction=(0.007, 0.494, 0.066) distance=0.498 unresolved=4 replayedCount=4 nextVisualOffset=(-0.007, -0.494, -0.066) mode=smooth rttMs=170.2 snapshotAgeMs=0.0
[rubber-banding][guest-reconcile] time=48.530 frame=1178 room=23 world=5 authority=5 entity=2 hostTick=1794 ackTick=1794 lastRecordedTick=1804 replayLatestTick=1804 move=(14,126) predictedBefore=(1.217, 1.004, 1.835) confirmed=(1.187, 0.797, 1.571) replayed=(1.224, 1.041, 1.901) visualBefore=(1.217, 1.004, 1.835) correction=(0.007, 0.038, 0.066) distance=0.076 unresolved=5 replayedCount=5 nextVisualOffset=(-0.007, -0.038, -0.066) mode=smooth rttMs=170.2 snapshotAgeMs=0.0
[rubber-banding][guest-reconcile] time=48.530 frame=1178 room=23 world=5 authority=5 entity=2 hostTick=1796 ackTick=1796 lastRecordedTick=1804 replayLatestTick=1804 move=(14,126) predictedBefore=(1.224, 1.041, 1.901) confirmed=(1.202, 0.912, 1.703) replayed=(1.239, 1.100, 2.034) visualBefore=(1.224, 1.041, 1.901) correction=(0.015, 0.059, 0.132) distance=0.145 unresolved=5 replayedCount=5 nextVisualOffset=(-0.015, -0.059, -0.132) mode=smooth rttMs=170.2 snapshotAgeMs=0.0
[rubber-banding][guest-reconcile] time=48.541 frame=1179 room=23 world=5 authority=5 entity=2 hostTick=1798 ackTick=1798 lastRecordedTick=1808 replayLatestTick=1808 move=(14,126) predictedBefore=(1.268, 1.151, 2.298) confirmed=(1.217, 1.004, 1.835) replayed=(1.283, 1.143, 2.430) visualBefore=(1.254, 1.096, 2.175) correction=(0.015, -0.008, 0.132) distance=0.133 unresolved=9 replayedCount=9 nextVisualOffset=(-0.028, -0.047, -0.256) mode=smooth rttMs=170.2 snapshotAgeMs=0.0
[rubber-banding][guest-reconcile] time=48.541 frame=1179 room=23 world=5 authority=5 entity=2 hostTick=1800 ackTick=1800 lastRecordedTick=1808 replayLatestTick=1808 move=(14,126) predictedBefore=(1.283, 1.143, 2.430) confirmed=(1.231, 1.073, 1.967) replayed=(1.290, 1.130, 2.497) visualBefore=(1.269, 1.088, 2.307) correction=(0.007, -0.012, 0.066) distance=0.068 unresolved=8 replayedCount=8 nextVisualOffset=(-0.021, -0.043, -0.190) mode=smooth rttMs=170.2 snapshotAgeMs=0.0
[rubber-banding][local-input] time=48.551 frame=1180 focused=1 host=0 room=23 world=5 authority=5 entity=2 windowMs=1007.7 updates=94 fixedCalls=51 commands=38 predictionSteps=38 noCommandUpdates=84 estimatedHostTick=1810 nextInputTick=1818 lastRecordedTick=1816 lastResolvedTick=1804 nextLead=8 recordedLead=6 unresolved=8 clamped=93 clampedTotal=459 batchesSent=562 commandsSent=2918 sendFailures=0 move=(0.11,0.99) jump=0
[rubber-banding][remote-render] time=48.551 frame=1180 entity=1 latestHostTick=1804 buffer=8 windowMs=1007.7 fps=93.3 snapshots=32 arrivalSamples=32 arrivalAvgMs=32.5 arrivalP95Ms=200.9 arrivalMaxMs=203.1 sameArrival=22 tickGapMax=2 renderFrames=94 interpolation=8 extrapolation=86 extrapolationCapped=18 extrapolationMaxMs=196.6 oldestHeld=0 zeroSpan=79 movingFrozen=0 teleport=0 visualStepAvgCm=0.00 visualStepMaxCm=0.00 estimatedHostTick=1810 renderTick=1804.336 latestSnapshotTick=1804.000 renderMinusLatestTicks=0.336 estimatedMinusLatestTicks=6.000 sampleT=1.168
[rubber-banding][remote-render] time=48.551 frame=1180 entity=3 latestHostTick=1804 buffer=8 windowMs=1007.7 fps=93.3 snapshots=32 arrivalSamples=32 arrivalAvgMs=32.5 arrivalP95Ms=200.9 arrivalMaxMs=203.1 sameArrival=22 tickGapMax=2 renderFrames=94 interpolation=8 extrapolation=86 extrapolationCapped=18 extrapolationMaxMs=196.6 oldestHeld=0 zeroSpan=79 movingFrozen=0 teleport=0 visualStepAvgCm=0.00 visualStepMaxCm=0.00 estimatedHostTick=1810 renderTick=1804.336 latestSnapshotTick=1804.000 renderMinusLatestTicks=0.336 estimatedMinusLatestTicks=6.000 sampleT=1.168
[rubber-banding][remote-render] time=48.551 frame=1180 entity=4 latestHostTick=1804 buffer=8 windowMs=1007.7 fps=93.3 snapshots=32 arrivalSamples=32 arrivalAvgMs=32.5 arrivalP95Ms=200.9 arrivalMaxMs=203.1 sameArrival=22 tickGapMax=2 renderFrames=94 interpolation=8 extrapolation=86 extrapolationCapped=18 extrapolationMaxMs=196.6 oldestHeld=0 zeroSpan=79 movingFrozen=0 teleport=0 visualStepAvgCm=0.00 visualStepMaxCm=0.00 estimatedHostTick=1810 renderTick=1804.336 latestSnapshotTick=1804.000 renderMinusLatestTicks=0.336 estimatedMinusLatestTicks=6.000 sampleT=1.168
[rubber-banding][guest-local-edge] time=48.638 room=23 world=5 authority=5 entity=2 eventId=7 kind=Jump stage=Captured relatedEventId=0 inputTick=0 pressed=None createdAt=-1.000000 firstSendRequestedAt=-1.000000 firstSendDelayMs=-1.000 desiredTick=0 assignedTick=0 lastResolvedAtCreate=0 estimatedHostTickAtCreate=0 clampReason=None
[rubber-banding][udp-pump] time=48.671 frame=1191 focused=1 windowMs=1010.8 fps=93.0 packets=32 socketAvgMs=32.7 socketP95Ms=207.2 socketMaxMs=208.7 pumpAvgMs=32.5 pumpP95Ms=200.9 pumpMaxMs=203.1 queueDelayAvgMs=5.2 queueDelayP95Ms=11.2 queueDelayMaxMs=11.7 samePump=22 pumpBatchMax=6 queueDepthMax=6 frameMaxMs=11.6
[rubber-banding][guest-reconcile] time=48.715 frame=1195 room=23 world=5 authority=5 entity=2 hostTick=1812 ackTick=1812 lastRecordedTick=1816 replayLatestTick=1816 move=(14,126) predictedBefore=(1.320, 1.026, 2.761) confirmed=(1.320, 1.026, 2.761) replayed=(1.327, 0.986, 2.827) visualBefore=(1.320, 1.026, 2.761) correction=(0.007, -0.040, 0.066) distance=0.078 unresolved=1 replayedCount=1 nextVisualOffset=(-0.007, 0.040, -0.066) mode=smooth rttMs=170.2 snapshotAgeMs=0.0
[rubber-banding][guest-reconcile] time=48.715 frame=1195 room=23 world=5 authority=5 entity=2 hostTick=1814 ackTick=1814 lastRecordedTick=1816 replayLatestTick=1816 move=(14,126) predictedBefore=(1.327, 0.986, 2.827) confirmed=(1.334, 0.940, 2.893) replayed=(1.342, 0.889, 2.960) visualBefore=(1.327, 0.986, 2.827) correction=(0.015, -0.097, 0.132) distance=0.165 unresolved=1 replayedCount=1 nextVisualOffset=(-0.015, 0.097, -0.132) mode=smooth rttMs=170.2 snapshotAgeMs=0.0
[rubber-banding][guest-local-edge] time=48.717 room=23 world=5 authority=5 entity=2 eventId=7 kind=Jump stage=Attached relatedEventId=0 inputTick=1826 pressed=Jump createdAt=48.715180 firstSendRequestedAt=-1.000000 firstSendDelayMs=-1.000 desiredTick=1826 assignedTick=1826 lastResolvedAtCreate=1814 estimatedHostTickAtCreate=1819 clampReason=None
[rubber-banding][guest-local-edge] time=48.718 room=23 world=5 authority=5 entity=2 eventId=7 kind=Jump stage=FirstSendRequested relatedEventId=0 inputTick=1826 pressed=Jump createdAt=48.715180 firstSendRequestedAt=48.715180 firstSendDelayMs=0.000 desiredTick=1826 assignedTick=1826 lastResolvedAtCreate=1814 estimatedHostTickAtCreate=1819 clampReason=None
[rubber-banding][guest-reconcile] time=48.878 frame=1210 room=23 world=5 authority=5 entity=2 hostTick=1816 ackTick=1816 lastRecordedTick=1826 replayLatestTick=1826 move=(14,126) predictedBefore=(1.371, 0.628, 3.224) confirmed=(1.349, 0.832, 3.026) replayed=(1.378, 0.549, 3.290) visualBefore=(1.371, 0.628, 3.224) correction=(0.007, -0.079, 0.066) distance=0.103 unresolved=4 replayedCount=4 nextVisualOffset=(-0.007, 0.079, -0.066) mode=smooth rttMs=164.0 snapshotAgeMs=0.0
[rubber-banding][guest-reconcile] time=48.888 frame=1211 room=23 world=5 authority=5 entity=2 hostTick=1820 ackTick=1820 lastRecordedTick=1828 replayLatestTick=1828 move=(0,0) predictedBefore=(1.393, 0.375, 3.423) confirmed=(1.378, 0.549, 3.290) replayed=(1.400, 0.279, 3.489) visualBefore=(1.386, 0.448, 3.362) correction=(0.007, -0.096, 0.066) distance=0.117 unresolved=3 replayedCount=3 nextVisualOffset=(-0.014, 0.168, -0.127) mode=smooth rttMs=164.0 snapshotAgeMs=0.0
[rubber-banding][guest-reconcile] time=48.888 frame=1211 room=23 world=5 authority=5 entity=2 hostTick=1822 ackTick=1822 lastRecordedTick=1828 replayLatestTick=1828 move=(0,0) predictedBefore=(1.400, 0.279, 3.489) confirmed=(1.393, 0.375, 3.423) replayed=(1.415, 0.071, 3.621) visualBefore=(1.394, 0.352, 3.428) correction=(0.015, -0.208, 0.132) distance=0.247 unresolved=3 replayedCount=3 nextVisualOffset=(-0.021, 0.281, -0.193) mode=smooth rttMs=164.0 snapshotAgeMs=0.0
[rubber-banding][guest-reconcile] time=48.888 frame=1211 room=23 world=5 authority=5 entity=2 hostTick=1824 ackTick=1824 lastRecordedTick=1828 replayLatestTick=1828 move=(0,0) predictedBefore=(1.415, 0.071, 3.621) confirmed=(1.408, 0.178, 3.555) replayed=(1.429, 0.008, 3.742) visualBefore=(1.408, 0.144, 3.560) correction=(0.013, -0.063, 0.121) distance=0.137 unresolved=3 replayedCount=3 nextVisualOffset=(-0.020, 0.136, -0.182) mode=smooth rttMs=164.0 snapshotAgeMs=0.0
[rubber-banding][guest-reconcile] time=48.888 frame=1211 room=23 world=5 authority=5 entity=2 hostTick=1826 ackTick=1826 lastRecordedTick=1828 replayLatestTick=1828 move=(0,0) predictedBefore=(1.429, 0.008, 3.742) confirmed=(1.423, 0.008, 3.687) replayed=(1.434, 0.008, 3.786) visualBefore=(1.422, 0.081, 3.681) correction=(0.005, 0.000, 0.044) distance=0.044 unresolved=2 replayedCount=2 nextVisualOffset=(-0.012, 0.073, -0.105) mode=smooth rttMs=164.0 snapshotAgeMs=0.0
[rubber-banding][guest-local-edge] time=49.320 room=23 world=5 authority=5 entity=2 eventId=8 kind=Jump stage=Captured relatedEventId=0 inputTick=0 pressed=None createdAt=-1.000000 firstSendRequestedAt=-1.000000 firstSendDelayMs=-1.000 desiredTick=0 assignedTick=0 lastResolvedAtCreate=0 estimatedHostTickAtCreate=0 clampReason=None
[rubber-banding][guest-local-edge] time=49.437 room=23 world=5 authority=5 entity=2 eventId=8 kind=Jump stage=Attached relatedEventId=0 inputTick=1868 pressed=Jump createdAt=49.431980 firstSendRequestedAt=-1.000000 firstSendDelayMs=-1.000 desiredTick=1869 assignedTick=1868 lastResolvedAtCreate=1856 estimatedHostTickAtCreate=1862 clampReason=MaximumResolvedLead
[rubber-banding][guest-local-edge] time=49.437 room=23 world=5 authority=5 entity=2 eventId=8 kind=Jump stage=FirstSendRequested relatedEventId=0 inputTick=1868 pressed=Jump createdAt=49.431980 firstSendRequestedAt=49.431980 firstSendDelayMs=0.000 desiredTick=1869 assignedTick=1868 lastResolvedAtCreate=1856 estimatedHostTickAtCreate=1862 clampReason=MaximumResolvedLead
[rubber-banding][local-input] time=49.554 frame=1273 focused=1 host=0 room=23 world=5 authority=5 entity=2 windowMs=1003.0 updates=93 fixedCalls=50 commands=25 predictionSteps=25 noCommandUpdates=85 estimatedHostTick=1870 nextInputTick=1877 lastRecordedTick=1870 lastResolvedTick=1858 nextLead=7 recordedLead=0 unresolved=6 clamped=87 clampedTotal=546 batchesSent=594 commandsSent=3107 sendFailures=0 move=(-0.11,-0.99) jump=0
[rubber-banding][remote-render] time=49.554 frame=1273 entity=1 latestHostTick=1858 buffer=8 windowMs=1003.0 fps=92.7 snapshots=27 arrivalSamples=27 arrivalAvgMs=33.4 arrivalP95Ms=189.6 arrivalMaxMs=190.6 sameArrival=20 tickGapMax=2 renderFrames=93 interpolation=5 extrapolation=88 extrapolationCapped=9 extrapolationMaxMs=187.2 oldestHeld=0 zeroSpan=81 movingFrozen=0 teleport=0 visualStepAvgCm=0.00 visualStepMaxCm=0.00 estimatedHostTick=1870 renderTick=1864.581 latestSnapshotTick=1858.000 renderMinusLatestTicks=6.581 estimatedMinusLatestTicks=12.000 sampleT=4.290
[rubber-banding][remote-render] time=49.554 frame=1273 entity=3 latestHostTick=1858 buffer=8 windowMs=1003.0 fps=92.7 snapshots=27 arrivalSamples=27 arrivalAvgMs=33.4 arrivalP95Ms=189.6 arrivalMaxMs=190.6 sameArrival=20 tickGapMax=2 renderFrames=93 interpolation=5 extrapolation=88 extrapolationCapped=9 extrapolationMaxMs=187.2 oldestHeld=0 zeroSpan=81 movingFrozen=0 teleport=0 visualStepAvgCm=0.00 visualStepMaxCm=0.00 estimatedHostTick=1870 renderTick=1864.581 latestSnapshotTick=1858.000 renderMinusLatestTicks=6.581 estimatedMinusLatestTicks=12.000 sampleT=4.290
[rubber-banding][remote-render] time=49.554 frame=1273 entity=4 latestHostTick=1858 buffer=8 windowMs=1003.0 fps=92.7 snapshots=27 arrivalSamples=27 arrivalAvgMs=33.4 arrivalP95Ms=189.6 arrivalMaxMs=190.6 sameArrival=20 tickGapMax=2 renderFrames=93 interpolation=5 extrapolation=88 extrapolationCapped=9 extrapolationMaxMs=187.2 oldestHeld=0 zeroSpan=81 movingFrozen=0 teleport=0 visualStepAvgCm=0.00 visualStepMaxCm=0.00 estimatedHostTick=1870 renderTick=1864.581 latestSnapshotTick=1858.000 renderMinusLatestTicks=6.581 estimatedMinusLatestTicks=12.000 sampleT=4.290
[rubber-banding][guest-reconcile] time=49.589 frame=1276 room=23 world=5 authority=5 entity=2 hostTick=1862 ackTick=1862 lastRecordedTick=1870 replayLatestTick=1870 move=(-14,-126) predictedBefore=(1.427, 0.321, 3.727) confirmed=(1.431, 0.008, 3.767) replayed=(1.424, 0.321, 3.701) visualBefore=(1.427, 0.321, 3.727) correction=(-0.003, 0.000, -0.027) distance=0.027 unresolved=3 replayedCount=3 nextVisualOffset=(0.003, 0.000, 0.027) mode=smooth rttMs=164.0 snapshotAgeMs=0.0
[rubber-banding][guest-reconcile] time=49.589 frame=1276 room=23 world=5 authority=5 entity=2 hostTick=1866 ackTick=1866 lastRecordedTick=1870 replayLatestTick=1870 move=(-14,-126) predictedBefore=(1.423, 0.321, 3.695) confirmed=(1.428, 0.008, 3.738) replayed=(1.426, 0.321, 3.722) visualBefore=(1.423, 0.321, 3.695) correction=(0.003, 0.000, 0.027) distance=0.027 unresolved=3 replayedCount=3 nextVisualOffset=(-0.003, 0.000, -0.027) mode=smooth rttMs=164.0 snapshotAgeMs=0.0
[rubber-banding][udp-pump] time=49.675 frame=1284 focused=1 windowMs=1004.3 fps=92.6 packets=31 socketAvgMs=33.8 socketP95Ms=183.8 socketMaxMs=184.9 pumpAvgMs=33.8 pumpP95Ms=189.6 pumpMaxMs=190.6 queueDelayAvgMs=5.2 queueDelayP95Ms=10.5 queueDelayMaxMs=11.7 samePump=23 pumpBatchMax=6 queueDepthMax=6 frameMaxMs=12.8
[rubber-banding][guest-reconcile] time=50.133 frame=1327 room=23 world=5 authority=5 entity=2 hostTick=1892 ackTick=1892 lastRecordedTick=1902 replayLatestTick=1902 move=(-14,-126) predictedBefore=(1.281, 0.628, 2.415) confirmed=(1.345, 1.089, 2.993) replayed=(1.274, 0.549, 2.349) visualBefore=(1.281, 0.628, 2.415) correction=(-0.007, -0.079, -0.066) distance=0.103 unresolved=10 replayedCount=10 nextVisualOffset=(0.007, 0.079, 0.066) mode=smooth rttMs=34.4 snapshotAgeMs=0.0
[rubber-banding][guest-local-edge] time=50.334 room=23 world=5 authority=5 entity=2 eventId=9 kind=Jump stage=Captured relatedEventId=0 inputTick=0 pressed=None createdAt=-1.000000 firstSendRequestedAt=-1.000000 firstSendDelayMs=-1.000 desiredTick=0 assignedTick=0 lastResolvedAtCreate=0 estimatedHostTickAtCreate=0 clampReason=None
[rubber-banding][guest-local-edge] time=50.334 room=23 world=5 authority=5 entity=2 eventId=9 kind=Jump stage=Attached relatedEventId=0 inputTick=1916 pressed=Jump createdAt=50.332020 firstSendRequestedAt=-1.000000 firstSendDelayMs=-1.000 desiredTick=1916 assignedTick=1916 lastResolvedAtCreate=1910 estimatedHostTickAtCreate=1912 clampReason=None
[rubber-banding][guest-local-edge] time=50.334 room=23 world=5 authority=5 entity=2 eventId=9 kind=Jump stage=FirstSendRequested relatedEventId=0 inputTick=1916 pressed=Jump createdAt=50.332020 firstSendRequestedAt=50.332020 firstSendDelayMs=0.000 desiredTick=1916 assignedTick=1916 lastResolvedAtCreate=1910 estimatedHostTickAtCreate=1912 clampReason=None
[rubber-banding][local-input] time=50.563 frame=1366 focused=1 host=0 room=23 world=5 authority=5 entity=2 windowMs=1009.0 updates=93 fixedCalls=50 commands=59 predictionSteps=59 noCommandUpdates=46 estimatedHostTick=1926 nextInputTick=1930 lastRecordedTick=1930 lastResolvedTick=1920 nextLead=4 recordedLead=4 unresolved=10 clamped=24 clampedTotal=570 batchesSent=625 commandsSent=3339 sendFailures=0 move=(-0.11,-0.99) jump=0
[rubber-banding][remote-render] time=50.563 frame=1366 entity=1 latestHostTick=1920 buffer=8 windowMs=1009.0 fps=92.2 snapshots=31 arrivalSamples=31 arrivalAvgMs=33.9 arrivalP95Ms=167.7 arrivalMaxMs=182.7 sameArrival=19 tickGapMax=2 renderFrames=93 interpolation=7 extrapolation=86 extrapolationCapped=4 extrapolationMaxMs=174.7 oldestHeld=0 zeroSpan=58 movingFrozen=0 teleport=0 visualStepAvgCm=0.00 visualStepMaxCm=0.00 estimatedHostTick=1926 renderTick=1923.147 latestSnapshotTick=1920.000 renderMinusLatestTicks=3.147 estimatedMinusLatestTicks=6.000 sampleT=2.573
[rubber-banding][remote-render] time=50.563 frame=1366 entity=3 latestHostTick=1920 buffer=8 windowMs=1009.0 fps=92.2 snapshots=31 arrivalSamples=31 arrivalAvgMs=33.9 arrivalP95Ms=167.7 arrivalMaxMs=182.7 sameArrival=19 tickGapMax=2 renderFrames=93 interpolation=7 extrapolation=86 extrapolationCapped=4 extrapolationMaxMs=174.7 oldestHeld=0 zeroSpan=58 movingFrozen=0 teleport=0 visualStepAvgCm=0.00 visualStepMaxCm=0.00 estimatedHostTick=1926 renderTick=1923.147 latestSnapshotTick=1920.000 renderMinusLatestTicks=3.147 estimatedMinusLatestTicks=6.000 sampleT=2.573
[rubber-banding][remote-render] time=50.563 frame=1366 entity=4 latestHostTick=1920 buffer=8 windowMs=1009.0 fps=92.2 snapshots=31 arrivalSamples=31 arrivalAvgMs=33.9 arrivalP95Ms=167.7 arrivalMaxMs=182.7 sameArrival=19 tickGapMax=2 renderFrames=93 interpolation=7 extrapolation=86 extrapolationCapped=4 extrapolationMaxMs=174.7 oldestHeld=0 zeroSpan=58 movingFrozen=0 teleport=0 visualStepAvgCm=0.00 visualStepMaxCm=0.00 estimatedHostTick=1926 renderTick=1923.147 latestSnapshotTick=1920.000 renderMinusLatestTicks=3.147 estimatedMinusLatestTicks=6.000 sampleT=2.573
[rubber-banding][udp-pump] time=50.680 frame=1377 focused=1 windowMs=1004.2 fps=92.6 packets=33 socketAvgMs=33.1 socketP95Ms=183.2 socketMaxMs=183.5 pumpAvgMs=33.1 pumpP95Ms=182.7 pumpMaxMs=185.2 queueDelayAvgMs=5.1 queueDelayP95Ms=10.3 queueDelayMaxMs=10.7 samePump=21 pumpBatchMax=6 queueDepthMax=7 frameMaxMs=12.9
[rubber-banding][guest-reconcile] time=50.866 frame=1394 room=23 world=5 authority=5 entity=2 hostTick=1936 ackTick=1936 lastRecordedTick=1946 replayLatestTick=1946 move=(126,-14) predictedBefore=(1.000, 1.089, -0.165) confirmed=(1.024, 1.150, 0.100) replayed=(0.992, 1.060, -0.231) visualBefore=(1.000, 1.089, -0.165) correction=(-0.007, -0.029, -0.066) distance=0.073 unresolved=5 replayedCount=5 nextVisualOffset=(0.007, 0.029, 0.066) mode=smooth rttMs=116.5 snapshotAgeMs=0.0
[rubber-banding][guest-reconcile] time=50.866 frame=1394 room=23 world=5 authority=5 entity=2 hostTick=1938 ackTick=1938 lastRecordedTick=1946 replayLatestTick=1946 move=(126,-14) predictedBefore=(0.992, 1.060, -0.231) confirmed=(1.009, 1.130, -0.032) replayed=(0.978, 0.986, -0.364) visualBefore=(0.992, 1.060, -0.231) correction=(-0.015, -0.075, -0.132) distance=0.153 unresolved=5 replayedCount=5 nextVisualOffset=(0.015, 0.075, 0.132) mode=smooth rttMs=116.5 snapshotAgeMs=0.0
[rubber-banding][guest-reconcile] time=50.866 frame=1394 room=23 world=5 authority=5 entity=2 hostTick=1940 ackTick=1940 lastRecordedTick=1946 replayLatestTick=1946 move=(126,-14) predictedBefore=(0.978, 0.986, -0.364) confirmed=(0.995, 1.089, -0.165) replayed=(0.963, 0.889, -0.496) visualBefore=(0.978, 0.986, -0.364) correction=(-0.015, -0.097, -0.132) distance=0.165 unresolved=5 replayedCount=5 nextVisualOffset=(0.015, 0.097, 0.132) mode=smooth rttMs=116.5 snapshotAgeMs=0.0
[rubber-banding][guest-reconcile] time=50.866 frame=1394 room=23 world=5 authority=5 entity=2 hostTick=1942 ackTick=1942 lastRecordedTick=1946 replayLatestTick=1946 move=(126,-14) predictedBefore=(0.963, 0.889, -0.496) confirmed=(0.980, 1.026, -0.297) replayed=(0.956, 0.832, -0.562) visualBefore=(0.963, 0.889, -0.496) correction=(-0.007, -0.057, -0.066) distance=0.087 unresolved=4 replayedCount=4 nextVisualOffset=(0.007, 0.057, 0.066) mode=smooth rttMs=116.5 snapshotAgeMs=0.0
[rubber-banding][guest-reconcile] time=51.082 frame=1414 room=23 world=5 authority=5 entity=2 hostTick=1950 ackTick=1950 lastRecordedTick=1956 replayLatestTick=1956 move=(126,-14) predictedBefore=(0.992, 0.279, -1.026) confirmed=(0.963, 0.549, -0.829) replayed=(1.005, 0.178, -1.092) visualBefore=(0.992, 0.279, -1.026) correction=(0.014, -0.101, -0.065) distance=0.121 unresolved=4 replayedCount=4 nextVisualOffset=(-0.014, 0.101, 0.065) mode=smooth rttMs=116.5 snapshotAgeMs=0.0
[rubber-banding][guest-reconcile] time=51.092 frame=1415 room=23 world=5 authority=5 entity=2 hostTick=1952 ackTick=1952 lastRecordedTick=1962 replayLatestTick=1962 move=(126,-14) predictedBefore=(1.171, 0.008, -1.235) confirmed=(0.978, 0.375, -0.961) replayed=(1.287, 0.008, -1.226) visualBefore=(1.158, 0.101, -1.175) correction=(0.116, 0.000, 0.009) distance=0.117 unresolved=8 replayedCount=8 nextVisualOffset=(-0.129, 0.093, 0.051) mode=smooth rttMs=116.5 snapshotAgeMs=0.0
[rubber-banding][guest-local-edge] time=51.163 room=23 world=5 authority=5 entity=2 eventId=10 kind=Jump stage=Captured relatedEventId=0 inputTick=0 pressed=None createdAt=-1.000000 firstSendRequestedAt=-1.000000 firstSendDelayMs=-1.000 desiredTick=0 assignedTick=0 lastResolvedAtCreate=0 estimatedHostTickAtCreate=0 clampReason=None
[rubber-banding][guest-reconcile] time=51.292 frame=1433 room=23 world=5 authority=5 entity=2 hostTick=1960 ackTick=1960 lastRecordedTick=1970 replayLatestTick=1970 move=(126,-14) predictedBefore=(1.749, 0.008, -1.265) confirmed=(1.287, 0.008, -1.226) replayed=(1.816, 0.008, -1.272) visualBefore=(1.749, 0.008, -1.265) correction=(0.066, 0.000, -0.007) distance=0.067 unresolved=8 replayedCount=8 nextVisualOffset=(-0.066, 0.000, 0.007) mode=smooth rttMs=116.5 snapshotAgeMs=0.0
[rubber-banding][guest-local-edge] time=51.293 room=23 world=5 authority=5 entity=2 eventId=10 kind=Jump stage=Attached relatedEventId=0 inputTick=1972 pressed=Jump createdAt=51.291640 firstSendRequestedAt=-1.000000 firstSendDelayMs=-1.000 desiredTick=1979 assignedTick=1972 lastResolvedAtCreate=1960 estimatedHostTickAtCreate=1973 clampReason=MaximumResolvedLead
[rubber-banding][guest-local-edge] time=51.293 room=23 world=5 authority=5 entity=2 eventId=10 kind=Jump stage=FirstSendRequested relatedEventId=0 inputTick=1972 pressed=Jump createdAt=51.291640 firstSendRequestedAt=51.291640 firstSendDelayMs=0.000 desiredTick=1979 assignedTick=1972 lastResolvedAtCreate=1960 estimatedHostTickAtCreate=1973 clampReason=MaximumResolvedLead
[rubber-banding][guest-reconcile] time=51.303 frame=1434 room=23 world=5 authority=5 entity=2 hostTick=1962 ackTick=1962 lastRecordedTick=1972 replayLatestTick=1972 move=(126,-14) predictedBefore=(1.948, 0.118, -1.287) confirmed=(1.419, 0.008, -1.228) replayed=(2.014, 0.118, -1.294) visualBefore=(1.887, 0.118, -1.280) correction=(0.066, 0.000, -0.007) distance=0.067 unresolved=9 replayedCount=9 nextVisualOffset=(-0.127, 0.000, 0.014) mode=smooth rttMs=116.5 snapshotAgeMs=0.0
[rubber-banding][guest-reconcile] time=51.303 frame=1434 room=23 world=5 authority=5 entity=2 hostTick=1966 ackTick=1966 lastRecordedTick=1972 replayLatestTick=1972 move=(126,-14) predictedBefore=(2.014, 0.118, -1.294) confirmed=(1.683, 0.008, -1.257) replayed=(2.080, 0.118, -1.301) visualBefore=(1.953, 0.118, -1.287) correction=(0.066, 0.000, -0.007) distance=0.067 unresolved=6 replayedCount=6 nextVisualOffset=(-0.127, 0.000, 0.014) mode=smooth rttMs=116.5 snapshotAgeMs=0.0
[rubber-banding][guest-reconcile] time=51.491 frame=1451 room=23 world=5 authority=5 entity=2 hostTick=1976 ackTick=1976 lastRecordedTick=1982 replayLatestTick=1982 move=(126,-14) predictedBefore=(2.543, 0.732, -1.353) confirmed=(2.345, 0.502, -1.331) replayed=(2.609, 0.797, -1.360) visualBefore=(2.543, 0.732, -1.353) correction=(0.066, 0.065, -0.007) distance=0.093 unresolved=4 replayedCount=4 nextVisualOffset=(-0.066, -0.065, 0.007) mode=smooth rttMs=116.5 snapshotAgeMs=0.0
[rubber-banding][guest-reconcile] time=51.491 frame=1451 room=23 world=5 authority=5 entity=2 hostTick=1978 ackTick=1978 lastRecordedTick=1982 replayLatestTick=1982 move=(126,-14) predictedBefore=(2.609, 0.797, -1.360) confirmed=(2.477, 0.661, -1.345) replayed=(2.742, 0.912, -1.375) visualBefore=(2.609, 0.797, -1.360) correction=(0.132, 0.114, -0.015) distance=0.175 unresolved=4 replayedCount=4 nextVisualOffset=(-0.132, -0.114, 0.015) mode=smooth rttMs=116.5 snapshotAgeMs=0.0
[rubber-banding][local-input] time=51.566 frame=1458 focused=1 host=0 room=23 world=5 authority=5 entity=2 windowMs=1002.9 updates=92 fixedCalls=51 commands=44 predictionSteps=44 noCommandUpdates=68 estimatedHostTick=1989 nextInputTick=1995 lastRecordedTick=1994 lastResolvedTick=1982 nextLead=6 recordedLead=5 unresolved=7 clamped=61 clampedTotal=631 batchesSent=656 commandsSent=3564 sendFailures=0 move=(0.99,-0.11) jump=0
[rubber-banding][remote-render] time=51.566 frame=1458 entity=1 latestHostTick=1982 buffer=8 windowMs=1002.9 fps=91.7 snapshots=31 arrivalSamples=31 arrivalAvgMs=32.1 arrivalP95Ms=199.2 arrivalMaxMs=216.5 sameArrival=23 tickGapMax=2 renderFrames=92 interpolation=21 extrapolation=71 extrapolationCapped=3 extrapolationMaxMs=163.5 oldestHeld=0 zeroSpan=90 movingFrozen=0 teleport=0 visualStepAvgCm=0.00 visualStepMaxCm=0.00 estimatedHostTick=1989 renderTick=1983.767 latestSnapshotTick=1982.000 renderMinusLatestTicks=1.767 estimatedMinusLatestTicks=7.000 sampleT=1.883
[rubber-banding][remote-render] time=51.566 frame=1458 entity=3 latestHostTick=1982 buffer=8 windowMs=1002.9 fps=91.7 snapshots=31 arrivalSamples=31 arrivalAvgMs=32.1 arrivalP95Ms=199.2 arrivalMaxMs=216.5 sameArrival=23 tickGapMax=2 renderFrames=92 interpolation=21 extrapolation=71 extrapolationCapped=3 extrapolationMaxMs=163.5 oldestHeld=0 zeroSpan=90 movingFrozen=0 teleport=0 visualStepAvgCm=0.00 visualStepMaxCm=0.00 estimatedHostTick=1989 renderTick=1983.767 latestSnapshotTick=1982.000 renderMinusLatestTicks=1.767 estimatedMinusLatestTicks=7.000 sampleT=1.883
[rubber-banding][remote-render] time=51.566 frame=1458 entity=4 latestHostTick=1982 buffer=8 windowMs=1002.9 fps=91.7 snapshots=31 arrivalSamples=31 arrivalAvgMs=32.1 arrivalP95Ms=199.2 arrivalMaxMs=216.5 sameArrival=23 tickGapMax=2 renderFrames=92 interpolation=21 extrapolation=71 extrapolationCapped=3 extrapolationMaxMs=163.5 oldestHeld=0 zeroSpan=90 movingFrozen=0 teleport=0 visualStepAvgCm=0.00 visualStepMaxCm=0.00 estimatedHostTick=1989 renderTick=1983.767 latestSnapshotTick=1982.000 renderMinusLatestTicks=1.767 estimatedMinusLatestTicks=7.000 sampleT=1.883
[rubber-banding][udp-pump] time=51.681 frame=1469 focused=1 windowMs=1001.8 fps=91.8 packets=25 socketAvgMs=32.5 socketP95Ms=200.7 socketMaxMs=215.7 pumpAvgMs=32.4 pumpP95Ms=199.2 pumpMaxMs=216.5 queueDelayAvgMs=3.7 queueDelayP95Ms=9.6 queueDelayMaxMs=9.9 samePump=18 pumpBatchMax=6 queueDepthMax=5 frameMaxMs=12.5
[rubber-banding][guest-reconcile] time=51.692 frame=1470 room=23 world=5 authority=5 entity=2 hostTick=1986 ackTick=1986 lastRecordedTick=1994 replayLatestTick=1994 move=(126,-14) predictedBefore=(3.205, 1.136, -1.426) confirmed=(3.006, 1.073, -1.404) replayed=(3.271, 1.146, -1.434) visualBefore=(3.205, 1.136, -1.426) correction=(0.066, 0.010, -0.007) distance=0.067 unresolved=4 replayedCount=4 nextVisualOffset=(-0.066, -0.010, 0.007) mode=smooth rttMs=116.5 snapshotAgeMs=0.0
[rubber-banding][guest-reconcile] time=51.692 frame=1470 room=23 world=5 authority=5 entity=2 hostTick=1988 ackTick=1988 lastRecordedTick=1994 replayLatestTick=1994 move=(126,-14) predictedBefore=(3.271, 1.146, -1.434) confirmed=(3.138, 1.121, -1.419) replayed=(3.403, 1.150, -1.448) visualBefore=(3.271, 1.146, -1.434) correction=(0.132, 0.003, -0.015) distance=0.133 unresolved=4 replayedCount=4 nextVisualOffset=(-0.132, -0.003, 0.015) mode=smooth rttMs=116.5 snapshotAgeMs=0.0
[rubber-banding][guest-reconcile] time=51.692 frame=1470 room=23 world=5 authority=5 entity=2 hostTick=1990 ackTick=1990 lastRecordedTick=1994 replayLatestTick=1994 move=(126,-14) predictedBefore=(3.403, 1.150, -1.448) confirmed=(3.271, 1.146, -1.434) replayed=(3.535, 1.130, -1.463) visualBefore=(3.403, 1.150, -1.448) correction=(0.132, -0.019, -0.015) distance=0.134 unresolved=4 replayedCount=4 nextVisualOffset=(-0.132, 0.019, 0.015) mode=smooth rttMs=116.5 snapshotAgeMs=0.0
[rubber-banding][guest-reconcile] time=51.927 frame=1492 room=23 world=5 authority=5 entity=2 hostTick=1998 ackTick=1998 lastRecordedTick=2006 replayLatestTick=2006 move=(126,-14) predictedBefore=(4.064, 0.832, -1.522) confirmed=(3.800, 1.026, -1.492) replayed=(4.131, 0.770, -1.529) visualBefore=(4.064, 0.832, -1.522) correction=(0.066, -0.062, -0.007) distance=0.091 unresolved=5 replayedCount=5 nextVisualOffset=(-0.066, 0.062, 0.007) mode=smooth rttMs=138.1 snapshotAgeMs=0.0
[rubber-banding][guest-reconcile] time=51.927 frame=1492 room=23 world=5 authority=5 entity=2 hostTick=2000 ackTick=2000 lastRecordedTick=2006 replayLatestTick=2006 move=(126,-14) predictedBefore=(4.131, 0.770, -1.529) confirmed=(3.932, 0.940, -1.507) replayed=(4.263, 0.628, -1.544) visualBefore=(4.131, 0.770, -1.529) correction=(0.132, -0.141, -0.015) distance=0.194 unresolved=5 replayedCount=5 nextVisualOffset=(-0.132, 0.141, 0.015) mode=smooth rttMs=138.1 snapshotAgeMs=0.0
[rubber-banding][guest-reconcile] time=51.927 frame=1492 room=23 world=5 authority=5 entity=2 hostTick=2002 ackTick=2002 lastRecordedTick=2006 replayLatestTick=2006 move=(126,-14) predictedBefore=(4.263, 0.628, -1.544) confirmed=(4.064, 0.832, -1.522) replayed=(4.329, 0.549, -1.551) visualBefore=(4.263, 0.628, -1.544) correction=(0.066, -0.079, -0.007) distance=0.103 unresolved=4 replayedCount=4 nextVisualOffset=(-0.066, 0.079, 0.007) mode=smooth rttMs=138.1 snapshotAgeMs=0.0
[rubber-banding][guest-local-edge] time=52.008 room=23 world=5 authority=5 entity=2 eventId=11 kind=Jump stage=Captured relatedEventId=0 inputTick=0 pressed=None createdAt=-1.000000 firstSendRequestedAt=-1.000000 firstSendDelayMs=-1.000 desiredTick=0 assignedTick=0 lastResolvedAtCreate=0 estimatedHostTickAtCreate=0 clampReason=None
[rubber-banding][guest-reconcile] time=52.142 frame=1512 room=23 world=5 authority=5 entity=2 hostTick=2010 ackTick=2010 lastRecordedTick=2020 replayLatestTick=2020 move=(-14,-126) predictedBefore=(4.722, 0.008, -1.617) confirmed=(4.593, 0.178, -1.587) replayed=(4.715, 0.008, -1.683) visualBefore=(4.722, 0.008, -1.617) correction=(-0.007, 0.000, -0.066) distance=0.067 unresolved=3 replayedCount=3 nextVisualOffset=(0.007, 0.000, 0.066) mode=smooth rttMs=138.1 snapshotAgeMs=0.0
[rubber-banding][guest-reconcile] time=52.142 frame=1512 room=23 world=5 authority=5 entity=2 hostTick=2012 ackTick=2012 lastRecordedTick=2020 replayLatestTick=2020 move=(-14,-126) predictedBefore=(4.715, 0.008, -1.683) confirmed=(4.723, 0.008, -1.615) replayed=(4.701, 0.008, -1.813) visualBefore=(4.715, 0.008, -1.683) correction=(-0.014, 0.000, -0.130) distance=0.131 unresolved=3 replayedCount=3 nextVisualOffset=(0.014, 0.000, 0.130) mode=smooth rttMs=138.1 snapshotAgeMs=0.0
[rubber-banding][guest-reconcile] time=52.142 frame=1512 room=23 world=5 authority=5 entity=2 hostTick=2014 ackTick=2014 lastRecordedTick=2020 replayLatestTick=2020 move=(-14,-126) predictedBefore=(4.701, 0.008, -1.813) confirmed=(4.820, 0.008, -1.636) replayed=(4.803, 0.008, -1.788) visualBefore=(4.701, 0.008, -1.813) correction=(0.103, 0.000, 0.026) distance=0.106 unresolved=3 replayedCount=3 nextVisualOffset=(-0.103, 0.000, -0.026) mode=smooth rttMs=138.1 snapshotAgeMs=0.0
[rubber-banding][guest-reconcile] time=52.142 frame=1512 room=23 world=5 authority=5 entity=2 hostTick=2016 ackTick=2016 lastRecordedTick=2020 replayLatestTick=2020 move=(-14,-126) predictedBefore=(4.803, 0.008, -1.788) confirmed=(4.874, 0.008, -1.647) replayed=(4.865, 0.008, -1.733) visualBefore=(4.803, 0.008, -1.788) correction=(0.061, 0.000, 0.055) distance=0.082 unresolved=3 replayedCount=3 nextVisualOffset=(-0.061, 0.000, -0.055) mode=smooth rttMs=138.1 snapshotAgeMs=0.0
[rubber-banding][guest-reconcile] time=52.142 frame=1512 room=23 world=5 authority=5 entity=2 hostTick=2018 ackTick=2018 lastRecordedTick=2020 replayLatestTick=2020 move=(-14,-126) predictedBefore=(4.865, 0.008, -1.733) confirmed=(4.884, 0.008, -1.664) replayed=(4.879, 0.008, -1.702) visualBefore=(4.865, 0.008, -1.733) correction=(0.014, 0.000, 0.031) distance=0.034 unresolved=2 replayedCount=2 nextVisualOffset=(-0.014, 0.000, -0.031) mode=smooth rttMs=138.1 snapshotAgeMs=0.0
[rubber-banding][guest-local-edge] time=52.144 room=23 world=5 authority=5 entity=2 eventId=11 kind=Jump stage=Attached relatedEventId=0 inputTick=2030 pressed=Jump createdAt=52.142220 firstSendRequestedAt=-1.000000 firstSendDelayMs=-1.000 desiredTick=2031 assignedTick=2030 lastResolvedAtCreate=2018 estimatedHostTickAtCreate=2024 clampReason=MaximumResolvedLead
[rubber-banding][guest-local-edge] time=52.144 room=23 world=5 authority=5 entity=2 eventId=11 kind=Jump stage=FirstSendRequested relatedEventId=0 inputTick=2030 pressed=Jump createdAt=52.142220 firstSendRequestedAt=52.142220 firstSendDelayMs=0.000 desiredTick=2031 assignedTick=2030 lastResolvedAtCreate=2018 estimatedHostTickAtCreate=2024 clampReason=MaximumResolvedLead
[rubber-banding][guest-reconcile] time=52.369 frame=1533 room=23 world=5 authority=5 entity=2 hostTick=2024 ackTick=2024 lastRecordedTick=2032 replayLatestTick=2032 move=(-14,-126) predictedBefore=(4.858, 0.321, -1.894) confirmed=(4.866, 0.008, -1.819) replayed=(4.853, 0.321, -1.938) visualBefore=(4.858, 0.321, -1.894) correction=(-0.005, 0.000, -0.044) distance=0.044 unresolved=3 replayedCount=3 nextVisualOffset=(0.005, 0.000, 0.044) mode=smooth rttMs=138.1 snapshotAgeMs=0.0
[rubber-banding][guest-reconcile] time=52.369 frame=1533 room=23 world=5 authority=5 entity=2 hostTick=2026 ackTick=2026 lastRecordedTick=2032 replayLatestTick=2032 move=(-14,-126) predictedBefore=(4.853, 0.321, -1.938) confirmed=(4.859, 0.008, -1.883) replayed=(4.849, 0.321, -1.978) visualBefore=(4.853, 0.321, -1.938) correction=(-0.005, 0.000, -0.041) distance=0.041 unresolved=3 replayedCount=3 nextVisualOffset=(0.005, 0.000, 0.041) mode=smooth rttMs=138.1 snapshotAgeMs=0.0
[rubber-banding][guest-reconcile] time=52.369 frame=1533 room=23 world=5 authority=5 entity=2 hostTick=2028 ackTick=2028 lastRecordedTick=2032 replayLatestTick=2032 move=(-14,-126) predictedBefore=(4.849, 0.321, -1.978) confirmed=(4.857, 0.008, -1.902) replayed=(4.854, 0.321, -1.932) visualBefore=(4.849, 0.321, -1.978) correction=(0.005, 0.000, 0.047) distance=0.047 unresolved=3 replayedCount=3 nextVisualOffset=(-0.005, 0.000, -0.047) mode=smooth rttMs=138.1 snapshotAgeMs=0.0
[rubber-banding][guest-reconcile] time=52.576 frame=1552 room=23 world=5 authority=5 entity=2 hostTick=2036 ackTick=2036 lastRecordedTick=2046 replayLatestTick=2046 move=(-126,14) predictedBefore=(4.801, 0.912, -2.019) confirmed=(4.850, 0.661, -1.965) replayed=(4.810, 0.960, -2.022) visualBefore=(4.801, 0.912, -2.019) correction=(0.009, 0.049, -0.004) distance=0.050 unresolved=5 replayedCount=5 nextVisualOffset=(-0.009, -0.049, 0.004) mode=smooth rttMs=138.1 snapshotAgeMs=0.0
[rubber-banding][local-input] time=52.576 frame=1552 focused=1 host=0 room=23 world=5 authority=5 entity=2 windowMs=1010.3 updates=94 fixedCalls=50 commands=30 predictionSteps=30 noCommandUpdates=82 estimatedHostTick=2050 nextInputTick=2057 lastRecordedTick=2048 lastResolvedTick=2036 nextLead=7 recordedLead=-2 unresolved=7 clamped=83 clampedTotal=714 batchesSent=687 commandsSent=3754 sendFailures=0 move=(-0.99,0.11) jump=0
[rubber-banding][remote-render] time=52.576 frame=1552 entity=1 latestHostTick=2036 buffer=8 windowMs=1010.3 fps=93.0 snapshots=27 arrivalSamples=27 arrivalAvgMs=40.2 arrivalP95Ms=216.0 arrivalMaxMs=222.6 sameArrival=18 tickGapMax=2 renderFrames=94 interpolation=11 extrapolation=83 extrapolationCapped=11 extrapolationMaxMs=191.0 oldestHeld=0 zeroSpan=54 movingFrozen=0 teleport=0 visualStepAvgCm=0.00 visualStepMaxCm=0.00 estimatedHostTick=2050 renderTick=2044.662 latestSnapshotTick=2036.000 renderMinusLatestTicks=8.662 estimatedMinusLatestTicks=14.000 sampleT=5.331
[rubber-banding][remote-render] time=52.576 frame=1552 entity=3 latestHostTick=2036 buffer=8 windowMs=1010.3 fps=93.0 snapshots=27 arrivalSamples=27 arrivalAvgMs=40.2 arrivalP95Ms=216.0 arrivalMaxMs=222.6 sameArrival=18 tickGapMax=2 renderFrames=94 interpolation=11 extrapolation=83 extrapolationCapped=11 extrapolationMaxMs=191.0 oldestHeld=0 zeroSpan=54 movingFrozen=0 teleport=0 visualStepAvgCm=0.00 visualStepMaxCm=0.00 estimatedHostTick=2050 renderTick=2044.662 latestSnapshotTick=2036.000 renderMinusLatestTicks=8.662 estimatedMinusLatestTicks=14.000 sampleT=5.331
[rubber-banding][remote-render] time=52.576 frame=1552 entity=4 latestHostTick=2036 buffer=8 windowMs=1010.3 fps=93.0 snapshots=27 arrivalSamples=27 arrivalAvgMs=40.2 arrivalP95Ms=216.0 arrivalMaxMs=222.6 sameArrival=18 tickGapMax=2 renderFrames=94 interpolation=11 extrapolation=83 extrapolationCapped=11 extrapolationMaxMs=191.0 oldestHeld=0 zeroSpan=54 movingFrozen=0 teleport=0 visualStepAvgCm=0.00 visualStepMaxCm=0.00 estimatedHostTick=2050 renderTick=2044.662 latestSnapshotTick=2036.000 renderMinusLatestTicks=8.662 estimatedMinusLatestTicks=14.000 sampleT=5.331
[rubber-banding][guest-reconcile] time=52.589 frame=1553 room=23 world=5 authority=5 entity=2 hostTick=2038 ackTick=2038 lastRecordedTick=2048 replayLatestTick=2048 move=(-126,14) predictedBefore=(4.779, 1.041, -2.043) confirmed=(4.847, 0.797, -1.990) replayed=(4.776, 1.100, -2.068) visualBefore=(4.771, 0.996, -2.040) correction=(-0.003, 0.059, -0.024) distance=0.064 unresolved=7 replayedCount=7 nextVisualOffset=(-0.006, -0.104, 0.028) mode=smooth rttMs=138.1 snapshotAgeMs=0.0
[rubber-banding][guest-reconcile] time=52.589 frame=1553 room=23 world=5 authority=5 entity=2 hostTick=2040 ackTick=2040 lastRecordedTick=2048 replayLatestTick=2048 move=(-126,14) predictedBefore=(4.776, 1.100, -2.068) confirmed=(4.845, 0.912, -2.014) replayed=(4.773, 1.136, -2.092) visualBefore=(4.768, 1.055, -2.064) correction=(-0.003, 0.036, -0.024) distance=0.044 unresolved=7 replayedCount=7 nextVisualOffset=(-0.006, -0.082, 0.028) mode=smooth rttMs=138.1 snapshotAgeMs=0.0
[rubber-banding][udp-pump] time=52.691 frame=1562 focused=1 windowMs=1009.4 fps=92.1 packets=32 socketAvgMs=34.2 socketP95Ms=219.9 socketMaxMs=223.3 pumpAvgMs=34.3 pumpP95Ms=216.0 pumpMaxMs=222.6 queueDelayAvgMs=4.4 queueDelayP95Ms=11.1 queueDelayMaxMs=11.5 samePump=22 pumpBatchMax=6 queueDepthMax=6 frameMaxMs=12.4
[rubber-banding][guest-reconcile] time=52.840 frame=1576 room=23 world=5 authority=5 entity=2 hostTick=2062 ackTick=2062 lastRecordedTick=2064 replayLatestTick=2064 move=(-126,14) predictedBefore=(4.305, 0.702, -2.224) confirmed=(4.312, 0.702, -2.225) replayed=(4.266, 0.628, -2.232) visualBefore=(4.305, 0.702, -2.224) correction=(-0.039, -0.073, -0.008) distance=0.083 unresolved=1 replayedCount=1 nextVisualOffset=(0.039, 0.073, 0.008) mode=smooth rttMs=12.4 snapshotAgeMs=0.0
[rubber-banding][guest-reconcile] time=53.037 frame=1594 room=23 world=5 authority=5 entity=2 hostTick=2064 ackTick=2064 lastRecordedTick=2074 replayLatestTick=2074 move=(-126,14) predictedBefore=(3.689, 0.008, -2.254) confirmed=(4.223, 0.549, -2.240) replayed=(3.644, 0.008, -2.249) visualBefore=(3.689, 0.008, -2.254) correction=(-0.045, 0.000, 0.005) distance=0.046 unresolved=10 replayedCount=10 nextVisualOffset=(0.045, 0.000, -0.005) mode=smooth rttMs=12.4 snapshotAgeMs=0.0
[rubber-banding][guest-local-edge] time=53.318 room=23 world=5 authority=5 entity=2 eventId=12 kind=Jump stage=Captured relatedEventId=0 inputTick=0 pressed=None createdAt=-1.000000 firstSendRequestedAt=-1.000000 firstSendDelayMs=-1.000 desiredTick=0 assignedTick=0 lastResolvedAtCreate=0 estimatedHostTickAtCreate=0 clampReason=None
[rubber-banding][guest-local-edge] time=53.318 room=23 world=5 authority=5 entity=2 eventId=12 kind=Jump stage=Attached relatedEventId=0 inputTick=2094 pressed=Jump createdAt=53.316400 firstSendRequestedAt=-1.000000 firstSendDelayMs=-1.000 desiredTick=2094 assignedTick=2094 lastResolvedAtCreate=2088 estimatedHostTickAtCreate=2091 clampReason=None
[rubber-banding][guest-local-edge] time=53.318 room=23 world=5 authority=5 entity=2 eventId=12 kind=Jump stage=FirstSendRequested relatedEventId=0 inputTick=2094 pressed=Jump createdAt=53.316400 firstSendRequestedAt=53.316400 firstSendDelayMs=0.000 desiredTick=2094 assignedTick=2094 lastResolvedAtCreate=2088 estimatedHostTickAtCreate=2091 clampReason=None
[rubber-banding][guest-reconcile] time=53.509 frame=1638 room=23 world=5 authority=5 entity=2 hostTick=2090 ackTick=2090 lastRecordedTick=2100 replayLatestTick=2100 move=(-14,-126) predictedBefore=(2.196, 0.661, -2.995) confirmed=(2.729, 0.008, -2.563) replayed=(2.215, 0.661, -2.980) visualBefore=(2.196, 0.661, -2.995) correction=(0.019, 0.000, 0.015) distance=0.024 unresolved=10 replayedCount=10 nextVisualOffset=(-0.019, 0.000, -0.015) mode=smooth rttMs=12.4 snapshotAgeMs=0.0
[rubber-banding][local-input] time=53.587 frame=1645 focused=1 host=0 room=23 world=5 authority=5 entity=2 windowMs=1010.3 updates=93 fixedCalls=51 commands=59 predictionSteps=59 noCommandUpdates=46 estimatedHostTick=2107 nextInputTick=2110 lastRecordedTick=2110 lastResolvedTick=2102 nextLead=3 recordedLead=3 unresolved=7 clamped=24 clampedTotal=738 batchesSent=718 commandsSent=3961 sendFailures=0 move=(-0.11,-0.99) jump=0
[rubber-banding][remote-render] time=53.587 frame=1645 entity=1 latestHostTick=2102 buffer=8 windowMs=1010.3 fps=92.0 snapshots=33 arrivalSamples=33 arrivalAvgMs=28.6 arrivalP95Ms=235.8 arrivalMaxMs=240.7 sameArrival=24 tickGapMax=2 renderFrames=93 interpolation=20 extrapolation=73 extrapolationCapped=11 extrapolationMaxMs=212.3 oldestHeld=0 zeroSpan=87 movingFrozen=0 teleport=0 visualStepAvgCm=0.00 visualStepMaxCm=0.00 estimatedHostTick=2107 renderTick=2103.260 latestSnapshotTick=2102.000 renderMinusLatestTicks=1.260 estimatedMinusLatestTicks=5.000 sampleT=1.630
[rubber-banding][remote-render] time=53.587 frame=1645 entity=3 latestHostTick=2102 buffer=8 windowMs=1010.3 fps=92.0 snapshots=33 arrivalSamples=33 arrivalAvgMs=28.6 arrivalP95Ms=235.8 arrivalMaxMs=240.7 sameArrival=24 tickGapMax=2 renderFrames=93 interpolation=20 extrapolation=73 extrapolationCapped=11 extrapolationMaxMs=212.3 oldestHeld=0 zeroSpan=87 movingFrozen=0 teleport=0 visualStepAvgCm=0.00 visualStepMaxCm=0.00 estimatedHostTick=2107 renderTick=2103.260 latestSnapshotTick=2102.000 renderMinusLatestTicks=1.260 estimatedMinusLatestTicks=5.000 sampleT=1.630
[rubber-banding][remote-render] time=53.587 frame=1645 entity=4 latestHostTick=2102 buffer=8 windowMs=1010.3 fps=92.0 snapshots=33 arrivalSamples=33 arrivalAvgMs=28.6 arrivalP95Ms=235.8 arrivalMaxMs=240.7 sameArrival=24 tickGapMax=2 renderFrames=93 interpolation=20 extrapolation=73 extrapolationCapped=11 extrapolationMaxMs=212.3 oldestHeld=0 zeroSpan=87 movingFrozen=0 teleport=0 visualStepAvgCm=0.00 visualStepMaxCm=0.00 estimatedHostTick=2107 renderTick=2103.260 latestSnapshotTick=2102.000 renderMinusLatestTicks=1.260 estimatedMinusLatestTicks=5.000 sampleT=1.630
[rubber-banding][udp-pump] time=53.693 frame=1655 focused=1 windowMs=1002.2 fps=92.8 packets=28 socketAvgMs=33.0 socketP95Ms=231.9 socketMaxMs=236.8 pumpAvgMs=33.3 pumpP95Ms=235.8 pumpMaxMs=240.7 queueDelayAvgMs=4.3 queueDelayP95Ms=9.6 queueDelayMaxMs=9.7 samePump=20 pumpBatchMax=6 queueDepthMax=5 frameMaxMs=11.6
[rubber-banding][guest-reconcile] time=53.716 frame=1657 room=23 world=5 authority=5 entity=2 hostTick=2104 ackTick=2104 lastRecordedTick=2114 replayLatestTick=2114 move=(-14,-126) predictedBefore=(1.641, 1.151, -3.626) confirmed=(2.019, 0.912, -3.160) replayed=(1.582, 1.150, -3.662) visualBefore=(1.641, 1.151, -3.626) correction=(-0.059, -0.001, -0.036) distance=0.069 unresolved=10 replayedCount=10 nextVisualOffset=(0.059, 0.001, 0.036) mode=smooth rttMs=12.4 snapshotAgeMs=0.0
[rubber-banding][guest-reconcile] time=53.938 frame=1678 room=23 world=5 authority=5 entity=2 hostTick=2118 ackTick=2118 lastRecordedTick=2128 replayLatestTick=2128 move=(-14,-126) predictedBefore=(1.296, 0.940, -4.112) confirmed=(1.432, 1.089, -3.883) replayed=(1.264, 0.889, -4.170) visualBefore=(1.296, 0.940, -4.112) correction=(-0.032, -0.051, -0.058) distance=0.084 unresolved=5 replayedCount=5 nextVisualOffset=(0.032, 0.051, 0.058) mode=smooth rttMs=129.1 snapshotAgeMs=0.0
[rubber-banding][guest-reconcile] time=53.938 frame=1678 room=23 world=5 authority=5 entity=2 hostTick=2120 ackTick=2120 lastRecordedTick=2128 replayLatestTick=2128 move=(-14,-126) predictedBefore=(1.264, 0.889, -4.170) confirmed=(1.362, 1.026, -3.996) replayed=(1.197, 0.770, -4.286) visualBefore=(1.264, 0.889, -4.170) correction=(-0.067, -0.119, -0.115) distance=0.179 unresolved=5 replayedCount=5 nextVisualOffset=(0.067, 0.119, 0.115) mode=smooth rttMs=129.1 snapshotAgeMs=0.0
[rubber-banding][guest-reconcile] time=53.938 frame=1678 room=23 world=5 authority=5 entity=2 hostTick=2122 ackTick=2122 lastRecordedTick=2128 replayLatestTick=2128 move=(-14,-126) predictedBefore=(1.197, 0.770, -4.286) confirmed=(1.291, 0.940, -4.109) replayed=(1.126, 0.628, -4.399) visualBefore=(1.197, 0.770, -4.286) correction=(-0.071, -0.141, -0.113) distance=0.194 unresolved=5 replayedCount=5 nextVisualOffset=(0.071, 0.141, 0.113) mode=smooth rttMs=129.1 snapshotAgeMs=0.0
[rubber-banding][guest-reconcile] time=53.938 frame=1678 room=23 world=5 authority=5 entity=2 hostTick=2124 ackTick=2124 lastRecordedTick=2128 replayLatestTick=2128 move=(-14,-126) predictedBefore=(1.126, 0.628, -4.399) confirmed=(1.221, 0.832, -4.223) replayed=(1.091, 0.549, -4.455) visualBefore=(1.126, 0.628, -4.399) correction=(-0.035, -0.079, -0.057) distance=0.103 unresolved=4 replayedCount=4 nextVisualOffset=(0.035, 0.079, 0.057) mode=smooth rttMs=129.1 snapshotAgeMs=0.0
[rubber-banding][guest-reconcile] time=54.179 frame=1700 room=23 world=5 authority=5 entity=2 hostTick=2132 ackTick=2132 lastRecordedTick=2142 replayLatestTick=2142 move=(-14,-126) predictedBefore=(0.901, 0.008, -4.947) confirmed=(0.972, 0.178, -4.694) replayed=(0.894, 0.008, -5.014) visualBefore=(0.901, 0.008, -4.947) correction=(-0.007, 0.000, -0.066) distance=0.067 unresolved=5 replayedCount=5 nextVisualOffset=(0.007, 0.000, 0.066) mode=smooth rttMs=129.1 snapshotAgeMs=0.0
[rubber-banding][guest-reconcile] time=54.179 frame=1700 room=23 world=5 authority=5 entity=2 hostTick=2134 ackTick=2134 lastRecordedTick=2142 replayLatestTick=2142 move=(-14,-126) predictedBefore=(0.894, 0.008, -5.014) confirmed=(0.915, 0.008, -4.815) replayed=(0.879, 0.008, -5.146) visualBefore=(0.894, 0.008, -5.014) correction=(-0.015, 0.000, -0.132) distance=0.133 unresolved=5 replayedCount=5 nextVisualOffset=(0.015, 0.000, 0.132) mode=smooth rttMs=129.1 snapshotAgeMs=0.0
[rubber-banding][guest-reconcile] time=54.179 frame=1700 room=23 world=5 authority=5 entity=2 hostTick=2136 ackTick=2136 lastRecordedTick=2142 replayLatestTick=2142 move=(-14,-126) predictedBefore=(0.879, 0.008, -5.146) confirmed=(0.873, 0.008, -4.905) replayed=(0.843, 0.008, -5.176) visualBefore=(0.879, 0.008, -5.146) correction=(-0.036, 0.000, -0.031) distance=0.047 unresolved=5 replayedCount=5 nextVisualOffset=(0.036, 0.000, 0.031) mode=smooth rttMs=129.1 snapshotAgeMs=0.0
[rubber-banding][guest-reconcile] time=54.179 frame=1700 room=23 world=5 authority=5 entity=2 hostTick=2138 ackTick=2138 lastRecordedTick=2142 replayLatestTick=2142 move=(-14,-126) predictedBefore=(0.843, 0.008, -5.176) confirmed=(0.855, 0.008, -4.972) replayed=(0.835, 0.008, -5.151) visualBefore=(0.843, 0.008, -5.176) correction=(-0.008, 0.000, 0.025) distance=0.026 unresolved=4 replayedCount=4 nextVisualOffset=(0.008, 0.000, -0.025) mode=smooth rttMs=129.1 snapshotAgeMs=0.0
[rubber-banding][guest-local-edge] time=54.204 room=23 world=5 authority=5 entity=2 eventId=13 kind=Jump stage=Captured relatedEventId=0 inputTick=0 pressed=None createdAt=-1.000000 firstSendRequestedAt=-1.000000 firstSendDelayMs=-1.000 desiredTick=0 assignedTick=0 lastResolvedAtCreate=0 estimatedHostTickAtCreate=0 clampReason=None
[rubber-banding][guest-local-edge] time=54.204 room=23 world=5 authority=5 entity=2 eventId=13 kind=Jump stage=Attached relatedEventId=0 inputTick=2154 pressed=Jump createdAt=54.202160 firstSendRequestedAt=-1.000000 firstSendDelayMs=-1.000 desiredTick=2154 assignedTick=2154 lastResolvedAtCreate=2142 estimatedHostTickAtCreate=2148 clampReason=None
[rubber-banding][guest-local-edge] time=54.204 room=23 world=5 authority=5 entity=2 eventId=13 kind=Jump stage=FirstSendRequested relatedEventId=0 inputTick=2154 pressed=Jump createdAt=54.202160 firstSendRequestedAt=54.202160 firstSendDelayMs=0.000 desiredTick=2154 assignedTick=2154 lastResolvedAtCreate=2142 estimatedHostTickAtCreate=2148 clampReason=None
[rubber-banding][guest-reconcile] time=54.379 frame=1718 room=23 world=5 authority=5 entity=2 hostTick=2144 ackTick=2144 lastRecordedTick=2154 replayLatestTick=2154 move=(-14,-126) predictedBefore=(0.795, 0.118, -5.515) confirmed=(0.826, 0.008, -5.232) replayed=(0.804, 0.118, -5.433) visualBefore=(0.795, 0.118, -5.515) correction=(0.009, 0.000, 0.083) distance=0.083 unresolved=4 replayedCount=4 nextVisualOffset=(-0.009, 0.000, -0.083) mode=smooth rttMs=129.1 snapshotAgeMs=0.0
[rubber-banding][guest-reconcile] time=54.388 frame=1719 room=23 world=5 authority=5 entity=2 hostTick=2146 ackTick=2146 lastRecordedTick=2156 replayLatestTick=2156 move=(-14,-126) predictedBefore=(0.791, 0.321, -5.550) confirmed=(0.816, 0.008, -5.326) replayed=(0.784, 0.321, -5.615) visualBefore=(0.782, 0.321, -5.626) correction=(-0.007, 0.000, -0.065) distance=0.066 unresolved=5 replayedCount=5 nextVisualOffset=(-0.001, 0.000, -0.011) mode=smooth rttMs=129.1 snapshotAgeMs=0.0
[rubber-banding][guest-reconcile] time=54.388 frame=1719 room=23 world=5 authority=5 entity=2 hostTick=2148 ackTick=2148 lastRecordedTick=2156 replayLatestTick=2156 move=(-14,-126) predictedBefore=(0.784, 0.321, -5.615) confirmed=(0.806, 0.008, -5.418) replayed=(0.778, 0.321, -5.669) visualBefore=(0.775, 0.321, -5.691) correction=(-0.006, 0.000, -0.054) distance=0.054 unresolved=5 replayedCount=5 nextVisualOffset=(-0.002, 0.000, -0.022) mode=smooth rttMs=129.1 snapshotAgeMs=0.0
[rubber-banding][guest-reconcile] time=54.388 frame=1719 room=23 world=5 authority=5 entity=2 hostTick=2150 ackTick=2150 lastRecordedTick=2156 replayLatestTick=2156 move=(-14,-126) predictedBefore=(0.778, 0.321, -5.669) confirmed=(0.800, 0.008, -5.467) replayed=(0.785, 0.321, -5.607) visualBefore=(0.769, 0.321, -5.745) correction=(0.007, 0.000, 0.062) distance=0.062 unresolved=5 replayedCount=5 nextVisualOffset=(-0.015, 0.000, -0.138) mode=smooth rttMs=129.1 snapshotAgeMs=0.0
[rubber-banding][guest-reconcile] time=54.388 frame=1719 room=23 world=5 authority=5 entity=2 hostTick=2152 ackTick=2152 lastRecordedTick=2156 replayLatestTick=2156 move=(-14,-126) predictedBefore=(0.785, 0.321, -5.607) confirmed=(0.798, 0.008, -5.486) replayed=(0.790, 0.321, -5.560) visualBefore=(0.776, 0.321, -5.684) correction=(0.005, 0.000, 0.047) distance=0.048 unresolved=4 replayedCount=4 nextVisualOffset=(-0.014, 0.000, -0.124) mode=smooth rttMs=129.1 snapshotAgeMs=0.0
[rubber-banding][local-input] time=54.587 frame=1737 focused=1 host=0 room=23 world=5 authority=5 entity=2 windowMs=1000.2 updates=92 fixedCalls=50 commands=35 predictionSteps=35 noCommandUpdates=72 estimatedHostTick=2171 nextInputTick=2177 lastRecordedTick=2168 lastResolvedTick=2156 nextLead=6 recordedLead=-3 unresolved=7 clamped=66 clampedTotal=804 batchesSent=749 commandsSent=4155 sendFailures=0 move=(-0.11,-0.99) jump=0
[rubber-banding][remote-render] time=54.587 frame=1737 entity=1 latestHostTick=2156 buffer=8 windowMs=1000.2 fps=92.0 snapshots=27 arrivalSamples=27 arrivalAvgMs=32.2 arrivalP95Ms=210.9 arrivalMaxMs=229.4 sameArrival=20 tickGapMax=2 renderFrames=92 interpolation=21 extrapolation=71 extrapolationCapped=4 extrapolationMaxMs=170.3 oldestHeld=0 zeroSpan=78 movingFrozen=0 teleport=0 visualStepAvgCm=0.00 visualStepMaxCm=0.00 estimatedHostTick=2171 renderTick=2164.771 latestSnapshotTick=2156.000 renderMinusLatestTicks=8.771 estimatedMinusLatestTicks=15.000 sampleT=5.385
[rubber-banding][remote-render] time=54.587 frame=1737 entity=3 latestHostTick=2156 buffer=8 windowMs=1000.2 fps=92.0 snapshots=27 arrivalSamples=27 arrivalAvgMs=32.2 arrivalP95Ms=210.9 arrivalMaxMs=229.4 sameArrival=20 tickGapMax=2 renderFrames=92 interpolation=21 extrapolation=71 extrapolationCapped=4 extrapolationMaxMs=170.3 oldestHeld=0 zeroSpan=78 movingFrozen=0 teleport=0 visualStepAvgCm=0.00 visualStepMaxCm=0.00 estimatedHostTick=2171 renderTick=2164.771 latestSnapshotTick=2156.000 renderMinusLatestTicks=8.771 estimatedMinusLatestTicks=15.000 sampleT=5.385
[rubber-banding][remote-render] time=54.587 frame=1737 entity=4 latestHostTick=2156 buffer=8 windowMs=1000.2 fps=92.0 snapshots=27 arrivalSamples=27 arrivalAvgMs=32.2 arrivalP95Ms=210.9 arrivalMaxMs=229.4 sameArrival=20 tickGapMax=2 renderFrames=92 interpolation=21 extrapolation=71 extrapolationCapped=4 extrapolationMaxMs=170.3 oldestHeld=0 zeroSpan=78 movingFrozen=0 teleport=0 visualStepAvgCm=0.00 visualStepMaxCm=0.00 estimatedHostTick=2171 renderTick=2164.771 latestSnapshotTick=2156.000 renderMinusLatestTicks=8.771 estimatedMinusLatestTicks=15.000 sampleT=5.385
[rubber-banding][guest-reconcile] time=54.598 frame=1738 room=23 world=5 authority=5 entity=2 hostTick=2160 ackTick=2160 lastRecordedTick=2168 replayLatestTick=2168 move=(-14,-126) predictedBefore=(0.766, 0.857, -5.776) confirmed=(0.778, 0.661, -5.670) replayed=(0.761, 0.912, -5.816) visualBefore=(0.766, 0.857, -5.776) correction=(-0.004, 0.054, -0.040) distance=0.067 unresolved=4 replayedCount=4 nextVisualOffset=(0.004, -0.054, 0.040) mode=smooth rttMs=129.1 snapshotAgeMs=0.0
[rubber-banding][guest-reconcile] time=54.598 frame=1738 room=23 world=5 authority=5 entity=2 hostTick=2162 ackTick=2162 lastRecordedTick=2168 replayLatestTick=2168 move=(-14,-126) predictedBefore=(0.761, 0.912, -5.816) confirmed=(0.770, 0.797, -5.736) replayed=(0.753, 1.004, -5.891) visualBefore=(0.761, 0.912, -5.816) correction=(-0.008, 0.092, -0.075) distance=0.119 unresolved=4 replayedCount=4 nextVisualOffset=(0.008, -0.092, 0.075) mode=smooth rttMs=129.1 snapshotAgeMs=0.0
[rubber-banding][guest-reconcile] time=54.598 frame=1738 room=23 world=5 authority=5 entity=2 hostTick=2164 ackTick=2164 lastRecordedTick=2168 replayLatestTick=2168 move=(-14,-126) predictedBefore=(0.753, 1.004, -5.891) confirmed=(0.763, 0.912, -5.803) replayed=(0.746, 1.073, -5.957) visualBefore=(0.753, 1.004, -5.891) correction=(-0.007, 0.070, -0.066) distance=0.097 unresolved=4 replayedCount=4 nextVisualOffset=(0.007, -0.070, 0.066) mode=smooth rttMs=129.1 snapshotAgeMs=0.0
[rubber-banding][udp-pump] time=54.700 frame=1747 focused=1 windowMs=1006.9 fps=91.4 packets=33 socketAvgMs=32.9 socketP95Ms=213.6 socketMaxMs=230.7 pumpAvgMs=32.6 pumpP95Ms=210.9 pumpMaxMs=229.4 queueDelayAvgMs=5.2 queueDelayP95Ms=11.2 queueDelayMaxMs=13.0 samePump=25 pumpBatchMax=6 queueDepthMax=7 frameMaxMs=12.0
[rubber-banding][guest-local-edge] time=55.140 room=23 world=5 authority=5 entity=2 eventId=14 kind=Jump stage=Captured relatedEventId=0 inputTick=0 pressed=None createdAt=-1.000000 firstSendRequestedAt=-1.000000 firstSendDelayMs=-1.000 desiredTick=0 assignedTick=0 lastResolvedAtCreate=0 estimatedHostTickAtCreate=0 clampReason=None
[rubber-banding][guest-local-edge] time=55.150 room=23 world=5 authority=5 entity=2 eventId=14 kind=Jump stage=Attached relatedEventId=0 inputTick=2204 pressed=Jump createdAt=55.149440 firstSendRequestedAt=-1.000000 firstSendDelayMs=-1.000 desiredTick=2204 assignedTick=2204 lastResolvedAtCreate=2194 estimatedHostTickAtCreate=2201 clampReason=None
[rubber-banding][guest-local-edge] time=55.151 room=23 world=5 authority=5 entity=2 eventId=14 kind=Jump stage=FirstSendRequested relatedEventId=0 inputTick=2204 pressed=Jump createdAt=55.149440 firstSendRequestedAt=55.149440 firstSendDelayMs=0.000 desiredTick=2204 assignedTick=2204 lastResolvedAtCreate=2194 estimatedHostTickAtCreate=2201 clampReason=None
[rubber-banding][guest-reconcile] time=55.264 frame=1799 room=23 world=5 authority=5 entity=2 hostTick=2196 ackTick=2196 lastRecordedTick=2206 replayLatestTick=2206 move=(14,126) predictedBefore=(1.542, 0.321, -6.766) confirmed=(1.298, 0.008, -7.264) replayed=(1.594, 0.321, -6.724) visualBefore=(1.542, 0.321, -6.766) correction=(0.052, 0.000, 0.042) distance=0.067 unresolved=10 replayedCount=10 nextVisualOffset=(-0.052, 0.000, -0.042) mode=smooth rttMs=10.7 snapshotAgeMs=0.0
[rubber-banding][local-input] time=55.592 frame=1829 focused=1 host=0 room=23 world=5 authority=5 entity=2 windowMs=1005.7 updates=92 fixedCalls=50 commands=62 predictionSteps=62 noCommandUpdates=43 estimatedHostTick=2228 nextInputTick=2231 lastRecordedTick=2231 lastResolvedTick=2220 nextLead=3 recordedLead=3 unresolved=11 clamped=20 clampedTotal=824 batchesSent=780 commandsSent=4369 sendFailures=0 move=(0.11,0.99) jump=0
[rubber-banding][remote-render] time=55.592 frame=1829 entity=1 latestHostTick=2220 buffer=8 windowMs=1005.7 fps=91.5 snapshots=32 arrivalSamples=32 arrivalAvgMs=34.5 arrivalP95Ms=225.0 arrivalMaxMs=228.2 sameArrival=23 tickGapMax=2 renderFrames=92 interpolation=24 extrapolation=68 extrapolationCapped=3 extrapolationMaxMs=161.3 oldestHeld=0 zeroSpan=71 movingFrozen=0 teleport=0 visualStepAvgCm=0.00 visualStepMaxCm=0.00 estimatedHostTick=2228 renderTick=2223.620 latestSnapshotTick=2220.000 renderMinusLatestTicks=3.620 estimatedMinusLatestTicks=8.000 sampleT=2.810
[rubber-banding][remote-render] time=55.592 frame=1829 entity=3 latestHostTick=2220 buffer=8 windowMs=1005.7 fps=91.5 snapshots=32 arrivalSamples=32 arrivalAvgMs=34.5 arrivalP95Ms=225.0 arrivalMaxMs=228.2 sameArrival=23 tickGapMax=2 renderFrames=92 interpolation=24 extrapolation=68 extrapolationCapped=3 extrapolationMaxMs=161.3 oldestHeld=0 zeroSpan=71 movingFrozen=0 teleport=0 visualStepAvgCm=0.00 visualStepMaxCm=0.00 estimatedHostTick=2228 renderTick=2223.620 latestSnapshotTick=2220.000 renderMinusLatestTicks=3.620 estimatedMinusLatestTicks=8.000 sampleT=2.810
[rubber-banding][remote-render] time=55.592 frame=1829 entity=4 latestHostTick=2220 buffer=8 windowMs=1005.7 fps=91.5 snapshots=32 arrivalSamples=32 arrivalAvgMs=34.5 arrivalP95Ms=225.0 arrivalMaxMs=228.2 sameArrival=23 tickGapMax=2 renderFrames=92 interpolation=24 extrapolation=68 extrapolationCapped=3 extrapolationMaxMs=161.3 oldestHeld=0 zeroSpan=71 movingFrozen=0 teleport=0 visualStepAvgCm=0.00 visualStepMaxCm=0.00 estimatedHostTick=2228 renderTick=2223.620 latestSnapshotTick=2220.000 renderMinusLatestTicks=3.620 estimatedMinusLatestTicks=8.000 sampleT=2.810
[rubber-banding][udp-pump] time=55.700 frame=1839 focused=1 windowMs=1000.3 fps=92.0 packets=26 socketAvgMs=34.2 socketP95Ms=225.9 socketMaxMs=230.5 pumpAvgMs=34.5 pumpP95Ms=225.0 pumpMaxMs=228.2 queueDelayAvgMs=4.9 queueDelayP95Ms=9.8 queueDelayMaxMs=10.6 samePump=18 pumpBatchMax=6 queueDepthMax=6 frameMaxMs=12.5
[rubber-banding][guest-reconcile] time=55.711 frame=1840 room=23 world=5 authority=5 entity=2 hostTick=2234 ackTick=2234 lastRecordedTick=2232 replayLatestTick=0 move=(0,0) predictedBefore=(1.785, 0.940, -5.004) confirmed=(1.800, 0.832, -4.872) replayed=(1.800, 0.832, -4.872) visualBefore=(1.785, 0.940, -5.004) correction=(0.015, -0.108, 0.132) distance=0.171 unresolved=0 replayedCount=0 nextVisualOffset=(-0.015, 0.108, -0.132) mode=smooth rttMs=10.7 snapshotAgeMs=0.0
[rubber-banding][guest-reconcile] time=55.931 frame=1860 room=23 world=5 authority=5 entity=2 hostTick=2238 ackTick=2238 lastRecordedTick=2248 replayLatestTick=2248 move=(14,126) predictedBefore=(1.858, 0.178, -4.343) confirmed=(1.829, 0.549, -4.607) replayed=(1.866, 0.071, -4.276) visualBefore=(1.858, 0.178, -4.343) correction=(0.007, -0.107, 0.066) distance=0.126 unresolved=5 replayedCount=5 nextVisualOffset=(-0.007, 0.107, -0.066) mode=smooth rttMs=118.5 snapshotAgeMs=0.0
[rubber-banding][guest-reconcile] time=55.931 frame=1860 room=23 world=5 authority=5 entity=2 hostTick=2240 ackTick=2240 lastRecordedTick=2248 replayLatestTick=2248 move=(14,126) predictedBefore=(1.866, 0.071, -4.276) confirmed=(1.844, 0.375, -4.475) replayed=(1.881, 0.008, -4.144) visualBefore=(1.866, 0.071, -4.276) correction=(0.015, -0.063, 0.132) distance=0.147 unresolved=5 replayedCount=5 nextVisualOffset=(-0.015, 0.063, -0.132) mode=smooth rttMs=118.5 snapshotAgeMs=0.0
[rubber-banding][guest-reconcile] time=55.931 frame=1860 room=23 world=5 authority=5 entity=2 hostTick=2242 ackTick=2242 lastRecordedTick=2248 replayLatestTick=2248 move=(14,126) predictedBefore=(1.881, 0.008, -4.144) confirmed=(1.858, 0.178, -4.343) replayed=(1.895, 0.008, -4.012) visualBefore=(1.881, 0.008, -4.144) correction=(0.015, 0.000, 0.132) distance=0.133 unresolved=5 replayedCount=5 nextVisualOffset=(-0.015, 0.000, -0.132) mode=smooth rttMs=118.5 snapshotAgeMs=0.0
[rubber-banding][guest-reconcile] time=55.931 frame=1860 room=23 world=5 authority=5 entity=2 hostTick=2244 ackTick=2244 lastRecordedTick=2248 replayLatestTick=2248 move=(14,126) predictedBefore=(1.895, 0.008, -4.012) confirmed=(1.873, 0.008, -4.210) replayed=(1.903, 0.008, -3.946) visualBefore=(1.895, 0.008, -4.012) correction=(0.007, 0.000, 0.066) distance=0.067 unresolved=4 replayedCount=4 nextVisualOffset=(-0.007, 0.000, -0.066) mode=smooth rttMs=118.5 snapshotAgeMs=0.0
[rubber-banding][guest-reconcile] time=56.153 frame=1880 room=23 world=5 authority=5 entity=2 hostTick=2252 ackTick=2252 lastRecordedTick=2260 replayLatestTick=2260 move=(14,126) predictedBefore=(1.954, 0.008, -3.483) confirmed=(1.932, 0.008, -3.681) replayed=(1.961, 0.008, -3.417) visualBefore=(1.954, 0.008, -3.483) correction=(0.007, 0.000, 0.066) distance=0.067 unresolved=4 replayedCount=4 nextVisualOffset=(-0.007, 0.000, -0.066) mode=smooth rttMs=118.5 snapshotAgeMs=0.0
[rubber-banding][guest-reconcile] time=56.153 frame=1880 room=23 world=5 authority=5 entity=2 hostTick=2254 ackTick=2254 lastRecordedTick=2260 replayLatestTick=2260 move=(14,126) predictedBefore=(1.961, 0.008, -3.417) confirmed=(1.945, 0.008, -3.560) replayed=(1.973, 0.008, -3.309) visualBefore=(1.961, 0.008, -3.417) correction=(0.012, 0.000, 0.108) distance=0.109 unresolved=4 replayedCount=4 nextVisualOffset=(-0.012, 0.000, -0.108) mode=smooth rttMs=118.5 snapshotAgeMs=0.0
[rubber-banding][guest-local-edge] time=56.167 room=23 world=5 authority=5 entity=2 eventId=15 kind=Jump stage=Captured relatedEventId=0 inputTick=0 pressed=None createdAt=-1.000000 firstSendRequestedAt=-1.000000 firstSendDelayMs=-1.000 desiredTick=0 assignedTick=0 lastResolvedAtCreate=0 estimatedHostTickAtCreate=0 clampReason=None
[rubber-banding][guest-local-edge] time=56.177 room=23 world=5 authority=5 entity=2 eventId=15 kind=Jump stage=Attached relatedEventId=0 inputTick=2272 pressed=Jump createdAt=56.176280 firstSendRequestedAt=-1.000000 firstSendDelayMs=-1.000 desiredTick=2272 assignedTick=2272 lastResolvedAtCreate=2262 estimatedHostTickAtCreate=2266 clampReason=None
[rubber-banding][guest-local-edge] time=56.177 room=23 world=5 authority=5 entity=2 eventId=15 kind=Jump stage=FirstSendRequested relatedEventId=0 inputTick=2272 pressed=Jump createdAt=56.176280 firstSendRequestedAt=56.176280 firstSendDelayMs=0.000 desiredTick=2272 assignedTick=2272 lastResolvedAtCreate=2262 estimatedHostTickAtCreate=2266 clampReason=None
[rubber-banding][guest-reconcile] time=56.377 frame=1901 room=23 world=5 authority=5 entity=2 hostTick=2264 ackTick=2264 lastRecordedTick=2274 replayLatestTick=2274 move=(14,126) predictedBefore=(2.018, 0.321, -2.905) confirmed=(1.997, 0.008, -3.099) replayed=(2.026, 0.321, -2.838) visualBefore=(2.018, 0.321, -2.905) correction=(0.007, 0.000, 0.067) distance=0.068 unresolved=4 replayedCount=4 nextVisualOffset=(-0.007, 0.000, -0.067) mode=smooth rttMs=118.5 snapshotAgeMs=0.0
[rubber-banding][guest-reconcile] time=56.389 frame=1902 room=23 world=5 authority=5 entity=2 hostTick=2266 ackTick=2266 lastRecordedTick=2276 replayLatestTick=2276 move=(14,126) predictedBefore=(2.040, 0.502, -2.706) confirmed=(2.009, 0.008, -2.985) replayed=(2.050, 0.502, -2.617) visualBefore=(2.033, 0.502, -2.768) correction=(0.010, 0.000, 0.089) distance=0.090 unresolved=6 replayedCount=6 nextVisualOffset=(-0.017, 0.000, -0.152) mode=smooth rttMs=118.5 snapshotAgeMs=0.0
[rubber-banding][guest-reconcile] time=56.389 frame=1902 room=23 world=5 authority=5 entity=2 hostTick=2268 ackTick=2268 lastRecordedTick=2276 replayLatestTick=2276 move=(14,126) predictedBefore=(2.050, 0.502, -2.617) confirmed=(2.017, 0.008, -2.914) replayed=(2.043, 0.502, -2.678) visualBefore=(2.043, 0.502, -2.679) correction=(-0.007, 0.000, -0.061) distance=0.061 unresolved=6 replayedCount=6 nextVisualOffset=(0.000, 0.000, -0.002) mode=smooth rttMs=118.5 snapshotAgeMs=0.0
[rubber-banding][guest-reconcile] time=56.389 frame=1902 room=23 world=5 authority=5 entity=2 hostTick=2270 ackTick=2270 lastRecordedTick=2276 replayLatestTick=2276 move=(14,126) predictedBefore=(2.043, 0.502, -2.678) confirmed=(2.020, 0.008, -2.888) replayed=(2.032, 0.502, -2.784) visualBefore=(2.037, 0.502, -2.740) correction=(-0.012, 0.000, -0.106) distance=0.107 unresolved=6 replayedCount=6 nextVisualOffset=(0.005, 0.000, 0.044) mode=smooth rttMs=118.5 snapshotAgeMs=0.0
[rubber-banding][local-input] time=56.599 frame=1921 focused=1 host=0 room=23 world=5 authority=5 entity=2 windowMs=1006.1 updates=92 fixedCalls=50 commands=30 predictionSteps=30 noCommandUpdates=76 estimatedHostTick=2291 nextInputTick=2297 lastRecordedTick=2286 lastResolvedTick=2274 nextLead=6 recordedLead=-5 unresolved=7 clamped=71 clampedTotal=895 batchesSent=810 commandsSent=4556 sendFailures=0 move=(0.11,0.99) jump=0
[rubber-banding][remote-render] time=56.599 frame=1921 entity=1 latestHostTick=2274 buffer=8 windowMs=1006.1 fps=91.4 snapshots=27 arrivalSamples=27 arrivalAvgMs=33.1 arrivalP95Ms=217.0 arrivalMaxMs=221.5 sameArrival=20 tickGapMax=2 renderFrames=92 interpolation=19 extrapolation=73 extrapolationCapped=8 extrapolationMaxMs=192.2 oldestHeld=0 zeroSpan=72 movingFrozen=0 teleport=0 visualStepAvgCm=0.00 visualStepMaxCm=0.00 estimatedHostTick=2291 renderTick=2285.534 latestSnapshotTick=2274.000 renderMinusLatestTicks=11.534 estimatedMinusLatestTicks=17.000 sampleT=6.767
[rubber-banding][remote-render] time=56.599 frame=1921 entity=3 latestHostTick=2274 buffer=8 windowMs=1006.1 fps=91.4 snapshots=27 arrivalSamples=27 arrivalAvgMs=33.1 arrivalP95Ms=217.0 arrivalMaxMs=221.5 sameArrival=20 tickGapMax=2 renderFrames=92 interpolation=19 extrapolation=73 extrapolationCapped=8 extrapolationMaxMs=192.2 oldestHeld=0 zeroSpan=72 movingFrozen=0 teleport=0 visualStepAvgCm=0.00 visualStepMaxCm=0.00 estimatedHostTick=2291 renderTick=2285.534 latestSnapshotTick=2274.000 renderMinusLatestTicks=11.534 estimatedMinusLatestTicks=17.000 sampleT=6.767
[rubber-banding][remote-render] time=56.599 frame=1921 entity=4 latestHostTick=2274 buffer=8 windowMs=1006.1 fps=91.4 snapshots=27 arrivalSamples=27 arrivalAvgMs=33.1 arrivalP95Ms=217.0 arrivalMaxMs=221.5 sameArrival=20 tickGapMax=2 renderFrames=92 interpolation=19 extrapolation=73 extrapolationCapped=8 extrapolationMaxMs=192.2 oldestHeld=0 zeroSpan=72 movingFrozen=0 teleport=0 visualStepAvgCm=0.00 visualStepMaxCm=0.00 estimatedHostTick=2291 renderTick=2285.534 latestSnapshotTick=2274.000 renderMinusLatestTicks=11.534 estimatedMinusLatestTicks=17.000 sampleT=6.767
[rubber-banding][guest-reconcile] time=56.614 frame=1922 room=23 world=5 authority=5 entity=2 hostTick=2280 ackTick=2280 lastRecordedTick=2286 replayLatestTick=2286 move=(14,126) predictedBefore=(2.048, 0.857, -2.635) confirmed=(2.044, 0.797, -2.669) replayed=(2.052, 0.912, -2.599) visualBefore=(2.048, 0.857, -2.635) correction=(0.004, 0.054, 0.036) distance=0.066 unresolved=2 replayedCount=2 nextVisualOffset=(-0.004, -0.054, -0.036) mode=smooth rttMs=118.5 snapshotAgeMs=0.0
[rubber-banding][guest-reconcile] time=56.614 frame=1922 room=23 world=5 authority=5 entity=2 hostTick=2282 ackTick=2282 lastRecordedTick=2286 replayLatestTick=2286 move=(14,126) predictedBefore=(2.052, 0.912, -2.599) confirmed=(2.052, 0.912, -2.601) replayed=(2.060, 1.004, -2.526) visualBefore=(2.052, 0.912, -2.599) correction=(0.008, 0.092, 0.073) distance=0.118 unresolved=2 replayedCount=2 nextVisualOffset=(-0.008, -0.092, -0.073) mode=smooth rttMs=118.5 snapshotAgeMs=0.0
[rubber-banding][guest-reconcile] time=56.614 frame=1922 room=23 world=5 authority=5 entity=2 hostTick=2284 ackTick=2284 lastRecordedTick=2286 replayLatestTick=2286 move=(14,126) predictedBefore=(2.060, 1.004, -2.526) confirmed=(2.060, 1.004, -2.533) replayed=(2.068, 1.073, -2.458) visualBefore=(2.060, 1.004, -2.526) correction=(0.008, 0.070, 0.068) distance=0.098 unresolved=2 replayedCount=2 nextVisualOffset=(-0.008, -0.070, -0.068) mode=smooth rttMs=118.5 snapshotAgeMs=0.0
[rubber-banding][guest-reconcile] time=56.614 frame=1922 room=23 world=5 authority=5 entity=2 hostTick=2288 ackTick=2288 lastRecordedTick=2286 replayLatestTick=0 move=(0,0) predictedBefore=(2.068, 1.073, -2.458) confirmed=(2.077, 1.121, -2.374) replayed=(2.077, 1.121, -2.374) visualBefore=(2.068, 1.073, -2.458) correction=(0.009, 0.048, 0.084) distance=0.097 unresolved=0 replayedCount=0 nextVisualOffset=(-0.009, -0.048, -0.084) mode=smooth rttMs=118.5 snapshotAgeMs=0.0
[rubber-banding][udp-pump] time=56.703 frame=1930 focused=1 windowMs=1002.5 fps=90.8 packets=34 socketAvgMs=33.2 socketP95Ms=216.6 socketMaxMs=222.6 pumpAvgMs=32.9 pumpP95Ms=221.5 pumpMaxMs=225.4 queueDelayAvgMs=5.3 queueDelayP95Ms=11.8 queueDelayMaxMs=13.0 samePump=26 pumpBatchMax=7 queueDepthMax=8 frameMaxMs=15.5
[rubber-banding][guest-reconcile] time=56.799 frame=1939 room=23 world=5 authority=5 entity=2 hostTick=2290 ackTick=2290 lastRecordedTick=2300 replayLatestTick=2300 move=(14,126) predictedBefore=(2.153, 0.940, -1.691) confirmed=(2.087, 1.146, -2.286) replayed=(2.150, 0.940, -1.714) visualBefore=(2.153, 0.940, -1.691) correction=(-0.003, 0.000, -0.023) distance=0.023 unresolved=10 replayedCount=10 nextVisualOffset=(0.003, 0.000, 0.023) mode=smooth rttMs=15.5 snapshotAgeMs=0.0
[rubber-banding][guest-local-edge] time=57.177 room=23 world=5 authority=5 entity=2 eventId=16 kind=Jump stage=Captured relatedEventId=0 inputTick=0 pressed=None createdAt=-1.000000 firstSendRequestedAt=-1.000000 firstSendDelayMs=-1.000 desiredTick=0 assignedTick=0 lastResolvedAtCreate=0 estimatedHostTickAtCreate=0 clampReason=None
[rubber-banding][guest-local-edge] time=57.178 room=23 world=5 authority=5 entity=2 eventId=16 kind=Jump stage=Attached relatedEventId=0 inputTick=2326 pressed=Jump createdAt=57.175560 firstSendRequestedAt=-1.000000 firstSendDelayMs=-1.000 desiredTick=2326 assignedTick=2326 lastResolvedAtCreate=2314 estimatedHostTickAtCreate=2323 clampReason=None
[rubber-banding][guest-local-edge] time=57.178 room=23 world=5 authority=5 entity=2 eventId=16 kind=Jump stage=FirstSendRequested relatedEventId=0 inputTick=2326 pressed=Jump createdAt=57.175560 firstSendRequestedAt=57.175560 firstSendDelayMs=0.000 desiredTick=2326 assignedTick=2326 lastResolvedAtCreate=2314 estimatedHostTickAtCreate=2323 clampReason=None
[rubber-banding][guest-reconcile] time=57.242 frame=1979 room=23 world=5 authority=5 entity=2 hostTick=2316 ackTick=2316 lastRecordedTick=2326 replayLatestTick=2326 move=(14,126) predictedBefore=(2.334, 0.118, -0.061) confirmed=(2.268, 0.008, -0.656) replayed=(2.342, 0.118, 0.005) visualBefore=(2.334, 0.118, -0.061) correction=(0.007, 0.000, 0.066) distance=0.067 unresolved=10 replayedCount=10 nextVisualOffset=(-0.007, 0.000, -0.066) mode=smooth rttMs=15.5 snapshotAgeMs=0.0
[rubber-banding][guest-reconcile] time=57.492 frame=2002 room=23 world=5 authority=5 entity=2 hostTick=2340 ackTick=2340 lastRecordedTick=2338 replayLatestTick=0 move=(0,0) predictedBefore=(2.430, 1.004, 0.799) confirmed=(2.444, 1.073, 0.931) replayed=(2.444, 1.073, 0.931) visualBefore=(2.430, 1.004, 0.799) correction=(0.015, 0.070, 0.132) distance=0.150 unresolved=0 replayedCount=0 nextVisualOffset=(-0.015, -0.070, -0.132) mode=smooth rttMs=15.5 snapshotAgeMs=0.0
[rubber-banding][guest-reconcile] time=57.492 frame=2002 room=23 world=5 authority=5 entity=2 hostTick=2342 ackTick=2342 lastRecordedTick=2338 replayLatestTick=0 move=(0,0) predictedBefore=(2.444, 1.073, 0.931) confirmed=(2.459, 1.121, 1.064) replayed=(2.459, 1.121, 1.064) visualBefore=(2.444, 1.073, 0.931) correction=(0.015, 0.048, 0.132) distance=0.141 unresolved=0 replayedCount=0 nextVisualOffset=(-0.015, -0.048, -0.132) mode=smooth rttMs=15.5 snapshotAgeMs=0.0
[rubber-banding][local-input] time=57.600 frame=2012 focused=1 host=0 room=23 world=5 authority=5 entity=2 windowMs=1001.3 updates=91 fixedCalls=50 commands=58 predictionSteps=58 noCommandUpdates=46 estimatedHostTick=2348 nextInputTick=2351 lastRecordedTick=2351 lastResolvedTick=2342 nextLead=3 recordedLead=3 unresolved=9 clamped=22 clampedTotal=917 batchesSent=840 commandsSent=4761 sendFailures=0 move=(0.11,0.99) jump=0
[rubber-banding][remote-render] time=57.600 frame=2012 entity=1 latestHostTick=2342 buffer=8 windowMs=1001.3 fps=90.9 snapshots=34 arrivalSamples=34 arrivalAvgMs=32.4 arrivalP95Ms=225.4 arrivalMaxMs=238.6 sameArrival=26 tickGapMax=2 renderFrames=91 interpolation=24 extrapolation=67 extrapolationCapped=6 extrapolationMaxMs=184.2 oldestHeld=0 zeroSpan=73 movingFrozen=0 teleport=0 visualStepAvgCm=0.00 visualStepMaxCm=0.00 estimatedHostTick=2348 renderTick=2344.104 latestSnapshotTick=2342.000 renderMinusLatestTicks=2.104 estimatedMinusLatestTicks=6.000 sampleT=2.052
[rubber-banding][remote-render] time=57.600 frame=2012 entity=3 latestHostTick=2342 buffer=8 windowMs=1001.3 fps=90.9 snapshots=34 arrivalSamples=34 arrivalAvgMs=32.4 arrivalP95Ms=225.4 arrivalMaxMs=238.6 sameArrival=26 tickGapMax=2 renderFrames=91 interpolation=24 extrapolation=67 extrapolationCapped=6 extrapolationMaxMs=184.2 oldestHeld=0 zeroSpan=73 movingFrozen=0 teleport=0 visualStepAvgCm=0.00 visualStepMaxCm=0.00 estimatedHostTick=2348 renderTick=2344.104 latestSnapshotTick=2342.000 renderMinusLatestTicks=2.104 estimatedMinusLatestTicks=6.000 sampleT=2.052
[rubber-banding][remote-render] time=57.600 frame=2012 entity=4 latestHostTick=2342 buffer=8 windowMs=1001.3 fps=90.9 snapshots=34 arrivalSamples=34 arrivalAvgMs=32.4 arrivalP95Ms=225.4 arrivalMaxMs=238.6 sameArrival=26 tickGapMax=2 renderFrames=91 interpolation=24 extrapolation=67 extrapolationCapped=6 extrapolationMaxMs=184.2 oldestHeld=0 zeroSpan=73 movingFrozen=0 teleport=0 visualStepAvgCm=0.00 visualStepMaxCm=0.00 estimatedHostTick=2348 renderTick=2344.104 latestSnapshotTick=2342.000 renderMinusLatestTicks=2.104 estimatedMinusLatestTicks=6.000 sampleT=2.052
[rubber-banding][udp-pump] time=57.707 frame=2022 focused=1 windowMs=1004.2 fps=91.6 packets=27 socketAvgMs=32.5 socketP95Ms=217.9 socketMaxMs=237.5 pumpAvgMs=32.5 pumpP95Ms=218.2 pumpMaxMs=238.6 queueDelayAvgMs=4.5 queueDelayP95Ms=10.2 queueDelayMaxMs=11.1 samePump=20 pumpBatchMax=8 queueDepthMax=8 frameMaxMs=12.7
[rubber-banding][guest-reconcile] time=57.957 frame=2045 room=23 world=5 authority=5 entity=2 hostTick=2358 ackTick=2358 lastRecordedTick=2368 replayLatestTick=2368 move=(14,126) predictedBefore=(2.606, 0.375, 2.386) confirmed=(2.577, 0.702, 2.122) replayed=(2.613, 0.279, 2.453) visualBefore=(2.606, 0.375, 2.386) correction=(0.007, -0.096, 0.066) distance=0.117 unresolved=5 replayedCount=5 nextVisualOffset=(-0.007, 0.096, -0.066) mode=smooth rttMs=149.7 snapshotAgeMs=0.0
[rubber-banding][guest-reconcile] time=57.957 frame=2045 room=23 world=5 authority=5 entity=2 hostTick=2364 ackTick=2364 lastRecordedTick=2368 replayLatestTick=2368 move=(14,126) predictedBefore=(2.613, 0.279, 2.453) confirmed=(2.621, 0.178, 2.519) replayed=(2.628, 0.071, 2.585) visualBefore=(2.613, 0.279, 2.453) correction=(0.015, -0.208, 0.132) distance=0.247 unresolved=1 replayedCount=1 nextVisualOffset=(-0.015, 0.208, -0.132) mode=smooth rttMs=149.7 snapshotAgeMs=0.0
[rubber-banding][guest-reconcile] time=57.957 frame=2045 room=23 world=5 authority=5 entity=2 hostTick=2366 ackTick=2366 lastRecordedTick=2368 replayLatestTick=2368 move=(14,126) predictedBefore=(2.628, 0.071, 2.585) confirmed=(2.636, 0.008, 2.651) replayed=(2.643, 0.008, 2.717) visualBefore=(2.628, 0.071, 2.585) correction=(0.015, -0.063, 0.132) distance=0.147 unresolved=1 replayedCount=1 nextVisualOffset=(-0.015, 0.063, -0.132) mode=smooth rttMs=149.7 snapshotAgeMs=0.0
[rubber-banding][guest-reconcile] time=57.957 frame=2045 room=23 world=5 authority=5 entity=2 hostTick=2368 ackTick=2368 lastRecordedTick=2368 replayLatestTick=0 move=(0,0) predictedBefore=(2.643, 0.008, 2.717) confirmed=(2.648, 0.008, 2.764) replayed=(2.648, 0.008, 2.764) visualBefore=(2.643, 0.008, 2.717) correction=(0.005, 0.000, 0.047) distance=0.048 unresolved=0 replayedCount=0 nextVisualOffset=(-0.005, 0.000, -0.047) mode=smooth rttMs=149.7 snapshotAgeMs=0.0
[rubber-banding][guest-reconcile] time=57.970 frame=2046 room=23 world=5 authority=5 entity=2 hostTick=2370 ackTick=2370 lastRecordedTick=2380 replayLatestTick=2380 move=(99,80) predictedBefore=(2.851, 0.008, 2.928) confirmed=(2.662, 0.008, 2.891) replayed=(2.766, 0.008, 2.975) visualBefore=(2.846, 0.008, 2.884) correction=(-0.085, 0.000, 0.047) distance=0.097 unresolved=2 replayedCount=2 nextVisualOffset=(0.080, 0.000, -0.091) mode=smooth rttMs=149.7 snapshotAgeMs=0.0
[rubber-banding][guest-reconcile] time=58.186 frame=2066 room=23 world=5 authority=5 entity=2 hostTick=2372 ackTick=2372 lastRecordedTick=2382 replayLatestTick=2382 move=(99,80) predictedBefore=(2.870, 0.008, 3.059) confirmed=(2.766, 0.008, 2.975) replayed=(2.921, 0.008, 3.101) visualBefore=(2.870, 0.008, 3.059) correction=(0.052, 0.000, 0.042) distance=0.067 unresolved=3 replayedCount=3 nextVisualOffset=(-0.052, 0.000, -0.042) mode=smooth rttMs=149.7 snapshotAgeMs=0.0
[rubber-banding][guest-reconcile] time=58.186 frame=2066 room=23 world=5 authority=5 entity=2 hostTick=2374 ackTick=2374 lastRecordedTick=2382 replayLatestTick=2382 move=(99,80) predictedBefore=(2.921, 0.008, 3.101) confirmed=(2.861, 0.008, 3.052) replayed=(3.006, 0.008, 3.169) visualBefore=(2.921, 0.008, 3.101) correction=(0.085, 0.000, 0.068) distance=0.109 unresolved=3 replayedCount=3 nextVisualOffset=(-0.085, 0.000, -0.068) mode=smooth rttMs=149.7 snapshotAgeMs=0.0
[rubber-banding][guest-reconcile] time=58.186 frame=2066 room=23 world=5 authority=5 entity=2 hostTick=2378 ackTick=2378 lastRecordedTick=2382 replayLatestTick=2382 move=(99,80) predictedBefore=(3.015, 0.008, 3.176) confirmed=(2.947, 0.008, 3.122) replayed=(2.989, 0.008, 3.155) visualBefore=(3.015, 0.008, 3.176) correction=(-0.026, 0.000, -0.021) distance=0.033 unresolved=3 replayedCount=3 nextVisualOffset=(0.026, 0.000, 0.021) mode=smooth rttMs=149.7 snapshotAgeMs=0.0
[rubber-banding][guest-reconcile] time=58.186 frame=2066 room=23 world=5 authority=5 entity=2 hostTick=2380 ackTick=2380 lastRecordedTick=2382 replayLatestTick=2382 move=(99,80) predictedBefore=(2.989, 0.008, 3.155) confirmed=(2.950, 0.008, 3.124) replayed=(2.963, 0.008, 3.134) visualBefore=(2.989, 0.008, 3.155) correction=(-0.026, 0.000, -0.021) distance=0.033 unresolved=2 replayedCount=2 nextVisualOffset=(0.026, 0.000, 0.021) mode=smooth rttMs=149.7 snapshotAgeMs=0.0
[rubber-banding][guest-local-edge] time=58.242 room=23 world=5 authority=5 entity=2 eventId=17 kind=Jump stage=Captured relatedEventId=0 inputTick=0 pressed=None createdAt=-1.000000 firstSendRequestedAt=-1.000000 firstSendDelayMs=-1.000 desiredTick=0 assignedTick=0 lastResolvedAtCreate=0 estimatedHostTickAtCreate=0 clampReason=None
[rubber-banding][guest-reconcile] time=58.425 frame=2088 room=23 world=5 authority=5 entity=2 hostTick=2386 ackTick=2386 lastRecordedTick=2394 replayLatestTick=2394 move=(126,-14) predictedBefore=(3.033, 0.008, 3.136) confirmed=(3.033, 0.008, 3.136) replayed=(3.059, 0.008, 3.133) visualBefore=(3.033, 0.008, 3.136) correction=(0.027, 0.000, -0.003) distance=0.027 unresolved=1 replayedCount=1 nextVisualOffset=(-0.027, 0.000, 0.003) mode=smooth rttMs=149.7 snapshotAgeMs=0.0
[rubber-banding][guest-reconcile] time=58.425 frame=2088 room=23 world=5 authority=5 entity=2 hostTick=2388 ackTick=2388 lastRecordedTick=2394 replayLatestTick=2394 move=(126,-14) predictedBefore=(3.059, 0.008, 3.133) confirmed=(3.075, 0.008, 3.131) replayed=(3.094, 0.008, 3.129) visualBefore=(3.059, 0.008, 3.133) correction=(0.034, 0.000, -0.004) distance=0.034 unresolved=1 replayedCount=1 nextVisualOffset=(-0.034, 0.000, 0.004) mode=smooth rttMs=149.7 snapshotAgeMs=0.0
[rubber-banding][guest-local-edge] time=58.427 room=23 world=5 authority=5 entity=2 eventId=17 kind=Jump stage=Attached relatedEventId=0 inputTick=2406 pressed=Jump createdAt=58.425060 firstSendRequestedAt=-1.000000 firstSendDelayMs=-1.000 desiredTick=2409 assignedTick=2406 lastResolvedAtCreate=2394 estimatedHostTickAtCreate=2402 clampReason=MaximumResolvedLead
[rubber-banding][guest-local-edge] time=58.427 room=23 world=5 authority=5 entity=2 eventId=17 kind=Jump stage=FirstSendRequested relatedEventId=0 inputTick=2406 pressed=Jump createdAt=58.425060 firstSendRequestedAt=58.425060 firstSendDelayMs=0.000 desiredTick=2409 assignedTick=2406 lastResolvedAtCreate=2394 estimatedHostTickAtCreate=2402 clampReason=MaximumResolvedLead
[rubber-banding][guest-reconcile] time=58.436 frame=2089 room=23 world=5 authority=5 entity=2 hostTick=2398 ackTick=2398 lastRecordedTick=2406 replayLatestTick=2406 move=(80,-99) predictedBefore=(3.118, 0.118, 3.105) confirmed=(3.099, 0.008, 3.129) replayed=(3.101, 0.118, 3.126) visualBefore=(3.118, 0.118, 3.105) correction=(-0.017, 0.000, 0.021) distance=0.027 unresolved=1 replayedCount=1 nextVisualOffset=(0.017, 0.000, -0.021) mode=smooth rttMs=149.7 snapshotAgeMs=0.0
[rubber-banding][local-input] time=58.610 frame=2105 focused=1 host=0 room=23 world=5 authority=5 entity=2 windowMs=1009.9 updates=93 fixedCalls=51 commands=29 predictionSteps=29 noCommandUpdates=81 estimatedHostTick=2413 nextInputTick=2420 lastRecordedTick=2410 lastResolvedTick=2398 nextLead=7 recordedLead=-3 unresolved=5 clamped=78 clampedTotal=995 batchesSent=872 commandsSent=4926 sendFailures=0 move=(-0.11,-0.99) jump=0
[rubber-banding][remote-render] time=58.610 frame=2105 entity=1 latestHostTick=2398 buffer=8 windowMs=1009.9 fps=92.1 snapshots=28 arrivalSamples=28 arrivalAvgMs=33.7 arrivalP95Ms=238.9 arrivalMaxMs=247.4 sameArrival=21 tickGapMax=2 renderFrames=93 interpolation=18 extrapolation=75 extrapolationCapped=9 extrapolationMaxMs=204.4 oldestHeld=0 zeroSpan=75 movingFrozen=0 teleport=0 visualStepAvgCm=0.00 visualStepMaxCm=0.00 estimatedHostTick=2413 renderTick=2406.372 latestSnapshotTick=2398.000 renderMinusLatestTicks=8.372 estimatedMinusLatestTicks=15.000 sampleT=5.186
[rubber-banding][remote-render] time=58.610 frame=2105 entity=3 latestHostTick=2398 buffer=8 windowMs=1009.9 fps=92.1 snapshots=28 arrivalSamples=28 arrivalAvgMs=33.7 arrivalP95Ms=238.9 arrivalMaxMs=247.4 sameArrival=21 tickGapMax=2 renderFrames=93 interpolation=18 extrapolation=75 extrapolationCapped=9 extrapolationMaxMs=204.4 oldestHeld=0 zeroSpan=75 movingFrozen=0 teleport=0 visualStepAvgCm=0.00 visualStepMaxCm=0.00 estimatedHostTick=2413 renderTick=2406.372 latestSnapshotTick=2398.000 renderMinusLatestTicks=8.372 estimatedMinusLatestTicks=15.000 sampleT=5.186
[rubber-banding][remote-render] time=58.610 frame=2105 entity=4 latestHostTick=2398 buffer=8 windowMs=1009.9 fps=92.1 snapshots=28 arrivalSamples=28 arrivalAvgMs=33.7 arrivalP95Ms=238.9 arrivalMaxMs=247.4 sameArrival=21 tickGapMax=2 renderFrames=93 interpolation=18 extrapolation=75 extrapolationCapped=9 extrapolationMaxMs=204.4 oldestHeld=0 zeroSpan=75 movingFrozen=0 teleport=0 visualStepAvgCm=0.00 visualStepMaxCm=0.00 estimatedHostTick=2413 renderTick=2406.372 latestSnapshotTick=2398.000 renderMinusLatestTicks=8.372 estimatedMinusLatestTicks=15.000 sampleT=5.186
[rubber-banding][udp-pump] time=58.707 frame=2114 focused=1 windowMs=1000.3 fps=92.0 packets=34 socketAvgMs=33.8 socketP95Ms=237.9 socketMaxMs=242.7 pumpAvgMs=33.9 pumpP95Ms=238.9 pumpMaxMs=247.4 queueDelayAvgMs=5.4 queueDelayP95Ms=11.6 queueDelayMaxMs=11.6 samePump=25 pumpBatchMax=6 queueDepthMax=6 frameMaxMs=12.5
[rubber-banding][guest-reconcile] time=58.867 frame=2129 room=23 world=5 authority=5 entity=2 hostTick=2412 ackTick=2412 lastRecordedTick=2422 replayLatestTick=2422 move=(-14,-126) predictedBefore=(3.197, 1.121, 2.812) confirmed=(3.142, 0.661, 3.074) replayed=(3.216, 1.121, 2.818) visualBefore=(3.197, 1.121, 2.812) correction=(0.020, 0.000, 0.006) distance=0.021 unresolved=10 replayedCount=10 nextVisualOffset=(-0.020, 0.000, -0.006) mode=smooth rttMs=33.5 snapshotAgeMs=0.0
[rubber-banding][guest-reconcile] time=59.103 frame=2151 room=23 world=5 authority=5 entity=2 hostTick=2426 ackTick=2426 lastRecordedTick=2436 replayLatestTick=2436 move=(-14,-126) predictedBefore=(3.270, 0.986, 2.281) confirmed=(3.240, 1.150, 2.660) replayed=(3.279, 0.940, 2.261) visualBefore=(3.270, 0.986, 2.281) correction=(0.008, -0.046, -0.020) distance=0.051 unresolved=8 replayedCount=8 nextVisualOffset=(-0.008, 0.046, 0.020) mode=smooth rttMs=33.5 snapshotAgeMs=0.0
[rubber-banding][guest-reconcile] time=59.103 frame=2151 room=23 world=5 authority=5 entity=2 hostTick=2428 ackTick=2428 lastRecordedTick=2436 replayLatestTick=2436 move=(-14,-126) predictedBefore=(3.279, 0.940, 2.261) confirmed=(3.252, 1.130, 2.580) replayed=(3.290, 0.832, 2.181) visualBefore=(3.279, 0.940, 2.261) correction=(0.012, -0.108, -0.080) distance=0.135 unresolved=8 replayedCount=8 nextVisualOffset=(-0.012, 0.108, 0.080) mode=smooth rttMs=33.5 snapshotAgeMs=0.0
[rubber-banding][guest-reconcile] time=59.334 frame=2172 room=23 world=5 authority=5 entity=2 hostTick=2440 ackTick=2440 lastRecordedTick=2450 replayLatestTick=2450 move=(-14,-126) predictedBefore=(3.307, 0.008, 1.463) confirmed=(3.304, 0.549, 1.929) replayed=(3.300, 0.008, 1.397) visualBefore=(3.307, 0.008, 1.463) correction=(-0.007, 0.000, -0.066) distance=0.067 unresolved=8 replayedCount=8 nextVisualOffset=(0.007, 0.000, 0.066) mode=smooth rttMs=33.5 snapshotAgeMs=0.0
[rubber-banding][guest-reconcile] time=59.334 frame=2172 room=23 world=5 authority=5 entity=2 hostTick=2442 ackTick=2442 lastRecordedTick=2450 replayLatestTick=2450 move=(-14,-126) predictedBefore=(3.300, 0.008, 1.397) confirmed=(3.309, 0.375, 1.796) replayed=(3.287, 0.008, 1.265) visualBefore=(3.300, 0.008, 1.397) correction=(-0.013, 0.000, -0.132) distance=0.133 unresolved=8 replayedCount=8 nextVisualOffset=(0.013, 0.000, 0.132) mode=smooth rttMs=33.5 snapshotAgeMs=0.0
[rubber-banding][guest-reconcile] time=59.347 frame=2173 room=23 world=5 authority=5 entity=2 hostTick=2452 ackTick=2452 lastRecordedTick=2457 replayLatestTick=2457 move=(80,-99) predictedBefore=(3.454, 0.008, 1.058) confirmed=(3.272, 0.008, 1.133) replayed=(3.356, 0.008, 1.029) visualBefore=(3.454, 0.008, 1.058) correction=(-0.099, 0.000, -0.029) distance=0.103 unresolved=2 replayedCount=2 nextVisualOffset=(0.099, 0.000, 0.029) mode=smooth rttMs=33.5 snapshotAgeMs=0.0
[rubber-banding][guest-reconcile] time=59.558 frame=2192 room=23 world=5 authority=5 entity=2 hostTick=2454 ackTick=2454 lastRecordedTick=2464 replayLatestTick=2464 move=(126,-14) predictedBefore=(3.698, 0.008, 0.755) confirmed=(3.356, 0.008, 1.029) replayed=(3.739, 0.008, 0.703) visualBefore=(3.698, 0.008, 0.755) correction=(0.042, 0.000, -0.052) distance=0.067 unresolved=8 replayedCount=8 nextVisualOffset=(-0.042, 0.000, 0.052) mode=smooth rttMs=33.5 snapshotAgeMs=0.0
[rubber-banding][guest-reconcile] time=59.558 frame=2192 room=23 world=5 authority=5 entity=2 hostTick=2456 ackTick=2456 lastRecordedTick=2464 replayLatestTick=2464 move=(126,-14) predictedBefore=(3.739, 0.008, 0.703) confirmed=(3.433, 0.008, 0.934) replayed=(3.808, 0.008, 0.619) visualBefore=(3.739, 0.008, 0.703) correction=(0.068, 0.000, -0.085) distance=0.109 unresolved=8 replayedCount=8 nextVisualOffset=(-0.068, 0.000, 0.085) mode=smooth rttMs=33.5 snapshotAgeMs=0.0
[rubber-banding][local-input] time=59.615 frame=2197 focused=1 host=0 room=23 world=5 authority=5 entity=2 windowMs=1004.8 updates=92 fixedCalls=50 commands=53 predictionSteps=53 noCommandUpdates=55 estimatedHostTick=2470 nextInputTick=2474 lastRecordedTick=2474 lastResolvedTick=2466 nextLead=4 recordedLead=4 unresolved=6 clamped=39 clampedTotal=1034 batchesSent=902 commandsSent=5132 sendFailures=0 move=(0.99,-0.11) jump=0
[rubber-banding][remote-render] time=59.615 frame=2197 entity=1 latestHostTick=2466 buffer=8 windowMs=1004.8 fps=91.6 snapshots=34 arrivalSamples=34 arrivalAvgMs=33.3 arrivalP95Ms=223.3 arrivalMaxMs=225.6 sameArrival=24 tickGapMax=2 renderFrames=92 interpolation=21 extrapolation=71 extrapolationCapped=11 extrapolationMaxMs=178.4 oldestHeld=0 zeroSpan=71 movingFrozen=0 teleport=0 visualStepAvgCm=0.00 visualStepMaxCm=0.00 estimatedHostTick=2470 renderTick=2465.638 latestSnapshotTick=2466.000 renderMinusLatestTicks=-0.362 estimatedMinusLatestTicks=4.000 sampleT=0.819
[rubber-banding][remote-render] time=59.615 frame=2197 entity=3 latestHostTick=2466 buffer=8 windowMs=1004.8 fps=91.6 snapshots=34 arrivalSamples=34 arrivalAvgMs=33.3 arrivalP95Ms=223.3 arrivalMaxMs=225.6 sameArrival=24 tickGapMax=2 renderFrames=92 interpolation=21 extrapolation=71 extrapolationCapped=11 extrapolationMaxMs=178.4 oldestHeld=0 zeroSpan=71 movingFrozen=0 teleport=0 visualStepAvgCm=0.00 visualStepMaxCm=0.00 estimatedHostTick=2470 renderTick=2465.638 latestSnapshotTick=2466.000 renderMinusLatestTicks=-0.362 estimatedMinusLatestTicks=4.000 sampleT=0.819
[rubber-banding][remote-render] time=59.615 frame=2197 entity=4 latestHostTick=2466 buffer=8 windowMs=1004.8 fps=91.6 snapshots=34 arrivalSamples=34 arrivalAvgMs=33.3 arrivalP95Ms=223.3 arrivalMaxMs=225.6 sameArrival=24 tickGapMax=2 renderFrames=92 interpolation=21 extrapolation=71 extrapolationCapped=11 extrapolationMaxMs=178.4 oldestHeld=0 zeroSpan=71 movingFrozen=0 teleport=0 visualStepAvgCm=0.00 visualStepMaxCm=0.00 estimatedHostTick=2470 renderTick=2465.638 latestSnapshotTick=2466.000 renderMinusLatestTicks=-0.362 estimatedMinusLatestTicks=4.000 sampleT=0.819
[rubber-banding][udp-pump] time=59.712 frame=2206 focused=1 windowMs=1004.5 fps=91.6 packets=28 socketAvgMs=32.9 socketP95Ms=222.6 socketMaxMs=226.5 pumpAvgMs=33.0 pumpP95Ms=223.3 pumpMaxMs=225.6 queueDelayAvgMs=4.1 queueDelayP95Ms=9.4 queueDelayMaxMs=11.8 samePump=20 pumpBatchMax=6 queueDepthMax=6 frameMaxMs=12.7
[rubber-banding][guest-reconcile] time=59.779 frame=2212 room=23 world=5 authority=5 entity=2 hostTick=2468 ackTick=2468 lastRecordedTick=2478 replayLatestTick=2478 move=(126,-14) predictedBefore=(4.602, 0.008, 0.530) confirmed=(4.072, 0.008, 0.589) replayed=(4.668, 0.008, 0.523) visualBefore=(4.602, 0.008, 0.530) correction=(0.066, 0.000, -0.007) distance=0.067 unresolved=9 replayedCount=9 nextVisualOffset=(-0.066, 0.000, 0.007) mode=smooth rttMs=33.5 snapshotAgeMs=0.0
[rubber-banding][guest-reconcile] time=59.779 frame=2212 room=23 world=5 authority=5 entity=2 hostTick=2470 ackTick=2470 lastRecordedTick=2478 replayLatestTick=2478 move=(126,-14) predictedBefore=(4.668, 0.008, 0.523) confirmed=(4.205, 0.008, 0.574) replayed=(4.734, 0.008, 0.516) visualBefore=(4.668, 0.008, 0.523) correction=(0.066, 0.000, -0.007) distance=0.067 unresolved=8 replayedCount=8 nextVisualOffset=(-0.066, 0.000, 0.007) mode=smooth rttMs=33.5 snapshotAgeMs=0.0
[rubber-banding][guest-reconcile] time=59.972 frame=2229 room=23 world=5 authority=5 entity=2 hostTick=2480 ackTick=2480 lastRecordedTick=2490 replayLatestTick=2490 move=(80,-99) predictedBefore=(4.902, 0.008, 0.308) confirmed=(4.842, 0.008, 0.456) replayed=(4.926, 0.008, 0.353) visualBefore=(4.902, 0.008, 0.308) correction=(0.024, 0.000, 0.045) distance=0.051 unresolved=2 replayedCount=2 nextVisualOffset=(-0.024, 0.000, -0.045) mode=smooth rttMs=163.9 snapshotAgeMs=0.0
[rubber-banding][guest-reconcile] time=59.983 frame=2230 room=23 world=5 authority=5 entity=2 hostTick=2482 ackTick=2482 lastRecordedTick=2492 replayLatestTick=2492 move=(-99,-80) predictedBefore=(4.822, 0.008, 0.269) confirmed=(4.926, 0.008, 0.353) replayed=(4.864, 0.008, 0.217) visualBefore=(4.800, 0.008, 0.228) correction=(0.042, 0.000, -0.052) distance=0.067 unresolved=3 replayedCount=3 nextVisualOffset=(-0.064, 0.000, 0.011) mode=smooth rttMs=163.9 snapshotAgeMs=0.0
[rubber-banding][guest-reconcile] time=59.983 frame=2230 room=23 world=5 authority=5 entity=2 hostTick=2484 ackTick=2484 lastRecordedTick=2492 replayLatestTick=2492 move=(-99,-80) predictedBefore=(4.864, 0.008, 0.217) confirmed=(5.003, 0.008, 0.258) replayed=(4.940, 0.008, 0.132) visualBefore=(4.842, 0.008, 0.176) correction=(0.076, 0.000, -0.086) distance=0.115 unresolved=3 replayedCount=3 nextVisualOffset=(-0.098, 0.000, 0.045) mode=smooth rttMs=163.9 snapshotAgeMs=0.0
[rubber-banding][guest-reconcile] time=59.983 frame=2230 room=23 world=5 authority=5 entity=2 hostTick=2486 ackTick=2486 lastRecordedTick=2492 replayLatestTick=2492 move=(-99,-80) predictedBefore=(4.940, 0.008, 0.132) confirmed=(5.051, 0.008, 0.197) replayed=(5.010, 0.008, 0.116) visualBefore=(4.918, 0.008, 0.091) correction=(0.069, 0.000, -0.015) distance=0.071 unresolved=3 replayedCount=3 nextVisualOffset=(-0.092, 0.000, -0.026) mode=smooth rttMs=163.9 snapshotAgeMs=0.0
[rubber-banding][guest-reconcile] time=59.983 frame=2230 room=23 world=5 authority=5 entity=2 hostTick=2488 ackTick=2488 lastRecordedTick=2492 replayLatestTick=2492 move=(-99,-80) predictedBefore=(5.010, 0.008, 0.116) confirmed=(5.072, 0.008, 0.171) replayed=(5.051, 0.008, 0.136) visualBefore=(4.987, 0.008, 0.075) correction=(0.042, 0.000, 0.019) distance=0.046 unresolved=3 replayedCount=3 nextVisualOffset=(-0.064, 0.000, -0.060) mode=smooth rttMs=163.9 snapshotAgeMs=0.0
[rubber-banding][guest-reconcile] time=59.983 frame=2230 room=23 world=5 authority=5 entity=2 hostTick=2490 ackTick=2490 lastRecordedTick=2492 replayLatestTick=2492 move=(-99,-80) predictedBefore=(5.051, 0.008, 0.136) confirmed=(5.075, 0.008, 0.169) replayed=(5.062, 0.008, 0.158) visualBefore=(5.029, 0.008, 0.095) correction=(0.010, 0.000, 0.023) distance=0.025 unresolved=2 replayedCount=2 nextVisualOffset=(-0.033, 0.000, -0.063) mode=smooth rttMs=163.9 snapshotAgeMs=0.0
[rubber-banding][guest-reconcile] time=60.205 frame=2250 room=23 world=5 authority=5 entity=2 hostTick=2496 ackTick=2496 lastRecordedTick=2502 replayLatestTick=2502 move=(-99,-80) predictedBefore=(5.005, 0.008, 0.112) confirmed=(5.005, 0.008, 0.112) replayed=(4.984, 0.008, 0.095) visualBefore=(5.005, 0.008, 0.112) correction=(-0.021, 0.000, -0.017) distance=0.027 unresolved=1 replayedCount=1 nextVisualOffset=(0.021, 0.000, 0.017) mode=smooth rttMs=163.9 snapshotAgeMs=0.0
[rubber-banding][guest-reconcile] time=60.217 frame=2251 room=23 world=5 authority=5 entity=2 hostTick=2500 ackTick=2500 lastRecordedTick=2508 replayLatestTick=2508 move=(-99,-80) predictedBefore=(4.872, 0.008, 0.005) confirmed=(4.968, 0.008, 0.083) replayed=(4.929, 0.008, 0.051) visualBefore=(4.892, 0.008, 0.021) correction=(0.057, 0.000, 0.046) distance=0.073 unresolved=5 replayedCount=5 nextVisualOffset=(-0.038, 0.000, -0.030) mode=smooth rttMs=163.9 snapshotAgeMs=0.0
[rubber-banding][guest-local-edge] time=60.252 room=23 world=5 authority=5 entity=2 eventId=18 kind=Jump stage=Captured relatedEventId=0 inputTick=0 pressed=None createdAt=-1.000000 firstSendRequestedAt=-1.000000 firstSendDelayMs=-1.000 desiredTick=0 assignedTick=0 lastResolvedAtCreate=0 estimatedHostTickAtCreate=0 clampReason=None
[rubber-banding][guest-reconcile] time=60.428 frame=2270 room=23 world=5 authority=5 entity=2 hostTick=2506 ackTick=2506 lastRecordedTick=2516 replayLatestTick=2516 move=(-99,-80) predictedBefore=(4.852, 0.008, -0.011) confirmed=(4.929, 0.008, 0.051) replayed=(4.826, 0.008, -0.032) visualBefore=(4.852, 0.008, -0.011) correction=(-0.026, 0.000, -0.021) distance=0.033 unresolved=5 replayedCount=5 nextVisualOffset=(0.026, 0.000, 0.021) mode=smooth rttMs=163.9 snapshotAgeMs=0.0
[rubber-banding][guest-reconcile] time=60.428 frame=2270 room=23 world=5 authority=5 entity=2 hostTick=2508 ackTick=2508 lastRecordedTick=2516 replayLatestTick=2516 move=(-99,-80) predictedBefore=(4.826, 0.008, -0.032) confirmed=(4.896, 0.008, 0.024) replayed=(4.797, 0.008, -0.055) visualBefore=(4.826, 0.008, -0.032) correction=(-0.029, 0.000, -0.023) distance=0.037 unresolved=4 replayedCount=4 nextVisualOffset=(0.029, 0.000, 0.023) mode=smooth rttMs=163.9 snapshotAgeMs=0.0
[rubber-banding][guest-reconcile] time=60.428 frame=2270 room=23 world=5 authority=5 entity=2 hostTick=2512 ackTick=2512 lastRecordedTick=2516 replayLatestTick=2516 move=(-99,-80) predictedBefore=(4.797, 0.008, -0.055) confirmed=(4.797, 0.008, -0.055) replayed=(4.766, 0.008, -0.081) visualBefore=(4.797, 0.008, -0.055) correction=(-0.031, 0.000, -0.025) distance=0.040 unresolved=1 replayedCount=1 nextVisualOffset=(0.031, 0.000, 0.025) mode=smooth rttMs=163.9 snapshotAgeMs=0.0
[rubber-banding][guest-reconcile] time=60.428 frame=2270 room=23 world=5 authority=5 entity=2 hostTick=2514 ackTick=2514 lastRecordedTick=2516 replayLatestTick=2516 move=(-99,-80) predictedBefore=(4.766, 0.008, -0.081) confirmed=(4.744, 0.008, -0.099) replayed=(4.718, 0.008, -0.119) visualBefore=(4.766, 0.008, -0.081) correction=(-0.048, 0.000, -0.038) distance=0.061 unresolved=1 replayedCount=1 nextVisualOffset=(0.048, 0.000, 0.038) mode=smooth rttMs=163.9 snapshotAgeMs=0.0
[rubber-banding][guest-reconcile] time=60.428 frame=2270 room=23 world=5 authority=5 entity=2 hostTick=2518 ackTick=2518 lastRecordedTick=2516 replayLatestTick=0 move=(0,0) predictedBefore=(4.718, 0.008, -0.119) confirmed=(4.673, 0.008, -0.156) replayed=(4.673, 0.008, -0.156) visualBefore=(4.718, 0.008, -0.119) correction=(-0.046, 0.000, -0.037) distance=0.059 unresolved=0 replayedCount=0 nextVisualOffset=(0.046, 0.000, 0.037) mode=smooth rttMs=163.9 snapshotAgeMs=0.0
[rubber-banding][guest-local-edge] time=60.430 room=23 world=5 authority=5 entity=2 eventId=18 kind=Jump stage=Attached relatedEventId=0 inputTick=2529 pressed=Jump createdAt=60.427990 firstSendRequestedAt=-1.000000 firstSendDelayMs=-1.000 desiredTick=2529 assignedTick=2529 lastResolvedAtCreate=2518 estimatedHostTickAtCreate=2522 clampReason=None
[rubber-banding][guest-local-edge] time=60.431 room=23 world=5 authority=5 entity=2 eventId=18 kind=Jump stage=FirstSendRequested relatedEventId=0 inputTick=2529 pressed=Jump createdAt=60.427990 firstSendRequestedAt=60.427990 firstSendDelayMs=0.000 desiredTick=2529 assignedTick=2529 lastResolvedAtCreate=2518 estimatedHostTickAtCreate=2522 clampReason=None
[rubber-banding][local-input] time=60.619 frame=2287 focused=1 host=0 room=23 world=5 authority=5 entity=2 windowMs=1004.0 updates=90 fixedCalls=50 commands=27 predictionSteps=27 noCommandUpdates=79 estimatedHostTick=2534 nextInputTick=2541 lastRecordedTick=2530 lastResolvedTick=2518 nextLead=7 recordedLead=-4 unresolved=5 clamped=80 clampedTotal=1114 batchesSent=933 commandsSent=5302 sendFailures=0 move=(-0.78,-0.63) jump=0
[rubber-banding][remote-render] time=60.619 frame=2287 entity=1 latestHostTick=2518 buffer=8 windowMs=1004.0 fps=89.6 snapshots=26 arrivalSamples=26 arrivalAvgMs=33.1 arrivalP95Ms=211.4 arrivalMaxMs=222.5 sameArrival=20 tickGapMax=2 renderFrames=90 interpolation=13 extrapolation=77 extrapolationCapped=8 extrapolationMaxMs=188.1 oldestHeld=0 zeroSpan=89 movingFrozen=0 teleport=0 visualStepAvgCm=0.00 visualStepMaxCm=0.00 estimatedHostTick=2534 renderTick=2527.534 latestSnapshotTick=2518.000 renderMinusLatestTicks=9.534 estimatedMinusLatestTicks=16.000 sampleT=5.767
[rubber-banding][remote-render] time=60.619 frame=2287 entity=3 latestHostTick=2518 buffer=8 windowMs=1004.0 fps=89.6 snapshots=26 arrivalSamples=26 arrivalAvgMs=33.1 arrivalP95Ms=211.4 arrivalMaxMs=222.5 sameArrival=20 tickGapMax=2 renderFrames=90 interpolation=13 extrapolation=77 extrapolationCapped=8 extrapolationMaxMs=188.1 oldestHeld=0 zeroSpan=89 movingFrozen=0 teleport=0 visualStepAvgCm=0.00 visualStepMaxCm=0.00 estimatedHostTick=2534 renderTick=2527.534 latestSnapshotTick=2518.000 renderMinusLatestTicks=9.534 estimatedMinusLatestTicks=16.000 sampleT=5.767
[rubber-banding][remote-render] time=60.619 frame=2287 entity=4 latestHostTick=2518 buffer=8 windowMs=1004.0 fps=89.6 snapshots=26 arrivalSamples=26 arrivalAvgMs=33.1 arrivalP95Ms=211.4 arrivalMaxMs=222.5 sameArrival=20 tickGapMax=2 renderFrames=90 interpolation=13 extrapolation=77 extrapolationCapped=8 extrapolationMaxMs=188.1 oldestHeld=0 zeroSpan=89 movingFrozen=0 teleport=0 visualStepAvgCm=0.00 visualStepMaxCm=0.00 estimatedHostTick=2534 renderTick=2527.534 latestSnapshotTick=2518.000 renderMinusLatestTicks=9.534 estimatedMinusLatestTicks=16.000 sampleT=5.767
[rubber-banding][guest-reconcile] time=60.709 frame=2295 room=23 world=5 authority=5 entity=2 hostTick=2522 ackTick=2522 lastRecordedTick=2530 replayLatestTick=2530 move=(-99,-80) predictedBefore=(4.527, 0.222, -0.274) confirmed=(4.560, 0.008, -0.247) replayed=(4.489, 0.222, -0.304) visualBefore=(4.527, 0.222, -0.274) correction=(-0.037, 0.000, -0.030) distance=0.048 unresolved=2 replayedCount=2 nextVisualOffset=(0.037, 0.000, 0.030) mode=smooth rttMs=163.9 snapshotAgeMs=0.0
[rubber-banding][guest-reconcile] time=60.709 frame=2295 room=23 world=5 authority=5 entity=2 hostTick=2524 ackTick=2524 lastRecordedTick=2530 replayLatestTick=2530 move=(-99,-80) predictedBefore=(4.489, 0.222, -0.304) confirmed=(4.500, 0.008, -0.296) replayed=(4.441, 0.222, -0.343) visualBefore=(4.489, 0.222, -0.304) correction=(-0.048, 0.000, -0.039) distance=0.062 unresolved=2 replayedCount=2 nextVisualOffset=(0.048, 0.000, 0.039) mode=smooth rttMs=163.9 snapshotAgeMs=0.0
[rubber-banding][guest-reconcile] time=60.709 frame=2295 room=23 world=5 authority=5 entity=2 hostTick=2528 ackTick=2528 lastRecordedTick=2530 replayLatestTick=2530 move=(-99,-80) predictedBefore=(4.450, 0.222, -0.336) confirmed=(4.474, 0.008, -0.317) replayed=(4.467, 0.222, -0.322) visualBefore=(4.450, 0.222, -0.336) correction=(0.017, 0.000, 0.014) distance=0.022 unresolved=2 replayedCount=2 nextVisualOffset=(-0.017, 0.000, -0.014) mode=smooth rttMs=163.9 snapshotAgeMs=0.0
[rubber-banding][guest-reconcile] time=60.709 frame=2295 room=23 world=5 authority=5 entity=2 hostTick=2532 ackTick=2532 lastRecordedTick=2530 replayLatestTick=0 move=(0,0) predictedBefore=(4.467, 0.222, -0.322) confirmed=(4.453, 0.414, -0.333) replayed=(4.453, 0.414, -0.333) visualBefore=(4.467, 0.222, -0.322) correction=(-0.014, 0.192, -0.011) distance=0.193 unresolved=0 replayedCount=0 nextVisualOffset=(0.014, -0.192, 0.011) mode=smooth rttMs=163.9 snapshotAgeMs=0.0
[rubber-banding][guest-reconcile] time=60.709 frame=2295 room=23 world=5 authority=5 entity=2 hostTick=2534 ackTick=2534 lastRecordedTick=2530 replayLatestTick=0 move=(0,0) predictedBefore=(4.453, 0.414, -0.333) confirmed=(4.438, 0.584, -0.346) replayed=(4.438, 0.584, -0.346) visualBefore=(4.453, 0.414, -0.333) correction=(-0.016, 0.170, -0.013) distance=0.171 unresolved=0 replayedCount=0 nextVisualOffset=(0.016, -0.170, 0.013) mode=smooth rttMs=163.9 snapshotAgeMs=0.0
[rubber-banding][udp-pump] time=60.720 frame=2296 focused=1 windowMs=1008.0 fps=89.3 packets=34 socketAvgMs=33.7 socketP95Ms=223.1 socketMaxMs=272.7 pumpAvgMs=33.6 pumpP95Ms=222.5 pumpMaxMs=280.9 queueDelayAvgMs=6.5 queueDelayP95Ms=11.5 queueDelayMaxMs=12.3 samePump=27 pumpBatchMax=8 queueDepthMax=9 frameMaxMs=12.4
[rubber-banding][guest-reconcile] time=60.921 frame=2314 room=23 world=5 authority=5 entity=2 hostTick=2538 ackTick=2538 lastRecordedTick=2546 replayLatestTick=2546 move=(-99,-80) predictedBefore=(4.327, 1.041, -0.435) confirmed=(4.396, 0.857, -0.380) replayed=(4.305, 1.073, -0.453) visualBefore=(4.327, 1.041, -0.435) correction=(-0.022, 0.032, -0.017) distance=0.042 unresolved=5 replayedCount=5 nextVisualOffset=(0.022, -0.032, 0.017) mode=smooth rttMs=90.3 snapshotAgeMs=0.0
[rubber-banding][guest-reconcile] time=60.921 frame=2314 room=23 world=5 authority=5 entity=2 hostTick=2540 ackTick=2540 lastRecordedTick=2546 replayLatestTick=2546 move=(-99,-80) predictedBefore=(4.305, 1.073, -0.453) confirmed=(4.367, 0.960, -0.403) replayed=(4.267, 1.121, -0.484) visualBefore=(4.305, 1.073, -0.453) correction=(-0.038, 0.048, -0.031) distance=0.068 unresolved=5 replayedCount=5 nextVisualOffset=(0.038, -0.048, 0.031) mode=smooth rttMs=90.3 snapshotAgeMs=0.0
[rubber-banding][guest-reconcile] time=60.934 frame=2315 room=23 world=5 authority=5 entity=2 hostTick=2542 ackTick=2542 lastRecordedTick=2552 replayLatestTick=2552 move=(-99,-80) predictedBefore=(4.157, 1.150, -0.573) confirmed=(4.336, 1.041, -0.428) replayed=(4.142, 1.143, -0.585) visualBefore=(4.192, 1.105, -0.544) correction=(-0.015, -0.007, -0.012) distance=0.020 unresolved=8 replayedCount=8 nextVisualOffset=(0.050, -0.038, 0.040) mode=smooth rttMs=90.3 snapshotAgeMs=0.0
[rubber-banding][guest-reconcile] time=61.155 frame=2335 room=23 world=5 authority=5 entity=2 hostTick=2550 ackTick=2550 lastRecordedTick=2560 replayLatestTick=2560 move=(-99,-80) predictedBefore=(3.838, 0.889, -0.831) confirmed=(4.142, 1.143, -0.585) replayed=(3.792, 0.832, -0.868) visualBefore=(3.838, 0.889, -0.831) correction=(-0.046, -0.057, -0.037) distance=0.082 unresolved=9 replayedCount=9 nextVisualOffset=(0.046, 0.057, 0.037) mode=smooth rttMs=90.3 snapshotAgeMs=0.0
[rubber-banding][guest-reconcile] time=61.155 frame=2335 room=23 world=5 authority=5 entity=2 hostTick=2552 ackTick=2552 lastRecordedTick=2560 replayLatestTick=2560 move=(-99,-80) predictedBefore=(3.792, 0.832, -0.868) confirmed=(4.076, 1.113, -0.638) replayed=(3.744, 0.770, -0.906) visualBefore=(3.792, 0.832, -0.868) correction=(-0.048, -0.062, -0.038) distance=0.087 unresolved=8 replayedCount=8 nextVisualOffset=(0.048, 0.062, 0.038) mode=smooth rttMs=90.3 snapshotAgeMs=0.0
[rubber-banding][guest-reconcile] time=61.390 frame=2356 room=23 world=5 authority=5 entity=2 hostTick=2564 ackTick=2564 lastRecordedTick=2574 replayLatestTick=2574 move=(-99,-80) predictedBefore=(3.126, 0.008, -1.406) confirmed=(3.541, 0.465, -1.071) replayed=(3.074, 0.008, -1.448) visualBefore=(3.126, 0.008, -1.406) correction=(-0.052, 0.000, -0.042) distance=0.067 unresolved=9 replayedCount=9 nextVisualOffset=(0.052, 0.000, 0.042) mode=smooth rttMs=90.3 snapshotAgeMs=0.0
[rubber-banding][guest-reconcile] time=61.390 frame=2356 room=23 world=5 authority=5 entity=2 hostTick=2566 ackTick=2566 lastRecordedTick=2574 replayLatestTick=2574 move=(-99,-80) predictedBefore=(3.074, 0.008, -1.448) confirmed=(3.437, 0.279, -1.155) replayed=(3.022, 0.008, -1.490) visualBefore=(3.074, 0.008, -1.448) correction=(-0.052, 0.000, -0.042) distance=0.067 unresolved=8 replayedCount=8 nextVisualOffset=(0.052, 0.000, 0.042) mode=smooth rttMs=90.3 snapshotAgeMs=0.0
[rubber-banding][guest-reconcile] time=61.390 frame=2356 room=23 world=5 authority=5 entity=2 hostTick=2576 ackTick=2576 lastRecordedTick=2574 replayLatestTick=0 move=(0,0) predictedBefore=(3.022, 0.008, -1.490) confirmed=(2.918, 0.008, -1.574) replayed=(2.918, 0.008, -1.574) visualBefore=(3.022, 0.008, -1.490) correction=(-0.104, 0.000, -0.084) distance=0.133 unresolved=0 replayedCount=0 nextVisualOffset=(0.104, 0.000, 0.084) mode=smooth rttMs=90.3 snapshotAgeMs=0.0
[rubber-banding][local-input] time=61.621 frame=2377 focused=1 host=0 room=23 world=5 authority=5 entity=2 windowMs=1002.5 updates=90 fixedCalls=50 commands=41 predictionSteps=41 noCommandUpdates=67 estimatedHostTick=2592 nextInputTick=2597 lastRecordedTick=2588 lastResolvedTick=2576 nextLead=5 recordedLead=-4 unresolved=9 clamped=58 clampedTotal=1172 batchesSent=963 commandsSent=5522 sendFailures=0 move=(0.99,-0.11) jump=0
[rubber-banding][remote-render] time=61.621 frame=2377 entity=1 latestHostTick=2576 buffer=8 windowMs=1002.5 fps=89.8 snapshots=29 arrivalSamples=29 arrivalAvgMs=33.2 arrivalP95Ms=224.1 arrivalMaxMs=280.9 sameArrival=23 tickGapMax=2 renderFrames=90 interpolation=12 extrapolation=78 extrapolationCapped=24 extrapolationMaxMs=239.2 oldestHeld=0 zeroSpan=90 movingFrozen=0 teleport=0 visualStepAvgCm=0.00 visualStepMaxCm=0.00 estimatedHostTick=2592 renderTick=2587.724 latestSnapshotTick=2576.000 renderMinusLatestTicks=11.724 estimatedMinusLatestTicks=16.000 sampleT=6.862
[rubber-banding][remote-render] time=61.621 frame=2377 entity=3 latestHostTick=2576 buffer=8 windowMs=1002.5 fps=89.8 snapshots=29 arrivalSamples=29 arrivalAvgMs=33.2 arrivalP95Ms=224.1 arrivalMaxMs=280.9 sameArrival=23 tickGapMax=2 renderFrames=90 interpolation=12 extrapolation=78 extrapolationCapped=24 extrapolationMaxMs=239.2 oldestHeld=0 zeroSpan=90 movingFrozen=0 teleport=0 visualStepAvgCm=0.00 visualStepMaxCm=0.00 estimatedHostTick=2592 renderTick=2587.724 latestSnapshotTick=2576.000 renderMinusLatestTicks=11.724 estimatedMinusLatestTicks=16.000 sampleT=6.862
[rubber-banding][remote-render] time=61.621 frame=2377 entity=4 latestHostTick=2576 buffer=8 windowMs=1002.5 fps=89.8 snapshots=29 arrivalSamples=29 arrivalAvgMs=33.2 arrivalP95Ms=224.1 arrivalMaxMs=280.9 sameArrival=23 tickGapMax=2 renderFrames=90 interpolation=12 extrapolation=78 extrapolationCapped=24 extrapolationMaxMs=239.2 oldestHeld=0 zeroSpan=90 movingFrozen=0 teleport=0 visualStepAvgCm=0.00 visualStepMaxCm=0.00 estimatedHostTick=2592 renderTick=2587.724 latestSnapshotTick=2576.000 renderMinusLatestTicks=11.724 estimatedMinusLatestTicks=16.000 sampleT=6.862
[rubber-banding][guest-reconcile] time=61.645 frame=2379 room=23 world=5 authority=5 entity=2 hostTick=2580 ackTick=2580 lastRecordedTick=2588 replayLatestTick=2588 move=(126,-14) predictedBefore=(3.514, 0.008, -1.640) confirmed=(3.183, 0.008, -1.603) replayed=(3.580, 0.008, -1.647) visualBefore=(3.514, 0.008, -1.640) correction=(0.066, 0.000, -0.007) distance=0.067 unresolved=6 replayedCount=6 nextVisualOffset=(-0.066, 0.000, 0.007) mode=smooth rttMs=90.3 snapshotAgeMs=0.0
[rubber-banding][guest-reconcile] time=61.645 frame=2379 room=23 world=5 authority=5 entity=2 hostTick=2582 ackTick=2582 lastRecordedTick=2588 replayLatestTick=2588 move=(126,-14) predictedBefore=(3.580, 0.008, -1.647) confirmed=(3.304, 0.008, -1.617) replayed=(3.688, 0.008, -1.659) visualBefore=(3.580, 0.008, -1.647) correction=(0.108, 0.000, -0.012) distance=0.109 unresolved=6 replayedCount=6 nextVisualOffset=(-0.108, 0.000, 0.012) mode=smooth rttMs=90.3 snapshotAgeMs=0.0
[rubber-banding][udp-pump] time=61.721 frame=2386 focused=1 windowMs=1001.0 fps=89.9 packets=28 socketAvgMs=33.7 socketP95Ms=225.4 socketMaxMs=253.0 pumpAvgMs=33.8 pumpP95Ms=224.1 pumpMaxMs=254.9 queueDelayAvgMs=5.7 queueDelayP95Ms=11.1 queueDelayMaxMs=13.6 samePump=21 pumpBatchMax=7 queueDepthMax=7 frameMaxMs=13.1
[rubber-banding][guest-reconcile] time=61.897 frame=2402 room=23 world=5 authority=5 entity=2 hostTick=2592 ackTick=2592 lastRecordedTick=2602 replayLatestTick=2602 move=(126,-14) predictedBefore=(4.349, 0.008, -1.733) confirmed=(3.952, 0.008, -1.689) replayed=(4.415, 0.008, -1.740) visualBefore=(4.349, 0.008, -1.733) correction=(0.066, 0.000, -0.007) distance=0.067 unresolved=7 replayedCount=7 nextVisualOffset=(-0.066, 0.000, 0.007) mode=smooth rttMs=34.2 snapshotAgeMs=0.0
[rubber-banding][guest-reconcile] time=61.897 frame=2402 room=23 world=5 authority=5 entity=2 hostTick=2594 ackTick=2594 lastRecordedTick=2602 replayLatestTick=2602 move=(126,-14) predictedBefore=(4.415, 0.008, -1.740) confirmed=(4.074, 0.008, -1.702) replayed=(4.523, 0.008, -1.752) visualBefore=(4.415, 0.008, -1.740) correction=(0.108, 0.000, -0.012) distance=0.109 unresolved=7 replayedCount=7 nextVisualOffset=(-0.108, 0.000, 0.012) mode=smooth rttMs=34.2 snapshotAgeMs=0.0
[rubber-banding][guest-reconcile] time=61.897 frame=2402 room=23 world=5 authority=5 entity=2 hostTick=2604 ackTick=2604 lastRecordedTick=2602 replayLatestTick=0 move=(0,0) predictedBefore=(4.518, 0.008, -1.751) confirmed=(4.650, 0.008, -1.766) replayed=(4.650, 0.008, -1.766) visualBefore=(4.518, 0.008, -1.751) correction=(0.132, 0.000, -0.015) distance=0.133 unresolved=0 replayedCount=0 nextVisualOffset=(-0.132, 0.000, 0.015) mode=smooth rttMs=34.2 snapshotAgeMs=0.0
[rubber-banding][guest-reconcile] time=61.897 frame=2402 room=23 world=5 authority=5 entity=2 hostTick=2606 ackTick=2606 lastRecordedTick=2602 replayLatestTick=0 move=(0,0) predictedBefore=(4.650, 0.008, -1.766) confirmed=(4.749, 0.008, -1.777) replayed=(4.749, 0.008, -1.777) visualBefore=(4.650, 0.008, -1.766) correction=(0.099, 0.000, -0.011) distance=0.100 unresolved=0 replayedCount=0 nextVisualOffset=(-0.099, 0.000, 0.011) mode=smooth rttMs=34.2 snapshotAgeMs=0.0
[rubber-banding][guest-reconcile] time=62.158 frame=2425 room=23 world=5 authority=5 entity=2 hostTick=2622 ackTick=2622 lastRecordedTick=2620 replayLatestTick=0 move=(0,0) predictedBefore=(5.612, 0.008, -1.873) confirmed=(5.744, 0.008, -1.888) replayed=(5.744, 0.008, -1.888) visualBefore=(5.612, 0.008, -1.873) correction=(0.132, 0.000, -0.015) distance=0.133 unresolved=0 replayedCount=0 nextVisualOffset=(-0.132, 0.000, 0.015) mode=smooth rttMs=34.2 snapshotAgeMs=0.0
[rubber-banding][guest-reconcile] time=62.429 frame=2449 room=23 world=5 authority=5 entity=2 hostTick=2636 ackTick=2636 lastRecordedTick=2636 replayLatestTick=0 move=(0,0) predictedBefore=(6.642, 0.008, -1.892) confirmed=(6.670, 0.008, -1.991) replayed=(6.670, 0.008, -1.991) visualBefore=(6.642, 0.008, -1.892) correction=(0.029, 0.000, -0.099) distance=0.103 unresolved=0 replayedCount=0 nextVisualOffset=(-0.029, 0.000, 0.099) mode=smooth rttMs=34.2 snapshotAgeMs=0.0
[rubber-banding][guest-reconcile] time=62.429 frame=2449 room=23 world=5 authority=5 entity=2 hostTick=2638 ackTick=2638 lastRecordedTick=2636 replayLatestTick=0 move=(0,0) predictedBefore=(6.670, 0.008, -1.991) confirmed=(6.770, 0.008, -2.002) replayed=(6.770, 0.008, -2.002) visualBefore=(6.670, 0.008, -1.991) correction=(0.099, 0.000, -0.011) distance=0.100 unresolved=0 replayedCount=0 nextVisualOffset=(-0.099, 0.000, 0.011) mode=smooth rttMs=34.2 snapshotAgeMs=0.0
[rubber-banding][local-input] time=62.626 frame=2466 focused=1 host=0 room=23 world=5 authority=5 entity=2 windowMs=1005.1 updates=89 fixedCalls=51 commands=54 predictionSteps=54 noCommandUpdates=52 estimatedHostTick=2650 nextInputTick=2654 lastRecordedTick=2654 lastResolvedTick=2644 nextLead=4 recordedLead=4 unresolved=10 clamped=38 clampedTotal=1210 batchesSent=993 commandsSent=5739 sendFailures=0 move=(0.07,1.00) jump=0
[rubber-banding][remote-render] time=62.626 frame=2466 entity=1 latestHostTick=2644 buffer=8 windowMs=1005.1 fps=88.6 snapshots=34 arrivalSamples=34 arrivalAvgMs=36.4 arrivalP95Ms=254.9 arrivalMaxMs=258.3 sameArrival=26 tickGapMax=2 renderFrames=89 interpolation=15 extrapolation=74 extrapolationCapped=18 extrapolationMaxMs=219.6 oldestHeld=0 zeroSpan=87 movingFrozen=0 teleport=0 visualStepAvgCm=0.00 visualStepMaxCm=0.00 estimatedHostTick=2650 renderTick=2646.186 latestSnapshotTick=2644.000 renderMinusLatestTicks=2.186 estimatedMinusLatestTicks=6.000 sampleT=2.093
[rubber-banding][remote-render] time=62.626 frame=2466 entity=3 latestHostTick=2644 buffer=8 windowMs=1005.1 fps=88.6 snapshots=34 arrivalSamples=34 arrivalAvgMs=36.4 arrivalP95Ms=254.9 arrivalMaxMs=258.3 sameArrival=26 tickGapMax=2 renderFrames=89 interpolation=15 extrapolation=74 extrapolationCapped=18 extrapolationMaxMs=219.6 oldestHeld=0 zeroSpan=87 movingFrozen=0 teleport=0 visualStepAvgCm=0.00 visualStepMaxCm=0.00 estimatedHostTick=2650 renderTick=2646.186 latestSnapshotTick=2644.000 renderMinusLatestTicks=2.186 estimatedMinusLatestTicks=6.000 sampleT=2.093
[rubber-banding][remote-render] time=62.626 frame=2466 entity=4 latestHostTick=2644 buffer=8 windowMs=1005.1 fps=88.6 snapshots=34 arrivalSamples=34 arrivalAvgMs=36.4 arrivalP95Ms=254.9 arrivalMaxMs=258.3 sameArrival=26 tickGapMax=2 renderFrames=89 interpolation=15 extrapolation=74 extrapolationCapped=18 extrapolationMaxMs=219.6 oldestHeld=0 zeroSpan=87 movingFrozen=0 teleport=0 visualStepAvgCm=0.00 visualStepMaxCm=0.00 estimatedHostTick=2650 renderTick=2646.186 latestSnapshotTick=2644.000 renderMinusLatestTicks=2.186 estimatedMinusLatestTicks=6.000 sampleT=2.093
[rubber-banding][udp-pump] time=62.729 frame=2475 focused=1 windowMs=1007.8 fps=88.3 packets=30 socketAvgMs=32.7 socketP95Ms=249.0 socketMaxMs=263.1 pumpAvgMs=32.8 pumpP95Ms=248.8 pumpMaxMs=258.3 queueDelayAvgMs=5.8 queueDelayP95Ms=11.1 queueDelayMaxMs=12.1 samePump=23 pumpBatchMax=8 queueDepthMax=8 frameMaxMs=12.5
[rubber-banding][local-input] time=63.634 frame=2559 focused=1 host=0 room=23 world=5 authority=5 entity=2 windowMs=1007.9 updates=93 fixedCalls=50 commands=55 predictionSteps=55 noCommandUpdates=49 estimatedHostTick=2710 nextInputTick=2713 lastRecordedTick=2713 lastResolvedTick=2708 nextLead=3 recordedLead=3 unresolved=5 clamped=26 clampedTotal=1236 batchesSent=1023 commandsSent=5938 sendFailures=0 move=(0.00,0.00) jump=0
[rubber-banding][remote-render] time=63.634 frame=2559 entity=1 latestHostTick=2708 buffer=8 windowMs=1007.9 fps=92.3 snapshots=32 arrivalSamples=32 arrivalAvgMs=30.5 arrivalP95Ms=236.2 arrivalMaxMs=246.1 sameArrival=23 tickGapMax=2 renderFrames=93 interpolation=28 extrapolation=65 extrapolationCapped=6 extrapolationMaxMs=174.8 oldestHeld=0 zeroSpan=90 movingFrozen=0 teleport=0 visualStepAvgCm=0.00 visualStepMaxCm=0.00 estimatedHostTick=2710 renderTick=2705.566 latestSnapshotTick=2708.000 renderMinusLatestTicks=-2.434 estimatedMinusLatestTicks=2.000 sampleT=0.783
[rubber-banding][remote-render] time=63.634 frame=2559 entity=3 latestHostTick=2708 buffer=8 windowMs=1007.9 fps=92.3 snapshots=32 arrivalSamples=32 arrivalAvgMs=30.5 arrivalP95Ms=236.2 arrivalMaxMs=246.1 sameArrival=23 tickGapMax=2 renderFrames=93 interpolation=28 extrapolation=65 extrapolationCapped=6 extrapolationMaxMs=174.8 oldestHeld=0 zeroSpan=90 movingFrozen=0 teleport=0 visualStepAvgCm=0.00 visualStepMaxCm=0.00 estimatedHostTick=2710 renderTick=2705.566 latestSnapshotTick=2708.000 renderMinusLatestTicks=-2.434 estimatedMinusLatestTicks=2.000 sampleT=0.783
[rubber-banding][remote-render] time=63.634 frame=2559 entity=4 latestHostTick=2708 buffer=8 windowMs=1007.9 fps=92.3 snapshots=32 arrivalSamples=32 arrivalAvgMs=30.5 arrivalP95Ms=236.2 arrivalMaxMs=246.1 sameArrival=23 tickGapMax=2 renderFrames=93 interpolation=28 extrapolation=65 extrapolationCapped=6 extrapolationMaxMs=174.8 oldestHeld=0 zeroSpan=90 movingFrozen=0 teleport=0 visualStepAvgCm=0.00 visualStepMaxCm=0.00 estimatedHostTick=2710 renderTick=2705.566 latestSnapshotTick=2708.000 renderMinusLatestTicks=-2.434 estimatedMinusLatestTicks=2.000 sampleT=0.783
[rubber-banding][udp-pump] time=63.733 frame=2568 focused=1 windowMs=1004.0 fps=92.6 packets=29 socketAvgMs=33.4 socketP95Ms=234.2 socketMaxMs=251.2 pumpAvgMs=33.3 pumpP95Ms=236.2 pumpMaxMs=246.1 queueDelayAvgMs=4.9 queueDelayP95Ms=9.8 queueDelayMaxMs=10.8 samePump=21 pumpBatchMax=6 queueDepthMax=6 frameMaxMs=12.8
[rubber-banding][guest-reconcile] time=64.295 frame=2621 room=23 world=5 authority=5 entity=2 hostTick=2738 ackTick=2738 lastRecordedTick=2748 replayLatestTick=2748 move=(53,115) predictedBefore=(6.783, 0.008, -0.352) confirmed=(6.773, 0.008, -0.352) replayed=(6.792, 0.008, -0.312) visualBefore=(6.783, 0.008, -0.352) correction=(0.009, 0.000, 0.040) distance=0.041 unresolved=2 replayedCount=2 nextVisualOffset=(-0.009, 0.000, -0.040) mode=smooth rttMs=215.1 snapshotAgeMs=0.0
[rubber-banding][guest-reconcile] time=64.295 frame=2621 room=23 world=5 authority=5 entity=2 hostTick=2740 ackTick=2740 lastRecordedTick=2748 replayLatestTick=2748 move=(53,115) predictedBefore=(6.792, 0.008, -0.312) confirmed=(6.792, 0.008, -0.312) replayed=(6.803, 0.008, -0.288) visualBefore=(6.792, 0.008, -0.312) correction=(0.011, 0.000, 0.024) distance=0.027 unresolved=1 replayedCount=1 nextVisualOffset=(-0.011, 0.000, -0.024) mode=smooth rttMs=215.1 snapshotAgeMs=0.0
[rubber-banding][guest-reconcile] time=64.295 frame=2621 room=23 world=5 authority=5 entity=2 hostTick=2742 ackTick=2742 lastRecordedTick=2748 replayLatestTick=2748 move=(53,115) predictedBefore=(6.803, 0.008, -0.288) confirmed=(6.809, 0.008, -0.274) replayed=(6.817, 0.008, -0.257) visualBefore=(6.803, 0.008, -0.288) correction=(0.014, 0.000, 0.031) distance=0.034 unresolved=1 replayedCount=1 nextVisualOffset=(-0.014, 0.000, -0.031) mode=smooth rttMs=215.1 snapshotAgeMs=0.0
[rubber-banding][local-input] time=64.643 frame=2653 focused=1 host=0 room=23 world=5 authority=5 entity=2 windowMs=1009.4 updates=94 fixedCalls=50 commands=31 predictionSteps=31 noCommandUpdates=81 estimatedHostTick=2777 nextInputTick=2786 lastRecordedTick=2778 lastResolvedTick=2766 nextLead=9 recordedLead=1 unresolved=4 clamped=82 clampedTotal=1318 batchesSent=1054 commandsSent=6102 sendFailures=0 move=(0.00,0.00) jump=0
[rubber-banding][remote-render] time=64.643 frame=2653 entity=1 latestHostTick=2766 buffer=8 windowMs=1009.4 fps=93.1 snapshots=29 arrivalSamples=29 arrivalAvgMs=33.3 arrivalP95Ms=245.5 arrivalMaxMs=251.9 sameArrival=23 tickGapMax=2 renderFrames=94 interpolation=25 extrapolation=69 extrapolationCapped=8 extrapolationMaxMs=194.5 oldestHeld=0 zeroSpan=94 movingFrozen=0 teleport=0 visualStepAvgCm=0.00 visualStepMaxCm=0.00 estimatedHostTick=2777 renderTick=2767.676 latestSnapshotTick=2766.000 renderMinusLatestTicks=1.676 estimatedMinusLatestTicks=11.000 sampleT=1.838
[rubber-banding][remote-render] time=64.643 frame=2653 entity=3 latestHostTick=2766 buffer=8 windowMs=1009.4 fps=93.1 snapshots=29 arrivalSamples=29 arrivalAvgMs=33.3 arrivalP95Ms=245.5 arrivalMaxMs=251.9 sameArrival=23 tickGapMax=2 renderFrames=94 interpolation=25 extrapolation=69 extrapolationCapped=8 extrapolationMaxMs=194.5 oldestHeld=0 zeroSpan=94 movingFrozen=0 teleport=0 visualStepAvgCm=0.00 visualStepMaxCm=0.00 estimatedHostTick=2777 renderTick=2767.676 latestSnapshotTick=2766.000 renderMinusLatestTicks=1.676 estimatedMinusLatestTicks=11.000 sampleT=1.838
[rubber-banding][remote-render] time=64.643 frame=2653 entity=4 latestHostTick=2766 buffer=8 windowMs=1009.4 fps=93.1 snapshots=29 arrivalSamples=29 arrivalAvgMs=33.3 arrivalP95Ms=245.5 arrivalMaxMs=251.9 sameArrival=23 tickGapMax=2 renderFrames=94 interpolation=25 extrapolation=69 extrapolationCapped=8 extrapolationMaxMs=194.5 oldestHeld=0 zeroSpan=94 movingFrozen=0 teleport=0 visualStepAvgCm=0.00 visualStepMaxCm=0.00 estimatedHostTick=2777 renderTick=2767.676 latestSnapshotTick=2766.000 renderMinusLatestTicks=1.676 estimatedMinusLatestTicks=11.000 sampleT=1.838
[rubber-banding][udp-pump] time=64.743 frame=2662 focused=1 windowMs=1010.2 fps=93.0 packets=29 socketAvgMs=33.3 socketP95Ms=239.5 socketMaxMs=258.1 pumpAvgMs=33.3 pumpP95Ms=245.5 pumpMaxMs=251.9 queueDelayAvgMs=5.0 queueDelayP95Ms=9.8 queueDelayMaxMs=10.9 samePump=23 pumpBatchMax=7 queueDepthMax=8 frameMaxMs=12.1
[rubber-banding][guest-reconcile] time=65.279 frame=2712 room=23 world=5 authority=5 entity=2 hostTick=2796 ackTick=2796 lastRecordedTick=2806 replayLatestTick=2806 move=(-96,83) predictedBefore=(6.773, 0.008, -0.167) confirmed=(6.775, 0.008, -0.213) replayed=(6.773, 0.008, -0.202) visualBefore=(6.773, 0.008, -0.167) correction=(0.000, 0.000, -0.035) distance=0.035 unresolved=2 replayedCount=2 nextVisualOffset=(0.000, 0.000, 0.035) mode=smooth rttMs=175.7 snapshotAgeMs=0.0
[rubber-banding][guest-reconcile] time=65.503 frame=2732 room=23 world=5 authority=5 entity=2 hostTick=2810 ackTick=2810 lastRecordedTick=2820 replayLatestTick=2820 move=(-127,-10) predictedBefore=(6.773, 0.008, -0.148) confirmed=(6.773, 0.008, -0.179) replayed=(6.773, 0.008, -0.172) visualBefore=(6.773, 0.008, -0.148) correction=(0.000, 0.000, -0.024) distance=0.024 unresolved=3 replayedCount=3 nextVisualOffset=(0.000, 0.000, 0.024) mode=smooth rttMs=175.7 snapshotAgeMs=0.0
[rubber-banding][guest-reconcile] time=65.514 frame=2733 room=23 world=5 authority=5 entity=2 hostTick=2822 ackTick=2822 lastRecordedTick=2832 replayLatestTick=2832 move=(-83,-96) predictedBefore=(6.770, 0.008, -0.228) confirmed=(6.773, 0.008, -0.174) replayed=(6.770, 0.008, -0.207) visualBefore=(6.770, 0.008, -0.228) correction=(0.000, 0.000, 0.020) distance=0.020 unresolved=2 replayedCount=2 nextVisualOffset=(0.000, 0.000, -0.020) mode=smooth rttMs=175.7 snapshotAgeMs=0.0
[rubber-banding][local-input] time=65.648 frame=2745 focused=1 host=0 room=23 world=5 authority=5 entity=2 windowMs=1004.6 updates=92 fixedCalls=51 commands=22 predictionSteps=22 noCommandUpdates=85 estimatedHostTick=2836 nextInputTick=2844 lastRecordedTick=2834 lastResolvedTick=2822 nextLead=8 recordedLead=-2 unresolved=4 clamped=92 clampedTotal=1410 batchesSent=1084 commandsSent=6222 sendFailures=0 move=(-0.65,-0.76) jump=0
[rubber-banding][remote-render] time=65.648 frame=2745 entity=1 latestHostTick=2822 buffer=8 windowMs=1004.6 fps=91.6 snapshots=28 arrivalSamples=28 arrivalAvgMs=33.8 arrivalP95Ms=236.8 arrivalMaxMs=251.0 sameArrival=21 tickGapMax=2 renderFrames=92 interpolation=8 extrapolation=84 extrapolationCapped=21 extrapolationMaxMs=206.7 oldestHeld=0 zeroSpan=59 movingFrozen=0 teleport=0 visualStepAvgCm=0.00 visualStepMaxCm=0.00 estimatedHostTick=2836 renderTick=2829.714 latestSnapshotTick=2822.000 renderMinusLatestTicks=7.714 estimatedMinusLatestTicks=14.000 sampleT=4.857
[rubber-banding][remote-render] time=65.648 frame=2745 entity=3 latestHostTick=2822 buffer=8 windowMs=1004.6 fps=91.6 snapshots=28 arrivalSamples=28 arrivalAvgMs=33.8 arrivalP95Ms=236.8 arrivalMaxMs=251.0 sameArrival=21 tickGapMax=2 renderFrames=92 interpolation=8 extrapolation=84 extrapolationCapped=21 extrapolationMaxMs=206.7 oldestHeld=0 zeroSpan=59 movingFrozen=0 teleport=0 visualStepAvgCm=0.00 visualStepMaxCm=0.00 estimatedHostTick=2836 renderTick=2829.714 latestSnapshotTick=2822.000 renderMinusLatestTicks=7.714 estimatedMinusLatestTicks=14.000 sampleT=4.857
[rubber-banding][remote-render] time=65.648 frame=2745 entity=4 latestHostTick=2822 buffer=8 windowMs=1004.6 fps=91.6 snapshots=28 arrivalSamples=28 arrivalAvgMs=33.8 arrivalP95Ms=236.8 arrivalMaxMs=251.0 sameArrival=21 tickGapMax=2 renderFrames=92 interpolation=8 extrapolation=84 extrapolationCapped=21 extrapolationMaxMs=206.7 oldestHeld=0 zeroSpan=59 movingFrozen=0 teleport=0 visualStepAvgCm=0.00 visualStepMaxCm=0.00 estimatedHostTick=2836 renderTick=2829.714 latestSnapshotTick=2822.000 renderMinusLatestTicks=7.714 estimatedMinusLatestTicks=14.000 sampleT=4.857
[rubber-banding][guest-reconcile] time=65.735 frame=2753 room=23 world=5 authority=5 entity=2 hostTick=2824 ackTick=2824 lastRecordedTick=2834 replayLatestTick=2834 move=(-83,-96) predictedBefore=(6.770, 0.008, -0.250) confirmed=(6.773, 0.008, -0.174) replayed=(6.770, 0.008, -0.190) visualBefore=(6.770, 0.008, -0.250) correction=(0.000, 0.000, 0.061) distance=0.061 unresolved=3 replayedCount=3 nextVisualOffset=(0.000, 0.000, -0.061) mode=smooth rttMs=175.7 snapshotAgeMs=0.0
[rubber-banding][udp-pump] time=65.746 frame=2754 focused=1 windowMs=1003.1 fps=91.7 packets=35 socketAvgMs=33.5 socketP95Ms=231.1 socketMaxMs=241.9 pumpAvgMs=33.7 pumpP95Ms=236.8 pumpMaxMs=251.0 queueDelayAvgMs=5.2 queueDelayP95Ms=11.6 queueDelayMaxMs=12.1 samePump=26 pumpBatchMax=7 queueDepthMax=8 frameMaxMs=12.5
[rubber-banding][guest-local-edge] time=65.901 room=23 world=5 authority=5 entity=2 eventId=19 kind=Jump stage=Captured relatedEventId=0 inputTick=0 pressed=None createdAt=-1.000000 firstSendRequestedAt=-1.000000 firstSendDelayMs=-1.000 desiredTick=0 assignedTick=0 lastResolvedAtCreate=0 estimatedHostTickAtCreate=0 clampReason=None
[rubber-banding][guest-reconcile] time=65.995 frame=2777 room=23 world=5 authority=5 entity=2 hostTick=2838 ackTick=2838 lastRecordedTick=2848 replayLatestTick=2848 move=(-83,-96) predictedBefore=(6.770, 0.008, -0.341) confirmed=(6.770, 0.008, -0.216) replayed=(6.770, 0.008, -0.254) visualBefore=(6.770, 0.008, -0.341) correction=(0.000, 0.000, 0.087) distance=0.087 unresolved=5 replayedCount=5 nextVisualOffset=(0.000, 0.000, -0.087) mode=smooth rttMs=98.0 snapshotAgeMs=0.0
[rubber-banding][guest-local-edge] time=65.996 room=23 world=5 authority=5 entity=2 eventId=19 kind=Jump stage=Attached relatedEventId=0 inputTick=2850 pressed=Jump createdAt=65.994610 firstSendRequestedAt=-1.000000 firstSendDelayMs=-1.000 desiredTick=2859 assignedTick=2850 lastResolvedAtCreate=2838 estimatedHostTickAtCreate=2854 clampReason=MaximumResolvedLead
[rubber-banding][guest-local-edge] time=65.997 room=23 world=5 authority=5 entity=2 eventId=19 kind=Jump stage=FirstSendRequested relatedEventId=0 inputTick=2850 pressed=Jump createdAt=65.994610 firstSendRequestedAt=65.994610 firstSendDelayMs=0.000 desiredTick=2859 assignedTick=2850 lastResolvedAtCreate=2838 estimatedHostTickAtCreate=2854 clampReason=MaximumResolvedLead
[rubber-banding][guest-reconcile] time=66.006 frame=2778 room=23 world=5 authority=5 entity=2 hostTick=2852 ackTick=2852 lastRecordedTick=2850 replayLatestTick=0 move=(0,0) predictedBefore=(6.770, 0.118, -0.287) confirmed=(6.770, 0.321, -0.327) replayed=(6.770, 0.321, -0.327) visualBefore=(6.770, 0.118, -0.367) correction=(0.000, 0.203, -0.040) distance=0.207 unresolved=0 replayedCount=0 nextVisualOffset=(0.000, -0.203, -0.040) mode=smooth rttMs=98.0 snapshotAgeMs=0.0
[rubber-banding][guest-reconcile] time=66.242 frame=2800 room=23 world=5 authority=5 entity=2 hostTick=2856 ackTick=2856 lastRecordedTick=2866 replayLatestTick=2866 move=(-83,-96) predictedBefore=(6.626, 1.133, -0.613) confirmed=(6.768, 0.663, -0.422) replayed=(6.593, 1.171, -0.651) visualBefore=(6.626, 1.133, -0.613) correction=(-0.033, 0.038, -0.038) distance=0.063 unresolved=7 replayedCount=7 nextVisualOffset=(0.033, -0.038, 0.038) mode=smooth rttMs=98.0 snapshotAgeMs=0.0
[rubber-banding][guest-reconcile] time=66.242 frame=2800 room=23 world=5 authority=5 entity=2 hostTick=2858 ackTick=2858 lastRecordedTick=2866 replayLatestTick=2866 move=(-83,-96) predictedBefore=(6.593, 1.171, -0.651) confirmed=(6.744, 0.920, -0.477) replayed=(6.535, 1.225, -0.718) visualBefore=(6.593, 1.171, -0.651) correction=(-0.058, 0.054, -0.067) distance=0.104 unresolved=7 replayedCount=7 nextVisualOffset=(0.058, -0.054, 0.067) mode=smooth rttMs=98.0 snapshotAgeMs=0.0
[rubber-banding][guest-reconcile] time=66.242 frame=2800 room=23 world=5 authority=5 entity=2 hostTick=2860 ackTick=2860 lastRecordedTick=2866 replayLatestTick=2866 move=(-83,-96) predictedBefore=(6.535, 1.225, -0.718) confirmed=(6.694, 1.035, -0.534) replayed=(6.511, 1.244, -0.746) visualBefore=(6.535, 1.225, -0.718) correction=(-0.024, 0.019, -0.028) distance=0.042 unresolved=6 replayedCount=6 nextVisualOffset=(0.024, -0.019, 0.028) mode=smooth rttMs=98.0 snapshotAgeMs=0.0
[rubber-banding][guest-reconcile] time=66.478 frame=2822 room=23 world=5 authority=5 entity=2 hostTick=2870 ackTick=2870 lastRecordedTick=2878 replayLatestTick=2878 move=(-83,-96) predictedBefore=(6.198, 1.212, -1.108) confirmed=(6.366, 1.273, -0.914) replayed=(6.154, 1.183, -1.159) visualBefore=(6.198, 1.212, -1.108) correction=(-0.044, -0.029, -0.050) distance=0.073 unresolved=5 replayedCount=5 nextVisualOffset=(0.044, 0.029, 0.050) mode=smooth rttMs=98.0 snapshotAgeMs=0.0
[rubber-banding][guest-reconcile] time=66.478 frame=2822 room=23 world=5 authority=5 entity=2 hostTick=2872 ackTick=2872 lastRecordedTick=2878 replayLatestTick=2878 move=(-83,-96) predictedBefore=(6.154, 1.183, -1.159) confirmed=(6.286, 1.254, -1.007) replayed=(6.071, 1.109, -1.255) visualBefore=(6.154, 1.183, -1.159) correction=(-0.084, -0.075, -0.097) distance=0.148 unresolved=5 replayedCount=5 nextVisualOffset=(0.084, 0.075, 0.097) mode=smooth rttMs=98.0 snapshotAgeMs=0.0
[rubber-banding][guest-reconcile] time=66.489 frame=2823 room=23 world=5 authority=5 entity=2 hostTick=2874 ackTick=2874 lastRecordedTick=2884 replayLatestTick=2884 move=(-83,-96) predictedBefore=(5.897, 0.893, -1.457) confirmed=(6.204, 1.212, -1.101) replayed=(5.857, 0.825, -1.503) visualBefore=(5.974, 0.961, -1.368) correction=(-0.040, -0.068, -0.046) distance=0.091 unresolved=8 replayedCount=8 nextVisualOffset=(0.117, 0.137, 0.135) mode=smooth rttMs=98.0 snapshotAgeMs=0.0
[rubber-banding][local-input] time=66.653 frame=2838 focused=1 host=0 room=23 world=5 authority=5 entity=2 windowMs=1005.0 updates=93 fixedCalls=50 commands=39 predictionSteps=39 noCommandUpdates=71 estimatedHostTick=2894 nextInputTick=2899 lastRecordedTick=2892 lastResolvedTick=2880 nextLead=5 recordedLead=-2 unresolved=9 clamped=66 clampedTotal=1476 batchesSent=1115 commandsSent=6426 sendFailures=0 move=(-0.65,-0.76) jump=0
[rubber-banding][remote-render] time=66.653 frame=2838 entity=1 latestHostTick=2880 buffer=8 windowMs=1005.0 fps=92.5 snapshots=29 arrivalSamples=29 arrivalAvgMs=33.6 arrivalP95Ms=235.9 arrivalMaxMs=248.6 sameArrival=21 tickGapMax=2 renderFrames=93 interpolation=6 extrapolation=87 extrapolationCapped=29 extrapolationMaxMs=227.8 oldestHeld=0 zeroSpan=84 movingFrozen=0 teleport=0 visualStepAvgCm=0.00 visualStepMaxCm=0.00 estimatedHostTick=2894 renderTick=2889.673 latestSnapshotTick=2880.000 renderMinusLatestTicks=9.673 estimatedMinusLatestTicks=14.000 sampleT=5.836
[rubber-banding][remote-render] time=66.653 frame=2838 entity=3 latestHostTick=2880 buffer=8 windowMs=1005.0 fps=92.5 snapshots=29 arrivalSamples=29 arrivalAvgMs=33.6 arrivalP95Ms=235.9 arrivalMaxMs=248.6 sameArrival=21 tickGapMax=2 renderFrames=93 interpolation=6 extrapolation=87 extrapolationCapped=29 extrapolationMaxMs=227.8 oldestHeld=0 zeroSpan=84 movingFrozen=0 teleport=0 visualStepAvgCm=0.00 visualStepMaxCm=0.00 estimatedHostTick=2894 renderTick=2889.673 latestSnapshotTick=2880.000 renderMinusLatestTicks=9.673 estimatedMinusLatestTicks=14.000 sampleT=5.836
[rubber-banding][remote-render] time=66.653 frame=2838 entity=4 latestHostTick=2880 buffer=8 windowMs=1005.0 fps=92.5 snapshots=29 arrivalSamples=29 arrivalAvgMs=33.6 arrivalP95Ms=235.9 arrivalMaxMs=248.6 sameArrival=21 tickGapMax=2 renderFrames=93 interpolation=6 extrapolation=87 extrapolationCapped=29 extrapolationMaxMs=227.8 oldestHeld=0 zeroSpan=84 movingFrozen=0 teleport=0 visualStepAvgCm=0.00 visualStepMaxCm=0.00 estimatedHostTick=2894 renderTick=2889.673 latestSnapshotTick=2880.000 renderMinusLatestTicks=9.673 estimatedMinusLatestTicks=14.000 sampleT=5.836
[rubber-banding][guest-reconcile] time=66.716 frame=2844 room=23 world=5 authority=5 entity=2 hostTick=2882 ackTick=2882 lastRecordedTick=2892 replayLatestTick=2892 move=(-83,-96) predictedBefore=(5.552, 0.194, -1.856) confirmed=(5.857, 0.825, -1.503) replayed=(5.508, 0.082, -1.906) visualBefore=(5.552, 0.194, -1.856) correction=(-0.044, -0.112, -0.050) distance=0.131 unresolved=8 replayedCount=8 nextVisualOffset=(0.044, 0.112, 0.050) mode=smooth rttMs=98.0 snapshotAgeMs=0.0
[rubber-banding][guest-reconcile] time=66.716 frame=2844 room=23 world=5 authority=5 entity=2 hostTick=2884 ackTick=2884 lastRecordedTick=2892 replayLatestTick=2892 move=(-83,-96) predictedBefore=(5.508, 0.082, -1.906) confirmed=(5.769, 0.673, -1.604) replayed=(5.465, 0.008, -1.957) visualBefore=(5.508, 0.082, -1.906) correction=(-0.044, -0.074, -0.050) distance=0.100 unresolved=7 replayedCount=7 nextVisualOffset=(0.044, 0.074, 0.050) mode=smooth rttMs=98.0 snapshotAgeMs=0.0
[rubber-banding][guest-reconcile] time=66.716 frame=2844 room=23 world=5 authority=5 entity=2 hostTick=2888 ackTick=2888 lastRecordedTick=2892 replayLatestTick=2892 move=(-83,-96) predictedBefore=(5.465, 0.008, -1.957) confirmed=(5.595, 0.301, -1.805) replayed=(5.421, 0.008, -2.007) visualBefore=(5.465, 0.008, -1.957) correction=(-0.044, 0.000, -0.050) distance=0.067 unresolved=4 replayedCount=4 nextVisualOffset=(0.044, 0.000, 0.050) mode=smooth rttMs=98.0 snapshotAgeMs=0.0
[rubber-banding][guest-reconcile] time=66.716 frame=2844 room=23 world=5 authority=5 entity=2 hostTick=2894 ackTick=2894 lastRecordedTick=2892 replayLatestTick=0 move=(0,0) predictedBefore=(5.421, 0.008, -2.007) confirmed=(5.334, 0.008, -2.108) replayed=(5.334, 0.008, -2.108) visualBefore=(5.421, 0.008, -2.007) correction=(-0.087, 0.000, -0.101) distance=0.133 unresolved=0 replayedCount=0 nextVisualOffset=(0.087, 0.000, 0.101) mode=smooth rttMs=98.0 snapshotAgeMs=0.0
[rubber-banding][udp-pump] time=66.747 frame=2847 focused=1 windowMs=1001.0 fps=92.9 packets=29 socketAvgMs=33.7 socketP95Ms=232.4 socketMaxMs=257.6 pumpAvgMs=33.4 pumpP95Ms=235.9 pumpMaxMs=248.6 queueDelayAvgMs=4.3 queueDelayP95Ms=9.7 queueDelayMaxMs=10.7 samePump=22 pumpBatchMax=7 queueDepthMax=7 frameMaxMs=11.9
[rubber-banding][guest-local-edge] time=66.826 room=23 world=5 authority=5 entity=2 eventId=20 kind=Jump stage=Captured relatedEventId=0 inputTick=0 pressed=None createdAt=-1.000000 firstSendRequestedAt=-1.000000 firstSendDelayMs=-1.000 desiredTick=0 assignedTick=0 lastResolvedAtCreate=0 estimatedHostTickAtCreate=0 clampReason=None
[rubber-banding][guest-reconcile] time=66.964 frame=2867 room=23 world=5 authority=5 entity=2 hostTick=2896 ackTick=2896 lastRecordedTick=2906 replayLatestTick=2906 move=(-83,-96) predictedBefore=(5.029, 0.008, -2.461) confirmed=(5.259, 0.008, -2.194) replayed=(5.045, 0.008, -2.442) visualBefore=(5.029, 0.008, -2.461) correction=(0.016, 0.000, 0.018) distance=0.024 unresolved=5 replayedCount=5 nextVisualOffset=(-0.016, 0.000, -0.018) mode=smooth rttMs=74.5 snapshotAgeMs=0.0
[rubber-banding][guest-reconcile] time=66.964 frame=2867 room=23 world=5 authority=5 entity=2 hostTick=2898 ackTick=2898 lastRecordedTick=2906 replayLatestTick=2906 move=(-83,-96) predictedBefore=(5.045, 0.008, -2.442) confirmed=(5.176, 0.008, -2.291) replayed=(5.001, 0.008, -2.492) visualBefore=(5.045, 0.008, -2.442) correction=(-0.044, 0.000, -0.050) distance=0.067 unresolved=4 replayedCount=4 nextVisualOffset=(0.044, 0.000, 0.050) mode=smooth rttMs=74.5 snapshotAgeMs=0.0
[rubber-banding][guest-reconcile] time=66.964 frame=2867 room=23 world=5 authority=5 entity=2 hostTick=2900 ackTick=2900 lastRecordedTick=2906 replayLatestTick=2906 move=(-83,-96) predictedBefore=(5.001, 0.008, -2.492) confirmed=(5.096, 0.008, -2.383) replayed=(4.930, 0.008, -2.575) visualBefore=(5.001, 0.008, -2.492) correction=(-0.071, 0.000, -0.082) distance=0.109 unresolved=4 replayedCount=4 nextVisualOffset=(0.071, 0.000, 0.082) mode=smooth rttMs=74.5 snapshotAgeMs=0.0
[rubber-banding][guest-local-edge] time=66.965 room=23 world=5 authority=5 entity=2 eventId=20 kind=Jump stage=Attached relatedEventId=0 inputTick=2916 pressed=Jump createdAt=66.963720 firstSendRequestedAt=-1.000000 firstSendDelayMs=-1.000 desiredTick=2916 assignedTick=2916 lastResolvedAtCreate=2904 estimatedHostTickAtCreate=2911 clampReason=None
[rubber-banding][guest-local-edge] time=66.966 room=23 world=5 authority=5 entity=2 eventId=20 kind=Jump stage=FirstSendRequested relatedEventId=0 inputTick=2916 pressed=Jump createdAt=66.963720 firstSendRequestedAt=66.963720 firstSendDelayMs=0.000 desiredTick=2916 assignedTick=2916 lastResolvedAtCreate=2904 estimatedHostTickAtCreate=2911 clampReason=None
[rubber-banding][guest-reconcile] time=67.222 frame=2891 room=23 world=5 authority=5 entity=2 hostTick=2912 ackTick=2912 lastRecordedTick=2922 replayLatestTick=2922 move=(-83,-96) predictedBefore=(4.633, 0.661, -2.919) confirmed=(4.802, 0.008, -2.723) replayed=(4.715, 0.661, -2.823) visualBefore=(4.633, 0.661, -2.919) correction=(0.083, 0.000, 0.096) distance=0.127 unresolved=7 replayedCount=7 nextVisualOffset=(-0.083, 0.000, -0.096) mode=smooth rttMs=74.5 snapshotAgeMs=0.0
[rubber-banding][guest-reconcile] time=67.222 frame=2891 room=23 world=5 authority=5 entity=2 hostTick=2914 ackTick=2914 lastRecordedTick=2922 replayLatestTick=2922 move=(-83,-96) predictedBefore=(4.715, 0.661, -2.823) confirmed=(4.802, 0.008, -2.723) replayed=(4.756, 0.661, -2.776) visualBefore=(4.715, 0.661, -2.823) correction=(0.040, 0.000, 0.047) distance=0.062 unresolved=7 replayedCount=7 nextVisualOffset=(-0.040, 0.000, -0.047) mode=smooth rttMs=74.5 snapshotAgeMs=0.0
[rubber-banding][guest-reconcile] time=67.234 frame=2892 room=23 world=5 authority=5 entity=2 hostTick=2926 ackTick=2926 lastRecordedTick=2931 replayLatestTick=2931 move=(-83,-96) predictedBefore=(4.698, 0.912, -2.843) confirmed=(4.702, 0.912, -2.838) replayed=(4.687, 0.960, -2.856) visualBefore=(4.698, 0.912, -2.843) correction=(-0.011, 0.049, -0.013) distance=0.052 unresolved=1 replayedCount=1 nextVisualOffset=(0.011, -0.049, 0.013) mode=smooth rttMs=74.5 snapshotAgeMs=0.0
[rubber-banding][guest-reconcile] time=67.481 frame=2915 room=23 world=5 authority=5 entity=2 hostTick=2928 ackTick=2928 lastRecordedTick=2938 replayLatestTick=2938 move=(-83,-96) predictedBefore=(4.539, 1.146, -3.027) confirmed=(4.675, 1.004, -2.870) replayed=(4.512, 1.150, -3.059) visualBefore=(4.539, 1.146, -3.027) correction=(-0.028, 0.003, -0.032) distance=0.042 unresolved=8 replayedCount=8 nextVisualOffset=(0.028, -0.003, 0.032) mode=smooth rttMs=74.5 snapshotAgeMs=0.0
[rubber-banding][guest-reconcile] time=67.491 frame=2916 room=23 world=5 authority=5 entity=2 hostTick=2930 ackTick=2930 lastRecordedTick=2940 replayLatestTick=2940 move=(-83,-96) predictedBefore=(4.457, 1.130, -3.122) confirmed=(4.647, 1.073, -2.902) replayed=(4.429, 1.089, -3.154) visualBefore=(4.482, 1.128, -3.093) correction=(-0.028, -0.041, -0.032) distance=0.059 unresolved=10 replayedCount=10 nextVisualOffset=(0.053, 0.038, 0.062) mode=smooth rttMs=74.5 snapshotAgeMs=0.0
[rubber-banding][guest-reconcile] time=67.491 frame=2916 room=23 world=5 authority=5 entity=2 hostTick=2942 ackTick=2942 lastRecordedTick=2940 replayLatestTick=0 move=(0,0) predictedBefore=(4.429, 1.089, -3.154) confirmed=(4.372, 1.026, -3.220) replayed=(4.372, 1.026, -3.220) visualBefore=(4.455, 1.086, -3.125) correction=(-0.057, -0.064, -0.066) distance=0.107 unresolved=0 replayedCount=0 nextVisualOffset=(0.082, 0.061, 0.095) mode=smooth rttMs=74.5 snapshotAgeMs=0.0
[rubber-banding][local-input] time=67.663 frame=2932 focused=1 host=0 room=23 world=5 authority=5 entity=2 windowMs=1010.5 updates=94 fixedCalls=50 commands=40 predictionSteps=40 noCommandUpdates=67 estimatedHostTick=2953 nextInputTick=2958 lastRecordedTick=2954 lastResolvedTick=2942 nextLead=5 recordedLead=1 unresolved=10 clamped=53 clampedTotal=1529 batchesSent=1146 commandsSent=6628 sendFailures=0 move=(-0.65,-0.76) jump=0
[rubber-banding][remote-render] time=67.663 frame=2932 entity=1 latestHostTick=2942 buffer=8 windowMs=1010.5 fps=93.0 snapshots=31 arrivalSamples=31 arrivalAvgMs=32.3 arrivalP95Ms=247.1 arrivalMaxMs=248.1 sameArrival=24 tickGapMax=2 renderFrames=94 interpolation=15 extrapolation=79 extrapolationCapped=23 extrapolationMaxMs=218.8 oldestHeld=0 zeroSpan=92 movingFrozen=0 teleport=0 visualStepAvgCm=0.00 visualStepMaxCm=0.00 estimatedHostTick=2953 renderTick=2948.900 latestSnapshotTick=2942.000 renderMinusLatestTicks=6.900 estimatedMinusLatestTicks=11.000 sampleT=4.450
[rubber-banding][remote-render] time=67.663 frame=2932 entity=3 latestHostTick=2942 buffer=8 windowMs=1010.5 fps=93.0 snapshots=31 arrivalSamples=31 arrivalAvgMs=32.3 arrivalP95Ms=247.1 arrivalMaxMs=248.1 sameArrival=24 tickGapMax=2 renderFrames=94 interpolation=15 extrapolation=79 extrapolationCapped=23 extrapolationMaxMs=218.8 oldestHeld=0 zeroSpan=92 movingFrozen=0 teleport=0 visualStepAvgCm=0.00 visualStepMaxCm=0.00 estimatedHostTick=2953 renderTick=2948.900 latestSnapshotTick=2942.000 renderMinusLatestTicks=6.900 estimatedMinusLatestTicks=11.000 sampleT=4.450
[rubber-banding][remote-render] time=67.663 frame=2932 entity=4 latestHostTick=2942 buffer=8 windowMs=1010.5 fps=93.0 snapshots=31 arrivalSamples=31 arrivalAvgMs=32.3 arrivalP95Ms=247.1 arrivalMaxMs=248.1 sameArrival=24 tickGapMax=2 renderFrames=94 interpolation=15 extrapolation=79 extrapolationCapped=23 extrapolationMaxMs=218.8 oldestHeld=0 zeroSpan=92 movingFrozen=0 teleport=0 visualStepAvgCm=0.00 visualStepMaxCm=0.00 estimatedHostTick=2953 renderTick=2948.900 latestSnapshotTick=2942.000 renderMinusLatestTicks=6.900 estimatedMinusLatestTicks=11.000 sampleT=4.450
[rubber-banding][guest-reconcile] time=67.750 frame=2940 room=23 world=5 authority=5 entity=2 hostTick=2946 ackTick=2946 lastRecordedTick=2954 replayLatestTick=2954 move=(-83,-96) predictedBefore=(4.009, 0.375, -3.640) confirmed=(4.244, 0.832, -3.368) replayed=(3.965, 0.279, -3.691) visualBefore=(4.009, 0.375, -3.640) correction=(-0.044, -0.096, -0.050) distance=0.117 unresolved=7 replayedCount=7 nextVisualOffset=(0.044, 0.096, 0.050) mode=smooth rttMs=74.5 snapshotAgeMs=0.0
[rubber-banding][guest-reconcile] time=67.750 frame=2940 room=23 world=5 authority=5 entity=2 hostTick=2948 ackTick=2948 lastRecordedTick=2954 replayLatestTick=2954 move=(-83,-96) predictedBefore=(3.965, 0.279, -3.691) confirmed=(4.172, 0.702, -3.452) replayed=(3.922, 0.178, -3.741) visualBefore=(3.965, 0.279, -3.691) correction=(-0.044, -0.101, -0.050) distance=0.121 unresolved=6 replayedCount=6 nextVisualOffset=(0.044, 0.101, 0.050) mode=smooth rttMs=74.5 snapshotAgeMs=0.0
[rubber-banding][guest-reconcile] time=67.750 frame=2940 room=23 world=5 authority=5 entity=2 hostTick=2956 ackTick=2956 lastRecordedTick=2954 replayLatestTick=0 move=(0,0) predictedBefore=(3.922, 0.178, -3.741) confirmed=(3.835, 0.008, -3.842) replayed=(3.835, 0.008, -3.842) visualBefore=(3.922, 0.178, -3.741) correction=(-0.087, -0.170, -0.101) distance=0.216 unresolved=0 replayedCount=0 nextVisualOffset=(0.087, 0.170, 0.101) mode=smooth rttMs=74.5 snapshotAgeMs=0.0
[rubber-banding][udp-pump] time=67.750 frame=2940 focused=1 windowMs=1002.6 fps=92.8 packets=31 socketAvgMs=33.3 socketP95Ms=252.3 socketMaxMs=257.3 pumpAvgMs=33.4 pumpP95Ms=248.1 pumpMaxMs=258.9 queueDelayAvgMs=4.6 queueDelayP95Ms=11.2 queueDelayMaxMs=11.5 samePump=24 pumpBatchMax=7 queueDepthMax=8 frameMaxMs=11.9
[rubber-banding][guest-local-edge] time=67.935 room=23 world=5 authority=5 entity=2 eventId=21 kind=Jump stage=Captured relatedEventId=0 inputTick=0 pressed=None createdAt=-1.000000 firstSendRequestedAt=-1.000000 firstSendDelayMs=-1.000 desiredTick=0 assignedTick=0 lastResolvedAtCreate=0 estimatedHostTickAtCreate=0 clampReason=None
[rubber-banding][guest-reconcile] time=67.987 frame=2962 room=23 world=5 authority=5 entity=2 hostTick=2958 ackTick=2958 lastRecordedTick=2968 replayLatestTick=2968 move=(-83,-96) predictedBefore=(3.486, 0.008, -4.245) confirmed=(3.760, 0.008, -3.928) replayed=(3.502, 0.008, -4.226) visualBefore=(3.486, 0.008, -4.245) correction=(0.016, 0.000, 0.018) distance=0.024 unresolved=6 replayedCount=6 nextVisualOffset=(-0.016, 0.000, -0.018) mode=smooth rttMs=86.2 snapshotAgeMs=0.0
[rubber-banding][guest-local-edge] time=67.988 room=23 world=5 authority=5 entity=2 eventId=21 kind=Jump stage=Attached relatedEventId=0 inputTick=2970 pressed=Jump createdAt=67.987270 firstSendRequestedAt=-1.000000 firstSendDelayMs=-1.000 desiredTick=2978 assignedTick=2970 lastResolvedAtCreate=2958 estimatedHostTickAtCreate=2973 clampReason=MaximumResolvedLead
[rubber-banding][guest-local-edge] time=67.989 room=23 world=5 authority=5 entity=2 eventId=21 kind=Jump stage=FirstSendRequested relatedEventId=0 inputTick=2970 pressed=Jump createdAt=67.987270 firstSendRequestedAt=67.987270 firstSendDelayMs=0.000 desiredTick=2978 assignedTick=2970 lastResolvedAtCreate=2958 estimatedHostTickAtCreate=2973 clampReason=MaximumResolvedLead
[rubber-banding][guest-reconcile] time=67.999 frame=2963 room=23 world=5 authority=5 entity=2 hostTick=2960 ackTick=2960 lastRecordedTick=2970 replayLatestTick=2970 move=(-83,-96) predictedBefore=(3.415, 0.118, -4.327) confirmed=(3.676, 0.008, -4.025) replayed=(3.371, 0.118, -4.378) visualBefore=(3.400, 0.118, -4.344) correction=(-0.044, 0.000, -0.050) distance=0.067 unresolved=7 replayedCount=7 nextVisualOffset=(0.029, 0.000, 0.033) mode=smooth rttMs=86.2 snapshotAgeMs=0.0
[rubber-banding][guest-reconcile] time=67.999 frame=2963 room=23 world=5 authority=5 entity=2 hostTick=2962 ackTick=2962 lastRecordedTick=2970 replayLatestTick=2970 move=(-83,-96) predictedBefore=(3.371, 0.118, -4.378) confirmed=(3.596, 0.008, -4.117) replayed=(3.300, 0.118, -4.460) visualBefore=(3.356, 0.118, -4.395) correction=(-0.071, 0.000, -0.082) distance=0.109 unresolved=7 replayedCount=7 nextVisualOffset=(0.056, 0.000, 0.065) mode=smooth rttMs=86.2 snapshotAgeMs=0.0
[rubber-banding][guest-reconcile] time=67.999 frame=2963 room=23 world=5 authority=5 entity=2 hostTick=2972 ackTick=2972 lastRecordedTick=2970 replayLatestTick=0 move=(0,0) predictedBefore=(3.304, 0.118, -4.456) confirmed=(3.217, 0.321, -4.556) replayed=(3.217, 0.321, -4.556) visualBefore=(3.289, 0.118, -4.473) correction=(-0.087, 0.203, -0.101) distance=0.243 unresolved=0 replayedCount=0 nextVisualOffset=(0.072, -0.203, 0.084) mode=smooth rttMs=86.2 snapshotAgeMs=0.0
[rubber-banding][guest-reconcile] time=68.233 frame=2984 room=23 world=5 authority=5 entity=2 hostTick=2976 ackTick=2976 lastRecordedTick=2984 replayLatestTick=2984 move=(-83,-96) predictedBefore=(2.825, 0.960, -5.010) confirmed=(3.042, 0.661, -4.758) replayed=(2.781, 1.004, -5.060) visualBefore=(2.825, 0.960, -5.010) correction=(-0.044, 0.043, -0.050) distance=0.079 unresolved=6 replayedCount=6 nextVisualOffset=(0.044, -0.043, 0.050) mode=smooth rttMs=86.2 snapshotAgeMs=0.0
[rubber-banding][guest-reconcile] time=68.233 frame=2984 room=23 world=5 authority=5 entity=2 hostTick=2978 ackTick=2978 lastRecordedTick=2984 replayLatestTick=2984 move=(-83,-96) predictedBefore=(2.781, 1.004, -5.060) confirmed=(2.955, 0.797, -4.859) replayed=(2.694, 1.073, -5.161) visualBefore=(2.781, 1.004, -5.060) correction=(-0.087, 0.070, -0.101) distance=0.150 unresolved=6 replayedCount=6 nextVisualOffset=(0.087, -0.070, 0.101) mode=smooth rttMs=86.2 snapshotAgeMs=0.0
[rubber-banding][guest-reconcile] time=68.487 frame=3007 room=23 world=5 authority=5 entity=2 hostTick=2988 ackTick=2988 lastRecordedTick=2998 replayLatestTick=2998 move=(-83,-96) predictedBefore=(2.302, 1.113, -5.615) confirmed=(2.520, 1.146, -5.363) replayed=(2.258, 1.089, -5.665) visualBefore=(2.302, 1.113, -5.615) correction=(-0.044, -0.023, -0.050) distance=0.071 unresolved=6 replayedCount=6 nextVisualOffset=(0.044, 0.023, 0.050) mode=smooth rttMs=86.2 snapshotAgeMs=0.0
[rubber-banding][guest-reconcile] time=68.487 frame=3007 room=23 world=5 authority=5 entity=2 hostTick=2990 ackTick=2990 lastRecordedTick=2998 replayLatestTick=2998 move=(-83,-96) predictedBefore=(2.258, 1.089, -5.665) confirmed=(2.432, 1.150, -5.464) replayed=(2.171, 1.026, -5.766) visualBefore=(2.258, 1.089, -5.665) correction=(-0.087, -0.064, -0.101) distance=0.148 unresolved=6 replayedCount=6 nextVisualOffset=(0.087, 0.064, 0.101) mode=smooth rttMs=86.2 snapshotAgeMs=0.0
[rubber-banding][guest-reconcile] time=68.487 frame=3007 room=23 world=5 authority=5 entity=2 hostTick=2992 ackTick=2992 lastRecordedTick=2998 replayLatestTick=2998 move=(-83,-96) predictedBefore=(2.171, 1.026, -5.766) confirmed=(2.345, 1.130, -5.564) replayed=(2.084, 0.940, -5.867) visualBefore=(2.171, 1.026, -5.766) correction=(-0.087, -0.086, -0.101) distance=0.158 unresolved=6 replayedCount=6 nextVisualOffset=(0.087, 0.086, 0.101) mode=smooth rttMs=86.2 snapshotAgeMs=0.0
[rubber-banding][guest-reconcile] time=68.487 frame=3007 room=23 world=5 authority=5 entity=2 hostTick=3000 ackTick=3000 lastRecordedTick=2998 replayLatestTick=0 move=(0,0) predictedBefore=(2.084, 0.940, -5.867) confirmed=(1.997, 0.832, -5.968) replayed=(1.997, 0.832, -5.968) visualBefore=(2.084, 0.940, -5.867) correction=(-0.087, -0.108, -0.101) distance=0.171 unresolved=0 replayedCount=0 nextVisualOffset=(0.087, 0.108, 0.101) mode=smooth rttMs=86.2 snapshotAgeMs=0.0
[rubber-banding][guest-reconcile] time=68.487 frame=3007 room=23 world=5 authority=5 entity=2 hostTick=3002 ackTick=3002 lastRecordedTick=2998 replayLatestTick=0 move=(0,0) predictedBefore=(1.997, 0.832, -5.968) confirmed=(1.910, 0.702, -6.068) replayed=(1.910, 0.702, -6.068) visualBefore=(1.997, 0.832, -5.968) correction=(-0.087, -0.130, -0.101) distance=0.186 unresolved=0 replayedCount=0 nextVisualOffset=(0.087, 0.130, 0.101) mode=smooth rttMs=86.2 snapshotAgeMs=0.0
[rubber-banding][local-input] time=68.665 frame=3023 focused=1 host=0 room=23 world=5 authority=5 entity=2 windowMs=1001.6 updates=91 fixedCalls=51 commands=38 predictionSteps=38 noCommandUpdates=66 estimatedHostTick=3014 nextInputTick=3019 lastRecordedTick=3014 lastResolvedTick=3002 nextLead=5 recordedLead=0 unresolved=10 clamped=57 clampedTotal=1586 batchesSent=1177 commandsSent=6852 sendFailures=0 move=(-0.65,-0.76) jump=0
[rubber-banding][remote-render] time=68.665 frame=3023 entity=1 latestHostTick=3002 buffer=8 windowMs=1001.6 fps=90.9 snapshots=30 arrivalSamples=30 arrivalAvgMs=33.2 arrivalP95Ms=241.7 arrivalMaxMs=258.9 sameArrival=24 tickGapMax=2 renderFrames=91 interpolation=19 extrapolation=72 extrapolationCapped=16 extrapolationMaxMs=194.1 oldestHeld=0 zeroSpan=69 movingFrozen=0 teleport=0 visualStepAvgCm=0.00 visualStepMaxCm=0.00 estimatedHostTick=3014 renderTick=3008.940 latestSnapshotTick=3002.000 renderMinusLatestTicks=6.940 estimatedMinusLatestTicks=12.000 sampleT=4.470
[rubber-banding][remote-render] time=68.665 frame=3023 entity=3 latestHostTick=3002 buffer=8 windowMs=1001.6 fps=90.9 snapshots=30 arrivalSamples=30 arrivalAvgMs=33.2 arrivalP95Ms=241.7 arrivalMaxMs=258.9 sameArrival=24 tickGapMax=2 renderFrames=91 interpolation=19 extrapolation=72 extrapolationCapped=16 extrapolationMaxMs=194.1 oldestHeld=0 zeroSpan=69 movingFrozen=0 teleport=0 visualStepAvgCm=0.00 visualStepMaxCm=0.00 estimatedHostTick=3014 renderTick=3008.940 latestSnapshotTick=3002.000 renderMinusLatestTicks=6.940 estimatedMinusLatestTicks=12.000 sampleT=4.470
[rubber-banding][remote-render] time=68.665 frame=3023 entity=4 latestHostTick=3002 buffer=8 windowMs=1001.6 fps=90.9 snapshots=30 arrivalSamples=30 arrivalAvgMs=33.2 arrivalP95Ms=241.7 arrivalMaxMs=258.9 sameArrival=24 tickGapMax=2 renderFrames=91 interpolation=19 extrapolation=72 extrapolationCapped=16 extrapolationMaxMs=194.1 oldestHeld=0 zeroSpan=69 movingFrozen=0 teleport=0 visualStepAvgCm=0.00 visualStepMaxCm=0.00 estimatedHostTick=3014 renderTick=3008.940 latestSnapshotTick=3002.000 renderMinusLatestTicks=6.940 estimatedMinusLatestTicks=12.000 sampleT=4.470
[rubber-banding][guest-reconcile] time=68.722 frame=3028 room=23 world=5 authority=5 entity=2 hostTick=3006 ackTick=3006 lastRecordedTick=3016 replayLatestTick=3016 move=(-83,-96) predictedBefore=(1.387, 0.008, -6.673) confirmed=(1.735, 0.375, -6.270) replayed=(1.343, 0.008, -6.723) visualBefore=(1.387, 0.008, -6.673) correction=(-0.044, 0.000, -0.050) distance=0.067 unresolved=9 replayedCount=9 nextVisualOffset=(0.044, 0.000, 0.050) mode=smooth rttMs=86.2 snapshotAgeMs=0.0
[rubber-banding][guest-reconcile] time=68.722 frame=3028 room=23 world=5 authority=5 entity=2 hostTick=3008 ackTick=3008 lastRecordedTick=3016 replayLatestTick=3016 move=(-83,-96) predictedBefore=(1.343, 0.008, -6.723) confirmed=(1.648, 0.178, -6.371) replayed=(1.300, 0.008, -6.774) visualBefore=(1.343, 0.008, -6.723) correction=(-0.044, 0.000, -0.050) distance=0.067 unresolved=8 replayedCount=8 nextVisualOffset=(0.044, 0.000, 0.050) mode=smooth rttMs=86.2 snapshotAgeMs=0.0
[rubber-banding][udp-pump] time=68.755 frame=3031 focused=1 windowMs=1005.7 fps=90.5 packets=29 socketAvgMs=33.4 socketP95Ms=237.6 socketMaxMs=248.0 pumpAvgMs=33.5 pumpP95Ms=237.7 pumpMaxMs=241.7 queueDelayAvgMs=3.6 queueDelayP95Ms=10.5 queueDelayMaxMs=12.1 samePump=22 pumpBatchMax=8 queueDepthMax=7 frameMaxMs=12.9
[rubber-banding][guest-reconcile] time=68.948 frame=3048 room=23 world=5 authority=5 entity=2 hostTick=3028 ackTick=3028 lastRecordedTick=3026 replayLatestTick=0 move=(0,0) predictedBefore=(0.864, 0.008, -7.278) confirmed=(0.777, 0.008, -7.379) replayed=(0.777, 0.008, -7.379) visualBefore=(0.864, 0.008, -7.278) correction=(-0.087, 0.000, -0.101) distance=0.133 unresolved=0 replayedCount=0 nextVisualOffset=(0.087, 0.000, 0.101) mode=smooth rttMs=56.6 snapshotAgeMs=0.0
[rubber-banding][guest-reconcile] time=69.164 frame=3067 room=23 world=5 authority=5 entity=2 hostTick=3030 ackTick=3030 lastRecordedTick=3040 replayLatestTick=3040 move=(-127,-10) predictedBefore=(0.272, 0.008, -7.747) confirmed=(0.702, 0.008, -7.465) replayed=(0.288, 0.008, -7.728) visualBefore=(0.272, 0.008, -7.747) correction=(0.016, 0.000, 0.018) distance=0.024 unresolved=8 replayedCount=8 nextVisualOffset=(-0.016, 0.000, -0.018) mode=smooth rttMs=56.6 snapshotAgeMs=0.0
[rubber-banding][guest-reconcile] time=69.176 frame=3068 room=23 world=5 authority=5 entity=2 hostTick=3032 ackTick=3032 lastRecordedTick=3042 replayLatestTick=3042 move=(-96,83) predictedBefore=(0.188, 0.008, -7.641) confirmed=(0.619, 0.008, -7.562) replayed=(0.144, 0.008, -7.692) visualBefore=(0.173, 0.008, -7.658) correction=(-0.044, 0.000, -0.050) distance=0.067 unresolved=9 replayedCount=9 nextVisualOffset=(0.029, 0.000, 0.033) mode=smooth rttMs=56.6 snapshotAgeMs=0.0
[rubber-banding][guest-reconcile] time=69.176 frame=3068 room=23 world=5 authority=5 entity=2 hostTick=3034 ackTick=3034 lastRecordedTick=3042 replayLatestTick=3042 move=(-96,83) predictedBefore=(0.144, 0.008, -7.692) confirmed=(0.531, 0.008, -7.662) replayed=(0.100, 0.008, -7.742) visualBefore=(0.129, 0.008, -7.709) correction=(-0.044, 0.000, -0.050) distance=0.067 unresolved=8 replayedCount=8 nextVisualOffset=(0.029, 0.000, 0.033) mode=smooth rttMs=56.6 snapshotAgeMs=0.0
[rubber-banding][guest-reconcile] time=69.176 frame=3068 room=23 world=5 authority=5 entity=2 hostTick=3042 ackTick=3042 lastRecordedTick=3042 replayLatestTick=0 move=(0,0) predictedBefore=(0.100, 0.008, -7.742) confirmed=(0.068, 0.008, -7.840) replayed=(0.068, 0.008, -7.840) visualBefore=(0.086, 0.008, -7.759) correction=(-0.032, 0.000, -0.098) distance=0.103 unresolved=0 replayedCount=0 nextVisualOffset=(0.017, 0.000, 0.081) mode=smooth rttMs=56.6 snapshotAgeMs=0.0
[rubber-banding][guest-reconcile] time=69.424 frame=3090 room=23 world=5 authority=5 entity=2 hostTick=3044 ackTick=3044 lastRecordedTick=3054 replayLatestTick=3054 move=(-10,127) predictedBefore=(-0.396, 0.008, -7.315) confirmed=(-0.032, 0.008, -7.806) replayed=(-0.391, 0.008, -7.371) visualBefore=(-0.396, 0.008, -7.315) correction=(0.005, 0.000, -0.057) distance=0.057 unresolved=9 replayedCount=9 nextVisualOffset=(-0.005, 0.000, 0.057) mode=smooth rttMs=56.6 snapshotAgeMs=0.0
[rubber-banding][guest-reconcile] time=69.424 frame=3090 room=23 world=5 authority=5 entity=2 hostTick=3046 ackTick=3046 lastRecordedTick=3054 replayLatestTick=3054 move=(-10,127) predictedBefore=(-0.391, 0.008, -7.371) confirmed=(-0.128, 0.008, -7.722) replayed=(-0.441, 0.008, -7.328) visualBefore=(-0.391, 0.008, -7.371) correction=(-0.050, 0.000, 0.044) distance=0.067 unresolved=8 replayedCount=8 nextVisualOffset=(0.050, 0.000, -0.044) mode=smooth rttMs=56.6 snapshotAgeMs=0.0
[rubber-banding][guest-reconcile] time=69.435 frame=3091 room=23 world=5 authority=5 entity=2 hostTick=3056 ackTick=3056 lastRecordedTick=3062 replayLatestTick=3062 move=(83,96) predictedBefore=(-0.267, 0.008, -7.126) confirmed=(-0.452, 0.008, -7.195) replayed=(-0.364, 0.008, -7.094) visualBefore=(-0.267, 0.008, -7.126) correction=(-0.098, 0.000, 0.032) distance=0.103 unresolved=2 replayedCount=2 nextVisualOffset=(0.098, 0.000, -0.032) mode=smooth rttMs=56.6 snapshotAgeMs=0.0
[rubber-banding][guest-reconcile] time=69.435 frame=3091 room=23 world=5 authority=5 entity=2 hostTick=3058 ackTick=3058 lastRecordedTick=3062 replayLatestTick=3062 move=(83,96) predictedBefore=(-0.364, 0.008, -7.094) confirmed=(-0.459, 0.008, -7.095) replayed=(-0.428, 0.008, -7.059) visualBefore=(-0.364, 0.008, -7.094) correction=(-0.064, 0.000, 0.035) distance=0.073 unresolved=1 replayedCount=1 nextVisualOffset=(0.064, 0.000, -0.035) mode=smooth rttMs=56.6 snapshotAgeMs=0.0
[rubber-banding][guest-reconcile] time=69.663 frame=3111 room=23 world=5 authority=5 entity=2 hostTick=3060 ackTick=3060 lastRecordedTick=3070 replayLatestTick=3070 move=(0,0) predictedBefore=(-0.194, 0.008, -6.788) confirmed=(-0.464, 0.008, -7.040) replayed=(-0.326, 0.008, -6.880) visualBefore=(-0.194, 0.008, -6.788) correction=(-0.132, 0.000, -0.092) distance=0.160 unresolved=9 replayedCount=9 nextVisualOffset=(0.132, 0.000, 0.092) mode=smooth rttMs=56.6 snapshotAgeMs=0.0
[rubber-banding][guest-reconcile] time=69.675 frame=3112 room=23 world=5 authority=5 entity=2 hostTick=3062 ackTick=3062 lastRecordedTick=3072 replayLatestTick=3072 move=(-95,85) predictedBefore=(-0.333, 0.008, -6.873) confirmed=(-0.455, 0.008, -7.018) replayed=(-0.388, 0.008, -6.925) visualBefore=(-0.212, 0.008, -6.789) correction=(-0.055, 0.000, -0.052) distance=0.076 unresolved=10 replayedCount=10 nextVisualOffset=(0.177, 0.000, 0.137) mode=smooth rttMs=56.6 snapshotAgeMs=0.0
[rubber-banding][local-input] time=69.675 frame=3112 focused=1 host=0 room=23 world=5 authority=5 entity=2 windowMs=1010.1 updates=89 fixedCalls=50 commands=53 predictionSteps=53 noCommandUpdates=54 estimatedHostTick=3073 nextInputTick=3077 lastRecordedTick=3077 lastResolvedTick=3072 nextLead=4 recordedLead=4 unresolved=4 clamped=45 clampedTotal=1631 batchesSent=1208 commandsSent=7072 sendFailures=0 move=(-0.75,0.67) jump=0
[rubber-banding][remote-render] time=69.675 frame=3112 entity=1 latestHostTick=3072 buffer=8 windowMs=1010.1 fps=88.1 snapshots=35 arrivalSamples=35 arrivalAvgMs=34.0 arrivalP95Ms=228.0 arrivalMaxMs=247.8 sameArrival=26 tickGapMax=2 renderFrames=89 interpolation=18 extrapolation=71 extrapolationCapped=13 extrapolationMaxMs=191.8 oldestHeld=0 zeroSpan=84 movingFrozen=0 teleport=0 visualStepAvgCm=0.00 visualStepMaxCm=0.00 estimatedHostTick=3073 renderTick=3069.187 latestSnapshotTick=3072.000 renderMinusLatestTicks=-2.813 estimatedMinusLatestTicks=1.000 sampleT=0.594
[rubber-banding][remote-render] time=69.675 frame=3112 entity=3 latestHostTick=3072 buffer=8 windowMs=1010.1 fps=88.1 snapshots=35 arrivalSamples=35 arrivalAvgMs=34.0 arrivalP95Ms=228.0 arrivalMaxMs=247.8 sameArrival=26 tickGapMax=2 renderFrames=89 interpolation=18 extrapolation=71 extrapolationCapped=13 extrapolationMaxMs=191.8 oldestHeld=0 zeroSpan=84 movingFrozen=0 teleport=0 visualStepAvgCm=0.00 visualStepMaxCm=0.00 estimatedHostTick=3073 renderTick=3069.187 latestSnapshotTick=3072.000 renderMinusLatestTicks=-2.813 estimatedMinusLatestTicks=1.000 sampleT=0.594
[rubber-banding][remote-render] time=69.675 frame=3112 entity=4 latestHostTick=3072 buffer=8 windowMs=1010.1 fps=88.1 snapshots=35 arrivalSamples=35 arrivalAvgMs=34.0 arrivalP95Ms=228.0 arrivalMaxMs=247.8 sameArrival=26 tickGapMax=2 renderFrames=89 interpolation=18 extrapolation=71 extrapolationCapped=13 extrapolationMaxMs=191.8 oldestHeld=0 zeroSpan=84 movingFrozen=0 teleport=0 visualStepAvgCm=0.00 visualStepMaxCm=0.00 estimatedHostTick=3073 renderTick=3069.187 latestSnapshotTick=3072.000 renderMinusLatestTicks=-2.813 estimatedMinusLatestTicks=1.000 sampleT=0.594
[rubber-banding][udp-pump] time=69.756 frame=3119 focused=1 windowMs=1001.1 fps=87.9 packets=29 socketAvgMs=32.9 socketP95Ms=234.7 socketMaxMs=245.9 pumpAvgMs=32.9 pumpP95Ms=228.0 pumpMaxMs=247.8 queueDelayAvgMs=5.3 queueDelayP95Ms=10.8 queueDelayMaxMs=12.0 samePump=22 pumpBatchMax=7 queueDepthMax=7 frameMaxMs=13.0
[rubber-banding][guest-reconcile] time=69.887 frame=3131 room=23 world=5 authority=5 entity=2 hostTick=3074 ackTick=3074 lastRecordedTick=3084 replayLatestTick=3084 move=(-94,85) predictedBefore=(-0.607, 0.008, -6.729) confirmed=(-0.384, 0.008, -6.930) replayed=(-0.517, 0.008, -6.809) visualBefore=(-0.607, 0.008, -6.729) correction=(0.089, 0.000, -0.080) distance=0.120 unresolved=9 replayedCount=9 nextVisualOffset=(-0.089, 0.000, 0.080) mode=smooth rttMs=56.6 snapshotAgeMs=0.0
[rubber-banding][guest-reconcile] time=69.887 frame=3131 room=23 world=5 authority=5 entity=2 hostTick=3076 ackTick=3076 lastRecordedTick=3084 replayLatestTick=3084 move=(-94,85) predictedBefore=(-0.517, 0.008, -6.809) confirmed=(-0.396, 0.008, -6.919) replayed=(-0.545, 0.008, -6.785) visualBefore=(-0.517, 0.008, -6.809) correction=(-0.027, 0.000, 0.024) distance=0.037 unresolved=8 replayedCount=8 nextVisualOffset=(0.027, 0.000, -0.024) mode=smooth rttMs=56.6 snapshotAgeMs=0.0
[rubber-banding][guest-reconcile] time=69.887 frame=3131 room=23 world=5 authority=5 entity=2 hostTick=3086 ackTick=3086 lastRecordedTick=3084 replayLatestTick=0 move=(0,0) predictedBefore=(-0.545, 0.008, -6.785) confirmed=(-0.607, 0.008, -6.729) replayed=(-0.607, 0.008, -6.729) visualBefore=(-0.545, 0.008, -6.785) correction=(-0.062, 0.000, 0.056) distance=0.083 unresolved=0 replayedCount=0 nextVisualOffset=(0.062, 0.000, -0.056) mode=smooth rttMs=56.6 snapshotAgeMs=0.0
[rubber-banding][guest-reconcile] time=70.137 frame=3154 room=23 world=5 authority=5 entity=2 hostTick=3090 ackTick=3090 lastRecordedTick=3098 replayLatestTick=3098 move=(-94,85) predictedBefore=(-0.760, 0.008, -6.590) confirmed=(-0.760, 0.008, -6.590) replayed=(-0.804, 0.008, -6.550) visualBefore=(-0.760, 0.008, -6.590) correction=(-0.045, 0.000, 0.040) distance=0.060 unresolved=1 replayedCount=1 nextVisualOffset=(0.045, 0.000, -0.040) mode=smooth rttMs=211.6 snapshotAgeMs=0.0
[rubber-banding][guest-reconcile] time=70.137 frame=3154 room=23 world=5 authority=5 entity=2 hostTick=3092 ackTick=3092 lastRecordedTick=3098 replayLatestTick=3098 move=(-94,85) predictedBefore=(-0.804, 0.008, -6.550) confirmed=(-0.841, 0.008, -6.517) replayed=(-0.879, 0.008, -6.482) visualBefore=(-0.804, 0.008, -6.550) correction=(-0.075, 0.000, 0.068) distance=0.101 unresolved=1 replayedCount=1 nextVisualOffset=(0.075, 0.000, -0.068) mode=smooth rttMs=211.6 snapshotAgeMs=0.0
[rubber-banding][guest-reconcile] time=70.137 frame=3154 room=23 world=5 authority=5 entity=2 hostTick=3094 ackTick=3094 lastRecordedTick=3098 replayLatestTick=3098 move=(-94,85) predictedBefore=(-0.879, 0.008, -6.482) confirmed=(-0.888, 0.008, -6.474) replayed=(-0.911, 0.008, -6.454) visualBefore=(-0.879, 0.008, -6.482) correction=(-0.031, 0.000, 0.028) distance=0.042 unresolved=1 replayedCount=1 nextVisualOffset=(0.031, 0.000, -0.028) mode=smooth rttMs=211.6 snapshotAgeMs=0.0
[rubber-banding][guest-reconcile] time=70.382 frame=3177 room=23 world=5 authority=5 entity=2 hostTick=3102 ackTick=3102 lastRecordedTick=3112 replayLatestTick=3112 move=(-89,90) predictedBefore=(-0.954, 0.008, -6.410) confirmed=(-0.920, 0.008, -6.445) replayed=(-0.932, 0.008, -6.433) visualBefore=(-0.954, 0.008, -6.410) correction=(0.022, 0.000, -0.023) distance=0.032 unresolved=2 replayedCount=2 nextVisualOffset=(-0.022, 0.000, 0.023) mode=smooth rttMs=211.6 snapshotAgeMs=0.0
[rubber-banding][guest-reconcile] time=70.392 frame=3178 room=23 world=5 authority=5 entity=2 hostTick=3106 ackTick=3106 lastRecordedTick=3116 replayLatestTick=3116 move=(-71,105) predictedBefore=(-0.990, 0.008, -6.352) confirmed=(-0.943, 0.008, -6.422) replayed=(-0.978, 0.008, -6.372) visualBefore=(-0.982, 0.008, -6.361) correction=(0.012, 0.000, -0.020) distance=0.024 unresolved=5 replayedCount=5 nextVisualOffset=(-0.003, 0.000, 0.011) mode=smooth rttMs=211.6 snapshotAgeMs=0.0
[rubber-banding][guest-reconcile] time=70.392 frame=3178 room=23 world=5 authority=5 entity=2 hostTick=3116 ackTick=3116 lastRecordedTick=3116 replayLatestTick=0 move=(0,0) predictedBefore=(-0.974, 0.008, -6.383) confirmed=(-0.957, 0.008, -6.408) replayed=(-0.957, 0.008, -6.408) visualBefore=(-0.965, 0.008, -6.392) correction=(0.017, 0.000, -0.025) distance=0.030 unresolved=0 replayedCount=0 nextVisualOffset=(-0.008, 0.000, 0.016) mode=smooth rttMs=211.6 snapshotAgeMs=0.0
[rubber-banding][guest-local-edge] time=70.552 room=23 world=5 authority=5 entity=2 eventId=22 kind=Jump stage=Captured relatedEventId=0 inputTick=0 pressed=None createdAt=-1.000000 firstSendRequestedAt=-1.000000 firstSendDelayMs=-1.000 desiredTick=0 assignedTick=0 lastResolvedAtCreate=0 estimatedHostTickAtCreate=0 clampReason=None
[rubber-banding][guest-local-edge] time=70.638 room=23 world=5 authority=5 entity=2 eventId=22 kind=Jump stage=Attached relatedEventId=0 inputTick=3130 pressed=Jump createdAt=70.637460 firstSendRequestedAt=-1.000000 firstSendDelayMs=-1.000 desiredTick=3146 assignedTick=3130 lastResolvedAtCreate=3118 estimatedHostTickAtCreate=3137 clampReason=MaximumResolvedLead
[rubber-banding][guest-local-edge] time=70.639 room=23 world=5 authority=5 entity=2 eventId=22 kind=Jump stage=FirstSendRequested relatedEventId=0 inputTick=3130 pressed=Jump createdAt=70.637460 firstSendRequestedAt=70.637460 firstSendDelayMs=0.000 desiredTick=3146 assignedTick=3130 lastResolvedAtCreate=3118 estimatedHostTickAtCreate=3137 clampReason=MaximumResolvedLead
[rubber-banding][guest-reconcile] time=70.648 frame=3202 room=23 world=5 authority=5 entity=2 hostTick=3120 ackTick=3120 lastRecordedTick=3130 replayLatestTick=3130 move=(-67,108) predictedBefore=(-0.995, 0.118, -6.349) confirmed=(-0.976, 0.008, -6.380) replayed=(-1.008, 0.118, -6.330) visualBefore=(-0.995, 0.118, -6.349) correction=(-0.013, 0.000, 0.019) distance=0.023 unresolved=3 replayedCount=3 nextVisualOffset=(0.013, 0.000, -0.019) mode=smooth rttMs=211.6 snapshotAgeMs=0.0
[rubber-banding][local-input] time=70.680 frame=3205 focused=1 host=0 room=23 world=5 authority=5 entity=2 windowMs=1004.4 updates=93 fixedCalls=50 commands=29 predictionSteps=29 noCommandUpdates=80 estimatedHostTick=3139 nextInputTick=3148 lastRecordedTick=3142 lastResolvedTick=3130 nextLead=9 recordedLead=3 unresolved=4 clamped=83 clampedTotal=1714 batchesSent=1238 commandsSent=7214 sendFailures=0 move=(-0.53,0.85) jump=0
[rubber-banding][remote-render] time=70.680 frame=3205 entity=1 latestHostTick=3130 buffer=8 windowMs=1004.4 fps=92.6 snapshots=29 arrivalSamples=29 arrivalAvgMs=33.6 arrivalP95Ms=245.6 arrivalMaxMs=250.1 sameArrival=23 tickGapMax=2 renderFrames=93 interpolation=22 extrapolation=71 extrapolationCapped=15 extrapolationMaxMs=199.0 oldestHeld=0 zeroSpan=92 movingFrozen=0 teleport=0 visualStepAvgCm=0.00 visualStepMaxCm=0.00 estimatedHostTick=3139 renderTick=3131.029 latestSnapshotTick=3130.000 renderMinusLatestTicks=1.029 estimatedMinusLatestTicks=9.000 sampleT=1.515
[rubber-banding][remote-render] time=70.680 frame=3205 entity=3 latestHostTick=3130 buffer=8 windowMs=1004.4 fps=92.6 snapshots=29 arrivalSamples=29 arrivalAvgMs=33.6 arrivalP95Ms=245.6 arrivalMaxMs=250.1 sameArrival=23 tickGapMax=2 renderFrames=93 interpolation=22 extrapolation=71 extrapolationCapped=15 extrapolationMaxMs=199.0 oldestHeld=0 zeroSpan=92 movingFrozen=0 teleport=0 visualStepAvgCm=0.00 visualStepMaxCm=0.00 estimatedHostTick=3139 renderTick=3131.029 latestSnapshotTick=3130.000 renderMinusLatestTicks=1.029 estimatedMinusLatestTicks=9.000 sampleT=1.515
[rubber-banding][remote-render] time=70.680 frame=3205 entity=4 latestHostTick=3130 buffer=8 windowMs=1004.4 fps=92.6 snapshots=29 arrivalSamples=29 arrivalAvgMs=33.6 arrivalP95Ms=245.6 arrivalMaxMs=250.1 sameArrival=23 tickGapMax=2 renderFrames=93 interpolation=22 extrapolation=71 extrapolationCapped=15 extrapolationMaxMs=199.0 oldestHeld=0 zeroSpan=92 movingFrozen=0 teleport=0 visualStepAvgCm=0.00 visualStepMaxCm=0.00 estimatedHostTick=3139 renderTick=3131.029 latestSnapshotTick=3130.000 renderMinusLatestTicks=1.029 estimatedMinusLatestTicks=9.000 sampleT=1.515
[rubber-banding][udp-pump] time=70.757 frame=3212 focused=1 windowMs=1000.8 fps=92.9 packets=29 socketAvgMs=33.6 socketP95Ms=245.0 socketMaxMs=245.5 pumpAvgMs=33.6 pumpP95Ms=245.6 pumpMaxMs=250.1 queueDelayAvgMs=4.0 queueDelayP95Ms=10.7 queueDelayMaxMs=11.2 samePump=23 pumpBatchMax=7 queueDepthMax=7 frameMaxMs=11.2
[rubber-banding][guest-reconcile] time=70.894 frame=3224 room=23 world=5 authority=5 entity=2 hostTick=3134 ackTick=3134 lastRecordedTick=3142 replayLatestTick=3142 move=(-67,108) predictedBefore=(-1.032, 0.502, -6.292) confirmed=(-1.032, 0.502, -6.292) replayed=(-1.043, 0.584, -6.274) visualBefore=(-1.032, 0.502, -6.292) correction=(-0.011, 0.082, 0.018) distance=0.085 unresolved=1 replayedCount=1 nextVisualOffset=(0.011, -0.082, -0.018) mode=smooth rttMs=211.6 snapshotAgeMs=0.0
[rubber-banding][guest-reconcile] time=70.894 frame=3224 room=23 world=5 authority=5 entity=2 hostTick=3136 ackTick=3136 lastRecordedTick=3142 replayLatestTick=3142 move=(-67,108) predictedBefore=(-1.043, 0.584, -6.274) confirmed=(-1.054, 0.661, -6.256) replayed=(-1.066, 0.732, -6.236) visualBefore=(-1.043, 0.584, -6.274) correction=(-0.023, 0.148, 0.038) distance=0.154 unresolved=1 replayedCount=1 nextVisualOffset=(0.023, -0.148, -0.038) mode=smooth rttMs=211.6 snapshotAgeMs=0.0
[rubber-banding][guest-reconcile] time=70.894 frame=3224 room=23 world=5 authority=5 entity=2 hostTick=3138 ackTick=3138 lastRecordedTick=3142 replayLatestTick=3142 move=(-67,108) predictedBefore=(-1.066, 0.732, -6.236) confirmed=(-1.076, 0.797, -6.220) replayed=(-1.089, 0.857, -6.201) visualBefore=(-1.066, 0.732, -6.236) correction=(-0.022, 0.125, 0.036) distance=0.132 unresolved=1 replayedCount=1 nextVisualOffset=(0.022, -0.125, -0.036) mode=smooth rttMs=211.6 snapshotAgeMs=0.0
[rubber-banding][guest-reconcile] time=70.894 frame=3224 room=23 world=5 authority=5 entity=2 hostTick=3140 ackTick=3140 lastRecordedTick=3142 replayLatestTick=3142 move=(-67,108) predictedBefore=(-1.089, 0.857, -6.201) confirmed=(-1.099, 0.912, -6.185) replayed=(-1.111, 0.960, -6.165) visualBefore=(-1.089, 0.857, -6.201) correction=(-0.022, 0.103, 0.036) distance=0.111 unresolved=1 replayedCount=1 nextVisualOffset=(0.022, -0.103, -0.036) mode=smooth rttMs=211.6 snapshotAgeMs=0.0
[rubber-banding][guest-reconcile] time=70.894 frame=3224 room=23 world=5 authority=5 entity=2 hostTick=3142 ackTick=3142 lastRecordedTick=3142 replayLatestTick=0 move=(0,0) predictedBefore=(-1.111, 0.960, -6.165) confirmed=(-1.122, 1.004, -6.147) replayed=(-1.122, 1.004, -6.147) visualBefore=(-1.111, 0.960, -6.165) correction=(-0.011, 0.043, 0.018) distance=0.048 unresolved=0 replayedCount=0 nextVisualOffset=(0.011, -0.043, -0.018) mode=smooth rttMs=211.6 snapshotAgeMs=0.0
[rubber-banding][guest-reconcile] time=70.894 frame=3224 room=23 world=5 authority=5 entity=2 hostTick=3144 ackTick=3144 lastRecordedTick=3142 replayLatestTick=0 move=(0,0) predictedBefore=(-1.122, 1.004, -6.147) confirmed=(-1.150, 1.073, -6.101) replayed=(-1.150, 1.073, -6.101) visualBefore=(-1.122, 1.004, -6.147) correction=(-0.028, 0.070, 0.045) distance=0.088 unresolved=0 replayedCount=0 nextVisualOffset=(0.028, -0.070, -0.045) mode=smooth rttMs=211.6 snapshotAgeMs=0.0
[rubber-banding][guest-reconcile] time=70.894 frame=3224 room=23 world=5 authority=5 entity=2 hostTick=3146 ackTick=3146 lastRecordedTick=3142 replayLatestTick=0 move=(0,0) predictedBefore=(-1.150, 1.073, -6.101) confirmed=(-1.179, 1.121, -6.054) replayed=(-1.179, 1.121, -6.054) visualBefore=(-1.150, 1.073, -6.101) correction=(-0.029, 0.048, 0.047) distance=0.073 unresolved=0 replayedCount=0 nextVisualOffset=(0.029, -0.048, -0.047) mode=smooth rttMs=211.6 snapshotAgeMs=0.0
[rubber-banding][guest-reconcile] time=71.134 frame=3245 room=23 world=5 authority=5 entity=2 hostTick=3150 ackTick=3150 lastRecordedTick=3160 replayLatestTick=3160 move=(-67,108) predictedBefore=(-1.292, 1.130, -5.873) confirmed=(-1.250, 1.150, -5.941) replayed=(-1.315, 1.113, -5.836) visualBefore=(-1.292, 1.130, -5.873) correction=(-0.023, -0.018, 0.037) distance=0.047 unresolved=3 replayedCount=3 nextVisualOffset=(0.023, 0.018, -0.037) mode=smooth rttMs=214.6 snapshotAgeMs=0.0
[rubber-banding][guest-reconcile] time=71.134 frame=3245 room=23 world=5 authority=5 entity=2 hostTick=3152 ackTick=3152 lastRecordedTick=3160 replayLatestTick=3160 move=(-67,108) predictedBefore=(-1.315, 1.113, -5.836) confirmed=(-1.291, 1.130, -5.875) replayed=(-1.359, 1.060, -5.764) visualBefore=(-1.315, 1.113, -5.836) correction=(-0.045, -0.052, 0.072) distance=0.099 unresolved=3 replayedCount=3 nextVisualOffset=(0.045, 0.052, -0.072) mode=smooth rttMs=214.6 snapshotAgeMs=0.0
[rubber-banding][guest-reconcile] time=71.134 frame=3245 room=23 world=5 authority=5 entity=2 hostTick=3154 ackTick=3154 lastRecordedTick=3160 replayLatestTick=3160 move=(-67,108) predictedBefore=(-1.359, 1.060, -5.764) confirmed=(-1.332, 1.089, -5.809) replayed=(-1.400, 0.986, -5.698) visualBefore=(-1.359, 1.060, -5.764) correction=(-0.041, -0.075, 0.066) distance=0.108 unresolved=3 replayedCount=3 nextVisualOffset=(0.041, 0.075, -0.066) mode=smooth rttMs=214.6 snapshotAgeMs=0.0
[rubber-banding][guest-reconcile] time=71.134 frame=3245 room=23 world=5 authority=5 entity=2 hostTick=3156 ackTick=3156 lastRecordedTick=3160 replayLatestTick=3160 move=(-67,108) predictedBefore=(-1.400, 0.986, -5.698) confirmed=(-1.373, 1.026, -5.743) replayed=(-1.441, 0.889, -5.632) visualBefore=(-1.400, 0.986, -5.698) correction=(-0.041, -0.097, 0.066) distance=0.124 unresolved=3 replayedCount=3 nextVisualOffset=(0.041, 0.097, -0.066) mode=smooth rttMs=214.6 snapshotAgeMs=0.0
[rubber-banding][guest-reconcile] time=71.134 frame=3245 room=23 world=5 authority=5 entity=2 hostTick=3158 ackTick=3158 lastRecordedTick=3160 replayLatestTick=3160 move=(-67,108) predictedBefore=(-1.441, 0.889, -5.632) confirmed=(-1.415, 0.940, -5.675) replayed=(-1.462, 0.832, -5.599) visualBefore=(-1.441, 0.889, -5.632) correction=(-0.021, -0.057, 0.033) distance=0.069 unresolved=2 replayedCount=2 nextVisualOffset=(0.021, 0.057, -0.033) mode=smooth rttMs=214.6 snapshotAgeMs=0.0
[rubber-banding][guest-reconcile] time=71.382 frame=3267 room=23 world=5 authority=5 entity=2 hostTick=3164 ackTick=3164 lastRecordedTick=3174 replayLatestTick=3174 move=(-67,108) predictedBefore=(-1.630, 0.375, -5.327) confirmed=(-1.570, 0.549, -5.425) replayed=(-1.663, 0.279, -5.275) visualBefore=(-1.630, 0.375, -5.327) correction=(-0.032, -0.096, 0.052) distance=0.113 unresolved=3 replayedCount=3 nextVisualOffset=(0.032, 0.096, -0.052) mode=smooth rttMs=214.6 snapshotAgeMs=0.0
[rubber-banding][guest-reconcile] time=71.382 frame=3267 room=23 world=5 authority=5 entity=2 hostTick=3166 ackTick=3166 lastRecordedTick=3174 replayLatestTick=3174 move=(-67,108) predictedBefore=(-1.663, 0.279, -5.275) confirmed=(-1.629, 0.375, -5.329) replayed=(-1.726, 0.071, -5.173) visualBefore=(-1.663, 0.279, -5.275) correction=(-0.063, -0.208, 0.102) distance=0.240 unresolved=3 replayedCount=3 nextVisualOffset=(0.063, 0.208, -0.102) mode=smooth rttMs=214.6 snapshotAgeMs=0.0
[rubber-banding][guest-reconcile] time=71.382 frame=3267 room=23 world=5 authority=5 entity=2 hostTick=3168 ackTick=3168 lastRecordedTick=3174 replayLatestTick=3174 move=(-67,108) predictedBefore=(-1.726, 0.071, -5.173) confirmed=(-1.689, 0.178, -5.233) replayed=(-1.786, 0.008, -5.076) visualBefore=(-1.726, 0.071, -5.173) correction=(-0.060, -0.063, 0.097) distance=0.131 unresolved=3 replayedCount=3 nextVisualOffset=(0.060, 0.063, -0.097) mode=smooth rttMs=214.6 snapshotAgeMs=0.0
[rubber-banding][guest-reconcile] time=71.382 frame=3267 room=23 world=5 authority=5 entity=2 hostTick=3170 ackTick=3170 lastRecordedTick=3174 replayLatestTick=3174 move=(-67,108) predictedBefore=(-1.786, 0.008, -5.076) confirmed=(-1.749, 0.008, -5.137) replayed=(-1.849, 0.008, -4.975) visualBefore=(-1.786, 0.008, -5.076) correction=(-0.063, 0.000, 0.101) distance=0.119 unresolved=3 replayedCount=3 nextVisualOffset=(0.063, 0.000, -0.101) mode=smooth rttMs=214.6 snapshotAgeMs=0.0
[rubber-banding][guest-local-edge] time=71.541 room=23 world=5 authority=5 entity=2 eventId=23 kind=Jump stage=Captured relatedEventId=0 inputTick=0 pressed=None createdAt=-1.000000 firstSendRequestedAt=-1.000000 firstSendDelayMs=-1.000 desiredTick=0 assignedTick=0 lastResolvedAtCreate=0 estimatedHostTickAtCreate=0 clampReason=None
[rubber-banding][guest-reconcile] time=71.617 frame=3288 room=23 world=5 authority=5 entity=2 hostTick=3178 ackTick=3178 lastRecordedTick=3186 replayLatestTick=3186 move=(-67,108) predictedBefore=(-1.989, 0.008, -4.749) confirmed=(-1.989, 0.008, -4.749) replayed=(-2.024, 0.008, -4.693) visualBefore=(-1.989, 0.008, -4.749) correction=(-0.035, 0.000, 0.057) distance=0.067 unresolved=1 replayedCount=1 nextVisualOffset=(0.035, 0.000, -0.057) mode=smooth rttMs=214.6 snapshotAgeMs=0.0
[rubber-banding][guest-reconcile] time=71.617 frame=3288 room=23 world=5 authority=5 entity=2 hostTick=3180 ackTick=3180 lastRecordedTick=3186 replayLatestTick=3186 move=(-67,108) predictedBefore=(-2.024, 0.008, -4.693) confirmed=(-2.053, 0.008, -4.646) replayed=(-2.084, 0.008, -4.596) visualBefore=(-2.024, 0.008, -4.693) correction=(-0.060, 0.000, 0.097) distance=0.114 unresolved=1 replayedCount=1 nextVisualOffset=(0.060, 0.000, -0.097) mode=smooth rttMs=214.6 snapshotAgeMs=0.0
[rubber-banding][guest-reconcile] time=71.617 frame=3288 room=23 world=5 authority=5 entity=2 hostTick=3182 ackTick=3182 lastRecordedTick=3186 replayLatestTick=3186 move=(-67,108) predictedBefore=(-2.084, 0.008, -4.596) confirmed=(-2.094, 0.008, -4.579) replayed=(-2.114, 0.008, -4.548) visualBefore=(-2.084, 0.008, -4.596) correction=(-0.029, 0.000, 0.047) distance=0.056 unresolved=1 replayedCount=1 nextVisualOffset=(0.029, 0.000, -0.047) mode=smooth rttMs=214.6 snapshotAgeMs=0.0
[rubber-banding][guest-local-edge] time=71.619 room=23 world=5 authority=5 entity=2 eventId=23 kind=Jump stage=Attached relatedEventId=0 inputTick=3196 pressed=Jump createdAt=71.617020 firstSendRequestedAt=-1.000000 firstSendDelayMs=-1.000 desiredTick=3204 assignedTick=3196 lastResolvedAtCreate=3184 estimatedHostTickAtCreate=3195 clampReason=MaximumResolvedLead
[rubber-banding][guest-local-edge] time=71.619 room=23 world=5 authority=5 entity=2 eventId=23 kind=Jump stage=FirstSendRequested relatedEventId=0 inputTick=3196 pressed=Jump createdAt=71.617020 firstSendRequestedAt=71.617020 firstSendDelayMs=0.000 desiredTick=3204 assignedTick=3196 lastResolvedAtCreate=3184 estimatedHostTickAtCreate=3195 clampReason=MaximumResolvedLead
[rubber-banding][guest-reconcile] time=71.627 frame=3289 room=23 world=5 authority=5 entity=2 hostTick=3186 ackTick=3186 lastRecordedTick=3196 replayLatestTick=3196 move=(-67,108) predictedBefore=(-2.168, 0.118, -4.461) confirmed=(-2.114, 0.008, -4.548) replayed=(-2.138, 0.118, -4.509) visualBefore=(-2.162, 0.118, -4.470) correction=(0.029, 0.000, -0.047) distance=0.056 unresolved=4 replayedCount=4 nextVisualOffset=(-0.024, 0.000, 0.039) mode=smooth rttMs=214.6 snapshotAgeMs=0.0
[rubber-banding][guest-reconcile] time=71.627 frame=3289 room=23 world=5 authority=5 entity=2 hostTick=3190 ackTick=3190 lastRecordedTick=3196 replayLatestTick=3196 move=(-67,108) predictedBefore=(-2.138, 0.118, -4.509) confirmed=(-2.138, 0.008, -4.509) replayed=(-2.149, 0.118, -4.492) visualBefore=(-2.133, 0.118, -4.517) correction=(-0.011, 0.000, 0.017) distance=0.020 unresolved=1 replayedCount=1 nextVisualOffset=(0.016, 0.000, -0.026) mode=smooth rttMs=214.6 snapshotAgeMs=0.0
[rubber-banding][local-input] time=71.682 frame=3294 focused=1 host=0 room=23 world=5 authority=5 entity=2 windowMs=1002.0 updates=89 fixedCalls=50 commands=24 predictionSteps=24 noCommandUpdates=82 estimatedHostTick=3199 nextInputTick=3208 lastRecordedTick=3202 lastResolvedTick=3190 nextLead=9 recordedLead=3 unresolved=5 clamped=89 clampedTotal=1803 batchesSent=1269 commandsSent=7341 sendFailures=0 move=(-0.53,0.85) jump=0
[rubber-banding][remote-render] time=71.682 frame=3294 entity=1 latestHostTick=3190 buffer=8 windowMs=1002.0 fps=88.8 snapshots=30 arrivalSamples=30 arrivalAvgMs=32.6 arrivalP95Ms=236.9 arrivalMaxMs=245.9 sameArrival=23 tickGapMax=2 renderFrames=89 interpolation=6 extrapolation=83 extrapolationCapped=28 extrapolationMaxMs=240.3 oldestHeld=0 zeroSpan=87 movingFrozen=0 teleport=0 visualStepAvgCm=0.00 visualStepMaxCm=0.00 estimatedHostTick=3199 renderTick=3193.151 latestSnapshotTick=3190.000 renderMinusLatestTicks=3.151 estimatedMinusLatestTicks=9.000 sampleT=2.575
[rubber-banding][remote-render] time=71.682 frame=3294 entity=3 latestHostTick=3190 buffer=8 windowMs=1002.0 fps=88.8 snapshots=30 arrivalSamples=30 arrivalAvgMs=32.6 arrivalP95Ms=236.9 arrivalMaxMs=245.9 sameArrival=23 tickGapMax=2 renderFrames=89 interpolation=6 extrapolation=83 extrapolationCapped=28 extrapolationMaxMs=240.3 oldestHeld=0 zeroSpan=87 movingFrozen=0 teleport=0 visualStepAvgCm=0.00 visualStepMaxCm=0.00 estimatedHostTick=3199 renderTick=3193.151 latestSnapshotTick=3190.000 renderMinusLatestTicks=3.151 estimatedMinusLatestTicks=9.000 sampleT=2.575
[rubber-banding][remote-render] time=71.682 frame=3294 entity=4 latestHostTick=3190 buffer=8 windowMs=1002.0 fps=88.8 snapshots=30 arrivalSamples=30 arrivalAvgMs=32.6 arrivalP95Ms=236.9 arrivalMaxMs=245.9 sameArrival=23 tickGapMax=2 renderFrames=89 interpolation=6 extrapolation=83 extrapolationCapped=28 extrapolationMaxMs=240.3 oldestHeld=0 zeroSpan=87 movingFrozen=0 teleport=0 visualStepAvgCm=0.00 visualStepMaxCm=0.00 estimatedHostTick=3199 renderTick=3193.151 latestSnapshotTick=3190.000 renderMinusLatestTicks=3.151 estimatedMinusLatestTicks=9.000 sampleT=2.575
[rubber-banding][udp-pump] time=71.758 frame=3301 focused=1 windowMs=1001.2 fps=88.9 packets=30 socketAvgMs=32.7 socketP95Ms=239.1 socketMaxMs=240.4 pumpAvgMs=32.6 pumpP95Ms=236.9 pumpMaxMs=245.9 queueDelayAvgMs=5.7 queueDelayP95Ms=11.0 queueDelayMaxMs=12.2 samePump=23 pumpBatchMax=8 queueDepthMax=9 frameMaxMs=11.9
[rubber-banding][guest-reconcile] time=71.845 frame=3309 room=23 world=5 authority=5 entity=2 hostTick=3194 ackTick=3194 lastRecordedTick=3202 replayLatestTick=3202 move=(-67,108) predictedBefore=(-2.197, 0.502, -4.413) confirmed=(-2.154, 0.008, -4.484) replayed=(-2.174, 0.502, -4.451) visualBefore=(-2.197, 0.502, -4.413) correction=(0.023, 0.000, -0.038) distance=0.044 unresolved=5 replayedCount=5 nextVisualOffset=(-0.023, 0.000, 0.038) mode=smooth rttMs=214.6 snapshotAgeMs=0.0
[rubber-banding][guest-reconcile] time=71.854 frame=3310 room=23 world=5 authority=5 entity=2 hostTick=3200 ackTick=3200 lastRecordedTick=3206 replayLatestTick=3206 move=(-67,108) predictedBefore=(-2.212, 0.797, -4.391) confirmed=(-2.174, 0.502, -4.451) replayed=(-2.224, 0.857, -4.371) visualBefore=(-2.233, 0.797, -4.356) correction=(-0.012, 0.060, 0.020) distance=0.064 unresolved=5 replayedCount=5 nextVisualOffset=(-0.009, -0.060, 0.015) mode=smooth rttMs=214.6 snapshotAgeMs=0.0
[rubber-banding][guest-reconcile] time=71.854 frame=3310 room=23 world=5 authority=5 entity=2 hostTick=3202 ackTick=3202 lastRecordedTick=3206 replayLatestTick=3206 move=(-67,108) predictedBefore=(-2.224, 0.857, -4.371) confirmed=(-2.190, 0.661, -4.425) replayed=(-2.237, 0.912, -4.349) visualBefore=(-2.246, 0.857, -4.336) correction=(-0.013, 0.054, 0.022) distance=0.060 unresolved=4 replayedCount=4 nextVisualOffset=(-0.008, -0.054, 0.013) mode=smooth rttMs=214.6 snapshotAgeMs=0.0
[rubber-banding][guest-reconcile] time=72.113 frame=3334 room=23 world=5 authority=5 entity=2 hostTick=3210 ackTick=3210 lastRecordedTick=3216 replayLatestTick=3216 move=(-67,108) predictedBefore=(-2.343, 1.121, -4.179) confirmed=(-2.303, 1.073, -4.243) replayed=(-2.364, 1.136, -4.144) visualBefore=(-2.343, 1.121, -4.179) correction=(-0.022, 0.015, 0.035) distance=0.044 unresolved=3 replayedCount=3 nextVisualOffset=(0.022, -0.015, -0.035) mode=smooth rttMs=172.8 snapshotAgeMs=0.0
[rubber-banding][guest-reconcile] time=72.113 frame=3334 room=23 world=5 authority=5 entity=2 hostTick=3212 ackTick=3212 lastRecordedTick=3216 replayLatestTick=3216 move=(-67,108) predictedBefore=(-2.364, 1.136, -4.144) confirmed=(-2.342, 1.121, -4.181) replayed=(-2.407, 1.151, -4.076) visualBefore=(-2.364, 1.136, -4.144) correction=(-0.042, 0.014, 0.068) distance=0.081 unresolved=3 replayedCount=3 nextVisualOffset=(0.042, -0.014, -0.068) mode=smooth rttMs=172.8 snapshotAgeMs=0.0
[rubber-banding][guest-reconcile] time=72.113 frame=3334 room=23 world=5 authority=5 entity=2 hostTick=3214 ackTick=3214 lastRecordedTick=3216 replayLatestTick=3216 move=(-67,108) predictedBefore=(-2.407, 1.151, -4.076) confirmed=(-2.381, 1.146, -4.117) replayed=(-2.426, 1.150, -4.045) visualBefore=(-2.407, 1.151, -4.076) correction=(-0.019, -0.001, 0.031) distance=0.037 unresolved=2 replayedCount=2 nextVisualOffset=(0.019, 0.001, -0.031) mode=smooth rttMs=172.8 snapshotAgeMs=0.0
[rubber-banding][guest-reconcile] time=72.113 frame=3334 room=23 world=5 authority=5 entity=2 hostTick=3218 ackTick=3218 lastRecordedTick=3216 replayLatestTick=0 move=(0,0) predictedBefore=(-2.426, 1.150, -4.045) confirmed=(-2.472, 1.130, -3.971) replayed=(-2.472, 1.130, -3.971) visualBefore=(-2.426, 1.150, -4.045) correction=(-0.046, -0.019, 0.074) distance=0.089 unresolved=0 replayedCount=0 nextVisualOffset=(0.046, 0.019, -0.074) mode=smooth rttMs=172.8 snapshotAgeMs=0.0
[rubber-banding][guest-reconcile] time=72.331 frame=3354 room=23 world=5 authority=5 entity=2 hostTick=3222 ackTick=3222 lastRecordedTick=3230 replayLatestTick=3230 move=(-67,108) predictedBefore=(-2.570, 1.026, -3.813) confirmed=(-2.570, 1.026, -3.813) replayed=(-2.598, 0.986, -3.768) visualBefore=(-2.570, 1.026, -3.813) correction=(-0.028, -0.040, 0.044) distance=0.066 unresolved=1 replayedCount=1 nextVisualOffset=(0.028, 0.040, -0.044) mode=smooth rttMs=172.8 snapshotAgeMs=0.0
[rubber-banding][guest-reconcile] time=72.331 frame=3354 room=23 world=5 authority=5 entity=2 hostTick=3224 ackTick=3224 lastRecordedTick=3230 replayLatestTick=3230 move=(-67,108) predictedBefore=(-2.598, 0.986, -3.768) confirmed=(-2.625, 0.940, -3.724) replayed=(-2.654, 0.889, -3.678) visualBefore=(-2.598, 0.986, -3.768) correction=(-0.056, -0.097, 0.091) distance=0.144 unresolved=1 replayedCount=1 nextVisualOffset=(0.056, 0.097, -0.091) mode=smooth rttMs=172.8 snapshotAgeMs=0.0
[rubber-banding][guest-reconcile] time=72.331 frame=3354 room=23 world=5 authority=5 entity=2 hostTick=3226 ackTick=3226 lastRecordedTick=3230 replayLatestTick=3230 move=(-67,108) predictedBefore=(-2.654, 0.889, -3.678) confirmed=(-2.680, 0.832, -3.635) replayed=(-2.709, 0.770, -3.589) visualBefore=(-2.654, 0.889, -3.678) correction=(-0.055, -0.119, 0.089) distance=0.158 unresolved=1 replayedCount=1 nextVisualOffset=(0.055, 0.119, -0.089) mode=smooth rttMs=172.8 snapshotAgeMs=0.0
[rubber-banding][guest-reconcile] time=72.331 frame=3354 room=23 world=5 authority=5 entity=2 hostTick=3228 ackTick=3228 lastRecordedTick=3230 replayLatestTick=3230 move=(-67,108) predictedBefore=(-2.709, 0.770, -3.589) confirmed=(-2.735, 0.702, -3.547) replayed=(-2.764, 0.628, -3.500) visualBefore=(-2.709, 0.770, -3.589) correction=(-0.055, -0.141, 0.089) distance=0.176 unresolved=1 replayedCount=1 nextVisualOffset=(0.055, 0.141, -0.089) mode=smooth rttMs=172.8 snapshotAgeMs=0.0
[rubber-banding][guest-reconcile] time=72.331 frame=3354 room=23 world=5 authority=5 entity=2 hostTick=3230 ackTick=3230 lastRecordedTick=3230 replayLatestTick=0 move=(0,0) predictedBefore=(-2.764, 0.628, -3.500) confirmed=(-2.791, 0.549, -3.456) replayed=(-2.791, 0.549, -3.456) visualBefore=(-2.764, 0.628, -3.500) correction=(-0.028, -0.079, 0.044) distance=0.095 unresolved=0 replayedCount=0 nextVisualOffset=(0.028, 0.079, -0.044) mode=smooth rttMs=172.8 snapshotAgeMs=0.0
[rubber-banding][guest-reconcile] time=72.331 frame=3354 room=23 world=5 authority=5 entity=2 hostTick=3232 ackTick=3232 lastRecordedTick=3230 replayLatestTick=0 move=(0,0) predictedBefore=(-2.791, 0.549, -3.456) confirmed=(-2.852, 0.375, -3.358) replayed=(-2.852, 0.375, -3.358) visualBefore=(-2.791, 0.549, -3.456) correction=(-0.061, -0.175, 0.098) distance=0.209 unresolved=0 replayedCount=0 nextVisualOffset=(0.061, 0.175, -0.098) mode=smooth rttMs=172.8 snapshotAgeMs=0.0
[rubber-banding][guest-reconcile] time=72.589 frame=3378 room=23 world=5 authority=5 entity=2 hostTick=3236 ackTick=3236 lastRecordedTick=3246 replayLatestTick=3246 move=(-66,108) predictedBefore=(-3.057, 0.008, -3.026) confirmed=(-2.988, 0.008, -3.140) replayed=(-3.092, 0.008, -2.970) visualBefore=(-3.057, 0.008, -3.026) correction=(-0.035, 0.000, 0.057) distance=0.067 unresolved=3 replayedCount=3 nextVisualOffset=(0.035, 0.000, -0.057) mode=smooth rttMs=172.8 snapshotAgeMs=0.0
[rubber-banding][guest-reconcile] time=72.589 frame=3378 room=23 world=5 authority=5 entity=2 hostTick=3238 ackTick=3238 lastRecordedTick=3246 replayLatestTick=3246 move=(-66,108) predictedBefore=(-3.092, 0.008, -2.970) confirmed=(-3.052, 0.008, -3.036) replayed=(-3.150, 0.008, -2.877) visualBefore=(-3.092, 0.008, -2.970) correction=(-0.058, 0.000, 0.093) distance=0.109 unresolved=3 replayedCount=3 nextVisualOffset=(0.058, 0.000, -0.093) mode=smooth rttMs=172.8 snapshotAgeMs=0.0
[rubber-banding][guest-reconcile] time=72.589 frame=3378 room=23 world=5 authority=5 entity=2 hostTick=3242 ackTick=3242 lastRecordedTick=3246 replayLatestTick=3246 move=(-66,108) predictedBefore=(-3.156, 0.008, -2.867) confirmed=(-3.111, 0.008, -2.941) replayed=(-3.139, 0.008, -2.896) visualBefore=(-3.156, 0.008, -2.867) correction=(0.017, 0.000, -0.028) distance=0.033 unresolved=3 replayedCount=3 nextVisualOffset=(-0.017, 0.000, 0.028) mode=smooth rttMs=172.8 snapshotAgeMs=0.0
[rubber-banding][guest-reconcile] time=72.589 frame=3378 room=23 world=5 authority=5 entity=2 hostTick=3244 ackTick=3244 lastRecordedTick=3246 replayLatestTick=3246 move=(-66,108) predictedBefore=(-3.139, 0.008, -2.896) confirmed=(-3.112, 0.008, -2.938) replayed=(-3.121, 0.008, -2.924) visualBefore=(-3.139, 0.008, -2.896) correction=(0.017, 0.000, -0.028) distance=0.033 unresolved=2 replayedCount=2 nextVisualOffset=(-0.017, 0.000, 0.028) mode=smooth rttMs=172.8 snapshotAgeMs=0.0
[rubber-banding][local-input] time=72.689 frame=3387 focused=1 host=0 room=23 world=5 authority=5 entity=2 windowMs=1007.5 updates=93 fixedCalls=51 commands=24 predictionSteps=24 noCommandUpdates=86 estimatedHostTick=3258 nextInputTick=3266 lastRecordedTick=3258 lastResolvedTick=3246 nextLead=8 recordedLead=0 unresolved=4 clamped=92 clampedTotal=1895 batchesSent=1299 commandsSent=7497 sendFailures=0 move=(-0.46,0.89) jump=0
[rubber-banding][remote-render] time=72.689 frame=3387 entity=1 latestHostTick=3246 buffer=8 windowMs=1007.5 fps=92.3 snapshots=28 arrivalSamples=28 arrivalAvgMs=34.3 arrivalP95Ms=246.9 arrivalMaxMs=247.0 sameArrival=21 tickGapMax=2 renderFrames=93 interpolation=0 extrapolation=93 extrapolationCapped=37 extrapolationMaxMs=263.8 oldestHeld=0 zeroSpan=91 movingFrozen=0 teleport=0 visualStepAvgCm=0.00 visualStepMaxCm=0.00 estimatedHostTick=3258 renderTick=3253.545 latestSnapshotTick=3246.000 renderMinusLatestTicks=7.545 estimatedMinusLatestTicks=12.000 sampleT=4.772
[rubber-banding][remote-render] time=72.689 frame=3387 entity=3 latestHostTick=3246 buffer=8 windowMs=1007.5 fps=92.3 snapshots=28 arrivalSamples=28 arrivalAvgMs=34.3 arrivalP95Ms=246.9 arrivalMaxMs=247.0 sameArrival=21 tickGapMax=2 renderFrames=93 interpolation=0 extrapolation=93 extrapolationCapped=37 extrapolationMaxMs=263.8 oldestHeld=0 zeroSpan=91 movingFrozen=0 teleport=0 visualStepAvgCm=0.00 visualStepMaxCm=0.00 estimatedHostTick=3258 renderTick=3253.545 latestSnapshotTick=3246.000 renderMinusLatestTicks=7.545 estimatedMinusLatestTicks=12.000 sampleT=4.772
[rubber-banding][remote-render] time=72.689 frame=3387 entity=4 latestHostTick=3246 buffer=8 windowMs=1007.5 fps=92.3 snapshots=28 arrivalSamples=28 arrivalAvgMs=34.3 arrivalP95Ms=246.9 arrivalMaxMs=247.0 sameArrival=21 tickGapMax=2 renderFrames=93 interpolation=0 extrapolation=93 extrapolationCapped=37 extrapolationMaxMs=263.8 oldestHeld=0 zeroSpan=91 movingFrozen=0 teleport=0 visualStepAvgCm=0.00 visualStepMaxCm=0.00 estimatedHostTick=3258 renderTick=3253.545 latestSnapshotTick=3246.000 renderMinusLatestTicks=7.545 estimatedMinusLatestTicks=12.000 sampleT=4.772
[rubber-banding][guest-local-edge] time=72.726 room=23 world=5 authority=5 entity=2 eventId=24 kind=Jump stage=Captured relatedEventId=0 inputTick=0 pressed=None createdAt=-1.000000 firstSendRequestedAt=-1.000000 firstSendDelayMs=-1.000 desiredTick=0 assignedTick=0 lastResolvedAtCreate=0 estimatedHostTickAtCreate=0 clampReason=None
[rubber-banding][udp-pump] time=72.769 frame=3394 focused=1 windowMs=1010.7 fps=92.0 packets=28 socketAvgMs=34.3 socketP95Ms=246.7 socketMaxMs=250.7 pumpAvgMs=34.3 pumpP95Ms=246.9 pumpMaxMs=247.0 queueDelayAvgMs=4.9 queueDelayP95Ms=10.4 queueDelayMaxMs=11.8 samePump=21 pumpBatchMax=7 queueDepthMax=7 frameMaxMs=11.7
[rubber-banding][guest-reconcile] time=72.827 frame=3399 room=23 world=5 authority=5 entity=2 hostTick=3250 ackTick=3250 lastRecordedTick=3258 replayLatestTick=3258 move=(-66,109) predictedBefore=(-3.159, 0.008, -2.862) confirmed=(-3.159, 0.008, -2.862) replayed=(-3.173, 0.008, -2.839) visualBefore=(-3.159, 0.008, -2.862) correction=(-0.014, 0.000, 0.023) distance=0.027 unresolved=1 replayedCount=1 nextVisualOffset=(0.014, 0.000, -0.023) mode=smooth rttMs=172.8 snapshotAgeMs=0.0
[rubber-banding][guest-reconcile] time=72.827 frame=3399 room=23 world=5 authority=5 entity=2 hostTick=3252 ackTick=3252 lastRecordedTick=3258 replayLatestTick=3258 move=(-66,109) predictedBefore=(-3.173, 0.008, -2.839) confirmed=(-3.181, 0.008, -2.826) replayed=(-3.191, 0.008, -2.809) visualBefore=(-3.173, 0.008, -2.839) correction=(-0.018, 0.000, 0.029) distance=0.034 unresolved=1 replayedCount=1 nextVisualOffset=(0.018, 0.000, -0.029) mode=smooth rttMs=172.8 snapshotAgeMs=0.0
[rubber-banding][guest-local-edge] time=72.829 room=23 world=5 authority=5 entity=2 eventId=24 kind=Jump stage=Attached relatedEventId=0 inputTick=3273 pressed=Jump createdAt=72.826550 firstSendRequestedAt=-1.000000 firstSendDelayMs=-1.000 desiredTick=3273 assignedTick=3273 lastResolvedAtCreate=3262 estimatedHostTickAtCreate=3266 clampReason=None
[rubber-banding][guest-local-edge] time=72.829 room=23 world=5 authority=5 entity=2 eventId=24 kind=Jump stage=FirstSendRequested relatedEventId=0 inputTick=3273 pressed=Jump createdAt=72.826550 firstSendRequestedAt=72.826550 firstSendDelayMs=0.000 desiredTick=3273 assignedTick=3273 lastResolvedAtCreate=3262 estimatedHostTickAtCreate=3266 clampReason=None
[rubber-banding][guest-reconcile] time=73.332 frame=3443 room=23 world=5 authority=5 entity=2 hostTick=3278 ackTick=3278 lastRecordedTick=3288 replayLatestTick=3288 move=(27,124) predictedBefore=(-3.221, 0.857, -2.621) confirmed=(-3.220, 0.584, -2.706) replayed=(-3.226, 0.912, -2.625) visualBefore=(-3.221, 0.857, -2.621) correction=(-0.005, 0.054, -0.003) distance=0.055 unresolved=5 replayedCount=5 nextVisualOffset=(0.005, -0.054, 0.003) mode=smooth rttMs=137.5 snapshotAgeMs=0.0
[rubber-banding][guest-reconcile] time=73.332 frame=3443 room=23 world=5 authority=5 entity=2 hostTick=3280 ackTick=3280 lastRecordedTick=3288 replayLatestTick=3288 move=(27,124) predictedBefore=(-3.226, 0.912, -2.625) confirmed=(-3.225, 0.732, -2.687) replayed=(-3.230, 1.004, -2.605) visualBefore=(-3.226, 0.912, -2.625) correction=(-0.005, 0.092, 0.019) distance=0.094 unresolved=5 replayedCount=5 nextVisualOffset=(0.005, -0.092, -0.019) mode=smooth rttMs=137.5 snapshotAgeMs=0.0
[rubber-banding][guest-reconcile] time=73.332 frame=3443 room=23 world=5 authority=5 entity=2 hostTick=3282 ackTick=3282 lastRecordedTick=3288 replayLatestTick=3288 move=(27,124) predictedBefore=(-3.230, 1.004, -2.605) confirmed=(-3.230, 0.857, -2.667) replayed=(-3.235, 1.073, -2.586) visualBefore=(-3.230, 1.004, -2.605) correction=(-0.005, 0.070, 0.019) distance=0.073 unresolved=5 replayedCount=5 nextVisualOffset=(0.005, -0.070, -0.019) mode=smooth rttMs=137.5 snapshotAgeMs=0.0
[rubber-banding][guest-reconcile] time=73.332 frame=3443 room=23 world=5 authority=5 entity=2 hostTick=3284 ackTick=3284 lastRecordedTick=3288 replayLatestTick=3288 move=(27,124) predictedBefore=(-3.235, 1.073, -2.586) confirmed=(-3.234, 0.960, -2.645) replayed=(-3.237, 1.100, -2.576) visualBefore=(-3.235, 1.073, -2.586) correction=(-0.002, 0.027, 0.010) distance=0.028 unresolved=4 replayedCount=4 nextVisualOffset=(0.002, -0.027, -0.010) mode=smooth rttMs=137.5 snapshotAgeMs=0.0
[rubber-banding][guest-reconcile] time=73.332 frame=3443 room=23 world=5 authority=5 entity=2 hostTick=3290 ackTick=3290 lastRecordedTick=3288 replayLatestTick=0 move=(0,0) predictedBefore=(-3.237, 1.100, -2.576) confirmed=(-3.236, 1.136, -2.528) replayed=(-3.236, 1.136, -2.528) visualBefore=(-3.237, 1.100, -2.576) correction=(0.001, 0.036, 0.048) distance=0.060 unresolved=0 replayedCount=0 nextVisualOffset=(-0.001, -0.036, -0.048) mode=smooth rttMs=137.5 snapshotAgeMs=0.0
[rubber-banding][guest-reconcile] time=73.332 frame=3443 room=23 world=5 authority=5 entity=2 hostTick=3292 ackTick=3292 lastRecordedTick=3288 replayLatestTick=0 move=(0,0) predictedBefore=(-3.236, 1.136, -2.528) confirmed=(-3.235, 1.151, -2.478) replayed=(-3.235, 1.151, -2.478) visualBefore=(-3.236, 1.136, -2.528) correction=(0.002, 0.014, 0.050) distance=0.052 unresolved=0 replayedCount=0 nextVisualOffset=(-0.002, -0.014, -0.050) mode=smooth rttMs=137.5 snapshotAgeMs=0.0
[rubber-banding][guest-reconcile] time=73.583 frame=3465 room=23 world=5 authority=5 entity=2 hostTick=3296 ackTick=3296 lastRecordedTick=3304 replayLatestTick=3304 move=(33,123) predictedBefore=(-3.222, 1.089, -2.321) confirmed=(-3.226, 1.113, -2.357) replayed=(-3.218, 1.060, -2.284) visualBefore=(-3.222, 1.089, -2.321) correction=(0.004, -0.029, 0.038) distance=0.048 unresolved=2 replayedCount=2 nextVisualOffset=(-0.004, 0.029, -0.038) mode=smooth rttMs=137.5 snapshotAgeMs=0.0
[rubber-banding][guest-reconcile] time=73.583 frame=3465 room=23 world=5 authority=5 entity=2 hostTick=3298 ackTick=3298 lastRecordedTick=3304 replayLatestTick=3304 move=(33,123) predictedBefore=(-3.218, 1.060, -2.284) confirmed=(-3.219, 1.060, -2.286) replayed=(-3.210, 0.986, -2.208) visualBefore=(-3.218, 1.060, -2.284) correction=(0.008, -0.075, 0.076) distance=0.107 unresolved=2 replayedCount=2 nextVisualOffset=(-0.008, 0.075, -0.076) mode=smooth rttMs=137.5 snapshotAgeMs=0.0
[rubber-banding][guest-reconcile] time=73.583 frame=3465 room=23 world=5 authority=5 entity=2 hostTick=3300 ackTick=3300 lastRecordedTick=3304 replayLatestTick=3304 move=(33,123) predictedBefore=(-3.210, 0.986, -2.208) confirmed=(-3.211, 0.986, -2.214) replayed=(-3.202, 0.889, -2.136) visualBefore=(-3.210, 0.986, -2.208) correction=(0.007, -0.097, 0.071) distance=0.121 unresolved=2 replayedCount=2 nextVisualOffset=(-0.007, 0.097, -0.071) mode=smooth rttMs=137.5 snapshotAgeMs=0.0
[rubber-banding][guest-reconcile] time=73.583 frame=3465 room=23 world=5 authority=5 entity=2 hostTick=3302 ackTick=3302 lastRecordedTick=3304 replayLatestTick=3304 move=(33,123) predictedBefore=(-3.202, 0.889, -2.136) confirmed=(-3.204, 0.889, -2.143) replayed=(-3.195, 0.770, -2.065) visualBefore=(-3.202, 0.889, -2.136) correction=(0.007, -0.119, 0.071) distance=0.139 unresolved=2 replayedCount=2 nextVisualOffset=(-0.007, 0.119, -0.071) mode=smooth rttMs=137.5 snapshotAgeMs=0.0
[rubber-banding][guest-reconcile] time=73.583 frame=3465 room=23 world=5 authority=5 entity=2 hostTick=3306 ackTick=3306 lastRecordedTick=3304 replayLatestTick=0 move=(0,0) predictedBefore=(-3.195, 0.770, -2.065) confirmed=(-3.184, 0.628, -1.979) replayed=(-3.184, 0.628, -1.979) visualBefore=(-3.195, 0.770, -2.065) correction=(0.011, -0.141, 0.086) distance=0.166 unresolved=0 replayedCount=0 nextVisualOffset=(-0.011, 0.141, -0.086) mode=smooth rttMs=137.5 snapshotAgeMs=0.0
[rubber-banding][local-input] time=73.697 frame=3475 focused=1 host=0 room=23 world=5 authority=5 entity=2 windowMs=1008.3 updates=88 fixedCalls=50 commands=22 predictionSteps=22 noCommandUpdates=81 estimatedHostTick=3318 nextInputTick=3325 lastRecordedTick=3318 lastResolvedTick=3306 nextLead=7 recordedLead=0 unresolved=4 clamped=79 clampedTotal=1974 batchesSent=1330 commandsSent=7650 sendFailures=0 move=(0.26,0.96) jump=0
[rubber-banding][remote-render] time=73.697 frame=3475 entity=1 latestHostTick=3306 buffer=8 windowMs=1008.3 fps=87.3 snapshots=30 arrivalSamples=30 arrivalAvgMs=33.1 arrivalP95Ms=250.8 arrivalMaxMs=255.1 sameArrival=25 tickGapMax=2 renderFrames=88 interpolation=2 extrapolation=86 extrapolationCapped=33 extrapolationMaxMs=251.3 oldestHeld=0 zeroSpan=88 movingFrozen=0 teleport=0 visualStepAvgCm=0.00 visualStepMaxCm=0.00 estimatedHostTick=3318 renderTick=3313.694 latestSnapshotTick=3306.000 renderMinusLatestTicks=7.694 estimatedMinusLatestTicks=12.000 sampleT=4.847
[rubber-banding][remote-render] time=73.697 frame=3475 entity=3 latestHostTick=3306 buffer=8 windowMs=1008.3 fps=87.3 snapshots=30 arrivalSamples=30 arrivalAvgMs=33.1 arrivalP95Ms=250.8 arrivalMaxMs=255.1 sameArrival=25 tickGapMax=2 renderFrames=88 interpolation=2 extrapolation=86 extrapolationCapped=33 extrapolationMaxMs=251.3 oldestHeld=0 zeroSpan=88 movingFrozen=0 teleport=0 visualStepAvgCm=0.00 visualStepMaxCm=0.00 estimatedHostTick=3318 renderTick=3313.694 latestSnapshotTick=3306.000 renderMinusLatestTicks=7.694 estimatedMinusLatestTicks=12.000 sampleT=4.847
[rubber-banding][remote-render] time=73.697 frame=3475 entity=4 latestHostTick=3306 buffer=8 windowMs=1008.3 fps=87.3 snapshots=30 arrivalSamples=30 arrivalAvgMs=33.1 arrivalP95Ms=250.8 arrivalMaxMs=255.1 sameArrival=25 tickGapMax=2 renderFrames=88 interpolation=2 extrapolation=86 extrapolationCapped=33 extrapolationMaxMs=251.3 oldestHeld=0 zeroSpan=88 movingFrozen=0 teleport=0 visualStepAvgCm=0.00 visualStepMaxCm=0.00 estimatedHostTick=3318 renderTick=3313.694 latestSnapshotTick=3306.000 renderMinusLatestTicks=7.694 estimatedMinusLatestTicks=12.000 sampleT=4.847
[rubber-banding][guest-reconcile] time=73.775 frame=3482 room=23 world=5 authority=5 entity=2 hostTick=3310 ackTick=3310 lastRecordedTick=3318 replayLatestTick=3318 move=(33,123) predictedBefore=(-3.157, 0.279, -1.789) confirmed=(-3.157, 0.279, -1.789) replayed=(-3.148, 0.178, -1.736) visualBefore=(-3.157, 0.279, -1.789) correction=(0.008, -0.101, 0.053) distance=0.114 unresolved=1 replayedCount=1 nextVisualOffset=(-0.008, 0.101, -0.053) mode=smooth rttMs=137.5 snapshotAgeMs=0.0
[rubber-banding][udp-pump] time=73.775 frame=3482 focused=1 windowMs=1006.3 fps=87.4 packets=32 socketAvgMs=37.2 socketP95Ms=238.5 socketMaxMs=255.8 pumpAvgMs=37.1 pumpP95Ms=250.8 pumpMaxMs=255.1 queueDelayAvgMs=5.6 queueDelayP95Ms=13.6 queueDelayMaxMs=13.6 samePump=26 pumpBatchMax=8 queueDepthMax=8 frameMaxMs=17.4
[rubber-banding][guest-reconcile] time=73.787 frame=3483 room=23 world=5 authority=5 entity=2 hostTick=3312 ackTick=3312 lastRecordedTick=3322 replayLatestTick=3322 move=(35,122) predictedBefore=(-3.096, 0.008, -1.502) confirmed=(-3.140, 0.071, -1.683) replayed=(-3.063, 0.008, -1.384) visualBefore=(-3.103, 0.101, -1.551) correction=(0.033, 0.000, 0.119) distance=0.123 unresolved=5 replayedCount=5 nextVisualOffset=(-0.041, 0.093, -0.168) mode=smooth rttMs=137.5 snapshotAgeMs=0.0
[rubber-banding][guest-reconcile] time=73.787 frame=3483 room=23 world=5 authority=5 entity=2 hostTick=3314 ackTick=3314 lastRecordedTick=3322 replayLatestTick=3322 move=(35,122) predictedBefore=(-3.063, 0.008, -1.384) confirmed=(-3.125, 0.008, -1.588) replayed=(-3.055, 0.008, -1.336) visualBefore=(-3.070, 0.101, -1.432) correction=(0.008, 0.000, 0.048) distance=0.048 unresolved=5 replayedCount=5 nextVisualOffset=(-0.015, 0.093, -0.097) mode=smooth rttMs=137.5 snapshotAgeMs=0.0
[rubber-banding][guest-reconcile] time=73.787 frame=3483 room=23 world=5 authority=5 entity=2 hostTick=3316 ackTick=3316 lastRecordedTick=3322 replayLatestTick=3322 move=(35,122) predictedBefore=(-3.055, 0.008, -1.336) confirmed=(-3.117, 0.008, -1.537) replayed=(-3.077, 0.008, -1.392) visualBefore=(-3.063, 0.101, -1.385) correction=(-0.022, 0.000, -0.056) distance=0.060 unresolved=5 replayedCount=5 nextVisualOffset=(0.014, 0.093, 0.007) mode=smooth rttMs=137.5 snapshotAgeMs=0.0
[rubber-banding][guest-reconcile] time=73.787 frame=3483 room=23 world=5 authority=5 entity=2 hostTick=3318 ackTick=3318 lastRecordedTick=3322 replayLatestTick=3322 move=(35,122) predictedBefore=(-3.077, 0.008, -1.392) confirmed=(-3.113, 0.008, -1.516) replayed=(-3.090, 0.008, -1.437) visualBefore=(-3.084, 0.101, -1.441) correction=(-0.013, 0.000, -0.045) distance=0.047 unresolved=4 replayedCount=4 nextVisualOffset=(0.006, 0.093, -0.004) mode=smooth rttMs=137.5 snapshotAgeMs=0.0
[rubber-banding][guest-local-edge] time=74.195 room=23 world=5 authority=5 entity=2 eventId=25 kind=Jump stage=Captured relatedEventId=0 inputTick=0 pressed=None createdAt=-1.000000 firstSendRequestedAt=-1.000000 firstSendDelayMs=-1.000 desiredTick=0 assignedTick=0 lastResolvedAtCreate=0 estimatedHostTickAtCreate=0 clampReason=None
[rubber-banding][guest-reconcile] time=74.259 frame=3525 room=23 world=5 authority=5 entity=2 hostTick=3336 ackTick=3336 lastRecordedTick=3346 replayLatestTick=3346 move=(54,115) predictedBefore=(-2.786, 0.008, -0.616) confirmed=(-2.921, 0.008, -0.897) replayed=(-2.839, 0.008, -0.719) visualBefore=(-2.786, 0.008, -0.616) correction=(-0.053, 0.000, -0.103) distance=0.116 unresolved=7 replayedCount=7 nextVisualOffset=(0.053, 0.000, 0.103) mode=smooth rttMs=90.1 snapshotAgeMs=0.0
[rubber-banding][guest-reconcile] time=74.259 frame=3525 room=23 world=5 authority=5 entity=2 hostTick=3338 ackTick=3338 lastRecordedTick=3346 replayLatestTick=3346 move=(54,115) predictedBefore=(-2.839, 0.008, -0.719) confirmed=(-2.920, 0.008, -0.893) replayed=(-2.881, 0.008, -0.809) visualBefore=(-2.839, 0.008, -0.719) correction=(-0.042, 0.000, -0.090) distance=0.099 unresolved=7 replayedCount=7 nextVisualOffset=(0.042, 0.000, 0.090) mode=smooth rttMs=90.1 snapshotAgeMs=0.0
[rubber-banding][guest-local-edge] time=74.261 room=23 world=5 authority=5 entity=2 eventId=25 kind=Jump stage=Attached relatedEventId=0 inputTick=3355 pressed=Jump createdAt=74.259320 firstSendRequestedAt=-1.000000 firstSendDelayMs=-1.000 desiredTick=3355 assignedTick=3355 lastResolvedAtCreate=3344 estimatedHostTickAtCreate=3350 clampReason=None
[rubber-banding][guest-local-edge] time=74.262 room=23 world=5 authority=5 entity=2 eventId=25 kind=Jump stage=FirstSendRequested relatedEventId=0 inputTick=3355 pressed=Jump createdAt=74.259320 firstSendRequestedAt=74.259320 firstSendDelayMs=0.000 desiredTick=3355 assignedTick=3355 lastResolvedAtCreate=3344 estimatedHostTickAtCreate=3350 clampReason=None
[rubber-banding][guest-reconcile] time=74.490 frame=3545 room=23 world=5 authority=5 entity=2 hostTick=3350 ackTick=3350 lastRecordedTick=3360 replayLatestTick=3360 move=(64,110) predictedBefore=(-2.723, 0.584, -0.504) confirmed=(-2.824, 0.008, -0.695) replayed=(-2.696, 0.584, -0.454) visualBefore=(-2.723, 0.584, -0.504) correction=(0.026, 0.000, 0.050) distance=0.057 unresolved=6 replayedCount=6 nextVisualOffset=(-0.026, 0.000, -0.050) mode=smooth rttMs=90.1 snapshotAgeMs=0.0
[rubber-banding][guest-reconcile] time=74.490 frame=3545 room=23 world=5 authority=5 entity=2 hostTick=3352 ackTick=3352 lastRecordedTick=3360 replayLatestTick=3360 move=(64,110) predictedBefore=(-2.696, 0.584, -0.454) confirmed=(-2.792, 0.008, -0.634) replayed=(-2.686, 0.584, -0.434) visualBefore=(-2.696, 0.584, -0.454) correction=(0.010, 0.000, 0.020) distance=0.022 unresolved=6 replayedCount=6 nextVisualOffset=(-0.010, 0.000, -0.020) mode=smooth rttMs=90.1 snapshotAgeMs=0.0
[rubber-banding][guest-reconcile] time=74.490 frame=3545 room=23 world=5 authority=5 entity=2 hostTick=3354 ackTick=3354 lastRecordedTick=3360 replayLatestTick=3360 move=(64,110) predictedBefore=(-2.686, 0.584, -0.434) confirmed=(-2.781, 0.008, -0.613) replayed=(-2.737, 0.584, -0.530) visualBefore=(-2.686, 0.584, -0.434) correction=(-0.051, 0.000, -0.096) distance=0.109 unresolved=6 replayedCount=6 nextVisualOffset=(0.051, 0.000, 0.096) mode=smooth rttMs=90.1 snapshotAgeMs=0.0
[rubber-banding][local-input] time=74.703 frame=3564 focused=1 host=0 room=23 world=5 authority=5 entity=2 windowMs=1005.4 updates=89 fixedCalls=50 commands=43 predictionSteps=43 noCommandUpdates=63 estimatedHostTick=3376 nextInputTick=3381 lastRecordedTick=3374 lastResolvedTick=3362 nextLead=5 recordedLead=-2 unresolved=10 clamped=55 clampedTotal=2029 batchesSent=1362 commandsSent=7858 sendFailures=0 move=(0.80,-0.60) jump=0
[rubber-banding][remote-render] time=74.703 frame=3564 entity=1 latestHostTick=3362 buffer=8 windowMs=1005.4 fps=88.5 snapshots=28 arrivalSamples=28 arrivalAvgMs=32.8 arrivalP95Ms=227.7 arrivalMaxMs=233.2 sameArrival=20 tickGapMax=2 renderFrames=89 interpolation=7 extrapolation=82 extrapolationCapped=25 extrapolationMaxMs=226.2 oldestHeld=0 zeroSpan=89 movingFrozen=0 teleport=0 visualStepAvgCm=0.00 visualStepMaxCm=0.00 estimatedHostTick=3376 renderTick=3372.387 latestSnapshotTick=3362.000 renderMinusLatestTicks=10.387 estimatedMinusLatestTicks=14.000 sampleT=6.193
[rubber-banding][remote-render] time=74.703 frame=3564 entity=3 latestHostTick=3362 buffer=8 windowMs=1005.4 fps=88.5 snapshots=28 arrivalSamples=28 arrivalAvgMs=32.8 arrivalP95Ms=227.7 arrivalMaxMs=233.2 sameArrival=20 tickGapMax=2 renderFrames=89 interpolation=7 extrapolation=82 extrapolationCapped=25 extrapolationMaxMs=226.2 oldestHeld=0 zeroSpan=89 movingFrozen=0 teleport=0 visualStepAvgCm=0.00 visualStepMaxCm=0.00 estimatedHostTick=3376 renderTick=3372.387 latestSnapshotTick=3362.000 renderMinusLatestTicks=10.387 estimatedMinusLatestTicks=14.000 sampleT=6.193
[rubber-banding][remote-render] time=74.703 frame=3564 entity=4 latestHostTick=3362 buffer=8 windowMs=1005.4 fps=88.5 snapshots=28 arrivalSamples=28 arrivalAvgMs=32.8 arrivalP95Ms=227.7 arrivalMaxMs=233.2 sameArrival=20 tickGapMax=2 renderFrames=89 interpolation=7 extrapolation=82 extrapolationCapped=25 extrapolationMaxMs=226.2 oldestHeld=0 zeroSpan=89 movingFrozen=0 teleport=0 visualStepAvgCm=0.00 visualStepMaxCm=0.00 estimatedHostTick=3376 renderTick=3372.387 latestSnapshotTick=3362.000 renderMinusLatestTicks=10.387 estimatedMinusLatestTicks=14.000 sampleT=6.193
[rubber-banding][guest-reconcile] time=74.758 frame=3569 room=23 world=5 authority=5 entity=2 hostTick=3364 ackTick=3364 lastRecordedTick=3374 replayLatestTick=3374 move=(76,102) predictedBefore=(-2.518, 1.136, -0.165) confirmed=(-2.685, 0.857, -0.437) replayed=(-2.492, 1.146, -0.123) visualBefore=(-2.518, 1.136, -0.165) correction=(0.027, 0.010, 0.042) distance=0.051 unresolved=9 replayedCount=9 nextVisualOffset=(-0.027, -0.010, -0.042) mode=smooth rttMs=90.1 snapshotAgeMs=0.0
[rubber-banding][guest-reconcile] time=74.758 frame=3569 room=23 world=5 authority=5 entity=2 hostTick=3366 ackTick=3366 lastRecordedTick=3374 replayLatestTick=3374 move=(76,102) predictedBefore=(-2.492, 1.146, -0.123) confirmed=(-2.651, 0.960, -0.380) replayed=(-2.463, 1.151, -0.079) visualBefore=(-2.492, 1.146, -0.123) correction=(0.028, 0.004, 0.044) distance=0.052 unresolved=8 replayedCount=8 nextVisualOffset=(-0.028, -0.004, -0.044) mode=smooth rttMs=90.1 snapshotAgeMs=0.0
[rubber-banding][guest-reconcile] time=74.758 frame=3569 room=23 world=5 authority=5 entity=2 hostTick=3376 ackTick=3376 lastRecordedTick=3374 replayLatestTick=0 move=(0,0) predictedBefore=(-2.463, 1.151, -0.079) confirmed=(-2.403, 1.143, 0.014) replayed=(-2.403, 1.143, 0.014) visualBefore=(-2.463, 1.151, -0.079) correction=(0.060, -0.008, 0.093) distance=0.111 unresolved=0 replayedCount=0 nextVisualOffset=(-0.060, 0.008, -0.093) mode=smooth rttMs=90.1 snapshotAgeMs=0.0
[rubber-banding][guest-reconcile] time=74.758 frame=3569 room=23 world=5 authority=5 entity=2 hostTick=3378 ackTick=3378 lastRecordedTick=3374 replayLatestTick=0 move=(0,0) predictedBefore=(-2.403, 1.143, 0.014) confirmed=(-2.342, 1.113, 0.109) replayed=(-2.342, 1.113, 0.109) visualBefore=(-2.403, 1.143, 0.014) correction=(0.062, -0.030, 0.095) distance=0.117 unresolved=0 replayedCount=0 nextVisualOffset=(-0.062, 0.030, -0.095) mode=smooth rttMs=90.1 snapshotAgeMs=0.0
[rubber-banding][udp-pump] time=74.786 frame=3571 focused=1 windowMs=1010.8 fps=88.1 packets=34 socketAvgMs=28.9 socketP95Ms=235.3 socketMaxMs=254.9 pumpAvgMs=28.9 pumpP95Ms=233.2 pumpMaxMs=257.1 queueDelayAvgMs=5.0 queueDelayP95Ms=10.6 queueDelayMaxMs=11.4 samePump=26 pumpBatchMax=8 queueDepthMax=8 frameMaxMs=12.8
[rubber-banding][guest-reconcile] time=74.998 frame=3590 room=23 world=5 authority=5 entity=2 hostTick=3382 ackTick=3382 lastRecordedTick=3390 replayLatestTick=3390 move=(102,-76) predictedBefore=(-1.885, 0.549, 0.543) confirmed=(-2.201, 0.986, 0.285) replayed=(-1.833, 0.465, 0.574) visualBefore=(-1.885, 0.549, 0.543) correction=(0.052, -0.085, 0.031) distance=0.104 unresolved=8 replayedCount=8 nextVisualOffset=(-0.052, 0.085, -0.031) mode=smooth rttMs=55.1 snapshotAgeMs=0.0
[rubber-banding][guest-reconcile] time=74.998 frame=3590 room=23 world=5 authority=5 entity=2 hostTick=3392 ackTick=3392 lastRecordedTick=3390 replayLatestTick=0 move=(0,0) predictedBefore=(-1.833, 0.465, 0.574) confirmed=(-1.723, 0.279, 0.633) replayed=(-1.723, 0.279, 0.633) visualBefore=(-1.833, 0.465, 0.574) correction=(0.110, -0.186, 0.059) distance=0.224 unresolved=0 replayedCount=0 nextVisualOffset=(-0.110, 0.186, -0.059) mode=smooth rttMs=55.1 snapshotAgeMs=0.0
[rubber-banding][guest-reconcile] time=75.233 frame=3612 room=23 world=5 authority=5 entity=2 hostTick=3396 ackTick=3396 lastRecordedTick=3404 replayLatestTick=3404 move=(102,-76) predictedBefore=(-1.171, 0.008, 0.433) confirmed=(-1.492, 0.008, 0.672) replayed=(-1.118, 0.008, 0.393) visualBefore=(-1.171, 0.008, 0.433) correction=(0.053, 0.000, -0.040) distance=0.067 unresolved=7 replayedCount=7 nextVisualOffset=(-0.053, 0.000, 0.040) mode=smooth rttMs=55.1 snapshotAgeMs=0.0
[rubber-banding][guest-reconcile] time=75.233 frame=3612 room=23 world=5 authority=5 entity=2 hostTick=3398 ackTick=3398 lastRecordedTick=3404 replayLatestTick=3404 move=(102,-76) predictedBefore=(-1.118, 0.008, 0.393) confirmed=(-1.385, 0.008, 0.592) replayed=(-1.064, 0.008, 0.353) visualBefore=(-1.118, 0.008, 0.393) correction=(0.053, 0.000, -0.040) distance=0.067 unresolved=6 replayedCount=6 nextVisualOffset=(-0.053, 0.000, 0.040) mode=smooth rttMs=55.1 snapshotAgeMs=0.0
[rubber-banding][guest-reconcile] time=75.471 frame=3634 room=23 world=5 authority=5 entity=2 hostTick=3408 ackTick=3408 lastRecordedTick=3418 replayLatestTick=3418 move=(0,0) predictedBefore=(-0.476, 0.008, -0.085) confirmed=(-0.877, 0.008, 0.214) replayed=(-0.506, 0.008, -0.063) visualBefore=(-0.476, 0.008, -0.085) correction=(-0.029, 0.000, 0.022) distance=0.037 unresolved=9 replayedCount=9 nextVisualOffset=(0.029, 0.000, -0.022) mode=smooth rttMs=55.1 snapshotAgeMs=0.0
[rubber-banding][guest-reconcile] time=75.471 frame=3634 room=23 world=5 authority=5 entity=2 hostTick=3410 ackTick=3410 lastRecordedTick=3418 replayLatestTick=3418 move=(0,0) predictedBefore=(-0.506, 0.008, -0.063) confirmed=(-0.821, 0.008, 0.172) replayed=(-0.559, 0.008, -0.023) visualBefore=(-0.506, 0.008, -0.063) correction=(-0.053, 0.000, 0.040) distance=0.067 unresolved=8 replayedCount=8 nextVisualOffset=(0.053, 0.000, -0.040) mode=smooth rttMs=55.1 snapshotAgeMs=0.0
[rubber-banding][local-input] time=75.723 frame=3648 focused=0 host=0 room=23 world=5 authority=5 entity=2 windowMs=1020.1 updates=84 fixedCalls=51 commands=52 predictionSteps=52 noCommandUpdates=51 estimatedHostTick=3437 nextInputTick=3441 lastRecordedTick=3441 lastResolvedTick=3434 nextLead=4 recordedLead=4 unresolved=7 clamped=39 clampedTotal=2068 batchesSent=1391 commandsSent=8064 sendFailures=0 move=(0.00,0.00) jump=0
[rubber-banding][remote-render] time=75.723 frame=3648 entity=1 latestHostTick=3434 buffer=8 windowMs=1020.1 fps=82.3 snapshots=36 arrivalSamples=36 arrivalAvgMs=33.9 arrivalP95Ms=239.7 arrivalMaxMs=257.1 sameArrival=28 tickGapMax=2 renderFrames=84 interpolation=18 extrapolation=66 extrapolationCapped=16 extrapolationMaxMs=215.9 oldestHeld=0 zeroSpan=82 movingFrozen=0 teleport=0 visualStepAvgCm=0.00 visualStepMaxCm=0.00 estimatedHostTick=3437 renderTick=3432.966 latestSnapshotTick=3434.000 renderMinusLatestTicks=-1.034 estimatedMinusLatestTicks=3.000 sampleT=0.483
[rubber-banding][remote-render] time=75.723 frame=3648 entity=3 latestHostTick=3434 buffer=8 windowMs=1020.1 fps=82.3 snapshots=36 arrivalSamples=36 arrivalAvgMs=33.9 arrivalP95Ms=239.7 arrivalMaxMs=257.1 sameArrival=28 tickGapMax=2 renderFrames=84 interpolation=18 extrapolation=66 extrapolationCapped=16 extrapolationMaxMs=215.9 oldestHeld=0 zeroSpan=82 movingFrozen=0 teleport=0 visualStepAvgCm=0.00 visualStepMaxCm=0.00 estimatedHostTick=3437 renderTick=3432.966 latestSnapshotTick=3434.000 renderMinusLatestTicks=-1.034 estimatedMinusLatestTicks=3.000 sampleT=0.483
[rubber-banding][remote-render] time=75.723 frame=3648 entity=4 latestHostTick=3434 buffer=8 windowMs=1020.1 fps=82.3 snapshots=36 arrivalSamples=36 arrivalAvgMs=33.9 arrivalP95Ms=239.7 arrivalMaxMs=257.1 sameArrival=28 tickGapMax=2 renderFrames=84 interpolation=18 extrapolation=66 extrapolationCapped=16 extrapolationMaxMs=215.9 oldestHeld=0 zeroSpan=82 movingFrozen=0 teleport=0 visualStepAvgCm=0.00 visualStepMaxCm=0.00 estimatedHostTick=3437 renderTick=3432.966 latestSnapshotTick=3434.000 renderMinusLatestTicks=-1.034 estimatedMinusLatestTicks=3.000 sampleT=0.483
[rubber-banding][udp-pump] time=75.807 frame=3650 focused=0 windowMs=1020.8 fps=77.4 packets=31 socketAvgMs=33.1 socketP95Ms=231.0 socketMaxMs=234.5 pumpAvgMs=33.8 pumpP95Ms=235.5 pumpMaxMs=239.7 queueDelayAvgMs=10.4 queueDelayP95Ms=24.1 queueDelayMaxMs=24.6 samePump=22 pumpBatchMax=7 queueDepthMax=7 frameMaxMs=45.2
[rubber-banding][local-input] time=76.756 frame=3658 focused=0 host=0 room=23 world=5 authority=5 entity=2 windowMs=1033.1 updates=10 fixedCalls=52 commands=31 predictionSteps=31 noCommandUpdates=0 estimatedHostTick=3498 nextInputTick=3502 lastRecordedTick=3502 lastResolvedTick=3494 nextLead=4 recordedLead=4 unresolved=4 clamped=2 clampedTotal=2070 batchesSent=1401 commandsSent=8115 sendFailures=0 move=(0.00,0.00) jump=0
[rubber-banding][remote-render] time=76.756 frame=3658 entity=1 latestHostTick=3494 buffer=8 windowMs=1033.1 fps=9.7 snapshots=30 arrivalSamples=30 arrivalAvgMs=34.4 arrivalP95Ms=220.4 arrivalMaxMs=250.0 sameArrival=20 tickGapMax=2 renderFrames=10 interpolation=6 extrapolation=4 extrapolationCapped=0 extrapolationMaxMs=117.5 oldestHeld=0 zeroSpan=5 movingFrozen=0 teleport=0 visualStepAvgCm=0.00 visualStepMaxCm=0.00 estimatedHostTick=3498 renderTick=3494.200 latestSnapshotTick=3494.000 renderMinusLatestTicks=0.200 estimatedMinusLatestTicks=4.000 sampleT=1.100
[rubber-banding][remote-render] time=76.756 frame=3658 entity=3 latestHostTick=3494 buffer=8 windowMs=1033.1 fps=9.7 snapshots=30 arrivalSamples=30 arrivalAvgMs=34.4 arrivalP95Ms=220.4 arrivalMaxMs=250.0 sameArrival=20 tickGapMax=2 renderFrames=10 interpolation=6 extrapolation=4 extrapolationCapped=0 extrapolationMaxMs=117.5 oldestHeld=0 zeroSpan=5 movingFrozen=0 teleport=0 visualStepAvgCm=0.00 visualStepMaxCm=0.00 estimatedHostTick=3498 renderTick=3494.200 latestSnapshotTick=3494.000 renderMinusLatestTicks=0.200 estimatedMinusLatestTicks=4.000 sampleT=1.100
[rubber-banding][remote-render] time=76.756 frame=3658 entity=4 latestHostTick=3494 buffer=8 windowMs=1033.1 fps=9.7 snapshots=30 arrivalSamples=30 arrivalAvgMs=34.4 arrivalP95Ms=220.4 arrivalMaxMs=250.0 sameArrival=20 tickGapMax=2 renderFrames=10 interpolation=6 extrapolation=4 extrapolationCapped=0 extrapolationMaxMs=117.5 oldestHeld=0 zeroSpan=5 movingFrozen=0 teleport=0 visualStepAvgCm=0.00 visualStepMaxCm=0.00 estimatedHostTick=3498 renderTick=3494.200 latestSnapshotTick=3494.000 renderMinusLatestTicks=0.200 estimatedMinusLatestTicks=4.000 sampleT=1.100
[rubber-banding][udp-pump] time=76.847 frame=3660 focused=0 windowMs=1040.0 fps=9.6 packets=30 socketAvgMs=34.1 socketP95Ms=218.9 socketMaxMs=222.5 pumpAvgMs=34.7 pumpP95Ms=220.4 pumpMaxMs=250.0 queueDelayAvgMs=99.0 queueDelayP95Ms=164.0 queueDelayMaxMs=165.6 samePump=20 pumpBatchMax=7 queueDepthMax=7 frameMaxMs=250.0
[rubber-banding][local-input] time=77.773 frame=3681 focused=0 host=0 room=23 world=5 authority=5 entity=2 windowMs=1017.0 updates=23 fixedCalls=51 commands=60 predictionSteps=60 noCommandUpdates=0 estimatedHostTick=3558 nextInputTick=3562 lastRecordedTick=3562 lastResolvedTick=3558 nextLead=4 recordedLead=4 unresolved=4 clamped=0 clampedTotal=2070 batchesSent=1424 commandsSent=8235 sendFailures=0 move=(0.00,0.00) jump=0
[rubber-banding][remote-render] time=77.773 frame=3681 entity=1 latestHostTick=3558 buffer=8 windowMs=1017.0 fps=22.6 snapshots=32 arrivalSamples=32 arrivalAvgMs=31.8 arrivalP95Ms=47.6 arrivalMaxMs=87.1 sameArrival=10 tickGapMax=2 renderFrames=23 interpolation=23 extrapolation=0 extrapolationCapped=0 extrapolationMaxMs=0.0 oldestHeld=0 zeroSpan=8 movingFrozen=0 teleport=0 visualStepAvgCm=0.00 visualStepMaxCm=0.00 estimatedHostTick=3558 renderTick=3553.982 latestSnapshotTick=3558.000 renderMinusLatestTicks=-4.018 estimatedMinusLatestTicks=0.000 sampleT=0.991
[rubber-banding][remote-render] time=77.773 frame=3681 entity=3 latestHostTick=3558 buffer=8 windowMs=1017.0 fps=22.6 snapshots=32 arrivalSamples=32 arrivalAvgMs=31.8 arrivalP95Ms=47.6 arrivalMaxMs=87.1 sameArrival=10 tickGapMax=2 renderFrames=23 interpolation=23 extrapolation=0 extrapolationCapped=0 extrapolationMaxMs=0.0 oldestHeld=0 zeroSpan=8 movingFrozen=0 teleport=0 visualStepAvgCm=0.00 visualStepMaxCm=0.00 estimatedHostTick=3558 renderTick=3553.982 latestSnapshotTick=3558.000 renderMinusLatestTicks=-4.018 estimatedMinusLatestTicks=0.000 sampleT=0.991
[rubber-banding][remote-render] time=77.773 frame=3681 entity=4 latestHostTick=3558 buffer=8 windowMs=1017.0 fps=22.6 snapshots=32 arrivalSamples=32 arrivalAvgMs=31.8 arrivalP95Ms=47.6 arrivalMaxMs=87.1 sameArrival=10 tickGapMax=2 renderFrames=23 interpolation=23 extrapolation=0 extrapolationCapped=0 extrapolationMaxMs=0.0 oldestHeld=0 zeroSpan=8 movingFrozen=0 teleport=0 visualStepAvgCm=0.00 visualStepMaxCm=0.00 estimatedHostTick=3558 renderTick=3553.982 latestSnapshotTick=3558.000 renderMinusLatestTicks=-4.018 estimatedMinusLatestTicks=0.000 sampleT=0.991
[rubber-banding][udp-pump] time=77.864 frame=3683 focused=0 windowMs=1016.9 fps=22.6 packets=32 socketAvgMs=32.8 socketP95Ms=46.6 socketMaxMs=47.6 pumpAvgMs=31.8 pumpP95Ms=47.6 pumpMaxMs=87.1 queueDelayAvgMs=30.4 queueDelayP95Ms=45.4 queueDelayMaxMs=46.1 samePump=10 pumpBatchMax=3 queueDepthMax=3 frameMaxMs=47.6
[rubber-banding][local-input] time=78.830 frame=3696 focused=0 host=0 room=23 world=5 authority=5 entity=2 windowMs=1057.5 updates=15 fixedCalls=53 commands=56 predictionSteps=56 noCommandUpdates=0 estimatedHostTick=3623 nextInputTick=3627 lastRecordedTick=3627 lastResolvedTick=3622 nextLead=4 recordedLead=4 unresolved=4 clamped=0 clampedTotal=2070 batchesSent=1439 commandsSent=8306 sendFailures=0 move=(0.00,0.00) jump=0
[rubber-banding][remote-render] time=78.830 frame=3696 entity=1 latestHostTick=3622 buffer=8 windowMs=1057.5 fps=14.2 snapshots=32 arrivalSamples=32 arrivalAvgMs=33.0 arrivalP95Ms=87.1 arrivalMaxMs=93.6 sameArrival=17 tickGapMax=2 renderFrames=15 interpolation=15 extrapolation=0 extrapolationCapped=0 extrapolationMaxMs=0.0 oldestHeld=0 zeroSpan=3 movingFrozen=0 teleport=0 visualStepAvgCm=5.28 visualStepMaxCm=30.94 estimatedHostTick=3623 renderTick=3617.435 latestSnapshotTick=3622.000 renderMinusLatestTicks=-4.565 estimatedMinusLatestTicks=1.000 sampleT=0.718
[rubber-banding][large-step] time=78.830 frame=3696 focused=0 entity=1 buffer=8 count=1 maxStepCm=30.94 horizontalCm=30.94 verticalCm=0.00 frameDeltaMs=81.2 renderTickDelta=4.870 fromTick=3616 toTick=3618 tickSpan=2 receivedSpanMs=81.2 t=0.718 renderOffsetMs=-9.4 sourceHorizontalCm=13.33 sourceVerticalCm=0.00 fromGrounded=1 toGrounded=1 velocity=(2.828, -2.333, 2.828) expectedTravelCm=37.58 teleport=0 previous=(3.309, 0.008, 0.359) rendered=(3.527, 0.008, 0.577)
[rubber-banding][remote-render] time=78.830 frame=3696 entity=3 latestHostTick=3622 buffer=8 windowMs=1057.5 fps=14.2 snapshots=32 arrivalSamples=32 arrivalAvgMs=33.0 arrivalP95Ms=87.1 arrivalMaxMs=93.6 sameArrival=17 tickGapMax=2 renderFrames=15 interpolation=15 extrapolation=0 extrapolationCapped=0 extrapolationMaxMs=0.0 oldestHeld=0 zeroSpan=3 movingFrozen=0 teleport=0 visualStepAvgCm=0.00 visualStepMaxCm=0.00 estimatedHostTick=3623 renderTick=3617.435 latestSnapshotTick=3622.000 renderMinusLatestTicks=-4.565 estimatedMinusLatestTicks=1.000 sampleT=0.718
[rubber-banding][remote-render] time=78.830 frame=3696 entity=4 latestHostTick=3622 buffer=8 windowMs=1057.5 fps=14.2 snapshots=32 arrivalSamples=32 arrivalAvgMs=33.0 arrivalP95Ms=87.1 arrivalMaxMs=93.6 sameArrival=17 tickGapMax=2 renderFrames=15 interpolation=15 extrapolation=0 extrapolationCapped=0 extrapolationMaxMs=0.0 oldestHeld=0 zeroSpan=3 movingFrozen=0 teleport=0 visualStepAvgCm=0.00 visualStepMaxCm=0.00 estimatedHostTick=3623 renderTick=3617.435 latestSnapshotTick=3622.000 renderMinusLatestTicks=-4.565 estimatedMinusLatestTicks=1.000 sampleT=0.718
[rubber-banding][udp-pump] time=78.901 frame=3697 focused=0 windowMs=1036.7 fps=13.5 packets=31 socketAvgMs=33.4 socketP95Ms=42.8 socketMaxMs=44.3 pumpAvgMs=33.4 pumpP95Ms=87.1 pumpMaxMs=93.6 queueDelayAvgMs=36.8 queueDelayP95Ms=74.5 queueDelayMaxMs=80.7 samePump=17 pumpBatchMax=3 queueDepthMax=3 frameMaxMs=93.6
[rubber-banding][local-input] time=79.862 frame=3708 focused=0 host=0 room=23 world=5 authority=5 entity=2 windowMs=1031.1 updates=12 fixedCalls=51 commands=43 predictionSteps=43 noCommandUpdates=0 estimatedHostTick=3682 nextInputTick=3687 lastRecordedTick=3687 lastResolvedTick=3684 nextLead=5 recordedLead=5 unresolved=3 clamped=0 clampedTotal=2070 batchesSent=1451 commandsSent=8350 sendFailures=0 move=(0.00,0.00) jump=0
[rubber-banding][remote-render] time=79.862 frame=3708 entity=1 latestHostTick=3684 buffer=8 windowMs=1031.1 fps=11.6 snapshots=31 arrivalSamples=31 arrivalAvgMs=33.3 arrivalP95Ms=98.2 arrivalMaxMs=101.6 sameArrival=19 tickGapMax=2 renderFrames=12 interpolation=12 extrapolation=0 extrapolationCapped=0 extrapolationMaxMs=0.0 oldestHeld=0 zeroSpan=5 movingFrozen=0 teleport=0 visualStepAvgCm=40.43 visualStepMaxCm=56.67 estimatedHostTick=3682 renderTick=3678.144 latestSnapshotTick=3684.000 renderMinusLatestTicks=-5.856 estimatedMinusLatestTicks=-2.000 sampleT=0.072
[rubber-banding][large-step] time=79.862 frame=3708 focused=0 entity=1 buffer=8 count=12 maxStepCm=56.67 horizontalCm=31.86 verticalCm=46.86 frameDeltaMs=82.4 renderTickDelta=4.779 fromTick=3630 toTick=3632 tickSpan=2 receivedSpanMs=82.4 t=0.477 renderOffsetMs=-17.4 sourceHorizontalCm=13.33 sourceVerticalCm=16.98 fromGrounded=0 toGrounded=0 velocity=(0.000, 4.928, 4.000) expectedTravelCm=52.30 teleport=0 previous=(3.695, 0.027, 1.090) rendered=(3.695, 0.495, 1.409)
[rubber-banding][jump-step] time=79.862 frame=3708 focused=0 entity=1 buffer=8 count=7 maxVerticalCm=46.86 horizontalCm=31.86 verticalCm=46.86 frameDeltaMs=82.4 renderTickDelta=4.779 fromTick=3630 toTick=3632 tickSpan=2 receivedSpanMs=82.4 t=0.477 renderOffsetMs=-17.4 sourceHorizontalCm=13.33 sourceVerticalCm=16.98 fromGrounded=0 toGrounded=0 velocity=(0.000, 4.928, 4.000) expectedTravelCm=52.30 teleport=0 previous=(3.695, 0.027, 1.090) rendered=(3.695, 0.495, 1.409)
[rubber-banding][remote-render] time=79.862 frame=3708 entity=3 latestHostTick=3684 buffer=8 windowMs=1031.1 fps=11.6 snapshots=31 arrivalSamples=31 arrivalAvgMs=33.3 arrivalP95Ms=98.2 arrivalMaxMs=101.6 sameArrival=19 tickGapMax=2 renderFrames=12 interpolation=12 extrapolation=0 extrapolationCapped=0 extrapolationMaxMs=0.0 oldestHeld=0 zeroSpan=5 movingFrozen=0 teleport=0 visualStepAvgCm=0.00 visualStepMaxCm=0.00 estimatedHostTick=3682 renderTick=3678.144 latestSnapshotTick=3684.000 renderMinusLatestTicks=-5.856 estimatedMinusLatestTicks=-2.000 sampleT=0.072
[rubber-banding][remote-render] time=79.862 frame=3708 entity=4 latestHostTick=3684 buffer=8 windowMs=1031.1 fps=11.6 snapshots=31 arrivalSamples=31 arrivalAvgMs=33.3 arrivalP95Ms=98.2 arrivalMaxMs=101.6 sameArrival=19 tickGapMax=2 renderFrames=12 interpolation=12 extrapolation=0 extrapolationCapped=0 extrapolationMaxMs=0.0 oldestHeld=0 zeroSpan=5 movingFrozen=0 teleport=0 visualStepAvgCm=0.00 visualStepMaxCm=0.00 estimatedHostTick=3682 renderTick=3678.144 latestSnapshotTick=3684.000 renderMinusLatestTicks=-5.856 estimatedMinusLatestTicks=-2.000 sampleT=0.072
[rubber-banding][udp-pump] time=79.931 frame=3709 focused=0 windowMs=1030.4 fps=11.6 packets=31 socketAvgMs=33.4 socketP95Ms=34.4 socketMaxMs=34.6 pumpAvgMs=33.2 pumpP95Ms=98.2 pumpMaxMs=101.6 queueDelayAvgMs=43.1 queueDelayP95Ms=90.5 queueDelayMaxMs=92.5 samePump=19 pumpBatchMax=3 queueDepthMax=3 frameMaxMs=101.6
[rubber-banding][local-input] time=80.882 frame=3721 focused=0 host=0 room=23 world=5 authority=5 entity=2 windowMs=1021.0 updates=13 fixedCalls=51 commands=51 predictionSteps=51 noCommandUpdates=0 estimatedHostTick=3744 nextInputTick=3749 lastRecordedTick=3749 lastResolvedTick=3744 nextLead=5 recordedLead=5 unresolved=4 clamped=0 clampedTotal=2070 batchesSent=1464 commandsSent=8402 sendFailures=0 move=(0.00,0.00) jump=0
[rubber-banding][remote-render] time=80.882 frame=3721 entity=1 latestHostTick=3744 buffer=8 windowMs=1021.0 fps=12.7 snapshots=30 arrivalSamples=30 arrivalAvgMs=34.0 arrivalP95Ms=83.0 arrivalMaxMs=89.6 sameArrival=17 tickGapMax=2 renderFrames=13 interpolation=13 extrapolation=0 extrapolationCapped=0 extrapolationMaxMs=0.0 oldestHeld=0 zeroSpan=9 movingFrozen=0 teleport=0 visualStepAvgCm=38.17 visualStepMaxCm=56.44 estimatedHostTick=3744 renderTick=3739.400 latestSnapshotTick=3744.000 renderMinusLatestTicks=-4.600 estimatedMinusLatestTicks=0.000 sampleT=0.700
[rubber-banding][large-step] time=80.882 frame=3721 focused=0 entity=1 buffer=8 count=13 maxStepCm=56.44 horizontalCm=33.15 verticalCm=45.68 frameDeltaMs=82.9 renderTickDelta=4.973 fromTick=3720 toTick=3722 tickSpan=2 receivedSpanMs=82.9 t=0.164 renderOffsetMs=-27.9 sourceHorizontalCm=13.33 sourceVerticalCm=6.32 fromGrounded=0 toGrounded=1 velocity=(0.000, -2.333, -4.000) expectedTravelCm=38.38 teleport=0 previous=(4.298, 0.518, 0.430) rendered=(4.298, 0.061, 0.099)
[rubber-banding][jump-step] time=80.882 frame=3721 focused=0 entity=1 buffer=8 count=7 maxVerticalCm=45.68 horizontalCm=33.15 verticalCm=45.68 frameDeltaMs=82.9 renderTickDelta=4.973 fromTick=3720 toTick=3722 tickSpan=2 receivedSpanMs=82.9 t=0.164 renderOffsetMs=-27.9 sourceHorizontalCm=13.33 sourceVerticalCm=6.32 fromGrounded=0 toGrounded=1 velocity=(0.000, -2.333, -4.000) expectedTravelCm=38.38 teleport=0 previous=(4.298, 0.518, 0.430) rendered=(4.298, 0.061, 0.099)
[rubber-banding][remote-render] time=80.882 frame=3721 entity=3 latestHostTick=3744 buffer=8 windowMs=1021.0 fps=12.7 snapshots=30 arrivalSamples=30 arrivalAvgMs=34.0 arrivalP95Ms=83.0 arrivalMaxMs=89.6 sameArrival=17 tickGapMax=2 renderFrames=13 interpolation=13 extrapolation=0 extrapolationCapped=0 extrapolationMaxMs=0.0 oldestHeld=0 zeroSpan=9 movingFrozen=0 teleport=0 visualStepAvgCm=0.00 visualStepMaxCm=0.00 estimatedHostTick=3744 renderTick=3739.400 latestSnapshotTick=3744.000 renderMinusLatestTicks=-4.600 estimatedMinusLatestTicks=0.000 sampleT=0.700
[rubber-banding][remote-render] time=80.882 frame=3721 entity=4 latestHostTick=3744 buffer=8 windowMs=1021.0 fps=12.7 snapshots=30 arrivalSamples=30 arrivalAvgMs=34.0 arrivalP95Ms=83.0 arrivalMaxMs=89.6 sameArrival=17 tickGapMax=2 renderFrames=13 interpolation=13 extrapolation=0 extrapolationCapped=0 extrapolationMaxMs=0.0 oldestHeld=0 zeroSpan=9 movingFrozen=0 teleport=0 visualStepAvgCm=0.00 visualStepMaxCm=0.00 estimatedHostTick=3744 renderTick=3739.400 latestSnapshotTick=3744.000 renderMinusLatestTicks=-4.600 estimatedMinusLatestTicks=0.000 sampleT=0.700
[rubber-banding][udp-pump] time=80.965 frame=3722 focused=0 windowMs=1033.7 fps=12.6 packets=31 socketAvgMs=33.3 socketP95Ms=34.3 socketMaxMs=34.6 pumpAvgMs=33.3 pumpP95Ms=83.0 pumpMaxMs=89.6 queueDelayAvgMs=37.4 queueDelayP95Ms=72.6 queueDelayMaxMs=73.5 samePump=18 pumpBatchMax=3 queueDepthMax=4 frameMaxMs=89.6
[rubber-banding][local-input] time=81.915 frame=3734 focused=0 host=0 room=23 world=5 authority=5 entity=2 windowMs=1032.8 updates=13 fixedCalls=52 commands=46 predictionSteps=46 noCommandUpdates=0 estimatedHostTick=3805 nextInputTick=3810 lastRecordedTick=3810 lastResolvedTick=3806 nextLead=5 recordedLead=5 unresolved=4 clamped=0 clampedTotal=2070 batchesSent=1477 commandsSent=8448 sendFailures=0 move=(0.00,0.00) jump=0
[rubber-banding][remote-render] time=81.915 frame=3734 entity=1 latestHostTick=3806 buffer=8 windowMs=1032.8 fps=12.6 snapshots=31 arrivalSamples=31 arrivalAvgMs=33.3 arrivalP95Ms=85.9 arrivalMaxMs=86.5 sameArrival=18 tickGapMax=2 renderFrames=13 interpolation=13 extrapolation=0 extrapolationCapped=0 extrapolationMaxMs=0.0 oldestHeld=0 zeroSpan=11 movingFrozen=0 teleport=0 visualStepAvgCm=31.29 visualStepMaxCm=34.62 estimatedHostTick=3805 renderTick=3801.022 latestSnapshotTick=3806.000 renderMinusLatestTicks=-4.978 estimatedMinusLatestTicks=-1.000 sampleT=0.511
[rubber-banding][large-step] time=81.915 frame=3734 focused=0 entity=1 buffer=8 count=13 maxStepCm=34.62 horizontalCm=34.62 verticalCm=0.00 frameDeltaMs=86.5 renderTickDelta=5.192 fromTick=3790 toTick=3792 tickSpan=2 receivedSpanMs=0.0 t=0.904 renderOffsetMs=-3.2 sourceHorizontalCm=13.33 sourceVerticalCm=0.00 fromGrounded=1 toGrounded=1 velocity=(0.000, -2.333, 4.000) expectedTravelCm=40.08 teleport=0 previous=(7.368, 0.008, -0.293) rendered=(7.368, 0.008, 0.053)
[rubber-banding][remote-render] time=81.915 frame=3734 entity=3 latestHostTick=3806 buffer=8 windowMs=1032.8 fps=12.6 snapshots=31 arrivalSamples=31 arrivalAvgMs=33.3 arrivalP95Ms=85.9 arrivalMaxMs=86.5 sameArrival=18 tickGapMax=2 renderFrames=13 interpolation=13 extrapolation=0 extrapolationCapped=0 extrapolationMaxMs=0.0 oldestHeld=0 zeroSpan=11 movingFrozen=0 teleport=0 visualStepAvgCm=0.00 visualStepMaxCm=0.00 estimatedHostTick=3805 renderTick=3801.022 latestSnapshotTick=3806.000 renderMinusLatestTicks=-4.978 estimatedMinusLatestTicks=-1.000 sampleT=0.511
[rubber-banding][remote-render] time=81.915 frame=3734 entity=4 latestHostTick=3806 buffer=8 windowMs=1032.8 fps=12.6 snapshots=31 arrivalSamples=31 arrivalAvgMs=33.3 arrivalP95Ms=85.9 arrivalMaxMs=86.5 sameArrival=18 tickGapMax=2 renderFrames=13 interpolation=13 extrapolation=0 extrapolationCapped=0 extrapolationMaxMs=0.0 oldestHeld=0 zeroSpan=11 movingFrozen=0 teleport=0 visualStepAvgCm=0.00 visualStepMaxCm=0.00 estimatedHostTick=3805 renderTick=3801.022 latestSnapshotTick=3806.000 renderMinusLatestTicks=-4.978 estimatedMinusLatestTicks=-1.000 sampleT=0.511
[rubber-banding][udp-pump] time=81.999 frame=3735 focused=0 windowMs=1034.3 fps=12.6 packets=31 socketAvgMs=33.4 socketP95Ms=34.3 socketMaxMs=34.6 pumpAvgMs=33.4 pumpP95Ms=85.9 pumpMaxMs=86.5 queueDelayAvgMs=38.4 queueDelayP95Ms=73.9 queueDelayMaxMs=74.5 samePump=18 pumpBatchMax=3 queueDepthMax=4 frameMaxMs=86.5
[rubber-banding][local-input] time=82.962 frame=3747 focused=0 host=0 room=23 world=5 authority=5 entity=2 windowMs=1047.1 updates=13 fixedCalls=52 commands=43 predictionSteps=43 noCommandUpdates=0 estimatedHostTick=3868 nextInputTick=3873 lastRecordedTick=3873 lastResolvedTick=3870 nextLead=5 recordedLead=5 unresolved=3 clamped=0 clampedTotal=2070 batchesSent=1490 commandsSent=8491 sendFailures=0 move=(0.00,0.00) jump=0
[rubber-banding][remote-render] time=82.962 frame=3747 entity=1 latestHostTick=3870 buffer=8 windowMs=1047.1 fps=12.4 snapshots=32 arrivalSamples=32 arrivalAvgMs=32.7 arrivalP95Ms=89.5 arrivalMaxMs=90.2 sameArrival=19 tickGapMax=2 renderFrames=13 interpolation=13 extrapolation=0 extrapolationCapped=0 extrapolationMaxMs=0.0 oldestHeld=0 zeroSpan=11 movingFrozen=0 teleport=0 visualStepAvgCm=34.60 visualStepMaxCm=47.64 estimatedHostTick=3868 renderTick=3863.610 latestSnapshotTick=3870.000 renderMinusLatestTicks=-6.390 estimatedMinusLatestTicks=-2.000 sampleT=0.805
[rubber-banding][large-step] time=82.962 frame=3747 focused=0 entity=1 buffer=8 count=13 maxStepCm=47.64 horizontalCm=36.07 verticalCm=31.12 frameDeltaMs=90.2 renderTickDelta=5.410 fromTick=3862 toTick=3864 tickSpan=2 receivedSpanMs=0.0 t=0.805 renderOffsetMs=-6.5 sourceHorizontalCm=13.33 sourceVerticalCm=9.21 fromGrounded=0 toGrounded=0 velocity=(0.000, 2.595, -4.000) expectedTravelCm=42.99 teleport=0 previous=(4.711, 0.674, 0.083) rendered=(4.711, 0.986, -0.277)
[rubber-banding][jump-step] time=82.962 frame=3747 focused=0 entity=1 buffer=8 count=3 maxVerticalCm=36.52 horizontalCm=28.78 verticalCm=36.52 frameDeltaMs=72.9 renderTickDelta=4.317 fromTick=3858 toTick=3860 tickSpan=2 receivedSpanMs=0.0 t=0.100 renderOffsetMs=-30.0 sourceHorizontalCm=13.33 sourceVerticalCm=13.65 fromGrounded=0 toGrounded=0 velocity=(0.000, 3.928, -4.000) expectedTravelCm=40.89 teleport=0 previous=(4.711, 0.309, 0.371) rendered=(4.711, 0.674, 0.083)
[rubber-banding][remote-render] time=82.962 frame=3747 entity=3 latestHostTick=3870 buffer=8 windowMs=1047.1 fps=12.4 snapshots=32 arrivalSamples=32 arrivalAvgMs=32.7 arrivalP95Ms=89.5 arrivalMaxMs=90.2 sameArrival=19 tickGapMax=2 renderFrames=13 interpolation=13 extrapolation=0 extrapolationCapped=0 extrapolationMaxMs=0.0 oldestHeld=0 zeroSpan=11 movingFrozen=0 teleport=0 visualStepAvgCm=0.00 visualStepMaxCm=0.00 estimatedHostTick=3868 renderTick=3863.610 latestSnapshotTick=3870.000 renderMinusLatestTicks=-6.390 estimatedMinusLatestTicks=-2.000 sampleT=0.805
[rubber-banding][remote-render] time=82.962 frame=3747 entity=4 latestHostTick=3870 buffer=8 windowMs=1047.1 fps=12.4 snapshots=32 arrivalSamples=32 arrivalAvgMs=32.7 arrivalP95Ms=89.5 arrivalMaxMs=90.2 sameArrival=19 tickGapMax=2 renderFrames=13 interpolation=13 extrapolation=0 extrapolationCapped=0 extrapolationMaxMs=0.0 oldestHeld=0 zeroSpan=11 movingFrozen=0 teleport=0 visualStepAvgCm=0.00 visualStepMaxCm=0.00 estimatedHostTick=3868 renderTick=3863.610 latestSnapshotTick=3870.000 renderMinusLatestTicks=-6.390 estimatedMinusLatestTicks=-2.000 sampleT=0.805
[rubber-banding][udp-pump] time=83.042 frame=3748 focused=0 windowMs=1042.9 fps=12.5 packets=31 socketAvgMs=33.3 socketP95Ms=34.3 socketMaxMs=35.6 pumpAvgMs=33.6 pumpP95Ms=89.5 pumpMaxMs=90.2 queueDelayAvgMs=36.1 queueDelayP95Ms=73.4 queueDelayMaxMs=80.4 samePump=18 pumpBatchMax=3 queueDepthMax=3 frameMaxMs=90.2
[rubber-banding][local-input] time=83.964 frame=3759 focused=0 host=0 room=23 world=5 authority=5 entity=2 windowMs=1001.6 updates=12 fixedCalls=51 commands=43 predictionSteps=43 noCommandUpdates=0 estimatedHostTick=3928 nextInputTick=3933 lastRecordedTick=3933 lastResolvedTick=3930 nextLead=5 recordedLead=5 unresolved=3 clamped=0 clampedTotal=2070 batchesSent=1502 commandsSent=8534 sendFailures=0 move=(0.00,0.00) jump=0
[rubber-banding][remote-render] time=83.964 frame=3759 entity=1 latestHostTick=3930 buffer=8 windowMs=1001.6 fps=12.0 snapshots=30 arrivalSamples=30 arrivalAvgMs=33.4 arrivalP95Ms=85.4 arrivalMaxMs=97.5 sameArrival=18 tickGapMax=2 renderFrames=12 interpolation=12 extrapolation=0 extrapolationCapped=0 extrapolationMaxMs=0.0 oldestHeld=0 zeroSpan=11 movingFrozen=0 teleport=0 visualStepAvgCm=41.27 visualStepMaxCm=54.82 estimatedHostTick=3928 renderTick=3923.708 latestSnapshotTick=3930.000 renderMinusLatestTicks=-6.292 estimatedMinusLatestTicks=-2.000 sampleT=0.854
[rubber-banding][large-step] time=83.964 frame=3759 focused=0 entity=1 buffer=8 count=12 maxStepCm=54.82 horizontalCm=39.02 verticalCm=38.51 frameDeltaMs=97.5 renderTickDelta=5.853 fromTick=3898 toTick=3900 tickSpan=2 receivedSpanMs=97.5 t=0.398 renderOffsetMs=-20.1 sourceHorizontalCm=13.33 sourceVerticalCm=18.09 fromGrounded=0 toGrounded=0 velocity=(-4.000, 5.262, 0.000) expectedTravelCm=64.47 teleport=0 previous=(4.038, 0.008, -2.019) rendered=(3.648, 0.393, -2.019)
[rubber-banding][jump-step] time=83.964 frame=3759 focused=0 entity=1 buffer=8 count=10 maxVerticalCm=39.87 horizontalCm=34.16 verticalCm=39.87 frameDeltaMs=85.4 renderTickDelta=5.124 fromTick=3902 toTick=3904 tickSpan=2 receivedSpanMs=0.0 t=0.960 renderOffsetMs=-1.3 sourceHorizontalCm=13.33 sourceVerticalCm=13.65 fromGrounded=0 toGrounded=0 velocity=(-3.996, 3.928, 0.182) expectedTravelCm=47.88 teleport=0 previous=(3.648, 0.393, -2.019) rendered=(3.307, 0.792, -2.015)
[rubber-banding][remote-render] time=83.964 frame=3759 entity=3 latestHostTick=3930 buffer=8 windowMs=1001.6 fps=12.0 snapshots=30 arrivalSamples=30 arrivalAvgMs=33.4 arrivalP95Ms=85.4 arrivalMaxMs=97.5 sameArrival=18 tickGapMax=2 renderFrames=12 interpolation=12 extrapolation=0 extrapolationCapped=0 extrapolationMaxMs=0.0 oldestHeld=0 zeroSpan=11 movingFrozen=0 teleport=0 visualStepAvgCm=0.00 visualStepMaxCm=0.00 estimatedHostTick=3928 renderTick=3923.708 latestSnapshotTick=3930.000 renderMinusLatestTicks=-6.292 estimatedMinusLatestTicks=-2.000 sampleT=0.854
[rubber-banding][remote-render] time=83.964 frame=3759 entity=4 latestHostTick=3930 buffer=8 windowMs=1001.6 fps=12.0 snapshots=30 arrivalSamples=30 arrivalAvgMs=33.4 arrivalP95Ms=85.4 arrivalMaxMs=97.5 sameArrival=18 tickGapMax=2 renderFrames=12 interpolation=12 extrapolation=0 extrapolationCapped=0 extrapolationMaxMs=0.0 oldestHeld=0 zeroSpan=11 movingFrozen=0 teleport=0 visualStepAvgCm=0.00 visualStepMaxCm=0.00 estimatedHostTick=3928 renderTick=3923.708 latestSnapshotTick=3930.000 renderMinusLatestTicks=-6.292 estimatedMinusLatestTicks=-2.000 sampleT=0.854
[rubber-banding][udp-pump] time=84.050 frame=3760 focused=0 windowMs=1008.1 fps=11.9 packets=30 socketAvgMs=33.3 socketP95Ms=34.7 socketMaxMs=36.6 pumpAvgMs=33.6 pumpP95Ms=86.0 pumpMaxMs=97.5 queueDelayAvgMs=42.8 queueDelayP95Ms=76.1 queueDelayMaxMs=89.5 samePump=18 pumpBatchMax=3 queueDepthMax=3 frameMaxMs=97.5
[rubber-banding][local-input] time=85.025 frame=3772 focused=0 host=0 room=23 world=5 authority=5 entity=2 windowMs=1061.2 updates=13 fixedCalls=53 commands=46 predictionSteps=46 noCommandUpdates=0 estimatedHostTick=3992 nextInputTick=3997 lastRecordedTick=3997 lastResolvedTick=3992 nextLead=5 recordedLead=5 unresolved=4 clamped=0 clampedTotal=2070 batchesSent=1515 commandsSent=8580 sendFailures=0 move=(0.00,0.00) jump=0
[rubber-banding][remote-render] time=85.025 frame=3772 entity=1 latestHostTick=3992 buffer=8 windowMs=1061.2 fps=12.3 snapshots=31 arrivalSamples=31 arrivalAvgMs=34.2 arrivalP95Ms=90.8 arrivalMaxMs=91.4 sameArrival=18 tickGapMax=2 renderFrames=13 interpolation=13 extrapolation=0 extrapolationCapped=0 extrapolationMaxMs=0.0 oldestHeld=0 zeroSpan=12 movingFrozen=0 teleport=0 visualStepAvgCm=44.63 visualStepMaxCm=69.58 estimatedHostTick=3992 renderTick=3987.380 latestSnapshotTick=3992.000 renderMinusLatestTicks=-4.620 estimatedMinusLatestTicks=0.000 sampleT=0.690
[rubber-banding][large-step] time=85.025 frame=3772 focused=0 entity=1 buffer=8 count=13 maxStepCm=69.58 horizontalCm=32.31 verticalCm=61.62 frameDeltaMs=86.0 renderTickDelta=5.161 fromTick=3928 toTick=3930 tickSpan=2 receivedSpanMs=0.0 t=0.435 renderOffsetMs=-18.8 sourceHorizontalCm=13.33 sourceVerticalCm=8.56 fromGrounded=1 toGrounded=1 velocity=(-4.000, -2.333, 0.000) expectedTravelCm=39.83 teleport=0 previous=(2.026, 0.952, -1.718) rendered=(1.704, 1.569, -1.689)
[rubber-banding][jump-step] time=85.025 frame=3772 focused=0 entity=1 buffer=8 count=11 maxVerticalCm=61.62 horizontalCm=32.31 verticalCm=61.62 frameDeltaMs=86.0 renderTickDelta=5.161 fromTick=3928 toTick=3930 tickSpan=2 receivedSpanMs=0.0 t=0.435 renderOffsetMs=-18.8 sourceHorizontalCm=13.33 sourceVerticalCm=8.56 fromGrounded=1 toGrounded=1 velocity=(-4.000, -2.333, 0.000) expectedTravelCm=39.83 teleport=0 previous=(2.026, 0.952, -1.718) rendered=(1.704, 1.569, -1.689)
[rubber-banding][remote-render] time=85.025 frame=3772 entity=3 latestHostTick=3992 buffer=8 windowMs=1061.2 fps=12.3 snapshots=31 arrivalSamples=31 arrivalAvgMs=34.2 arrivalP95Ms=90.8 arrivalMaxMs=91.4 sameArrival=18 tickGapMax=2 renderFrames=13 interpolation=13 extrapolation=0 extrapolationCapped=0 extrapolationMaxMs=0.0 oldestHeld=0 zeroSpan=12 movingFrozen=0 teleport=0 visualStepAvgCm=0.00 visualStepMaxCm=0.00 estimatedHostTick=3992 renderTick=3987.380 latestSnapshotTick=3992.000 renderMinusLatestTicks=-4.620 estimatedMinusLatestTicks=0.000 sampleT=0.690
[rubber-banding][remote-render] time=85.025 frame=3772 entity=4 latestHostTick=3992 buffer=8 windowMs=1061.2 fps=12.3 snapshots=31 arrivalSamples=31 arrivalAvgMs=34.2 arrivalP95Ms=90.8 arrivalMaxMs=91.4 sameArrival=18 tickGapMax=2 renderFrames=13 interpolation=13 extrapolation=0 extrapolationCapped=0 extrapolationMaxMs=0.0 oldestHeld=0 zeroSpan=12 movingFrozen=0 teleport=0 visualStepAvgCm=0.00 visualStepMaxCm=0.00 estimatedHostTick=3992 renderTick=3987.380 latestSnapshotTick=3992.000 renderMinusLatestTicks=-4.620 estimatedMinusLatestTicks=0.000 sampleT=0.690
[rubber-banding][udp-pump] time=85.100 frame=3773 focused=0 windowMs=1049.7 fps=12.4 packets=32 socketAvgMs=33.4 socketP95Ms=34.7 socketMaxMs=36.5 pumpAvgMs=32.8 pumpP95Ms=90.8 pumpMaxMs=91.4 queueDelayAvgMs=39.8 queueDelayP95Ms=74.8 queueDelayMaxMs=87.8 samePump=19 pumpBatchMax=3 queueDepthMax=4 frameMaxMs=91.4
[rubber-banding][local-input] time=86.067 frame=3784 focused=0 host=0 room=23 world=5 authority=5 entity=2 windowMs=1041.6 updates=12 fixedCalls=52 commands=48 predictionSteps=48 noCommandUpdates=0 estimatedHostTick=4055 nextInputTick=4060 lastRecordedTick=4060 lastResolvedTick=4056 nextLead=5 recordedLead=5 unresolved=4 clamped=0 clampedTotal=2070 batchesSent=1527 commandsSent=8628 sendFailures=0 move=(0.00,0.00) jump=0
[rubber-banding][remote-render] time=86.067 frame=3784 entity=1 latestHostTick=4056 buffer=8 windowMs=1041.6 fps=11.5 snapshots=32 arrivalSamples=32 arrivalAvgMs=32.5 arrivalP95Ms=96.2 arrivalMaxMs=111.6 sameArrival=20 tickGapMax=2 renderFrames=12 interpolation=12 extrapolation=0 extrapolationCapped=0 extrapolationMaxMs=0.0 oldestHeld=0 zeroSpan=10 movingFrozen=0 teleport=0 visualStepAvgCm=43.08 visualStepMaxCm=62.57 estimatedHostTick=4055 renderTick=4049.873 latestSnapshotTick=4056.000 renderMinusLatestTicks=-6.127 estimatedMinusLatestTicks=-1.000 sampleT=0.936
[rubber-banding][large-step] time=86.067 frame=3784 focused=0 entity=1 buffer=8 count=11 maxStepCm=62.57 horizontalCm=37.50 verticalCm=50.09 frameDeltaMs=96.2 renderTickDelta=5.774 fromTick=4006 toTick=4008 tickSpan=2 receivedSpanMs=0.0 t=0.877 renderOffsetMs=-4.1 sourceHorizontalCm=12.75 sourceVerticalCm=19.68 fromGrounded=0 toGrounded=0 velocity=(1.375, -6.072, -3.541) expectedTravelCm=68.92 teleport=0 previous=(-1.449, 0.703, -4.201) rendered=(-1.343, 0.202, -4.560)
[rubber-banding][jump-step] time=86.067 frame=3784 focused=0 entity=1 buffer=8 count=10 maxVerticalCm=50.09 horizontalCm=37.50 verticalCm=50.09 frameDeltaMs=96.2 renderTickDelta=5.774 fromTick=4006 toTick=4008 tickSpan=2 receivedSpanMs=0.0 t=0.877 renderOffsetMs=-4.1 sourceHorizontalCm=12.75 sourceVerticalCm=19.68 fromGrounded=0 toGrounded=0 velocity=(1.375, -6.072, -3.541) expectedTravelCm=68.92 teleport=0 previous=(-1.449, 0.703, -4.201) rendered=(-1.343, 0.202, -4.560)
[rubber-banding][remote-render] time=86.067 frame=3784 entity=3 latestHostTick=4056 buffer=8 windowMs=1041.6 fps=11.5 snapshots=32 arrivalSamples=32 arrivalAvgMs=32.5 arrivalP95Ms=96.2 arrivalMaxMs=111.6 sameArrival=20 tickGapMax=2 renderFrames=12 interpolation=12 extrapolation=0 extrapolationCapped=0 extrapolationMaxMs=0.0 oldestHeld=0 zeroSpan=10 movingFrozen=0 teleport=0 visualStepAvgCm=0.00 visualStepMaxCm=0.00 estimatedHostTick=4055 renderTick=4049.873 latestSnapshotTick=4056.000 renderMinusLatestTicks=-6.127 estimatedMinusLatestTicks=-1.000 sampleT=0.936
[rubber-banding][remote-render] time=86.067 frame=3784 entity=4 latestHostTick=4056 buffer=8 windowMs=1041.6 fps=11.5 snapshots=32 arrivalSamples=32 arrivalAvgMs=32.5 arrivalP95Ms=96.2 arrivalMaxMs=111.6 sameArrival=20 tickGapMax=2 renderFrames=12 interpolation=12 extrapolation=0 extrapolationCapped=0 extrapolationMaxMs=0.0 oldestHeld=0 zeroSpan=10 movingFrozen=0 teleport=0 visualStepAvgCm=0.00 visualStepMaxCm=0.00 estimatedHostTick=4055 renderTick=4049.873 latestSnapshotTick=4056.000 renderMinusLatestTicks=-6.127 estimatedMinusLatestTicks=-1.000 sampleT=0.936
[rubber-banding][udp-pump] time=86.148 frame=3785 focused=0 windowMs=1048.6 fps=11.4 packets=31 socketAvgMs=33.3 socketP95Ms=34.6 socketMaxMs=34.7 pumpAvgMs=33.8 pumpP95Ms=96.2 pumpMaxMs=111.6 queueDelayAvgMs=43.8 queueDelayP95Ms=93.0 queueDelayMaxMs=104.2 samePump=19 pumpBatchMax=4 queueDepthMax=4 frameMaxMs=111.6
[rubber-banding][local-input] time=87.068 frame=3796 focused=0 host=0 room=23 world=5 authority=5 entity=2 windowMs=1001.6 updates=12 fixedCalls=50 commands=39 predictionSteps=39 noCommandUpdates=0 estimatedHostTick=4114 nextInputTick=4119 lastRecordedTick=4119 lastResolvedTick=4116 nextLead=5 recordedLead=5 unresolved=3 clamped=0 clampedTotal=2070 batchesSent=1539 commandsSent=8667 sendFailures=0 move=(0.00,0.00) jump=0
[rubber-banding][remote-render] time=87.068 frame=3796 entity=1 latestHostTick=4116 buffer=8 windowMs=1001.6 fps=12.0 snapshots=30 arrivalSamples=30 arrivalAvgMs=33.4 arrivalP95Ms=89.7 arrivalMaxMs=95.1 sameArrival=18 tickGapMax=2 renderFrames=12 interpolation=12 extrapolation=0 extrapolationCapped=0 extrapolationMaxMs=0.0 oldestHeld=0 zeroSpan=12 movingFrozen=0 teleport=0 visualStepAvgCm=42.14 visualStepMaxCm=64.26 estimatedHostTick=4114 renderTick=4109.966 latestSnapshotTick=4116.000 renderMinusLatestTicks=-6.034 estimatedMinusLatestTicks=-2.000 sampleT=0.983
[rubber-banding][large-step] time=87.068 frame=3796 focused=0 entity=1 buffer=8 count=12 maxStepCm=64.26 horizontalCm=38.04 verticalCm=51.79 frameDeltaMs=95.1 renderTickDelta=5.706 fromTick=4088 toTick=4090 tickSpan=2 receivedSpanMs=0.0 t=0.888 renderOffsetMs=-3.7 sourceHorizontalCm=13.33 sourceVerticalCm=15.87 fromGrounded=0 toGrounded=0 velocity=(4.000, 4.595, 0.000) expectedTravelCm=57.93 teleport=0 previous=(0.665, 0.125, -0.853) rendered=(1.045, 0.643, -0.853)
[rubber-banding][jump-step] time=87.068 frame=3796 focused=0 entity=1 buffer=8 count=8 maxVerticalCm=52.33 horizontalCm=33.54 verticalCm=52.33 frameDeltaMs=83.8 renderTickDelta=5.031 fromTick=4058 toTick=4060 tickSpan=2 receivedSpanMs=0.0 t=0.899 renderOffsetMs=-3.4 sourceHorizontalCm=13.33 sourceVerticalCm=22.78 fromGrounded=0 toGrounded=0 velocity=(0.000, -7.000, 4.000) expectedTravelCm=67.60 teleport=0 previous=(-0.270, 0.914, -2.065) rendered=(-0.270, 0.391, -1.730)
[rubber-banding][remote-render] time=87.068 frame=3796 entity=3 latestHostTick=4116 buffer=8 windowMs=1001.6 fps=12.0 snapshots=30 arrivalSamples=30 arrivalAvgMs=33.4 arrivalP95Ms=89.7 arrivalMaxMs=95.1 sameArrival=18 tickGapMax=2 renderFrames=12 interpolation=12 extrapolation=0 extrapolationCapped=0 extrapolationMaxMs=0.0 oldestHeld=0 zeroSpan=12 movingFrozen=0 teleport=0 visualStepAvgCm=0.00 visualStepMaxCm=0.00 estimatedHostTick=4114 renderTick=4109.966 latestSnapshotTick=4116.000 renderMinusLatestTicks=-6.034 estimatedMinusLatestTicks=-2.000 sampleT=0.983
[rubber-banding][remote-render] time=87.068 frame=3796 entity=4 latestHostTick=4116 buffer=8 windowMs=1001.6 fps=12.0 snapshots=30 arrivalSamples=30 arrivalAvgMs=33.4 arrivalP95Ms=89.7 arrivalMaxMs=95.1 sameArrival=18 tickGapMax=2 renderFrames=12 interpolation=12 extrapolation=0 extrapolationCapped=0 extrapolationMaxMs=0.0 oldestHeld=0 zeroSpan=12 movingFrozen=0 teleport=0 visualStepAvgCm=0.00 visualStepMaxCm=0.00 estimatedHostTick=4114 renderTick=4109.966 latestSnapshotTick=4116.000 renderMinusLatestTicks=-6.034 estimatedMinusLatestTicks=-2.000 sampleT=0.983
[rubber-banding][udp-pump] time=87.153 frame=3797 focused=0 windowMs=1004.7 fps=11.9 packets=31 socketAvgMs=32.9 socketP95Ms=34.3 socketMaxMs=34.8 pumpAvgMs=32.4 pumpP95Ms=89.7 pumpMaxMs=95.1 queueDelayAvgMs=38.0 queueDelayP95Ms=73.3 queueDelayMaxMs=75.3 samePump=19 pumpBatchMax=3 queueDepthMax=4 frameMaxMs=95.1
[rubber-banding][local-input] time=88.105 frame=3808 focused=0 host=0 room=23 world=5 authority=5 entity=2 windowMs=1036.3 updates=12 fixedCalls=52 commands=40 predictionSteps=40 noCommandUpdates=0 estimatedHostTick=4177 nextInputTick=4182 lastRecordedTick=4182 lastResolvedTick=4178 nextLead=5 recordedLead=5 unresolved=4 clamped=0 clampedTotal=2070 batchesSent=1551 commandsSent=8707 sendFailures=0 move=(0.00,0.00) jump=0
[rubber-banding][remote-render] time=88.105 frame=3808 entity=1 latestHostTick=4178 buffer=8 windowMs=1036.3 fps=11.6 snapshots=31 arrivalSamples=31 arrivalAvgMs=33.4 arrivalP95Ms=94.7 arrivalMaxMs=95.7 sameArrival=19 tickGapMax=2 renderFrames=12 interpolation=12 extrapolation=0 extrapolationCapped=0 extrapolationMaxMs=0.0 oldestHeld=0 zeroSpan=12 movingFrozen=0 teleport=0 visualStepAvgCm=41.46 visualStepMaxCm=62.53 estimatedHostTick=4177 renderTick=4172.146 latestSnapshotTick=4178.000 renderMinusLatestTicks=-5.854 estimatedMinusLatestTicks=-1.000 sampleT=0.073
[rubber-banding][large-step] time=88.105 frame=3808 focused=0 entity=1 buffer=8 count=12 maxStepCm=62.53 horizontalCm=37.86 verticalCm=49.77 frameDeltaMs=94.7 renderTickDelta=5.679 fromTick=4136 toTick=4138 tickSpan=2 receivedSpanMs=0.0 t=0.436 renderOffsetMs=-18.8 sourceHorizontalCm=13.33 sourceVerticalCm=15.87 fromGrounded=0 toGrounded=0 velocity=(-2.828, 4.595, -2.828) expectedTravelCm=57.67 teleport=0 previous=(2.628, 0.074, -1.959) rendered=(2.360, 0.571, -2.227)
[rubber-banding][jump-step] time=88.105 frame=3808 focused=0 entity=1 buffer=8 count=9 maxVerticalCm=49.77 horizontalCm=37.86 verticalCm=49.77 frameDeltaMs=94.7 renderTickDelta=5.679 fromTick=4136 toTick=4138 tickSpan=2 receivedSpanMs=0.0 t=0.436 renderOffsetMs=-18.8 sourceHorizontalCm=13.33 sourceVerticalCm=15.87 fromGrounded=0 toGrounded=0 velocity=(-2.828, 4.595, -2.828) expectedTravelCm=57.67 teleport=0 previous=(2.628, 0.074, -1.959) rendered=(2.360, 0.571, -2.227)
[rubber-banding][remote-render] time=88.105 frame=3808 entity=3 latestHostTick=4178 buffer=8 windowMs=1036.3 fps=11.6 snapshots=31 arrivalSamples=31 arrivalAvgMs=33.4 arrivalP95Ms=94.7 arrivalMaxMs=95.7 sameArrival=19 tickGapMax=2 renderFrames=12 interpolation=12 extrapolation=0 extrapolationCapped=0 extrapolationMaxMs=0.0 oldestHeld=0 zeroSpan=12 movingFrozen=0 teleport=0 visualStepAvgCm=0.00 visualStepMaxCm=0.00 estimatedHostTick=4177 renderTick=4172.146 latestSnapshotTick=4178.000 renderMinusLatestTicks=-5.854 estimatedMinusLatestTicks=-1.000 sampleT=0.073
[rubber-banding][remote-render] time=88.105 frame=3808 entity=4 latestHostTick=4178 buffer=8 windowMs=1036.3 fps=11.6 snapshots=31 arrivalSamples=31 arrivalAvgMs=33.4 arrivalP95Ms=94.7 arrivalMaxMs=95.7 sameArrival=19 tickGapMax=2 renderFrames=12 interpolation=12 extrapolation=0 extrapolationCapped=0 extrapolationMaxMs=0.0 oldestHeld=0 zeroSpan=12 movingFrozen=0 teleport=0 visualStepAvgCm=0.00 visualStepMaxCm=0.00 estimatedHostTick=4177 renderTick=4172.146 latestSnapshotTick=4178.000 renderMinusLatestTicks=-5.854 estimatedMinusLatestTicks=-1.000 sampleT=0.073
[rubber-banding][udp-pump] time=88.195 frame=3809 focused=0 windowMs=1041.6 fps=11.5 packets=31 socketAvgMs=33.4 socketP95Ms=36.6 socketMaxMs=37.4 pumpAvgMs=33.6 pumpP95Ms=94.7 pumpMaxMs=95.7 queueDelayAvgMs=40.3 queueDelayP95Ms=79.0 queueDelayMaxMs=84.3 samePump=19 pumpBatchMax=3 queueDepthMax=4 frameMaxMs=95.8
[rubber-banding][local-input] time=89.150 frame=3820 focused=0 host=0 room=23 world=5 authority=5 entity=2 windowMs=1045.8 updates=12 fixedCalls=52 commands=39 predictionSteps=39 noCommandUpdates=0 estimatedHostTick=4240 nextInputTick=4245 lastRecordedTick=4245 lastResolvedTick=4242 nextLead=5 recordedLead=5 unresolved=3 clamped=0 clampedTotal=2070 batchesSent=1563 commandsSent=8746 sendFailures=0 move=(0.00,0.00) jump=0
[rubber-banding][remote-render] time=89.150 frame=3820 entity=1 latestHostTick=4242 buffer=8 windowMs=1045.8 fps=11.5 snapshots=32 arrivalSamples=32 arrivalAvgMs=32.7 arrivalP95Ms=92.5 arrivalMaxMs=93.3 sameArrival=20 tickGapMax=2 renderFrames=12 interpolation=12 extrapolation=0 extrapolationCapped=0 extrapolationMaxMs=0.0 oldestHeld=0 zeroSpan=12 movingFrozen=0 teleport=0 visualStepAvgCm=24.56 visualStepMaxCm=52.50 estimatedHostTick=4240 renderTick=4234.894 latestSnapshotTick=4242.000 renderMinusLatestTicks=-7.106 estimatedMinusLatestTicks=-2.000 sampleT=0.447
[rubber-banding][large-step] time=89.150 frame=3820 focused=0 entity=1 buffer=8 count=5 maxStepCm=52.50 horizontalCm=30.34 verticalCm=42.84 frameDeltaMs=93.3 renderTickDelta=5.599 fromTick=4234 toTick=4236 tickSpan=2 receivedSpanMs=0.0 t=0.447 renderOffsetMs=-18.4 sourceHorizontalCm=12.62 sourceVerticalCm=0.00 fromGrounded=1 toGrounded=1 velocity=(0.000, -2.333, -3.886) expectedTravelCm=42.30 teleport=0 previous=(0.556, 0.436, -3.799) rendered=(0.396, 0.008, -4.057)
[rubber-banding][jump-step] time=89.150 frame=3820 focused=0 entity=1 buffer=8 count=6 maxVerticalCm=47.55 horizontalCm=0.00 verticalCm=47.55 frameDeltaMs=90.1 renderTickDelta=5.405 fromTick=4198 toTick=4200 tickSpan=2 receivedSpanMs=0.0 t=0.292 renderOffsetMs=-23.6 sourceHorizontalCm=0.00 sourceVerticalCm=15.87 fromGrounded=0 toGrounded=0 velocity=(0.000, 4.595, 0.000) expectedTravelCm=41.39 teleport=0 previous=(1.298, 0.073, -3.468) rendered=(1.298, 0.548, -3.468)
[rubber-banding][remote-render] time=89.150 frame=3820 entity=3 latestHostTick=4242 buffer=8 windowMs=1045.8 fps=11.5 snapshots=32 arrivalSamples=32 arrivalAvgMs=32.7 arrivalP95Ms=92.5 arrivalMaxMs=93.3 sameArrival=20 tickGapMax=2 renderFrames=12 interpolation=12 extrapolation=0 extrapolationCapped=0 extrapolationMaxMs=0.0 oldestHeld=0 zeroSpan=12 movingFrozen=0 teleport=0 visualStepAvgCm=0.00 visualStepMaxCm=0.00 estimatedHostTick=4240 renderTick=4234.894 latestSnapshotTick=4242.000 renderMinusLatestTicks=-7.106 estimatedMinusLatestTicks=-2.000 sampleT=0.447
[rubber-banding][remote-render] time=89.150 frame=3820 entity=4 latestHostTick=4242 buffer=8 windowMs=1045.8 fps=11.5 snapshots=32 arrivalSamples=32 arrivalAvgMs=32.7 arrivalP95Ms=92.5 arrivalMaxMs=93.3 sameArrival=20 tickGapMax=2 renderFrames=12 interpolation=12 extrapolation=0 extrapolationCapped=0 extrapolationMaxMs=0.0 oldestHeld=0 zeroSpan=12 movingFrozen=0 teleport=0 visualStepAvgCm=0.00 visualStepMaxCm=0.00 estimatedHostTick=4240 renderTick=4234.894 latestSnapshotTick=4242.000 renderMinusLatestTicks=-7.106 estimatedMinusLatestTicks=-2.000 sampleT=0.447
[rubber-banding][udp-pump] time=89.228 frame=3821 focused=0 windowMs=1033.5 fps=11.6 packets=31 socketAvgMs=33.3 socketP95Ms=35.0 socketMaxMs=35.2 pumpAvgMs=33.3 pumpP95Ms=92.5 pumpMaxMs=93.3 queueDelayAvgMs=40.7 queueDelayP95Ms=76.6 queueDelayMaxMs=78.5 samePump=19 pumpBatchMax=3 queueDepthMax=3 frameMaxMs=93.3
[rubber-banding][local-input] time=90.153 frame=3832 focused=0 host=0 room=23 world=5 authority=5 entity=2 windowMs=1002.6 updates=12 fixedCalls=50 commands=44 predictionSteps=44 noCommandUpdates=0 estimatedHostTick=4300 nextInputTick=4305 lastRecordedTick=4305 lastResolvedTick=4302 nextLead=5 recordedLead=5 unresolved=3 clamped=0 clampedTotal=2070 batchesSent=1575 commandsSent=8790 sendFailures=0 move=(0.00,0.00) jump=0
[rubber-banding][remote-render] time=90.153 frame=3832 entity=1 latestHostTick=4302 buffer=8 windowMs=1002.6 fps=12.0 snapshots=30 arrivalSamples=30 arrivalAvgMs=33.4 arrivalP95Ms=91.0 arrivalMaxMs=95.7 sameArrival=18 tickGapMax=2 renderFrames=12 interpolation=12 extrapolation=0 extrapolationCapped=0 extrapolationMaxMs=0.0 oldestHeld=0 zeroSpan=12 movingFrozen=0 teleport=0 visualStepAvgCm=30.51 visualStepMaxCm=38.27 estimatedHostTick=4300 renderTick=4295.048 latestSnapshotTick=4302.000 renderMinusLatestTicks=-6.952 estimatedMinusLatestTicks=-2.000 sampleT=0.524
[rubber-banding][large-step] time=90.153 frame=3832 focused=0 entity=1 buffer=8 count=10 maxStepCm=38.27 horizontalCm=38.27 verticalCm=0.00 frameDeltaMs=95.7 renderTickDelta=5.740 fromTick=4274 toTick=4276 tickSpan=2 receivedSpanMs=0.0 t=0.640 renderOffsetMs=-12.0 sourceHorizontalCm=13.33 sourceVerticalCm=0.00 fromGrounded=1 toGrounded=1 velocity=(-4.000, -2.333, 0.000) expectedTravelCm=44.30 teleport=0 previous=(-1.656, 0.008, -4.477) rendered=(-2.039, 0.008, -4.477)
[rubber-banding][remote-render] time=90.153 frame=3832 entity=3 latestHostTick=4302 buffer=8 windowMs=1002.6 fps=12.0 snapshots=30 arrivalSamples=30 arrivalAvgMs=33.4 arrivalP95Ms=91.0 arrivalMaxMs=95.7 sameArrival=18 tickGapMax=2 renderFrames=12 interpolation=12 extrapolation=0 extrapolationCapped=0 extrapolationMaxMs=0.0 oldestHeld=0 zeroSpan=12 movingFrozen=0 teleport=0 visualStepAvgCm=0.00 visualStepMaxCm=0.00 estimatedHostTick=4300 renderTick=4295.048 latestSnapshotTick=4302.000 renderMinusLatestTicks=-6.952 estimatedMinusLatestTicks=-2.000 sampleT=0.524
[rubber-banding][remote-render] time=90.153 frame=3832 entity=4 latestHostTick=4302 buffer=8 windowMs=1002.6 fps=12.0 snapshots=30 arrivalSamples=30 arrivalAvgMs=33.4 arrivalP95Ms=91.0 arrivalMaxMs=95.7 sameArrival=18 tickGapMax=2 renderFrames=12 interpolation=12 extrapolation=0 extrapolationCapped=0 extrapolationMaxMs=0.0 oldestHeld=0 zeroSpan=12 movingFrozen=0 teleport=0 visualStepAvgCm=0.00 visualStepMaxCm=0.00 estimatedHostTick=4300 renderTick=4295.048 latestSnapshotTick=4302.000 renderMinusLatestTicks=-6.952 estimatedMinusLatestTicks=-2.000 sampleT=0.524
[rubber-banding][udp-pump] time=90.238 frame=3833 focused=0 windowMs=1009.6 fps=11.9 packets=30 socketAvgMs=33.4 socketP95Ms=35.4 socketMaxMs=35.4 pumpAvgMs=33.7 pumpP95Ms=91.0 pumpMaxMs=95.7 queueDelayAvgMs=41.0 queueDelayP95Ms=78.1 queueDelayMaxMs=78.8 samePump=18 pumpBatchMax=3 queueDepthMax=3 frameMaxMs=95.7
[rubber-banding][local-input] time=91.220 frame=3845 focused=0 host=0 room=23 world=5 authority=5 entity=2 windowMs=1066.9 updates=13 fixedCalls=53 commands=44 predictionSteps=44 noCommandUpdates=0 estimatedHostTick=4364 nextInputTick=4369 lastRecordedTick=4369 lastResolvedTick=4366 nextLead=5 recordedLead=5 unresolved=3 clamped=0 clampedTotal=2070 batchesSent=1588 commandsSent=8834 sendFailures=0 move=(0.00,0.00) jump=0
[rubber-banding][remote-render] time=91.220 frame=3845 entity=1 latestHostTick=4366 buffer=8 windowMs=1066.9 fps=12.2 snapshots=32 arrivalSamples=32 arrivalAvgMs=33.3 arrivalP95Ms=91.8 arrivalMaxMs=94.7 sameArrival=19 tickGapMax=2 renderFrames=13 interpolation=13 extrapolation=0 extrapolationCapped=0 extrapolationMaxMs=0.0 oldestHeld=0 zeroSpan=13 movingFrozen=0 teleport=0 visualStepAvgCm=31.83 visualStepMaxCm=37.89 estimatedHostTick=4364 renderTick=4359.065 latestSnapshotTick=4366.000 renderMinusLatestTicks=-6.935 estimatedMinusLatestTicks=-2.000 sampleT=0.533
[rubber-banding][large-step] time=91.220 frame=3845 focused=0 entity=1 buffer=8 count=12 maxStepCm=37.89 horizontalCm=37.89 verticalCm=0.00 frameDeltaMs=94.7 renderTickDelta=5.684 fromTick=4338 toTick=4340 tickSpan=2 receivedSpanMs=0.0 t=0.534 renderOffsetMs=-15.5 sourceHorizontalCm=13.33 sourceVerticalCm=0.00 fromGrounded=1 toGrounded=1 velocity=(4.000, -2.333, 0.000) expectedTravelCm=43.87 teleport=0 previous=(-0.424, 0.008, -4.477) rendered=(-0.045, 0.008, -4.477)
[rubber-banding][remote-render] time=91.220 frame=3845 entity=3 latestHostTick=4366 buffer=8 windowMs=1066.9 fps=12.2 snapshots=32 arrivalSamples=32 arrivalAvgMs=33.3 arrivalP95Ms=91.8 arrivalMaxMs=94.7 sameArrival=19 tickGapMax=2 renderFrames=13 interpolation=13 extrapolation=0 extrapolationCapped=0 extrapolationMaxMs=0.0 oldestHeld=0 zeroSpan=13 movingFrozen=0 teleport=0 visualStepAvgCm=0.00 visualStepMaxCm=0.00 estimatedHostTick=4364 renderTick=4359.065 latestSnapshotTick=4366.000 renderMinusLatestTicks=-6.935 estimatedMinusLatestTicks=-2.000 sampleT=0.533
[rubber-banding][remote-render] time=91.220 frame=3845 entity=4 latestHostTick=4366 buffer=8 windowMs=1066.9 fps=12.2 snapshots=32 arrivalSamples=32 arrivalAvgMs=33.3 arrivalP95Ms=91.8 arrivalMaxMs=94.7 sameArrival=19 tickGapMax=2 renderFrames=13 interpolation=13 extrapolation=0 extrapolationCapped=0 extrapolationMaxMs=0.0 oldestHeld=0 zeroSpan=13 movingFrozen=0 teleport=0 visualStepAvgCm=0.00 visualStepMaxCm=0.00 estimatedHostTick=4364 renderTick=4359.065 latestSnapshotTick=4366.000 renderMinusLatestTicks=-6.935 estimatedMinusLatestTicks=-2.000 sampleT=0.533
[rubber-banding][udp-pump] time=91.290 frame=3846 focused=0 windowMs=1052.0 fps=12.4 packets=32 socketAvgMs=33.4 socketP95Ms=35.2 socketMaxMs=37.1 pumpAvgMs=32.9 pumpP95Ms=91.8 pumpMaxMs=94.7 queueDelayAvgMs=38.3 queueDelayP95Ms=75.5 queueDelayMaxMs=77.8 samePump=19 pumpBatchMax=3 queueDepthMax=3 frameMaxMs=94.7
[rubber-banding][local-input] time=92.225 frame=3857 focused=0 host=0 room=23 world=5 authority=5 entity=2 windowMs=1004.8 updates=12 fixedCalls=51 commands=48 predictionSteps=48 noCommandUpdates=0 estimatedHostTick=4425 nextInputTick=4430 lastRecordedTick=4430 lastResolvedTick=4426 nextLead=5 recordedLead=5 unresolved=4 clamped=0 clampedTotal=2070 batchesSent=1600 commandsSent=8882 sendFailures=0 move=(0.00,0.00) jump=0
[rubber-banding][remote-render] time=92.225 frame=3857 entity=1 latestHostTick=4426 buffer=8 windowMs=1004.8 fps=11.9 snapshots=30 arrivalSamples=30 arrivalAvgMs=33.5 arrivalP95Ms=84.8 arrivalMaxMs=98.9 sameArrival=18 tickGapMax=2 renderFrames=12 interpolation=12 extrapolation=0 extrapolationCapped=0 extrapolationMaxMs=0.0 oldestHeld=0 zeroSpan=11 movingFrozen=0 teleport=0 visualStepAvgCm=33.04 visualStepMaxCm=37.59 estimatedHostTick=4425 renderTick=4419.383 latestSnapshotTick=4426.000 renderMinusLatestTicks=-6.617 estimatedMinusLatestTicks=-1.000 sampleT=0.691
[rubber-banding][large-step] time=92.225 frame=3857 focused=0 entity=1 buffer=8 count=12 maxStepCm=37.59 horizontalCm=37.59 verticalCm=0.00 frameDeltaMs=98.9 renderTickDelta=5.934 fromTick=4374 toTick=4376 tickSpan=2 receivedSpanMs=98.9 t=0.121 renderOffsetMs=-29.3 sourceHorizontalCm=13.33 sourceVerticalCm=0.00 fromGrounded=1 toGrounded=1 velocity=(2.828, -2.333, 2.828) expectedTravelCm=45.80 teleport=0 previous=(1.904, 0.008, -4.477) rendered=(2.275, 0.008, -4.418)
[rubber-banding][remote-render] time=92.225 frame=3857 entity=3 latestHostTick=4426 buffer=8 windowMs=1004.8 fps=11.9 snapshots=30 arrivalSamples=30 arrivalAvgMs=33.5 arrivalP95Ms=84.8 arrivalMaxMs=98.9 sameArrival=18 tickGapMax=2 renderFrames=12 interpolation=12 extrapolation=0 extrapolationCapped=0 extrapolationMaxMs=0.0 oldestHeld=0 zeroSpan=11 movingFrozen=0 teleport=0 visualStepAvgCm=0.00 visualStepMaxCm=0.00 estimatedHostTick=4425 renderTick=4419.383 latestSnapshotTick=4426.000 renderMinusLatestTicks=-6.617 estimatedMinusLatestTicks=-1.000 sampleT=0.691
[rubber-banding][remote-render] time=92.225 frame=3857 entity=4 latestHostTick=4426 buffer=8 windowMs=1004.8 fps=11.9 snapshots=30 arrivalSamples=30 arrivalAvgMs=33.5 arrivalP95Ms=84.8 arrivalMaxMs=98.9 sameArrival=18 tickGapMax=2 renderFrames=12 interpolation=12 extrapolation=0 extrapolationCapped=0 extrapolationMaxMs=0.0 oldestHeld=0 zeroSpan=11 movingFrozen=0 teleport=0 visualStepAvgCm=0.00 visualStepMaxCm=0.00 estimatedHostTick=4425 renderTick=4419.383 latestSnapshotTick=4426.000 renderMinusLatestTicks=-6.617 estimatedMinusLatestTicks=-1.000 sampleT=0.691
[rubber-banding][udp-pump] time=92.321 frame=3858 focused=0 windowMs=1030.8 fps=11.6 packets=31 socketAvgMs=33.3 socketP95Ms=36.0 socketMaxMs=36.3 pumpAvgMs=33.3 pumpP95Ms=95.8 pumpMaxMs=98.9 queueDelayAvgMs=44.3 queueDelayP95Ms=78.5 queueDelayMaxMs=91.9 samePump=19 pumpBatchMax=3 queueDepthMax=4 frameMaxMs=98.9
[rubber-banding][local-input] time=93.291 frame=3870 focused=0 host=0 room=23 world=5 authority=5 entity=2 windowMs=1066.4 updates=13 fixedCalls=53 commands=33 predictionSteps=33 noCommandUpdates=0 estimatedHostTick=4488 nextInputTick=4493 lastRecordedTick=4493 lastResolvedTick=4490 nextLead=5 recordedLead=5 unresolved=3 clamped=0 clampedTotal=2070 batchesSent=1613 commandsSent=8915 sendFailures=0 move=(0.00,0.00) jump=0
[rubber-banding][remote-render] time=93.291 frame=3870 entity=1 latestHostTick=4490 buffer=8 windowMs=1066.4 fps=12.2 snapshots=32 arrivalSamples=32 arrivalAvgMs=33.3 arrivalP95Ms=95.7 arrivalMaxMs=95.8 sameArrival=19 tickGapMax=2 renderFrames=13 interpolation=13 extrapolation=0 extrapolationCapped=0 extrapolationMaxMs=0.0 oldestHeld=0 zeroSpan=13 movingFrozen=0 teleport=0 visualStepAvgCm=27.48 visualStepMaxCm=38.26 estimatedHostTick=4488 renderTick=4483.324 latestSnapshotTick=4490.000 renderMinusLatestTicks=-6.676 estimatedMinusLatestTicks=-2.000 sampleT=0.662
[rubber-banding][large-step] time=93.291 frame=3870 focused=0 entity=1 buffer=8 count=10 maxStepCm=38.26 horizontalCm=38.26 verticalCm=0.00 frameDeltaMs=95.7 renderTickDelta=5.739 fromTick=4468 toTick=4470 tickSpan=2 receivedSpanMs=0.0 t=0.562 renderOffsetMs=-14.6 sourceHorizontalCm=13.33 sourceVerticalCm=0.00 fromGrounded=1 toGrounded=1 velocity=(4.000, -2.333, 0.000) expectedTravelCm=44.30 teleport=0 previous=(3.236, 0.008, -3.208) rendered=(3.618, 0.008, -3.208)
[rubber-banding][remote-render] time=93.291 frame=3870 entity=3 latestHostTick=4490 buffer=8 windowMs=1066.4 fps=12.2 snapshots=32 arrivalSamples=32 arrivalAvgMs=33.3 arrivalP95Ms=95.7 arrivalMaxMs=95.8 sameArrival=19 tickGapMax=2 renderFrames=13 interpolation=13 extrapolation=0 extrapolationCapped=0 extrapolationMaxMs=0.0 oldestHeld=0 zeroSpan=13 movingFrozen=0 teleport=0 visualStepAvgCm=0.00 visualStepMaxCm=0.00 estimatedHostTick=4488 renderTick=4483.324 latestSnapshotTick=4490.000 renderMinusLatestTicks=-6.676 estimatedMinusLatestTicks=-2.000 sampleT=0.662
[rubber-banding][remote-render] time=93.291 frame=3870 entity=4 latestHostTick=4490 buffer=8 windowMs=1066.4 fps=12.2 snapshots=32 arrivalSamples=32 arrivalAvgMs=33.3 arrivalP95Ms=95.7 arrivalMaxMs=95.8 sameArrival=19 tickGapMax=2 renderFrames=13 interpolation=13 extrapolation=0 extrapolationCapped=0 extrapolationMaxMs=0.0 oldestHeld=0 zeroSpan=13 movingFrozen=0 teleport=0 visualStepAvgCm=0.00 visualStepMaxCm=0.00 estimatedHostTick=4488 renderTick=4483.324 latestSnapshotTick=4490.000 renderMinusLatestTicks=-6.676 estimatedMinusLatestTicks=-2.000 sampleT=0.662
[rubber-banding][udp-pump] time=93.374 frame=3871 focused=0 windowMs=1053.0 fps=12.3 packets=31 socketAvgMs=33.3 socketP95Ms=34.7 socketMaxMs=35.0 pumpAvgMs=34.0 pumpP95Ms=91.5 pumpMaxMs=95.7 queueDelayAvgMs=37.9 queueDelayP95Ms=75.3 queueDelayMaxMs=77.2 samePump=18 pumpBatchMax=3 queueDepthMax=3 frameMaxMs=95.7
[rubber-banding][local-input] time=94.352 frame=3883 focused=0 host=0 room=23 world=5 authority=5 entity=2 windowMs=1061.2 updates=13 fixedCalls=53 commands=41 predictionSteps=41 noCommandUpdates=0 estimatedHostTick=4552 nextInputTick=4557 lastRecordedTick=4557 lastResolvedTick=4554 nextLead=5 recordedLead=5 unresolved=3 clamped=0 clampedTotal=2070 batchesSent=1626 commandsSent=8956 sendFailures=0 move=(0.00,0.00) jump=0
[rubber-banding][remote-render] time=94.352 frame=3883 entity=1 latestHostTick=4554 buffer=8 windowMs=1061.2 fps=12.2 snapshots=32 arrivalSamples=32 arrivalAvgMs=33.2 arrivalP95Ms=84.2 arrivalMaxMs=96.5 sameArrival=19 tickGapMax=2 renderFrames=13 interpolation=13 extrapolation=0 extrapolationCapped=0 extrapolationMaxMs=0.0 oldestHeld=0 zeroSpan=13 movingFrozen=0 teleport=0 visualStepAvgCm=25.95 visualStepMaxCm=33.68 estimatedHostTick=4552 renderTick=4546.997 latestSnapshotTick=4554.000 renderMinusLatestTicks=-7.003 estimatedMinusLatestTicks=-2.000 sampleT=0.499
[rubber-banding][large-step] time=94.352 frame=3883 focused=0 entity=1 buffer=8 count=9 maxStepCm=33.68 horizontalCm=33.68 verticalCm=0.00 frameDeltaMs=84.2 renderTickDelta=5.052 fromTick=4498 toTick=4500 tickSpan=2 receivedSpanMs=0.0 t=0.072 renderOffsetMs=-30.9 sourceHorizontalCm=13.33 sourceVerticalCm=0.00 fromGrounded=1 toGrounded=1 velocity=(4.000, -2.333, 0.000) expectedTravelCm=38.99 teleport=0 previous=(5.216, 0.008, -3.208) rendered=(5.553, 0.008, -3.208)
[rubber-banding][remote-render] time=94.352 frame=3883 entity=3 latestHostTick=4554 buffer=8 windowMs=1061.2 fps=12.2 snapshots=32 arrivalSamples=32 arrivalAvgMs=33.2 arrivalP95Ms=84.2 arrivalMaxMs=96.5 sameArrival=19 tickGapMax=2 renderFrames=13 interpolation=13 extrapolation=0 extrapolationCapped=0 extrapolationMaxMs=0.0 oldestHeld=0 zeroSpan=13 movingFrozen=0 teleport=0 visualStepAvgCm=0.00 visualStepMaxCm=0.00 estimatedHostTick=4552 renderTick=4546.997 latestSnapshotTick=4554.000 renderMinusLatestTicks=-7.003 estimatedMinusLatestTicks=-2.000 sampleT=0.499
[rubber-banding][remote-render] time=94.352 frame=3883 entity=4 latestHostTick=4554 buffer=8 windowMs=1061.2 fps=12.2 snapshots=32 arrivalSamples=32 arrivalAvgMs=33.2 arrivalP95Ms=84.2 arrivalMaxMs=96.5 sameArrival=19 tickGapMax=2 renderFrames=13 interpolation=13 extrapolation=0 extrapolationCapped=0 extrapolationMaxMs=0.0 oldestHeld=0 zeroSpan=13 movingFrozen=0 teleport=0 visualStepAvgCm=0.00 visualStepMaxCm=0.00 estimatedHostTick=4552 renderTick=4546.997 latestSnapshotTick=4554.000 renderMinusLatestTicks=-7.003 estimatedMinusLatestTicks=-2.000 sampleT=0.499
[rubber-banding][udp-pump] time=94.424 frame=3884 focused=0 windowMs=1050.1 fps=12.4 packets=32 socketAvgMs=33.4 socketP95Ms=35.8 socketMaxMs=36.0 pumpAvgMs=32.8 pumpP95Ms=84.2 pumpMaxMs=96.5 queueDelayAvgMs=37.2 queueDelayP95Ms=74.5 queueDelayMaxMs=75.1 samePump=19 pumpBatchMax=3 queueDepthMax=3 frameMaxMs=96.5
[rubber-banding][local-input] time=95.379 frame=3896 focused=0 host=0 room=23 world=5 authority=5 entity=2 windowMs=1026.9 updates=13 fixedCalls=51 commands=51 predictionSteps=51 noCommandUpdates=0 estimatedHostTick=4614 nextInputTick=4619 lastRecordedTick=4619 lastResolvedTick=4614 nextLead=5 recordedLead=5 unresolved=4 clamped=0 clampedTotal=2070 batchesSent=1639 commandsSent=9008 sendFailures=0 move=(0.00,0.00) jump=0
[rubber-banding][remote-render] time=95.379 frame=3896 entity=1 latestHostTick=4614 buffer=8 windowMs=1026.9 fps=12.7 snapshots=30 arrivalSamples=30 arrivalAvgMs=34.2 arrivalP95Ms=83.3 arrivalMaxMs=86.6 sameArrival=17 tickGapMax=2 renderFrames=13 interpolation=13 extrapolation=0 extrapolationCapped=0 extrapolationMaxMs=0.0 oldestHeld=0 zeroSpan=13 movingFrozen=0 teleport=0 visualStepAvgCm=23.33 visualStepMaxCm=34.65 estimatedHostTick=4614 renderTick=4608.638 latestSnapshotTick=4614.000 renderMinusLatestTicks=-5.362 estimatedMinusLatestTicks=0.000 sampleT=0.319
[rubber-banding][large-step] time=95.379 frame=3896 focused=0 entity=1 buffer=8 count=9 maxStepCm=34.65 horizontalCm=34.65 verticalCm=0.00 frameDeltaMs=86.6 renderTickDelta=5.198 fromTick=4584 toTick=4586 tickSpan=2 receivedSpanMs=0.0 t=0.263 renderOffsetMs=-24.6 sourceHorizontalCm=13.33 sourceVerticalCm=0.00 fromGrounded=1 toGrounded=1 velocity=(-4.000, -2.333, 0.000) expectedTravelCm=40.12 teleport=0 previous=(3.055, 0.008, -3.208) rendered=(2.708, 0.008, -3.208)
[rubber-banding][remote-render] time=95.379 frame=3896 entity=3 latestHostTick=4614 buffer=8 windowMs=1026.9 fps=12.7 snapshots=30 arrivalSamples=30 arrivalAvgMs=34.2 arrivalP95Ms=83.3 arrivalMaxMs=86.6 sameArrival=17 tickGapMax=2 renderFrames=13 interpolation=13 extrapolation=0 extrapolationCapped=0 extrapolationMaxMs=0.0 oldestHeld=0 zeroSpan=13 movingFrozen=0 teleport=0 visualStepAvgCm=0.00 visualStepMaxCm=0.00 estimatedHostTick=4614 renderTick=4608.638 latestSnapshotTick=4614.000 renderMinusLatestTicks=-5.362 estimatedMinusLatestTicks=0.000 sampleT=0.319
[rubber-banding][remote-render] time=95.379 frame=3896 entity=4 latestHostTick=4614 buffer=8 windowMs=1026.9 fps=12.7 snapshots=30 arrivalSamples=30 arrivalAvgMs=34.2 arrivalP95Ms=83.3 arrivalMaxMs=86.6 sameArrival=17 tickGapMax=2 renderFrames=13 interpolation=13 extrapolation=0 extrapolationCapped=0 extrapolationMaxMs=0.0 oldestHeld=0 zeroSpan=13 movingFrozen=0 teleport=0 visualStepAvgCm=0.00 visualStepMaxCm=0.00 estimatedHostTick=4614 renderTick=4608.638 latestSnapshotTick=4614.000 renderMinusLatestTicks=-5.362 estimatedMinusLatestTicks=0.000 sampleT=0.319
[rubber-banding][udp-pump] time=95.454 frame=3897 focused=0 windowMs=1030.1 fps=12.6 packets=31 socketAvgMs=33.4 socketP95Ms=35.6 socketMaxMs=37.5 pumpAvgMs=33.2 pumpP95Ms=83.3 pumpMaxMs=86.6 queueDelayAvgMs=41.9 queueDelayP95Ms=76.2 queueDelayMaxMs=76.7 samePump=18 pumpBatchMax=3 queueDepthMax=4 frameMaxMs=86.6
[rubber-banding][local-input] time=96.418 frame=3918 focused=0 host=0 room=23 world=5 authority=5 entity=2 windowMs=1038.2 updates=22 fixedCalls=52 commands=62 predictionSteps=62 noCommandUpdates=0 estimatedHostTick=4677 nextInputTick=4682 lastRecordedTick=4682 lastResolvedTick=4676 nextLead=5 recordedLead=5 unresolved=6 clamped=0 clampedTotal=2070 batchesSent=1661 commandsSent=9122 sendFailures=0 move=(0.00,0.00) jump=0
[rubber-banding][remote-render] time=96.418 frame=3918 entity=1 latestHostTick=4676 buffer=8 windowMs=1038.2 fps=21.2 snapshots=31 arrivalSamples=31 arrivalAvgMs=33.5 arrivalP95Ms=87.6 arrivalMaxMs=88.9 sameArrival=11 tickGapMax=2 renderFrames=22 interpolation=22 extrapolation=0 extrapolationCapped=0 extrapolationMaxMs=0.0 oldestHeld=0 zeroSpan=10 movingFrozen=0 teleport=0 visualStepAvgCm=0.00 visualStepMaxCm=0.00 estimatedHostTick=4677 renderTick=4671.239 latestSnapshotTick=4676.000 renderMinusLatestTicks=-4.761 estimatedMinusLatestTicks=1.000 sampleT=0.619
[rubber-banding][remote-render] time=96.418 frame=3918 entity=3 latestHostTick=4676 buffer=8 windowMs=1038.2 fps=21.2 snapshots=31 arrivalSamples=31 arrivalAvgMs=33.5 arrivalP95Ms=87.6 arrivalMaxMs=88.9 sameArrival=11 tickGapMax=2 renderFrames=22 interpolation=22 extrapolation=0 extrapolationCapped=0 extrapolationMaxMs=0.0 oldestHeld=0 zeroSpan=10 movingFrozen=0 teleport=0 visualStepAvgCm=0.00 visualStepMaxCm=0.00 estimatedHostTick=4677 renderTick=4671.239 latestSnapshotTick=4676.000 renderMinusLatestTicks=-4.761 estimatedMinusLatestTicks=1.000 sampleT=0.619
[rubber-banding][remote-render] time=96.418 frame=3918 entity=4 latestHostTick=4676 buffer=8 windowMs=1038.2 fps=21.2 snapshots=31 arrivalSamples=31 arrivalAvgMs=33.5 arrivalP95Ms=87.6 arrivalMaxMs=88.9 sameArrival=11 tickGapMax=2 renderFrames=22 interpolation=22 extrapolation=0 extrapolationCapped=0 extrapolationMaxMs=0.0 oldestHeld=0 zeroSpan=10 movingFrozen=0 teleport=0 visualStepAvgCm=0.00 visualStepMaxCm=0.00 estimatedHostTick=4677 renderTick=4671.239 latestSnapshotTick=4676.000 renderMinusLatestTicks=-4.761 estimatedMinusLatestTicks=1.000 sampleT=0.619
[rubber-banding][udp-pump] time=96.466 frame=3919 focused=0 windowMs=1012.3 fps=21.7 packets=30 socketAvgMs=33.4 socketP95Ms=76.0 socketMaxMs=77.1 pumpAvgMs=33.7 pumpP95Ms=87.6 pumpMaxMs=88.9 queueDelayAvgMs=14.0 queueDelayP95Ms=41.4 queueDelayMaxMs=41.9 samePump=10 pumpBatchMax=3 queueDepthMax=3 frameMaxMs=60.1
[rubber-banding][local-input] time=97.420 frame=3940 focused=0 host=0 room=23 world=5 authority=5 entity=2 windowMs=1002.7 updates=22 fixedCalls=50 commands=60 predictionSteps=60 noCommandUpdates=0 estimatedHostTick=4738 nextInputTick=4742 lastRecordedTick=4742 lastResolvedTick=4736 nextLead=4 recordedLead=4 unresolved=6 clamped=0 clampedTotal=2070 batchesSent=1683 commandsSent=9262 sendFailures=0 move=(0.00,0.00) jump=0
[rubber-banding][remote-render] time=97.420 frame=3940 entity=1 latestHostTick=4736 buffer=8 windowMs=1002.7 fps=21.9 snapshots=30 arrivalSamples=30 arrivalAvgMs=33.4 arrivalP95Ms=48.6 arrivalMaxMs=48.6 sameArrival=8 tickGapMax=2 renderFrames=22 interpolation=22 extrapolation=0 extrapolationCapped=0 extrapolationMaxMs=0.0 oldestHeld=0 zeroSpan=5 movingFrozen=0 teleport=0 visualStepAvgCm=0.00 visualStepMaxCm=0.00 estimatedHostTick=4738 renderTick=4732.854 latestSnapshotTick=4736.000 renderMinusLatestTicks=-3.146 estimatedMinusLatestTicks=2.000 sampleT=0.427
[rubber-banding][remote-render] time=97.420 frame=3940 entity=3 latestHostTick=4736 buffer=8 windowMs=1002.7 fps=21.9 snapshots=30 arrivalSamples=30 arrivalAvgMs=33.4 arrivalP95Ms=48.6 arrivalMaxMs=48.6 sameArrival=8 tickGapMax=2 renderFrames=22 interpolation=22 extrapolation=0 extrapolationCapped=0 extrapolationMaxMs=0.0 oldestHeld=0 zeroSpan=5 movingFrozen=0 teleport=0 visualStepAvgCm=0.00 visualStepMaxCm=0.00 estimatedHostTick=4738 renderTick=4732.854 latestSnapshotTick=4736.000 renderMinusLatestTicks=-3.146 estimatedMinusLatestTicks=2.000 sampleT=0.427
[rubber-banding][remote-render] time=97.420 frame=3940 entity=4 latestHostTick=4736 buffer=8 windowMs=1002.7 fps=21.9 snapshots=30 arrivalSamples=30 arrivalAvgMs=33.4 arrivalP95Ms=48.6 arrivalMaxMs=48.6 sameArrival=8 tickGapMax=2 renderFrames=22 interpolation=22 extrapolation=0 extrapolationCapped=0 extrapolationMaxMs=0.0 oldestHeld=0 zeroSpan=5 movingFrozen=0 teleport=0 visualStepAvgCm=0.00 visualStepMaxCm=0.00 estimatedHostTick=4738 renderTick=4732.854 latestSnapshotTick=4736.000 renderMinusLatestTicks=-3.146 estimatedMinusLatestTicks=2.000 sampleT=0.427
[rubber-banding][udp-pump] time=97.508 frame=3942 focused=0 windowMs=1042.0 fps=22.1 packets=30 socketAvgMs=34.0 socketP95Ms=50.6 socketMaxMs=51.1 pumpAvgMs=34.7 pumpP95Ms=47.6 pumpMaxMs=48.6 queueDelayAvgMs=24.8 queueDelayP95Ms=41.3 queueDelayMaxMs=45.0 samePump=7 pumpBatchMax=2 queueDepthMax=2 frameMaxMs=48.6
[rubber-banding][local-input] time=98.428 frame=3972 focused=1 host=0 room=23 world=5 authority=5 entity=2 windowMs=1007.3 updates=32 fixedCalls=51 commands=54 predictionSteps=54 noCommandUpdates=3 estimatedHostTick=4797 nextInputTick=4801 lastRecordedTick=4801 lastResolvedTick=4794 nextLead=4 recordedLead=4 unresolved=7 clamped=0 clampedTotal=2070 batchesSent=1704 commandsSent=9365 sendFailures=0 move=(0.00,0.00) jump=0
[rubber-banding][remote-render] time=98.428 frame=3972 entity=1 latestHostTick=4794 buffer=8 windowMs=1007.3 fps=31.8 snapshots=29 arrivalSamples=29 arrivalAvgMs=32.4 arrivalP95Ms=112.8 arrivalMaxMs=158.5 sameArrival=12 tickGapMax=2 renderFrames=32 interpolation=32 extrapolation=0 extrapolationCapped=0 extrapolationMaxMs=0.0 oldestHeld=0 zeroSpan=16 movingFrozen=0 teleport=0 visualStepAvgCm=0.00 visualStepMaxCm=0.00 estimatedHostTick=4797 renderTick=4792.659 latestSnapshotTick=4794.000 renderMinusLatestTicks=-1.341 estimatedMinusLatestTicks=3.000 sampleT=0.329
[rubber-banding][remote-render] time=98.428 frame=3972 entity=3 latestHostTick=4794 buffer=8 windowMs=1007.3 fps=31.8 snapshots=29 arrivalSamples=29 arrivalAvgMs=32.4 arrivalP95Ms=112.8 arrivalMaxMs=158.5 sameArrival=12 tickGapMax=2 renderFrames=32 interpolation=32 extrapolation=0 extrapolationCapped=0 extrapolationMaxMs=0.0 oldestHeld=0 zeroSpan=16 movingFrozen=0 teleport=0 visualStepAvgCm=0.00 visualStepMaxCm=0.00 estimatedHostTick=4797 renderTick=4792.659 latestSnapshotTick=4794.000 renderMinusLatestTicks=-1.341 estimatedMinusLatestTicks=3.000 sampleT=0.329
[rubber-banding][remote-render] time=98.428 frame=3972 entity=4 latestHostTick=4794 buffer=8 windowMs=1007.3 fps=31.8 snapshots=29 arrivalSamples=29 arrivalAvgMs=32.4 arrivalP95Ms=112.8 arrivalMaxMs=158.5 sameArrival=12 tickGapMax=2 renderFrames=32 interpolation=32 extrapolation=0 extrapolationCapped=0 extrapolationMaxMs=0.0 oldestHeld=0 zeroSpan=16 movingFrozen=0 teleport=0 visualStepAvgCm=0.00 visualStepMaxCm=0.00 estimatedHostTick=4797 renderTick=4792.659 latestSnapshotTick=4794.000 renderMinusLatestTicks=-1.341 estimatedMinusLatestTicks=3.000 sampleT=0.329
[rubber-banding][udp-pump] time=98.511 frame=3978 focused=1 windowMs=1002.8 fps=35.9 packets=30 socketAvgMs=33.3 socketP95Ms=90.4 socketMaxMs=122.6 pumpAvgMs=32.4 pumpP95Ms=112.8 pumpMaxMs=158.5 queueDelayAvgMs=29.7 queueDelayP95Ms=76.5 queueDelayMaxMs=77.5 samePump=13 pumpBatchMax=5 queueDepthMax=5 frameMaxMs=99.6
[rubber-banding][guest-reconcile] time=99.107 frame=4026 room=23 world=5 authority=5 entity=2 hostTick=4826 ackTick=4826 lastRecordedTick=4834 replayLatestTick=4834 move=(80,98) predictedBefore=(-0.110, 0.008, 0.514) confirmed=(-0.331, 0.008, 0.243) replayed=(-0.068, 0.008, 0.565) visualBefore=(-0.110, 0.008, 0.514) correction=(0.042, 0.000, 0.051) distance=0.066 unresolved=7 replayedCount=7 nextVisualOffset=(-0.042, 0.000, -0.051) mode=smooth rttMs=53.9 snapshotAgeMs=0.0
[rubber-banding][guest-reconcile] time=99.107 frame=4026 room=23 world=5 authority=5 entity=2 hostTick=4828 ackTick=4828 lastRecordedTick=4834 replayLatestTick=4834 move=(80,98) predictedBefore=(-0.068, 0.008, 0.565) confirmed=(-0.266, 0.008, 0.323) replayed=(-0.026, 0.008, 0.617) visualBefore=(-0.068, 0.008, 0.565) correction=(0.042, 0.000, 0.051) distance=0.066 unresolved=6 replayedCount=6 nextVisualOffset=(-0.042, 0.000, -0.051) mode=smooth rttMs=53.9 snapshotAgeMs=0.0
[rubber-banding][guest-reconcile] time=99.107 frame=4026 room=23 world=5 authority=5 entity=2 hostTick=4836 ackTick=4836 lastRecordedTick=4834 replayLatestTick=0 move=(0,0) predictedBefore=(-0.026, 0.008, 0.617) confirmed=(0.058, 0.008, 0.720) replayed=(0.058, 0.008, 0.720) visualBefore=(-0.026, 0.008, 0.617) correction=(0.084, 0.000, 0.103) distance=0.133 unresolved=0 replayedCount=0 nextVisualOffset=(-0.084, 0.000, -0.103) mode=smooth rttMs=53.9 snapshotAgeMs=0.0
[rubber-banding][guest-reconcile] time=99.120 frame=4027 room=23 world=5 authority=5 entity=2 hostTick=4838 ackTick=4838 lastRecordedTick=4844 replayLatestTick=4844 move=(80,98) predictedBefore=(0.226, 0.008, 0.925) confirmed=(0.121, 0.008, 0.797) replayed=(0.183, 0.008, 0.873) visualBefore=(0.149, 0.008, 0.831) correction=(-0.043, 0.000, -0.053) distance=0.068 unresolved=2 replayedCount=2 nextVisualOffset=(-0.034, 0.000, -0.042) mode=smooth rttMs=53.9 snapshotAgeMs=0.0
[rubber-banding][guest-reconcile] time=99.359 frame=4046 room=23 world=5 authority=5 entity=2 hostTick=4840 ackTick=4840 lastRecordedTick=4850 replayLatestTick=4850 move=(81,98) predictedBefore=(0.418, 0.008, 1.159) confirmed=(0.156, 0.008, 0.839) replayed=(0.313, 0.008, 1.030) visualBefore=(0.418, 0.008, 1.159) correction=(-0.106, 0.000, -0.129) distance=0.166 unresolved=7 replayedCount=7 nextVisualOffset=(0.106, 0.000, 0.129) mode=smooth rttMs=53.9 snapshotAgeMs=0.0
[rubber-banding][guest-reconcile] time=99.359 frame=4046 room=23 world=5 authority=5 entity=2 hostTick=4842 ackTick=4842 lastRecordedTick=4850 replayLatestTick=4850 move=(81,98) predictedBefore=(0.313, 0.008, 1.030) confirmed=(0.163, 0.008, 0.848) replayed=(0.222, 0.008, 0.920) visualBefore=(0.313, 0.008, 1.030) correction=(-0.091, 0.000, -0.110) distance=0.143 unresolved=7 replayedCount=7 nextVisualOffset=(0.091, 0.000, 0.110) mode=smooth rttMs=53.9 snapshotAgeMs=0.0
[rubber-banding][guest-reconcile] time=99.359 frame=4046 room=23 world=5 authority=5 entity=2 hostTick=4852 ackTick=4852 lastRecordedTick=4850 replayLatestTick=0 move=(0,0) predictedBefore=(0.222, 0.008, 0.920) confirmed=(0.258, 0.008, 0.964) replayed=(0.258, 0.008, 0.964) visualBefore=(0.222, 0.008, 0.920) correction=(0.036, 0.000, 0.044) distance=0.057 unresolved=0 replayedCount=0 nextVisualOffset=(-0.036, 0.000, -0.044) mode=smooth rttMs=53.9 snapshotAgeMs=0.0
[rubber-banding][guest-reconcile] time=99.359 frame=4046 room=23 world=5 authority=5 entity=2 hostTick=4854 ackTick=4854 lastRecordedTick=4850 replayLatestTick=0 move=(0,0) predictedBefore=(0.258, 0.008, 0.964) confirmed=(0.275, 0.008, 0.984) replayed=(0.275, 0.008, 0.984) visualBefore=(0.258, 0.008, 0.964) correction=(0.017, 0.000, 0.021) distance=0.027 unresolved=0 replayedCount=0 nextVisualOffset=(-0.017, 0.000, -0.021) mode=smooth rttMs=53.9 snapshotAgeMs=0.0
[rubber-banding][local-input] time=99.432 frame=4052 focused=1 host=0 room=23 world=5 authority=5 entity=2 windowMs=1004.2 updates=80 fixedCalls=50 commands=49 predictionSteps=49 noCommandUpdates=44 estimatedHostTick=4859 nextInputTick=4863 lastRecordedTick=4863 lastResolvedTick=4854 nextLead=4 recordedLead=4 unresolved=8 clamped=32 clampedTotal=2102 batchesSent=1735 commandsSent=9591 sendFailures=0 move=(0.77,-0.63) jump=0
[rubber-banding][remote-render] time=99.432 frame=4052 entity=1 latestHostTick=4854 buffer=8 windowMs=1004.2 fps=79.7 snapshots=30 arrivalSamples=30 arrivalAvgMs=33.3 arrivalP95Ms=239.0 arrivalMaxMs=246.0 sameArrival=22 tickGapMax=2 renderFrames=80 interpolation=33 extrapolation=47 extrapolationCapped=7 extrapolationMaxMs=189.9 oldestHeld=0 zeroSpan=39 movingFrozen=0 teleport=0 visualStepAvgCm=0.00 visualStepMaxCm=0.00 estimatedHostTick=4859 renderTick=4853.793 latestSnapshotTick=4854.000 renderMinusLatestTicks=-0.207 estimatedMinusLatestTicks=5.000 sampleT=0.896
[rubber-banding][remote-render] time=99.432 frame=4052 entity=3 latestHostTick=4854 buffer=8 windowMs=1004.2 fps=79.7 snapshots=30 arrivalSamples=30 arrivalAvgMs=33.3 arrivalP95Ms=239.0 arrivalMaxMs=246.0 sameArrival=22 tickGapMax=2 renderFrames=80 interpolation=33 extrapolation=47 extrapolationCapped=7 extrapolationMaxMs=189.9 oldestHeld=0 zeroSpan=39 movingFrozen=0 teleport=0 visualStepAvgCm=0.00 visualStepMaxCm=0.00 estimatedHostTick=4859 renderTick=4853.793 latestSnapshotTick=4854.000 renderMinusLatestTicks=-0.207 estimatedMinusLatestTicks=5.000 sampleT=0.896
[rubber-banding][remote-render] time=99.432 frame=4052 entity=4 latestHostTick=4854 buffer=8 windowMs=1004.2 fps=79.7 snapshots=30 arrivalSamples=30 arrivalAvgMs=33.3 arrivalP95Ms=239.0 arrivalMaxMs=246.0 sameArrival=22 tickGapMax=2 renderFrames=80 interpolation=33 extrapolation=47 extrapolationCapped=7 extrapolationMaxMs=189.9 oldestHeld=0 zeroSpan=39 movingFrozen=0 teleport=0 visualStepAvgCm=0.00 visualStepMaxCm=0.00 estimatedHostTick=4859 renderTick=4853.793 latestSnapshotTick=4854.000 renderMinusLatestTicks=-0.207 estimatedMinusLatestTicks=5.000 sampleT=0.896
[rubber-banding][udp-pump] time=99.518 frame=4059 focused=1 windowMs=1006.9 fps=80.4 packets=27 socketAvgMs=32.8 socketP95Ms=240.0 socketMaxMs=245.9 pumpAvgMs=32.5 pumpP95Ms=239.0 pumpMaxMs=246.0 queueDelayAvgMs=6.2 queueDelayP95Ms=12.1 queueDelayMaxMs=12.6 samePump=21 pumpBatchMax=8 queueDepthMax=8 frameMaxMs=15.2
[rubber-banding][guest-reconcile] time=99.595 frame=4065 room=23 world=5 authority=5 entity=2 hostTick=4858 ackTick=4858 lastRecordedTick=4866 replayLatestTick=4866 move=(98,-81) predictedBefore=(0.551, 0.008, 0.923) confirmed=(0.339, 0.008, 0.990) replayed=(0.597, 0.008, 0.920) visualBefore=(0.551, 0.008, 0.923) correction=(0.045, 0.000, -0.003) distance=0.045 unresolved=8 replayedCount=8 nextVisualOffset=(-0.045, 0.000, 0.003) mode=smooth rttMs=53.9 snapshotAgeMs=0.0
[rubber-banding][guest-reconcile] time=99.595 frame=4065 room=23 world=5 authority=5 entity=2 hostTick=4868 ackTick=4868 lastRecordedTick=4866 replayLatestTick=0 move=(0,0) predictedBefore=(0.597, 0.008, 0.920) confirmed=(0.678, 0.008, 0.853) replayed=(0.678, 0.008, 0.853) visualBefore=(0.597, 0.008, 0.920) correction=(0.081, 0.000, -0.067) distance=0.106 unresolved=0 replayedCount=0 nextVisualOffset=(-0.081, 0.000, 0.067) mode=smooth rttMs=53.9 snapshotAgeMs=0.0
[rubber-banding][guest-local-edge] time=99.841 room=23 world=5 authority=5 entity=2 eventId=26 kind=Jump stage=Captured relatedEventId=0 inputTick=0 pressed=None createdAt=-1.000000 firstSendRequestedAt=-1.000000 firstSendDelayMs=-1.000 desiredTick=0 assignedTick=0 lastResolvedAtCreate=0 estimatedHostTickAtCreate=0 clampReason=None
[rubber-banding][guest-reconcile] time=99.864 frame=4087 room=23 world=5 authority=5 entity=2 hostTick=4872 ackTick=4872 lastRecordedTick=4880 replayLatestTick=4880 move=(98,-81) predictedBefore=(0.922, 0.008, 0.651) confirmed=(0.871, 0.008, 0.693) replayed=(0.974, 0.008, 0.609) visualBefore=(0.922, 0.008, 0.651) correction=(0.051, 0.000, -0.042) distance=0.067 unresolved=2 replayedCount=2 nextVisualOffset=(-0.051, 0.000, 0.042) mode=smooth rttMs=163.4 snapshotAgeMs=0.0
[rubber-banding][guest-reconcile] time=99.864 frame=4087 room=23 world=5 authority=5 entity=2 hostTick=4874 ackTick=4874 lastRecordedTick=4880 replayLatestTick=4880 move=(98,-81) predictedBefore=(0.974, 0.008, 0.609) confirmed=(0.965, 0.008, 0.616) replayed=(1.058, 0.008, 0.538) visualBefore=(0.974, 0.008, 0.609) correction=(0.085, 0.000, -0.070) distance=0.110 unresolved=2 replayedCount=2 nextVisualOffset=(-0.085, 0.000, 0.070) mode=smooth rttMs=163.4 snapshotAgeMs=0.0
[rubber-banding][guest-reconcile] time=99.864 frame=4087 room=23 world=5 authority=5 entity=2 hostTick=4876 ackTick=4876 lastRecordedTick=4880 replayLatestTick=4880 move=(98,-81) predictedBefore=(1.058, 0.008, 0.538) confirmed=(1.025, 0.008, 0.566) replayed=(1.084, 0.008, 0.517) visualBefore=(1.058, 0.008, 0.538) correction=(0.026, 0.000, -0.021) distance=0.033 unresolved=2 replayedCount=2 nextVisualOffset=(-0.026, 0.000, 0.021) mode=smooth rttMs=163.4 snapshotAgeMs=0.0
[rubber-banding][guest-local-edge] time=99.866 room=23 world=5 authority=5 entity=2 eventId=26 kind=Jump stage=Attached relatedEventId=0 inputTick=4892 pressed=Jump createdAt=99.863980 firstSendRequestedAt=-1.000000 firstSendDelayMs=-1.000 desiredTick=4896 assignedTick=4892 lastResolvedAtCreate=4880 estimatedHostTickAtCreate=4889 clampReason=MaximumResolvedLead
[rubber-banding][guest-local-edge] time=99.867 room=23 world=5 authority=5 entity=2 eventId=26 kind=Jump stage=FirstSendRequested relatedEventId=0 inputTick=4892 pressed=Jump createdAt=99.863980 firstSendRequestedAt=99.863980 firstSendDelayMs=0.000 desiredTick=4896 assignedTick=4892 lastResolvedAtCreate=4880 estimatedHostTickAtCreate=4889 clampReason=MaximumResolvedLead
[rubber-banding][guest-reconcile] time=99.876 frame=4088 room=23 world=5 authority=5 entity=2 hostTick=4882 ackTick=4882 lastRecordedTick=4892 replayLatestTick=4892 move=(12,-126) predictedBefore=(1.085, 0.118, 0.420) confirmed=(1.111, 0.008, 0.495) replayed=(1.116, 0.118, 0.437) visualBefore=(1.093, 0.118, 0.414) correction=(0.031, 0.000, 0.016) distance=0.035 unresolved=2 replayedCount=2 nextVisualOffset=(-0.023, 0.000, -0.023) mode=smooth rttMs=163.4 snapshotAgeMs=0.0
[rubber-banding][guest-reconcile] time=99.876 frame=4088 room=23 world=5 authority=5 entity=2 hostTick=4884 ackTick=4884 lastRecordedTick=4892 replayLatestTick=4892 move=(12,-126) predictedBefore=(1.116, 0.118, 0.437) confirmed=(1.123, 0.008, 0.485) replayed=(1.123, 0.118, 0.480) visualBefore=(1.124, 0.118, 0.430) correction=(0.007, 0.000, 0.043) distance=0.044 unresolved=1 replayedCount=1 nextVisualOffset=(0.001, 0.000, -0.050) mode=smooth rttMs=163.4 snapshotAgeMs=0.0
[rubber-banding][guest-reconcile] time=100.394 frame=4130 room=23 world=5 authority=5 entity=2 hostTick=4902 ackTick=4902 lastRecordedTick=4910 replayLatestTick=4910 move=(-81,-98) predictedBefore=(1.103, 0.912, 0.338) confirmed=(1.103, 0.912, 0.338) replayed=(1.095, 0.960, 0.314) visualBefore=(1.103, 0.912, 0.338) correction=(-0.009, 0.049, -0.024) distance=0.055 unresolved=1 replayedCount=1 nextVisualOffset=(0.009, -0.049, 0.024) mode=smooth rttMs=163.4 snapshotAgeMs=0.0
[rubber-banding][guest-reconcile] time=100.394 frame=4130 room=23 world=5 authority=5 entity=2 hostTick=4904 ackTick=4904 lastRecordedTick=4910 replayLatestTick=4910 move=(-81,-98) predictedBefore=(1.095, 0.960, 0.314) confirmed=(1.086, 1.004, 0.289) replayed=(1.076, 1.041, 0.263) visualBefore=(1.095, 0.960, 0.314) correction=(-0.019, 0.081, -0.050) distance=0.097 unresolved=1 replayedCount=1 nextVisualOffset=(0.019, -0.081, 0.050) mode=smooth rttMs=163.4 snapshotAgeMs=0.0
[rubber-banding][guest-reconcile] time=100.394 frame=4130 room=23 world=5 authority=5 entity=2 hostTick=4906 ackTick=4906 lastRecordedTick=4910 replayLatestTick=4910 move=(-81,-98) predictedBefore=(1.076, 1.041, 0.263) confirmed=(1.068, 1.073, 0.241) replayed=(1.058, 1.100, 0.215) visualBefore=(1.076, 1.041, 0.263) correction=(-0.018, 0.059, -0.048) distance=0.078 unresolved=1 replayedCount=1 nextVisualOffset=(0.018, -0.059, 0.048) mode=smooth rttMs=163.4 snapshotAgeMs=0.0
[rubber-banding][guest-reconcile] time=100.394 frame=4130 room=23 world=5 authority=5 entity=2 hostTick=4908 ackTick=4908 lastRecordedTick=4910 replayLatestTick=4910 move=(-81,-98) predictedBefore=(1.058, 1.100, 0.215) confirmed=(1.051, 1.121, 0.193) replayed=(1.041, 1.136, 0.167) visualBefore=(1.058, 1.100, 0.215) correction=(-0.018, 0.036, -0.048) distance=0.063 unresolved=1 replayedCount=1 nextVisualOffset=(0.018, -0.036, 0.048) mode=smooth rttMs=163.4 snapshotAgeMs=0.0
[rubber-banding][guest-reconcile] time=100.394 frame=4130 room=23 world=5 authority=5 entity=2 hostTick=4910 ackTick=4910 lastRecordedTick=4910 replayLatestTick=0 move=(0,0) predictedBefore=(1.041, 1.136, 0.167) confirmed=(1.032, 1.146, 0.143) replayed=(1.032, 1.146, 0.143) visualBefore=(1.041, 1.136, 0.167) correction=(-0.009, 0.010, -0.024) distance=0.028 unresolved=0 replayedCount=0 nextVisualOffset=(0.009, -0.010, 0.024) mode=smooth rttMs=163.4 snapshotAgeMs=0.0
[rubber-banding][guest-reconcile] time=100.406 frame=4131 room=23 world=5 authority=5 entity=2 hostTick=4914 ackTick=4914 lastRecordedTick=4922 replayLatestTick=4922 move=(-81,-98) predictedBefore=(0.977, 1.130, 0.022) confirmed=(0.981, 1.130, 0.027) replayed=(0.967, 1.113, -0.004) visualBefore=(0.985, 1.121, 0.044) correction=(-0.010, -0.018, -0.026) distance=0.033 unresolved=1 replayedCount=1 nextVisualOffset=(0.018, 0.009, 0.048) mode=smooth rttMs=163.4 snapshotAgeMs=0.0
[rubber-banding][guest-reconcile] time=100.406 frame=4131 room=23 world=5 authority=5 entity=2 hostTick=4916 ackTick=4916 lastRecordedTick=4922 replayLatestTick=4922 move=(-81,-98) predictedBefore=(0.967, 1.113, -0.004) confirmed=(0.955, 1.089, -0.031) replayed=(0.941, 1.060, -0.062) visualBefore=(0.975, 1.104, 0.018) correction=(-0.026, -0.052, -0.059) distance=0.083 unresolved=1 replayedCount=1 nextVisualOffset=(0.034, 0.043, 0.081) mode=smooth rttMs=163.4 snapshotAgeMs=0.0
[rubber-banding][local-input] time=100.441 frame=4134 focused=1 host=0 room=23 world=5 authority=5 entity=2 windowMs=1009.4 updates=82 fixedCalls=50 commands=30 predictionSteps=30 noCommandUpdates=71 estimatedHostTick=4923 nextInputTick=4930 lastRecordedTick=4928 lastResolvedTick=4916 nextLead=7 recordedLead=5 unresolved=5 clamped=73 clampedTotal=2175 batchesSent=1766 commandsSent=9751 sendFailures=0 move=(-0.63,-0.77) jump=0
[rubber-banding][remote-render] time=100.441 frame=4134 entity=1 latestHostTick=4916 buffer=8 windowMs=1009.4 fps=81.2 snapshots=31 arrivalSamples=31 arrivalAvgMs=33.8 arrivalP95Ms=268.9 arrivalMaxMs=281.9 sameArrival=24 tickGapMax=2 renderFrames=82 interpolation=17 extrapolation=65 extrapolationCapped=14 extrapolationMaxMs=238.3 oldestHeld=0 zeroSpan=79 movingFrozen=0 teleport=0 visualStepAvgCm=0.00 visualStepMaxCm=0.00 estimatedHostTick=4923 renderTick=4916.079 latestSnapshotTick=4916.000 renderMinusLatestTicks=0.079 estimatedMinusLatestTicks=7.000 sampleT=1.039
[rubber-banding][remote-render] time=100.441 frame=4134 entity=3 latestHostTick=4916 buffer=8 windowMs=1009.4 fps=81.2 snapshots=31 arrivalSamples=31 arrivalAvgMs=33.8 arrivalP95Ms=268.9 arrivalMaxMs=281.9 sameArrival=24 tickGapMax=2 renderFrames=82 interpolation=17 extrapolation=65 extrapolationCapped=14 extrapolationMaxMs=238.3 oldestHeld=0 zeroSpan=79 movingFrozen=0 teleport=0 visualStepAvgCm=0.00 visualStepMaxCm=0.00 estimatedHostTick=4923 renderTick=4916.079 latestSnapshotTick=4916.000 renderMinusLatestTicks=0.079 estimatedMinusLatestTicks=7.000 sampleT=1.039
[rubber-banding][remote-render] time=100.441 frame=4134 entity=4 latestHostTick=4916 buffer=8 windowMs=1009.4 fps=81.2 snapshots=31 arrivalSamples=31 arrivalAvgMs=33.8 arrivalP95Ms=268.9 arrivalMaxMs=281.9 sameArrival=24 tickGapMax=2 renderFrames=82 interpolation=17 extrapolation=65 extrapolationCapped=14 extrapolationMaxMs=238.3 oldestHeld=0 zeroSpan=79 movingFrozen=0 teleport=0 visualStepAvgCm=0.00 visualStepMaxCm=0.00 estimatedHostTick=4923 renderTick=4916.079 latestSnapshotTick=4916.000 renderMinusLatestTicks=0.079 estimatedMinusLatestTicks=7.000 sampleT=1.039
[rubber-banding][udp-pump] time=100.518 frame=4140 focused=1 windowMs=1000.0 fps=81.0 packets=31 socketAvgMs=33.7 socketP95Ms=261.7 socketMaxMs=275.7 pumpAvgMs=33.8 pumpP95Ms=268.9 pumpMaxMs=281.9 queueDelayAvgMs=5.4 queueDelayP95Ms=11.0 queueDelayMaxMs=12.0 samePump=24 pumpBatchMax=7 queueDepthMax=8 frameMaxMs=15.8
[rubber-banding][guest-reconcile] time=100.628 frame=4149 room=23 world=5 authority=5 entity=2 hostTick=4918 ackTick=4918 lastRecordedTick=4928 replayLatestTick=4928 move=(-81,-98) predictedBefore=(0.869, 0.889, -0.204) confirmed=(0.929, 1.026, -0.090) replayed=(0.843, 0.770, -0.262) visualBefore=(0.869, 0.889, -0.204) correction=(-0.026, -0.119, -0.059) distance=0.135 unresolved=5 replayedCount=5 nextVisualOffset=(0.026, 0.119, 0.059) mode=smooth rttMs=163.4 snapshotAgeMs=0.0
[rubber-banding][guest-reconcile] time=100.628 frame=4149 room=23 world=5 authority=5 entity=2 hostTick=4920 ackTick=4920 lastRecordedTick=4928 replayLatestTick=4928 move=(-81,-98) predictedBefore=(0.843, 0.770, -0.262) confirmed=(0.903, 0.940, -0.149) replayed=(0.817, 0.628, -0.321) visualBefore=(0.843, 0.770, -0.262) correction=(-0.026, -0.141, -0.059) distance=0.155 unresolved=5 replayedCount=5 nextVisualOffset=(0.026, 0.141, 0.059) mode=smooth rttMs=163.4 snapshotAgeMs=0.0
[rubber-banding][guest-reconcile] time=100.639 frame=4150 room=23 world=5 authority=5 entity=2 hostTick=4922 ackTick=4922 lastRecordedTick=4932 replayLatestTick=4932 move=(-81,-98) predictedBefore=(0.723, 0.279, -0.489) confirmed=(0.876, 0.832, -0.209) replayed=(0.710, 0.178, -0.519) visualBefore=(0.747, 0.409, -0.435) correction=(-0.013, -0.101, -0.029) distance=0.106 unresolved=8 replayedCount=8 nextVisualOffset=(0.037, 0.231, 0.083) mode=smooth rttMs=163.4 snapshotAgeMs=0.0
[rubber-banding][guest-reconcile] time=100.639 frame=4150 room=23 world=5 authority=5 entity=2 hostTick=4926 ackTick=4926 lastRecordedTick=4932 replayLatestTick=4932 move=(-81,-98) predictedBefore=(0.710, 0.178, -0.519) confirmed=(0.804, 0.549, -0.350) replayed=(0.683, 0.071, -0.565) visualBefore=(0.734, 0.308, -0.465) correction=(-0.027, -0.107, -0.046) distance=0.120 unresolved=5 replayedCount=5 nextVisualOffset=(0.051, 0.237, 0.100) mode=smooth rttMs=163.4 snapshotAgeMs=0.0
[rubber-banding][guest-reconcile] time=100.639 frame=4150 room=23 world=5 authority=5 entity=2 hostTick=4928 ackTick=4928 lastRecordedTick=4932 replayLatestTick=4932 move=(-81,-98) predictedBefore=(0.683, 0.071, -0.565) confirmed=(0.760, 0.375, -0.431) replayed=(0.654, 0.008, -0.613) visualBefore=(0.707, 0.201, -0.511) correction=(-0.029, -0.063, -0.048) distance=0.084 unresolved=4 replayedCount=4 nextVisualOffset=(0.052, 0.193, 0.102) mode=smooth rttMs=163.4 snapshotAgeMs=0.0
[rubber-banding][guest-reconcile] time=100.910 frame=4172 room=23 world=5 authority=5 entity=2 hostTick=4936 ackTick=4936 lastRecordedTick=4942 replayLatestTick=4942 move=(-81,-98) predictedBefore=(0.492, 0.008, -0.809) confirmed=(0.492, 0.008, -0.809) replayed=(0.449, 0.008, -0.861) visualBefore=(0.492, 0.008, -0.809) correction=(-0.042, 0.000, -0.051) distance=0.067 unresolved=1 replayedCount=1 nextVisualOffset=(0.042, 0.000, 0.051) mode=smooth rttMs=197.4 snapshotAgeMs=0.0
[rubber-banding][guest-reconcile] time=100.910 frame=4172 room=23 world=5 authority=5 entity=2 hostTick=4938 ackTick=4938 lastRecordedTick=4942 replayLatestTick=4942 move=(-81,-98) predictedBefore=(0.449, 0.008, -0.861) confirmed=(0.414, 0.008, -0.904) replayed=(0.376, 0.008, -0.949) visualBefore=(0.449, 0.008, -0.861) correction=(-0.073, 0.000, -0.088) distance=0.114 unresolved=1 replayedCount=1 nextVisualOffset=(0.073, 0.000, 0.088) mode=smooth rttMs=197.4 snapshotAgeMs=0.0
[rubber-banding][guest-reconcile] time=100.921 frame=4173 room=23 world=5 authority=5 entity=2 hostTick=4940 ackTick=4940 lastRecordedTick=4950 replayLatestTick=4950 move=(-81,-98) predictedBefore=(0.210, 0.008, -1.150) confirmed=(0.364, 0.008, -0.964) replayed=(0.226, 0.008, -1.131) visualBefore=(0.277, 0.008, -1.069) correction=(0.016, 0.000, 0.020) distance=0.026 unresolved=5 replayedCount=5 nextVisualOffset=(0.051, 0.000, 0.061) mode=smooth rttMs=197.4 snapshotAgeMs=0.0
[rubber-banding][guest-reconcile] time=100.921 frame=4173 room=23 world=5 authority=5 entity=2 hostTick=4942 ackTick=4942 lastRecordedTick=4950 replayLatestTick=4950 move=(-81,-98) predictedBefore=(0.226, 0.008, -1.131) confirmed=(0.334, 0.008, -1.000) replayed=(0.248, 0.008, -1.105) visualBefore=(0.293, 0.008, -1.050) correction=(0.021, 0.000, 0.026) distance=0.033 unresolved=4 replayedCount=4 nextVisualOffset=(0.046, 0.000, 0.055) mode=smooth rttMs=197.4 snapshotAgeMs=0.0
[rubber-banding][guest-reconcile] time=100.921 frame=4173 room=23 world=5 authority=5 entity=2 hostTick=4946 ackTick=4946 lastRecordedTick=4950 replayLatestTick=4950 move=(-81,-98) predictedBefore=(0.248, 0.008, -1.105) confirmed=(0.248, 0.008, -1.105) replayed=(0.221, 0.008, -1.137) visualBefore=(0.315, 0.008, -1.024) correction=(-0.027, 0.000, -0.033) distance=0.042 unresolved=1 replayedCount=1 nextVisualOffset=(0.094, 0.000, 0.113) mode=smooth rttMs=197.4 snapshotAgeMs=0.0
[rubber-banding][guest-local-edge] time=100.987 room=23 world=5 authority=5 entity=2 eventId=27 kind=Jump stage=Captured relatedEventId=0 inputTick=0 pressed=None createdAt=-1.000000 firstSendRequestedAt=-1.000000 firstSendDelayMs=-1.000 desiredTick=0 assignedTick=0 lastResolvedAtCreate=0 estimatedHostTickAtCreate=0 clampReason=None
[rubber-banding][guest-reconcile] time=101.156 frame=4192 room=23 world=5 authority=5 entity=2 hostTick=4948 ackTick=4948 lastRecordedTick=4958 replayLatestTick=4958 move=(-81,-98) predictedBefore=(0.092, 0.008, -1.293) confirmed=(0.201, 0.008, -1.161) replayed=(0.070, 0.008, -1.320) visualBefore=(0.092, 0.008, -1.293) correction=(-0.022, 0.000, -0.027) distance=0.034 unresolved=5 replayedCount=5 nextVisualOffset=(0.022, 0.000, 0.027) mode=smooth rttMs=197.4 snapshotAgeMs=0.0
[rubber-banding][guest-reconcile] time=101.156 frame=4192 room=23 world=5 authority=5 entity=2 hostTick=4950 ackTick=4950 lastRecordedTick=4958 replayLatestTick=4958 move=(-81,-98) predictedBefore=(0.070, 0.008, -1.320) confirmed=(0.173, 0.008, -1.195) replayed=(0.093, 0.008, -1.292) visualBefore=(0.070, 0.008, -1.320) correction=(0.023, 0.000, 0.027) distance=0.036 unresolved=4 replayedCount=4 nextVisualOffset=(-0.023, 0.000, -0.027) mode=smooth rttMs=197.4 snapshotAgeMs=0.0
[rubber-banding][guest-local-edge] time=101.158 room=23 world=5 authority=5 entity=2 eventId=27 kind=Jump stage=Attached relatedEventId=0 inputTick=4964 pressed=Jump createdAt=101.155500 firstSendRequestedAt=-1.000000 firstSendDelayMs=-1.000 desiredTick=4974 assignedTick=4964 lastResolvedAtCreate=4952 estimatedHostTickAtCreate=4966 clampReason=MaximumResolvedLead
[rubber-banding][guest-local-edge] time=101.158 room=23 world=5 authority=5 entity=2 eventId=27 kind=Jump stage=FirstSendRequested relatedEventId=0 inputTick=4964 pressed=Jump createdAt=101.155500 firstSendRequestedAt=101.155500 firstSendDelayMs=0.000 desiredTick=4974 assignedTick=4964 lastResolvedAtCreate=4952 estimatedHostTickAtCreate=4966 clampReason=MaximumResolvedLead
[rubber-banding][guest-reconcile] time=101.168 frame=4193 room=23 world=5 authority=5 entity=2 hostTick=4954 ackTick=4954 lastRecordedTick=4964 replayLatestTick=4964 move=(-81,-98) predictedBefore=(-0.022, 0.118, -1.431) confirmed=(0.093, 0.008, -1.292) replayed=(-0.056, 0.118, -1.472) visualBefore=(-0.022, 0.118, -1.431) correction=(-0.034, 0.000, -0.041) distance=0.053 unresolved=5 replayedCount=5 nextVisualOffset=(0.034, 0.000, 0.041) mode=smooth rttMs=197.4 snapshotAgeMs=0.0
[rubber-banding][guest-reconcile] time=101.168 frame=4193 room=23 world=5 authority=5 entity=2 hostTick=4956 ackTick=4956 lastRecordedTick=4964 replayLatestTick=4964 move=(-81,-98) predictedBefore=(-0.056, 0.118, -1.472) confirmed=(0.049, 0.008, -1.346) replayed=(-0.075, 0.118, -1.495) visualBefore=(-0.056, 0.118, -1.472) correction=(-0.019, 0.000, -0.023) distance=0.030 unresolved=5 replayedCount=5 nextVisualOffset=(0.019, 0.000, 0.023) mode=smooth rttMs=197.4 snapshotAgeMs=0.0
[rubber-banding][guest-reconcile] time=101.168 frame=4193 room=23 world=5 authority=5 entity=2 hostTick=4958 ackTick=4958 lastRecordedTick=4964 replayLatestTick=4964 move=(-81,-98) predictedBefore=(-0.075, 0.118, -1.495) confirmed=(0.024, 0.008, -1.376) replayed=(-0.051, 0.118, -1.466) visualBefore=(-0.075, 0.118, -1.495) correction=(0.024, 0.000, 0.029) distance=0.038 unresolved=4 replayedCount=4 nextVisualOffset=(-0.024, 0.000, -0.029) mode=smooth rttMs=197.4 snapshotAgeMs=0.0
[rubber-banding][guest-reconcile] time=101.168 frame=4193 room=23 world=5 authority=5 entity=2 hostTick=4962 ackTick=4962 lastRecordedTick=4964 replayLatestTick=4964 move=(-81,-98) predictedBefore=(-0.051, 0.118, -1.466) confirmed=(-0.051, 0.008, -1.466) replayed=(-0.075, 0.118, -1.495) visualBefore=(-0.051, 0.118, -1.466) correction=(-0.024, 0.000, -0.029) distance=0.038 unresolved=1 replayedCount=1 nextVisualOffset=(0.024, 0.000, 0.029) mode=smooth rttMs=197.4 snapshotAgeMs=0.0
[rubber-banding][guest-reconcile] time=101.407 frame=4212 room=23 world=5 authority=5 entity=2 hostTick=4964 ackTick=4964 lastRecordedTick=4974 replayLatestTick=4974 move=(-81,-98) predictedBefore=(-0.186, 0.502, -1.629) confirmed=(-0.101, 0.118, -1.527) replayed=(-0.220, 0.502, -1.671) visualBefore=(-0.186, 0.502, -1.629) correction=(-0.035, 0.000, -0.042) distance=0.054 unresolved=4 replayedCount=4 nextVisualOffset=(0.035, 0.000, 0.042) mode=smooth rttMs=197.4 snapshotAgeMs=0.0
[rubber-banding][guest-reconcile] time=101.407 frame=4212 room=23 world=5 authority=5 entity=2 hostTick=4968 ackTick=4968 lastRecordedTick=4974 replayLatestTick=4974 move=(-81,-98) predictedBefore=(-0.220, 0.502, -1.671) confirmed=(-0.220, 0.502, -1.671) replayed=(-0.254, 0.584, -1.711) visualBefore=(-0.220, 0.502, -1.671) correction=(-0.033, 0.082, -0.040) distance=0.097 unresolved=1 replayedCount=1 nextVisualOffset=(0.033, -0.082, 0.040) mode=smooth rttMs=197.4 snapshotAgeMs=0.0
[rubber-banding][guest-reconcile] time=101.407 frame=4212 room=23 world=5 authority=5 entity=2 hostTick=4970 ackTick=4970 lastRecordedTick=4974 replayLatestTick=4974 move=(-81,-98) predictedBefore=(-0.254, 0.584, -1.711) confirmed=(-0.287, 0.661, -1.751) replayed=(-0.322, 0.732, -1.793) visualBefore=(-0.254, 0.584, -1.711) correction=(-0.068, 0.148, -0.082) distance=0.182 unresolved=1 replayedCount=1 nextVisualOffset=(0.068, -0.148, 0.082) mode=smooth rttMs=197.4 snapshotAgeMs=0.0
[rubber-banding][guest-reconcile] time=101.421 frame=4213 room=23 world=5 authority=5 entity=2 hostTick=4972 ackTick=4972 lastRecordedTick=4982 replayLatestTick=4982 move=(-81,-98) predictedBefore=(-0.474, 0.960, -1.978) confirmed=(-0.353, 0.797, -1.832) replayed=(-0.541, 1.041, -2.059) visualBefore=(-0.413, 0.826, -1.904) correction=(-0.067, 0.081, -0.081) distance=0.132 unresolved=5 replayedCount=5 nextVisualOffset=(0.128, -0.215, 0.155) mode=smooth rttMs=197.4 snapshotAgeMs=0.0
[rubber-banding][guest-reconcile] time=101.421 frame=4213 room=23 world=5 authority=5 entity=2 hostTick=4974 ackTick=4974 lastRecordedTick=4982 replayLatestTick=4982 move=(-81,-98) predictedBefore=(-0.541, 1.041, -2.059) confirmed=(-0.421, 0.912, -1.914) replayed=(-0.574, 1.073, -2.099) visualBefore=(-0.479, 0.907, -1.984) correction=(-0.033, 0.032, -0.040) distance=0.061 unresolved=4 replayedCount=4 nextVisualOffset=(0.095, -0.166, 0.115) mode=smooth rttMs=197.4 snapshotAgeMs=0.0
[rubber-banding][local-input] time=101.444 frame=4215 focused=1 host=0 room=23 world=5 authority=5 entity=2 windowMs=1002.4 updates=81 fixedCalls=50 commands=32 predictionSteps=32 noCommandUpdates=73 estimatedHostTick=4984 nextInputTick=4992 lastRecordedTick=4988 lastResolvedTick=4976 nextLead=8 recordedLead=4 unresolved=6 clamped=81 clampedTotal=2256 batchesSent=1797 commandsSent=9916 sendFailures=0 move=(-0.63,-0.77) jump=0
[rubber-banding][remote-render] time=101.444 frame=4215 entity=1 latestHostTick=4976 buffer=8 windowMs=1002.4 fps=80.8 snapshots=30 arrivalSamples=30 arrivalAvgMs=33.8 arrivalP95Ms=239.1 arrivalMaxMs=271.0 sameArrival=22 tickGapMax=2 renderFrames=81 interpolation=5 extrapolation=76 extrapolationCapped=24 extrapolationMaxMs=239.2 oldestHeld=0 zeroSpan=81 movingFrozen=0 teleport=0 visualStepAvgCm=0.00 visualStepMaxCm=0.00 estimatedHostTick=4984 renderTick=4978.018 latestSnapshotTick=4976.000 renderMinusLatestTicks=2.018 estimatedMinusLatestTicks=8.000 sampleT=2.009
[rubber-banding][remote-render] time=101.444 frame=4215 entity=3 latestHostTick=4976 buffer=8 windowMs=1002.4 fps=80.8 snapshots=30 arrivalSamples=30 arrivalAvgMs=33.8 arrivalP95Ms=239.1 arrivalMaxMs=271.0 sameArrival=22 tickGapMax=2 renderFrames=81 interpolation=5 extrapolation=76 extrapolationCapped=24 extrapolationMaxMs=239.2 oldestHeld=0 zeroSpan=81 movingFrozen=0 teleport=0 visualStepAvgCm=0.00 visualStepMaxCm=0.00 estimatedHostTick=4984 renderTick=4978.018 latestSnapshotTick=4976.000 renderMinusLatestTicks=2.018 estimatedMinusLatestTicks=8.000 sampleT=2.009
[rubber-banding][remote-render] time=101.444 frame=4215 entity=4 latestHostTick=4976 buffer=8 windowMs=1002.4 fps=80.8 snapshots=30 arrivalSamples=30 arrivalAvgMs=33.8 arrivalP95Ms=239.1 arrivalMaxMs=271.0 sameArrival=22 tickGapMax=2 renderFrames=81 interpolation=5 extrapolation=76 extrapolationCapped=24 extrapolationMaxMs=239.2 oldestHeld=0 zeroSpan=81 movingFrozen=0 teleport=0 visualStepAvgCm=0.00 visualStepMaxCm=0.00 estimatedHostTick=4984 renderTick=4978.018 latestSnapshotTick=4976.000 renderMinusLatestTicks=2.018 estimatedMinusLatestTicks=8.000 sampleT=2.009
[rubber-banding][udp-pump] time=101.518 frame=4221 focused=1 windowMs=1000.4 fps=81.0 packets=30 socketAvgMs=33.7 socketP95Ms=235.2 socketMaxMs=265.8 pumpAvgMs=33.8 pumpP95Ms=239.1 pumpMaxMs=271.0 queueDelayAvgMs=5.2 queueDelayP95Ms=11.1 queueDelayMaxMs=11.6 samePump=22 pumpBatchMax=5 queueDepthMax=6 frameMaxMs=13.6
[rubber-banding][guest-reconcile] time=101.656 frame=4232 room=23 world=5 authority=5 entity=2 hostTick=4978 ackTick=4978 lastRecordedTick=4988 replayLatestTick=4988 move=(-81,-98) predictedBefore=(-0.743, 1.146, -2.304) confirmed=(-0.574, 1.073, -2.099) replayed=(-0.786, 1.151, -2.355) visualBefore=(-0.743, 1.146, -2.304) correction=(-0.042, 0.004, -0.051) distance=0.067 unresolved=5 replayedCount=5 nextVisualOffset=(0.042, -0.004, 0.051) mode=smooth rttMs=197.4 snapshotAgeMs=0.0
[rubber-banding][guest-reconcile] time=101.656 frame=4232 room=23 world=5 authority=5 entity=2 hostTick=4980 ackTick=4980 lastRecordedTick=4988 replayLatestTick=4988 move=(-81,-98) predictedBefore=(-0.786, 1.151, -2.355) confirmed=(-0.658, 1.121, -2.200) replayed=(-0.870, 1.143, -2.457) visualBefore=(-0.786, 1.151, -2.355) correction=(-0.084, -0.008, -0.102) distance=0.132 unresolved=5 replayedCount=5 nextVisualOffset=(0.084, 0.008, 0.102) mode=smooth rttMs=197.4 snapshotAgeMs=0.0
[rubber-banding][guest-reconcile] time=101.656 frame=4232 room=23 world=5 authority=5 entity=2 hostTick=4982 ackTick=4982 lastRecordedTick=4988 replayLatestTick=4988 move=(-81,-98) predictedBefore=(-0.870, 1.143, -2.457) confirmed=(-0.742, 1.146, -2.302) replayed=(-0.912, 1.130, -2.508) visualBefore=(-0.870, 1.143, -2.457) correction=(-0.042, -0.012, -0.051) distance=0.067 unresolved=4 replayedCount=4 nextVisualOffset=(0.042, 0.012, 0.051) mode=smooth rttMs=197.4 snapshotAgeMs=0.0
[rubber-banding][guest-reconcile] time=101.669 frame=4233 room=23 world=5 authority=5 entity=2 hostTick=4986 ackTick=4986 lastRecordedTick=4994 replayLatestTick=4994 move=(12,-126) predictedBefore=(-1.070, 1.026, -2.722) confirmed=(-0.912, 1.130, -2.508) replayed=(-1.112, 0.986, -2.774) visualBefore=(-1.032, 1.037, -2.677) correction=(-0.042, -0.040, -0.051) distance=0.078 unresolved=5 replayedCount=5 nextVisualOffset=(0.080, 0.051, 0.097) mode=smooth rttMs=197.4 snapshotAgeMs=0.0
[rubber-banding][guest-reconcile] time=101.669 frame=4233 room=23 world=5 authority=5 entity=2 hostTick=4988 ackTick=4988 lastRecordedTick=4994 replayLatestTick=4994 move=(12,-126) predictedBefore=(-1.112, 0.986, -2.774) confirmed=(-0.997, 1.089, -2.610) replayed=(-1.155, 0.940, -2.825) visualBefore=(-1.075, 0.997, -2.728) correction=(-0.042, -0.046, -0.051) distance=0.081 unresolved=4 replayedCount=4 nextVisualOffset=(0.080, 0.057, 0.097) mode=smooth rttMs=197.4 snapshotAgeMs=0.0
[rubber-banding][guest-reconcile] time=101.669 frame=4233 room=23 world=5 authority=5 entity=2 hostTick=4992 ackTick=4992 lastRecordedTick=4994 replayLatestTick=4994 move=(12,-126) predictedBefore=(-1.163, 0.940, -2.819) confirmed=(-1.167, 0.940, -2.816) replayed=(-1.208, 0.889, -2.868) visualBefore=(-1.126, 0.951, -2.774) correction=(-0.045, -0.051, -0.050) distance=0.084 unresolved=1 replayedCount=1 nextVisualOffset=(0.082, 0.062, 0.095) mode=smooth rttMs=197.4 snapshotAgeMs=0.0
[rubber-banding][guest-reconcile] time=101.886 frame=4250 room=23 world=5 authority=5 entity=2 hostTick=4994 ackTick=4994 lastRecordedTick=5004 replayLatestTick=5004 move=(12,-126) predictedBefore=(-1.361, 0.628, -3.086) confirmed=(-1.250, 0.832, -2.920) replayed=(-1.404, 0.549, -3.138) visualBefore=(-1.361, 0.628, -3.086) correction=(-0.042, -0.079, -0.051) distance=0.103 unresolved=4 replayedCount=4 nextVisualOffset=(0.042, 0.079, 0.051) mode=smooth rttMs=225.8 snapshotAgeMs=0.0
[rubber-banding][guest-reconcile] time=101.886 frame=4250 room=23 world=5 authority=5 entity=2 hostTick=4998 ackTick=4998 lastRecordedTick=5004 replayLatestTick=5004 move=(12,-126) predictedBefore=(-1.404, 0.549, -3.138) confirmed=(-1.404, 0.549, -3.138) replayed=(-1.439, 0.465, -3.194) visualBefore=(-1.404, 0.549, -3.138) correction=(-0.035, -0.085, -0.056) distance=0.108 unresolved=1 replayedCount=1 nextVisualOffset=(0.035, 0.085, 0.056) mode=smooth rttMs=225.8 snapshotAgeMs=0.0
[rubber-banding][guest-reconcile] time=101.898 frame=4251 room=23 world=5 authority=5 entity=2 hostTick=5000 ackTick=5000 lastRecordedTick=5010 replayLatestTick=5010 move=(98,-81) predictedBefore=(-1.562, 0.071, -3.431) confirmed=(-1.475, 0.375, -3.251) replayed=(-1.549, 0.008, -3.528) visualBefore=(-1.529, 0.149, -3.379) correction=(0.013, -0.063, -0.097) distance=0.117 unresolved=5 replayedCount=5 nextVisualOffset=(0.020, 0.141, 0.149) mode=smooth rttMs=225.8 snapshotAgeMs=0.0
[rubber-banding][guest-reconcile] time=101.898 frame=4251 room=23 world=5 authority=5 entity=2 hostTick=5002 ackTick=5002 lastRecordedTick=5010 replayLatestTick=5010 move=(98,-81) predictedBefore=(-1.549, 0.008, -3.528) confirmed=(-1.546, 0.178, -3.364) replayed=(-1.458, 0.008, -3.606) visualBefore=(-1.516, 0.086, -3.476) correction=(0.091, 0.000, -0.078) distance=0.120 unresolved=5 replayedCount=5 nextVisualOffset=(-0.058, 0.078, 0.130) mode=smooth rttMs=225.8 snapshotAgeMs=0.0
[rubber-banding][guest-reconcile] time=101.898 frame=4251 room=23 world=5 authority=5 entity=2 hostTick=5004 ackTick=5004 lastRecordedTick=5010 replayLatestTick=5010 move=(98,-81) predictedBefore=(-1.458, 0.008, -3.606) confirmed=(-1.615, 0.008, -3.477) replayed=(-1.410, 0.008, -3.647) visualBefore=(-1.426, 0.086, -3.554) correction=(0.048, 0.000, -0.041) distance=0.063 unresolved=4 replayedCount=4 nextVisualOffset=(-0.016, 0.078, 0.093) mode=smooth rttMs=225.8 snapshotAgeMs=0.0
[rubber-banding][guest-local-edge] time=101.974 room=23 world=5 authority=5 entity=2 eventId=28 kind=Jump stage=Captured relatedEventId=0 inputTick=0 pressed=None createdAt=-1.000000 firstSendRequestedAt=-1.000000 firstSendDelayMs=-1.000 desiredTick=0 assignedTick=0 lastResolvedAtCreate=0 estimatedHostTickAtCreate=0 clampReason=None
[rubber-banding][guest-reconcile] time=102.115 frame=4269 room=23 world=5 authority=5 entity=2 hostTick=5006 ackTick=5006 lastRecordedTick=5016 replayLatestTick=5016 move=(98,-81) predictedBefore=(-1.204, 0.008, -3.817) confirmed=(-1.558, 0.008, -3.586) replayed=(-1.249, 0.008, -3.841) visualBefore=(-1.204, 0.008, -3.817) correction=(-0.045, 0.000, -0.024) distance=0.051 unresolved=6 replayedCount=6 nextVisualOffset=(0.045, 0.000, 0.024) mode=smooth rttMs=225.8 snapshotAgeMs=0.0
[rubber-banding][guest-reconcile] time=102.115 frame=4269 room=23 world=5 authority=5 entity=2 hostTick=5008 ackTick=5008 lastRecordedTick=5016 replayLatestTick=5016 move=(98,-81) predictedBefore=(-1.249, 0.008, -3.841) confirmed=(-1.455, 0.008, -3.671) replayed=(-1.198, 0.008, -3.883) visualBefore=(-1.249, 0.008, -3.841) correction=(0.051, 0.000, -0.042) distance=0.067 unresolved=5 replayedCount=5 nextVisualOffset=(-0.051, 0.000, 0.042) mode=smooth rttMs=225.8 snapshotAgeMs=0.0
[rubber-banding][guest-reconcile] time=102.115 frame=4269 room=23 world=5 authority=5 entity=2 hostTick=5010 ackTick=5010 lastRecordedTick=5016 replayLatestTick=5016 move=(98,-81) predictedBefore=(-1.198, 0.008, -3.883) confirmed=(-1.352, 0.008, -3.756) replayed=(-1.147, 0.008, -3.926) visualBefore=(-1.198, 0.008, -3.883) correction=(0.051, 0.000, -0.042) distance=0.067 unresolved=4 replayedCount=4 nextVisualOffset=(-0.051, 0.000, 0.042) mode=smooth rttMs=225.8 snapshotAgeMs=0.0
[rubber-banding][guest-reconcile] time=102.115 frame=4269 room=23 world=5 authority=5 entity=2 hostTick=5014 ackTick=5014 lastRecordedTick=5016 replayLatestTick=5016 move=(98,-81) predictedBefore=(-1.147, 0.008, -3.926) confirmed=(-1.147, 0.008, -3.926) replayed=(-1.095, 0.008, -3.968) visualBefore=(-1.147, 0.008, -3.926) correction=(0.051, 0.000, -0.042) distance=0.067 unresolved=1 replayedCount=1 nextVisualOffset=(-0.051, 0.000, 0.042) mode=smooth rttMs=225.8 snapshotAgeMs=0.0
[rubber-banding][guest-local-edge] time=102.118 room=23 world=5 authority=5 entity=2 eventId=28 kind=Jump stage=Attached relatedEventId=0 inputTick=5026 pressed=Jump createdAt=102.115000 firstSendRequestedAt=-1.000000 firstSendDelayMs=-1.000 desiredTick=5034 assignedTick=5026 lastResolvedAtCreate=5014 estimatedHostTickAtCreate=5025 clampReason=MaximumResolvedLead
[rubber-banding][guest-local-edge] time=102.118 room=23 world=5 authority=5 entity=2 eventId=28 kind=Jump stage=FirstSendRequested relatedEventId=0 inputTick=5026 pressed=Jump createdAt=102.115000 firstSendRequestedAt=102.115000 firstSendDelayMs=0.000 desiredTick=5034 assignedTick=5026 lastResolvedAtCreate=5014 estimatedHostTickAtCreate=5025 clampReason=MaximumResolvedLead
[rubber-banding][guest-reconcile] time=102.129 frame=4270 room=23 world=5 authority=5 entity=2 hostTick=5016 ackTick=5016 lastRecordedTick=5026 replayLatestTick=5026 move=(126,12) predictedBefore=(-0.831, 0.118, -3.943) confirmed=(-1.044, 0.008, -4.011) replayed=(-0.779, 0.118, -3.985) visualBefore=(-0.878, 0.118, -3.904) correction=(0.051, 0.000, -0.042) distance=0.067 unresolved=4 replayedCount=4 nextVisualOffset=(-0.099, 0.000, 0.082) mode=smooth rttMs=225.8 snapshotAgeMs=0.0
[rubber-banding][guest-reconcile] time=102.129 frame=4270 room=23 world=5 authority=5 entity=2 hostTick=5018 ackTick=5018 lastRecordedTick=5026 replayLatestTick=5026 move=(126,12) predictedBefore=(-0.779, 0.118, -3.985) confirmed=(-0.941, 0.008, -4.096) replayed=(-0.809, 0.118, -4.083) visualBefore=(-0.827, 0.118, -3.946) correction=(-0.030, 0.000, -0.098) distance=0.102 unresolved=2 replayedCount=2 nextVisualOffset=(-0.018, 0.000, 0.137) mode=smooth rttMs=225.8 snapshotAgeMs=0.0
[rubber-banding][guest-reconcile] time=102.372 frame=4289 room=23 world=5 authority=5 entity=2 hostTick=5020 ackTick=5020 lastRecordedTick=5030 replayLatestTick=5030 move=(126,12) predictedBefore=(-0.544, 0.502, -4.058) confirmed=(-0.809, 0.008, -4.083) replayed=(-0.478, 0.502, -4.051) visualBefore=(-0.544, 0.502, -4.058) correction=(0.066, 0.000, 0.006) distance=0.066 unresolved=5 replayedCount=5 nextVisualOffset=(-0.066, 0.000, -0.006) mode=smooth rttMs=225.8 snapshotAgeMs=0.0
[rubber-banding][guest-reconcile] time=102.372 frame=4289 room=23 world=5 authority=5 entity=2 hostTick=5022 ackTick=5022 lastRecordedTick=5030 replayLatestTick=5030 move=(126,12) predictedBefore=(-0.478, 0.502, -4.051) confirmed=(-0.688, 0.008, -4.071) replayed=(-0.375, 0.502, -4.042) visualBefore=(-0.478, 0.502, -4.051) correction=(0.104, 0.000, 0.010) distance=0.104 unresolved=5 replayedCount=5 nextVisualOffset=(-0.104, 0.000, -0.010) mode=smooth rttMs=225.8 snapshotAgeMs=0.0
[rubber-banding][guest-reconcile] time=102.372 frame=4289 room=23 world=5 authority=5 entity=2 hostTick=5024 ackTick=5024 lastRecordedTick=5030 replayLatestTick=5030 move=(126,12) predictedBefore=(-0.375, 0.502, -4.042) confirmed=(-0.611, 0.008, -4.064) replayed=(-0.407, 0.502, -4.045) visualBefore=(-0.375, 0.502, -4.042) correction=(-0.033, 0.000, -0.003) distance=0.033 unresolved=5 replayedCount=5 nextVisualOffset=(0.033, 0.000, 0.003) mode=smooth rttMs=225.8 snapshotAgeMs=0.0
[rubber-banding][guest-reconcile] time=102.372 frame=4289 room=23 world=5 authority=5 entity=2 hostTick=5026 ackTick=5026 lastRecordedTick=5030 replayLatestTick=5030 move=(126,12) predictedBefore=(-0.407, 0.502, -4.045) confirmed=(-0.563, 0.118, -4.060) replayed=(-0.440, 0.502, -4.048) visualBefore=(-0.407, 0.502, -4.045) correction=(-0.033, 0.000, -0.003) distance=0.034 unresolved=4 replayedCount=4 nextVisualOffset=(0.033, 0.000, 0.003) mode=smooth rttMs=225.8 snapshotAgeMs=0.0
[rubber-banding][guest-reconcile] time=102.372 frame=4289 room=23 world=5 authority=5 entity=2 hostTick=5032 ackTick=5032 lastRecordedTick=5030 replayLatestTick=0 move=(0,0) predictedBefore=(-0.440, 0.502, -4.048) confirmed=(-0.366, 0.661, -4.041) replayed=(-0.366, 0.661, -4.041) visualBefore=(-0.440, 0.502, -4.048) correction=(0.075, 0.159, 0.007) distance=0.176 unresolved=0 replayedCount=0 nextVisualOffset=(-0.075, -0.159, -0.007) mode=smooth rttMs=225.8 snapshotAgeMs=0.0
[rubber-banding][guest-reconcile] time=102.372 frame=4289 room=23 world=5 authority=5 entity=2 hostTick=5034 ackTick=5034 lastRecordedTick=5030 replayLatestTick=0 move=(0,0) predictedBefore=(-0.366, 0.661, -4.041) confirmed=(-0.289, 0.797, -4.033) replayed=(-0.289, 0.797, -4.033) visualBefore=(-0.366, 0.661, -4.041) correction=(0.077, 0.136, 0.007) distance=0.157 unresolved=0 replayedCount=0 nextVisualOffset=(-0.077, -0.136, -0.007) mode=smooth rttMs=225.8 snapshotAgeMs=0.0
[rubber-banding][local-input] time=102.447 frame=4295 focused=1 host=0 room=23 world=5 authority=5 entity=2 windowMs=1003.6 updates=80 fixedCalls=51 commands=28 predictionSteps=28 noCommandUpdates=73 estimatedHostTick=5045 nextInputTick=5054 lastRecordedTick=5046 lastResolvedTick=5034 nextLead=9 recordedLead=1 unresolved=4 clamped=80 clampedTotal=2336 batchesSent=1828 commandsSent=10102 sendFailures=0 move=(0.63,0.77) jump=0
[rubber-banding][remote-render] time=102.447 frame=4295 entity=1 latestHostTick=5034 buffer=8 windowMs=1003.6 fps=79.7 snapshots=29 arrivalSamples=29 arrivalAvgMs=32.8 arrivalP95Ms=235.4 arrivalMaxMs=242.2 sameArrival=22 tickGapMax=2 renderFrames=80 interpolation=1 extrapolation=79 extrapolationCapped=29 extrapolationMaxMs=261.2 oldestHeld=0 zeroSpan=80 movingFrozen=0 teleport=0 visualStepAvgCm=0.00 visualStepMaxCm=0.00 estimatedHostTick=5045 renderTick=5039.389 latestSnapshotTick=5034.000 renderMinusLatestTicks=5.389 estimatedMinusLatestTicks=11.000 sampleT=3.695
[rubber-banding][remote-render] time=102.447 frame=4295 entity=3 latestHostTick=5034 buffer=8 windowMs=1003.6 fps=79.7 snapshots=29 arrivalSamples=29 arrivalAvgMs=32.8 arrivalP95Ms=235.4 arrivalMaxMs=242.2 sameArrival=22 tickGapMax=2 renderFrames=80 interpolation=1 extrapolation=79 extrapolationCapped=29 extrapolationMaxMs=261.2 oldestHeld=0 zeroSpan=80 movingFrozen=0 teleport=0 visualStepAvgCm=0.00 visualStepMaxCm=0.00 estimatedHostTick=5045 renderTick=5039.389 latestSnapshotTick=5034.000 renderMinusLatestTicks=5.389 estimatedMinusLatestTicks=11.000 sampleT=3.695
[rubber-banding][remote-render] time=102.447 frame=4295 entity=4 latestHostTick=5034 buffer=8 windowMs=1003.6 fps=79.7 snapshots=29 arrivalSamples=29 arrivalAvgMs=32.8 arrivalP95Ms=235.4 arrivalMaxMs=242.2 sameArrival=22 tickGapMax=2 renderFrames=80 interpolation=1 extrapolation=79 extrapolationCapped=29 extrapolationMaxMs=261.2 oldestHeld=0 zeroSpan=80 movingFrozen=0 teleport=0 visualStepAvgCm=0.00 visualStepMaxCm=0.00 estimatedHostTick=5045 renderTick=5039.389 latestSnapshotTick=5034.000 renderMinusLatestTicks=5.389 estimatedMinusLatestTicks=11.000 sampleT=3.695
[rubber-banding][udp-pump] time=102.526 frame=4301 focused=1 windowMs=1007.7 fps=79.4 packets=29 socketAvgMs=33.0 socketP95Ms=236.5 socketMaxMs=241.7 pumpAvgMs=32.8 pumpP95Ms=235.4 pumpMaxMs=242.2 queueDelayAvgMs=5.4 queueDelayP95Ms=11.9 queueDelayMaxMs=12.9 samePump=22 pumpBatchMax=8 queueDepthMax=8 frameMaxMs=19.3
[rubber-banding][guest-reconcile] time=102.588 frame=4306 room=23 world=5 authority=5 entity=2 hostTick=5038 ackTick=5038 lastRecordedTick=5046 replayLatestTick=5046 move=(81,98) predictedBefore=(-0.121, 1.004, -4.002) confirmed=(-0.121, 1.004, -4.002) replayed=(-0.075, 1.041, -3.989) visualBefore=(-0.121, 1.004, -4.002) correction=(0.046, 0.038, 0.012) distance=0.060 unresolved=1 replayedCount=1 nextVisualOffset=(-0.046, -0.038, -0.012) mode=smooth rttMs=225.8 snapshotAgeMs=0.0
[rubber-banding][guest-reconcile] time=102.588 frame=4306 room=23 world=5 authority=5 entity=2 hostTick=5040 ackTick=5040 lastRecordedTick=5046 replayLatestTick=5046 move=(81,98) predictedBefore=(-0.075, 1.041, -3.989) confirmed=(-0.029, 1.073, -3.977) replayed=(0.018, 1.100, -3.963) visualBefore=(-0.075, 1.041, -3.989) correction=(0.093, 0.059, 0.026) distance=0.113 unresolved=1 replayedCount=1 nextVisualOffset=(-0.093, -0.059, -0.026) mode=smooth rttMs=225.8 snapshotAgeMs=0.0
[rubber-banding][guest-reconcile] time=102.588 frame=4306 room=23 world=5 authority=5 entity=2 hostTick=5042 ackTick=5042 lastRecordedTick=5046 replayLatestTick=5046 move=(81,98) predictedBefore=(0.018, 1.100, -3.963) confirmed=(0.062, 1.121, -3.953) replayed=(0.109, 1.136, -3.939) visualBefore=(0.018, 1.100, -3.963) correction=(0.091, 0.036, 0.024) distance=0.101 unresolved=1 replayedCount=1 nextVisualOffset=(-0.091, -0.036, -0.024) mode=smooth rttMs=225.8 snapshotAgeMs=0.0
[rubber-banding][guest-reconcile] time=102.599 frame=4307 room=23 world=5 authority=5 entity=2 hostTick=5044 ackTick=5044 lastRecordedTick=5054 replayLatestTick=5054 move=(81,98) predictedBefore=(0.311, 1.143, -3.866) confirmed=(0.153, 1.146, -3.928) replayed=(0.402, 1.113, -3.841) visualBefore=(0.228, 1.109, -3.888) correction=(0.091, -0.030, 0.024) distance=0.099 unresolved=5 replayedCount=5 nextVisualOffset=(-0.174, -0.003, -0.047) mode=smooth rttMs=225.8 snapshotAgeMs=0.0
[rubber-banding][guest-reconcile] time=102.599 frame=4307 room=23 world=5 authority=5 entity=2 hostTick=5046 ackTick=5046 lastRecordedTick=5054 replayLatestTick=5054 move=(81,98) predictedBefore=(0.402, 1.113, -3.841) confirmed=(0.245, 1.150, -3.902) replayed=(0.447, 1.089, -3.829) visualBefore=(0.319, 1.079, -3.864) correction=(0.046, -0.023, 0.012) distance=0.053 unresolved=4 replayedCount=4 nextVisualOffset=(-0.129, -0.010, -0.035) mode=smooth rttMs=225.8 snapshotAgeMs=0.0
[rubber-banding][guest-reconcile] time=102.785 frame=4321 room=23 world=5 authority=5 entity=2 hostTick=5050 ackTick=5050 lastRecordedTick=5060 replayLatestTick=5060 move=(81,98) predictedBefore=(0.732, 0.889, -3.700) confirmed=(0.447, 1.089, -3.829) replayed=(0.791, 0.832, -3.669) visualBefore=(0.732, 0.889, -3.700) correction=(0.059, -0.057, 0.030) distance=0.088 unresolved=6 replayedCount=6 nextVisualOffset=(-0.059, 0.057, -0.030) mode=smooth rttMs=151.7 snapshotAgeMs=0.0
[rubber-banding][guest-reconcile] time=102.785 frame=4321 room=23 world=5 authority=5 entity=2 hostTick=5052 ackTick=5052 lastRecordedTick=5060 replayLatestTick=5060 move=(81,98) predictedBefore=(0.791, 0.832, -3.669) confirmed=(0.556, 1.026, -3.784) replayed=(0.904, 0.702, -3.616) visualBefore=(0.791, 0.832, -3.669) correction=(0.113, -0.130, 0.053) distance=0.181 unresolved=6 replayedCount=6 nextVisualOffset=(-0.113, 0.130, -0.053) mode=smooth rttMs=151.7 snapshotAgeMs=0.0
[rubber-banding][guest-reconcile] time=102.799 frame=4322 room=23 world=5 authority=5 entity=2 hostTick=5054 ackTick=5054 lastRecordedTick=5064 replayLatestTick=5064 move=(81,98) predictedBefore=(1.137, 0.375, -3.485) confirmed=(0.665, 0.940, -3.737) replayed=(1.191, 0.279, -3.462) visualBefore=(1.033, 0.494, -3.534) correction=(0.054, -0.096, 0.023) distance=0.112 unresolved=9 replayedCount=9 nextVisualOffset=(-0.158, 0.215, -0.071) mode=smooth rttMs=151.7 snapshotAgeMs=0.0
[rubber-banding][guest-reconcile] time=102.799 frame=4322 room=23 world=5 authority=5 entity=2 hostTick=5058 ackTick=5058 lastRecordedTick=5064 replayLatestTick=5064 move=(81,98) predictedBefore=(1.191, 0.279, -3.462) confirmed=(0.899, 0.702, -3.624) replayed=(1.248, 0.178, -3.428) visualBefore=(1.087, 0.398, -3.511) correction=(0.057, -0.101, 0.034) distance=0.121 unresolved=6 replayedCount=6 nextVisualOffset=(-0.161, 0.220, -0.083) mode=smooth rttMs=151.7 snapshotAgeMs=0.0
[rubber-banding][guest-reconcile] time=102.983 frame=4336 room=23 world=5 authority=5 entity=2 hostTick=5068 ackTick=5068 lastRecordedTick=5072 replayLatestTick=5072 move=(81,98) predictedBefore=(1.488, 0.008, -3.203) confirmed=(1.446, 0.008, -3.255) replayed=(1.531, 0.008, -3.152) visualBefore=(1.488, 0.008, -3.203) correction=(0.042, 0.000, 0.051) distance=0.067 unresolved=2 replayedCount=2 nextVisualOffset=(-0.042, 0.000, -0.051) mode=smooth rttMs=151.7 snapshotAgeMs=0.0
[rubber-banding][guest-reconcile] time=102.983 frame=4336 room=23 world=5 authority=5 entity=2 hostTick=5070 ackTick=5070 lastRecordedTick=5072 replayLatestTick=5072 move=(81,98) predictedBefore=(1.531, 0.008, -3.152) confirmed=(1.524, 0.008, -3.160) replayed=(1.580, 0.008, -3.063) visualBefore=(1.531, 0.008, -3.152) correction=(0.049, 0.000, 0.089) distance=0.102 unresolved=2 replayedCount=2 nextVisualOffset=(-0.049, 0.000, -0.089) mode=smooth rttMs=151.7 snapshotAgeMs=0.0
[rubber-banding][guest-local-edge] time=103.012 room=23 world=5 authority=5 entity=2 eventId=29 kind=Jump stage=Captured relatedEventId=0 inputTick=0 pressed=None createdAt=-1.000000 firstSendRequestedAt=-1.000000 firstSendDelayMs=-1.000 desiredTick=0 assignedTick=0 lastResolvedAtCreate=0 estimatedHostTickAtCreate=0 clampReason=None
[rubber-banding][guest-reconcile] time=103.198 frame=4353 room=23 world=5 authority=5 entity=2 hostTick=5076 ackTick=5076 lastRecordedTick=5082 replayLatestTick=5082 move=(81,98) predictedBefore=(1.702, 0.008, -2.839) confirmed=(1.702, 0.008, -2.839) replayed=(1.744, 0.008, -2.788) visualBefore=(1.702, 0.008, -2.839) correction=(0.042, 0.000, 0.051) distance=0.067 unresolved=1 replayedCount=1 nextVisualOffset=(-0.042, 0.000, -0.051) mode=smooth rttMs=151.7 snapshotAgeMs=0.0
[rubber-banding][guest-reconcile] time=103.198 frame=4353 room=23 world=5 authority=5 entity=2 hostTick=5078 ackTick=5078 lastRecordedTick=5082 replayLatestTick=5082 move=(81,98) predictedBefore=(1.744, 0.008, -2.788) confirmed=(1.780, 0.008, -2.745) replayed=(1.817, 0.008, -2.700) visualBefore=(1.744, 0.008, -2.788) correction=(0.073, 0.000, 0.088) distance=0.114 unresolved=1 replayedCount=1 nextVisualOffset=(-0.073, 0.000, -0.088) mode=smooth rttMs=151.7 snapshotAgeMs=0.0
[rubber-banding][guest-reconcile] time=103.198 frame=4353 room=23 world=5 authority=5 entity=2 hostTick=5080 ackTick=5080 lastRecordedTick=5082 replayLatestTick=5082 move=(81,98) predictedBefore=(1.817, 0.008, -2.700) confirmed=(1.829, 0.008, -2.685) replayed=(1.853, 0.008, -2.657) visualBefore=(1.817, 0.008, -2.700) correction=(0.035, 0.000, 0.043) distance=0.056 unresolved=1 replayedCount=1 nextVisualOffset=(-0.035, 0.000, -0.043) mode=smooth rttMs=151.7 snapshotAgeMs=0.0
[rubber-banding][guest-local-edge] time=103.201 room=23 world=5 authority=5 entity=2 eventId=29 kind=Jump stage=Attached relatedEventId=0 inputTick=5092 pressed=Jump createdAt=103.198300 firstSendRequestedAt=-1.000000 firstSendDelayMs=-1.000 desiredTick=5095 assignedTick=5092 lastResolvedAtCreate=5080 estimatedHostTickAtCreate=5088 clampReason=MaximumResolvedLead
[rubber-banding][guest-local-edge] time=103.201 room=23 world=5 authority=5 entity=2 eventId=29 kind=Jump stage=FirstSendRequested relatedEventId=0 inputTick=5092 pressed=Jump createdAt=103.198300 firstSendRequestedAt=103.198300 firstSendDelayMs=0.000 desiredTick=5095 assignedTick=5092 lastResolvedAtCreate=5080 estimatedHostTickAtCreate=5088 clampReason=MaximumResolvedLead
[rubber-banding][guest-reconcile] time=103.210 frame=4354 room=23 world=5 authority=5 entity=2 hostTick=5082 ackTick=5082 lastRecordedTick=5092 replayLatestTick=5092 move=(81,98) predictedBefore=(1.967, 0.118, -2.518) confirmed=(1.860, 0.008, -2.648) replayed=(1.946, 0.118, -2.544) visualBefore=(1.935, 0.118, -2.558) correction=(-0.021, 0.000, -0.026) distance=0.033 unresolved=4 replayedCount=4 nextVisualOffset=(-0.011, 0.000, -0.014) mode=smooth rttMs=151.7 snapshotAgeMs=0.0
[rubber-banding][guest-reconcile] time=103.422 frame=4371 room=23 world=5 authority=5 entity=2 hostTick=5086 ackTick=5086 lastRecordedTick=5096 replayLatestTick=5096 move=(81,98) predictedBefore=(2.059, 0.502, -2.407) confirmed=(1.946, 0.008, -2.544) replayed=(2.095, 0.502, -2.364) visualBefore=(2.059, 0.502, -2.407) correction=(0.035, 0.000, 0.043) distance=0.056 unresolved=5 replayedCount=5 nextVisualOffset=(-0.035, 0.000, -0.043) mode=smooth rttMs=151.7 snapshotAgeMs=0.0
[rubber-banding][guest-reconcile] time=103.422 frame=4371 room=23 world=5 authority=5 entity=2 hostTick=5088 ackTick=5088 lastRecordedTick=5096 replayLatestTick=5096 move=(81,98) predictedBefore=(2.095, 0.502, -2.364) confirmed=(1.993, 0.008, -2.487) replayed=(2.117, 0.502, -2.338) visualBefore=(2.095, 0.502, -2.364) correction=(0.022, 0.000, 0.027) distance=0.034 unresolved=5 replayedCount=5 nextVisualOffset=(-0.022, 0.000, -0.027) mode=smooth rttMs=151.7 snapshotAgeMs=0.0
[rubber-banding][guest-reconcile] time=103.434 frame=4372 room=23 world=5 authority=5 entity=2 hostTick=5090 ackTick=5090 lastRecordedTick=5100 replayLatestTick=5100 move=(81,98) predictedBefore=(2.241, 0.797, -2.187) confirmed=(2.011, 0.008, -2.465) replayed=(2.132, 0.797, -2.319) visualBefore=(2.221, 0.797, -2.211) correction=(-0.109, 0.000, -0.132) distance=0.171 unresolved=9 replayedCount=9 nextVisualOffset=(0.089, 0.000, 0.107) mode=smooth rttMs=151.7 snapshotAgeMs=0.0
[rubber-banding][guest-reconcile] time=103.434 frame=4372 room=23 world=5 authority=5 entity=2 hostTick=5092 ackTick=5092 lastRecordedTick=5100 replayLatestTick=5100 move=(81,98) predictedBefore=(2.132, 0.797, -2.319) confirmed=(2.013, 0.118, -2.463) replayed=(2.081, 0.797, -2.380) visualBefore=(2.112, 0.797, -2.343) correction=(-0.051, 0.000, -0.062) distance=0.080 unresolved=8 replayedCount=8 nextVisualOffset=(0.031, 0.000, 0.037) mode=smooth rttMs=151.7 snapshotAgeMs=0.0
[rubber-banding][local-input] time=103.459 frame=4374 focused=1 host=0 room=23 world=5 authority=5 entity=2 windowMs=1012.0 updates=79 fixedCalls=50 commands=39 predictionSteps=39 noCommandUpdates=67 estimatedHostTick=5104 nextInputTick=5111 lastRecordedTick=5110 lastResolvedTick=5098 nextLead=7 recordedLead=6 unresolved=7 clamped=71 clampedTotal=2407 batchesSent=1858 commandsSent=10290 sendFailures=0 move=(0.63,0.77) jump=0
[rubber-banding][remote-render] time=103.459 frame=4374 entity=1 latestHostTick=5098 buffer=8 windowMs=1012.0 fps=78.1 snapshots=32 arrivalSamples=32 arrivalAvgMs=33.2 arrivalP95Ms=215.9 arrivalMaxMs=216.6 sameArrival=23 tickGapMax=2 renderFrames=79 interpolation=0 extrapolation=79 extrapolationCapped=24 extrapolationMaxMs=223.2 oldestHeld=0 zeroSpan=79 movingFrozen=0 teleport=0 visualStepAvgCm=0.00 visualStepMaxCm=0.00 estimatedHostTick=5104 renderTick=5099.702 latestSnapshotTick=5098.000 renderMinusLatestTicks=1.702 estimatedMinusLatestTicks=6.000 sampleT=1.851
[rubber-banding][remote-render] time=103.459 frame=4374 entity=3 latestHostTick=5098 buffer=8 windowMs=1012.0 fps=78.1 snapshots=32 arrivalSamples=32 arrivalAvgMs=33.2 arrivalP95Ms=215.9 arrivalMaxMs=216.6 sameArrival=23 tickGapMax=2 renderFrames=79 interpolation=0 extrapolation=79 extrapolationCapped=24 extrapolationMaxMs=223.2 oldestHeld=0 zeroSpan=79 movingFrozen=0 teleport=0 visualStepAvgCm=0.00 visualStepMaxCm=0.00 estimatedHostTick=5104 renderTick=5099.702 latestSnapshotTick=5098.000 renderMinusLatestTicks=1.702 estimatedMinusLatestTicks=6.000 sampleT=1.851
[rubber-banding][remote-render] time=103.459 frame=4374 entity=4 latestHostTick=5098 buffer=8 windowMs=1012.0 fps=78.1 snapshots=32 arrivalSamples=32 arrivalAvgMs=33.2 arrivalP95Ms=215.9 arrivalMaxMs=216.6 sameArrival=23 tickGapMax=2 renderFrames=79 interpolation=0 extrapolation=79 extrapolationCapped=24 extrapolationMaxMs=223.2 oldestHeld=0 zeroSpan=79 movingFrozen=0 teleport=0 visualStepAvgCm=0.00 visualStepMaxCm=0.00 estimatedHostTick=5104 renderTick=5099.702 latestSnapshotTick=5098.000 renderMinusLatestTicks=1.702 estimatedMinusLatestTicks=6.000 sampleT=1.851
[rubber-banding][udp-pump] time=103.533 frame=4380 focused=1 windowMs=1007.0 fps=78.5 packets=32 socketAvgMs=33.2 socketP95Ms=213.3 socketMaxMs=215.1 pumpAvgMs=33.2 pumpP95Ms=215.9 pumpMaxMs=216.6 queueDelayAvgMs=5.0 queueDelayP95Ms=10.6 queueDelayMaxMs=11.6 samePump=23 pumpBatchMax=5 queueDepthMax=5 frameMaxMs=14.2
[rubber-banding][guest-reconcile] time=103.654 frame=4390 room=23 world=5 authority=5 entity=2 hostTick=5104 ackTick=5104 lastRecordedTick=5114 replayLatestTick=5114 move=(81,98) predictedBefore=(2.266, 1.136, -2.157) confirmed=(2.149, 1.004, -2.298) replayed=(2.294, 1.146, -2.123) visualBefore=(2.266, 1.136, -2.157) correction=(0.028, 0.010, 0.033) distance=0.044 unresolved=6 replayedCount=6 nextVisualOffset=(-0.028, -0.010, -0.033) mode=smooth rttMs=151.7 snapshotAgeMs=0.0
[rubber-banding][guest-reconcile] time=103.654 frame=4390 room=23 world=5 authority=5 entity=2 hostTick=5106 ackTick=5106 lastRecordedTick=5114 replayLatestTick=5114 move=(81,98) predictedBefore=(2.294, 1.146, -2.123) confirmed=(2.190, 1.073, -2.248) replayed=(2.343, 1.150, -2.063) visualBefore=(2.294, 1.146, -2.123) correction=(0.050, 0.003, 0.060) distance=0.078 unresolved=6 replayedCount=6 nextVisualOffset=(-0.050, -0.003, -0.060) mode=smooth rttMs=151.7 snapshotAgeMs=0.0
[rubber-banding][guest-reconcile] time=103.654 frame=4390 room=23 world=5 authority=5 entity=2 hostTick=5108 ackTick=5108 lastRecordedTick=5114 replayLatestTick=5114 move=(81,98) predictedBefore=(2.343, 1.150, -2.063) confirmed=(2.231, 1.121, -2.199) replayed=(2.384, 1.130, -2.014) visualBefore=(2.343, 1.150, -2.063) correction=(0.041, -0.019, 0.050) distance=0.067 unresolved=6 replayedCount=6 nextVisualOffset=(-0.041, 0.019, -0.050) mode=smooth rttMs=151.7 snapshotAgeMs=0.0
[rubber-banding][guest-reconcile] time=103.843 frame=4405 room=23 world=5 authority=5 entity=2 hostTick=5118 ackTick=5118 lastRecordedTick=5128 replayLatestTick=5128 move=(126,12) predictedBefore=(2.668, 0.832, -1.673) confirmed=(2.515, 1.026, -1.856) replayed=(2.710, 0.770, -1.622) visualBefore=(2.668, 0.832, -1.673) correction=(0.042, -0.062, 0.051) distance=0.090 unresolved=5 replayedCount=5 nextVisualOffset=(-0.042, 0.062, -0.051) mode=smooth rttMs=194.3 snapshotAgeMs=0.0
[rubber-banding][guest-reconcile] time=103.843 frame=4405 room=23 world=5 authority=5 entity=2 hostTick=5120 ackTick=5120 lastRecordedTick=5128 replayLatestTick=5128 move=(126,12) predictedBefore=(2.710, 0.770, -1.622) confirmed=(2.587, 0.940, -1.769) replayed=(2.789, 0.628, -1.527) visualBefore=(2.710, 0.770, -1.622) correction=(0.079, -0.141, 0.095) distance=0.188 unresolved=5 replayedCount=5 nextVisualOffset=(-0.079, 0.141, -0.095) mode=smooth rttMs=194.3 snapshotAgeMs=0.0
[rubber-banding][guest-reconcile] time=103.843 frame=4405 room=23 world=5 authority=5 entity=2 hostTick=5122 ackTick=5122 lastRecordedTick=5128 replayLatestTick=5128 move=(126,12) predictedBefore=(2.789, 0.628, -1.527) confirmed=(2.660, 0.832, -1.680) replayed=(2.825, 0.549, -1.483) visualBefore=(2.789, 0.628, -1.527) correction=(0.036, -0.079, 0.044) distance=0.097 unresolved=4 replayedCount=4 nextVisualOffset=(-0.036, 0.079, -0.044) mode=smooth rttMs=194.3 snapshotAgeMs=0.0
[rubber-banding][guest-local-edge] time=103.984 room=23 world=5 authority=5 entity=2 eventId=30 kind=Jump stage=Captured relatedEventId=0 inputTick=0 pressed=None createdAt=-1.000000 firstSendRequestedAt=-1.000000 firstSendDelayMs=-1.000 desiredTick=0 assignedTick=0 lastResolvedAtCreate=0 estimatedHostTickAtCreate=0 clampReason=None
[rubber-banding][guest-local-edge] time=103.999 room=23 world=5 authority=5 entity=2 eventId=30 kind=Jump stage=Attached relatedEventId=0 inputTick=5136 pressed=Jump createdAt=103.996500 firstSendRequestedAt=-1.000000 firstSendDelayMs=-1.000 desiredTick=5145 assignedTick=5136 lastResolvedAtCreate=5124 estimatedHostTickAtCreate=5137 clampReason=MaximumResolvedLead
[rubber-banding][guest-local-edge] time=103.999 room=23 world=5 authority=5 entity=2 eventId=30 kind=Jump stage=FirstSendRequested relatedEventId=0 inputTick=5136 pressed=Jump createdAt=103.996500 firstSendRequestedAt=103.996500 firstSendDelayMs=0.000 desiredTick=5145 assignedTick=5136 lastResolvedAtCreate=5124 estimatedHostTickAtCreate=5137 clampReason=MaximumResolvedLead
[rubber-banding][guest-reconcile] time=104.008 frame=4418 room=23 world=5 authority=5 entity=2 hostTick=5126 ackTick=5126 lastRecordedTick=5136 replayLatestTick=5136 move=(98,-81) predictedBefore=(3.110, 0.008, -1.204) confirmed=(2.824, 0.549, -1.482) replayed=(3.154, 0.118, -1.238) visualBefore=(3.110, 0.008, -1.204) correction=(0.044, 0.110, -0.033) distance=0.123 unresolved=7 replayedCount=7 nextVisualOffset=(-0.044, -0.110, 0.033) mode=smooth rttMs=194.3 snapshotAgeMs=0.0
[rubber-banding][guest-reconcile] time=104.008 frame=4418 room=23 world=5 authority=5 entity=2 hostTick=5128 ackTick=5128 lastRecordedTick=5136 replayLatestTick=5136 move=(98,-81) predictedBefore=(3.154, 0.118, -1.238) confirmed=(2.910, 0.375, -1.380) replayed=(3.198, 0.118, -1.273) visualBefore=(3.154, 0.118, -1.238) correction=(0.045, 0.000, -0.036) distance=0.057 unresolved=6 replayedCount=6 nextVisualOffset=(-0.045, 0.000, 0.036) mode=smooth rttMs=194.3 snapshotAgeMs=0.0
[rubber-banding][guest-reconcile] time=104.008 frame=4418 room=23 world=5 authority=5 entity=2 hostTick=5132 ackTick=5132 lastRecordedTick=5136 replayLatestTick=5136 move=(98,-81) predictedBefore=(3.198, 0.118, -1.273) confirmed=(3.095, 0.008, -1.189) replayed=(3.264, 0.118, -1.267) visualBefore=(3.198, 0.118, -1.273) correction=(0.066, 0.000, 0.006) distance=0.066 unresolved=3 replayedCount=3 nextVisualOffset=(-0.066, 0.000, -0.006) mode=smooth rttMs=194.3 snapshotAgeMs=0.0
[rubber-banding][guest-reconcile] time=104.214 frame=4434 room=23 world=5 authority=5 entity=2 hostTick=5134 ackTick=5134 lastRecordedTick=5144 replayLatestTick=5144 move=(98,-81) predictedBefore=(3.470, 0.502, -1.437) confirmed=(3.228, 0.008, -1.176) replayed=(3.536, 0.502, -1.431) visualBefore=(3.470, 0.502, -1.437) correction=(0.066, 0.000, 0.006) distance=0.066 unresolved=6 replayedCount=6 nextVisualOffset=(-0.066, 0.000, -0.006) mode=smooth rttMs=194.3 snapshotAgeMs=0.0
[rubber-banding][guest-reconcile] time=104.226 frame=4435 room=23 world=5 authority=5 entity=2 hostTick=5140 ackTick=5140 lastRecordedTick=5148 replayLatestTick=5148 move=(12,-126) predictedBefore=(3.732, 0.797, -1.612) confirmed=(3.536, 0.502, -1.431) replayed=(3.783, 0.857, -1.654) visualBefore=(3.732, 0.797, -1.612) correction=(0.051, 0.060, -0.042) distance=0.090 unresolved=5 replayedCount=5 nextVisualOffset=(-0.051, -0.060, 0.042) mode=smooth rttMs=194.3 snapshotAgeMs=0.0
[rubber-banding][guest-reconcile] time=104.226 frame=4435 room=23 world=5 authority=5 entity=2 hostTick=5142 ackTick=5142 lastRecordedTick=5148 replayLatestTick=5148 move=(12,-126) predictedBefore=(3.783, 0.857, -1.654) confirmed=(3.639, 0.661, -1.516) replayed=(3.886, 0.960, -1.739) visualBefore=(3.783, 0.857, -1.654) correction=(0.103, 0.103, -0.085) distance=0.169 unresolved=5 replayedCount=5 nextVisualOffset=(-0.103, -0.103, 0.085) mode=smooth rttMs=194.3 snapshotAgeMs=0.0
[rubber-banding][guest-reconcile] time=104.226 frame=4435 room=23 world=5 authority=5 entity=2 hostTick=5144 ackTick=5144 lastRecordedTick=5148 replayLatestTick=5148 move=(12,-126) predictedBefore=(3.886, 0.960, -1.739) confirmed=(3.742, 0.797, -1.601) replayed=(3.937, 1.004, -1.782) visualBefore=(3.886, 0.960, -1.739) correction=(0.051, 0.043, -0.042) distance=0.079 unresolved=4 replayedCount=4 nextVisualOffset=(-0.051, -0.043, 0.042) mode=smooth rttMs=194.3 snapshotAgeMs=0.0
[rubber-banding][local-input] time=104.460 frame=4453 focused=1 host=0 room=23 world=5 authority=5 entity=2 windowMs=1000.4 updates=79 fixedCalls=50 commands=30 predictionSteps=30 noCommandUpdates=71 estimatedHostTick=5165 nextInputTick=5173 lastRecordedTick=5158 lastResolvedTick=5146 nextLead=8 recordedLead=-7 unresolved=6 clamped=79 clampedTotal=2486 batchesSent=1889 commandsSent=10511 sendFailures=0 move=(-0.63,-0.77) jump=0
[rubber-banding][remote-render] time=104.460 frame=4453 entity=1 latestHostTick=5146 buffer=8 windowMs=1000.4 fps=79.0 snapshots=24 arrivalSamples=24 arrivalAvgMs=33.0 arrivalP95Ms=206.7 arrivalMaxMs=206.8 sameArrival=16 tickGapMax=2 renderFrames=79 interpolation=1 extrapolation=78 extrapolationCapped=20 extrapolationMaxMs=228.5 oldestHeld=0 zeroSpan=78 movingFrozen=0 teleport=0 visualStepAvgCm=0.00 visualStepMaxCm=0.00 estimatedHostTick=5165 renderTick=5159.709 latestSnapshotTick=5146.000 renderMinusLatestTicks=13.709 estimatedMinusLatestTicks=19.000 sampleT=7.854
[rubber-banding][remote-render] time=104.460 frame=4453 entity=3 latestHostTick=5146 buffer=8 windowMs=1000.4 fps=79.0 snapshots=24 arrivalSamples=24 arrivalAvgMs=33.0 arrivalP95Ms=206.7 arrivalMaxMs=206.8 sameArrival=16 tickGapMax=2 renderFrames=79 interpolation=1 extrapolation=78 extrapolationCapped=20 extrapolationMaxMs=228.5 oldestHeld=0 zeroSpan=78 movingFrozen=0 teleport=0 visualStepAvgCm=0.00 visualStepMaxCm=0.00 estimatedHostTick=5165 renderTick=5159.709 latestSnapshotTick=5146.000 renderMinusLatestTicks=13.709 estimatedMinusLatestTicks=19.000 sampleT=7.854
[rubber-banding][remote-render] time=104.460 frame=4453 entity=4 latestHostTick=5146 buffer=8 windowMs=1000.4 fps=79.0 snapshots=24 arrivalSamples=24 arrivalAvgMs=33.0 arrivalP95Ms=206.7 arrivalMaxMs=206.8 sameArrival=16 tickGapMax=2 renderFrames=79 interpolation=1 extrapolation=78 extrapolationCapped=20 extrapolationMaxMs=228.5 oldestHeld=0 zeroSpan=78 movingFrozen=0 teleport=0 visualStepAvgCm=0.00 visualStepMaxCm=0.00 estimatedHostTick=5165 renderTick=5159.709 latestSnapshotTick=5146.000 renderMinusLatestTicks=13.709 estimatedMinusLatestTicks=19.000 sampleT=7.854
[rubber-banding][guest-reconcile] time=104.486 frame=4455 room=23 world=5 authority=5 entity=2 hostTick=5152 ackTick=5152 lastRecordedTick=5158 replayLatestTick=5158 move=(12,-126) predictedBefore=(4.132, 1.121, -1.963) confirmed=(4.132, 1.121, -1.963) replayed=(4.176, 1.136, -2.013) visualBefore=(4.132, 1.121, -1.963) correction=(0.044, 0.015, -0.050) distance=0.068 unresolved=1 replayedCount=1 nextVisualOffset=(-0.044, -0.015, 0.050) mode=smooth rttMs=194.3 snapshotAgeMs=0.0
[rubber-banding][guest-reconcile] time=104.486 frame=4455 room=23 world=5 authority=5 entity=2 hostTick=5154 ackTick=5154 lastRecordedTick=5158 replayLatestTick=5158 move=(12,-126) predictedBefore=(4.176, 1.136, -2.013) confirmed=(4.221, 1.146, -2.063) replayed=(4.264, 1.151, -2.113) visualBefore=(4.176, 1.136, -2.013) correction=(0.088, 0.014, -0.100) distance=0.134 unresolved=1 replayedCount=1 nextVisualOffset=(-0.088, -0.014, 0.100) mode=smooth rttMs=194.3 snapshotAgeMs=0.0
[rubber-banding][guest-reconcile] time=104.499 frame=4456 room=23 world=5 authority=5 entity=2 hostTick=5156 ackTick=5156 lastRecordedTick=5166 replayLatestTick=5166 move=(-81,-98) predictedBefore=(4.421, 1.113, -2.328) confirmed=(4.310, 1.150, -2.162) replayed=(4.510, 1.060, -2.428) visualBefore=(4.341, 1.100, -2.237) correction=(0.089, -0.052, -0.099) distance=0.143 unresolved=5 replayedCount=5 nextVisualOffset=(-0.169, 0.039, 0.191) mode=smooth rttMs=194.3 snapshotAgeMs=0.0
[rubber-banding][guest-reconcile] time=104.499 frame=4456 room=23 world=5 authority=5 entity=2 hostTick=5158 ackTick=5158 lastRecordedTick=5166 replayLatestTick=5166 move=(-81,-98) predictedBefore=(4.510, 1.060, -2.428) confirmed=(4.398, 1.130, -2.262) replayed=(4.555, 1.026, -2.477) visualBefore=(4.430, 1.047, -2.337) correction=(0.044, -0.035, -0.050) distance=0.075 unresolved=4 replayedCount=4 nextVisualOffset=(-0.125, 0.022, 0.141) mode=smooth rttMs=194.3 snapshotAgeMs=0.0
[rubber-banding][udp-pump] time=104.537 frame=4459 focused=1 windowMs=1004.5 fps=78.6 packets=31 socketAvgMs=34.1 socketP95Ms=204.0 socketMaxMs=252.3 pumpAvgMs=34.3 pumpP95Ms=206.8 pumpMaxMs=259.6 queueDelayAvgMs=5.1 queueDelayP95Ms=11.2 queueDelayMaxMs=12.2 samePump=21 pumpBatchMax=5 queueDepthMax=5 frameMaxMs=15.6
[rubber-banding][guest-reconcile] time=104.689 frame=4471 room=23 world=5 authority=5 entity=2 hostTick=5162 ackTick=5162 lastRecordedTick=5172 replayLatestTick=5172 move=(-81,-98) predictedBefore=(4.752, 0.702, -2.824) confirmed=(4.565, 1.026, -2.470) replayed=(4.807, 0.628, -2.867) visualBefore=(4.752, 0.702, -2.824) correction=(0.056, -0.073, -0.043) distance=0.102 unresolved=7 replayedCount=7 nextVisualOffset=(-0.056, 0.073, 0.043) mode=smooth rttMs=39.0 snapshotAgeMs=0.0
[rubber-banding][guest-reconcile] time=104.689 frame=4471 room=23 world=5 authority=5 entity=2 hostTick=5164 ackTick=5164 lastRecordedTick=5172 replayLatestTick=5172 move=(-81,-98) predictedBefore=(4.807, 0.628, -2.867) confirmed=(4.648, 0.940, -2.574) replayed=(4.891, 0.465, -2.972) visualBefore=(4.807, 0.628, -2.867) correction=(0.083, -0.164, -0.104) distance=0.211 unresolved=7 replayedCount=7 nextVisualOffset=(-0.083, 0.164, 0.104) mode=smooth rttMs=39.0 snapshotAgeMs=0.0
[rubber-banding][guest-reconcile] time=104.689 frame=4471 room=23 world=5 authority=5 entity=2 hostTick=5166 ackTick=5166 lastRecordedTick=5172 replayLatestTick=5172 move=(-81,-98) predictedBefore=(4.891, 0.465, -2.972) confirmed=(4.730, 0.832, -2.679) replayed=(4.932, 0.375, -3.024) visualBefore=(4.891, 0.465, -2.972) correction=(0.042, -0.090, -0.052) distance=0.112 unresolved=6 replayedCount=6 nextVisualOffset=(-0.042, 0.090, 0.052) mode=smooth rttMs=39.0 snapshotAgeMs=0.0
[rubber-banding][guest-reconcile] time=104.858 frame=4484 room=23 world=5 authority=5 entity=2 hostTick=5176 ackTick=5176 lastRecordedTick=5186 replayLatestTick=5186 move=(-81,-98) predictedBefore=(4.649, 0.008, -3.734) confirmed=(5.031, 0.008, -3.271) replayed=(4.606, 0.008, -3.785) visualBefore=(4.649, 0.008, -3.734) correction=(-0.042, 0.000, -0.051) distance=0.067 unresolved=10 replayedCount=10 nextVisualOffset=(0.042, 0.000, 0.051) mode=smooth rttMs=39.0 snapshotAgeMs=0.0
[rubber-banding][guest-local-edge] time=104.937 room=23 world=5 authority=5 entity=2 eventId=31 kind=Jump stage=Captured relatedEventId=0 inputTick=0 pressed=None createdAt=-1.000000 firstSendRequestedAt=-1.000000 firstSendDelayMs=-1.000 desiredTick=0 assignedTick=0 lastResolvedAtCreate=0 estimatedHostTickAtCreate=0 clampReason=None
[rubber-banding][guest-local-edge] time=104.937 room=23 world=5 authority=5 entity=2 eventId=31 kind=Jump stage=Attached relatedEventId=0 inputTick=5192 pressed=Jump createdAt=104.934000 firstSendRequestedAt=-1.000000 firstSendDelayMs=-1.000 desiredTick=5192 assignedTick=5192 lastResolvedAtCreate=5184 estimatedHostTickAtCreate=5188 clampReason=None
[rubber-banding][guest-local-edge] time=104.938 room=23 world=5 authority=5 entity=2 eventId=31 kind=Jump stage=FirstSendRequested relatedEventId=0 inputTick=5192 pressed=Jump createdAt=104.934000 firstSendRequestedAt=104.934000 firstSendDelayMs=0.000 desiredTick=5192 assignedTick=5192 lastResolvedAtCreate=5184 estimatedHostTickAtCreate=5188 clampReason=None
[rubber-banding][local-input] time=105.469 frame=4533 focused=1 host=0 room=23 world=5 authority=5 entity=2 windowMs=1009.6 updates=80 fixedCalls=51 commands=57 predictionSteps=57 noCommandUpdates=35 estimatedHostTick=5220 nextInputTick=5224 lastRecordedTick=5220 lastResolvedTick=5208 nextLead=4 recordedLead=0 unresolved=12 clamped=22 clampedTotal=2508 batchesSent=1920 commandsSent=10726 sendFailures=0 move=(-1.00,-0.10) jump=0
[rubber-banding][remote-render] time=105.469 frame=4533 entity=1 latestHostTick=5208 buffer=8 windowMs=1009.6 fps=79.2 snapshots=31 arrivalSamples=31 arrivalAvgMs=34.1 arrivalP95Ms=200.6 arrivalMaxMs=259.6 sameArrival=21 tickGapMax=2 renderFrames=80 interpolation=4 extrapolation=76 extrapolationCapped=14 extrapolationMaxMs=241.4 oldestHeld=0 zeroSpan=66 movingFrozen=0 teleport=0 visualStepAvgCm=0.00 visualStepMaxCm=0.00 estimatedHostTick=5220 renderTick=5218.319 latestSnapshotTick=5208.000 renderMinusLatestTicks=10.319 estimatedMinusLatestTicks=12.000 sampleT=6.159
[rubber-banding][remote-render] time=105.469 frame=4533 entity=3 latestHostTick=5208 buffer=8 windowMs=1009.6 fps=79.2 snapshots=31 arrivalSamples=31 arrivalAvgMs=34.1 arrivalP95Ms=200.6 arrivalMaxMs=259.6 sameArrival=21 tickGapMax=2 renderFrames=80 interpolation=4 extrapolation=76 extrapolationCapped=14 extrapolationMaxMs=241.4 oldestHeld=0 zeroSpan=66 movingFrozen=0 teleport=0 visualStepAvgCm=0.00 visualStepMaxCm=0.00 estimatedHostTick=5220 renderTick=5218.319 latestSnapshotTick=5208.000 renderMinusLatestTicks=10.319 estimatedMinusLatestTicks=12.000 sampleT=6.159
[rubber-banding][remote-render] time=105.469 frame=4533 entity=4 latestHostTick=5208 buffer=8 windowMs=1009.6 fps=79.2 snapshots=31 arrivalSamples=31 arrivalAvgMs=34.1 arrivalP95Ms=200.6 arrivalMaxMs=259.6 sameArrival=21 tickGapMax=2 renderFrames=80 interpolation=4 extrapolation=76 extrapolationCapped=14 extrapolationMaxMs=241.4 oldestHeld=0 zeroSpan=66 movingFrozen=0 teleport=0 visualStepAvgCm=0.00 visualStepMaxCm=0.00 estimatedHostTick=5220 renderTick=5218.319 latestSnapshotTick=5208.000 renderMinusLatestTicks=10.319 estimatedMinusLatestTicks=12.000 sampleT=6.159
[rubber-banding][udp-pump] time=105.547 frame=4539 focused=1 windowMs=1009.9 fps=79.2 packets=30 socketAvgMs=33.1 socketP95Ms=192.4 socketMaxMs=195.1 pumpAvgMs=32.8 pumpP95Ms=199.3 pumpMaxMs=200.6 queueDelayAvgMs=5.2 queueDelayP95Ms=11.3 queueDelayMaxMs=11.5 samePump=21 pumpBatchMax=6 queueDepthMax=5 frameMaxMs=14.1
[rubber-banding][guest-reconcile] time=105.673 frame=4549 room=23 world=5 authority=5 entity=2 hostTick=5224 ackTick=5224 lastRecordedTick=5232 replayLatestTick=5232 move=(-98,81) predictedBefore=(2.407, 0.071, -5.757) confirmed=(2.835, 0.702, -5.573) replayed=(2.347, 0.008, -5.785) visualBefore=(2.407, 0.071, -5.757) correction=(-0.060, -0.063, -0.028) distance=0.092 unresolved=8 replayedCount=8 nextVisualOffset=(0.060, 0.063, 0.028) mode=smooth rttMs=25.4 snapshotAgeMs=0.0
[rubber-banding][guest-local-edge] time=105.724 room=23 world=5 authority=5 entity=2 eventId=32 kind=Jump stage=Captured relatedEventId=0 inputTick=0 pressed=None createdAt=-1.000000 firstSendRequestedAt=-1.000000 firstSendDelayMs=-1.000 desiredTick=0 assignedTick=0 lastResolvedAtCreate=0 estimatedHostTickAtCreate=0 clampReason=None
[rubber-banding][guest-local-edge] time=105.725 room=23 world=5 authority=5 entity=2 eventId=32 kind=Jump stage=Attached relatedEventId=0 inputTick=5238 pressed=Jump createdAt=105.722500 firstSendRequestedAt=-1.000000 firstSendDelayMs=-1.000 desiredTick=5238 assignedTick=5238 lastResolvedAtCreate=5232 estimatedHostTickAtCreate=5235 clampReason=None
[rubber-banding][guest-local-edge] time=105.725 room=23 world=5 authority=5 entity=2 eventId=32 kind=Jump stage=FirstSendRequested relatedEventId=0 inputTick=5238 pressed=Jump createdAt=105.722500 firstSendRequestedAt=105.722500 firstSendDelayMs=0.000 desiredTick=5238 assignedTick=5238 lastResolvedAtCreate=5232 estimatedHostTickAtCreate=5235 clampReason=None
[rubber-banding][guest-reconcile] time=106.196 frame=4591 room=23 world=5 authority=5 entity=2 hostTick=5262 ackTick=5262 lastRecordedTick=5266 replayLatestTick=5266 move=(-12,126) predictedBefore=(2.157, 1.089, -3.835) confirmed=(2.158, 1.178, -3.801) replayed=(2.150, 1.178, -3.800) visualBefore=(2.157, 1.089, -3.835) correction=(-0.007, 0.088, 0.034) distance=0.095 unresolved=1 replayedCount=1 nextVisualOffset=(0.007, -0.088, -0.034) mode=smooth rttMs=25.4 snapshotAgeMs=0.0
[rubber-banding][guest-reconcile] time=106.395 frame=4607 room=23 world=5 authority=5 entity=2 hostTick=5264 ackTick=5264 lastRecordedTick=5274 replayLatestTick=5274 move=(-12,126) predictedBefore=(2.040, 1.170, -3.786) confirmed=(2.149, 1.428, -3.702) replayed=(1.935, 1.280, -3.723) visualBefore=(2.040, 1.170, -3.786) correction=(-0.105, 0.110, 0.064) distance=0.165 unresolved=9 replayedCount=9 nextVisualOffset=(0.105, -0.110, -0.064) mode=smooth rttMs=25.4 snapshotAgeMs=0.0
[rubber-banding][guest-reconcile] time=106.395 frame=4607 room=23 world=5 authority=5 entity=2 hostTick=5266 ackTick=5266 lastRecordedTick=5274 replayLatestTick=5274 move=(-12,126) predictedBefore=(1.935, 1.280, -3.723) confirmed=(2.142, 1.511, -3.632) replayed=(1.945, 1.397, -3.667) visualBefore=(1.935, 1.280, -3.723) correction=(0.010, 0.117, 0.056) distance=0.130 unresolved=8 replayedCount=8 nextVisualOffset=(-0.010, -0.117, -0.056) mode=smooth rttMs=25.4 snapshotAgeMs=0.0
[rubber-banding][guest-reconcile] time=106.395 frame=4607 room=23 world=5 authority=5 entity=2 hostTick=5268 ackTick=5268 lastRecordedTick=5274 replayLatestTick=5274 move=(-12,126) predictedBefore=(1.945, 1.397, -3.667) confirmed=(2.135, 1.579, -3.550) replayed=(2.024, 1.635, -3.401) visualBefore=(1.945, 1.397, -3.667) correction=(0.079, 0.238, 0.266) distance=0.366 unresolved=6 replayedCount=6 nextVisualOffset=(-0.079, -0.238, -0.266) mode=smooth rttMs=25.4 snapshotAgeMs=0.0
[rubber-banding][guest-reconcile] time=106.395 frame=4607 room=23 world=5 authority=5 entity=2 hostTick=5272 ackTick=5272 lastRecordedTick=5274 replayLatestTick=5274 move=(-12,126) predictedBefore=(2.024, 1.635, -3.401) confirmed=(2.115, 1.669, -3.345) replayed=(2.103, 1.683, -3.223) visualBefore=(2.024, 1.635, -3.401) correction=(0.080, 0.048, 0.178) distance=0.201 unresolved=2 replayedCount=2 nextVisualOffset=(-0.080, -0.048, -0.178) mode=smooth rttMs=25.4 snapshotAgeMs=0.0
[rubber-banding][local-input] time=106.472 frame=4613 focused=1 host=0 room=23 world=5 authority=5 entity=2 windowMs=1002.5 updates=80 fixedCalls=50 commands=58 predictionSteps=58 noCommandUpdates=36 estimatedHostTick=5280 nextInputTick=5283 lastRecordedTick=5283 lastResolvedTick=5276 nextLead=3 recordedLead=3 unresolved=7 clamped=22 clampedTotal=2530 batchesSent=1951 commandsSent=10931 sendFailures=0 move=(-0.10,1.00) jump=0
[rubber-banding][remote-render] time=106.472 frame=4613 entity=1 latestHostTick=5276 buffer=8 windowMs=1002.5 fps=79.8 snapshots=34 arrivalSamples=34 arrivalAvgMs=33.0 arrivalP95Ms=211.1 arrivalMaxMs=276.7 sameArrival=25 tickGapMax=2 renderFrames=80 interpolation=15 extrapolation=65 extrapolationCapped=10 extrapolationMaxMs=216.7 oldestHeld=0 zeroSpan=78 movingFrozen=0 teleport=0 visualStepAvgCm=0.00 visualStepMaxCm=0.00 estimatedHostTick=5280 renderTick=5276.492 latestSnapshotTick=5276.000 renderMinusLatestTicks=0.492 estimatedMinusLatestTicks=4.000 sampleT=1.246
[rubber-banding][remote-render] time=106.472 frame=4613 entity=3 latestHostTick=5276 buffer=8 windowMs=1002.5 fps=79.8 snapshots=34 arrivalSamples=34 arrivalAvgMs=33.0 arrivalP95Ms=211.1 arrivalMaxMs=276.7 sameArrival=25 tickGapMax=2 renderFrames=80 interpolation=15 extrapolation=65 extrapolationCapped=10 extrapolationMaxMs=216.7 oldestHeld=0 zeroSpan=78 movingFrozen=0 teleport=0 visualStepAvgCm=0.00 visualStepMaxCm=0.00 estimatedHostTick=5280 renderTick=5276.492 latestSnapshotTick=5276.000 renderMinusLatestTicks=0.492 estimatedMinusLatestTicks=4.000 sampleT=1.246
[rubber-banding][remote-render] time=106.472 frame=4613 entity=4 latestHostTick=5276 buffer=8 windowMs=1002.5 fps=79.8 snapshots=34 arrivalSamples=34 arrivalAvgMs=33.0 arrivalP95Ms=211.1 arrivalMaxMs=276.7 sameArrival=25 tickGapMax=2 renderFrames=80 interpolation=15 extrapolation=65 extrapolationCapped=10 extrapolationMaxMs=216.7 oldestHeld=0 zeroSpan=78 movingFrozen=0 teleport=0 visualStepAvgCm=0.00 visualStepMaxCm=0.00 estimatedHostTick=5280 renderTick=5276.492 latestSnapshotTick=5276.000 renderMinusLatestTicks=0.492 estimatedMinusLatestTicks=4.000 sampleT=1.246
[rubber-banding][udp-pump] time=106.556 frame=4620 focused=1 windowMs=1008.5 fps=80.3 packets=28 socketAvgMs=32.7 socketP95Ms=210.6 socketMaxMs=273.7 pumpAvgMs=33.0 pumpP95Ms=211.1 pumpMaxMs=276.7 queueDelayAvgMs=5.5 queueDelayP95Ms=10.8 queueDelayMaxMs=11.5 samePump=20 pumpBatchMax=5 queueDepthMax=5 frameMaxMs=14.6
[rubber-banding][guest-local-edge] time=106.732 room=23 world=5 authority=5 entity=2 eventId=33 kind=Jump stage=Captured relatedEventId=0 inputTick=0 pressed=None createdAt=-1.000000 firstSendRequestedAt=-1.000000 firstSendDelayMs=-1.000 desiredTick=0 assignedTick=0 lastResolvedAtCreate=0 estimatedHostTickAtCreate=0 clampReason=None
[rubber-banding][guest-reconcile] time=106.840 frame=4643 room=23 world=5 authority=5 entity=2 hostTick=5296 ackTick=5296 lastRecordedTick=5300 replayLatestTick=5300 move=(81,98) predictedBefore=(2.017, 0.171, -1.764) confirmed=(2.017, 0.171, -1.764) replayed=(2.030, 0.008, -1.631) visualBefore=(2.017, 0.171, -1.764) correction=(0.014, -0.163, 0.133) distance=0.210 unresolved=2 replayedCount=2 nextVisualOffset=(-0.014, 0.163, -0.133) mode=smooth rttMs=144.0 snapshotAgeMs=0.0
[rubber-banding][guest-reconcile] time=106.840 frame=4643 room=23 world=5 authority=5 entity=2 hostTick=5298 ackTick=5298 lastRecordedTick=5300 replayLatestTick=5300 move=(81,98) predictedBefore=(2.030, 0.008, -1.631) confirmed=(2.027, 0.008, -1.631) replayed=(2.112, 0.008, -1.528) visualBefore=(2.030, 0.008, -1.631) correction=(0.081, 0.000, 0.103) distance=0.131 unresolved=2 replayedCount=2 nextVisualOffset=(-0.081, 0.000, -0.103) mode=smooth rttMs=144.0 snapshotAgeMs=0.0
[rubber-banding][guest-local-edge] time=106.841 room=23 world=5 authority=5 entity=2 eventId=33 kind=Jump stage=Attached relatedEventId=0 inputTick=5312 pressed=Jump createdAt=106.839500 firstSendRequestedAt=-1.000000 firstSendDelayMs=-1.000 desiredTick=5312 assignedTick=5312 lastResolvedAtCreate=5300 estimatedHostTickAtCreate=5305 clampReason=None
[rubber-banding][guest-local-edge] time=106.841 room=23 world=5 authority=5 entity=2 eventId=33 kind=Jump stage=FirstSendRequested relatedEventId=0 inputTick=5312 pressed=Jump createdAt=106.839500 firstSendRequestedAt=106.839500 firstSendDelayMs=0.000 desiredTick=5312 assignedTick=5312 lastResolvedAtCreate=5300 estimatedHostTickAtCreate=5305 clampReason=None
[rubber-banding][guest-reconcile] time=107.094 frame=4664 room=23 world=5 authority=5 entity=2 hostTick=5308 ackTick=5308 lastRecordedTick=5314 replayLatestTick=5314 move=(81,98) predictedBefore=(2.349, 0.321, -1.241) confirmed=(2.303, 0.008, -1.297) replayed=(2.313, 0.321, -1.284) visualBefore=(2.349, 0.321, -1.241) correction=(-0.035, 0.000, -0.043) distance=0.056 unresolved=3 replayedCount=3 nextVisualOffset=(0.035, 0.000, 0.043) mode=smooth rttMs=144.0 snapshotAgeMs=0.0
[rubber-banding][guest-reconcile] time=107.094 frame=4664 room=23 world=5 authority=5 entity=2 hostTick=5316 ackTick=5316 lastRecordedTick=5314 replayLatestTick=0 move=(0,0) predictedBefore=(2.313, 0.321, -1.284) confirmed=(2.328, 0.502, -1.267) replayed=(2.328, 0.502, -1.267) visualBefore=(2.313, 0.321, -1.284) correction=(0.014, 0.181, 0.017) distance=0.182 unresolved=0 replayedCount=0 nextVisualOffset=(-0.014, -0.181, -0.017) mode=smooth rttMs=144.0 snapshotAgeMs=0.0
[rubber-banding][guest-reconcile] time=107.325 frame=4683 room=23 world=5 authority=5 entity=2 hostTick=5320 ackTick=5320 lastRecordedTick=5330 replayLatestTick=5330 move=(81,98) predictedBefore=(2.388, 0.912, -1.193) confirmed=(2.363, 0.797, -1.224) replayed=(2.403, 0.960, -1.175) visualBefore=(2.388, 0.912, -1.193) correction=(0.015, 0.049, 0.018) distance=0.054 unresolved=3 replayedCount=3 nextVisualOffset=(-0.015, -0.049, -0.018) mode=smooth rttMs=144.0 snapshotAgeMs=0.0
[rubber-banding][guest-reconcile] time=107.325 frame=4683 room=23 world=5 authority=5 entity=2 hostTick=5322 ackTick=5322 lastRecordedTick=5330 replayLatestTick=5330 move=(81,98) predictedBefore=(2.403, 0.960, -1.175) confirmed=(2.387, 0.912, -1.195) replayed=(2.432, 1.041, -1.141) visualBefore=(2.403, 0.960, -1.175) correction=(0.028, 0.081, 0.034) distance=0.092 unresolved=3 replayedCount=3 nextVisualOffset=(-0.028, -0.081, -0.034) mode=smooth rttMs=144.0 snapshotAgeMs=0.0
[rubber-banding][guest-reconcile] time=107.325 frame=4683 room=23 world=5 authority=5 entity=2 hostTick=5324 ackTick=5324 lastRecordedTick=5330 replayLatestTick=5330 move=(81,98) predictedBefore=(2.432, 1.041, -1.141) confirmed=(2.411, 1.004, -1.166) replayed=(2.456, 1.100, -1.112) visualBefore=(2.432, 1.041, -1.141) correction=(0.024, 0.059, 0.029) distance=0.070 unresolved=3 replayedCount=3 nextVisualOffset=(-0.024, -0.059, -0.029) mode=smooth rttMs=144.0 snapshotAgeMs=0.0
[rubber-banding][guest-reconcile] time=107.325 frame=4683 room=23 world=5 authority=5 entity=2 hostTick=5326 ackTick=5326 lastRecordedTick=5330 replayLatestTick=5330 move=(81,98) predictedBefore=(2.456, 1.100, -1.112) confirmed=(2.435, 1.073, -1.137) replayed=(2.480, 1.136, -1.083) visualBefore=(2.456, 1.100, -1.112) correction=(0.024, 0.036, 0.029) distance=0.053 unresolved=3 replayedCount=3 nextVisualOffset=(-0.024, -0.036, -0.029) mode=smooth rttMs=144.0 snapshotAgeMs=0.0
[rubber-banding][guest-reconcile] time=107.325 frame=4683 room=23 world=5 authority=5 entity=2 hostTick=5328 ackTick=5328 lastRecordedTick=5330 replayLatestTick=5330 move=(81,98) predictedBefore=(2.480, 1.136, -1.083) confirmed=(2.461, 1.121, -1.106) replayed=(2.492, 1.146, -1.068) visualBefore=(2.480, 1.136, -1.083) correction=(0.012, 0.010, 0.015) distance=0.021 unresolved=2 replayedCount=2 nextVisualOffset=(-0.012, -0.010, -0.015) mode=smooth rttMs=144.0 snapshotAgeMs=0.0
[rubber-banding][local-input] time=107.474 frame=4695 focused=1 host=0 room=23 world=5 authority=5 entity=2 windowMs=1001.9 updates=82 fixedCalls=50 commands=33 predictionSteps=33 noCommandUpdates=64 estimatedHostTick=5343 nextInputTick=5350 lastRecordedTick=5344 lastResolvedTick=5332 nextLead=7 recordedLead=1 unresolved=6 clamped=58 clampedTotal=2588 batchesSent=1981 commandsSent=11094 sendFailures=0 move=(0.77,-0.63) jump=0
[rubber-banding][remote-render] time=107.474 frame=4695 entity=1 latestHostTick=5332 buffer=8 windowMs=1001.9 fps=81.8 snapshots=28 arrivalSamples=28 arrivalAvgMs=33.3 arrivalP95Ms=223.8 arrivalMaxMs=242.5 sameArrival=20 tickGapMax=2 renderFrames=82 interpolation=19 extrapolation=63 extrapolationCapped=8 extrapolationMaxMs=192.5 oldestHeld=0 zeroSpan=30 movingFrozen=0 teleport=0 visualStepAvgCm=0.00 visualStepMaxCm=0.00 estimatedHostTick=5343 renderTick=5337.707 latestSnapshotTick=5332.000 renderMinusLatestTicks=5.707 estimatedMinusLatestTicks=11.000 sampleT=3.854
[rubber-banding][remote-render] time=107.474 frame=4695 entity=3 latestHostTick=5332 buffer=8 windowMs=1001.9 fps=81.8 snapshots=28 arrivalSamples=28 arrivalAvgMs=33.3 arrivalP95Ms=223.8 arrivalMaxMs=242.5 sameArrival=20 tickGapMax=2 renderFrames=82 interpolation=19 extrapolation=63 extrapolationCapped=8 extrapolationMaxMs=192.5 oldestHeld=0 zeroSpan=30 movingFrozen=0 teleport=0 visualStepAvgCm=0.00 visualStepMaxCm=0.00 estimatedHostTick=5343 renderTick=5337.707 latestSnapshotTick=5332.000 renderMinusLatestTicks=5.707 estimatedMinusLatestTicks=11.000 sampleT=3.854
[rubber-banding][remote-render] time=107.474 frame=4695 entity=4 latestHostTick=5332 buffer=8 windowMs=1001.9 fps=81.8 snapshots=28 arrivalSamples=28 arrivalAvgMs=33.3 arrivalP95Ms=223.8 arrivalMaxMs=242.5 sameArrival=20 tickGapMax=2 renderFrames=82 interpolation=19 extrapolation=63 extrapolationCapped=8 extrapolationMaxMs=192.5 oldestHeld=0 zeroSpan=30 movingFrozen=0 teleport=0 visualStepAvgCm=0.00 visualStepMaxCm=0.00 estimatedHostTick=5343 renderTick=5337.707 latestSnapshotTick=5332.000 renderMinusLatestTicks=5.707 estimatedMinusLatestTicks=11.000 sampleT=3.854
[rubber-banding][udp-pump] time=107.557 frame=4702 focused=1 windowMs=1001.2 fps=81.9 packets=28 socketAvgMs=33.2 socketP95Ms=224.7 socketMaxMs=245.6 pumpAvgMs=33.3 pumpP95Ms=223.8 pumpMaxMs=242.5 queueDelayAvgMs=5.1 queueDelayP95Ms=12.2 queueDelayMaxMs=12.3 samePump=20 pumpBatchMax=7 queueDepthMax=6 frameMaxMs=16.1
[rubber-banding][guest-reconcile] time=107.570 frame=4703 room=23 world=5 authority=5 entity=2 hostTick=5334 ackTick=5334 lastRecordedTick=5344 replayLatestTick=5344 move=(98,-81) predictedBefore=(2.676, 1.026, -0.863) confirmed=(2.571, 1.130, -0.972) replayed=(2.705, 0.986, -0.828) visualBefore=(2.676, 1.026, -0.863) correction=(0.029, -0.040, 0.035) distance=0.061 unresolved=5 replayedCount=5 nextVisualOffset=(-0.029, 0.040, -0.035) mode=smooth rttMs=144.0 snapshotAgeMs=0.0
[rubber-banding][guest-reconcile] time=107.570 frame=4703 room=23 world=5 authority=5 entity=2 hostTick=5336 ackTick=5336 lastRecordedTick=5344 replayLatestTick=5344 move=(98,-81) predictedBefore=(2.705, 0.986, -0.828) confirmed=(2.618, 1.089, -0.916) replayed=(2.759, 0.889, -0.763) visualBefore=(2.705, 0.986, -0.828) correction=(0.054, -0.097, 0.065) distance=0.128 unresolved=5 replayedCount=5 nextVisualOffset=(-0.054, 0.097, -0.065) mode=smooth rttMs=144.0 snapshotAgeMs=0.0
[rubber-banding][guest-reconcile] time=107.570 frame=4703 room=23 world=5 authority=5 entity=2 hostTick=5338 ackTick=5338 lastRecordedTick=5344 replayLatestTick=5344 move=(98,-81) predictedBefore=(2.759, 0.889, -0.763) confirmed=(2.664, 1.026, -0.859) replayed=(2.806, 0.770, -0.706) visualBefore=(2.759, 0.889, -0.763) correction=(0.047, -0.119, 0.057) distance=0.140 unresolved=5 replayedCount=5 nextVisualOffset=(-0.047, 0.119, -0.057) mode=smooth rttMs=144.0 snapshotAgeMs=0.0
[rubber-banding][guest-reconcile] time=107.570 frame=4703 room=23 world=5 authority=5 entity=2 hostTick=5340 ackTick=5340 lastRecordedTick=5344 replayLatestTick=5344 move=(98,-81) predictedBefore=(2.806, 0.770, -0.706) confirmed=(2.713, 0.940, -0.801) replayed=(2.829, 0.702, -0.678) visualBefore=(2.806, 0.770, -0.706) correction=(0.023, -0.068, 0.028) distance=0.077 unresolved=4 replayedCount=4 nextVisualOffset=(-0.023, 0.068, -0.028) mode=smooth rttMs=144.0 snapshotAgeMs=0.0
[rubber-banding][guest-reconcile] time=107.570 frame=4703 room=23 world=5 authority=5 entity=2 hostTick=5346 ackTick=5346 lastRecordedTick=5344 replayLatestTick=0 move=(0,0) predictedBefore=(2.829, 0.702, -0.678) confirmed=(2.898, 0.549, -0.624) replayed=(2.898, 0.549, -0.624) visualBefore=(2.829, 0.702, -0.678) correction=(0.069, -0.152, 0.054) distance=0.176 unresolved=0 replayedCount=0 nextVisualOffset=(-0.069, 0.152, -0.054) mode=smooth rttMs=144.0 snapshotAgeMs=0.0
[rubber-banding][guest-reconcile] time=107.816 frame=4723 room=23 world=5 authority=5 entity=2 hostTick=5350 ackTick=5350 lastRecordedTick=5358 replayLatestTick=5358 move=(98,-81) predictedBefore=(3.274, 0.008, -0.603) confirmed=(3.056, 0.178, -0.533) replayed=(3.322, 0.008, -0.642) visualBefore=(3.274, 0.008, -0.603) correction=(0.048, 0.000, -0.040) distance=0.062 unresolved=6 replayedCount=6 nextVisualOffset=(-0.048, 0.000, 0.040) mode=smooth rttMs=96.7 snapshotAgeMs=0.0
[rubber-banding][guest-reconcile] time=107.816 frame=4723 room=23 world=5 authority=5 entity=2 hostTick=5352 ackTick=5352 lastRecordedTick=5358 replayLatestTick=5358 move=(98,-81) predictedBefore=(3.322, 0.008, -0.642) confirmed=(3.144, 0.008, -0.495) replayed=(3.418, 0.008, -0.722) visualBefore=(3.322, 0.008, -0.642) correction=(0.096, 0.000, -0.079) distance=0.125 unresolved=6 replayedCount=6 nextVisualOffset=(-0.096, 0.000, 0.079) mode=smooth rttMs=96.7 snapshotAgeMs=0.0
[rubber-banding][guest-reconcile] time=107.816 frame=4723 room=23 world=5 authority=5 entity=2 hostTick=5360 ackTick=5360 lastRecordedTick=5358 replayLatestTick=0 move=(0,0) predictedBefore=(3.418, 0.008, -0.722) confirmed=(3.521, 0.008, -0.807) replayed=(3.521, 0.008, -0.807) visualBefore=(3.418, 0.008, -0.722) correction=(0.103, 0.000, -0.085) distance=0.133 unresolved=0 replayedCount=0 nextVisualOffset=(-0.103, 0.000, 0.085) mode=smooth rttMs=96.7 snapshotAgeMs=0.0
[rubber-banding][guest-local-edge] time=107.951 room=23 world=5 authority=5 entity=2 eventId=34 kind=Jump stage=Captured relatedEventId=0 inputTick=0 pressed=None createdAt=-1.000000 firstSendRequestedAt=-1.000000 firstSendDelayMs=-1.000 desiredTick=0 assignedTick=0 lastResolvedAtCreate=0 estimatedHostTickAtCreate=0 clampReason=None
[rubber-banding][guest-reconcile] time=108.062 frame=4743 room=23 world=5 authority=5 entity=2 hostTick=5362 ackTick=5362 lastRecordedTick=5372 replayLatestTick=5372 move=(12,-126) predictedBefore=(3.842, 0.008, -1.194) confirmed=(3.609, 0.008, -0.880) replayed=(3.823, 0.008, -1.178) visualBefore=(3.842, 0.008, -1.194) correction=(-0.019, 0.000, 0.016) distance=0.024 unresolved=6 replayedCount=6 nextVisualOffset=(0.019, 0.000, -0.016) mode=smooth rttMs=96.7 snapshotAgeMs=0.0
[rubber-banding][guest-reconcile] time=108.062 frame=4743 room=23 world=5 authority=5 entity=2 hostTick=5364 ackTick=5364 lastRecordedTick=5372 replayLatestTick=5372 move=(12,-126) predictedBefore=(3.823, 0.008, -1.178) confirmed=(3.707, 0.008, -0.961) replayed=(3.874, 0.008, -1.221) visualBefore=(3.823, 0.008, -1.178) correction=(0.051, 0.000, -0.042) distance=0.067 unresolved=5 replayedCount=5 nextVisualOffset=(-0.051, 0.000, 0.042) mode=smooth rttMs=96.7 snapshotAgeMs=0.0
[rubber-banding][guest-reconcile] time=108.062 frame=4743 room=23 world=5 authority=5 entity=2 hostTick=5366 ackTick=5366 lastRecordedTick=5372 replayLatestTick=5372 move=(12,-126) predictedBefore=(3.874, 0.008, -1.221) confirmed=(3.802, 0.008, -1.039) replayed=(3.958, 0.008, -1.290) visualBefore=(3.874, 0.008, -1.221) correction=(0.084, 0.000, -0.069) distance=0.109 unresolved=5 replayedCount=5 nextVisualOffset=(-0.084, 0.000, 0.069) mode=smooth rttMs=96.7 snapshotAgeMs=0.0
[rubber-banding][guest-reconcile] time=108.062 frame=4743 room=23 world=5 authority=5 entity=2 hostTick=5374 ackTick=5374 lastRecordedTick=5372 replayLatestTick=0 move=(0,0) predictedBefore=(3.965, 0.008, -1.283) confirmed=(3.978, 0.008, -1.413) replayed=(3.978, 0.008, -1.413) visualBefore=(3.965, 0.008, -1.283) correction=(0.012, 0.000, -0.130) distance=0.131 unresolved=0 replayedCount=0 nextVisualOffset=(-0.012, 0.000, 0.130) mode=smooth rttMs=96.7 snapshotAgeMs=0.0
[rubber-banding][guest-reconcile] time=108.062 frame=4743 room=23 world=5 authority=5 entity=2 hostTick=5376 ackTick=5376 lastRecordedTick=5372 replayLatestTick=0 move=(0,0) predictedBefore=(3.978, 0.008, -1.413) confirmed=(3.987, 0.008, -1.513) replayed=(3.987, 0.008, -1.513) visualBefore=(3.978, 0.008, -1.413) correction=(0.009, 0.000, -0.099) distance=0.100 unresolved=0 replayedCount=0 nextVisualOffset=(-0.009, 0.000, 0.099) mode=smooth rttMs=96.7 snapshotAgeMs=0.0
[rubber-banding][guest-local-edge] time=108.064 room=23 world=5 authority=5 entity=2 eventId=34 kind=Jump stage=Attached relatedEventId=0 inputTick=5383 pressed=Jump createdAt=108.062100 firstSendRequestedAt=-1.000000 firstSendDelayMs=-1.000 desiredTick=5383 assignedTick=5383 lastResolvedAtCreate=5376 estimatedHostTickAtCreate=5378 clampReason=None
[rubber-banding][guest-local-edge] time=108.065 room=23 world=5 authority=5 entity=2 eventId=34 kind=Jump stage=FirstSendRequested relatedEventId=0 inputTick=5383 pressed=Jump createdAt=108.062100 firstSendRequestedAt=108.062100 firstSendDelayMs=0.000 desiredTick=5383 assignedTick=5383 lastResolvedAtCreate=5376 estimatedHostTickAtCreate=5378 clampReason=None
[rubber-banding][guest-reconcile] time=108.334 frame=4764 room=23 world=5 authority=5 entity=2 hostTick=5380 ackTick=5380 lastRecordedTick=5388 replayLatestTick=5388 move=(-81,-98) predictedBefore=(3.650, 0.584, -1.921) confirmed=(3.853, 0.008, -1.675) replayed=(3.605, 0.584, -1.975) visualBefore=(3.650, 0.584, -1.921) correction=(-0.045, 0.000, -0.054) distance=0.070 unresolved=6 replayedCount=6 nextVisualOffset=(0.045, 0.000, 0.054) mode=smooth rttMs=96.7 snapshotAgeMs=0.0
[rubber-banding][guest-reconcile] time=108.334 frame=4764 room=23 world=5 authority=5 entity=2 hostTick=5382 ackTick=5382 lastRecordedTick=5388 replayLatestTick=5388 move=(-81,-98) predictedBefore=(3.605, 0.584, -1.975) confirmed=(3.783, 0.008, -1.760) replayed=(3.559, 0.584, -2.031) visualBefore=(3.605, 0.584, -1.975) correction=(-0.047, 0.000, -0.057) distance=0.073 unresolved=6 replayedCount=6 nextVisualOffset=(0.047, 0.000, 0.057) mode=smooth rttMs=96.7 snapshotAgeMs=0.0
[rubber-banding][guest-reconcile] time=108.346 frame=4765 room=23 world=5 authority=5 entity=2 hostTick=5392 ackTick=5392 lastRecordedTick=5398 replayLatestTick=5398 move=(-81,-98) predictedBefore=(3.389, 0.857, -2.237) confirmed=(3.389, 0.857, -2.237) replayed=(3.346, 0.912, -2.288) visualBefore=(3.389, 0.857, -2.237) correction=(-0.042, 0.054, -0.051) distance=0.086 unresolved=1 replayedCount=1 nextVisualOffset=(0.042, -0.054, 0.051) mode=smooth rttMs=96.7 snapshotAgeMs=0.0
[rubber-banding][local-input] time=108.474 frame=4775 focused=1 host=0 room=23 world=5 authority=5 entity=2 windowMs=1000.8 updates=80 fixedCalls=50 commands=36 predictionSteps=36 noCommandUpdates=57 estimatedHostTick=5403 nextInputTick=5408 lastRecordedTick=5404 lastResolvedTick=5392 nextLead=5 recordedLead=1 unresolved=7 clamped=54 clampedTotal=2642 batchesSent=2012 commandsSent=11312 sendFailures=0 move=(-0.63,-0.77) jump=0
[rubber-banding][remote-render] time=108.474 frame=4775 entity=1 latestHostTick=5392 buffer=8 windowMs=1000.8 fps=79.9 snapshots=30 arrivalSamples=30 arrivalAvgMs=33.6 arrivalP95Ms=246.5 arrivalMaxMs=271.6 sameArrival=25 tickGapMax=2 renderFrames=80 interpolation=14 extrapolation=66 extrapolationCapped=17 extrapolationMaxMs=210.1 oldestHeld=0 zeroSpan=80 movingFrozen=0 teleport=0 visualStepAvgCm=0.00 visualStepMaxCm=0.00 estimatedHostTick=5403 renderTick=5397.806 latestSnapshotTick=5392.000 renderMinusLatestTicks=5.806 estimatedMinusLatestTicks=11.000 sampleT=3.903
[rubber-banding][remote-render] time=108.474 frame=4775 entity=3 latestHostTick=5392 buffer=8 windowMs=1000.8 fps=79.9 snapshots=30 arrivalSamples=30 arrivalAvgMs=33.6 arrivalP95Ms=246.5 arrivalMaxMs=271.6 sameArrival=25 tickGapMax=2 renderFrames=80 interpolation=14 extrapolation=66 extrapolationCapped=17 extrapolationMaxMs=210.1 oldestHeld=0 zeroSpan=80 movingFrozen=0 teleport=0 visualStepAvgCm=0.00 visualStepMaxCm=0.00 estimatedHostTick=5403 renderTick=5397.806 latestSnapshotTick=5392.000 renderMinusLatestTicks=5.806 estimatedMinusLatestTicks=11.000 sampleT=3.903
[rubber-banding][remote-render] time=108.474 frame=4775 entity=4 latestHostTick=5392 buffer=8 windowMs=1000.8 fps=79.9 snapshots=30 arrivalSamples=30 arrivalAvgMs=33.6 arrivalP95Ms=246.5 arrivalMaxMs=271.6 sameArrival=25 tickGapMax=2 renderFrames=80 interpolation=14 extrapolation=66 extrapolationCapped=17 extrapolationMaxMs=210.1 oldestHeld=0 zeroSpan=80 movingFrozen=0 teleport=0 visualStepAvgCm=0.00 visualStepMaxCm=0.00 estimatedHostTick=5403 renderTick=5397.806 latestSnapshotTick=5392.000 renderMinusLatestTicks=5.806 estimatedMinusLatestTicks=11.000 sampleT=3.903
[rubber-banding][udp-pump] time=108.567 frame=4783 focused=1 windowMs=1010.2 fps=80.2 packets=30 socketAvgMs=33.6 socketP95Ms=238.1 socketMaxMs=265.3 pumpAvgMs=33.6 pumpP95Ms=246.5 pumpMaxMs=271.6 queueDelayAvgMs=4.0 queueDelayP95Ms=10.0 queueDelayMaxMs=11.6 samePump=25 pumpBatchMax=8 queueDepthMax=8 frameMaxMs=13.8
[rubber-banding][guest-reconcile] time=108.602 frame=4786 room=23 world=5 authority=5 entity=2 hostTick=5394 ackTick=5394 lastRecordedTick=5404 replayLatestTick=5404 move=(-81,-98) predictedBefore=(3.092, 1.121, -2.596) confirmed=(3.304, 0.960, -2.339) replayed=(3.007, 1.146, -2.699) visualBefore=(3.092, 1.121, -2.596) correction=(-0.085, 0.025, -0.103) distance=0.136 unresolved=7 replayedCount=7 nextVisualOffset=(0.085, -0.025, 0.103) mode=smooth rttMs=96.7 snapshotAgeMs=0.0
[rubber-banding][guest-reconcile] time=108.602 frame=4786 room=23 world=5 authority=5 entity=2 hostTick=5396 ackTick=5396 lastRecordedTick=5404 replayLatestTick=5404 move=(-81,-98) predictedBefore=(3.007, 1.146, -2.699) confirmed=(3.219, 1.041, -2.442) replayed=(2.922, 1.150, -2.802) visualBefore=(3.007, 1.146, -2.699) correction=(-0.085, 0.003, -0.103) distance=0.133 unresolved=7 replayedCount=7 nextVisualOffset=(0.085, -0.003, 0.103) mode=smooth rttMs=96.7 snapshotAgeMs=0.0
[rubber-banding][guest-reconcile] time=108.602 frame=4786 room=23 world=5 authority=5 entity=2 hostTick=5398 ackTick=5398 lastRecordedTick=5404 replayLatestTick=5404 move=(-81,-98) predictedBefore=(2.922, 1.150, -2.802) confirmed=(3.134, 1.100, -2.545) replayed=(2.879, 1.143, -2.853) visualBefore=(2.922, 1.150, -2.802) correction=(-0.042, -0.007, -0.051) distance=0.067 unresolved=6 replayedCount=6 nextVisualOffset=(0.042, 0.007, 0.051) mode=smooth rttMs=96.7 snapshotAgeMs=0.0
[rubber-banding][guest-reconcile] time=108.602 frame=4786 room=23 world=5 authority=5 entity=2 hostTick=5406 ackTick=5406 lastRecordedTick=5404 replayLatestTick=0 move=(0,0) predictedBefore=(2.879, 1.143, -2.853) confirmed=(2.794, 1.113, -2.956) replayed=(2.794, 1.113, -2.956) visualBefore=(2.879, 1.143, -2.853) correction=(-0.085, -0.030, -0.103) distance=0.137 unresolved=0 replayedCount=0 nextVisualOffset=(0.085, 0.030, 0.103) mode=smooth rttMs=96.7 snapshotAgeMs=0.0
[rubber-banding][guest-reconcile] time=108.602 frame=4786 room=23 world=5 authority=5 entity=2 hostTick=5408 ackTick=5408 lastRecordedTick=5404 replayLatestTick=0 move=(0,0) predictedBefore=(2.794, 1.113, -2.956) confirmed=(2.709, 1.321, -3.059) replayed=(2.709, 1.321, -3.059) visualBefore=(2.794, 1.113, -2.956) correction=(-0.085, 0.208, -0.103) distance=0.247 unresolved=0 replayedCount=0 nextVisualOffset=(0.085, -0.208, 0.103) mode=smooth rttMs=96.7 snapshotAgeMs=0.0
[rubber-banding][guest-reconcile] time=108.865 frame=4808 room=23 world=5 authority=5 entity=2 hostTick=5410 ackTick=5410 lastRecordedTick=5420 replayLatestTick=5420 move=(-81,-98) predictedBefore=(2.696, 1.301, -3.418) confirmed=(2.624, 1.485, -3.162) replayed=(2.619, 1.419, -3.441) visualBefore=(2.696, 1.301, -3.418) correction=(-0.077, 0.118, -0.024) distance=0.143 unresolved=5 replayedCount=5 nextVisualOffset=(0.077, -0.118, 0.024) mode=smooth rttMs=127.8 snapshotAgeMs=0.0
[rubber-banding][guest-reconcile] time=108.865 frame=4808 room=23 world=5 authority=5 entity=2 hostTick=5412 ackTick=5412 lastRecordedTick=5420 replayLatestTick=5420 move=(-81,-98) predictedBefore=(2.619, 1.419, -3.441) confirmed=(2.539, 1.563, -3.264) replayed=(2.369, 1.592, -3.470) visualBefore=(2.619, 1.419, -3.441) correction=(-0.250, 0.173, -0.029) distance=0.305 unresolved=4 replayedCount=4 nextVisualOffset=(0.250, -0.173, 0.029) mode=smooth rttMs=127.8 snapshotAgeMs=0.0
[rubber-banding][guest-reconcile] time=108.865 frame=4808 room=23 world=5 authority=5 entity=2 hostTick=5414 ackTick=5414 lastRecordedTick=5420 replayLatestTick=5420 move=(-81,-98) predictedBefore=(2.369, 1.592, -3.470) confirmed=(2.462, 1.594, -3.359) replayed=(2.300, 1.562, -3.554) visualBefore=(2.369, 1.592, -3.470) correction=(-0.069, -0.030, -0.084) distance=0.113 unresolved=4 replayedCount=4 nextVisualOffset=(0.069, 0.030, 0.084) mode=smooth rttMs=127.8 snapshotAgeMs=0.0
[rubber-banding][guest-reconcile] time=108.876 frame=4809 room=23 world=5 authority=5 entity=2 hostTick=5424 ackTick=5424 lastRecordedTick=5430 replayLatestTick=5430 move=(-81,-98) predictedBefore=(2.167, 1.427, -3.720) confirmed=(2.166, 1.430, -3.716) replayed=(2.127, 1.380, -3.763) visualBefore=(2.167, 1.427, -3.720) correction=(-0.040, -0.047, -0.042) distance=0.075 unresolved=1 replayedCount=1 nextVisualOffset=(0.040, 0.047, 0.042) mode=smooth rttMs=127.8 snapshotAgeMs=0.0
[rubber-banding][guest-reconcile] time=109.129 frame=4830 room=23 world=5 authority=5 entity=2 hostTick=5426 ackTick=5426 lastRecordedTick=5436 replayLatestTick=5436 move=(-81,-98) predictedBefore=(1.875, 0.963, -4.068) confirmed=(2.088, 1.324, -3.810) replayed=(1.794, 0.780, -4.166) visualBefore=(1.875, 0.963, -4.068) correction=(-0.081, -0.183, -0.098) distance=0.223 unresolved=7 replayedCount=7 nextVisualOffset=(0.081, 0.183, 0.098) mode=smooth rttMs=127.8 snapshotAgeMs=0.0
[rubber-banding][guest-reconcile] time=109.129 frame=4830 room=23 world=5 authority=5 entity=2 hostTick=5428 ackTick=5428 lastRecordedTick=5436 replayLatestTick=5436 move=(-81,-98) predictedBefore=(1.794, 0.780, -4.166) confirmed=(2.011, 1.196, -3.904) replayed=(1.716, 0.574, -4.260) visualBefore=(1.794, 0.780, -4.166) correction=(-0.078, -0.206, -0.094) distance=0.239 unresolved=7 replayedCount=7 nextVisualOffset=(0.078, 0.206, 0.094) mode=smooth rttMs=127.8 snapshotAgeMs=0.0
[rubber-banding][guest-reconcile] time=109.129 frame=4830 room=23 world=5 authority=5 entity=2 hostTick=5430 ackTick=5430 lastRecordedTick=5436 replayLatestTick=5436 move=(-81,-98) predictedBefore=(1.716, 0.574, -4.260) confirmed=(1.931, 1.046, -4.000) replayed=(1.677, 0.463, -4.307) visualBefore=(1.716, 0.574, -4.260) correction=(-0.039, -0.111, -0.047) distance=0.127 unresolved=6 replayedCount=6 nextVisualOffset=(0.039, 0.111, 0.047) mode=smooth rttMs=127.8 snapshotAgeMs=0.0
[rubber-banding][guest-reconcile] time=109.140 frame=4831 room=23 world=5 authority=5 entity=2 hostTick=5440 ackTick=5440 lastRecordedTick=5448 replayLatestTick=5448 move=(12,-126) predictedBefore=(1.511, 0.008, -4.516) confirmed=(1.507, 0.008, -4.513) replayed=(1.514, 0.008, -4.579) visualBefore=(1.511, 0.008, -4.516) correction=(0.003, 0.000, -0.063) distance=0.063 unresolved=1 replayedCount=1 nextVisualOffset=(-0.003, 0.000, 0.063) mode=smooth rttMs=127.8 snapshotAgeMs=0.0
[rubber-banding][guest-local-edge] time=109.268 room=23 world=5 authority=5 entity=2 eventId=35 kind=Jump stage=Captured relatedEventId=0 inputTick=0 pressed=None createdAt=-1.000000 firstSendRequestedAt=-1.000000 firstSendDelayMs=-1.000 desiredTick=0 assignedTick=0 lastResolvedAtCreate=0 estimatedHostTickAtCreate=0 clampReason=None
[rubber-banding][guest-reconcile] time=109.388 frame=4851 room=23 world=5 authority=5 entity=2 hostTick=5442 ackTick=5442 lastRecordedTick=5452 replayLatestTick=5452 move=(12,-126) predictedBefore=(1.539, 0.008, -4.844) confirmed=(1.444, 0.008, -4.590) replayed=(1.469, 0.008, -4.861) visualBefore=(1.539, 0.008, -4.844) correction=(-0.069, 0.000, -0.017) distance=0.072 unresolved=5 replayedCount=5 nextVisualOffset=(0.069, 0.000, 0.017) mode=smooth rttMs=127.8 snapshotAgeMs=0.0
[rubber-banding][guest-reconcile] time=109.388 frame=4851 room=23 world=5 authority=5 entity=2 hostTick=5444 ackTick=5444 lastRecordedTick=5452 replayLatestTick=5452 move=(12,-126) predictedBefore=(1.469, 0.008, -4.861) confirmed=(1.408, 0.008, -4.633) replayed=(1.423, 0.008, -4.793) visualBefore=(1.469, 0.008, -4.861) correction=(-0.046, 0.000, 0.068) distance=0.082 unresolved=5 replayedCount=5 nextVisualOffset=(0.046, 0.000, -0.068) mode=smooth rttMs=127.8 snapshotAgeMs=0.0
[rubber-banding][guest-reconcile] time=109.388 frame=4851 room=23 world=5 authority=5 entity=2 hostTick=5446 ackTick=5446 lastRecordedTick=5452 replayLatestTick=5452 move=(12,-126) predictedBefore=(1.423, 0.008, -4.793) confirmed=(1.401, 0.008, -4.641) replayed=(1.406, 0.008, -4.691) visualBefore=(1.423, 0.008, -4.793) correction=(-0.018, 0.000, 0.102) distance=0.104 unresolved=5 replayedCount=5 nextVisualOffset=(0.018, 0.000, -0.102) mode=smooth rttMs=127.8 snapshotAgeMs=0.0
[rubber-banding][guest-local-edge] time=109.391 room=23 world=5 authority=5 entity=2 eventId=35 kind=Jump stage=Attached relatedEventId=0 inputTick=5460 pressed=Jump createdAt=109.387800 firstSendRequestedAt=-1.000000 firstSendDelayMs=-1.000 desiredTick=5465 assignedTick=5460 lastResolvedAtCreate=5448 estimatedHostTickAtCreate=5459 clampReason=MaximumResolvedLead
[rubber-banding][guest-local-edge] time=109.391 room=23 world=5 authority=5 entity=2 eventId=35 kind=Jump stage=FirstSendRequested relatedEventId=0 inputTick=5460 pressed=Jump createdAt=109.387800 firstSendRequestedAt=109.387800 firstSendDelayMs=0.000 desiredTick=5465 assignedTick=5460 lastResolvedAtCreate=5448 estimatedHostTickAtCreate=5459 clampReason=MaximumResolvedLead
[rubber-banding][guest-reconcile] time=109.402 frame=4852 room=23 world=5 authority=5 entity=2 hostTick=5456 ackTick=5456 lastRecordedTick=5460 replayLatestTick=5460 move=(98,-81) predictedBefore=(1.483, 0.118, -4.755) confirmed=(1.483, 0.008, -4.755) replayed=(1.509, 0.118, -4.776) visualBefore=(1.483, 0.118, -4.755) correction=(0.026, 0.000, -0.021) distance=0.033 unresolved=1 replayedCount=1 nextVisualOffset=(-0.026, 0.000, 0.021) mode=smooth rttMs=127.8 snapshotAgeMs=0.0
[rubber-banding][local-input] time=109.476 frame=4858 focused=1 host=0 room=23 world=5 authority=5 entity=2 windowMs=1002.0 updates=83 fixedCalls=50 commands=36 predictionSteps=36 noCommandUpdates=66 estimatedHostTick=5464 nextInputTick=5470 lastRecordedTick=5468 lastResolvedTick=5456 nextLead=6 recordedLead=4 unresolved=8 clamped=65 clampedTotal=2707 batchesSent=2043 commandsSent=11506 sendFailures=0 move=(0.77,-0.63) jump=0
[rubber-banding][remote-render] time=109.476 frame=4858 entity=1 latestHostTick=5456 buffer=8 windowMs=1002.0 fps=82.8 snapshots=32 arrivalSamples=32 arrivalAvgMs=33.0 arrivalP95Ms=256.1 arrivalMaxMs=262.9 sameArrival=25 tickGapMax=2 renderFrames=83 interpolation=13 extrapolation=70 extrapolationCapped=23 extrapolationMaxMs=212.1 oldestHeld=0 zeroSpan=83 movingFrozen=0 teleport=0 visualStepAvgCm=0.00 visualStepMaxCm=0.00 estimatedHostTick=5464 renderTick=5458.445 latestSnapshotTick=5456.000 renderMinusLatestTicks=2.445 estimatedMinusLatestTicks=8.000 sampleT=2.223
[rubber-banding][remote-render] time=109.476 frame=4858 entity=3 latestHostTick=5456 buffer=8 windowMs=1002.0 fps=82.8 snapshots=32 arrivalSamples=32 arrivalAvgMs=33.0 arrivalP95Ms=256.1 arrivalMaxMs=262.9 sameArrival=25 tickGapMax=2 renderFrames=83 interpolation=13 extrapolation=70 extrapolationCapped=23 extrapolationMaxMs=212.1 oldestHeld=0 zeroSpan=83 movingFrozen=0 teleport=0 visualStepAvgCm=0.00 visualStepMaxCm=0.00 estimatedHostTick=5464 renderTick=5458.445 latestSnapshotTick=5456.000 renderMinusLatestTicks=2.445 estimatedMinusLatestTicks=8.000 sampleT=2.223
[rubber-banding][remote-render] time=109.476 frame=4858 entity=4 latestHostTick=5456 buffer=8 windowMs=1002.0 fps=82.8 snapshots=32 arrivalSamples=32 arrivalAvgMs=33.0 arrivalP95Ms=256.1 arrivalMaxMs=262.9 sameArrival=25 tickGapMax=2 renderFrames=83 interpolation=13 extrapolation=70 extrapolationCapped=23 extrapolationMaxMs=212.1 oldestHeld=0 zeroSpan=83 movingFrozen=0 teleport=0 visualStepAvgCm=0.00 visualStepMaxCm=0.00 estimatedHostTick=5464 renderTick=5458.445 latestSnapshotTick=5456.000 renderMinusLatestTicks=2.445 estimatedMinusLatestTicks=8.000 sampleT=2.223
[rubber-banding][udp-pump] time=109.570 frame=4866 focused=1 windowMs=1003.2 fps=82.7 packets=32 socketAvgMs=33.1 socketP95Ms=251.4 socketMaxMs=258.4 pumpAvgMs=33.0 pumpP95Ms=256.1 pumpMaxMs=262.9 queueDelayAvgMs=4.3 queueDelayP95Ms=10.9 queueDelayMaxMs=11.9 samePump=25 pumpBatchMax=8 queueDepthMax=9 frameMaxMs=14.1
[rubber-banding][guest-reconcile] time=109.628 frame=4871 room=23 world=5 authority=5 entity=2 hostTick=5460 ackTick=5460 lastRecordedTick=5468 replayLatestTick=5468 move=(98,-81) predictedBefore=(1.731, 0.732, -4.960) confirmed=(1.545, 0.118, -4.807) replayed=(1.671, 0.732, -4.911) visualBefore=(1.731, 0.732, -4.960) correction=(-0.060, 0.000, 0.050) distance=0.078 unresolved=7 replayedCount=7 nextVisualOffset=(0.060, 0.000, -0.050) mode=smooth rttMs=127.8 snapshotAgeMs=0.0
[rubber-banding][guest-reconcile] time=109.628 frame=4871 room=23 world=5 authority=5 entity=2 hostTick=5464 ackTick=5464 lastRecordedTick=5468 replayLatestTick=5468 move=(98,-81) predictedBefore=(1.671, 0.732, -4.911) confirmed=(1.607, 0.502, -4.858) replayed=(1.696, 0.797, -4.931) visualBefore=(1.671, 0.732, -4.911) correction=(0.025, 0.065, -0.021) distance=0.073 unresolved=4 replayedCount=4 nextVisualOffset=(-0.025, -0.065, 0.021) mode=smooth rttMs=127.8 snapshotAgeMs=0.0
[rubber-banding][guest-reconcile] time=109.853 frame=4889 room=23 world=5 authority=5 entity=2 hostTick=5472 ackTick=5472 lastRecordedTick=5482 replayLatestTick=5482 move=(126,12) predictedBefore=(1.919, 1.100, -5.110) confirmed=(1.813, 1.004, -5.027) replayed=(1.958, 1.121, -5.142) visualBefore=(1.919, 1.100, -5.110) correction=(0.039, 0.021, -0.032) distance=0.054 unresolved=4 replayedCount=4 nextVisualOffset=(-0.039, -0.021, 0.032) mode=smooth rttMs=164.1 snapshotAgeMs=0.0
[rubber-banding][guest-reconcile] time=109.853 frame=4889 room=23 world=5 authority=5 entity=2 hostTick=5474 ackTick=5474 lastRecordedTick=5482 replayLatestTick=5482 move=(126,12) predictedBefore=(1.958, 1.121, -5.142) confirmed=(1.879, 1.073, -5.083) replayed=(2.032, 1.146, -5.202) visualBefore=(1.958, 1.121, -5.142) correction=(0.074, 0.025, -0.061) distance=0.099 unresolved=4 replayedCount=4 nextVisualOffset=(-0.074, -0.025, 0.061) mode=smooth rttMs=164.1 snapshotAgeMs=0.0
[rubber-banding][guest-reconcile] time=109.865 frame=4890 room=23 world=5 authority=5 entity=2 hostTick=5476 ackTick=5476 lastRecordedTick=5486 replayLatestTick=5486 move=(81,98) predictedBefore=(2.211, 1.130, -5.305) confirmed=(1.946, 1.121, -5.138) replayed=(2.278, 1.089, -5.361) visualBefore=(2.143, 1.107, -5.249) correction=(0.067, -0.041, -0.055) distance=0.096 unresolved=8 replayedCount=8 nextVisualOffset=(-0.134, 0.018, 0.111) mode=smooth rttMs=164.1 snapshotAgeMs=0.0
[rubber-banding][guest-reconcile] time=109.865 frame=4890 room=23 world=5 authority=5 entity=2 hostTick=5478 ackTick=5478 lastRecordedTick=5486 replayLatestTick=5486 move=(81,98) predictedBefore=(2.278, 1.089, -5.361) confirmed=(2.013, 1.146, -5.193) replayed=(2.344, 1.026, -5.416) visualBefore=(2.210, 1.066, -5.305) correction=(0.067, -0.064, -0.055) distance=0.107 unresolved=8 replayedCount=8 nextVisualOffset=(-0.134, 0.040, 0.111) mode=smooth rttMs=164.1 snapshotAgeMs=0.0
[rubber-banding][guest-reconcile] time=110.138 frame=4912 room=23 world=5 authority=5 entity=2 hostTick=5490 ackTick=5490 lastRecordedTick=5496 replayLatestTick=5496 move=(81,98) predictedBefore=(2.614, 0.770, -5.531) confirmed=(2.558, 0.832, -5.514) replayed=(2.671, 0.702, -5.547) visualBefore=(2.614, 0.770, -5.531) correction=(0.057, -0.068, -0.016) distance=0.090 unresolved=2 replayedCount=2 nextVisualOffset=(-0.057, 0.068, 0.016) mode=smooth rttMs=164.1 snapshotAgeMs=0.0
[rubber-banding][guest-reconcile] time=110.149 frame=4913 room=23 world=5 authority=5 entity=2 hostTick=5492 ackTick=5492 lastRecordedTick=5502 replayLatestTick=5502 move=(81,98) predictedBefore=(2.913, 0.375, -5.594) confirmed=(2.669, 0.702, -5.549) replayed=(3.033, 0.178, -5.619) visualBefore=(2.861, 0.437, -5.579) correction=(0.120, -0.197, -0.025) distance=0.232 unresolved=6 replayedCount=6 nextVisualOffset=(-0.172, 0.259, 0.040) mode=smooth rttMs=164.1 snapshotAgeMs=0.0
[rubber-banding][guest-reconcile] time=110.149 frame=4913 room=23 world=5 authority=5 entity=2 hostTick=5494 ackTick=5494 lastRecordedTick=5502 replayLatestTick=5502 move=(81,98) predictedBefore=(3.033, 0.178, -5.619) confirmed=(2.781, 0.549, -5.584) replayed=(3.144, 0.008, -5.654) visualBefore=(2.980, 0.240, -5.604) correction=(0.111, -0.170, -0.035) distance=0.206 unresolved=6 replayedCount=6 nextVisualOffset=(-0.164, 0.232, 0.050) mode=smooth rttMs=164.1 snapshotAgeMs=0.0
[rubber-banding][guest-reconcile] time=110.149 frame=4913 room=23 world=5 authority=5 entity=2 hostTick=5500 ackTick=5500 lastRecordedTick=5502 replayLatestTick=5502 move=(81,98) predictedBefore=(3.144, 0.008, -5.654) confirmed=(3.144, 0.008, -5.654) replayed=(3.186, 0.008, -5.603) visualBefore=(3.091, 0.070, -5.639) correction=(0.042, 0.000, 0.051) distance=0.067 unresolved=1 replayedCount=1 nextVisualOffset=(-0.095, 0.062, -0.037) mode=smooth rttMs=164.1 snapshotAgeMs=0.0
[rubber-banding][guest-local-edge] time=110.251 room=23 world=5 authority=5 entity=2 eventId=36 kind=Jump stage=Captured relatedEventId=0 inputTick=0 pressed=None createdAt=-1.000000 firstSendRequestedAt=-1.000000 firstSendDelayMs=-1.000 desiredTick=0 assignedTick=0 lastResolvedAtCreate=0 estimatedHostTickAtCreate=0 clampReason=None
[rubber-banding][guest-reconcile] time=110.373 frame=4931 room=23 world=5 authority=5 entity=2 hostTick=5502 ackTick=5502 lastRecordedTick=5512 replayLatestTick=5512 move=(81,98) predictedBefore=(3.356, 0.008, -5.397) confirmed=(3.229, 0.008, -5.551) replayed=(3.399, 0.008, -5.346) visualBefore=(3.356, 0.008, -5.397) correction=(0.042, 0.000, 0.051) distance=0.067 unresolved=4 replayedCount=4 nextVisualOffset=(-0.042, 0.000, -0.051) mode=smooth rttMs=164.1 snapshotAgeMs=0.0
[rubber-banding][guest-local-edge] time=110.375 room=23 world=5 authority=5 entity=2 eventId=36 kind=Jump stage=Attached relatedEventId=0 inputTick=5514 pressed=Jump createdAt=110.373000 firstSendRequestedAt=-1.000000 firstSendDelayMs=-1.000 desiredTick=5525 assignedTick=5514 lastResolvedAtCreate=5502 estimatedHostTickAtCreate=5518 clampReason=MaximumResolvedLead
[rubber-banding][guest-local-edge] time=110.375 room=23 world=5 authority=5 entity=2 eventId=36 kind=Jump stage=FirstSendRequested relatedEventId=0 inputTick=5514 pressed=Jump createdAt=110.373000 firstSendRequestedAt=110.373000 firstSendDelayMs=0.000 desiredTick=5525 assignedTick=5514 lastResolvedAtCreate=5502 estimatedHostTickAtCreate=5518 clampReason=MaximumResolvedLead
[rubber-banding][guest-reconcile] time=110.386 frame=4932 room=23 world=5 authority=5 entity=2 hostTick=5506 ackTick=5506 lastRecordedTick=5514 replayLatestTick=5514 move=(81,98) predictedBefore=(3.484, 0.118, -5.243) confirmed=(3.399, 0.008, -5.346) replayed=(3.526, 0.118, -5.191) visualBefore=(3.445, 0.118, -5.290) correction=(0.042, 0.000, 0.051) distance=0.067 unresolved=3 replayedCount=3 nextVisualOffset=(-0.081, 0.000, -0.098) mode=smooth rttMs=164.1 snapshotAgeMs=0.0
[rubber-banding][guest-reconcile] time=110.386 frame=4932 room=23 world=5 authority=5 entity=2 hostTick=5508 ackTick=5508 lastRecordedTick=5514 replayLatestTick=5514 move=(81,98) predictedBefore=(3.526, 0.118, -5.191) confirmed=(3.477, 0.008, -5.251) replayed=(3.595, 0.118, -5.108) visualBefore=(3.487, 0.118, -5.238) correction=(0.069, 0.000, 0.084) distance=0.109 unresolved=3 replayedCount=3 nextVisualOffset=(-0.108, 0.000, -0.131) mode=smooth rttMs=164.1 snapshotAgeMs=0.0
[rubber-banding][local-input] time=110.483 frame=4940 focused=1 host=0 room=23 world=5 authority=5 entity=2 windowMs=1006.8 updates=82 fixedCalls=50 commands=30 predictionSteps=30 noCommandUpdates=72 estimatedHostTick=5525 nextInputTick=5532 lastRecordedTick=5526 lastResolvedTick=5514 nextLead=7 recordedLead=1 unresolved=4 clamped=75 clampedTotal=2782 batchesSent=2073 commandsSent=11681 sendFailures=0 move=(0.63,0.77) jump=0
[rubber-banding][remote-render] time=110.483 frame=4940 entity=1 latestHostTick=5514 buffer=8 windowMs=1006.8 fps=81.4 snapshots=29 arrivalSamples=29 arrivalAvgMs=34.0 arrivalP95Ms=226.0 arrivalMaxMs=272.5 sameArrival=21 tickGapMax=2 renderFrames=82 interpolation=8 extrapolation=74 extrapolationCapped=19 extrapolationMaxMs=233.9 oldestHeld=0 zeroSpan=64 movingFrozen=0 teleport=0 visualStepAvgCm=0.00 visualStepMaxCm=0.00 estimatedHostTick=5525 renderTick=5519.640 latestSnapshotTick=5514.000 renderMinusLatestTicks=5.640 estimatedMinusLatestTicks=11.000 sampleT=3.820
[rubber-banding][remote-render] time=110.483 frame=4940 entity=3 latestHostTick=5514 buffer=8 windowMs=1006.8 fps=81.4 snapshots=29 arrivalSamples=29 arrivalAvgMs=34.0 arrivalP95Ms=226.0 arrivalMaxMs=272.5 sameArrival=21 tickGapMax=2 renderFrames=82 interpolation=8 extrapolation=74 extrapolationCapped=19 extrapolationMaxMs=233.9 oldestHeld=0 zeroSpan=64 movingFrozen=0 teleport=0 visualStepAvgCm=0.00 visualStepMaxCm=0.00 estimatedHostTick=5525 renderTick=5519.640 latestSnapshotTick=5514.000 renderMinusLatestTicks=5.640 estimatedMinusLatestTicks=11.000 sampleT=3.820
[rubber-banding][remote-render] time=110.483 frame=4940 entity=4 latestHostTick=5514 buffer=8 windowMs=1006.8 fps=81.4 snapshots=29 arrivalSamples=29 arrivalAvgMs=34.0 arrivalP95Ms=226.0 arrivalMaxMs=272.5 sameArrival=21 tickGapMax=2 renderFrames=82 interpolation=8 extrapolation=74 extrapolationCapped=19 extrapolationMaxMs=233.9 oldestHeld=0 zeroSpan=64 movingFrozen=0 teleport=0 visualStepAvgCm=0.00 visualStepMaxCm=0.00 estimatedHostTick=5525 renderTick=5519.640 latestSnapshotTick=5514.000 renderMinusLatestTicks=5.640 estimatedMinusLatestTicks=11.000 sampleT=3.820
[rubber-banding][udp-pump] time=110.582 frame=4948 focused=1 windowMs=1011.5 fps=81.1 packets=29 socketAvgMs=33.9 socketP95Ms=225.4 socketMaxMs=272.1 pumpAvgMs=34.0 pumpP95Ms=226.0 pumpMaxMs=272.5 queueDelayAvgMs=4.9 queueDelayP95Ms=12.3 queueDelayMaxMs=12.5 samePump=21 pumpBatchMax=6 queueDepthMax=6 frameMaxMs=13.3
[rubber-banding][guest-reconcile] time=110.632 frame=4952 room=23 world=5 authority=5 entity=2 hostTick=5518 ackTick=5518 lastRecordedTick=5526 replayLatestTick=5526 move=(81,98) predictedBefore=(3.692, 0.502, -4.991) confirmed=(3.692, 0.502, -4.991) replayed=(3.719, 0.584, -4.958) visualBefore=(3.692, 0.502, -4.991) correction=(0.028, 0.082, 0.033) distance=0.093 unresolved=1 replayedCount=1 nextVisualOffset=(-0.028, -0.082, -0.033) mode=smooth rttMs=164.1 snapshotAgeMs=0.0
[rubber-banding][guest-reconcile] time=110.632 frame=4952 room=23 world=5 authority=5 entity=2 hostTick=5520 ackTick=5520 lastRecordedTick=5526 replayLatestTick=5526 move=(81,98) predictedBefore=(3.719, 0.584, -4.958) confirmed=(3.747, 0.661, -4.924) replayed=(3.776, 0.732, -4.889) visualBefore=(3.719, 0.584, -4.958) correction=(0.057, 0.148, 0.069) distance=0.172 unresolved=1 replayedCount=1 nextVisualOffset=(-0.057, -0.148, -0.069) mode=smooth rttMs=164.1 snapshotAgeMs=0.0
[rubber-banding][guest-reconcile] time=110.632 frame=4952 room=23 world=5 authority=5 entity=2 hostTick=5522 ackTick=5522 lastRecordedTick=5526 replayLatestTick=5526 move=(81,98) predictedBefore=(3.776, 0.732, -4.889) confirmed=(3.802, 0.797, -4.857) replayed=(3.831, 0.857, -4.822) visualBefore=(3.776, 0.732, -4.889) correction=(0.055, 0.125, 0.067) distance=0.152 unresolved=1 replayedCount=1 nextVisualOffset=(-0.055, -0.125, -0.067) mode=smooth rttMs=164.1 snapshotAgeMs=0.0
[rubber-banding][guest-reconcile] time=110.632 frame=4952 room=23 world=5 authority=5 entity=2 hostTick=5524 ackTick=5524 lastRecordedTick=5526 replayLatestTick=5526 move=(81,98) predictedBefore=(3.831, 0.857, -4.822) confirmed=(3.857, 0.912, -4.791) replayed=(3.886, 0.960, -4.756) visualBefore=(3.831, 0.857, -4.822) correction=(0.055, 0.103, 0.067) distance=0.135 unresolved=1 replayedCount=1 nextVisualOffset=(-0.055, -0.103, -0.067) mode=smooth rttMs=164.1 snapshotAgeMs=0.0
[rubber-banding][guest-reconcile] time=110.632 frame=4952 room=23 world=5 authority=5 entity=2 hostTick=5526 ackTick=5526 lastRecordedTick=5526 replayLatestTick=0 move=(0,0) predictedBefore=(3.886, 0.960, -4.756) confirmed=(3.914, 1.004, -4.722) replayed=(3.914, 1.004, -4.722) visualBefore=(3.886, 0.960, -4.756) correction=(0.028, 0.043, 0.033) distance=0.061 unresolved=0 replayedCount=0 nextVisualOffset=(-0.028, -0.043, -0.033) mode=smooth rttMs=164.1 snapshotAgeMs=0.0
[rubber-banding][guest-reconcile] time=110.632 frame=4952 room=23 world=5 authority=5 entity=2 hostTick=5528 ackTick=5528 lastRecordedTick=5526 replayLatestTick=0 move=(0,0) predictedBefore=(3.914, 1.004, -4.722) confirmed=(3.976, 1.073, -4.647) replayed=(3.976, 1.073, -4.647) visualBefore=(3.914, 1.004, -4.722) correction=(0.062, 0.070, 0.075) distance=0.120 unresolved=0 replayedCount=0 nextVisualOffset=(-0.062, -0.070, -0.075) mode=smooth rttMs=164.1 snapshotAgeMs=0.0
[rubber-banding][guest-reconcile] time=110.632 frame=4952 room=23 world=5 authority=5 entity=2 hostTick=5530 ackTick=5530 lastRecordedTick=5526 replayLatestTick=0 move=(0,0) predictedBefore=(3.976, 1.073, -4.647) confirmed=(4.040, 1.121, -4.570) replayed=(4.040, 1.121, -4.570) visualBefore=(3.976, 1.073, -4.647) correction=(0.064, 0.048, 0.077) distance=0.111 unresolved=0 replayedCount=0 nextVisualOffset=(-0.064, -0.048, -0.077) mode=smooth rttMs=164.1 snapshotAgeMs=0.0
[rubber-banding][guest-reconcile] time=110.882 frame=4972 room=23 world=5 authority=5 entity=2 hostTick=5534 ackTick=5534 lastRecordedTick=5542 replayLatestTick=5542 move=(81,98) predictedBefore=(4.220, 1.143, -4.351) confirmed=(4.182, 1.150, -4.398) replayed=(4.261, 1.130, -4.302) visualBefore=(4.220, 1.143, -4.351) correction=(0.040, -0.012, 0.049) distance=0.065 unresolved=2 replayedCount=2 nextVisualOffset=(-0.040, 0.012, -0.049) mode=smooth rttMs=149.0 snapshotAgeMs=0.0
[rubber-banding][guest-reconcile] time=110.882 frame=4972 room=23 world=5 authority=5 entity=2 hostTick=5536 ackTick=5536 lastRecordedTick=5542 replayLatestTick=5542 move=(81,98) predictedBefore=(4.261, 1.130, -4.302) confirmed=(4.259, 1.130, -4.304) replayed=(4.342, 1.089, -4.205) visualBefore=(4.261, 1.130, -4.302) correction=(0.081, -0.041, 0.098) distance=0.133 unresolved=2 replayedCount=2 nextVisualOffset=(-0.081, 0.041, -0.098) mode=smooth rttMs=149.0 snapshotAgeMs=0.0
[rubber-banding][guest-reconcile] time=110.882 frame=4972 room=23 world=5 authority=5 entity=2 hostTick=5538 ackTick=5538 lastRecordedTick=5542 replayLatestTick=5542 move=(81,98) predictedBefore=(4.342, 1.089, -4.205) confirmed=(4.337, 1.089, -4.210) replayed=(4.419, 1.026, -4.111) visualBefore=(4.342, 1.089, -4.205) correction=(0.078, -0.064, 0.094) distance=0.138 unresolved=2 replayedCount=2 nextVisualOffset=(-0.078, 0.064, -0.094) mode=smooth rttMs=149.0 snapshotAgeMs=0.0
[rubber-banding][guest-reconcile] time=110.882 frame=4972 room=23 world=5 authority=5 entity=2 hostTick=5540 ackTick=5540 lastRecordedTick=5542 replayLatestTick=5542 move=(81,98) predictedBefore=(4.419, 1.026, -4.111) confirmed=(4.415, 1.026, -4.116) replayed=(4.497, 0.940, -4.016) visualBefore=(4.419, 1.026, -4.111) correction=(0.078, -0.086, 0.094) distance=0.149 unresolved=2 replayedCount=2 nextVisualOffset=(-0.078, 0.086, -0.094) mode=smooth rttMs=149.0 snapshotAgeMs=0.0
[rubber-banding][guest-reconcile] time=110.882 frame=4972 room=23 world=5 authority=5 entity=2 hostTick=5544 ackTick=5544 lastRecordedTick=5542 replayLatestTick=0 move=(0,0) predictedBefore=(4.497, 0.940, -4.016) confirmed=(4.582, 0.832, -3.914) replayed=(4.582, 0.832, -3.914) visualBefore=(4.497, 0.940, -4.016) correction=(0.085, -0.108, 0.103) distance=0.172 unresolved=0 replayedCount=0 nextVisualOffset=(-0.085, 0.108, -0.103) mode=smooth rttMs=149.0 snapshotAgeMs=0.0
[rubber-banding][guest-reconcile] time=111.129 frame=4992 room=23 world=5 authority=5 entity=2 hostTick=5548 ackTick=5548 lastRecordedTick=5556 replayLatestTick=5556 move=(81,98) predictedBefore=(4.752, 0.549, -3.708) confirmed=(4.752, 0.549, -3.708) replayed=(4.795, 0.465, -3.657) visualBefore=(4.752, 0.549, -3.708) correction=(0.042, -0.085, 0.051) distance=0.108 unresolved=1 replayedCount=1 nextVisualOffset=(-0.042, 0.085, -0.051) mode=smooth rttMs=149.0 snapshotAgeMs=0.0
[rubber-banding][guest-reconcile] time=111.142 frame=4993 room=23 world=5 authority=5 entity=2 hostTick=5550 ackTick=5550 lastRecordedTick=5560 replayLatestTick=5560 move=(81,98) predictedBefore=(4.964, 0.071, -3.451) confirmed=(4.837, 0.375, -3.605) replayed=(5.049, 0.008, -3.348) visualBefore=(4.925, 0.149, -3.498) correction=(0.085, -0.063, 0.103) distance=0.148 unresolved=5 replayedCount=5 nextVisualOffset=(-0.124, 0.141, -0.150) mode=smooth rttMs=149.0 snapshotAgeMs=0.0
[rubber-banding][guest-reconcile] time=111.142 frame=4993 room=23 world=5 authority=5 entity=2 hostTick=5552 ackTick=5552 lastRecordedTick=5560 replayLatestTick=5560 move=(81,98) predictedBefore=(5.049, 0.008, -3.348) confirmed=(4.922, 0.178, -3.503) replayed=(5.134, 0.008, -3.246) visualBefore=(5.010, 0.086, -3.396) correction=(0.085, 0.000, 0.103) distance=0.133 unresolved=5 replayedCount=5 nextVisualOffset=(-0.124, 0.078, -0.150) mode=smooth rttMs=149.0 snapshotAgeMs=0.0
[rubber-banding][guest-reconcile] time=111.142 frame=4993 room=23 world=5 authority=5 entity=2 hostTick=5554 ackTick=5554 lastRecordedTick=5560 replayLatestTick=5560 move=(81,98) predictedBefore=(5.134, 0.008, -3.246) confirmed=(5.007, 0.008, -3.400) replayed=(5.219, 0.008, -3.143) visualBefore=(5.095, 0.086, -3.293) correction=(0.085, 0.000, 0.103) distance=0.133 unresolved=5 replayedCount=5 nextVisualOffset=(-0.124, 0.078, -0.150) mode=smooth rttMs=149.0 snapshotAgeMs=0.0
[rubber-banding][guest-reconcile] time=111.142 frame=4993 room=23 world=5 authority=5 entity=2 hostTick=5556 ackTick=5556 lastRecordedTick=5560 replayLatestTick=5560 move=(81,98) predictedBefore=(5.219, 0.008, -3.143) confirmed=(5.080, 0.008, -3.312) replayed=(5.246, 0.008, -3.110) visualBefore=(5.180, 0.086, -3.190) correction=(0.027, 0.000, 0.033) distance=0.042 unresolved=4 replayedCount=4 nextVisualOffset=(-0.066, 0.078, -0.080) mode=smooth rttMs=149.0 snapshotAgeMs=0.0
[rubber-banding][guest-reconcile] time=111.142 frame=4993 room=23 world=5 authority=5 entity=2 hostTick=5560 ackTick=5560 lastRecordedTick=5560 replayLatestTick=0 move=(0,0) predictedBefore=(5.246, 0.008, -3.110) confirmed=(5.224, 0.008, -3.138) replayed=(5.224, 0.008, -3.138) visualBefore=(5.207, 0.086, -3.158) correction=(-0.023, 0.000, -0.027) distance=0.036 unresolved=0 replayedCount=0 nextVisualOffset=(-0.016, 0.078, -0.020) mode=smooth rttMs=149.0 snapshotAgeMs=0.0
[rubber-banding][guest-local-edge] time=111.316 room=23 world=5 authority=5 entity=2 eventId=37 kind=Jump stage=Captured relatedEventId=0 inputTick=0 pressed=None createdAt=-1.000000 firstSendRequestedAt=-1.000000 firstSendDelayMs=-1.000 desiredTick=0 assignedTick=0 lastResolvedAtCreate=0 estimatedHostTickAtCreate=0 clampReason=None
[rubber-banding][guest-reconcile] time=111.390 frame=5013 room=23 world=5 authority=5 entity=2 hostTick=5564 ackTick=5564 lastRecordedTick=5572 replayLatestTick=5572 move=(81,98) predictedBefore=(5.355, 0.008, -2.978) confirmed=(5.355, 0.008, -2.978) replayed=(5.393, 0.008, -2.932) visualBefore=(5.355, 0.008, -2.978) correction=(0.038, 0.000, 0.046) distance=0.060 unresolved=1 replayedCount=1 nextVisualOffset=(-0.038, 0.000, -0.046) mode=smooth rttMs=149.0 snapshotAgeMs=0.0
[rubber-banding][guest-reconcile] time=111.390 frame=5013 room=23 world=5 authority=5 entity=2 hostTick=5566 ackTick=5566 lastRecordedTick=5572 replayLatestTick=5572 move=(81,98) predictedBefore=(5.393, 0.008, -2.932) confirmed=(5.425, 0.008, -2.894) replayed=(5.458, 0.008, -2.854) visualBefore=(5.393, 0.008, -2.932) correction=(0.064, 0.000, 0.078) distance=0.101 unresolved=1 replayedCount=1 nextVisualOffset=(-0.064, 0.000, -0.078) mode=smooth rttMs=149.0 snapshotAgeMs=0.0
[rubber-banding][guest-reconcile] time=111.390 frame=5013 room=23 world=5 authority=5 entity=2 hostTick=5568 ackTick=5568 lastRecordedTick=5572 replayLatestTick=5572 move=(81,98) predictedBefore=(5.458, 0.008, -2.854) confirmed=(5.466, 0.008, -2.845) replayed=(5.485, 0.008, -2.822) visualBefore=(5.458, 0.008, -2.854) correction=(0.027, 0.000, 0.033) distance=0.042 unresolved=1 replayedCount=1 nextVisualOffset=(-0.027, 0.000, -0.033) mode=smooth rttMs=149.0 snapshotAgeMs=0.0
[rubber-banding][guest-local-edge] time=111.393 room=23 world=5 authority=5 entity=2 eventId=37 kind=Jump stage=Attached relatedEventId=0 inputTick=5586 pressed=Jump createdAt=111.390000 firstSendRequestedAt=-1.000000 firstSendDelayMs=-1.000 desiredTick=5586 assignedTick=5586 lastResolvedAtCreate=5574 estimatedHostTickAtCreate=5579 clampReason=None
[rubber-banding][guest-local-edge] time=111.393 room=23 world=5 authority=5 entity=2 eventId=37 kind=Jump stage=FirstSendRequested relatedEventId=0 inputTick=5586 pressed=Jump createdAt=111.390000 firstSendRequestedAt=111.390000 firstSendDelayMs=0.000 desiredTick=5586 assignedTick=5586 lastResolvedAtCreate=5574 estimatedHostTickAtCreate=5579 clampReason=None
[rubber-banding][guest-reconcile] time=111.402 frame=5014 room=23 world=5 authority=5 entity=2 hostTick=5576 ackTick=5576 lastRecordedTick=5586 replayLatestTick=5586 move=(81,98) predictedBefore=(5.524, 0.118, -2.774) confirmed=(5.491, 0.008, -2.814) replayed=(5.497, 0.118, -2.806) visualBefore=(5.526, 0.118, -2.772) correction=(-0.027, 0.000, -0.033) distance=0.042 unresolved=2 replayedCount=2 nextVisualOffset=(0.028, 0.000, 0.034) mode=smooth rttMs=149.0 snapshotAgeMs=0.0
[rubber-banding][local-input] time=111.489 frame=5021 focused=1 host=0 room=23 world=5 authority=5 entity=2 windowMs=1005.3 updates=81 fixedCalls=51 commands=23 predictionSteps=23 noCommandUpdates=73 estimatedHostTick=5585 nextInputTick=5592 lastRecordedTick=5588 lastResolvedTick=5576 nextLead=7 recordedLead=3 unresolved=4 clamped=73 clampedTotal=2855 batchesSent=2104 commandsSent=11811 sendFailures=0 move=(0.63,0.77) jump=0
[rubber-banding][remote-render] time=111.489 frame=5021 entity=1 latestHostTick=5576 buffer=8 windowMs=1005.3 fps=80.6 snapshots=31 arrivalSamples=31 arrivalAvgMs=32.8 arrivalP95Ms=248.3 arrivalMaxMs=249.5 sameArrival=25 tickGapMax=2 renderFrames=81 interpolation=7 extrapolation=74 extrapolationCapped=27 extrapolationMaxMs=229.6 oldestHeld=0 zeroSpan=73 movingFrozen=0 teleport=0 visualStepAvgCm=0.00 visualStepMaxCm=0.00 estimatedHostTick=5585 renderTick=5580.047 latestSnapshotTick=5576.000 renderMinusLatestTicks=4.047 estimatedMinusLatestTicks=9.000 sampleT=3.024
[rubber-banding][remote-render] time=111.489 frame=5021 entity=3 latestHostTick=5576 buffer=8 windowMs=1005.3 fps=80.6 snapshots=31 arrivalSamples=31 arrivalAvgMs=32.8 arrivalP95Ms=248.3 arrivalMaxMs=249.5 sameArrival=25 tickGapMax=2 renderFrames=81 interpolation=7 extrapolation=74 extrapolationCapped=27 extrapolationMaxMs=229.6 oldestHeld=0 zeroSpan=73 movingFrozen=0 teleport=0 visualStepAvgCm=0.00 visualStepMaxCm=0.00 estimatedHostTick=5585 renderTick=5580.047 latestSnapshotTick=5576.000 renderMinusLatestTicks=4.047 estimatedMinusLatestTicks=9.000 sampleT=3.024
[rubber-banding][remote-render] time=111.489 frame=5021 entity=4 latestHostTick=5576 buffer=8 windowMs=1005.3 fps=80.6 snapshots=31 arrivalSamples=31 arrivalAvgMs=32.8 arrivalP95Ms=248.3 arrivalMaxMs=249.5 sameArrival=25 tickGapMax=2 renderFrames=81 interpolation=7 extrapolation=74 extrapolationCapped=27 extrapolationMaxMs=229.6 oldestHeld=0 zeroSpan=73 movingFrozen=0 teleport=0 visualStepAvgCm=0.00 visualStepMaxCm=0.00 estimatedHostTick=5585 renderTick=5580.047 latestSnapshotTick=5576.000 renderMinusLatestTicks=4.047 estimatedMinusLatestTicks=9.000 sampleT=3.024
[rubber-banding][udp-pump] time=111.587 frame=5029 focused=1 windowMs=1005.1 fps=80.6 packets=31 socketAvgMs=32.6 socketP95Ms=242.1 socketMaxMs=247.5 pumpAvgMs=32.8 pumpP95Ms=248.3 pumpMaxMs=249.5 queueDelayAvgMs=5.8 queueDelayP95Ms=12.0 queueDelayMaxMs=12.9 samePump=25 pumpBatchMax=8 queueDepthMax=9 frameMaxMs=14.6
[rubber-banding][guest-reconcile] time=111.672 frame=5036 room=23 world=5 authority=5 entity=2 hostTick=5590 ackTick=5590 lastRecordedTick=5594 replayLatestTick=5594 move=(98,-81) predictedBefore=(5.551, 0.661, -2.776) confirmed=(5.529, 0.502, -2.769) replayed=(5.549, 0.661, -2.754) visualBefore=(5.551, 0.661, -2.776) correction=(-0.002, 0.000, 0.022) distance=0.022 unresolved=2 replayedCount=2 nextVisualOffset=(0.002, 0.000, -0.022) mode=smooth rttMs=149.0 snapshotAgeMs=0.0
[rubber-banding][guest-reconcile] time=111.686 frame=5037 room=23 world=5 authority=5 entity=2 hostTick=5592 ackTick=5592 lastRecordedTick=5602 replayLatestTick=5602 move=(98,-81) predictedBefore=(5.611, 0.912, -2.742) confirmed=(5.544, 0.661, -2.750) replayed=(5.609, 0.960, -2.724) visualBefore=(5.613, 0.912, -2.762) correction=(-0.002, 0.049, 0.018) distance=0.052 unresolved=5 replayedCount=5 nextVisualOffset=(0.004, -0.049, -0.038) mode=smooth rttMs=149.0 snapshotAgeMs=0.0
[rubber-banding][guest-reconcile] time=111.934 frame=5057 room=23 world=5 authority=5 entity=2 hostTick=5594 ackTick=5594 lastRecordedTick=5604 replayLatestTick=5604 move=(98,-81) predictedBefore=(5.647, 1.041, -2.723) confirmed=(5.561, 0.797, -2.732) replayed=(5.654, 1.073, -2.714) visualBefore=(5.647, 1.041, -2.723) correction=(0.008, 0.032, 0.009) distance=0.034 unresolved=6 replayedCount=6 nextVisualOffset=(-0.008, -0.032, -0.009) mode=smooth rttMs=197.7 snapshotAgeMs=0.0
[rubber-banding][guest-reconcile] time=111.934 frame=5057 room=23 world=5 authority=5 entity=2 hostTick=5598 ackTick=5598 lastRecordedTick=5604 replayLatestTick=5604 move=(98,-81) predictedBefore=(5.654, 1.073, -2.714) confirmed=(5.617, 1.004, -2.714) replayed=(5.676, 1.100, -2.716) visualBefore=(5.654, 1.073, -2.714) correction=(0.021, 0.027, -0.002) distance=0.034 unresolved=3 replayedCount=3 nextVisualOffset=(-0.021, -0.027, 0.002) mode=smooth rttMs=197.7 snapshotAgeMs=0.0
[rubber-banding][guest-reconcile] time=111.934 frame=5057 room=23 world=5 authority=5 entity=2 hostTick=5600 ackTick=5600 lastRecordedTick=5604 replayLatestTick=5604 move=(98,-81) predictedBefore=(5.676, 1.100, -2.716) confirmed=(5.653, 1.073, -2.713) replayed=(5.717, 1.136, -2.718) visualBefore=(5.676, 1.100, -2.716) correction=(0.041, 0.036, -0.002) distance=0.055 unresolved=3 replayedCount=3 nextVisualOffset=(-0.041, -0.036, 0.002) mode=smooth rttMs=197.7 snapshotAgeMs=0.0
[rubber-banding][guest-reconcile] time=111.934 frame=5057 room=23 world=5 authority=5 entity=2 hostTick=5602 ackTick=5602 lastRecordedTick=5604 replayLatestTick=5604 move=(98,-81) predictedBefore=(5.717, 1.136, -2.718) confirmed=(5.691, 1.121, -2.712) replayed=(5.735, 1.146, -2.717) visualBefore=(5.717, 1.136, -2.718) correction=(0.018, 0.010, 0.001) distance=0.021 unresolved=2 replayedCount=2 nextVisualOffset=(-0.018, -0.010, -0.001) mode=smooth rttMs=197.7 snapshotAgeMs=0.0
[rubber-banding][guest-reconcile] time=111.946 frame=5058 room=23 world=5 authority=5 entity=2 hostTick=5608 ackTick=5608 lastRecordedTick=5616 replayLatestTick=5616 move=(98,-81) predictedBefore=(5.845, 1.130, -2.745) confirmed=(5.840, 1.130, -2.741) replayed=(5.868, 1.113, -2.748) visualBefore=(5.829, 1.121, -2.746) correction=(0.023, -0.018, -0.003) distance=0.029 unresolved=1 replayedCount=1 nextVisualOffset=(-0.040, 0.009, 0.002) mode=smooth rttMs=197.7 snapshotAgeMs=0.0
[rubber-banding][guest-reconcile] time=112.207 frame=5079 room=23 world=5 authority=5 entity=2 hostTick=5610 ackTick=5610 lastRecordedTick=5620 replayLatestTick=5620 move=(98,-81) predictedBefore=(5.999, 0.986, -2.793) confirmed=(5.893, 1.089, -2.753) replayed=(6.052, 0.889, -2.805) visualBefore=(5.999, 0.986, -2.793) correction=(0.053, -0.097, -0.012) distance=0.111 unresolved=5 replayedCount=5 nextVisualOffset=(-0.053, 0.097, 0.012) mode=smooth rttMs=197.7 snapshotAgeMs=0.0
[rubber-banding][guest-reconcile] time=112.207 frame=5079 room=23 world=5 authority=5 entity=2 hostTick=5612 ackTick=5612 lastRecordedTick=5620 replayLatestTick=5620 move=(98,-81) predictedBefore=(6.052, 0.889, -2.805) confirmed=(5.947, 1.026, -2.765) replayed=(6.105, 0.770, -2.817) visualBefore=(6.052, 0.889, -2.805) correction=(0.053, -0.119, -0.012) distance=0.131 unresolved=5 replayedCount=5 nextVisualOffset=(-0.053, 0.119, 0.012) mode=smooth rttMs=197.7 snapshotAgeMs=0.0
[rubber-banding][guest-reconcile] time=112.207 frame=5079 room=23 world=5 authority=5 entity=2 hostTick=5614 ackTick=5614 lastRecordedTick=5620 replayLatestTick=5620 move=(98,-81) predictedBefore=(6.105, 0.770, -2.817) confirmed=(6.000, 0.940, -2.777) replayed=(6.159, 0.628, -2.829) visualBefore=(6.105, 0.770, -2.817) correction=(0.053, -0.141, -0.012) distance=0.151 unresolved=5 replayedCount=5 nextVisualOffset=(-0.053, 0.141, 0.012) mode=smooth rttMs=197.7 snapshotAgeMs=0.0
[rubber-banding][guest-reconcile] time=112.207 frame=5079 room=23 world=5 authority=5 entity=2 hostTick=5616 ackTick=5616 lastRecordedTick=5620 replayLatestTick=5620 move=(98,-81) predictedBefore=(6.159, 0.628, -2.829) confirmed=(6.055, 0.832, -2.791) replayed=(6.185, 0.549, -2.836) visualBefore=(6.159, 0.628, -2.829) correction=(0.027, -0.079, -0.006) distance=0.084 unresolved=4 replayedCount=4 nextVisualOffset=(-0.027, 0.079, 0.006) mode=smooth rttMs=197.7 snapshotAgeMs=0.0
[rubber-banding][guest-reconcile] time=112.219 frame=5080 room=23 world=5 authority=5 entity=2 hostTick=5624 ackTick=5624 lastRecordedTick=5630 replayLatestTick=5630 move=(98,-81) predictedBefore=(6.343, 0.178, -2.903) confirmed=(6.343, 0.178, -2.903) replayed=(6.387, 0.071, -2.923) visualBefore=(6.343, 0.178, -2.903) correction=(0.044, -0.107, -0.020) distance=0.117 unresolved=1 replayedCount=1 nextVisualOffset=(-0.044, 0.107, 0.020) mode=smooth rttMs=197.7 snapshotAgeMs=0.0
[rubber-banding][guest-reconcile] time=112.453 frame=5099 room=23 world=5 authority=5 entity=2 hostTick=5626 ackTick=5626 lastRecordedTick=5636 replayLatestTick=5636 move=(12,-126) predictedBefore=(6.524, 0.008, -3.075) confirmed=(6.431, 0.008, -2.943) replayed=(6.611, 0.008, -3.152) visualBefore=(6.524, 0.008, -3.075) correction=(0.088, 0.000, -0.077) distance=0.117 unresolved=5 replayedCount=5 nextVisualOffset=(-0.088, 0.000, 0.077) mode=smooth rttMs=197.7 snapshotAgeMs=0.0
[rubber-banding][guest-reconcile] time=112.453 frame=5099 room=23 world=5 authority=5 entity=2 hostTick=5628 ackTick=5628 lastRecordedTick=5636 replayLatestTick=5636 move=(12,-126) predictedBefore=(6.611, 0.008, -3.152) confirmed=(6.488, 0.008, -2.970) replayed=(6.598, 0.008, -3.100) visualBefore=(6.611, 0.008, -3.152) correction=(-0.013, 0.000, 0.052) distance=0.054 unresolved=5 replayedCount=5 nextVisualOffset=(0.013, 0.000, -0.052) mode=smooth rttMs=197.7 snapshotAgeMs=0.0
[rubber-banding][guest-reconcile] time=112.453 frame=5099 room=23 world=5 authority=5 entity=2 hostTick=5630 ackTick=5630 lastRecordedTick=5636 replayLatestTick=5636 move=(12,-126) predictedBefore=(6.598, 0.008, -3.100) confirmed=(6.516, 0.008, -2.988) replayed=(6.576, 0.008, -3.067) visualBefore=(6.598, 0.008, -3.100) correction=(-0.022, 0.000, 0.033) distance=0.040 unresolved=4 replayedCount=4 nextVisualOffset=(0.022, 0.000, -0.033) mode=smooth rttMs=197.7 snapshotAgeMs=0.0
[rubber-banding][guest-reconcile] time=112.453 frame=5099 room=23 world=5 authority=5 entity=2 hostTick=5634 ackTick=5634 lastRecordedTick=5636 replayLatestTick=5636 move=(12,-126) predictedBefore=(6.576, 0.008, -3.067) confirmed=(6.598, 0.008, -3.056) replayed=(6.601, 0.008, -3.090) visualBefore=(6.576, 0.008, -3.067) correction=(0.025, 0.000, -0.023) distance=0.034 unresolved=1 replayedCount=1 nextVisualOffset=(-0.025, 0.000, 0.023) mode=smooth rttMs=197.7 snapshotAgeMs=0.0
[rubber-banding][guest-reconcile] time=112.453 frame=5099 room=23 world=5 authority=5 entity=2 hostTick=5636 ackTick=5636 lastRecordedTick=5636 replayLatestTick=0 move=(0,0) predictedBefore=(6.601, 0.008, -3.090) confirmed=(6.628, 0.008, -3.116) replayed=(6.628, 0.008, -3.116) visualBefore=(6.601, 0.008, -3.090) correction=(0.027, 0.000, -0.026) distance=0.037 unresolved=0 replayedCount=0 nextVisualOffset=(-0.027, 0.000, 0.026) mode=smooth rttMs=197.7 snapshotAgeMs=0.0
[rubber-banding][guest-reconcile] time=112.453 frame=5099 room=23 world=5 authority=5 entity=2 hostTick=5638 ackTick=5638 lastRecordedTick=5636 replayLatestTick=0 move=(0,0) predictedBefore=(6.628, 0.008, -3.116) confirmed=(6.636, 0.008, -3.202) replayed=(6.636, 0.008, -3.202) visualBefore=(6.628, 0.008, -3.116) correction=(0.008, 0.000, -0.086) distance=0.086 unresolved=0 replayedCount=0 nextVisualOffset=(-0.008, 0.000, 0.086) mode=smooth rttMs=197.7 snapshotAgeMs=0.0
[rubber-banding][local-input] time=112.494 frame=5102 focused=1 host=0 room=23 world=5 authority=5 entity=2 windowMs=1005.5 updates=81 fixedCalls=50 commands=30 predictionSteps=30 noCommandUpdates=73 estimatedHostTick=5646 nextInputTick=5654 lastRecordedTick=5650 lastResolvedTick=5638 nextLead=8 recordedLead=4 unresolved=4 clamped=81 clampedTotal=2936 batchesSent=2134 commandsSent=11970 sendFailures=0 move=(-0.63,-0.77) jump=0
[rubber-banding][remote-render] time=112.494 frame=5102 entity=1 latestHostTick=5638 buffer=8 windowMs=1005.5 fps=80.6 snapshots=31 arrivalSamples=31 arrivalAvgMs=33.9 arrivalP95Ms=259.1 arrivalMaxMs=260.4 sameArrival=23 tickGapMax=2 renderFrames=81 interpolation=2 extrapolation=79 extrapolationCapped=29 extrapolationMaxMs=242.4 oldestHeld=0 zeroSpan=48 movingFrozen=0 teleport=0 visualStepAvgCm=0.00 visualStepMaxCm=0.00 estimatedHostTick=5646 renderTick=5640.593 latestSnapshotTick=5638.000 renderMinusLatestTicks=2.593 estimatedMinusLatestTicks=8.000 sampleT=2.296
[rubber-banding][remote-render] time=112.494 frame=5102 entity=3 latestHostTick=5638 buffer=8 windowMs=1005.5 fps=80.6 snapshots=31 arrivalSamples=31 arrivalAvgMs=33.9 arrivalP95Ms=259.1 arrivalMaxMs=260.4 sameArrival=23 tickGapMax=2 renderFrames=81 interpolation=2 extrapolation=79 extrapolationCapped=29 extrapolationMaxMs=242.4 oldestHeld=0 zeroSpan=48 movingFrozen=0 teleport=0 visualStepAvgCm=0.00 visualStepMaxCm=0.00 estimatedHostTick=5646 renderTick=5640.593 latestSnapshotTick=5638.000 renderMinusLatestTicks=2.593 estimatedMinusLatestTicks=8.000 sampleT=2.296
[rubber-banding][remote-render] time=112.494 frame=5102 entity=4 latestHostTick=5638 buffer=8 windowMs=1005.5 fps=80.6 snapshots=31 arrivalSamples=31 arrivalAvgMs=33.9 arrivalP95Ms=259.1 arrivalMaxMs=260.4 sameArrival=23 tickGapMax=2 renderFrames=81 interpolation=2 extrapolation=79 extrapolationCapped=29 extrapolationMaxMs=242.4 oldestHeld=0 zeroSpan=48 movingFrozen=0 teleport=0 visualStepAvgCm=0.00 visualStepMaxCm=0.00 estimatedHostTick=5646 renderTick=5640.593 latestSnapshotTick=5638.000 renderMinusLatestTicks=2.593 estimatedMinusLatestTicks=8.000 sampleT=2.296
[rubber-banding][udp-pump] time=112.594 frame=5110 focused=1 windowMs=1006.8 fps=80.5 packets=31 socketAvgMs=34.1 socketP95Ms=265.6 socketMaxMs=266.1 pumpAvgMs=33.9 pumpP95Ms=259.1 pumpMaxMs=260.4 queueDelayAvgMs=5.5 queueDelayP95Ms=12.9 queueDelayMaxMs=13.1 samePump=23 pumpBatchMax=7 queueDepthMax=7 frameMaxMs=14.0
[rubber-banding][guest-reconcile] time=112.690 frame=5118 room=23 world=5 authority=5 entity=2 hostTick=5640 ackTick=5640 lastRecordedTick=5650 replayLatestTick=5650 move=(-81,-98) predictedBefore=(6.501, 0.008, -3.366) confirmed=(6.616, 0.008, -3.264) replayed=(6.562, 0.008, -3.329) visualBefore=(6.501, 0.008, -3.366) correction=(0.062, 0.000, 0.037) distance=0.072 unresolved=2 replayedCount=2 nextVisualOffset=(-0.062, 0.000, -0.037) mode=smooth rttMs=197.7 snapshotAgeMs=0.0
[rubber-banding][guest-reconcile] time=112.690 frame=5118 room=23 world=5 authority=5 entity=2 hostTick=5642 ackTick=5642 lastRecordedTick=5650 replayLatestTick=5650 move=(-81,-98) predictedBefore=(6.562, 0.008, -3.329) confirmed=(6.562, 0.008, -3.329) replayed=(6.532, 0.008, -3.365) visualBefore=(6.562, 0.008, -3.329) correction=(-0.030, 0.000, -0.036) distance=0.047 unresolved=1 replayedCount=1 nextVisualOffset=(0.030, 0.000, 0.036) mode=smooth rttMs=197.7 snapshotAgeMs=0.0
[rubber-banding][guest-reconcile] time=112.690 frame=5118 room=23 world=5 authority=5 entity=2 hostTick=5644 ackTick=5644 lastRecordedTick=5650 replayLatestTick=5650 move=(-81,-98) predictedBefore=(6.532, 0.008, -3.365) confirmed=(6.509, 0.008, -3.393) replayed=(6.484, 0.008, -3.424) visualBefore=(6.532, 0.008, -3.365) correction=(-0.048, 0.000, -0.058) distance=0.075 unresolved=1 replayedCount=1 nextVisualOffset=(0.048, 0.000, 0.058) mode=smooth rttMs=197.7 snapshotAgeMs=0.0
[rubber-banding][guest-reconcile] time=112.703 frame=5119 room=23 world=5 authority=5 entity=2 hostTick=5646 ackTick=5646 lastRecordedTick=5656 replayLatestTick=5656 move=(-81,-98) predictedBefore=(6.363, 0.008, -3.571) confirmed=(6.484, 0.008, -3.423) replayed=(6.409, 0.008, -3.515) visualBefore=(6.407, 0.008, -3.517) correction=(0.046, 0.000, 0.056) distance=0.072 unresolved=5 replayedCount=5 nextVisualOffset=(-0.002, 0.000, -0.002) mode=smooth rttMs=197.7 snapshotAgeMs=0.0
[rubber-banding][guest-reconcile] time=112.703 frame=5119 room=23 world=5 authority=5 entity=2 hostTick=5648 ackTick=5648 lastRecordedTick=5656 replayLatestTick=5656 move=(-81,-98) predictedBefore=(6.409, 0.008, -3.515) confirmed=(6.483, 0.008, -3.425) replayed=(6.451, 0.008, -3.464) visualBefore=(6.453, 0.008, -3.461) correction=(0.042, 0.000, 0.051) distance=0.066 unresolved=5 replayedCount=5 nextVisualOffset=(0.002, 0.000, 0.003) mode=smooth rttMs=197.7 snapshotAgeMs=0.0
[rubber-banding][guest-reconcile] time=112.703 frame=5119 room=23 world=5 authority=5 entity=2 hostTick=5654 ackTick=5654 lastRecordedTick=5656 replayLatestTick=5656 move=(-81,-98) predictedBefore=(6.451, 0.008, -3.464) confirmed=(6.470, 0.008, -3.441) replayed=(6.468, 0.008, -3.443) visualBefore=(6.495, 0.008, -3.410) correction=(0.017, 0.000, 0.021) distance=0.027 unresolved=1 replayedCount=1 nextVisualOffset=(0.027, 0.000, 0.033) mode=smooth rttMs=197.7 snapshotAgeMs=0.0
[rubber-banding][guest-reconcile] time=112.973 frame=5141 room=23 world=5 authority=5 entity=2 hostTick=5662 ackTick=5662 lastRecordedTick=5666 replayLatestTick=5666 move=(-81,-98) predictedBefore=(6.425, 0.008, -3.495) confirmed=(6.420, 0.008, -3.501) replayed=(6.412, 0.008, -3.511) visualBefore=(6.425, 0.008, -3.495) correction=(-0.013, 0.000, -0.016) distance=0.021 unresolved=1 replayedCount=1 nextVisualOffset=(0.013, 0.000, 0.016) mode=smooth rttMs=208.8 snapshotAgeMs=0.0
[rubber-banding][guest-reconcile] time=112.986 frame=5142 room=23 world=5 authority=5 entity=2 hostTick=5670 ackTick=5670 lastRecordedTick=5680 replayLatestTick=5680 move=(-81,-98) predictedBefore=(6.388, 0.008, -3.540) confirmed=(6.407, 0.008, -3.517) replayed=(6.401, 0.008, -3.524) visualBefore=(6.383, 0.008, -3.546) correction=(0.013, 0.000, 0.015) distance=0.020 unresolved=2 replayedCount=2 nextVisualOffset=(-0.018, 0.000, -0.022) mode=smooth rttMs=208.8 snapshotAgeMs=0.0
[rubber-banding][guest-reconcile] time=113.244 frame=5163 room=23 world=5 authority=5 entity=2 hostTick=5686 ackTick=5686 lastRecordedTick=5690 replayLatestTick=5690 move=(-81,-98) predictedBefore=(6.335, 0.008, -3.604) confirmed=(6.335, 0.008, -3.604) replayed=(6.318, 0.008, -3.625) visualBefore=(6.335, 0.008, -3.604) correction=(-0.017, 0.000, -0.021) distance=0.027 unresolved=1 replayedCount=1 nextVisualOffset=(0.017, 0.000, 0.021) mode=smooth rttMs=208.8 snapshotAgeMs=0.0
[rubber-banding][guest-reconcile] time=113.490 frame=5183 room=23 world=5 authority=5 entity=2 hostTick=5690 ackTick=5690 lastRecordedTick=5698 replayLatestTick=5698 move=(-81,-98) predictedBefore=(6.227, 0.008, -3.735) confirmed=(6.300, 0.008, -3.646) replayed=(6.259, 0.008, -3.696) visualBefore=(6.227, 0.008, -3.735) correction=(0.033, 0.000, 0.039) distance=0.051 unresolved=4 replayedCount=4 nextVisualOffset=(-0.033, 0.000, -0.039) mode=smooth rttMs=208.8 snapshotAgeMs=0.0
[rubber-banding][guest-reconcile] time=113.490 frame=5183 room=23 world=5 authority=5 entity=2 hostTick=5694 ackTick=5694 lastRecordedTick=5698 replayLatestTick=5698 move=(-81,-98) predictedBefore=(6.259, 0.008, -3.696) confirmed=(6.259, 0.008, -3.696) replayed=(6.244, 0.008, -3.715) visualBefore=(6.259, 0.008, -3.696) correction=(-0.016, 0.000, -0.019) distance=0.024 unresolved=1 replayedCount=1 nextVisualOffset=(0.016, 0.000, 0.019) mode=smooth rttMs=208.8 snapshotAgeMs=0.0
[rubber-banding][guest-reconcile] time=113.501 frame=5184 room=23 world=5 authority=5 entity=2 hostTick=5698 ackTick=5698 lastRecordedTick=5706 replayLatestTick=5706 move=(-81,-98) predictedBefore=(6.161, 0.008, -3.815) confirmed=(6.230, 0.008, -3.731) replayed=(6.195, 0.008, -3.774) visualBefore=(6.175, 0.008, -3.798) correction=(0.034, 0.000, 0.041) distance=0.053 unresolved=4 replayedCount=4 nextVisualOffset=(-0.020, 0.000, -0.024) mode=smooth rttMs=208.8 snapshotAgeMs=0.0
[rubber-banding][guest-reconcile] time=113.501 frame=5184 room=23 world=5 authority=5 entity=2 hostTick=5702 ackTick=5702 lastRecordedTick=5706 replayLatestTick=5706 move=(-81,-98) predictedBefore=(6.195, 0.008, -3.774) confirmed=(6.216, 0.008, -3.748) replayed=(6.214, 0.008, -3.751) visualBefore=(6.209, 0.008, -3.756) correction=(0.019, 0.000, 0.023) distance=0.030 unresolved=1 replayedCount=1 nextVisualOffset=(-0.005, 0.000, -0.006) mode=smooth rttMs=208.8 snapshotAgeMs=0.0
[rubber-banding][local-input] time=113.501 frame=5184 focused=1 host=0 room=23 world=5 authority=5 entity=2 windowMs=1007.4 updates=82 fixedCalls=50 commands=30 predictionSteps=30 noCommandUpdates=74 estimatedHostTick=5708 nextInputTick=5717 lastRecordedTick=5714 lastResolvedTick=5702 nextLead=9 recordedLead=6 unresolved=5 clamped=82 clampedTotal=3018 batchesSent=2165 commandsSent=12113 sendFailures=0 move=(-0.63,-0.77) jump=0
[rubber-banding][remote-render] time=113.501 frame=5184 entity=1 latestHostTick=5702 buffer=8 windowMs=1007.4 fps=81.4 snapshots=32 arrivalSamples=32 arrivalAvgMs=32.8 arrivalP95Ms=246.5 arrivalMaxMs=270.6 sameArrival=24 tickGapMax=2 renderFrames=82 interpolation=2 extrapolation=80 extrapolationCapped=33 extrapolationMaxMs=251.1 oldestHeld=0 zeroSpan=62 movingFrozen=0 teleport=0 visualStepAvgCm=0.00 visualStepMaxCm=0.00 estimatedHostTick=5708 renderTick=5702.195 latestSnapshotTick=5702.000 renderMinusLatestTicks=0.195 estimatedMinusLatestTicks=6.000 sampleT=1.097
[rubber-banding][remote-render] time=113.501 frame=5184 entity=3 latestHostTick=5702 buffer=8 windowMs=1007.4 fps=81.4 snapshots=32 arrivalSamples=32 arrivalAvgMs=32.8 arrivalP95Ms=246.5 arrivalMaxMs=270.6 sameArrival=24 tickGapMax=2 renderFrames=82 interpolation=2 extrapolation=80 extrapolationCapped=33 extrapolationMaxMs=251.1 oldestHeld=0 zeroSpan=62 movingFrozen=0 teleport=0 visualStepAvgCm=0.00 visualStepMaxCm=0.00 estimatedHostTick=5708 renderTick=5702.195 latestSnapshotTick=5702.000 renderMinusLatestTicks=0.195 estimatedMinusLatestTicks=6.000 sampleT=1.097
[rubber-banding][remote-render] time=113.501 frame=5184 entity=4 latestHostTick=5702 buffer=8 windowMs=1007.4 fps=81.4 snapshots=32 arrivalSamples=32 arrivalAvgMs=32.8 arrivalP95Ms=246.5 arrivalMaxMs=270.6 sameArrival=24 tickGapMax=2 renderFrames=82 interpolation=2 extrapolation=80 extrapolationCapped=33 extrapolationMaxMs=251.1 oldestHeld=0 zeroSpan=62 movingFrozen=0 teleport=0 visualStepAvgCm=0.00 visualStepMaxCm=0.00 estimatedHostTick=5708 renderTick=5702.195 latestSnapshotTick=5702.000 renderMinusLatestTicks=0.195 estimatedMinusLatestTicks=6.000 sampleT=1.097
[rubber-banding][udp-pump] time=113.602 frame=5192 focused=1 windowMs=1008.5 fps=81.3 packets=32 socketAvgMs=32.7 socketP95Ms=244.4 socketMaxMs=264.8 pumpAvgMs=32.8 pumpP95Ms=246.5 pumpMaxMs=270.6 queueDelayAvgMs=5.3 queueDelayP95Ms=12.1 queueDelayMaxMs=12.8 samePump=24 pumpBatchMax=7 queueDepthMax=7 frameMaxMs=13.8
[rubber-banding][guest-reconcile] time=113.761 frame=5205 room=23 world=5 authority=5 entity=2 hostTick=5710 ackTick=5710 lastRecordedTick=5716 replayLatestTick=5716 move=(-81,-98) predictedBefore=(6.156, 0.008, -3.820) confirmed=(6.184, 0.008, -3.787) replayed=(6.139, 0.008, -3.841) visualBefore=(6.156, 0.008, -3.820) correction=(-0.017, 0.000, -0.021) distance=0.027 unresolved=3 replayedCount=3 nextVisualOffset=(0.017, 0.000, 0.021) mode=smooth rttMs=208.8 snapshotAgeMs=0.0
[rubber-banding][guest-reconcile] time=113.761 frame=5205 room=23 world=5 authority=5 entity=2 hostTick=5714 ackTick=5714 lastRecordedTick=5716 replayLatestTick=5716 move=(-81,-98) predictedBefore=(6.136, 0.008, -3.845) confirmed=(6.164, 0.008, -3.811) replayed=(6.153, 0.008, -3.824) visualBefore=(6.136, 0.008, -3.845) correction=(0.017, 0.000, 0.021) distance=0.027 unresolved=2 replayedCount=2 nextVisualOffset=(-0.017, 0.000, -0.021) mode=smooth rttMs=208.8 snapshotAgeMs=0.0
[rubber-banding][guest-reconcile] time=114.000 frame=5224 room=23 world=5 authority=5 entity=2 hostTick=5720 ackTick=5720 lastRecordedTick=5730 replayLatestTick=5730 move=(-81,-98) predictedBefore=(6.106, 0.008, -3.881) confirmed=(6.147, 0.008, -3.832) replayed=(6.132, 0.008, -3.850) visualBefore=(6.106, 0.008, -3.881) correction=(0.025, 0.000, 0.031) distance=0.040 unresolved=2 replayedCount=2 nextVisualOffset=(-0.025, 0.000, -0.031) mode=smooth rttMs=259.3 snapshotAgeMs=0.0
[rubber-banding][guest-reconcile] time=114.214 frame=5241 room=23 world=5 authority=5 entity=2 hostTick=5734 ackTick=5734 lastRecordedTick=5744 replayLatestTick=5744 move=(-81,-98) predictedBefore=(6.086, 0.008, -3.906) confirmed=(6.086, 0.008, -3.906) replayed=(6.058, 0.008, -3.939) visualBefore=(6.086, 0.008, -3.906) correction=(-0.028, 0.000, -0.033) distance=0.043 unresolved=2 replayedCount=2 nextVisualOffset=(0.028, 0.000, 0.033) mode=smooth rttMs=259.3 snapshotAgeMs=0.0
[rubber-banding][guest-reconcile] time=114.214 frame=5241 room=23 world=5 authority=5 entity=2 hostTick=5736 ackTick=5736 lastRecordedTick=5744 replayLatestTick=5744 move=(-81,-98) predictedBefore=(6.058, 0.008, -3.939) confirmed=(6.058, 0.008, -3.939) replayed=(6.041, 0.008, -3.960) visualBefore=(6.058, 0.008, -3.939) correction=(-0.017, 0.000, -0.021) distance=0.027 unresolved=1 replayedCount=1 nextVisualOffset=(0.017, 0.000, 0.021) mode=smooth rttMs=259.3 snapshotAgeMs=0.0
[rubber-banding][guest-reconcile] time=114.214 frame=5241 room=23 world=5 authority=5 entity=2 hostTick=5738 ackTick=5738 lastRecordedTick=5744 replayLatestTick=5744 move=(-81,-98) predictedBefore=(6.041, 0.008, -3.960) confirmed=(6.031, 0.008, -3.972) replayed=(6.019, 0.008, -3.986) visualBefore=(6.041, 0.008, -3.960) correction=(-0.022, 0.000, -0.027) distance=0.034 unresolved=1 replayedCount=1 nextVisualOffset=(0.022, 0.000, 0.027) mode=smooth rttMs=259.3 snapshotAgeMs=0.0
[rubber-banding][guest-reconcile] time=114.460 frame=5261 room=23 world=5 authority=5 entity=2 hostTick=5748 ackTick=5748 lastRecordedTick=5758 replayLatestTick=5758 move=(-81,-98) predictedBefore=(5.969, 0.008, -4.047) confirmed=(5.996, 0.008, -4.014) replayed=(5.952, 0.008, -4.067) visualBefore=(5.969, 0.008, -4.047) correction=(-0.017, 0.000, -0.021) distance=0.027 unresolved=3 replayedCount=3 nextVisualOffset=(0.017, 0.000, 0.021) mode=smooth rttMs=259.3 snapshotAgeMs=0.0
[rubber-banding][guest-reconcile] time=114.460 frame=5261 room=23 world=5 authority=5 entity=2 hostTick=5752 ackTick=5752 lastRecordedTick=5758 replayLatestTick=5758 move=(-81,-98) predictedBefore=(5.948, 0.008, -4.072) confirmed=(5.978, 0.008, -4.036) replayed=(5.965, 0.008, -4.051) visualBefore=(5.948, 0.008, -4.072) correction=(0.017, 0.000, 0.021) distance=0.027 unresolved=3 replayedCount=3 nextVisualOffset=(-0.017, 0.000, -0.021) mode=smooth rttMs=259.3 snapshotAgeMs=0.0
[rubber-banding][guest-reconcile] time=114.474 frame=5262 room=23 world=5 authority=5 entity=2 hostTick=5760 ackTick=5760 lastRecordedTick=5768 replayLatestTick=5768 move=(-81,-98) predictedBefore=(5.919, 0.008, -4.108) confirmed=(5.965, 0.008, -4.051) replayed=(5.959, 0.008, -4.059) visualBefore=(5.919, 0.008, -4.108) correction=(0.040, 0.000, 0.049) distance=0.063 unresolved=2 replayedCount=2 nextVisualOffset=(-0.040, 0.000, -0.049) mode=smooth rttMs=259.3 snapshotAgeMs=0.0
[rubber-banding][local-input] time=114.512 frame=5265 focused=1 host=0 room=23 world=5 authority=5 entity=2 windowMs=1010.5 updates=81 fixedCalls=51 commands=24 predictionSteps=24 noCommandUpdates=74 estimatedHostTick=5770 nextInputTick=5780 lastRecordedTick=5772 lastResolvedTick=5760 nextLead=10 recordedLead=2 unresolved=6 clamped=81 clampedTotal=3099 batchesSent=2195 commandsSent=12244 sendFailures=0 move=(-0.63,-0.77) jump=0
[rubber-banding][remote-render] time=114.512 frame=5265 entity=1 latestHostTick=5760 buffer=8 windowMs=1010.5 fps=80.2 snapshots=29 arrivalSamples=29 arrivalAvgMs=33.5 arrivalP95Ms=238.9 arrivalMaxMs=246.9 sameArrival=22 tickGapMax=2 renderFrames=81 interpolation=1 extrapolation=80 extrapolationCapped=32 extrapolationMaxMs=261.9 oldestHeld=0 zeroSpan=79 movingFrozen=0 teleport=0 visualStepAvgCm=0.00 visualStepMaxCm=0.00 estimatedHostTick=5770 renderTick=5764.398 latestSnapshotTick=5760.000 renderMinusLatestTicks=4.398 estimatedMinusLatestTicks=10.000 sampleT=3.199
[rubber-banding][remote-render] time=114.512 frame=5265 entity=3 latestHostTick=5760 buffer=8 windowMs=1010.5 fps=80.2 snapshots=29 arrivalSamples=29 arrivalAvgMs=33.5 arrivalP95Ms=238.9 arrivalMaxMs=246.9 sameArrival=22 tickGapMax=2 renderFrames=81 interpolation=1 extrapolation=80 extrapolationCapped=32 extrapolationMaxMs=261.9 oldestHeld=0 zeroSpan=79 movingFrozen=0 teleport=0 visualStepAvgCm=0.00 visualStepMaxCm=0.00 estimatedHostTick=5770 renderTick=5764.398 latestSnapshotTick=5760.000 renderMinusLatestTicks=4.398 estimatedMinusLatestTicks=10.000 sampleT=3.199
[rubber-banding][remote-render] time=114.512 frame=5265 entity=4 latestHostTick=5760 buffer=8 windowMs=1010.5 fps=80.2 snapshots=29 arrivalSamples=29 arrivalAvgMs=33.5 arrivalP95Ms=238.9 arrivalMaxMs=246.9 sameArrival=22 tickGapMax=2 renderFrames=81 interpolation=1 extrapolation=80 extrapolationCapped=32 extrapolationMaxMs=261.9 oldestHeld=0 zeroSpan=79 movingFrozen=0 teleport=0 visualStepAvgCm=0.00 visualStepMaxCm=0.00 estimatedHostTick=5770 renderTick=5764.398 latestSnapshotTick=5760.000 renderMinusLatestTicks=4.398 estimatedMinusLatestTicks=10.000 sampleT=3.199
[rubber-banding][udp-pump] time=114.609 frame=5273 focused=1 windowMs=1006.7 fps=80.5 packets=29 socketAvgMs=33.4 socketP95Ms=232.5 socketMaxMs=253.8 pumpAvgMs=33.5 pumpP95Ms=238.9 pumpMaxMs=246.9 queueDelayAvgMs=5.6 queueDelayP95Ms=13.4 queueDelayMaxMs=14.9 samePump=22 pumpBatchMax=7 queueDepthMax=7 frameMaxMs=15.8
[rubber-banding][guest-reconcile] time=114.698 frame=5280 room=23 world=5 authority=5 entity=2 hostTick=5762 ackTick=5762 lastRecordedTick=5772 replayLatestTick=5772 move=(-81,-98) predictedBefore=(5.921, 0.008, -4.105) confirmed=(5.959, 0.008, -4.059) replayed=(5.906, 0.008, -4.123) visualBefore=(5.921, 0.008, -4.105) correction=(-0.015, 0.000, -0.018) distance=0.023 unresolved=5 replayedCount=5 nextVisualOffset=(0.015, 0.000, 0.018) mode=smooth rttMs=259.3 snapshotAgeMs=0.0
[rubber-banding][guest-reconcile] time=114.698 frame=5280 room=23 world=5 authority=5 entity=2 hostTick=5764 ackTick=5764 lastRecordedTick=5772 replayLatestTick=5772 move=(-81,-98) predictedBefore=(5.906, 0.008, -4.123) confirmed=(5.953, 0.008, -4.067) replayed=(5.921, 0.008, -4.105) visualBefore=(5.906, 0.008, -4.123) correction=(0.015, 0.000, 0.018) distance=0.023 unresolved=5 replayedCount=5 nextVisualOffset=(-0.015, 0.000, -0.018) mode=smooth rttMs=259.3 snapshotAgeMs=0.0
[rubber-banding][guest-reconcile] time=114.902 frame=5296 room=23 world=5 authority=5 entity=2 hostTick=5780 ackTick=5780 lastRecordedTick=5786 replayLatestTick=5786 move=(-81,-98) predictedBefore=(5.628, 0.008, -4.460) confirmed=(5.759, 0.008, -4.300) replayed=(5.589, 0.008, -4.506) visualBefore=(5.628, 0.008, -4.460) correction=(-0.038, 0.000, -0.046) distance=0.060 unresolved=5 replayedCount=5 nextVisualOffset=(0.038, 0.000, 0.046) mode=smooth rttMs=213.6 snapshotAgeMs=0.0
[rubber-banding][guest-reconcile] time=114.902 frame=5296 room=23 world=5 authority=5 entity=2 hostTick=5782 ackTick=5782 lastRecordedTick=5786 replayLatestTick=5786 move=(-81,-98) predictedBefore=(5.589, 0.008, -4.506) confirmed=(5.698, 0.008, -4.375) replayed=(5.549, 0.008, -4.555) visualBefore=(5.589, 0.008, -4.506) correction=(-0.040, 0.000, -0.049) distance=0.063 unresolved=4 replayedCount=4 nextVisualOffset=(0.040, 0.000, 0.049) mode=smooth rttMs=213.6 snapshotAgeMs=0.0
[rubber-banding][guest-reconcile] time=115.096 frame=5311 room=23 world=5 authority=5 entity=2 hostTick=5790 ackTick=5790 lastRecordedTick=5798 replayLatestTick=5798 move=(-81,-98) predictedBefore=(5.379, 0.008, -4.760) confirmed=(5.379, 0.008, -4.760) replayed=(5.337, 0.008, -4.812) visualBefore=(5.379, 0.008, -4.760) correction=(-0.042, 0.000, -0.051) distance=0.067 unresolved=1 replayedCount=1 nextVisualOffset=(0.042, 0.000, 0.051) mode=smooth rttMs=213.6 snapshotAgeMs=0.0
[rubber-banding][guest-reconcile] time=115.110 frame=5312 room=23 world=5 authority=5 entity=2 hostTick=5792 ackTick=5792 lastRecordedTick=5802 replayLatestTick=5802 move=(-81,-98) predictedBefore=(5.167, 0.008, -5.017) confirmed=(5.301, 0.008, -4.855) replayed=(5.097, 0.008, -5.101) visualBefore=(5.206, 0.008, -4.970) correction=(-0.069, 0.000, -0.084) distance=0.109 unresolved=5 replayedCount=5 nextVisualOffset=(0.109, 0.000, 0.131) mode=smooth rttMs=213.6 snapshotAgeMs=0.0
[rubber-banding][guest-reconcile] time=115.110 frame=5312 room=23 world=5 authority=5 entity=2 hostTick=5794 ackTick=5794 lastRecordedTick=5802 replayLatestTick=5802 move=(-81,-98) predictedBefore=(5.097, 0.008, -5.101) confirmed=(5.252, 0.008, -4.914) replayed=(5.114, 0.008, -5.081) visualBefore=(5.137, 0.008, -5.054) correction=(0.016, 0.000, 0.020) distance=0.026 unresolved=5 replayedCount=5 nextVisualOffset=(0.023, 0.000, 0.028) mode=smooth rttMs=213.6 snapshotAgeMs=0.0
[rubber-banding][guest-reconcile] time=115.110 frame=5312 room=23 world=5 authority=5 entity=2 hostTick=5796 ackTick=5796 lastRecordedTick=5802 replayLatestTick=5802 move=(-81,-98) predictedBefore=(5.114, 0.008, -5.081) confirmed=(5.231, 0.008, -4.940) replayed=(5.163, 0.008, -5.022) visualBefore=(5.153, 0.008, -5.034) correction=(0.050, 0.000, 0.060) distance=0.078 unresolved=5 replayedCount=5 nextVisualOffset=(-0.010, 0.000, -0.012) mode=smooth rttMs=213.6 snapshotAgeMs=0.0
[rubber-banding][guest-reconcile] time=115.110 frame=5312 room=23 world=5 authority=5 entity=2 hostTick=5798 ackTick=5798 lastRecordedTick=5802 replayLatestTick=5802 move=(-81,-98) predictedBefore=(5.163, 0.008, -5.022) confirmed=(5.228, 0.008, -4.943) replayed=(5.199, 0.008, -4.979) visualBefore=(5.203, 0.008, -4.974) correction=(0.035, 0.000, 0.043) distance=0.056 unresolved=4 replayedCount=4 nextVisualOffset=(0.004, 0.000, 0.005) mode=smooth rttMs=213.6 snapshotAgeMs=0.0
[rubber-banding][guest-reconcile] time=115.357 frame=5332 room=23 world=5 authority=5 entity=2 hostTick=5806 ackTick=5806 lastRecordedTick=5810 replayLatestTick=5810 move=(-81,-98) predictedBefore=(5.135, 0.008, -5.056) confirmed=(5.135, 0.008, -5.056) replayed=(5.114, 0.008, -5.081) visualBefore=(5.135, 0.008, -5.056) correction=(-0.021, 0.000, -0.026) distance=0.033 unresolved=1 replayedCount=1 nextVisualOffset=(0.021, 0.000, 0.026) mode=smooth rttMs=213.6 snapshotAgeMs=0.0
[rubber-banding][guest-reconcile] time=115.357 frame=5332 room=23 world=5 authority=5 entity=2 hostTick=5808 ackTick=5808 lastRecordedTick=5810 replayLatestTick=5810 move=(-81,-98) predictedBefore=(5.114, 0.008, -5.081) confirmed=(5.100, 0.008, -5.099) replayed=(5.083, 0.008, -5.118) visualBefore=(5.114, 0.008, -5.081) correction=(-0.030, 0.000, -0.037) distance=0.048 unresolved=1 replayedCount=1 nextVisualOffset=(0.030, 0.000, 0.037) mode=smooth rttMs=213.6 snapshotAgeMs=0.0
[rubber-banding][guest-reconcile] time=115.357 frame=5332 room=23 world=5 authority=5 entity=2 hostTick=5812 ackTick=5812 lastRecordedTick=5810 replayLatestTick=0 move=(0,0) predictedBefore=(5.083, 0.008, -5.118) confirmed=(5.059, 0.008, -5.148) replayed=(5.059, 0.008, -5.148) visualBefore=(5.083, 0.008, -5.118) correction=(-0.025, 0.000, -0.030) distance=0.039 unresolved=0 replayedCount=0 nextVisualOffset=(0.025, 0.000, 0.030) mode=smooth rttMs=213.6 snapshotAgeMs=0.0
[rubber-banding][local-input] time=115.519 frame=5345 focused=1 host=0 room=23 world=5 authority=5 entity=2 windowMs=1006.5 updates=80 fixedCalls=50 commands=28 predictionSteps=28 noCommandUpdates=73 estimatedHostTick=5828 nextInputTick=5837 lastRecordedTick=5826 lastResolvedTick=5814 nextLead=9 recordedLead=-2 unresolved=4 clamped=80 clampedTotal=3179 batchesSent=2225 commandsSent=12430 sendFailures=0 move=(-0.63,-0.77) jump=0
[rubber-banding][remote-render] time=115.519 frame=5345 entity=1 latestHostTick=5814 buffer=8 windowMs=1006.5 fps=79.5 snapshots=27 arrivalSamples=27 arrivalAvgMs=32.7 arrivalP95Ms=224.0 arrivalMaxMs=247.1 sameArrival=20 tickGapMax=2 renderFrames=80 interpolation=0 extrapolation=80 extrapolationCapped=30 extrapolationMaxMs=257.7 oldestHeld=0 zeroSpan=80 movingFrozen=0 teleport=0 visualStepAvgCm=0.00 visualStepMaxCm=0.00 estimatedHostTick=5828 renderTick=5823.755 latestSnapshotTick=5814.000 renderMinusLatestTicks=9.755 estimatedMinusLatestTicks=14.000 sampleT=5.877
[rubber-banding][remote-render] time=115.519 frame=5345 entity=3 latestHostTick=5814 buffer=8 windowMs=1006.5 fps=79.5 snapshots=27 arrivalSamples=27 arrivalAvgMs=32.7 arrivalP95Ms=224.0 arrivalMaxMs=247.1 sameArrival=20 tickGapMax=2 renderFrames=80 interpolation=0 extrapolation=80 extrapolationCapped=30 extrapolationMaxMs=257.7 oldestHeld=0 zeroSpan=80 movingFrozen=0 teleport=0 visualStepAvgCm=0.00 visualStepMaxCm=0.00 estimatedHostTick=5828 renderTick=5823.755 latestSnapshotTick=5814.000 renderMinusLatestTicks=9.755 estimatedMinusLatestTicks=14.000 sampleT=5.877
[rubber-banding][remote-render] time=115.519 frame=5345 entity=4 latestHostTick=5814 buffer=8 windowMs=1006.5 fps=79.5 snapshots=27 arrivalSamples=27 arrivalAvgMs=32.7 arrivalP95Ms=224.0 arrivalMaxMs=247.1 sameArrival=20 tickGapMax=2 renderFrames=80 interpolation=0 extrapolation=80 extrapolationCapped=30 extrapolationMaxMs=257.7 oldestHeld=0 zeroSpan=80 movingFrozen=0 teleport=0 visualStepAvgCm=0.00 visualStepMaxCm=0.00 estimatedHostTick=5828 renderTick=5823.755 latestSnapshotTick=5814.000 renderMinusLatestTicks=9.755 estimatedMinusLatestTicks=14.000 sampleT=5.877
[rubber-banding][udp-pump] time=115.614 frame=5353 focused=1 windowMs=1004.6 fps=79.6 packets=27 socketAvgMs=33.1 socketP95Ms=232.2 socketMaxMs=241.6 pumpAvgMs=32.7 pumpP95Ms=224.0 pumpMaxMs=247.1 queueDelayAvgMs=6.6 queueDelayP95Ms=13.9 queueDelayMaxMs=14.0 samePump=20 pumpBatchMax=8 queueDepthMax=8 frameMaxMs=14.1
[rubber-banding][guest-reconcile] time=115.628 frame=5354 room=23 world=5 authority=5 entity=2 hostTick=5816 ackTick=5816 lastRecordedTick=5826 replayLatestTick=5826 move=(-81,-98) predictedBefore=(4.984, 0.008, -5.239) confirmed=(5.046, 0.008, -5.164) replayed=(5.031, 0.008, -5.182) visualBefore=(4.984, 0.008, -5.239) correction=(0.047, 0.000, 0.057) distance=0.074 unresolved=2 replayedCount=2 nextVisualOffset=(-0.047, 0.000, -0.057) mode=smooth rttMs=213.6 snapshotAgeMs=0.0
[rubber-banding][guest-reconcile] time=116.101 frame=5392 room=23 world=5 authority=5 entity=2 hostTick=5846 ackTick=5846 lastRecordedTick=5856 replayLatestTick=5856 move=(-81,-98) predictedBefore=(4.851, 0.008, -5.399) confirmed=(4.932, 0.008, -5.302) replayed=(4.826, 0.008, -5.430) visualBefore=(4.851, 0.008, -5.399) correction=(-0.025, 0.000, -0.031) distance=0.040 unresolved=5 replayedCount=5 nextVisualOffset=(0.025, 0.000, 0.031) mode=smooth rttMs=123.2 snapshotAgeMs=0.0
[rubber-banding][guest-reconcile] time=116.101 frame=5392 room=23 world=5 authority=5 entity=2 hostTick=5850 ackTick=5850 lastRecordedTick=5856 replayLatestTick=5856 move=(-81,-98) predictedBefore=(4.824, 0.008, -5.433) confirmed=(4.902, 0.008, -5.338) replayed=(4.870, 0.008, -5.376) visualBefore=(4.824, 0.008, -5.433) correction=(0.047, 0.000, 0.057) distance=0.073 unresolved=5 replayedCount=5 nextVisualOffset=(-0.047, 0.000, -0.057) mode=smooth rttMs=123.2 snapshotAgeMs=0.0
[rubber-banding][guest-reconcile] time=116.347 frame=5412 room=23 world=5 authority=5 entity=2 hostTick=5860 ackTick=5860 lastRecordedTick=5870 replayLatestTick=5870 move=(-81,-98) predictedBefore=(4.647, 0.008, -5.646) confirmed=(4.807, 0.008, -5.453) replayed=(4.613, 0.008, -5.687) visualBefore=(4.647, 0.008, -5.646) correction=(-0.034, 0.000, -0.041) distance=0.053 unresolved=7 replayedCount=7 nextVisualOffset=(0.034, 0.000, 0.041) mode=smooth rttMs=123.2 snapshotAgeMs=0.0
[rubber-banding][guest-reconcile] time=116.347 frame=5412 room=23 world=5 authority=5 entity=2 hostTick=5864 ackTick=5864 lastRecordedTick=5870 replayLatestTick=5870 move=(-81,-98) predictedBefore=(4.613, 0.008, -5.688) confirmed=(4.755, 0.008, -5.516) replayed=(4.655, 0.008, -5.636) visualBefore=(4.613, 0.008, -5.688) correction=(0.042, 0.000, 0.051) distance=0.067 unresolved=6 replayedCount=6 nextVisualOffset=(-0.042, 0.000, -0.051) mode=smooth rttMs=123.2 snapshotAgeMs=0.0
[rubber-banding][local-input] time=116.520 frame=5426 focused=1 host=0 room=23 world=5 authority=5 entity=2 windowMs=1001.3 updates=81 fixedCalls=50 commands=30 predictionSteps=30 noCommandUpdates=67 estimatedHostTick=5886 nextInputTick=5892 lastRecordedTick=5884 lastResolvedTick=5872 nextLead=6 recordedLead=-2 unresolved=4 clamped=63 clampedTotal=3242 batchesSent=2255 commandsSent=12590 sendFailures=0 move=(-0.63,-0.77) jump=0
[rubber-banding][remote-render] time=116.520 frame=5426 entity=1 latestHostTick=5872 buffer=8 windowMs=1001.3 fps=80.9 snapshots=29 arrivalSamples=29 arrivalAvgMs=34.6 arrivalP95Ms=236.3 arrivalMaxMs=271.1 sameArrival=21 tickGapMax=2 renderFrames=81 interpolation=0 extrapolation=81 extrapolationCapped=29 extrapolationMaxMs=255.7 oldestHeld=0 zeroSpan=48 movingFrozen=0 teleport=0 visualStepAvgCm=0.00 visualStepMaxCm=0.00 estimatedHostTick=5886 renderTick=5882.169 latestSnapshotTick=5872.000 renderMinusLatestTicks=10.169 estimatedMinusLatestTicks=14.000 sampleT=6.085
[rubber-banding][remote-render] time=116.520 frame=5426 entity=3 latestHostTick=5872 buffer=8 windowMs=1001.3 fps=80.9 snapshots=29 arrivalSamples=29 arrivalAvgMs=34.6 arrivalP95Ms=236.3 arrivalMaxMs=271.1 sameArrival=21 tickGapMax=2 renderFrames=81 interpolation=0 extrapolation=81 extrapolationCapped=29 extrapolationMaxMs=255.7 oldestHeld=0 zeroSpan=48 movingFrozen=0 teleport=0 visualStepAvgCm=0.00 visualStepMaxCm=0.00 estimatedHostTick=5886 renderTick=5882.169 latestSnapshotTick=5872.000 renderMinusLatestTicks=10.169 estimatedMinusLatestTicks=14.000 sampleT=6.085
[rubber-banding][remote-render] time=116.520 frame=5426 entity=4 latestHostTick=5872 buffer=8 windowMs=1001.3 fps=80.9 snapshots=29 arrivalSamples=29 arrivalAvgMs=34.6 arrivalP95Ms=236.3 arrivalMaxMs=271.1 sameArrival=21 tickGapMax=2 renderFrames=81 interpolation=0 extrapolation=81 extrapolationCapped=29 extrapolationMaxMs=255.7 oldestHeld=0 zeroSpan=48 movingFrozen=0 teleport=0 visualStepAvgCm=0.00 visualStepMaxCm=0.00 estimatedHostTick=5886 renderTick=5882.169 latestSnapshotTick=5872.000 renderMinusLatestTicks=10.169 estimatedMinusLatestTicks=14.000 sampleT=6.085
[rubber-banding][guest-reconcile] time=116.606 frame=5433 room=23 world=5 authority=5 entity=2 hostTick=5874 ackTick=5874 lastRecordedTick=5884 replayLatestTick=5884 move=(-81,-98) predictedBefore=(4.479, 0.008, -5.850) confirmed=(4.574, 0.008, -5.735) replayed=(4.525, 0.008, -5.794) visualBefore=(4.479, 0.008, -5.850) correction=(0.046, 0.000, 0.056) distance=0.072 unresolved=3 replayedCount=3 nextVisualOffset=(-0.046, 0.000, -0.056) mode=smooth rttMs=123.2 snapshotAgeMs=0.0
[rubber-banding][guest-reconcile] time=116.606 frame=5433 room=23 world=5 authority=5 entity=2 hostTick=5876 ackTick=5876 lastRecordedTick=5884 replayLatestTick=5884 move=(-81,-98) predictedBefore=(4.525, 0.008, -5.794) confirmed=(4.569, 0.008, -5.741) replayed=(4.556, 0.008, -5.756) visualBefore=(4.525, 0.008, -5.794) correction=(0.031, 0.000, 0.038) distance=0.049 unresolved=3 replayedCount=3 nextVisualOffset=(-0.031, 0.000, -0.038) mode=smooth rttMs=123.2 snapshotAgeMs=0.0
[rubber-banding][guest-reconcile] time=116.619 frame=5434 room=23 world=5 authority=5 entity=2 hostTick=5888 ackTick=5888 lastRecordedTick=5896 replayLatestTick=5896 move=(-81,-98) predictedBefore=(4.509, 0.008, -5.813) confirmed=(4.533, 0.008, -5.784) replayed=(4.531, 0.008, -5.786) visualBefore=(4.509, 0.008, -5.813) correction=(0.022, 0.000, 0.027) distance=0.034 unresolved=1 replayedCount=1 nextVisualOffset=(-0.022, 0.000, -0.027) mode=smooth rttMs=123.2 snapshotAgeMs=0.0
[rubber-banding][udp-pump] time=116.619 frame=5434 focused=1 windowMs=1005.4 fps=80.6 packets=37 socketAvgMs=33.9 socketP95Ms=250.5 socketMaxMs=262.6 pumpAvgMs=34.1 pumpP95Ms=246.1 pumpMaxMs=271.1 queueDelayAvgMs=5.0 queueDelayP95Ms=11.6 queueDelayMaxMs=12.8 samePump=27 pumpBatchMax=7 queueDepthMax=6 frameMaxMs=14.4
[rubber-banding][guest-reconcile] time=116.879 frame=5455 room=23 world=5 authority=5 entity=2 hostTick=5902 ackTick=5902 lastRecordedTick=5900 replayLatestTick=0 move=(0,0) predictedBefore=(4.501, 0.008, -5.822) confirmed=(4.474, 0.008, -5.856) replayed=(4.474, 0.008, -5.856) visualBefore=(4.501, 0.008, -5.822) correction=(-0.028, 0.000, -0.033) distance=0.043 unresolved=0 replayedCount=0 nextVisualOffset=(0.028, 0.000, 0.033) mode=smooth rttMs=99.2 snapshotAgeMs=0.0
[rubber-banding][guest-reconcile] time=117.102 frame=5473 room=23 world=5 authority=5 entity=2 hostTick=5906 ackTick=5906 lastRecordedTick=5916 replayLatestTick=5916 move=(-81,-98) predictedBefore=(4.278, 0.008, -6.092) confirmed=(4.463, 0.008, -5.869) replayed=(4.406, 0.008, -5.938) visualBefore=(4.278, 0.008, -6.092) correction=(0.127, 0.000, 0.154) distance=0.200 unresolved=6 replayedCount=6 nextVisualOffset=(-0.127, 0.000, -0.154) mode=smooth rttMs=99.2 snapshotAgeMs=0.0
[rubber-banding][guest-reconcile] time=117.102 frame=5473 room=23 world=5 authority=5 entity=2 hostTick=5908 ackTick=5908 lastRecordedTick=5916 replayLatestTick=5916 move=(-81,-98) predictedBefore=(4.406, 0.008, -5.938) confirmed=(4.453, 0.008, -5.881) replayed=(4.389, 0.008, -5.958) visualBefore=(4.406, 0.008, -5.938) correction=(-0.017, 0.000, -0.021) distance=0.027 unresolved=5 replayedCount=5 nextVisualOffset=(0.017, 0.000, 0.021) mode=smooth rttMs=99.2 snapshotAgeMs=0.0
[rubber-banding][guest-reconcile] time=117.102 frame=5473 room=23 world=5 authority=5 entity=2 hostTick=5910 ackTick=5910 lastRecordedTick=5916 replayLatestTick=5916 move=(-81,-98) predictedBefore=(4.389, 0.008, -5.958) confirmed=(4.443, 0.008, -5.893) replayed=(4.404, 0.008, -5.940) visualBefore=(4.389, 0.008, -5.958) correction=(0.015, 0.000, 0.018) distance=0.023 unresolved=5 replayedCount=5 nextVisualOffset=(-0.015, 0.000, -0.018) mode=smooth rttMs=99.2 snapshotAgeMs=0.0
[rubber-banding][guest-reconcile] time=117.381 frame=5496 room=23 world=5 authority=5 entity=2 hostTick=5920 ackTick=5920 lastRecordedTick=5930 replayLatestTick=5930 move=(-81,-98) predictedBefore=(4.188, 0.008, -6.202) confirmed=(4.347, 0.008, -6.009) replayed=(4.154, 0.008, -6.243) visualBefore=(4.188, 0.008, -6.202) correction=(-0.034, 0.000, -0.041) distance=0.053 unresolved=7 replayedCount=7 nextVisualOffset=(0.034, 0.000, 0.041) mode=smooth rttMs=99.2 snapshotAgeMs=0.0
[rubber-banding][guest-reconcile] time=117.381 frame=5496 room=23 world=5 authority=5 entity=2 hostTick=5924 ackTick=5924 lastRecordedTick=5930 replayLatestTick=5930 move=(-81,-98) predictedBefore=(4.153, 0.008, -6.244) confirmed=(4.295, 0.008, -6.072) replayed=(4.196, 0.008, -6.192) visualBefore=(4.153, 0.008, -6.244) correction=(0.042, 0.000, 0.051) distance=0.067 unresolved=6 replayedCount=6 nextVisualOffset=(-0.042, 0.000, -0.051) mode=smooth rttMs=99.2 snapshotAgeMs=0.0
[rubber-banding][guest-reconcile] time=117.381 frame=5496 room=23 world=5 authority=5 entity=2 hostTick=5932 ackTick=5932 lastRecordedTick=5930 replayLatestTick=0 move=(0,0) predictedBefore=(4.196, 0.008, -6.192) confirmed=(4.145, 0.008, -6.253) replayed=(4.145, 0.008, -6.253) visualBefore=(4.196, 0.008, -6.192) correction=(-0.050, 0.000, -0.061) distance=0.079 unresolved=0 replayedCount=0 nextVisualOffset=(0.050, 0.000, 0.061) mode=smooth rttMs=99.2 snapshotAgeMs=0.0
[rubber-banding][guest-reconcile] time=117.381 frame=5496 room=23 world=5 authority=5 entity=2 hostTick=5934 ackTick=5934 lastRecordedTick=5930 replayLatestTick=0 move=(0,0) predictedBefore=(4.145, 0.008, -6.253) confirmed=(4.114, 0.008, -6.291) replayed=(4.114, 0.008, -6.291) visualBefore=(4.145, 0.008, -6.253) correction=(-0.031, 0.000, -0.038) distance=0.049 unresolved=0 replayedCount=0 nextVisualOffset=(0.031, 0.000, 0.038) mode=smooth rttMs=99.2 snapshotAgeMs=0.0
[rubber-banding][local-input] time=117.523 frame=5507 focused=1 host=0 room=23 world=5 authority=5 entity=2 windowMs=1003.1 updates=81 fixedCalls=50 commands=34 predictionSteps=34 noCommandUpdates=60 estimatedHostTick=5946 nextInputTick=5951 lastRecordedTick=5946 lastResolvedTick=5934 nextLead=5 recordedLead=0 unresolved=8 clamped=57 clampedTotal=3299 batchesSent=2285 commandsSent=12784 sendFailures=0 move=(-0.63,-0.77) jump=0
[rubber-banding][remote-render] time=117.523 frame=5507 entity=1 latestHostTick=5934 buffer=8 windowMs=1003.1 fps=80.7 snapshots=31 arrivalSamples=31 arrivalAvgMs=32.9 arrivalP95Ms=260.0 arrivalMaxMs=267.1 sameArrival=25 tickGapMax=2 renderFrames=81 interpolation=6 extrapolation=75 extrapolationCapped=26 extrapolationMaxMs=242.3 oldestHeld=0 zeroSpan=75 movingFrozen=0 teleport=0 visualStepAvgCm=0.00 visualStepMaxCm=0.00 estimatedHostTick=5946 renderTick=5941.615 latestSnapshotTick=5934.000 renderMinusLatestTicks=7.615 estimatedMinusLatestTicks=12.000 sampleT=4.807
[rubber-banding][remote-render] time=117.523 frame=5507 entity=3 latestHostTick=5934 buffer=8 windowMs=1003.1 fps=80.7 snapshots=31 arrivalSamples=31 arrivalAvgMs=32.9 arrivalP95Ms=260.0 arrivalMaxMs=267.1 sameArrival=25 tickGapMax=2 renderFrames=81 interpolation=6 extrapolation=75 extrapolationCapped=26 extrapolationMaxMs=242.3 oldestHeld=0 zeroSpan=75 movingFrozen=0 teleport=0 visualStepAvgCm=0.00 visualStepMaxCm=0.00 estimatedHostTick=5946 renderTick=5941.615 latestSnapshotTick=5934.000 renderMinusLatestTicks=7.615 estimatedMinusLatestTicks=12.000 sampleT=4.807
[rubber-banding][remote-render] time=117.523 frame=5507 entity=4 latestHostTick=5934 buffer=8 windowMs=1003.1 fps=80.7 snapshots=31 arrivalSamples=31 arrivalAvgMs=32.9 arrivalP95Ms=260.0 arrivalMaxMs=267.1 sameArrival=25 tickGapMax=2 renderFrames=81 interpolation=6 extrapolation=75 extrapolationCapped=26 extrapolationMaxMs=242.3 oldestHeld=0 zeroSpan=75 movingFrozen=0 teleport=0 visualStepAvgCm=0.00 visualStepMaxCm=0.00 estimatedHostTick=5946 renderTick=5941.615 latestSnapshotTick=5934.000 renderMinusLatestTicks=7.615 estimatedMinusLatestTicks=12.000 sampleT=4.807
[rubber-banding][udp-pump] time=117.633 frame=5516 focused=1 windowMs=1014.1 fps=80.9 packets=23 socketAvgMs=33.5 socketP95Ms=255.8 socketMaxMs=259.5 pumpAvgMs=33.1 pumpP95Ms=260.0 pumpMaxMs=267.1 queueDelayAvgMs=5.5 queueDelayP95Ms=11.8 queueDelayMaxMs=12.8 samePump=19 pumpBatchMax=8 queueDepthMax=8 frameMaxMs=15.4
[rubber-banding][guest-reconcile] time=117.646 frame=5517 room=23 world=5 authority=5 entity=2 hostTick=5936 ackTick=5936 lastRecordedTick=5946 replayLatestTick=5946 move=(-81,-98) predictedBefore=(3.942, 0.008, -6.500) confirmed=(4.102, 0.008, -6.305) replayed=(4.015, 0.008, -6.411) visualBefore=(3.942, 0.008, -6.500) correction=(0.074, 0.000, 0.089) distance=0.116 unresolved=6 replayedCount=6 nextVisualOffset=(-0.074, 0.000, -0.089) mode=smooth rttMs=99.2 snapshotAgeMs=0.0
[rubber-banding][guest-reconcile] time=117.646 frame=5517 room=23 world=5 authority=5 entity=2 hostTick=5938 ackTick=5938 lastRecordedTick=5946 replayLatestTick=5946 move=(-81,-98) predictedBefore=(4.015, 0.008, -6.411) confirmed=(4.082, 0.008, -6.330) replayed=(3.993, 0.008, -6.437) visualBefore=(4.015, 0.008, -6.411) correction=(-0.022, 0.000, -0.027) distance=0.034 unresolved=5 replayedCount=5 nextVisualOffset=(0.022, 0.000, 0.027) mode=smooth rttMs=99.2 snapshotAgeMs=0.0
[rubber-banding][guest-reconcile] time=117.646 frame=5517 room=23 world=5 authority=5 entity=2 hostTick=5942 ackTick=5942 lastRecordedTick=5946 replayLatestTick=5946 move=(-81,-98) predictedBefore=(3.998, 0.008, -6.431) confirmed=(4.060, 0.008, -6.357) replayed=(4.030, 0.008, -6.393) visualBefore=(3.998, 0.008, -6.431) correction=(0.032, 0.000, 0.039) distance=0.050 unresolved=4 replayedCount=4 nextVisualOffset=(-0.032, 0.000, -0.039) mode=smooth rttMs=99.2 snapshotAgeMs=0.0
[rubber-banding][guest-reconcile] time=117.659 frame=5518 room=23 world=5 authority=5 entity=2 hostTick=5950 ackTick=5950 lastRecordedTick=5958 replayLatestTick=5958 move=(-81,-98) predictedBefore=(3.966, 0.008, -6.470) confirmed=(3.994, 0.008, -6.436) replayed=(3.991, 0.008, -6.440) visualBefore=(3.966, 0.008, -6.470) correction=(0.025, 0.000, 0.030) distance=0.039 unresolved=1 replayedCount=1 nextVisualOffset=(-0.025, 0.000, -0.030) mode=smooth rttMs=99.2 snapshotAgeMs=0.0
[rubber-banding][guest-reconcile] time=117.919 frame=5539 room=23 world=5 authority=5 entity=2 hostTick=5964 ackTick=5964 lastRecordedTick=5962 replayLatestTick=0 move=(0,0) predictedBefore=(3.962, 0.008, -6.475) confirmed=(3.934, 0.008, -6.508) replayed=(3.934, 0.008, -6.508) visualBefore=(3.962, 0.008, -6.475) correction=(-0.028, 0.000, -0.033) distance=0.043 unresolved=0 replayedCount=0 nextVisualOffset=(0.028, 0.000, 0.033) mode=smooth rttMs=135.5 snapshotAgeMs=0.0
[rubber-banding][guest-reconcile] time=118.167 frame=5559 room=23 world=5 authority=5 entity=2 hostTick=5968 ackTick=5968 lastRecordedTick=5978 replayLatestTick=5978 move=(98,-81) predictedBefore=(4.063, 0.008, -6.614) confirmed=(3.929, 0.008, -6.521) replayed=(3.952, 0.008, -6.540) visualBefore=(4.063, 0.008, -6.614) correction=(-0.111, 0.000, 0.075) distance=0.134 unresolved=3 replayedCount=3 nextVisualOffset=(0.111, 0.000, -0.075) mode=smooth rttMs=135.5 snapshotAgeMs=0.0
[rubber-banding][guest-reconcile] time=118.178 frame=5560 room=23 world=5 authority=5 entity=2 hostTick=5970 ackTick=5970 lastRecordedTick=5980 replayLatestTick=5980 move=(98,-81) predictedBefore=(3.980, 0.008, -6.563) confirmed=(3.941, 0.008, -6.531) replayed=(3.998, 0.008, -6.578) visualBefore=(4.082, 0.008, -6.632) correction=(0.018, 0.000, -0.015) distance=0.023 unresolved=4 replayedCount=4 nextVisualOffset=(0.084, 0.000, -0.054) mode=smooth rttMs=135.5 snapshotAgeMs=0.0
[rubber-banding][guest-reconcile] time=118.178 frame=5560 room=23 world=5 authority=5 entity=2 hostTick=5982 ackTick=5982 lastRecordedTick=5980 replayLatestTick=0 move=(0,0) predictedBefore=(3.979, 0.008, -6.562) confirmed=(4.007, 0.008, -6.586) replayed=(4.007, 0.008, -6.586) visualBefore=(4.081, 0.008, -6.631) correction=(0.028, 0.000, -0.023) distance=0.037 unresolved=0 replayedCount=0 nextVisualOffset=(0.074, 0.000, -0.045) mode=smooth rttMs=135.5 snapshotAgeMs=0.0
[rubber-banding][guest-reconcile] time=118.439 frame=5581 room=23 world=5 authority=5 entity=2 hostTick=5984 ackTick=5984 lastRecordedTick=5994 replayLatestTick=5994 move=(98,-81) predictedBefore=(4.123, 0.008, -6.681) confirmed=(4.024, 0.008, -6.599) replayed=(4.067, 0.008, -6.635) visualBefore=(4.123, 0.008, -6.681) correction=(-0.056, 0.000, 0.046) distance=0.072 unresolved=3 replayedCount=3 nextVisualOffset=(0.056, 0.000, -0.046) mode=smooth rttMs=135.5 snapshotAgeMs=0.0
[rubber-banding][guest-reconcile] time=118.439 frame=5581 room=23 world=5 authority=5 entity=2 hostTick=5986 ackTick=5986 lastRecordedTick=5994 replayLatestTick=5994 move=(98,-81) predictedBefore=(4.067, 0.008, -6.635) confirmed=(4.050, 0.008, -6.621) replayed=(4.087, 0.008, -6.652) visualBefore=(4.067, 0.008, -6.635) correction=(0.020, 0.000, -0.016) distance=0.026 unresolved=2 replayedCount=2 nextVisualOffset=(-0.020, 0.000, 0.016) mode=smooth rttMs=135.5 snapshotAgeMs=0.0
[rubber-banding][guest-reconcile] time=118.439 frame=5581 room=23 world=5 authority=5 entity=2 hostTick=5990 ackTick=5990 lastRecordedTick=5994 replayLatestTick=5994 move=(98,-81) predictedBefore=(4.101, 0.008, -6.663) confirmed=(4.076, 0.008, -6.642) replayed=(4.084, 0.008, -6.649) visualBefore=(4.101, 0.008, -6.663) correction=(-0.017, 0.000, 0.014) distance=0.022 unresolved=2 replayedCount=2 nextVisualOffset=(0.017, 0.000, -0.014) mode=smooth rttMs=135.5 snapshotAgeMs=0.0
[rubber-banding][guest-reconcile] time=118.451 frame=5582 room=23 world=5 authority=5 entity=2 hostTick=5998 ackTick=5998 lastRecordedTick=6006 replayLatestTick=6006 move=(98,-81) predictedBefore=(4.130, 0.008, -6.687) confirmed=(4.103, 0.008, -6.665) replayed=(4.106, 0.008, -6.667) visualBefore=(4.130, 0.008, -6.687) correction=(-0.024, 0.000, 0.020) distance=0.031 unresolved=1 replayedCount=1 nextVisualOffset=(0.024, 0.000, -0.020) mode=smooth rttMs=135.5 snapshotAgeMs=0.0
[rubber-banding][local-input] time=118.525 frame=5588 focused=1 host=0 room=23 world=5 authority=5 entity=2 windowMs=1002.4 updates=81 fixedCalls=51 commands=28 predictionSteps=28 noCommandUpdates=71 estimatedHostTick=6007 nextInputTick=6014 lastRecordedTick=6010 lastResolvedTick=5998 nextLead=7 recordedLead=3 unresolved=5 clamped=71 clampedTotal=3370 batchesSent=2315 commandsSent=12945 sendFailures=0 move=(0.77,-0.63) jump=0
[rubber-banding][remote-render] time=118.525 frame=5588 entity=1 latestHostTick=5998 buffer=8 windowMs=1002.4 fps=80.8 snapshots=32 arrivalSamples=32 arrivalAvgMs=33.4 arrivalP95Ms=261.5 arrivalMaxMs=265.1 sameArrival=25 tickGapMax=2 renderFrames=81 interpolation=5 extrapolation=76 extrapolationCapped=30 extrapolationMaxMs=241.2 oldestHeld=0 zeroSpan=80 movingFrozen=0 teleport=0 visualStepAvgCm=0.00 visualStepMaxCm=0.00 estimatedHostTick=6007 renderTick=6001.691 latestSnapshotTick=5998.000 renderMinusLatestTicks=3.691 estimatedMinusLatestTicks=9.000 sampleT=2.845
[rubber-banding][remote-render] time=118.525 frame=5588 entity=3 latestHostTick=5998 buffer=8 windowMs=1002.4 fps=80.8 snapshots=32 arrivalSamples=32 arrivalAvgMs=33.4 arrivalP95Ms=261.5 arrivalMaxMs=265.1 sameArrival=25 tickGapMax=2 renderFrames=81 interpolation=5 extrapolation=76 extrapolationCapped=30 extrapolationMaxMs=241.2 oldestHeld=0 zeroSpan=80 movingFrozen=0 teleport=0 visualStepAvgCm=0.00 visualStepMaxCm=0.00 estimatedHostTick=6007 renderTick=6001.691 latestSnapshotTick=5998.000 renderMinusLatestTicks=3.691 estimatedMinusLatestTicks=9.000 sampleT=2.845
[rubber-banding][remote-render] time=118.525 frame=5588 entity=4 latestHostTick=5998 buffer=8 windowMs=1002.4 fps=80.8 snapshots=32 arrivalSamples=32 arrivalAvgMs=33.4 arrivalP95Ms=261.5 arrivalMaxMs=265.1 sameArrival=25 tickGapMax=2 renderFrames=81 interpolation=5 extrapolation=76 extrapolationCapped=30 extrapolationMaxMs=241.2 oldestHeld=0 zeroSpan=80 movingFrozen=0 teleport=0 visualStepAvgCm=0.00 visualStepMaxCm=0.00 estimatedHostTick=6007 renderTick=6001.691 latestSnapshotTick=5998.000 renderMinusLatestTicks=3.691 estimatedMinusLatestTicks=9.000 sampleT=2.845
[rubber-banding][udp-pump] time=118.634 frame=5597 focused=1 windowMs=1001.2 fps=80.9 packets=32 socketAvgMs=33.1 socketP95Ms=258.4 socketMaxMs=258.9 pumpAvgMs=33.4 pumpP95Ms=261.5 pumpMaxMs=265.1 queueDelayAvgMs=4.8 queueDelayP95Ms=10.7 queueDelayMaxMs=12.9 samePump=25 pumpBatchMax=8 queueDepthMax=8 frameMaxMs=14.3
[rubber-banding][guest-reconcile] time=118.710 frame=5603 room=23 world=5 authority=5 entity=2 hostTick=6014 ackTick=6014 lastRecordedTick=6022 replayLatestTick=6022 move=(98,-81) predictedBefore=(4.219, 0.008, -6.761) confirmed=(4.185, 0.008, -6.733) replayed=(4.189, 0.008, -6.736) visualBefore=(4.219, 0.008, -6.761) correction=(-0.030, 0.000, 0.025) distance=0.039 unresolved=1 replayedCount=1 nextVisualOffset=(0.030, 0.000, -0.025) mode=smooth rttMs=135.5 snapshotAgeMs=0.0
[rubber-banding][guest-reconcile] time=118.956 frame=5623 room=23 world=5 authority=5 entity=2 hostTick=6028 ackTick=6028 lastRecordedTick=6026 replayLatestTick=0 move=(0,0) predictedBefore=(4.224, 0.008, -6.765) confirmed=(4.257, 0.008, -6.793) replayed=(4.257, 0.008, -6.793) visualBefore=(4.224, 0.008, -6.765) correction=(0.033, 0.000, -0.028) distance=0.043 unresolved=0 replayedCount=0 nextVisualOffset=(-0.033, 0.000, 0.028) mode=smooth rttMs=184.3 snapshotAgeMs=0.0
[rubber-banding][guest-reconcile] time=119.208 frame=5643 room=23 world=5 authority=5 entity=2 hostTick=6030 ackTick=6030 lastRecordedTick=6040 replayLatestTick=6040 move=(98,-81) predictedBefore=(4.355, 0.008, -6.873) confirmed=(4.279, 0.008, -6.810) replayed=(4.310, 0.008, -6.836) visualBefore=(4.355, 0.008, -6.873) correction=(-0.045, 0.000, 0.037) distance=0.058 unresolved=2 replayedCount=2 nextVisualOffset=(0.045, 0.000, -0.037) mode=smooth rttMs=184.3 snapshotAgeMs=0.0
[rubber-banding][guest-reconcile] time=119.208 frame=5643 room=23 world=5 authority=5 entity=2 hostTick=6032 ackTick=6032 lastRecordedTick=6040 replayLatestTick=6040 move=(98,-81) predictedBefore=(4.310, 0.008, -6.836) confirmed=(4.310, 0.008, -6.836) replayed=(4.330, 0.008, -6.853) visualBefore=(4.310, 0.008, -6.836) correction=(0.020, 0.000, -0.016) distance=0.026 unresolved=1 replayedCount=1 nextVisualOffset=(-0.020, 0.000, 0.016) mode=smooth rttMs=184.3 snapshotAgeMs=0.0
[rubber-banding][guest-reconcile] time=119.208 frame=5643 room=23 world=5 authority=5 entity=2 hostTick=6034 ackTick=6034 lastRecordedTick=6040 replayLatestTick=6040 move=(98,-81) predictedBefore=(4.330, 0.008, -6.853) confirmed=(4.341, 0.008, -6.862) replayed=(4.355, 0.008, -6.873) visualBefore=(4.330, 0.008, -6.853) correction=(0.025, 0.000, -0.021) distance=0.032 unresolved=1 replayedCount=1 nextVisualOffset=(-0.025, 0.000, 0.021) mode=smooth rttMs=184.3 snapshotAgeMs=0.0
[rubber-banding][guest-reconcile] time=119.453 frame=5663 room=23 world=5 authority=5 entity=2 hostTick=6048 ackTick=6048 lastRecordedTick=6058 replayLatestTick=6058 move=(98,-81) predictedBefore=(4.398, 0.008, -6.909) confirmed=(4.375, 0.008, -6.890) replayed=(4.413, 0.008, -6.921) visualBefore=(4.398, 0.008, -6.909) correction=(0.015, 0.000, -0.013) distance=0.020 unresolved=3 replayedCount=3 nextVisualOffset=(-0.015, 0.000, 0.013) mode=smooth rttMs=184.3 snapshotAgeMs=0.0
[rubber-banding][local-input] time=119.530 frame=5669 focused=1 host=0 room=23 world=5 authority=5 entity=2 windowMs=1004.3 updates=81 fixedCalls=50 commands=22 predictionSteps=22 noCommandUpdates=75 estimatedHostTick=6068 nextInputTick=6076 lastRecordedTick=6070 lastResolvedTick=6058 nextLead=8 recordedLead=2 unresolved=4 clamped=81 clampedTotal=3451 batchesSent=2345 commandsSent=13078 sendFailures=0 move=(0.77,-0.64) jump=0
[rubber-banding][remote-render] time=119.530 frame=5669 entity=1 latestHostTick=6058 buffer=8 windowMs=1004.3 fps=80.7 snapshots=30 arrivalSamples=30 arrivalAvgMs=33.4 arrivalP95Ms=246.0 arrivalMaxMs=251.8 sameArrival=24 tickGapMax=2 renderFrames=81 interpolation=4 extrapolation=77 extrapolationCapped=26 extrapolationMaxMs=240.5 oldestHeld=0 zeroSpan=80 movingFrozen=0 teleport=0 visualStepAvgCm=0.00 visualStepMaxCm=0.00 estimatedHostTick=6068 renderTick=6062.786 latestSnapshotTick=6058.000 renderMinusLatestTicks=4.786 estimatedMinusLatestTicks=10.000 sampleT=3.393
[rubber-banding][remote-render] time=119.530 frame=5669 entity=3 latestHostTick=6058 buffer=8 windowMs=1004.3 fps=80.7 snapshots=30 arrivalSamples=30 arrivalAvgMs=33.4 arrivalP95Ms=246.0 arrivalMaxMs=251.8 sameArrival=24 tickGapMax=2 renderFrames=81 interpolation=4 extrapolation=77 extrapolationCapped=26 extrapolationMaxMs=240.5 oldestHeld=0 zeroSpan=80 movingFrozen=0 teleport=0 visualStepAvgCm=0.00 visualStepMaxCm=0.00 estimatedHostTick=6068 renderTick=6062.786 latestSnapshotTick=6058.000 renderMinusLatestTicks=4.786 estimatedMinusLatestTicks=10.000 sampleT=3.393
[rubber-banding][remote-render] time=119.530 frame=5669 entity=4 latestHostTick=6058 buffer=8 windowMs=1004.3 fps=80.7 snapshots=30 arrivalSamples=30 arrivalAvgMs=33.4 arrivalP95Ms=246.0 arrivalMaxMs=251.8 sameArrival=24 tickGapMax=2 renderFrames=81 interpolation=4 extrapolation=77 extrapolationCapped=26 extrapolationMaxMs=240.5 oldestHeld=0 zeroSpan=80 movingFrozen=0 teleport=0 visualStepAvgCm=0.00 visualStepMaxCm=0.00 estimatedHostTick=6068 renderTick=6062.786 latestSnapshotTick=6058.000 renderMinusLatestTicks=4.786 estimatedMinusLatestTicks=10.000 sampleT=3.393
[rubber-banding][udp-pump] time=119.641 frame=5678 focused=1 windowMs=1006.8 fps=80.5 packets=30 socketAvgMs=33.6 socketP95Ms=245.3 socketMaxMs=245.7 pumpAvgMs=33.4 pumpP95Ms=246.0 pumpMaxMs=251.8 queueDelayAvgMs=6.4 queueDelayP95Ms=13.3 queueDelayMaxMs=14.3 samePump=24 pumpBatchMax=8 queueDepthMax=8 frameMaxMs=14.0
[rubber-banding][guest-reconcile] time=119.715 frame=5684 room=23 world=5 authority=5 entity=2 hostTick=6062 ackTick=6062 lastRecordedTick=6070 replayLatestTick=6070 move=(98,-81) predictedBefore=(4.459, 0.008, -6.959) confirmed=(4.459, 0.008, -6.959) replayed=(4.479, 0.008, -6.976) visualBefore=(4.459, 0.008, -6.959) correction=(0.021, 0.000, -0.017) distance=0.027 unresolved=1 replayedCount=1 nextVisualOffset=(-0.021, 0.000, 0.017) mode=smooth rttMs=184.3 snapshotAgeMs=0.0
[rubber-banding][guest-reconcile] time=119.715 frame=5684 room=23 world=5 authority=5 entity=2 hostTick=6064 ackTick=6064 lastRecordedTick=6070 replayLatestTick=6070 move=(98,-81) predictedBefore=(4.479, 0.008, -6.976) confirmed=(4.491, 0.008, -6.986) replayed=(4.506, 0.008, -6.998) visualBefore=(4.479, 0.008, -6.976) correction=(0.027, 0.000, -0.022) distance=0.034 unresolved=1 replayedCount=1 nextVisualOffset=(-0.027, 0.000, 0.022) mode=smooth rttMs=184.3 snapshotAgeMs=0.0
[rubber-banding][guest-reconcile] time=120.198 frame=5723 room=23 world=5 authority=5 entity=2 hostTick=6090 ackTick=6090 lastRecordedTick=6100 replayLatestTick=6100 move=(98,-81) predictedBefore=(4.609, 0.008, -7.083) confirmed=(4.553, 0.008, -7.037) replayed=(4.568, 0.008, -7.049) visualBefore=(4.609, 0.008, -7.083) correction=(-0.041, 0.000, 0.034) distance=0.053 unresolved=3 replayedCount=3 nextVisualOffset=(0.041, 0.000, -0.034) mode=smooth rttMs=184.9 snapshotAgeMs=0.0
[rubber-banding][guest-reconcile] time=120.209 frame=5724 room=23 world=5 authority=5 entity=2 hostTick=6104 ackTick=6104 lastRecordedTick=6108 replayLatestTick=6108 move=(98,-81) predictedBefore=(4.625, 0.008, -7.096) confirmed=(4.596, 0.008, -7.072) replayed=(4.598, 0.008, -7.074) visualBefore=(4.625, 0.008, -7.096) correction=(-0.027, 0.000, 0.022) distance=0.034 unresolved=1 replayedCount=1 nextVisualOffset=(0.027, 0.000, -0.022) mode=smooth rttMs=184.9 snapshotAgeMs=0.0
[rubber-banding][guest-reconcile] time=120.414 frame=5740 room=23 world=5 authority=5 entity=2 hostTick=6114 ackTick=6114 lastRecordedTick=6116 replayLatestTick=6116 move=(98,-81) predictedBefore=(4.650, 0.008, -7.117) confirmed=(4.656, 0.008, -7.122) replayed=(4.666, 0.008, -7.130) visualBefore=(4.650, 0.008, -7.117) correction=(0.016, 0.000, -0.013) distance=0.021 unresolved=1 replayedCount=1 nextVisualOffset=(-0.016, 0.000, 0.013) mode=smooth rttMs=184.9 snapshotAgeMs=0.0
[rubber-banding][local-input] time=120.542 frame=5750 focused=1 host=0 room=23 world=5 authority=5 entity=2 windowMs=1012.6 updates=81 fixedCalls=50 commands=22 predictionSteps=22 noCommandUpdates=75 estimatedHostTick=6130 nextInputTick=6138 lastRecordedTick=6128 lastResolvedTick=6116 nextLead=8 recordedLead=-2 unresolved=4 clamped=81 clampedTotal=3532 batchesSent=2376 commandsSent=13208 sendFailures=0 move=(0.77,-0.64) jump=0
[rubber-banding][remote-render] time=120.542 frame=5750 entity=1 latestHostTick=6116 buffer=8 windowMs=1012.6 fps=80.0 snapshots=29 arrivalSamples=29 arrivalAvgMs=33.1 arrivalP95Ms=236.3 arrivalMaxMs=261.5 sameArrival=23 tickGapMax=2 renderFrames=81 interpolation=1 extrapolation=80 extrapolationCapped=28 extrapolationMaxMs=253.0 oldestHeld=0 zeroSpan=62 movingFrozen=0 teleport=0 visualStepAvgCm=0.00 visualStepMaxCm=0.00 estimatedHostTick=6130 renderTick=6124.246 latestSnapshotTick=6116.000 renderMinusLatestTicks=8.246 estimatedMinusLatestTicks=14.000 sampleT=5.123
[rubber-banding][remote-render] time=120.542 frame=5750 entity=3 latestHostTick=6116 buffer=8 windowMs=1012.6 fps=80.0 snapshots=29 arrivalSamples=29 arrivalAvgMs=33.1 arrivalP95Ms=236.3 arrivalMaxMs=261.5 sameArrival=23 tickGapMax=2 renderFrames=81 interpolation=1 extrapolation=80 extrapolationCapped=28 extrapolationMaxMs=253.0 oldestHeld=0 zeroSpan=62 movingFrozen=0 teleport=0 visualStepAvgCm=0.00 visualStepMaxCm=0.00 estimatedHostTick=6130 renderTick=6124.246 latestSnapshotTick=6116.000 renderMinusLatestTicks=8.246 estimatedMinusLatestTicks=14.000 sampleT=5.123
[rubber-banding][remote-render] time=120.542 frame=5750 entity=4 latestHostTick=6116 buffer=8 windowMs=1012.6 fps=80.0 snapshots=29 arrivalSamples=29 arrivalAvgMs=33.1 arrivalP95Ms=236.3 arrivalMaxMs=261.5 sameArrival=23 tickGapMax=2 renderFrames=81 interpolation=1 extrapolation=80 extrapolationCapped=28 extrapolationMaxMs=253.0 oldestHeld=0 zeroSpan=62 movingFrozen=0 teleport=0 visualStepAvgCm=0.00 visualStepMaxCm=0.00 estimatedHostTick=6130 renderTick=6124.246 latestSnapshotTick=6116.000 renderMinusLatestTicks=8.246 estimatedMinusLatestTicks=14.000 sampleT=5.123
[rubber-banding][guest-reconcile] time=120.639 frame=5758 room=23 world=5 authority=5 entity=2 hostTick=6118 ackTick=6118 lastRecordedTick=6128 replayLatestTick=6128 move=(98,-81) predictedBefore=(4.729, 0.008, -7.183) confirmed=(4.672, 0.008, -7.135) replayed=(4.695, 0.008, -7.154) visualBefore=(4.729, 0.008, -7.183) correction=(-0.034, 0.000, 0.028) distance=0.044 unresolved=2 replayedCount=2 nextVisualOffset=(0.034, 0.000, -0.028) mode=smooth rttMs=184.9 snapshotAgeMs=0.0
[rubber-banding][guest-reconcile] time=120.651 frame=5759 room=23 world=5 authority=5 entity=2 hostTick=6120 ackTick=6120 lastRecordedTick=6130 replayLatestTick=6130 move=(98,-81) predictedBefore=(4.728, 0.008, -7.182) confirmed=(4.695, 0.008, -7.154) replayed=(4.749, 0.008, -7.199) visualBefore=(4.760, 0.008, -7.208) correction=(0.021, 0.000, -0.017) distance=0.027 unresolved=3 replayedCount=3 nextVisualOffset=(0.011, 0.000, -0.009) mode=smooth rttMs=184.9 snapshotAgeMs=0.0
[rubber-banding][guest-reconcile] time=120.651 frame=5759 room=23 world=5 authority=5 entity=2 hostTick=6124 ackTick=6124 lastRecordedTick=6130 replayLatestTick=6130 move=(98,-81) predictedBefore=(4.753, 0.008, -7.202) confirmed=(4.717, 0.008, -7.173) replayed=(4.733, 0.008, -7.185) visualBefore=(4.785, 0.008, -7.228) correction=(-0.021, 0.000, 0.017) distance=0.027 unresolved=3 replayedCount=3 nextVisualOffset=(0.052, 0.000, -0.043) mode=smooth rttMs=184.9 snapshotAgeMs=0.0
[rubber-banding][udp-pump] time=120.651 frame=5759 focused=1 windowMs=1010.0 fps=80.2 packets=36 socketAvgMs=33.3 socketP95Ms=240.6 socketMaxMs=251.7 pumpAvgMs=33.3 pumpP95Ms=236.3 pumpMaxMs=261.5 queueDelayAvgMs=5.3 queueDelayP95Ms=11.7 queueDelayMaxMs=13.2 samePump=28 pumpBatchMax=8 queueDepthMax=8 frameMaxMs=16.1
[rubber-banding][guest-reconcile] time=120.911 frame=5780 room=23 world=5 authority=5 entity=2 hostTick=6134 ackTick=6134 lastRecordedTick=6142 replayLatestTick=6142 move=(98,-81) predictedBefore=(4.833, 0.008, -7.268) confirmed=(4.789, 0.008, -7.232) replayed=(4.859, 0.008, -7.289) visualBefore=(4.833, 0.008, -7.268) correction=(0.026, 0.000, -0.021) distance=0.033 unresolved=3 replayedCount=3 nextVisualOffset=(-0.026, 0.000, 0.021) mode=smooth rttMs=108.7 snapshotAgeMs=0.0
[rubber-banding][guest-reconcile] time=120.911 frame=5780 room=23 world=5 authority=5 entity=2 hostTick=6138 ackTick=6138 lastRecordedTick=6142 replayLatestTick=6142 move=(98,-81) predictedBefore=(4.873, 0.008, -7.302) confirmed=(4.825, 0.008, -7.262) replayed=(4.841, 0.008, -7.275) visualBefore=(4.873, 0.008, -7.302) correction=(-0.033, 0.000, 0.027) distance=0.042 unresolved=3 replayedCount=3 nextVisualOffset=(0.033, 0.000, -0.027) mode=smooth rttMs=108.7 snapshotAgeMs=0.0
[rubber-banding][guest-reconcile] time=120.911 frame=5780 room=23 world=5 authority=5 entity=2 hostTick=6144 ackTick=6144 lastRecordedTick=6142 replayLatestTick=0 move=(0,0) predictedBefore=(4.841, 0.008, -7.275) confirmed=(4.864, 0.008, -7.294) replayed=(4.864, 0.008, -7.294) visualBefore=(4.841, 0.008, -7.275) correction=(0.023, 0.000, -0.019) distance=0.030 unresolved=0 replayedCount=0 nextVisualOffset=(-0.023, 0.000, 0.019) mode=smooth rttMs=108.7 snapshotAgeMs=0.0
[rubber-banding][guest-reconcile] time=120.924 frame=5781 room=23 world=5 authority=5 entity=2 hostTick=6146 ackTick=6146 lastRecordedTick=6155 replayLatestTick=6155 move=(98,-81) predictedBefore=(4.941, 0.008, -7.357) confirmed=(4.868, 0.008, -7.297) replayed=(4.876, 0.008, -7.304) visualBefore=(4.920, 0.008, -7.340) correction=(-0.065, 0.000, 0.054) distance=0.084 unresolved=2 replayedCount=2 nextVisualOffset=(0.044, 0.000, -0.037) mode=smooth rttMs=108.7 snapshotAgeMs=0.0
[rubber-banding][guest-reconcile] time=121.170 frame=5801 room=23 world=5 authority=5 entity=2 hostTick=6160 ackTick=6160 lastRecordedTick=6158 replayLatestTick=0 move=(0,0) predictedBefore=(4.894, 0.008, -7.318) confirmed=(4.922, 0.008, -7.342) replayed=(4.922, 0.008, -7.342) visualBefore=(4.894, 0.008, -7.318) correction=(0.028, 0.000, -0.023) distance=0.037 unresolved=0 replayedCount=0 nextVisualOffset=(-0.028, 0.000, 0.023) mode=smooth rttMs=108.7 snapshotAgeMs=0.0
[rubber-banding][guest-reconcile] time=121.398 frame=5819 room=23 world=5 authority=5 entity=2 hostTick=6164 ackTick=6164 lastRecordedTick=6174 replayLatestTick=6174 move=(98,-81) predictedBefore=(5.102, 0.008, -7.491) confirmed=(4.937, 0.008, -7.354) replayed=(5.001, 0.008, -7.407) visualBefore=(5.102, 0.008, -7.491) correction=(-0.101, 0.000, 0.084) distance=0.131 unresolved=5 replayedCount=5 nextVisualOffset=(0.101, 0.000, -0.084) mode=smooth rttMs=108.7 snapshotAgeMs=0.0
[rubber-banding][guest-reconcile] time=121.398 frame=5819 room=23 world=5 authority=5 entity=2 hostTick=6166 ackTick=6166 lastRecordedTick=6174 replayLatestTick=6174 move=(98,-81) predictedBefore=(5.001, 0.008, -7.407) confirmed=(4.955, 0.008, -7.369) replayed=(5.021, 0.008, -7.424) visualBefore=(5.001, 0.008, -7.407) correction=(0.021, 0.000, -0.017) distance=0.027 unresolved=4 replayedCount=4 nextVisualOffset=(-0.021, 0.000, 0.017) mode=smooth rttMs=108.7 snapshotAgeMs=0.0
[rubber-banding][guest-reconcile] time=121.398 frame=5819 room=23 world=5 authority=5 entity=2 hostTick=6170 ackTick=6170 lastRecordedTick=6174 replayLatestTick=6174 move=(98,-81) predictedBefore=(5.014, 0.008, -7.418) confirmed=(4.972, 0.008, -7.383) replayed=(4.997, 0.008, -7.404) visualBefore=(5.014, 0.008, -7.418) correction=(-0.017, 0.000, 0.014) distance=0.022 unresolved=4 replayedCount=4 nextVisualOffset=(0.017, 0.000, -0.014) mode=smooth rttMs=108.7 snapshotAgeMs=0.0
[rubber-banding][local-input] time=121.549 frame=5831 focused=1 host=0 room=23 world=5 authority=5 entity=2 windowMs=1006.3 updates=81 fixedCalls=51 commands=32 predictionSteps=32 noCommandUpdates=64 estimatedHostTick=6188 nextInputTick=6194 lastRecordedTick=6188 lastResolvedTick=6176 nextLead=6 recordedLead=0 unresolved=8 clamped=62 clampedTotal=3594 batchesSent=2406 commandsSent=13383 sendFailures=0 move=(0.77,-0.64) jump=0
[rubber-banding][remote-render] time=121.549 frame=5831 entity=1 latestHostTick=6176 buffer=8 windowMs=1006.3 fps=80.5 snapshots=30 arrivalSamples=30 arrivalAvgMs=33.2 arrivalP95Ms=246.0 arrivalMaxMs=260.2 sameArrival=23 tickGapMax=2 renderFrames=81 interpolation=3 extrapolation=78 extrapolationCapped=28 extrapolationMaxMs=250.3 oldestHeld=0 zeroSpan=60 movingFrozen=0 teleport=0 visualStepAvgCm=0.00 visualStepMaxCm=0.00 estimatedHostTick=6188 renderTick=6183.567 latestSnapshotTick=6176.000 renderMinusLatestTicks=7.567 estimatedMinusLatestTicks=12.000 sampleT=4.784
[rubber-banding][remote-render] time=121.549 frame=5831 entity=3 latestHostTick=6176 buffer=8 windowMs=1006.3 fps=80.5 snapshots=30 arrivalSamples=30 arrivalAvgMs=33.2 arrivalP95Ms=246.0 arrivalMaxMs=260.2 sameArrival=23 tickGapMax=2 renderFrames=81 interpolation=3 extrapolation=78 extrapolationCapped=28 extrapolationMaxMs=250.3 oldestHeld=0 zeroSpan=60 movingFrozen=0 teleport=0 visualStepAvgCm=0.00 visualStepMaxCm=0.00 estimatedHostTick=6188 renderTick=6183.567 latestSnapshotTick=6176.000 renderMinusLatestTicks=7.567 estimatedMinusLatestTicks=12.000 sampleT=4.784
[rubber-banding][remote-render] time=121.549 frame=5831 entity=4 latestHostTick=6176 buffer=8 windowMs=1006.3 fps=80.5 snapshots=30 arrivalSamples=30 arrivalAvgMs=33.2 arrivalP95Ms=246.0 arrivalMaxMs=260.2 sameArrival=23 tickGapMax=2 renderFrames=81 interpolation=3 extrapolation=78 extrapolationCapped=28 extrapolationMaxMs=250.3 oldestHeld=0 zeroSpan=60 movingFrozen=0 teleport=0 visualStepAvgCm=0.00 visualStepMaxCm=0.00 estimatedHostTick=6188 renderTick=6183.567 latestSnapshotTick=6176.000 renderMinusLatestTicks=7.567 estimatedMinusLatestTicks=12.000 sampleT=4.784
[rubber-banding][udp-pump] time=121.658 frame=5840 focused=1 windowMs=1007.1 fps=80.4 packets=23 socketAvgMs=32.9 socketP95Ms=243.7 socketMaxMs=252.4 pumpAvgMs=33.0 pumpP95Ms=246.0 pumpMaxMs=260.2 queueDelayAvgMs=6.6 queueDelayP95Ms=13.8 queueDelayMaxMs=15.5 samePump=18 pumpBatchMax=8 queueDepthMax=8 frameMaxMs=15.4
[rubber-banding][guest-reconcile] time=121.670 frame=5841 room=23 world=5 authority=5 entity=2 hostTick=6178 ackTick=6178 lastRecordedTick=6188 replayLatestTick=6188 move=(98,-81) predictedBefore=(5.241, 0.008, -7.606) confirmed=(5.064, 0.008, -7.459) replayed=(5.280, 0.008, -7.638) visualBefore=(5.241, 0.008, -7.606) correction=(0.039, 0.000, -0.032) distance=0.050 unresolved=7 replayedCount=7 nextVisualOffset=(-0.039, 0.000, 0.032) mode=smooth rttMs=108.7 snapshotAgeMs=0.0
[rubber-banding][guest-reconcile] time=121.670 frame=5841 room=23 world=5 authority=5 entity=2 hostTick=6182 ackTick=6182 lastRecordedTick=6188 replayLatestTick=6188 move=(98,-81) predictedBefore=(5.276, 0.008, -7.634) confirmed=(5.116, 0.008, -7.503) replayed=(5.222, 0.008, -7.590) visualBefore=(5.276, 0.008, -7.634) correction=(-0.054, 0.000, 0.045) distance=0.070 unresolved=6 replayedCount=6 nextVisualOffset=(0.054, 0.000, -0.045) mode=smooth rttMs=108.7 snapshotAgeMs=0.0
[rubber-banding][guest-reconcile] time=121.670 frame=5841 room=23 world=5 authority=5 entity=2 hostTick=6190 ackTick=6190 lastRecordedTick=6188 replayLatestTick=0 move=(0,0) predictedBefore=(5.222, 0.008, -7.590) confirmed=(5.277, 0.008, -7.636) replayed=(5.277, 0.008, -7.636) visualBefore=(5.222, 0.008, -7.590) correction=(0.056, 0.000, -0.046) distance=0.072 unresolved=0 replayedCount=0 nextVisualOffset=(-0.056, 0.000, 0.046) mode=smooth rttMs=108.7 snapshotAgeMs=0.0
[rubber-banding][guest-reconcile] time=121.670 frame=5841 room=23 world=5 authority=5 entity=2 hostTick=6192 ackTick=6192 lastRecordedTick=6188 replayLatestTick=0 move=(0,0) predictedBefore=(5.277, 0.008, -7.636) confirmed=(5.310, 0.008, -7.663) replayed=(5.310, 0.008, -7.663) visualBefore=(5.277, 0.008, -7.636) correction=(0.033, 0.000, -0.027) distance=0.042 unresolved=0 replayedCount=0 nextVisualOffset=(-0.033, 0.000, 0.027) mode=smooth rttMs=108.7 snapshotAgeMs=0.0
[rubber-banding][guest-reconcile] time=121.913 frame=5861 room=23 world=5 authority=5 entity=2 hostTick=6196 ackTick=6196 lastRecordedTick=6204 replayLatestTick=6204 move=(98,-81) predictedBefore=(5.466, 0.008, -7.791) confirmed=(5.384, 0.008, -7.723) replayed=(5.498, 0.008, -7.818) visualBefore=(5.466, 0.008, -7.791) correction=(0.033, 0.000, -0.027) distance=0.042 unresolved=4 replayedCount=4 nextVisualOffset=(-0.033, 0.000, 0.027) mode=smooth rttMs=121.7 snapshotAgeMs=0.0
[rubber-banding][guest-reconcile] time=121.913 frame=5861 room=23 world=5 authority=5 entity=2 hostTick=6198 ackTick=6198 lastRecordedTick=6204 replayLatestTick=6204 move=(98,-81) predictedBefore=(5.498, 0.008, -7.818) confirmed=(5.425, 0.008, -7.757) replayed=(5.515, 0.008, -7.832) visualBefore=(5.498, 0.008, -7.818) correction=(0.017, 0.000, -0.014) distance=0.022 unresolved=4 replayedCount=4 nextVisualOffset=(-0.017, 0.000, 0.014) mode=smooth rttMs=121.7 snapshotAgeMs=0.0
[rubber-banding][guest-reconcile] time=121.913 frame=5861 room=23 world=5 authority=5 entity=2 hostTick=6200 ackTick=6200 lastRecordedTick=6204 replayLatestTick=6204 move=(98,-81) predictedBefore=(5.515, 0.008, -7.832) confirmed=(5.432, 0.008, -7.764) replayed=(5.458, 0.008, -7.785) visualBefore=(5.515, 0.008, -7.832) correction=(-0.057, 0.000, 0.047) distance=0.074 unresolved=4 replayedCount=4 nextVisualOffset=(0.057, 0.000, -0.047) mode=smooth rttMs=121.7 snapshotAgeMs=0.0
[rubber-banding][guest-local-edge] time=122.049 room=23 world=5 authority=5 entity=2 eventId=38 kind=Jump stage=Captured relatedEventId=0 inputTick=0 pressed=None createdAt=-1.000000 firstSendRequestedAt=-1.000000 firstSendDelayMs=-1.000 desiredTick=0 assignedTick=0 lastResolvedAtCreate=0 estimatedHostTickAtCreate=0 clampReason=None
[rubber-banding][guest-reconcile] time=122.183 frame=5883 room=23 world=5 authority=5 entity=2 hostTick=6208 ackTick=6208 lastRecordedTick=6218 replayLatestTick=6218 move=(98,-81) predictedBefore=(5.633, 0.008, -7.929) confirmed=(5.493, 0.008, -7.814) replayed=(5.532, 0.008, -7.846) visualBefore=(5.633, 0.008, -7.929) correction=(-0.101, 0.000, 0.084) distance=0.131 unresolved=5 replayedCount=5 nextVisualOffset=(0.101, 0.000, -0.084) mode=smooth rttMs=121.7 snapshotAgeMs=0.0
[rubber-banding][guest-reconcile] time=122.183 frame=5883 room=23 world=5 authority=5 entity=2 hostTick=6220 ackTick=6220 lastRecordedTick=6218 replayLatestTick=0 move=(0,0) predictedBefore=(5.532, 0.008, -7.846) confirmed=(5.565, 0.008, -7.873) replayed=(5.565, 0.008, -7.873) visualBefore=(5.532, 0.008, -7.846) correction=(0.033, 0.000, -0.028) distance=0.043 unresolved=0 replayedCount=0 nextVisualOffset=(-0.033, 0.000, 0.028) mode=smooth rttMs=121.7 snapshotAgeMs=0.0
[rubber-banding][guest-local-edge] time=122.187 room=23 world=5 authority=5 entity=2 eventId=38 kind=Jump stage=Attached relatedEventId=0 inputTick=6232 pressed=Jump createdAt=122.183400 firstSendRequestedAt=-1.000000 firstSendDelayMs=-1.000 desiredTick=6232 assignedTick=6232 lastResolvedAtCreate=6222 estimatedHostTickAtCreate=6226 clampReason=None
[rubber-banding][guest-local-edge] time=122.187 room=23 world=5 authority=5 entity=2 eventId=38 kind=Jump stage=FirstSendRequested relatedEventId=0 inputTick=6232 pressed=Jump createdAt=122.183400 firstSendRequestedAt=122.183400 firstSendDelayMs=0.000 desiredTick=6232 assignedTick=6232 lastResolvedAtCreate=6222 estimatedHostTickAtCreate=6226 clampReason=None
[rubber-banding][guest-reconcile] time=122.399 frame=5900 room=23 world=5 authority=5 entity=2 hostTick=6224 ackTick=6224 lastRecordedTick=6234 replayLatestTick=6234 move=(-98,81) predictedBefore=(5.406, 0.321, -7.742) confirmed=(5.573, 0.008, -7.880) replayed=(5.539, 0.321, -7.852) visualBefore=(5.406, 0.321, -7.742) correction=(0.134, 0.000, -0.110) distance=0.173 unresolved=4 replayedCount=4 nextVisualOffset=(-0.134, 0.000, 0.110) mode=smooth rttMs=121.7 snapshotAgeMs=0.0
[rubber-banding][guest-reconcile] time=122.399 frame=5900 room=23 world=5 authority=5 entity=2 hostTick=6226 ackTick=6226 lastRecordedTick=6234 replayLatestTick=6234 move=(-98,81) predictedBefore=(5.539, 0.321, -7.852) confirmed=(5.560, 0.008, -7.869) replayed=(5.524, 0.321, -7.839) visualBefore=(5.539, 0.321, -7.852) correction=(-0.015, 0.000, 0.013) distance=0.020 unresolved=3 replayedCount=3 nextVisualOffset=(0.015, 0.000, -0.013) mode=smooth rttMs=121.7 snapshotAgeMs=0.0
[rubber-banding][guest-reconcile] time=122.399 frame=5900 room=23 world=5 authority=5 entity=2 hostTick=6236 ackTick=6236 lastRecordedTick=6234 replayLatestTick=0 move=(0,0) predictedBefore=(5.535, 0.321, -7.849) confirmed=(5.518, 0.502, -7.835) replayed=(5.518, 0.502, -7.835) visualBefore=(5.535, 0.321, -7.849) correction=(-0.017, 0.181, 0.014) distance=0.182 unresolved=0 replayedCount=0 nextVisualOffset=(0.017, -0.181, -0.014) mode=smooth rttMs=121.7 snapshotAgeMs=0.0
[rubber-banding][local-input] time=122.556 frame=5913 focused=1 host=0 room=23 world=5 authority=5 entity=2 windowMs=1007.6 updates=82 fixedCalls=50 commands=28 predictionSteps=28 noCommandUpdates=68 estimatedHostTick=6248 nextInputTick=6254 lastRecordedTick=6248 lastResolvedTick=6236 nextLead=6 recordedLead=0 unresolved=7 clamped=65 clampedTotal=3659 batchesSent=2437 commandsSent=13577 sendFailures=0 move=(-0.77,0.64) jump=0
[rubber-banding][remote-render] time=122.556 frame=5913 entity=1 latestHostTick=6236 buffer=8 windowMs=1007.6 fps=81.4 snapshots=30 arrivalSamples=30 arrivalAvgMs=33.0 arrivalP95Ms=257.4 arrivalMaxMs=260.4 sameArrival=25 tickGapMax=2 renderFrames=82 interpolation=5 extrapolation=77 extrapolationCapped=24 extrapolationMaxMs=244.6 oldestHeld=0 zeroSpan=82 movingFrozen=0 teleport=0 visualStepAvgCm=0.00 visualStepMaxCm=0.00 estimatedHostTick=6248 renderTick=6243.951 latestSnapshotTick=6236.000 renderMinusLatestTicks=7.951 estimatedMinusLatestTicks=12.000 sampleT=4.976
[rubber-banding][remote-render] time=122.556 frame=5913 entity=3 latestHostTick=6236 buffer=8 windowMs=1007.6 fps=81.4 snapshots=30 arrivalSamples=30 arrivalAvgMs=33.0 arrivalP95Ms=257.4 arrivalMaxMs=260.4 sameArrival=25 tickGapMax=2 renderFrames=82 interpolation=5 extrapolation=77 extrapolationCapped=24 extrapolationMaxMs=244.6 oldestHeld=0 zeroSpan=82 movingFrozen=0 teleport=0 visualStepAvgCm=0.00 visualStepMaxCm=0.00 estimatedHostTick=6248 renderTick=6243.951 latestSnapshotTick=6236.000 renderMinusLatestTicks=7.951 estimatedMinusLatestTicks=12.000 sampleT=4.976
[rubber-banding][remote-render] time=122.556 frame=5913 entity=4 latestHostTick=6236 buffer=8 windowMs=1007.6 fps=81.4 snapshots=30 arrivalSamples=30 arrivalAvgMs=33.0 arrivalP95Ms=257.4 arrivalMaxMs=260.4 sameArrival=25 tickGapMax=2 renderFrames=82 interpolation=5 extrapolation=77 extrapolationCapped=24 extrapolationMaxMs=244.6 oldestHeld=0 zeroSpan=82 movingFrozen=0 teleport=0 visualStepAvgCm=0.00 visualStepMaxCm=0.00 estimatedHostTick=6248 renderTick=6243.951 latestSnapshotTick=6236.000 renderMinusLatestTicks=7.951 estimatedMinusLatestTicks=12.000 sampleT=4.976
[rubber-banding][udp-pump] time=122.668 frame=5922 focused=1 windowMs=1009.8 fps=81.2 packets=30 socketAvgMs=33.1 socketP95Ms=253.5 socketMaxMs=255.7 pumpAvgMs=33.0 pumpP95Ms=257.4 pumpMaxMs=260.4 queueDelayAvgMs=4.9 queueDelayP95Ms=12.3 queueDelayMaxMs=12.5 samePump=25 pumpBatchMax=8 queueDepthMax=7 frameMaxMs=15.1
[rubber-banding][guest-reconcile] time=122.680 frame=5923 room=23 world=5 authority=5 entity=2 hostTick=6240 ackTick=6240 lastRecordedTick=6248 replayLatestTick=6248 move=(-98,81) predictedBefore=(5.404, 0.960, -7.740) confirmed=(5.463, 0.797, -7.789) replayed=(5.381, 1.004, -7.721) visualBefore=(5.404, 0.960, -7.740) correction=(-0.023, 0.043, 0.019) distance=0.053 unresolved=4 replayedCount=4 nextVisualOffset=(0.023, -0.043, -0.019) mode=smooth rttMs=121.7 snapshotAgeMs=0.0
[rubber-banding][guest-reconcile] time=122.691 frame=5924 room=23 world=5 authority=5 entity=2 hostTick=6242 ackTick=6242 lastRecordedTick=6252 replayLatestTick=6252 move=(-98,81) predictedBefore=(5.271, 1.121, -7.631) confirmed=(5.427, 0.912, -7.759) replayed=(5.222, 1.146, -7.590) visualBefore=(5.293, 1.081, -7.648) correction=(-0.050, 0.025, 0.041) distance=0.069 unresolved=8 replayedCount=8 nextVisualOffset=(0.071, -0.065, -0.059) mode=smooth rttMs=121.7 snapshotAgeMs=0.0
[rubber-banding][guest-reconcile] time=122.691 frame=5924 room=23 world=5 authority=5 entity=2 hostTick=6244 ackTick=6244 lastRecordedTick=6252 replayLatestTick=6252 move=(-98,81) predictedBefore=(5.222, 1.146, -7.590) confirmed=(5.391, 1.004, -7.730) replayed=(5.186, 1.150, -7.560) visualBefore=(5.243, 1.107, -7.607) correction=(-0.036, 0.003, 0.030) distance=0.047 unresolved=8 replayedCount=8 nextVisualOffset=(0.057, -0.043, -0.047) mode=smooth rttMs=121.7 snapshotAgeMs=0.0
[rubber-banding][guest-reconcile] time=122.691 frame=5924 room=23 world=5 authority=5 entity=2 hostTick=6254 ackTick=6254 lastRecordedTick=6252 replayLatestTick=0 move=(0,0) predictedBefore=(5.186, 1.150, -7.560) confirmed=(5.134, 1.130, -7.517) replayed=(5.134, 1.130, -7.517) visualBefore=(5.207, 1.110, -7.577) correction=(-0.051, -0.019, 0.042) distance=0.069 unresolved=0 replayedCount=0 nextVisualOffset=(0.073, -0.021, -0.060) mode=smooth rttMs=121.7 snapshotAgeMs=0.0
[rubber-banding][guest-reconcile] time=122.919 frame=5942 room=23 world=5 authority=5 entity=2 hostTick=6258 ackTick=6258 lastRecordedTick=6266 replayLatestTick=6266 move=(-98,81) predictedBefore=(4.967, 0.986, -7.379) confirmed=(5.004, 1.026, -7.410) replayed=(4.929, 0.940, -7.348) visualBefore=(4.967, 0.986, -7.379) correction=(-0.039, -0.046, 0.032) distance=0.068 unresolved=2 replayedCount=2 nextVisualOffset=(0.039, 0.046, -0.032) mode=smooth rttMs=135.1 snapshotAgeMs=0.0
[rubber-banding][guest-reconcile] time=122.919 frame=5942 room=23 world=5 authority=5 entity=2 hostTick=6260 ackTick=6260 lastRecordedTick=6266 replayLatestTick=6266 move=(-98,81) predictedBefore=(4.929, 0.940, -7.348) confirmed=(4.931, 0.940, -7.349) replayed=(4.852, 0.832, -7.284) visualBefore=(4.929, 0.940, -7.348) correction=(-0.077, -0.108, 0.064) distance=0.147 unresolved=2 replayedCount=2 nextVisualOffset=(0.077, 0.108, -0.064) mode=smooth rttMs=135.1 snapshotAgeMs=0.0
[rubber-banding][guest-reconcile] time=122.931 frame=5943 room=23 world=5 authority=5 entity=2 hostTick=6262 ackTick=6262 lastRecordedTick=6272 replayLatestTick=6272 move=(-98,81) predictedBefore=(4.674, 0.549, -7.137) confirmed=(4.857, 0.832, -7.288) replayed=(4.600, 0.375, -7.076) visualBefore=(4.744, 0.648, -7.195) correction=(-0.074, -0.175, 0.061) distance=0.199 unresolved=6 replayedCount=6 nextVisualOffset=(0.144, 0.273, -0.119) mode=smooth rttMs=135.1 snapshotAgeMs=0.0
[rubber-banding][guest-reconcile] time=122.931 frame=5943 room=23 world=5 authority=5 entity=2 hostTick=6264 ackTick=6264 lastRecordedTick=6272 replayLatestTick=6272 move=(-98,81) predictedBefore=(4.600, 0.375, -7.076) confirmed=(4.783, 0.702, -7.227) replayed=(4.526, 0.178, -7.015) visualBefore=(4.670, 0.473, -7.134) correction=(-0.074, -0.197, 0.061) distance=0.219 unresolved=6 replayedCount=6 nextVisualOffset=(0.144, 0.295, -0.119) mode=smooth rttMs=135.1 snapshotAgeMs=0.0
[rubber-banding][guest-reconcile] time=123.191 frame=5964 room=23 world=5 authority=5 entity=2 hostTick=6270 ackTick=6270 lastRecordedTick=6278 replayLatestTick=6278 move=(-98,81) predictedBefore=(4.324, 0.008, -6.848) confirmed=(4.526, 0.178, -7.015) replayed=(4.273, 0.008, -6.805) visualBefore=(4.324, 0.008, -6.848) correction=(-0.051, 0.000, 0.042) distance=0.067 unresolved=5 replayedCount=5 nextVisualOffset=(0.051, 0.000, -0.042) mode=smooth rttMs=135.1 snapshotAgeMs=0.0
[rubber-banding][guest-reconcile] time=123.191 frame=5964 room=23 world=5 authority=5 entity=2 hostTick=6272 ackTick=6272 lastRecordedTick=6278 replayLatestTick=6278 move=(-98,81) predictedBefore=(4.273, 0.008, -6.805) confirmed=(4.427, 0.008, -6.933) replayed=(4.221, 0.008, -6.763) visualBefore=(4.273, 0.008, -6.805) correction=(-0.051, 0.000, 0.042) distance=0.067 unresolved=4 replayedCount=4 nextVisualOffset=(0.051, 0.000, -0.042) mode=smooth rttMs=135.1 snapshotAgeMs=0.0
[rubber-banding][guest-reconcile] time=123.191 frame=5964 room=23 world=5 authority=5 entity=2 hostTick=6276 ackTick=6276 lastRecordedTick=6278 replayLatestTick=6278 move=(-98,81) predictedBefore=(4.221, 0.008, -6.763) confirmed=(4.221, 0.008, -6.763) replayed=(4.170, 0.008, -6.720) visualBefore=(4.221, 0.008, -6.763) correction=(-0.051, 0.000, 0.042) distance=0.067 unresolved=1 replayedCount=1 nextVisualOffset=(0.051, 0.000, -0.042) mode=smooth rttMs=135.1 snapshotAgeMs=0.0
[rubber-banding][guest-reconcile] time=123.191 frame=5964 room=23 world=5 authority=5 entity=2 hostTick=6278 ackTick=6278 lastRecordedTick=6278 replayLatestTick=0 move=(0,0) predictedBefore=(4.170, 0.008, -6.720) confirmed=(4.119, 0.008, -6.678) replayed=(4.119, 0.008, -6.678) visualBefore=(4.170, 0.008, -6.720) correction=(-0.051, 0.000, 0.042) distance=0.067 unresolved=0 replayedCount=0 nextVisualOffset=(0.051, 0.000, -0.042) mode=smooth rttMs=135.1 snapshotAgeMs=0.0
[rubber-banding][guest-reconcile] time=123.203 frame=5965 room=23 world=5 authority=5 entity=2 hostTick=6284 ackTick=6284 lastRecordedTick=6290 replayLatestTick=6290 move=(-98,81) predictedBefore=(3.902, 0.008, -6.499) confirmed=(3.896, 0.008, -6.494) replayed=(3.876, 0.008, -6.478) visualBefore=(3.949, 0.008, -6.537) correction=(-0.026, 0.000, 0.021) distance=0.033 unresolved=1 replayedCount=1 nextVisualOffset=(0.072, 0.000, -0.060) mode=smooth rttMs=135.1 snapshotAgeMs=0.0
[rubber-banding][guest-reconcile] time=123.428 frame=5983 room=23 world=5 authority=5 entity=2 hostTick=6286 ackTick=6286 lastRecordedTick=6296 replayLatestTick=6296 move=(-98,81) predictedBefore=(3.739, 0.008, -6.364) confirmed=(3.887, 0.008, -6.487) replayed=(3.833, 0.008, -6.442) visualBefore=(3.739, 0.008, -6.364) correction=(0.094, 0.000, -0.078) distance=0.122 unresolved=6 replayedCount=6 nextVisualOffset=(-0.094, 0.000, 0.078) mode=smooth rttMs=135.1 snapshotAgeMs=0.0
[rubber-banding][guest-reconcile] time=123.428 frame=5983 room=23 world=5 authority=5 entity=2 hostTick=6294 ackTick=6294 lastRecordedTick=6296 replayLatestTick=6296 move=(-98,81) predictedBefore=(3.833, 0.008, -6.442) confirmed=(3.849, 0.008, -6.455) replayed=(3.815, 0.008, -6.427) visualBefore=(3.833, 0.008, -6.442) correction=(-0.018, 0.000, 0.015) distance=0.023 unresolved=2 replayedCount=2 nextVisualOffset=(0.018, 0.000, -0.015) mode=smooth rttMs=135.1 snapshotAgeMs=0.0
[rubber-banding][guest-local-edge] time=123.485 room=23 world=5 authority=5 entity=2 eventId=39 kind=Jump stage=Captured relatedEventId=0 inputTick=0 pressed=None createdAt=-1.000000 firstSendRequestedAt=-1.000000 firstSendDelayMs=-1.000 desiredTick=0 assignedTick=0 lastResolvedAtCreate=0 estimatedHostTickAtCreate=0 clampReason=None
[rubber-banding][local-input] time=123.558 frame=5993 focused=1 host=0 room=23 world=5 authority=5 entity=2 windowMs=1001.4 updates=80 fixedCalls=50 commands=34 predictionSteps=34 noCommandUpdates=70 estimatedHostTick=6310 nextInputTick=6317 lastRecordedTick=6310 lastResolvedTick=6298 nextLead=7 recordedLead=0 unresolved=6 clamped=73 clampedTotal=3732 batchesSent=2467 commandsSent=13768 sendFailures=0 move=(-0.10,1.00) jump=0
[rubber-banding][remote-render] time=123.558 frame=5993 entity=1 latestHostTick=6298 buffer=8 windowMs=1001.4 fps=79.9 snapshots=31 arrivalSamples=31 arrivalAvgMs=33.6 arrivalP95Ms=259.4 arrivalMaxMs=281.6 sameArrival=23 tickGapMax=2 renderFrames=80 interpolation=7 extrapolation=73 extrapolationCapped=25 extrapolationMaxMs=254.7 oldestHeld=0 zeroSpan=80 movingFrozen=0 teleport=0 visualStepAvgCm=0.00 visualStepMaxCm=0.00 estimatedHostTick=6310 renderTick=6304.240 latestSnapshotTick=6298.000 renderMinusLatestTicks=6.240 estimatedMinusLatestTicks=12.000 sampleT=4.120
[rubber-banding][remote-render] time=123.558 frame=5993 entity=3 latestHostTick=6298 buffer=8 windowMs=1001.4 fps=79.9 snapshots=31 arrivalSamples=31 arrivalAvgMs=33.6 arrivalP95Ms=259.4 arrivalMaxMs=281.6 sameArrival=23 tickGapMax=2 renderFrames=80 interpolation=7 extrapolation=73 extrapolationCapped=25 extrapolationMaxMs=254.7 oldestHeld=0 zeroSpan=80 movingFrozen=0 teleport=0 visualStepAvgCm=0.00 visualStepMaxCm=0.00 estimatedHostTick=6310 renderTick=6304.240 latestSnapshotTick=6298.000 renderMinusLatestTicks=6.240 estimatedMinusLatestTicks=12.000 sampleT=4.120
[rubber-banding][remote-render] time=123.558 frame=5993 entity=4 latestHostTick=6298 buffer=8 windowMs=1001.4 fps=79.9 snapshots=31 arrivalSamples=31 arrivalAvgMs=33.6 arrivalP95Ms=259.4 arrivalMaxMs=281.6 sameArrival=23 tickGapMax=2 renderFrames=80 interpolation=7 extrapolation=73 extrapolationCapped=25 extrapolationMaxMs=254.7 oldestHeld=0 zeroSpan=80 movingFrozen=0 teleport=0 visualStepAvgCm=0.00 visualStepMaxCm=0.00 estimatedHostTick=6310 renderTick=6304.240 latestSnapshotTick=6298.000 renderMinusLatestTicks=6.240 estimatedMinusLatestTicks=12.000 sampleT=4.120
[rubber-banding][guest-reconcile] time=123.643 frame=6000 room=23 world=5 authority=5 entity=2 hostTick=6300 ackTick=6300 lastRecordedTick=6310 replayLatestTick=6310 move=(-98,81) predictedBefore=(3.579, 0.008, -6.232) confirmed=(3.718, 0.008, -6.347) replayed=(3.538, 0.008, -6.198) visualBefore=(3.579, 0.008, -6.232) correction=(-0.041, 0.000, 0.034) distance=0.053 unresolved=5 replayedCount=5 nextVisualOffset=(0.041, 0.000, -0.034) mode=smooth rttMs=135.1 snapshotAgeMs=0.0
[rubber-banding][guest-reconcile] time=123.643 frame=6000 room=23 world=5 authority=5 entity=2 hostTick=6302 ackTick=6302 lastRecordedTick=6310 replayLatestTick=6310 move=(-98,81) predictedBefore=(3.538, 0.008, -6.198) confirmed=(3.665, 0.008, -6.303) replayed=(3.515, 0.008, -6.179) visualBefore=(3.538, 0.008, -6.198) correction=(-0.023, 0.000, 0.019) distance=0.030 unresolved=5 replayedCount=5 nextVisualOffset=(0.023, 0.000, -0.019) mode=smooth rttMs=135.1 snapshotAgeMs=0.0
[rubber-banding][guest-reconcile] time=123.643 frame=6000 room=23 world=5 authority=5 entity=2 hostTick=6304 ackTick=6304 lastRecordedTick=6310 replayLatestTick=6310 move=(-98,81) predictedBefore=(3.515, 0.008, -6.179) confirmed=(3.646, 0.008, -6.287) replayed=(3.582, 0.008, -6.234) visualBefore=(3.515, 0.008, -6.179) correction=(0.067, 0.000, -0.055) distance=0.087 unresolved=5 replayedCount=5 nextVisualOffset=(-0.067, 0.000, 0.055) mode=smooth rttMs=135.1 snapshotAgeMs=0.0
[rubber-banding][guest-reconcile] time=123.643 frame=6000 room=23 world=5 authority=5 entity=2 hostTick=6306 ackTick=6306 lastRecordedTick=6310 replayLatestTick=6310 move=(-98,81) predictedBefore=(3.582, 0.008, -6.234) confirmed=(3.643, 0.008, -6.285) replayed=(3.607, 0.008, -6.255) visualBefore=(3.582, 0.008, -6.234) correction=(0.026, 0.000, -0.021) distance=0.033 unresolved=4 replayedCount=4 nextVisualOffset=(-0.026, 0.000, 0.021) mode=smooth rttMs=135.1 snapshotAgeMs=0.0
[rubber-banding][guest-local-edge] time=123.645 room=23 world=5 authority=5 entity=2 eventId=39 kind=Jump stage=Attached relatedEventId=0 inputTick=6318 pressed=Jump createdAt=123.643200 firstSendRequestedAt=-1.000000 firstSendDelayMs=-1.000 desiredTick=6322 assignedTick=6318 lastResolvedAtCreate=6306 estimatedHostTickAtCreate=6315 clampReason=MaximumResolvedLead
[rubber-banding][guest-local-edge] time=123.645 room=23 world=5 authority=5 entity=2 eventId=39 kind=Jump stage=FirstSendRequested relatedEventId=0 inputTick=6318 pressed=Jump createdAt=123.643200 firstSendRequestedAt=123.643200 firstSendDelayMs=0.000 desiredTick=6322 assignedTick=6318 lastResolvedAtCreate=6306 estimatedHostTickAtCreate=6315 clampReason=MaximumResolvedLead
[rubber-banding][udp-pump] time=123.669 frame=6002 focused=1 windowMs=1001.0 fps=79.9 packets=37 socketAvgMs=33.7 socketP95Ms=257.2 socketMaxMs=280.1 pumpAvgMs=33.9 pumpP95Ms=259.4 pumpMaxMs=281.6 queueDelayAvgMs=5.5 queueDelayP95Ms=12.5 queueDelayMaxMs=12.8 samePump=27 pumpBatchMax=7 queueDepthMax=8 frameMaxMs=14.1
[rubber-banding][guest-reconcile] time=123.915 frame=6022 room=23 world=5 authority=5 entity=2 hostTick=6314 ackTick=6314 lastRecordedTick=6322 replayLatestTick=6322 move=(-12,126) predictedBefore=(3.584, 0.502, -6.014) confirmed=(3.598, 0.008, -6.156) replayed=(3.580, 0.502, -5.968) visualBefore=(3.584, 0.502, -6.014) correction=(-0.004, 0.000, 0.046) distance=0.047 unresolved=5 replayedCount=5 nextVisualOffset=(0.004, 0.000, -0.046) mode=smooth rttMs=97.0 snapshotAgeMs=0.0
[rubber-banding][guest-reconcile] time=123.915 frame=6022 room=23 world=5 authority=5 entity=2 hostTick=6318 ackTick=6318 lastRecordedTick=6322 replayLatestTick=6322 move=(-12,126) predictedBefore=(3.578, 0.502, -5.951) confirmed=(3.590, 0.118, -6.075) replayed=(3.583, 0.502, -5.995) visualBefore=(3.578, 0.502, -5.951) correction=(0.004, 0.000, -0.044) distance=0.044 unresolved=4 replayedCount=4 nextVisualOffset=(-0.004, 0.000, 0.044) mode=smooth rttMs=97.0 snapshotAgeMs=0.0
[rubber-banding][guest-reconcile] time=123.915 frame=6022 room=23 world=5 authority=5 entity=2 hostTick=6324 ackTick=6324 lastRecordedTick=6322 replayLatestTick=0 move=(0,0) predictedBefore=(3.583, 0.502, -5.995) confirmed=(3.578, 0.661, -5.942) replayed=(3.578, 0.661, -5.942) visualBefore=(3.583, 0.502, -5.995) correction=(-0.005, 0.159, 0.053) distance=0.167 unresolved=0 replayedCount=0 nextVisualOffset=(0.005, -0.159, -0.053) mode=smooth rttMs=97.0 snapshotAgeMs=0.0
[rubber-banding][guest-reconcile] time=123.915 frame=6022 room=23 world=5 authority=5 entity=2 hostTick=6326 ackTick=6326 lastRecordedTick=6322 replayLatestTick=0 move=(0,0) predictedBefore=(3.578, 0.661, -5.942) confirmed=(3.572, 0.797, -5.887) replayed=(3.572, 0.797, -5.887) visualBefore=(3.578, 0.661, -5.942) correction=(-0.005, 0.136, 0.055) distance=0.147 unresolved=0 replayedCount=0 nextVisualOffset=(0.005, -0.136, -0.055) mode=smooth rttMs=97.0 snapshotAgeMs=0.0
[rubber-banding][guest-reconcile] time=124.143 frame=6040 room=23 world=5 authority=5 entity=2 hostTick=6330 ackTick=6330 lastRecordedTick=6338 replayLatestTick=6338 move=(-12,126) predictedBefore=(3.545, 1.121, -5.604) confirmed=(3.560, 1.004, -5.763) replayed=(3.541, 1.136, -5.558) visualBefore=(3.545, 1.121, -5.604) correction=(-0.004, 0.015, 0.045) distance=0.048 unresolved=5 replayedCount=5 nextVisualOffset=(0.004, -0.015, -0.045) mode=smooth rttMs=97.0 snapshotAgeMs=0.0
[rubber-banding][guest-reconcile] time=124.143 frame=6040 room=23 world=5 authority=5 entity=2 hostTick=6332 ackTick=6332 lastRecordedTick=6338 replayLatestTick=6338 move=(-12,126) predictedBefore=(3.541, 1.136, -5.558) confirmed=(3.554, 1.073, -5.690) replayed=(3.533, 1.151, -5.474) visualBefore=(3.541, 1.136, -5.558) correction=(-0.008, 0.014, 0.084) distance=0.086 unresolved=5 replayedCount=5 nextVisualOffset=(0.008, -0.014, -0.084) mode=smooth rttMs=97.0 snapshotAgeMs=0.0
[rubber-banding][guest-reconcile] time=124.143 frame=6040 room=23 world=5 authority=5 entity=2 hostTick=6334 ackTick=6334 lastRecordedTick=6338 replayLatestTick=6338 move=(-12,126) predictedBefore=(3.533, 1.151, -5.474) confirmed=(3.546, 1.121, -5.615) replayed=(3.529, 1.150, -5.438) visualBefore=(3.533, 1.151, -5.474) correction=(-0.003, -0.001, 0.037) distance=0.037 unresolved=4 replayedCount=4 nextVisualOffset=(0.003, 0.001, -0.037) mode=smooth rttMs=97.0 snapshotAgeMs=0.0
[rubber-banding][guest-reconcile] time=124.425 frame=6063 room=23 world=5 authority=5 entity=2 hostTick=6342 ackTick=6342 lastRecordedTick=6352 replayLatestTick=6352 move=(-98,81) predictedBefore=(3.390, 0.832, -4.884) confirmed=(3.494, 1.089, -5.233) replayed=(3.367, 0.770, -4.822) visualBefore=(3.390, 0.832, -4.884) correction=(-0.023, -0.062, 0.063) distance=0.091 unresolved=7 replayedCount=7 nextVisualOffset=(0.023, 0.062, -0.063) mode=smooth rttMs=97.0 snapshotAgeMs=0.0
[rubber-banding][guest-reconcile] time=124.425 frame=6063 room=23 world=5 authority=5 entity=2 hostTick=6344 ackTick=6344 lastRecordedTick=6352 replayLatestTick=6352 move=(-98,81) predictedBefore=(3.367, 0.770, -4.822) confirmed=(3.468, 1.026, -5.124) replayed=(3.330, 0.628, -4.705) visualBefore=(3.367, 0.770, -4.822) correction=(-0.037, -0.141, 0.117) distance=0.187 unresolved=7 replayedCount=7 nextVisualOffset=(0.037, 0.141, -0.117) mode=smooth rttMs=97.0 snapshotAgeMs=0.0
[rubber-banding][guest-reconcile] time=124.425 frame=6063 room=23 world=5 authority=5 entity=2 hostTick=6346 ackTick=6346 lastRecordedTick=6352 replayLatestTick=6352 move=(-98,81) predictedBefore=(3.330, 0.628, -4.705) confirmed=(3.440, 0.940, -5.013) replayed=(3.317, 0.549, -4.650) visualBefore=(3.330, 0.628, -4.705) correction=(-0.013, -0.079, 0.055) distance=0.097 unresolved=6 replayedCount=6 nextVisualOffset=(0.013, 0.079, -0.055) mode=smooth rttMs=97.0 snapshotAgeMs=0.0
[rubber-banding][guest-reconcile] time=124.425 frame=6063 room=23 world=5 authority=5 entity=2 hostTick=6354 ackTick=6354 lastRecordedTick=6352 replayLatestTick=0 move=(0,0) predictedBefore=(3.317, 0.549, -4.650) confirmed=(3.265, 0.375, -4.527) replayed=(3.265, 0.375, -4.527) visualBefore=(3.317, 0.549, -4.650) correction=(-0.051, -0.175, 0.123) distance=0.220 unresolved=0 replayedCount=0 nextVisualOffset=(0.051, 0.175, -0.123) mode=smooth rttMs=97.0 snapshotAgeMs=0.0
[rubber-banding][guest-reconcile] time=124.437 frame=6064 room=23 world=5 authority=5 entity=2 hostTick=6358 ackTick=6358 lastRecordedTick=6365 replayLatestTick=6365 move=(-98,81) predictedBefore=(3.158, 0.008, -4.283) confirmed=(3.161, 0.008, -4.282) replayed=(3.110, 0.008, -4.239) visualBefore=(3.205, 0.168, -4.396) correction=(-0.049, 0.000, 0.044) distance=0.065 unresolved=1 replayedCount=1 nextVisualOffset=(0.096, 0.160, -0.156) mode=smooth rttMs=97.0 snapshotAgeMs=0.0
[rubber-banding][local-input] time=124.563 frame=6074 focused=1 host=0 room=23 world=5 authority=5 entity=2 windowMs=1005.7 updates=81 fixedCalls=50 commands=35 predictionSteps=35 noCommandUpdates=59 estimatedHostTick=6368 nextInputTick=6373 lastRecordedTick=6370 lastResolvedTick=6358 nextLead=5 recordedLead=2 unresolved=6 clamped=55 clampedTotal=3787 batchesSent=2497 commandsSent=13977 sendFailures=0 move=(-0.77,0.64) jump=0
[rubber-banding][remote-render] time=124.563 frame=6074 entity=1 latestHostTick=6358 buffer=8 windowMs=1005.7 fps=80.5 snapshots=30 arrivalSamples=30 arrivalAvgMs=33.2 arrivalP95Ms=260.0 arrivalMaxMs=269.7 sameArrival=23 tickGapMax=2 renderFrames=81 interpolation=5 extrapolation=76 extrapolationCapped=24 extrapolationMaxMs=246.6 oldestHeld=0 zeroSpan=81 movingFrozen=0 teleport=0 visualStepAvgCm=0.00 visualStepMaxCm=0.00 estimatedHostTick=6368 renderTick=6363.798 latestSnapshotTick=6358.000 renderMinusLatestTicks=5.798 estimatedMinusLatestTicks=10.000 sampleT=3.899
[rubber-banding][remote-render] time=124.563 frame=6074 entity=3 latestHostTick=6358 buffer=8 windowMs=1005.7 fps=80.5 snapshots=30 arrivalSamples=30 arrivalAvgMs=33.2 arrivalP95Ms=260.0 arrivalMaxMs=269.7 sameArrival=23 tickGapMax=2 renderFrames=81 interpolation=5 extrapolation=76 extrapolationCapped=24 extrapolationMaxMs=246.6 oldestHeld=0 zeroSpan=81 movingFrozen=0 teleport=0 visualStepAvgCm=0.00 visualStepMaxCm=0.00 estimatedHostTick=6368 renderTick=6363.798 latestSnapshotTick=6358.000 renderMinusLatestTicks=5.798 estimatedMinusLatestTicks=10.000 sampleT=3.899
[rubber-banding][remote-render] time=124.563 frame=6074 entity=4 latestHostTick=6358 buffer=8 windowMs=1005.7 fps=80.5 snapshots=30 arrivalSamples=30 arrivalAvgMs=33.2 arrivalP95Ms=260.0 arrivalMaxMs=269.7 sameArrival=23 tickGapMax=2 renderFrames=81 interpolation=5 extrapolation=76 extrapolationCapped=24 extrapolationMaxMs=246.6 oldestHeld=0 zeroSpan=81 movingFrozen=0 teleport=0 visualStepAvgCm=0.00 visualStepMaxCm=0.00 estimatedHostTick=6368 renderTick=6363.798 latestSnapshotTick=6358.000 renderMinusLatestTicks=5.798 estimatedMinusLatestTicks=10.000 sampleT=3.899
[rubber-banding][guest-reconcile] time=124.663 frame=6082 room=23 world=5 authority=5 entity=2 hostTick=6360 ackTick=6360 lastRecordedTick=6370 replayLatestTick=6370 move=(-98,81) predictedBefore=(2.853, 0.008, -4.027) confirmed=(3.122, 0.008, -4.190) replayed=(2.862, 0.008, -3.975) visualBefore=(2.853, 0.008, -4.027) correction=(0.010, 0.000, 0.052) distance=0.053 unresolved=6 replayedCount=6 nextVisualOffset=(-0.010, 0.000, -0.052) mode=smooth rttMs=97.0 snapshotAgeMs=0.0
[rubber-banding][guest-reconcile] time=124.663 frame=6082 room=23 world=5 authority=5 entity=2 hostTick=6362 ackTick=6362 lastRecordedTick=6370 replayLatestTick=6370 move=(-98,81) predictedBefore=(2.862, 0.008, -3.975) confirmed=(3.100, 0.008, -4.139) replayed=(2.943, 0.008, -4.009) visualBefore=(2.862, 0.008, -3.975) correction=(0.081, 0.000, -0.034) distance=0.088 unresolved=6 replayedCount=6 nextVisualOffset=(-0.081, 0.000, 0.034) mode=smooth rttMs=97.0 snapshotAgeMs=0.0
[rubber-banding][guest-reconcile] time=124.663 frame=6082 room=23 world=5 authority=5 entity=2 hostTick=6364 ackTick=6364 lastRecordedTick=6370 replayLatestTick=6370 move=(-98,81) predictedBefore=(2.943, 0.008, -4.009) confirmed=(3.096, 0.008, -4.129) replayed=(3.042, 0.008, -4.084) visualBefore=(2.943, 0.008, -4.009) correction=(0.098, 0.000, -0.075) distance=0.124 unresolved=6 replayedCount=6 nextVisualOffset=(-0.098, 0.000, 0.075) mode=smooth rttMs=97.0 snapshotAgeMs=0.0
[rubber-banding][udp-pump] time=124.675 frame=6083 focused=1 windowMs=1006.2 fps=80.5 packets=30 socketAvgMs=34.3 socketP95Ms=253.5 socketMaxMs=268.3 pumpAvgMs=34.0 pumpP95Ms=260.0 pumpMaxMs=269.7 queueDelayAvgMs=5.1 queueDelayP95Ms=11.3 queueDelayMaxMs=13.8 samePump=23 pumpBatchMax=8 queueDepthMax=8 frameMaxMs=13.4
[rubber-banding][guest-reconcile] time=124.687 frame=6084 room=23 world=5 authority=5 entity=2 hostTick=6372 ackTick=6372 lastRecordedTick=6380 replayLatestTick=6380 move=(-12,126) predictedBefore=(3.015, 0.008, -3.805) confirmed=(3.003, 0.008, -4.052) replayed=(2.981, 0.008, -3.823) visualBefore=(2.933, 0.008, -3.743) correction=(-0.034, 0.000, -0.018) distance=0.038 unresolved=6 replayedCount=6 nextVisualOffset=(-0.049, 0.000, 0.081) mode=smooth rttMs=97.0 snapshotAgeMs=0.0
[rubber-banding][guest-local-edge] time=124.738 room=23 world=5 authority=5 entity=2 eventId=40 kind=Jump stage=Captured relatedEventId=0 inputTick=0 pressed=None createdAt=-1.000000 firstSendRequestedAt=-1.000000 firstSendDelayMs=-1.000 desiredTick=0 assignedTick=0 lastResolvedAtCreate=0 estimatedHostTickAtCreate=0 clampReason=None
[rubber-banding][guest-local-edge] time=124.738 room=23 world=5 authority=5 entity=2 eventId=40 kind=Jump stage=Attached relatedEventId=0 inputTick=6384 pressed=Jump createdAt=124.735800 firstSendRequestedAt=-1.000000 firstSendDelayMs=-1.000 desiredTick=6384 assignedTick=6384 lastResolvedAtCreate=6372 estimatedHostTickAtCreate=6378 clampReason=None
[rubber-banding][guest-local-edge] time=124.738 room=23 world=5 authority=5 entity=2 eventId=40 kind=Jump stage=FirstSendRequested relatedEventId=0 inputTick=6384 pressed=Jump createdAt=124.735800 firstSendRequestedAt=124.735800 firstSendDelayMs=0.000 desiredTick=6384 assignedTick=6384 lastResolvedAtCreate=6372 estimatedHostTickAtCreate=6378 clampReason=None
[rubber-banding][guest-reconcile] time=124.934 frame=6104 room=23 world=5 authority=5 entity=2 hostTick=6374 ackTick=6374 lastRecordedTick=6384 replayLatestTick=6384 move=(-12,126) predictedBefore=(2.961, 0.118, -3.604) confirmed=(2.997, 0.008, -3.989) replayed=(2.955, 0.118, -3.541) visualBefore=(2.961, 0.118, -3.604) correction=(-0.006, 0.000, 0.063) distance=0.063 unresolved=9 replayedCount=9 nextVisualOffset=(0.006, 0.000, -0.063) mode=smooth rttMs=123.9 snapshotAgeMs=0.0
[rubber-banding][guest-reconcile] time=124.934 frame=6104 room=23 world=5 authority=5 entity=2 hostTick=6376 ackTick=6376 lastRecordedTick=6384 replayLatestTick=6384 move=(-12,126) predictedBefore=(2.955, 0.118, -3.541) confirmed=(2.990, 0.008, -3.913) replayed=(2.948, 0.118, -3.475) visualBefore=(2.955, 0.118, -3.541) correction=(-0.006, 0.000, 0.066) distance=0.066 unresolved=8 replayedCount=8 nextVisualOffset=(0.006, 0.000, -0.066) mode=smooth rttMs=123.9 snapshotAgeMs=0.0
[rubber-banding][guest-reconcile] time=124.934 frame=6104 room=23 world=5 authority=5 entity=2 hostTick=6386 ackTick=6386 lastRecordedTick=6384 replayLatestTick=0 move=(0,0) predictedBefore=(2.948, 0.118, -3.475) confirmed=(2.936, 0.321, -3.343) replayed=(2.936, 0.321, -3.343) visualBefore=(2.948, 0.118, -3.475) correction=(-0.013, 0.203, 0.132) distance=0.243 unresolved=0 replayedCount=0 nextVisualOffset=(0.013, -0.203, -0.132) mode=smooth rttMs=123.9 snapshotAgeMs=0.0
[rubber-banding][guest-reconcile] time=124.934 frame=6104 room=23 world=5 authority=5 entity=2 hostTick=6388 ackTick=6388 lastRecordedTick=6384 replayLatestTick=0 move=(0,0) predictedBefore=(2.936, 0.321, -3.343) confirmed=(2.923, 0.502, -3.210) replayed=(2.923, 0.502, -3.210) visualBefore=(2.936, 0.321, -3.343) correction=(-0.013, 0.181, 0.132) distance=0.224 unresolved=0 replayedCount=0 nextVisualOffset=(0.013, -0.181, -0.132) mode=smooth rttMs=123.9 snapshotAgeMs=0.0
[rubber-banding][guest-reconcile] time=125.162 frame=6122 room=23 world=5 authority=5 entity=2 hostTick=6392 ackTick=6392 lastRecordedTick=6400 replayLatestTick=6400 move=(-12,126) predictedBefore=(2.873, 1.004, -2.681) confirmed=(2.898, 0.797, -2.946) replayed=(2.866, 1.041, -2.615) visualBefore=(2.873, 1.004, -2.681) correction=(-0.006, 0.038, 0.066) distance=0.076 unresolved=5 replayedCount=5 nextVisualOffset=(0.006, -0.038, -0.066) mode=smooth rttMs=123.9 snapshotAgeMs=0.0
[rubber-banding][guest-reconcile] time=125.162 frame=6122 room=23 world=5 authority=5 entity=2 hostTick=6394 ackTick=6394 lastRecordedTick=6400 replayLatestTick=6400 move=(-12,126) predictedBefore=(2.866, 1.041, -2.615) confirmed=(2.885, 0.912, -2.813) replayed=(2.854, 1.100, -2.483) visualBefore=(2.866, 1.041, -2.615) correction=(-0.013, 0.059, 0.132) distance=0.145 unresolved=5 replayedCount=5 nextVisualOffset=(0.013, -0.059, -0.132) mode=smooth rttMs=123.9 snapshotAgeMs=0.0
[rubber-banding][guest-reconcile] time=125.162 frame=6122 room=23 world=5 authority=5 entity=2 hostTick=6396 ackTick=6396 lastRecordedTick=6400 replayLatestTick=6400 move=(-12,126) predictedBefore=(2.854, 1.100, -2.483) confirmed=(2.873, 1.004, -2.681) replayed=(2.848, 1.121, -2.417) visualBefore=(2.854, 1.100, -2.483) correction=(-0.006, 0.021, 0.066) distance=0.070 unresolved=4 replayedCount=4 nextVisualOffset=(0.006, -0.021, -0.066) mode=smooth rttMs=123.9 snapshotAgeMs=0.0
[rubber-banding][guest-reconcile] time=125.162 frame=6122 room=23 world=5 authority=5 entity=2 hostTick=6402 ackTick=6402 lastRecordedTick=6400 replayLatestTick=0 move=(0,0) predictedBefore=(2.848, 1.121, -2.417) confirmed=(2.835, 1.146, -2.284) replayed=(2.835, 1.146, -2.284) visualBefore=(2.848, 1.121, -2.417) correction=(-0.013, 0.025, 0.132) distance=0.135 unresolved=0 replayedCount=0 nextVisualOffset=(0.013, -0.025, -0.132) mode=smooth rttMs=123.9 snapshotAgeMs=0.0
[rubber-banding][guest-reconcile] time=125.447 frame=6145 room=23 world=5 authority=5 entity=2 hostTick=6406 ackTick=6406 lastRecordedTick=6414 replayLatestTick=6414 move=(-12,126) predictedBefore=(2.785, 1.026, -1.755) confirmed=(2.810, 1.130, -2.020) replayed=(2.778, 0.986, -1.689) visualBefore=(2.785, 1.026, -1.755) correction=(-0.006, -0.040, 0.066) distance=0.078 unresolved=5 replayedCount=5 nextVisualOffset=(0.006, 0.040, -0.066) mode=smooth rttMs=123.9 snapshotAgeMs=0.0
[rubber-banding][guest-reconcile] time=125.447 frame=6145 room=23 world=5 authority=5 entity=2 hostTick=6408 ackTick=6408 lastRecordedTick=6414 replayLatestTick=6414 move=(-12,126) predictedBefore=(2.778, 0.986, -1.689) confirmed=(2.797, 1.089, -1.888) replayed=(2.766, 0.889, -1.557) visualBefore=(2.778, 0.986, -1.689) correction=(-0.013, -0.097, 0.132) distance=0.164 unresolved=5 replayedCount=5 nextVisualOffset=(0.013, 0.097, -0.132) mode=smooth rttMs=123.9 snapshotAgeMs=0.0
[rubber-banding][guest-reconcile] time=125.447 frame=6145 room=23 world=5 authority=5 entity=2 hostTick=6410 ackTick=6410 lastRecordedTick=6414 replayLatestTick=6414 move=(-12,126) predictedBefore=(2.766, 0.889, -1.557) confirmed=(2.785, 1.026, -1.755) replayed=(2.759, 0.832, -1.491) visualBefore=(2.766, 0.889, -1.557) correction=(-0.006, -0.057, 0.066) distance=0.087 unresolved=4 replayedCount=4 nextVisualOffset=(0.006, 0.057, -0.066) mode=smooth rttMs=123.9 snapshotAgeMs=0.0
[rubber-banding][guest-reconcile] time=125.447 frame=6145 room=23 world=5 authority=5 entity=2 hostTick=6416 ackTick=6416 lastRecordedTick=6414 replayLatestTick=0 move=(0,0) predictedBefore=(2.759, 0.832, -1.491) confirmed=(2.747, 0.702, -1.358) replayed=(2.747, 0.702, -1.358) visualBefore=(2.759, 0.832, -1.491) correction=(-0.013, -0.130, 0.132) distance=0.186 unresolved=0 replayedCount=0 nextVisualOffset=(0.013, 0.130, -0.132) mode=smooth rttMs=123.9 snapshotAgeMs=0.0
[rubber-banding][guest-reconcile] time=125.447 frame=6145 room=23 world=5 authority=5 entity=2 hostTick=6418 ackTick=6418 lastRecordedTick=6414 replayLatestTick=0 move=(0,0) predictedBefore=(2.747, 0.702, -1.358) confirmed=(2.734, 0.549, -1.226) replayed=(2.734, 0.549, -1.226) visualBefore=(2.747, 0.702, -1.358) correction=(-0.013, -0.152, 0.132) distance=0.202 unresolved=0 replayedCount=0 nextVisualOffset=(0.013, 0.152, -0.132) mode=smooth rttMs=123.9 snapshotAgeMs=0.0
[rubber-banding][local-input] time=125.571 frame=6155 focused=1 host=0 room=23 world=5 authority=5 entity=2 windowMs=1008.0 updates=81 fixedCalls=51 commands=35 predictionSteps=35 noCommandUpdates=61 estimatedHostTick=6428 nextInputTick=6434 lastRecordedTick=6430 lastResolvedTick=6418 nextLead=6 recordedLead=2 unresolved=7 clamped=57 clampedTotal=3844 batchesSent=2528 commandsSent=14203 sendFailures=0 move=(-0.77,0.64) jump=0
[rubber-banding][remote-render] time=125.571 frame=6155 entity=1 latestHostTick=6418 buffer=8 windowMs=1008.0 fps=80.4 snapshots=30 arrivalSamples=30 arrivalAvgMs=33.7 arrivalP95Ms=246.7 arrivalMaxMs=284.6 sameArrival=24 tickGapMax=2 renderFrames=81 interpolation=11 extrapolation=70 extrapolationCapped=19 extrapolationMaxMs=230.6 oldestHeld=0 zeroSpan=61 movingFrozen=0 teleport=0 visualStepAvgCm=0.00 visualStepMaxCm=0.00 estimatedHostTick=6428 renderTick=6424.114 latestSnapshotTick=6418.000 renderMinusLatestTicks=6.114 estimatedMinusLatestTicks=10.000 sampleT=4.057
[rubber-banding][remote-render] time=125.571 frame=6155 entity=3 latestHostTick=6418 buffer=8 windowMs=1008.0 fps=80.4 snapshots=30 arrivalSamples=30 arrivalAvgMs=33.7 arrivalP95Ms=246.7 arrivalMaxMs=284.6 sameArrival=24 tickGapMax=2 renderFrames=81 interpolation=11 extrapolation=70 extrapolationCapped=19 extrapolationMaxMs=230.6 oldestHeld=0 zeroSpan=61 movingFrozen=0 teleport=0 visualStepAvgCm=0.00 visualStepMaxCm=0.00 estimatedHostTick=6428 renderTick=6424.114 latestSnapshotTick=6418.000 renderMinusLatestTicks=6.114 estimatedMinusLatestTicks=10.000 sampleT=4.057
[rubber-banding][remote-render] time=125.571 frame=6155 entity=4 latestHostTick=6418 buffer=8 windowMs=1008.0 fps=80.4 snapshots=30 arrivalSamples=30 arrivalAvgMs=33.7 arrivalP95Ms=246.7 arrivalMaxMs=284.6 sameArrival=24 tickGapMax=2 renderFrames=81 interpolation=11 extrapolation=70 extrapolationCapped=19 extrapolationMaxMs=230.6 oldestHeld=0 zeroSpan=61 movingFrozen=0 teleport=0 visualStepAvgCm=0.00 visualStepMaxCm=0.00 estimatedHostTick=6428 renderTick=6424.114 latestSnapshotTick=6418.000 renderMinusLatestTicks=6.114 estimatedMinusLatestTicks=10.000 sampleT=4.057
[rubber-banding][guest-reconcile] time=125.670 frame=6163 room=23 world=5 authority=5 entity=2 hostTick=6422 ackTick=6422 lastRecordedTick=6430 replayLatestTick=6430 move=(-98,81) predictedBefore=(2.623, 0.008, -0.789) confirmed=(2.700, 0.178, -0.962) replayed=(2.571, 0.008, -0.746) visualBefore=(2.623, 0.008, -0.789) correction=(-0.051, 0.000, 0.042) distance=0.067 unresolved=4 replayedCount=4 nextVisualOffset=(0.051, 0.000, -0.042) mode=smooth rttMs=123.9 snapshotAgeMs=0.0
[rubber-banding][guest-reconcile] time=125.683 frame=6164 room=23 world=5 authority=5 entity=2 hostTick=6424 ackTick=6424 lastRecordedTick=6434 replayLatestTick=6434 move=(-98,81) predictedBefore=(2.366, 0.008, -0.576) confirmed=(2.675, 0.008, -0.831) replayed=(2.264, 0.008, -0.491) visualBefore=(2.413, 0.008, -0.615) correction=(-0.101, 0.000, 0.085) distance=0.132 unresolved=8 replayedCount=8 nextVisualOffset=(0.149, 0.000, -0.124) mode=smooth rttMs=123.9 snapshotAgeMs=0.0
[rubber-banding][guest-reconcile] time=125.683 frame=6164 room=23 world=5 authority=5 entity=2 hostTick=6426 ackTick=6426 lastRecordedTick=6434 replayLatestTick=6434 move=(-98,81) predictedBefore=(2.264, 0.008, -0.491) confirmed=(2.657, 0.008, -0.733) replayed=(2.295, 0.008, -0.433) visualBefore=(2.312, 0.008, -0.530) correction=(0.031, 0.000, 0.058) distance=0.066 unresolved=8 replayedCount=8 nextVisualOffset=(0.017, 0.000, -0.097) mode=smooth rttMs=123.9 snapshotAgeMs=0.0
[rubber-banding][udp-pump] time=125.683 frame=6164 focused=1 windowMs=1007.5 fps=80.4 packets=31 socketAvgMs=32.4 socketP95Ms=242.8 socketMaxMs=275.0 pumpAvgMs=32.5 pumpP95Ms=246.7 pumpMaxMs=284.6 queueDelayAvgMs=5.2 queueDelayP95Ms=12.9 queueDelayMaxMs=14.6 samePump=25 pumpBatchMax=8 queueDepthMax=8 frameMaxMs=14.2
[rubber-banding][guest-local-edge] time=125.836 room=23 world=5 authority=5 entity=2 eventId=41 kind=Jump stage=Captured relatedEventId=0 inputTick=0 pressed=None createdAt=-1.000000 firstSendRequestedAt=-1.000000 firstSendDelayMs=-1.000 desiredTick=0 assignedTick=0 lastResolvedAtCreate=0 estimatedHostTickAtCreate=0 clampReason=None
[rubber-banding][guest-local-edge] time=125.923 room=23 world=5 authority=5 entity=2 eventId=41 kind=Jump stage=Attached relatedEventId=0 inputTick=6446 pressed=Jump createdAt=125.921900 firstSendRequestedAt=-1.000000 firstSendDelayMs=-1.000 desiredTick=6456 assignedTick=6446 lastResolvedAtCreate=6434 estimatedHostTickAtCreate=6450 clampReason=MaximumResolvedLead
[rubber-banding][guest-local-edge] time=125.923 room=23 world=5 authority=5 entity=2 eventId=41 kind=Jump stage=FirstSendRequested relatedEventId=0 inputTick=6446 pressed=Jump createdAt=125.921900 firstSendRequestedAt=125.921900 firstSendDelayMs=0.000 desiredTick=6456 assignedTick=6446 lastResolvedAtCreate=6434 estimatedHostTickAtCreate=6450 clampReason=MaximumResolvedLead
[rubber-banding][guest-reconcile] time=125.933 frame=6184 room=23 world=5 authority=5 entity=2 hostTick=6438 ackTick=6438 lastRecordedTick=6446 replayLatestTick=6446 move=(-126,-12) predictedBefore=(1.854, 0.118, -0.191) confirmed=(2.089, 0.008, -0.263) replayed=(1.803, 0.118, -0.148) visualBefore=(1.854, 0.118, -0.191) correction=(-0.051, 0.000, 0.042) distance=0.067 unresolved=5 replayedCount=5 nextVisualOffset=(0.051, 0.000, -0.042) mode=smooth rttMs=111.4 snapshotAgeMs=0.0
[rubber-banding][guest-reconcile] time=125.933 frame=6184 room=23 world=5 authority=5 entity=2 hostTick=6440 ackTick=6440 lastRecordedTick=6446 replayLatestTick=6446 move=(-126,-12) predictedBefore=(1.803, 0.118, -0.148) confirmed=(1.995, 0.008, -0.185) replayed=(1.719, 0.118, -0.079) visualBefore=(1.803, 0.118, -0.148) correction=(-0.084, 0.000, 0.069) distance=0.109 unresolved=5 replayedCount=5 nextVisualOffset=(0.084, 0.000, -0.069) mode=smooth rttMs=111.4 snapshotAgeMs=0.0
[rubber-banding][guest-reconcile] time=126.202 frame=6206 room=23 world=5 authority=5 entity=2 hostTick=6450 ackTick=6450 lastRecordedTick=6460 replayLatestTick=6460 move=(-126,-12) predictedBefore=(1.265, 0.732, -0.114) confirmed=(1.464, 0.502, -0.095) replayed=(1.199, 0.797, -0.121) visualBefore=(1.265, 0.732, -0.114) correction=(-0.066, 0.065, -0.006) distance=0.093 unresolved=4 replayedCount=4 nextVisualOffset=(0.066, -0.065, 0.006) mode=smooth rttMs=111.4 snapshotAgeMs=0.0
[rubber-banding][guest-reconcile] time=126.202 frame=6206 room=23 world=5 authority=5 entity=2 hostTick=6452 ackTick=6452 lastRecordedTick=6460 replayLatestTick=6460 move=(-126,-12) predictedBefore=(1.199, 0.797, -0.121) confirmed=(1.332, 0.661, -0.108) replayed=(1.067, 0.912, -0.133) visualBefore=(1.199, 0.797, -0.121) correction=(-0.132, 0.114, -0.013) distance=0.175 unresolved=4 replayedCount=4 nextVisualOffset=(0.132, -0.114, 0.013) mode=smooth rttMs=111.4 snapshotAgeMs=0.0
[rubber-banding][guest-reconcile] time=126.202 frame=6206 room=23 world=5 authority=5 entity=2 hostTick=6454 ackTick=6454 lastRecordedTick=6460 replayLatestTick=6460 move=(-126,-12) predictedBefore=(1.067, 0.912, -0.133) confirmed=(1.199, 0.797, -0.121) replayed=(0.935, 1.004, -0.146) visualBefore=(1.067, 0.912, -0.133) correction=(-0.132, 0.092, -0.013) distance=0.162 unresolved=4 replayedCount=4 nextVisualOffset=(0.132, -0.092, 0.013) mode=smooth rttMs=111.4 snapshotAgeMs=0.0
[rubber-banding][guest-reconcile] time=126.202 frame=6206 room=23 world=5 authority=5 entity=2 hostTick=6456 ackTick=6456 lastRecordedTick=6460 replayLatestTick=6460 move=(-126,-12) predictedBefore=(0.935, 1.004, -0.146) confirmed=(1.067, 0.912, -0.133) replayed=(0.802, 1.073, -0.158) visualBefore=(0.935, 1.004, -0.146) correction=(-0.132, 0.070, -0.013) distance=0.150 unresolved=4 replayedCount=4 nextVisualOffset=(0.132, -0.070, 0.013) mode=smooth rttMs=111.4 snapshotAgeMs=0.0
[rubber-banding][guest-reconcile] time=126.215 frame=6207 room=23 world=5 authority=5 entity=2 hostTick=6464 ackTick=6464 lastRecordedTick=6468 replayLatestTick=6468 move=(-126,-12) predictedBefore=(0.538, 1.146, -0.184) confirmed=(0.538, 1.146, -0.184) replayed=(0.472, 1.151, -0.190) visualBefore=(0.659, 1.082, -0.172) correction=(-0.066, 0.004, -0.006) distance=0.067 unresolved=1 replayedCount=1 nextVisualOffset=(0.188, -0.069, 0.018) mode=smooth rttMs=111.4 snapshotAgeMs=0.0
[rubber-banding][guest-reconcile] time=126.442 frame=6225 room=23 world=5 authority=5 entity=2 hostTick=6466 ackTick=6466 lastRecordedTick=6476 replayLatestTick=6476 move=(-126,-12) predictedBefore=(0.075, 1.060, -0.228) confirmed=(0.406, 1.150, -0.196) replayed=(-0.057, 0.986, -0.240) visualBefore=(0.075, 1.060, -0.228) correction=(-0.132, -0.075, -0.013) distance=0.152 unresolved=7 replayedCount=7 nextVisualOffset=(0.132, 0.075, 0.013) mode=smooth rttMs=111.4 snapshotAgeMs=0.0
[rubber-banding][guest-reconcile] time=126.442 frame=6225 room=23 world=5 authority=5 entity=2 hostTick=6468 ackTick=6468 lastRecordedTick=6476 replayLatestTick=6476 move=(-126,-12) predictedBefore=(-0.057, 0.986, -0.240) confirmed=(0.273, 1.130, -0.209) replayed=(-0.124, 0.940, -0.247) visualBefore=(-0.057, 0.986, -0.240) correction=(-0.066, -0.046, -0.006) distance=0.081 unresolved=6 replayedCount=6 nextVisualOffset=(0.066, 0.046, 0.006) mode=smooth rttMs=111.4 snapshotAgeMs=0.0
[rubber-banding][guest-reconcile] time=126.442 frame=6225 room=23 world=5 authority=5 entity=2 hostTick=6472 ackTick=6472 lastRecordedTick=6476 replayLatestTick=6476 move=(-126,-12) predictedBefore=(-0.124, 0.940, -0.247) confirmed=(0.009, 1.026, -0.234) replayed=(-0.190, 0.889, -0.253) visualBefore=(-0.124, 0.940, -0.247) correction=(-0.066, -0.051, -0.006) distance=0.084 unresolved=3 replayedCount=3 nextVisualOffset=(0.066, 0.051, 0.006) mode=smooth rttMs=111.4 snapshotAgeMs=0.0
[rubber-banding][guest-reconcile] time=126.454 frame=6226 room=23 world=5 authority=5 entity=2 hostTick=6474 ackTick=6474 lastRecordedTick=6484 replayLatestTick=6484 move=(-81,-98) predictedBefore=(-0.453, 0.628, -0.293) confirmed=(-0.124, 0.940, -0.247) replayed=(-0.519, 0.549, -0.299) visualBefore=(-0.393, 0.675, -0.287) correction=(-0.066, -0.079, -0.006) distance=0.103 unresolved=6 replayedCount=6 nextVisualOffset=(0.127, 0.126, 0.012) mode=smooth rttMs=111.4 snapshotAgeMs=0.0
[rubber-banding][local-input] time=126.579 frame=6236 focused=1 host=0 room=23 world=5 authority=5 entity=2 windowMs=1007.8 updates=81 fixedCalls=50 commands=39 predictionSteps=39 noCommandUpdates=64 estimatedHostTick=6490 nextInputTick=6496 lastRecordedTick=6490 lastResolvedTick=6478 nextLead=6 recordedLead=0 unresolved=8 clamped=64 clampedTotal=3908 batchesSent=2559 commandsSent=14413 sendFailures=0 move=(-0.64,-0.77) jump=0
[rubber-banding][remote-render] time=126.579 frame=6236 entity=1 latestHostTick=6478 buffer=8 windowMs=1007.8 fps=80.4 snapshots=30 arrivalSamples=30 arrivalAvgMs=33.6 arrivalP95Ms=239.2 arrivalMaxMs=256.1 sameArrival=21 tickGapMax=2 renderFrames=81 interpolation=10 extrapolation=71 extrapolationCapped=20 extrapolationMaxMs=221.0 oldestHeld=0 zeroSpan=59 movingFrozen=0 teleport=0 visualStepAvgCm=0.00 visualStepMaxCm=0.00 estimatedHostTick=6490 renderTick=6484.584 latestSnapshotTick=6478.000 renderMinusLatestTicks=6.584 estimatedMinusLatestTicks=12.000 sampleT=4.292
[rubber-banding][remote-render] time=126.579 frame=6236 entity=3 latestHostTick=6478 buffer=8 windowMs=1007.8 fps=80.4 snapshots=30 arrivalSamples=30 arrivalAvgMs=33.6 arrivalP95Ms=239.2 arrivalMaxMs=256.1 sameArrival=21 tickGapMax=2 renderFrames=81 interpolation=10 extrapolation=71 extrapolationCapped=20 extrapolationMaxMs=221.0 oldestHeld=0 zeroSpan=59 movingFrozen=0 teleport=0 visualStepAvgCm=0.00 visualStepMaxCm=0.00 estimatedHostTick=6490 renderTick=6484.584 latestSnapshotTick=6478.000 renderMinusLatestTicks=6.584 estimatedMinusLatestTicks=12.000 sampleT=4.292
[rubber-banding][remote-render] time=126.579 frame=6236 entity=4 latestHostTick=6478 buffer=8 windowMs=1007.8 fps=80.4 snapshots=30 arrivalSamples=30 arrivalAvgMs=33.6 arrivalP95Ms=239.2 arrivalMaxMs=256.1 sameArrival=21 tickGapMax=2 renderFrames=81 interpolation=10 extrapolation=71 extrapolationCapped=20 extrapolationMaxMs=221.0 oldestHeld=0 zeroSpan=59 movingFrozen=0 teleport=0 visualStepAvgCm=0.00 visualStepMaxCm=0.00 estimatedHostTick=6490 renderTick=6484.584 latestSnapshotTick=6478.000 renderMinusLatestTicks=6.584 estimatedMinusLatestTicks=12.000 sampleT=4.292
[rubber-banding][guest-reconcile] time=126.692 frame=6245 room=23 world=5 authority=5 entity=2 hostTick=6480 ackTick=6480 lastRecordedTick=6490 replayLatestTick=6490 move=(-81,-98) predictedBefore=(-0.906, 0.008, -0.400) confirmed=(-0.519, 0.549, -0.299) replayed=(-0.949, 0.008, -0.451) visualBefore=(-0.906, 0.008, -0.400) correction=(-0.042, 0.000, -0.051) distance=0.067 unresolved=7 replayedCount=7 nextVisualOffset=(0.042, 0.000, 0.051) mode=smooth rttMs=111.4 snapshotAgeMs=0.0
[rubber-banding][guest-reconcile] time=126.692 frame=6245 room=23 world=5 authority=5 entity=2 hostTick=6482 ackTick=6482 lastRecordedTick=6490 replayLatestTick=6490 move=(-81,-98) predictedBefore=(-0.949, 0.008, -0.451) confirmed=(-0.650, 0.375, -0.326) replayed=(-1.035, 0.008, -0.548) visualBefore=(-0.949, 0.008, -0.451) correction=(-0.087, 0.000, -0.097) distance=0.130 unresolved=7 replayedCount=7 nextVisualOffset=(0.087, 0.000, 0.097) mode=smooth rttMs=111.4 snapshotAgeMs=0.0
[rubber-banding][udp-pump] time=126.692 frame=6245 focused=1 windowMs=1009.2 fps=80.3 packets=25 socketAvgMs=40.4 socketP95Ms=243.7 socketMaxMs=262.3 pumpAvgMs=40.4 pumpP95Ms=239.2 pumpMaxMs=256.1 queueDelayAvgMs=4.9 queueDelayP95Ms=10.9 queueDelayMaxMs=11.7 samePump=17 pumpBatchMax=6 queueDepthMax=6 frameMaxMs=13.6
[rubber-banding][guest-reconcile] time=126.704 frame=6246 room=23 world=5 authority=5 entity=2 hostTick=6484 ackTick=6484 lastRecordedTick=6494 replayLatestTick=6494 move=(-81,-98) predictedBefore=(-1.205, 0.008, -0.753) confirmed=(-0.780, 0.178, -0.355) replayed=(-1.249, 0.008, -0.800) visualBefore=(-1.126, 0.008, -0.665) correction=(-0.044, 0.000, -0.046) distance=0.064 unresolved=10 replayedCount=10 nextVisualOffset=(0.123, 0.000, 0.135) mode=smooth rttMs=111.4 snapshotAgeMs=0.0
[rubber-banding][guest-reconcile] time=126.704 frame=6246 room=23 world=5 authority=5 entity=2 hostTick=6494 ackTick=6494 lastRecordedTick=6494 replayLatestTick=0 move=(0,0) predictedBefore=(-1.249, 0.008, -0.800) confirmed=(-1.228, 0.008, -0.774) replayed=(-1.228, 0.008, -0.774) visualBefore=(-1.170, 0.008, -0.711) correction=(0.021, 0.000, 0.026) distance=0.033 unresolved=0 replayedCount=0 nextVisualOffset=(0.058, 0.000, 0.063) mode=smooth rttMs=111.4 snapshotAgeMs=0.0
[rubber-banding][guest-local-edge] time=126.807 room=23 world=5 authority=5 entity=2 eventId=42 kind=Jump stage=Captured relatedEventId=0 inputTick=0 pressed=None createdAt=-1.000000 firstSendRequestedAt=-1.000000 firstSendDelayMs=-1.000 desiredTick=0 assignedTick=0 lastResolvedAtCreate=0 estimatedHostTickAtCreate=0 clampReason=None
[rubber-banding][guest-reconcile] time=126.934 frame=6264 room=23 world=5 authority=5 entity=2 hostTick=6498 ackTick=6498 lastRecordedTick=6506 replayLatestTick=6506 move=(-81,-98) predictedBefore=(-1.485, 0.008, -1.085) confirmed=(-1.362, 0.008, -0.937) replayed=(-1.527, 0.008, -1.136) visualBefore=(-1.485, 0.008, -1.085) correction=(-0.042, 0.000, -0.051) distance=0.067 unresolved=4 replayedCount=4 nextVisualOffset=(0.042, 0.000, 0.051) mode=smooth rttMs=124.6 snapshotAgeMs=0.0
[rubber-banding][guest-reconcile] time=126.934 frame=6264 room=23 world=5 authority=5 entity=2 hostTick=6500 ackTick=6500 lastRecordedTick=6506 replayLatestTick=6506 move=(-81,-98) predictedBefore=(-1.527, 0.008, -1.136) confirmed=(-1.433, 0.008, -1.022) replayed=(-1.582, 0.008, -1.202) visualBefore=(-1.527, 0.008, -1.136) correction=(-0.055, 0.000, -0.066) distance=0.086 unresolved=4 replayedCount=4 nextVisualOffset=(0.055, 0.000, 0.066) mode=smooth rttMs=124.6 snapshotAgeMs=0.0
[rubber-banding][guest-reconcile] time=126.934 frame=6264 room=23 world=5 authority=5 entity=2 hostTick=6502 ackTick=6502 lastRecordedTick=6506 replayLatestTick=6506 move=(-81,-98) predictedBefore=(-1.582, 0.008, -1.202) confirmed=(-1.476, 0.008, -1.074) replayed=(-1.568, 0.008, -1.185) visualBefore=(-1.582, 0.008, -1.202) correction=(0.014, 0.000, 0.017) distance=0.022 unresolved=4 replayedCount=4 nextVisualOffset=(-0.014, 0.000, -0.017) mode=smooth rttMs=124.6 snapshotAgeMs=0.0
[rubber-banding][guest-reconcile] time=126.934 frame=6264 room=23 world=5 authority=5 entity=2 hostTick=6508 ackTick=6508 lastRecordedTick=6506 replayLatestTick=0 move=(0,0) predictedBefore=(-1.568, 0.008, -1.185) confirmed=(-1.626, 0.008, -1.256) replayed=(-1.626, 0.008, -1.256) visualBefore=(-1.568, 0.008, -1.185) correction=(-0.059, 0.000, -0.071) distance=0.092 unresolved=0 replayedCount=0 nextVisualOffset=(0.059, 0.000, 0.071) mode=smooth rttMs=124.6 snapshotAgeMs=0.0
[rubber-banding][guest-local-edge] time=126.936 room=23 world=5 authority=5 entity=2 eventId=42 kind=Jump stage=Attached relatedEventId=0 inputTick=6517 pressed=Jump createdAt=126.933800 firstSendRequestedAt=-1.000000 firstSendDelayMs=-1.000 desiredTick=6517 assignedTick=6517 lastResolvedAtCreate=6508 estimatedHostTickAtCreate=6511 clampReason=None
[rubber-banding][guest-local-edge] time=126.937 room=23 world=5 authority=5 entity=2 eventId=42 kind=Jump stage=FirstSendRequested relatedEventId=0 inputTick=6517 pressed=Jump createdAt=126.933800 firstSendRequestedAt=126.933800 firstSendDelayMs=0.000 desiredTick=6517 assignedTick=6517 lastResolvedAtCreate=6508 estimatedHostTickAtCreate=6511 clampReason=None
[rubber-banding][guest-reconcile] time=127.196 frame=6285 room=23 world=5 authority=5 entity=2 hostTick=6512 ackTick=6512 lastRecordedTick=6520 replayLatestTick=6520 move=(12,-126) predictedBefore=(-1.587, 0.414, -1.674) confirmed=(-1.605, 0.008, -1.479) replayed=(-1.580, 0.414, -1.742) visualBefore=(-1.587, 0.414, -1.674) correction=(0.006, 0.000, -0.068) distance=0.068 unresolved=4 replayedCount=4 nextVisualOffset=(-0.006, 0.000, 0.068) mode=smooth rttMs=124.6 snapshotAgeMs=0.0
[rubber-banding][guest-reconcile] time=127.196 frame=6285 room=23 world=5 authority=5 entity=2 hostTick=6514 ackTick=6514 lastRecordedTick=6520 replayLatestTick=6520 move=(12,-126) predictedBefore=(-1.580, 0.414, -1.742) confirmed=(-1.594, 0.008, -1.597) replayed=(-1.571, 0.414, -1.836) visualBefore=(-1.580, 0.414, -1.742) correction=(0.009, 0.000, -0.094) distance=0.094 unresolved=4 replayedCount=4 nextVisualOffset=(-0.009, 0.000, 0.094) mode=smooth rttMs=124.6 snapshotAgeMs=0.0
[rubber-banding][guest-reconcile] time=127.196 frame=6285 room=23 world=5 authority=5 entity=2 hostTick=6522 ackTick=6522 lastRecordedTick=6520 replayLatestTick=0 move=(0,0) predictedBefore=(-1.573, 0.414, -1.820) confirmed=(-1.564, 0.584, -1.909) replayed=(-1.564, 0.584, -1.909) visualBefore=(-1.573, 0.414, -1.820) correction=(0.008, 0.170, -0.088) distance=0.192 unresolved=0 replayedCount=0 nextVisualOffset=(-0.008, -0.170, 0.088) mode=smooth rttMs=124.6 snapshotAgeMs=0.0
[rubber-banding][guest-reconcile] time=127.196 frame=6285 room=23 world=5 authority=5 entity=2 hostTick=6524 ackTick=6524 lastRecordedTick=6520 replayLatestTick=0 move=(0,0) predictedBefore=(-1.564, 0.584, -1.909) confirmed=(-1.556, 0.732, -1.999) replayed=(-1.556, 0.732, -1.999) visualBefore=(-1.564, 0.584, -1.909) correction=(0.009, 0.148, -0.091) distance=0.173 unresolved=0 replayedCount=0 nextVisualOffset=(-0.009, -0.148, 0.091) mode=smooth rttMs=124.6 snapshotAgeMs=0.0
[rubber-banding][guest-reconcile] time=127.437 frame=6304 room=23 world=5 authority=5 entity=2 hostTick=6528 ackTick=6528 lastRecordedTick=6536 replayLatestTick=6536 move=(98,-81) predictedBefore=(-1.477, 1.073, -2.356) confirmed=(-1.521, 0.960, -2.195) replayed=(-1.459, 1.100, -2.413) visualBefore=(-1.477, 1.073, -2.356) correction=(0.018, 0.027, -0.057) distance=0.065 unresolved=4 replayedCount=4 nextVisualOffset=(-0.018, -0.027, 0.057) mode=smooth rttMs=124.6 snapshotAgeMs=0.0
[rubber-banding][guest-reconcile] time=127.437 frame=6304 room=23 world=5 authority=5 entity=2 hostTick=6530 ackTick=6530 lastRecordedTick=6536 replayLatestTick=6536 move=(98,-81) predictedBefore=(-1.459, 1.100, -2.413) confirmed=(-1.495, 1.041, -2.300) replayed=(-1.427, 1.136, -2.524) visualBefore=(-1.459, 1.100, -2.413) correction=(0.033, 0.036, -0.111) distance=0.121 unresolved=4 replayedCount=4 nextVisualOffset=(-0.033, -0.036, 0.111) mode=smooth rttMs=124.6 snapshotAgeMs=0.0
[rubber-banding][guest-reconcile] time=127.450 frame=6305 room=23 world=5 authority=5 entity=2 hostTick=6532 ackTick=6532 lastRecordedTick=6542 replayLatestTick=6542 move=(98,-81) predictedBefore=(-1.332, 1.143, -2.767) confirmed=(-1.470, 1.100, -2.405) replayed=(-1.306, 1.113, -2.872) visualBefore=(-1.361, 1.110, -2.668) correction=(0.026, -0.030, -0.105) distance=0.112 unresolved=8 replayedCount=8 nextVisualOffset=(-0.055, -0.003, 0.205) mode=smooth rttMs=124.6 snapshotAgeMs=0.0
[rubber-banding][local-input] time=127.591 frame=6316 focused=1 host=0 room=23 world=5 authority=5 entity=2 windowMs=1011.4 updates=80 fixedCalls=51 commands=35 predictionSteps=35 noCommandUpdates=63 estimatedHostTick=6551 nextInputTick=6557 lastRecordedTick=6550 lastResolvedTick=6538 nextLead=6 recordedLead=-1 unresolved=8 clamped=61 clampedTotal=3969 batchesSent=2589 commandsSent=14621 sendFailures=0 move=(0.10,-1.00) jump=0
[rubber-banding][remote-render] time=127.591 frame=6316 entity=1 latestHostTick=6538 buffer=8 windowMs=1011.4 fps=79.1 snapshots=30 arrivalSamples=30 arrivalAvgMs=33.2 arrivalP95Ms=241.1 arrivalMaxMs=262.4 sameArrival=24 tickGapMax=2 renderFrames=80 interpolation=12 extrapolation=68 extrapolationCapped=18 extrapolationMaxMs=214.3 oldestHeld=0 zeroSpan=80 movingFrozen=0 teleport=0 visualStepAvgCm=0.00 visualStepMaxCm=0.00 estimatedHostTick=6551 renderTick=6545.270 latestSnapshotTick=6538.000 renderMinusLatestTicks=7.270 estimatedMinusLatestTicks=13.000 sampleT=4.635
[rubber-banding][remote-render] time=127.591 frame=6316 entity=3 latestHostTick=6538 buffer=8 windowMs=1011.4 fps=79.1 snapshots=30 arrivalSamples=30 arrivalAvgMs=33.2 arrivalP95Ms=241.1 arrivalMaxMs=262.4 sameArrival=24 tickGapMax=2 renderFrames=80 interpolation=12 extrapolation=68 extrapolationCapped=18 extrapolationMaxMs=214.3 oldestHeld=0 zeroSpan=80 movingFrozen=0 teleport=0 visualStepAvgCm=0.00 visualStepMaxCm=0.00 estimatedHostTick=6551 renderTick=6545.270 latestSnapshotTick=6538.000 renderMinusLatestTicks=7.270 estimatedMinusLatestTicks=13.000 sampleT=4.635
[rubber-banding][remote-render] time=127.591 frame=6316 entity=4 latestHostTick=6538 buffer=8 windowMs=1011.4 fps=79.1 snapshots=30 arrivalSamples=30 arrivalAvgMs=33.2 arrivalP95Ms=241.1 arrivalMaxMs=262.4 sameArrival=24 tickGapMax=2 renderFrames=80 interpolation=12 extrapolation=68 extrapolationCapped=18 extrapolationMaxMs=214.3 oldestHeld=0 zeroSpan=80 movingFrozen=0 teleport=0 visualStepAvgCm=0.00 visualStepMaxCm=0.00 estimatedHostTick=6551 renderTick=6545.270 latestSnapshotTick=6538.000 renderMinusLatestTicks=7.270 estimatedMinusLatestTicks=13.000 sampleT=4.635
[rubber-banding][guest-reconcile] time=127.689 frame=6324 room=23 world=5 authority=5 entity=2 hostTick=6540 ackTick=6540 lastRecordedTick=6550 replayLatestTick=6550 move=(98,-81) predictedBefore=(-1.134, 0.889, -3.233) confirmed=(-1.306, 1.113, -2.872) replayed=(-1.102, 0.832, -3.292) visualBefore=(-1.134, 0.889, -3.233) correction=(0.031, -0.057, -0.059) distance=0.088 unresolved=7 replayedCount=7 nextVisualOffset=(-0.031, 0.057, 0.059) mode=smooth rttMs=124.6 snapshotAgeMs=0.0
[rubber-banding][guest-reconcile] time=127.689 frame=6324 room=23 world=5 authority=5 entity=2 hostTick=6542 ackTick=6542 lastRecordedTick=6550 replayLatestTick=6550 move=(98,-81) predictedBefore=(-1.102, 0.832, -3.292) confirmed=(-1.252, 1.060, -2.994) replayed=(-1.070, 0.770, -3.350) visualBefore=(-1.102, 0.832, -3.292) correction=(0.032, -0.062, -0.058) distance=0.091 unresolved=6 replayedCount=6 nextVisualOffset=(-0.032, 0.062, 0.058) mode=smooth rttMs=124.6 snapshotAgeMs=0.0
[rubber-banding][guest-reconcile] time=127.689 frame=6324 room=23 world=5 authority=5 entity=2 hostTick=6546 ackTick=6546 lastRecordedTick=6550 replayLatestTick=6550 move=(98,-81) predictedBefore=(-1.070, 0.770, -3.350) confirmed=(-1.134, 0.889, -3.233) replayed=(-1.037, 0.702, -3.408) visualBefore=(-1.070, 0.770, -3.350) correction=(0.033, -0.068, -0.058) distance=0.095 unresolved=3 replayedCount=3 nextVisualOffset=(-0.033, 0.068, 0.058) mode=smooth rttMs=124.6 snapshotAgeMs=0.0
[rubber-banding][guest-reconcile] time=127.699 frame=6325 room=23 world=5 authority=5 entity=2 hostTick=6548 ackTick=6548 lastRecordedTick=6558 replayLatestTick=6558 move=(12,-126) predictedBefore=(-0.913, 0.375, -3.644) confirmed=(-1.070, 0.770, -3.350) replayed=(-0.877, 0.279, -3.701) visualBefore=(-0.943, 0.437, -3.591) correction=(0.036, -0.096, -0.056) distance=0.117 unresolved=6 replayedCount=6 nextVisualOffset=(-0.066, 0.158, 0.109) mode=smooth rttMs=124.6 snapshotAgeMs=0.0
[rubber-banding][guest-reconcile] time=127.699 frame=6325 room=23 world=5 authority=5 entity=2 hostTick=6554 ackTick=6554 lastRecordedTick=6558 replayLatestTick=6558 move=(12,-126) predictedBefore=(-0.867, 0.279, -3.695) confirmed=(-0.865, 0.279, -3.694) replayed=(-0.831, 0.178, -3.751) visualBefore=(-0.897, 0.341, -3.642) correction=(0.036, -0.101, -0.056) distance=0.121 unresolved=1 replayedCount=1 nextVisualOffset=(-0.067, 0.163, 0.109) mode=smooth rttMs=124.6 snapshotAgeMs=0.0
[rubber-banding][udp-pump] time=127.699 frame=6325 focused=1 windowMs=1007.2 fps=79.4 packets=36 socketAvgMs=27.9 socketP95Ms=239.9 socketMaxMs=249.7 pumpAvgMs=28.0 pumpP95Ms=241.1 pumpMaxMs=262.4 queueDelayAvgMs=4.9 queueDelayP95Ms=11.1 queueDelayMaxMs=13.5 samePump=29 pumpBatchMax=8 queueDepthMax=7 frameMaxMs=14.5
[rubber-banding][guest-local-edge] time=127.815 room=23 world=5 authority=5 entity=2 eventId=43 kind=Jump stage=Captured relatedEventId=0 inputTick=0 pressed=None createdAt=-1.000000 firstSendRequestedAt=-1.000000 firstSendDelayMs=-1.000 desiredTick=0 assignedTick=0 lastResolvedAtCreate=0 estimatedHostTickAtCreate=0 clampReason=None
[rubber-banding][guest-reconcile] time=127.925 frame=6343 room=23 world=5 authority=5 entity=2 hostTick=6556 ackTick=6556 lastRecordedTick=6566 replayLatestTick=6566 move=(12,-126) predictedBefore=(-0.734, 0.008, -4.198) confirmed=(-0.795, 0.071, -3.807) replayed=(-0.717, 0.008, -4.328) visualBefore=(-0.734, 0.008, -4.198) correction=(0.017, 0.000, -0.130) distance=0.131 unresolved=8 replayedCount=8 nextVisualOffset=(-0.017, 0.000, 0.130) mode=smooth rttMs=108.5 snapshotAgeMs=0.0
[rubber-banding][guest-reconcile] time=127.925 frame=6343 room=23 world=5 authority=5 entity=2 hostTick=6558 ackTick=6558 lastRecordedTick=6566 replayLatestTick=6566 move=(12,-126) predictedBefore=(-0.717, 0.008, -4.328) confirmed=(-0.754, 0.008, -3.930) replayed=(-0.710, 0.008, -4.393) visualBefore=(-0.717, 0.008, -4.328) correction=(0.007, 0.000, -0.066) distance=0.066 unresolved=7 replayedCount=7 nextVisualOffset=(-0.007, 0.000, 0.066) mode=smooth rttMs=108.5 snapshotAgeMs=0.0
[rubber-banding][guest-reconcile] time=127.925 frame=6343 room=23 world=5 authority=5 entity=2 hostTick=6562 ackTick=6562 lastRecordedTick=6566 replayLatestTick=6566 move=(12,-126) predictedBefore=(-0.710, 0.008, -4.393) confirmed=(-0.729, 0.008, -4.195) replayed=(-0.704, 0.008, -4.460) visualBefore=(-0.710, 0.008, -4.393) correction=(0.006, 0.000, -0.066) distance=0.066 unresolved=4 replayedCount=4 nextVisualOffset=(-0.006, 0.000, 0.066) mode=smooth rttMs=108.5 snapshotAgeMs=0.0
[rubber-banding][guest-local-edge] time=127.927 room=23 world=5 authority=5 entity=2 eventId=43 kind=Jump stage=Attached relatedEventId=0 inputTick=6576 pressed=Jump createdAt=127.925100 firstSendRequestedAt=-1.000000 firstSendDelayMs=-1.000 desiredTick=6576 assignedTick=6576 lastResolvedAtCreate=6564 estimatedHostTickAtCreate=6570 clampReason=None
[rubber-banding][guest-local-edge] time=127.927 room=23 world=5 authority=5 entity=2 eventId=43 kind=Jump stage=FirstSendRequested relatedEventId=0 inputTick=6576 pressed=Jump createdAt=127.925100 firstSendRequestedAt=127.925100 firstSendDelayMs=0.000 desiredTick=6576 assignedTick=6576 lastResolvedAtCreate=6564 estimatedHostTickAtCreate=6570 clampReason=None
[rubber-banding][guest-reconcile] time=128.201 frame=6365 room=23 world=5 authority=5 entity=2 hostTick=6570 ackTick=6570 lastRecordedTick=6580 replayLatestTick=6580 move=(12,-126) predictedBefore=(-0.653, 0.502, -4.989) confirmed=(-0.678, 0.008, -4.724) replayed=(-0.647, 0.502, -5.055) visualBefore=(-0.653, 0.502, -4.989) correction=(0.006, 0.000, -0.066) distance=0.066 unresolved=5 replayedCount=5 nextVisualOffset=(-0.006, 0.000, 0.066) mode=smooth rttMs=108.5 snapshotAgeMs=0.0
[rubber-banding][guest-reconcile] time=128.201 frame=6365 room=23 world=5 authority=5 entity=2 hostTick=6572 ackTick=6572 lastRecordedTick=6580 replayLatestTick=6580 move=(12,-126) predictedBefore=(-0.647, 0.502, -5.055) confirmed=(-0.667, 0.008, -4.845) replayed=(-0.637, 0.502, -5.158) visualBefore=(-0.647, 0.502, -5.055) correction=(0.010, 0.000, -0.104) distance=0.104 unresolved=5 replayedCount=5 nextVisualOffset=(-0.010, 0.000, 0.104) mode=smooth rttMs=108.5 snapshotAgeMs=0.0
[rubber-banding][guest-reconcile] time=128.201 frame=6365 room=23 world=5 authority=5 entity=2 hostTick=6574 ackTick=6574 lastRecordedTick=6580 replayLatestTick=6580 move=(12,-126) predictedBefore=(-0.637, 0.502, -5.158) confirmed=(-0.660, 0.008, -4.922) replayed=(-0.640, 0.502, -5.126) visualBefore=(-0.637, 0.502, -5.158) correction=(-0.003, 0.000, 0.033) distance=0.033 unresolved=5 replayedCount=5 nextVisualOffset=(0.003, 0.000, -0.033) mode=smooth rttMs=108.5 snapshotAgeMs=0.0
[rubber-banding][guest-reconcile] time=128.201 frame=6365 room=23 world=5 authority=5 entity=2 hostTick=6576 ackTick=6576 lastRecordedTick=6580 replayLatestTick=6580 move=(12,-126) predictedBefore=(-0.640, 0.502, -5.126) confirmed=(-0.655, 0.118, -4.969) replayed=(-0.643, 0.502, -5.092) visualBefore=(-0.640, 0.502, -5.126) correction=(-0.003, 0.000, 0.033) distance=0.034 unresolved=4 replayedCount=4 nextVisualOffset=(0.003, 0.000, -0.033) mode=smooth rttMs=108.5 snapshotAgeMs=0.0
[rubber-banding][guest-reconcile] time=128.215 frame=6366 room=23 world=5 authority=5 entity=2 hostTick=6584 ackTick=6584 lastRecordedTick=6592 replayLatestTick=6592 move=(98,-81) predictedBefore=(-0.624, 0.797, -5.248) confirmed=(-0.629, 0.797, -5.244) replayed=(-0.624, 0.857, -5.284) visualBefore=(-0.624, 0.797, -5.248) correction=(0.000, 0.060, -0.036) distance=0.070 unresolved=1 replayedCount=1 nextVisualOffset=(0.000, -0.060, 0.036) mode=smooth rttMs=108.5 snapshotAgeMs=0.0
[rubber-banding][guest-reconcile] time=128.443 frame=6384 room=23 world=5 authority=5 entity=2 hostTick=6586 ackTick=6586 lastRecordedTick=6596 replayLatestTick=6596 move=(126,12) predictedBefore=(-0.585, 1.109, -5.455) confirmed=(-0.622, 0.945, -5.321) replayed=(-0.578, 1.152, -5.524) visualBefore=(-0.585, 1.109, -5.455) correction=(0.007, 0.043, -0.069) distance=0.082 unresolved=5 replayedCount=5 nextVisualOffset=(-0.007, -0.043, 0.069) mode=smooth rttMs=108.5 snapshotAgeMs=0.0
[rubber-banding][guest-reconcile] time=128.443 frame=6384 room=23 world=5 authority=5 entity=2 hostTick=6588 ackTick=6588 lastRecordedTick=6596 replayLatestTick=6596 move=(126,12) predictedBefore=(-0.578, 1.152, -5.524) confirmed=(-0.614, 1.052, -5.398) replayed=(-0.570, 1.185, -5.610) visualBefore=(-0.578, 1.152, -5.524) correction=(0.008, 0.033, -0.086) distance=0.093 unresolved=5 replayedCount=5 nextVisualOffset=(-0.008, -0.033, 0.086) mode=smooth rttMs=108.5 snapshotAgeMs=0.0
[rubber-banding][guest-reconcile] time=128.456 frame=6385 room=23 world=5 authority=5 entity=2 hostTick=6590 ackTick=6590 lastRecordedTick=6600 replayLatestTick=6600 move=(81,98) predictedBefore=(-0.505, 1.191, -5.769) confirmed=(-0.607, 1.122, -5.475) replayed=(-0.497, 1.161, -5.846) visualBefore=(-0.512, 1.161, -5.690) correction=(0.007, -0.030, -0.077) distance=0.083 unresolved=9 replayedCount=9 nextVisualOffset=(-0.015, 0.000, 0.156) mode=smooth rttMs=108.5 snapshotAgeMs=0.0
[rubber-banding][guest-reconcile] time=128.456 frame=6385 room=23 world=5 authority=5 entity=2 hostTick=6592 ackTick=6592 lastRecordedTick=6600 replayLatestTick=6600 move=(81,98) predictedBefore=(-0.497, 1.161, -5.846) confirmed=(-0.598, 1.169, -5.553) replayed=(-0.494, 1.138, -5.884) visualBefore=(-0.505, 1.131, -5.767) correction=(0.004, -0.023, -0.038) distance=0.045 unresolved=8 replayedCount=8 nextVisualOffset=(-0.011, -0.007, 0.117) mode=smooth rttMs=108.5 snapshotAgeMs=0.0
[rubber-banding][local-input] time=128.595 frame=6396 focused=1 host=0 room=23 world=5 authority=5 entity=2 windowMs=1004.8 updates=80 fixedCalls=50 commands=37 predictionSteps=37 noCommandUpdates=62 estimatedHostTick=6611 nextInputTick=6617 lastRecordedTick=6610 lastResolvedTick=6598 nextLead=6 recordedLead=-1 unresolved=8 clamped=62 clampedTotal=4031 batchesSent=2620 commandsSent=14820 sendFailures=0 move=(0.64,0.77) jump=0
[rubber-banding][remote-render] time=128.595 frame=6396 entity=1 latestHostTick=6598 buffer=8 windowMs=1004.8 fps=79.6 snapshots=30 arrivalSamples=30 arrivalAvgMs=33.5 arrivalP95Ms=238.7 arrivalMaxMs=261.7 sameArrival=22 tickGapMax=2 renderFrames=80 interpolation=10 extrapolation=70 extrapolationCapped=18 extrapolationMaxMs=219.6 oldestHeld=0 zeroSpan=80 movingFrozen=0 teleport=0 visualStepAvgCm=0.00 visualStepMaxCm=0.00 estimatedHostTick=6611 renderTick=6605.561 latestSnapshotTick=6598.000 renderMinusLatestTicks=7.561 estimatedMinusLatestTicks=13.000 sampleT=4.780
[rubber-banding][remote-render] time=128.595 frame=6396 entity=3 latestHostTick=6598 buffer=8 windowMs=1004.8 fps=79.6 snapshots=30 arrivalSamples=30 arrivalAvgMs=33.5 arrivalP95Ms=238.7 arrivalMaxMs=261.7 sameArrival=22 tickGapMax=2 renderFrames=80 interpolation=10 extrapolation=70 extrapolationCapped=18 extrapolationMaxMs=219.6 oldestHeld=0 zeroSpan=80 movingFrozen=0 teleport=0 visualStepAvgCm=0.00 visualStepMaxCm=0.00 estimatedHostTick=6611 renderTick=6605.561 latestSnapshotTick=6598.000 renderMinusLatestTicks=7.561 estimatedMinusLatestTicks=13.000 sampleT=4.780
[rubber-banding][remote-render] time=128.595 frame=6396 entity=4 latestHostTick=6598 buffer=8 windowMs=1004.8 fps=79.6 snapshots=30 arrivalSamples=30 arrivalAvgMs=33.5 arrivalP95Ms=238.7 arrivalMaxMs=261.7 sameArrival=22 tickGapMax=2 renderFrames=80 interpolation=10 extrapolation=70 extrapolationCapped=18 extrapolationMaxMs=219.6 oldestHeld=0 zeroSpan=80 movingFrozen=0 teleport=0 visualStepAvgCm=0.00 visualStepMaxCm=0.00 estimatedHostTick=6611 renderTick=6605.561 latestSnapshotTick=6598.000 renderMinusLatestTicks=7.561 estimatedMinusLatestTicks=13.000 sampleT=4.780
[rubber-banding][udp-pump] time=128.704 frame=6405 focused=1 windowMs=1005.0 fps=79.6 packets=24 socketAvgMs=42.0 socketP95Ms=249.8 socketMaxMs=260.5 pumpAvgMs=41.9 pumpP95Ms=248.2 pumpMaxMs=261.7 queueDelayAvgMs=5.5 queueDelayP95Ms=12.7 queueDelayMaxMs=13.2 samePump=17 pumpBatchMax=6 queueDepthMax=5 frameMaxMs=14.2
[rubber-banding][guest-reconcile] time=128.717 frame=6406 room=23 world=5 authority=5 entity=2 hostTick=6604 ackTick=6604 lastRecordedTick=6614 replayLatestTick=6614 move=(81,98) predictedBefore=(-0.173, 1.100, -5.615) confirmed=(-0.396, 1.100, -5.884) replayed=(-0.131, 1.100, -5.564) visualBefore=(-0.173, 1.100, -5.615) correction=(0.042, 0.000, 0.051) distance=0.067 unresolved=7 replayedCount=7 nextVisualOffset=(-0.042, 0.000, -0.051) mode=smooth rttMs=108.5 snapshotAgeMs=0.0
[rubber-banding][guest-reconcile] time=128.717 frame=6406 room=23 world=5 authority=5 entity=2 hostTick=6606 ackTick=6606 lastRecordedTick=6614 replayLatestTick=6614 move=(81,98) predictedBefore=(-0.131, 1.100, -5.564) confirmed=(-0.339, 1.100, -5.816) replayed=(-0.107, 1.100, -5.535) visualBefore=(-0.131, 1.100, -5.564) correction=(0.024, 0.000, 0.029) distance=0.037 unresolved=7 replayedCount=7 nextVisualOffset=(-0.024, 0.000, -0.029) mode=smooth rttMs=108.5 snapshotAgeMs=0.0
[rubber-banding][guest-reconcile] time=128.717 frame=6406 room=23 world=5 authority=5 entity=2 hostTick=6608 ackTick=6608 lastRecordedTick=6614 replayLatestTick=6614 move=(81,98) predictedBefore=(-0.107, 1.100, -5.535) confirmed=(-0.302, 1.100, -5.771) replayed=(-0.139, 1.100, -5.574) visualBefore=(-0.107, 1.100, -5.535) correction=(-0.032, 0.000, -0.039) distance=0.050 unresolved=6 replayedCount=6 nextVisualOffset=(0.032, 0.000, 0.039) mode=smooth rttMs=108.5 snapshotAgeMs=0.0
[rubber-banding][guest-reconcile] time=128.966 frame=6426 room=23 world=5 authority=5 entity=2 hostTick=6618 ackTick=6618 lastRecordedTick=6626 replayLatestTick=6626 move=(81,98) predictedBefore=(0.097, 0.971, -5.289) confirmed=(0.012, 1.055, -5.391) replayed=(0.139, 0.921, -5.237) visualBefore=(0.097, 0.971, -5.289) correction=(0.042, -0.050, 0.051) distance=0.083 unresolved=3 replayedCount=3 nextVisualOffset=(-0.042, 0.050, -0.051) mode=smooth rttMs=121.6 snapshotAgeMs=0.0
[rubber-banding][guest-reconcile] time=128.966 frame=6426 room=23 world=5 authority=5 entity=2 hostTick=6620 ackTick=6620 lastRecordedTick=6626 replayLatestTick=6626 move=(81,98) predictedBefore=(0.139, 0.921, -5.237) confirmed=(0.097, 0.971, -5.289) replayed=(0.224, 0.805, -5.134) visualBefore=(0.139, 0.921, -5.237) correction=(0.085, -0.117, 0.103) distance=0.177 unresolved=3 replayedCount=3 nextVisualOffset=(-0.085, 0.117, -0.103) mode=smooth rttMs=121.6 snapshotAgeMs=0.0
[rubber-banding][guest-reconcile] time=128.978 frame=6427 room=23 world=5 authority=5 entity=2 hostTick=6622 ackTick=6622 lastRecordedTick=6632 replayLatestTick=6632 move=(81,98) predictedBefore=(0.394, 0.505, -4.929) confirmed=(0.182, 0.866, -5.186) replayed=(0.479, 0.321, -4.826) visualBefore=(0.315, 0.613, -5.024) correction=(0.085, -0.183, 0.103) distance=0.227 unresolved=7 replayedCount=7 nextVisualOffset=(-0.164, 0.291, -0.198) mode=smooth rttMs=121.6 snapshotAgeMs=0.0
[rubber-banding][guest-reconcile] time=128.978 frame=6427 room=23 world=5 authority=5 entity=2 hostTick=6624 ackTick=6624 lastRecordedTick=6632 replayLatestTick=6632 move=(81,98) predictedBefore=(0.479, 0.321, -4.826) confirmed=(0.267, 0.738, -5.083) replayed=(0.521, 0.221, -4.775) visualBefore=(0.400, 0.429, -4.921) correction=(0.042, -0.100, 0.051) distance=0.120 unresolved=6 replayedCount=6 nextVisualOffset=(-0.121, 0.208, -0.146) mode=smooth rttMs=121.6 snapshotAgeMs=0.0
[rubber-banding][guest-reconcile] time=128.978 frame=6427 room=23 world=5 authority=5 entity=2 hostTick=6630 ackTick=6630 lastRecordedTick=6632 replayLatestTick=6632 move=(81,98) predictedBefore=(0.521, 0.221, -4.775) confirmed=(0.521, 0.221, -4.775) replayed=(0.564, 0.116, -4.723) visualBefore=(0.443, 0.329, -4.870) correction=(0.042, -0.106, 0.051) distance=0.125 unresolved=1 replayedCount=1 nextVisualOffset=(-0.121, 0.214, -0.146) mode=smooth rttMs=121.6 snapshotAgeMs=0.0
[rubber-banding][guest-local-edge] time=129.056 room=23 world=5 authority=5 entity=2 eventId=44 kind=Jump stage=Captured relatedEventId=0 inputTick=0 pressed=None createdAt=-1.000000 firstSendRequestedAt=-1.000000 firstSendDelayMs=-1.000 desiredTick=0 assignedTick=0 lastResolvedAtCreate=0 estimatedHostTickAtCreate=0 clampReason=None
[rubber-banding][guest-reconcile] time=129.247 frame=6448 room=23 world=5 authority=5 entity=2 hostTick=6632 ackTick=6632 lastRecordedTick=6642 replayLatestTick=6642 move=(81,98) predictedBefore=(0.819, 0.008, -4.415) confirmed=(0.606, 0.008, -4.672) replayed=(0.861, 0.008, -4.364) visualBefore=(0.819, 0.008, -4.415) correction=(0.042, 0.000, 0.051) distance=0.067 unresolved=6 replayedCount=6 nextVisualOffset=(-0.042, 0.000, -0.051) mode=smooth rttMs=121.6 snapshotAgeMs=0.0
[rubber-banding][guest-reconcile] time=129.247 frame=6448 room=23 world=5 authority=5 entity=2 hostTick=6636 ackTick=6636 lastRecordedTick=6642 replayLatestTick=6642 move=(81,98) predictedBefore=(0.861, 0.008, -4.364) confirmed=(0.776, 0.008, -4.466) replayed=(0.904, 0.008, -4.312) visualBefore=(0.861, 0.008, -4.364) correction=(0.042, 0.000, 0.051) distance=0.067 unresolved=3 replayedCount=3 nextVisualOffset=(-0.042, 0.000, -0.051) mode=smooth rttMs=121.6 snapshotAgeMs=0.0
[rubber-banding][guest-reconcile] time=129.247 frame=6448 room=23 world=5 authority=5 entity=2 hostTick=6638 ackTick=6638 lastRecordedTick=6642 replayLatestTick=6642 move=(81,98) predictedBefore=(0.904, 0.008, -4.312) confirmed=(0.854, 0.008, -4.372) replayed=(0.973, 0.008, -4.228) visualBefore=(0.904, 0.008, -4.312) correction=(0.069, 0.000, 0.084) distance=0.109 unresolved=3 replayedCount=3 nextVisualOffset=(-0.069, 0.000, -0.084) mode=smooth rttMs=121.6 snapshotAgeMs=0.0
[rubber-banding][guest-local-edge] time=129.250 room=23 world=5 authority=5 entity=2 eventId=44 kind=Jump stage=Attached relatedEventId=0 inputTick=6652 pressed=Jump createdAt=129.247100 firstSendRequestedAt=-1.000000 firstSendDelayMs=-1.000 desiredTick=6656 assignedTick=6652 lastResolvedAtCreate=6640 estimatedHostTickAtCreate=6650 clampReason=MaximumResolvedLead
[rubber-banding][guest-local-edge] time=129.250 room=23 world=5 authority=5 entity=2 eventId=44 kind=Jump stage=FirstSendRequested relatedEventId=0 inputTick=6652 pressed=Jump createdAt=129.247100 firstSendRequestedAt=129.247100 firstSendDelayMs=0.000 desiredTick=6656 assignedTick=6652 lastResolvedAtCreate=6640 estimatedHostTickAtCreate=6650 clampReason=MaximumResolvedLead
[rubber-banding][guest-reconcile] time=129.259 frame=6449 room=23 world=5 authority=5 entity=2 hostTick=6646 ackTick=6646 lastRecordedTick=6652 replayLatestTick=6652 move=(81,98) predictedBefore=(1.139, 0.118, -4.027) confirmed=(1.139, 0.008, -4.027) replayed=(1.182, 0.118, -3.976) visualBefore=(1.133, 0.118, -4.035) correction=(0.042, 0.000, 0.051) distance=0.067 unresolved=1 replayedCount=1 nextVisualOffset=(-0.049, 0.000, -0.059) mode=smooth rttMs=121.6 snapshotAgeMs=0.0
[rubber-banding][guest-reconcile] time=129.538 frame=6471 room=23 world=5 authority=5 entity=2 hostTick=6648 ackTick=6648 lastRecordedTick=6658 replayLatestTick=6658 move=(81,98) predictedBefore=(1.394, 0.584, -3.719) confirmed=(1.217, 0.008, -3.933) replayed=(1.461, 0.584, -3.638) visualBefore=(1.394, 0.584, -3.719) correction=(0.067, 0.000, 0.081) distance=0.104 unresolved=6 replayedCount=6 nextVisualOffset=(-0.067, 0.000, -0.081) mode=smooth rttMs=121.6 snapshotAgeMs=0.0
[rubber-banding][guest-reconcile] time=129.538 frame=6471 room=23 world=5 authority=5 entity=2 hostTick=6650 ackTick=6650 lastRecordedTick=6658 replayLatestTick=6658 move=(81,98) predictedBefore=(1.461, 0.584, -3.638) confirmed=(1.267, 0.008, -3.873) replayed=(1.428, 0.584, -3.678) visualBefore=(1.461, 0.584, -3.638) correction=(-0.033, 0.000, -0.039) distance=0.051 unresolved=6 replayedCount=6 nextVisualOffset=(0.033, 0.000, 0.039) mode=smooth rttMs=121.6 snapshotAgeMs=0.0
[rubber-banding][guest-reconcile] time=129.538 frame=6471 room=23 world=5 authority=5 entity=2 hostTick=6652 ackTick=6652 lastRecordedTick=6658 replayLatestTick=6658 move=(81,98) predictedBefore=(1.428, 0.584, -3.678) confirmed=(1.297, 0.118, -3.836) replayed=(1.400, 0.584, -3.712) visualBefore=(1.428, 0.584, -3.678) correction=(-0.028, 0.000, -0.034) distance=0.044 unresolved=5 replayedCount=5 nextVisualOffset=(0.028, 0.000, 0.034) mode=smooth rttMs=121.6 snapshotAgeMs=0.0
[rubber-banding][guest-reconcile] time=129.538 frame=6471 room=23 world=5 authority=5 entity=2 hostTick=6656 ackTick=6656 lastRecordedTick=6658 replayLatestTick=6658 move=(81,98) predictedBefore=(1.400, 0.584, -3.712) confirmed=(1.377, 0.502, -3.740) replayed=(1.425, 0.661, -3.682) visualBefore=(1.400, 0.584, -3.712) correction=(0.025, 0.077, 0.030) distance=0.086 unresolved=2 replayedCount=2 nextVisualOffset=(-0.025, -0.077, -0.030) mode=smooth rttMs=121.6 snapshotAgeMs=0.0
[rubber-banding][guest-reconcile] time=129.551 frame=6472 room=23 world=5 authority=5 entity=2 hostTick=6662 ackTick=6662 lastRecordedTick=6670 replayLatestTick=6670 move=(81,98) predictedBefore=(1.538, 0.912, -3.545) confirmed=(1.534, 0.912, -3.550) replayed=(1.563, 0.960, -3.515) visualBefore=(1.515, 0.841, -3.572) correction=(0.025, 0.049, 0.030) distance=0.062 unresolved=1 replayedCount=1 nextVisualOffset=(-0.047, -0.119, -0.057) mode=smooth rttMs=121.6 snapshotAgeMs=0.0
[rubber-banding][guest-reconcile] time=129.551 frame=6472 room=23 world=5 authority=5 entity=2 hostTick=6664 ackTick=6664 lastRecordedTick=6670 replayLatestTick=6670 move=(81,98) predictedBefore=(1.563, 0.960, -3.515) confirmed=(1.589, 1.004, -3.483) replayed=(1.618, 1.041, -3.448) visualBefore=(1.540, 0.890, -3.542) correction=(0.055, 0.081, 0.067) distance=0.119 unresolved=1 replayedCount=1 nextVisualOffset=(-0.078, -0.151, -0.094) mode=smooth rttMs=121.6 snapshotAgeMs=0.0
[rubber-banding][local-input] time=129.601 frame=6476 focused=1 host=0 room=23 world=5 authority=5 entity=2 windowMs=1005.5 updates=80 fixedCalls=50 commands=39 predictionSteps=39 noCommandUpdates=65 estimatedHostTick=6671 nextInputTick=6677 lastRecordedTick=6676 lastResolvedTick=6664 nextLead=6 recordedLead=5 unresolved=7 clamped=65 clampedTotal=4096 batchesSent=2652 commandsSent=15028 sendFailures=0 move=(0.64,0.77) jump=0
[rubber-banding][remote-render] time=129.601 frame=6476 entity=1 latestHostTick=6664 buffer=8 windowMs=1005.5 fps=79.6 snapshots=33 arrivalSamples=33 arrivalAvgMs=33.2 arrivalP95Ms=269.4 arrivalMaxMs=278.8 sameArrival=25 tickGapMax=2 renderFrames=80 interpolation=7 extrapolation=73 extrapolationCapped=29 extrapolationMaxMs=256.1 oldestHeld=0 zeroSpan=80 movingFrozen=0 teleport=0 visualStepAvgCm=0.00 visualStepMaxCm=0.00 estimatedHostTick=6671 renderTick=6665.892 latestSnapshotTick=6664.000 renderMinusLatestTicks=1.892 estimatedMinusLatestTicks=7.000 sampleT=1.946
[rubber-banding][remote-render] time=129.601 frame=6476 entity=3 latestHostTick=6664 buffer=8 windowMs=1005.5 fps=79.6 snapshots=33 arrivalSamples=33 arrivalAvgMs=33.2 arrivalP95Ms=269.4 arrivalMaxMs=278.8 sameArrival=25 tickGapMax=2 renderFrames=80 interpolation=7 extrapolation=73 extrapolationCapped=29 extrapolationMaxMs=256.1 oldestHeld=0 zeroSpan=80 movingFrozen=0 teleport=0 visualStepAvgCm=0.00 visualStepMaxCm=0.00 estimatedHostTick=6671 renderTick=6665.892 latestSnapshotTick=6664.000 renderMinusLatestTicks=1.892 estimatedMinusLatestTicks=7.000 sampleT=1.946
[rubber-banding][remote-render] time=129.601 frame=6476 entity=4 latestHostTick=6664 buffer=8 windowMs=1005.5 fps=79.6 snapshots=33 arrivalSamples=33 arrivalAvgMs=33.2 arrivalP95Ms=269.4 arrivalMaxMs=278.8 sameArrival=25 tickGapMax=2 renderFrames=80 interpolation=7 extrapolation=73 extrapolationCapped=29 extrapolationMaxMs=256.1 oldestHeld=0 zeroSpan=80 movingFrozen=0 teleport=0 visualStepAvgCm=0.00 visualStepMaxCm=0.00 estimatedHostTick=6671 renderTick=6665.892 latestSnapshotTick=6664.000 renderMinusLatestTicks=1.892 estimatedMinusLatestTicks=7.000 sampleT=1.946
[rubber-banding][udp-pump] time=129.713 frame=6485 focused=1 windowMs=1009.0 fps=79.3 packets=31 socketAvgMs=27.1 socketP95Ms=267.2 socketMaxMs=276.3 pumpAvgMs=27.3 pumpP95Ms=269.4 pumpMaxMs=278.8 queueDelayAvgMs=4.3 queueDelayP95Ms=9.8 queueDelayMaxMs=12.3 samePump=24 pumpBatchMax=6 queueDepthMax=7 frameMaxMs=13.3
[rubber-banding][guest-reconcile] time=129.785 frame=6491 room=23 world=5 authority=5 entity=2 hostTick=6666 ackTick=6666 lastRecordedTick=6676 replayLatestTick=6676 move=(81,98) predictedBefore=(1.570, 1.151, -3.275) confirmed=(1.644, 1.301, -3.416) replayed=(1.652, 1.378, -3.176) visualBefore=(1.570, 1.151, -3.275) correction=(0.082, 0.227, 0.099) distance=0.261 unresolved=7 replayedCount=7 nextVisualOffset=(-0.082, -0.227, -0.099) mode=smooth rttMs=121.6 snapshotAgeMs=0.0
[rubber-banding][guest-reconcile] time=129.785 frame=6491 room=23 world=5 authority=5 entity=2 hostTick=6668 ackTick=6668 lastRecordedTick=6676 replayLatestTick=6676 move=(81,98) predictedBefore=(1.652, 1.378, -3.176) confirmed=(1.699, 1.444, -3.350) replayed=(1.729, 1.459, -3.058) visualBefore=(1.652, 1.378, -3.176) correction=(0.077, 0.081, 0.118) distance=0.163 unresolved=7 replayedCount=7 nextVisualOffset=(-0.077, -0.081, -0.118) mode=smooth rttMs=121.6 snapshotAgeMs=0.0
[rubber-banding][guest-reconcile] time=129.797 frame=6492 room=23 world=5 authority=5 entity=2 hostTick=6670 ackTick=6670 lastRecordedTick=6680 replayLatestTick=6680 move=(81,98) predictedBefore=(1.804, 1.364, -2.827) confirmed=(1.756, 1.519, -3.281) replayed=(2.124, 1.551, -2.830) visualBefore=(1.733, 1.289, -2.936) correction=(0.320, 0.187, -0.004) distance=0.371 unresolved=10 replayedCount=10 nextVisualOffset=(-0.391, -0.262, -0.105) mode=smooth rttMs=121.6 snapshotAgeMs=0.0
[rubber-banding][guest-reconcile] time=129.797 frame=6492 room=23 world=5 authority=5 entity=2 hostTick=6680 ackTick=6680 lastRecordedTick=6680 replayLatestTick=0 move=(0,0) predictedBefore=(2.137, 1.544, -2.820) confirmed=(2.116, 1.563, -2.846) replayed=(2.116, 1.563, -2.846) visualBefore=(2.066, 1.470, -2.929) correction=(-0.021, 0.018, -0.026) distance=0.038 unresolved=0 replayedCount=0 nextVisualOffset=(-0.050, -0.093, -0.083) mode=smooth rttMs=121.6 snapshotAgeMs=0.0
[rubber-banding][guest-reconcile] time=130.060 frame=6513 room=23 world=5 authority=5 entity=2 hostTick=6684 ackTick=6684 lastRecordedTick=6692 replayLatestTick=6692 move=(81,98) predictedBefore=(2.249, 1.412, -2.679) confirmed=(2.249, 1.415, -2.684) replayed=(2.287, 1.365, -2.639) visualBefore=(2.249, 1.412, -2.679) correction=(0.037, -0.047, 0.041) distance=0.073 unresolved=1 replayedCount=1 nextVisualOffset=(-0.037, 0.047, -0.041) mode=smooth rttMs=196.4 snapshotAgeMs=0.0
[rubber-banding][guest-reconcile] time=130.073 frame=6514 room=23 world=5 authority=5 entity=2 hostTick=6686 ackTick=6686 lastRecordedTick=6696 replayLatestTick=6696 move=(81,98) predictedBefore=(2.450, 1.109, -2.441) confirmed=(2.324, 1.309, -2.593) replayed=(2.530, 0.948, -2.344) visualBefore=(2.416, 1.153, -2.478) correction=(0.080, -0.161, 0.097) distance=0.204 unresolved=5 replayedCount=5 nextVisualOffset=(-0.114, 0.204, -0.134) mode=smooth rttMs=196.4 snapshotAgeMs=0.0
[rubber-banding][guest-reconcile] time=130.073 frame=6514 room=23 world=5 authority=5 entity=2 hostTick=6688 ackTick=6688 lastRecordedTick=6696 replayLatestTick=6696 move=(81,98) predictedBefore=(2.530, 0.948, -2.344) confirmed=(2.399, 1.181, -2.503) replayed=(2.605, 0.765, -2.253) visualBefore=(2.496, 0.991, -2.382) correction=(0.075, -0.183, 0.091) distance=0.218 unresolved=5 replayedCount=5 nextVisualOffset=(-0.109, 0.227, -0.128) mode=smooth rttMs=196.4 snapshotAgeMs=0.0
[rubber-banding][guest-reconcile] time=130.073 frame=6514 room=23 world=5 authority=5 entity=2 hostTick=6690 ackTick=6690 lastRecordedTick=6696 replayLatestTick=6696 move=(81,98) predictedBefore=(2.605, 0.765, -2.253) confirmed=(2.474, 1.031, -2.412) replayed=(2.680, 0.559, -2.163) visualBefore=(2.571, 0.808, -2.291) correction=(0.075, -0.206, 0.091) distance=0.237 unresolved=5 replayedCount=5 nextVisualOffset=(-0.109, 0.249, -0.128) mode=smooth rttMs=196.4 snapshotAgeMs=0.0
[rubber-banding][guest-reconcile] time=130.073 frame=6514 room=23 world=5 authority=5 entity=2 hostTick=6692 ackTick=6692 lastRecordedTick=6696 replayLatestTick=6696 move=(81,98) predictedBefore=(2.680, 0.559, -2.163) confirmed=(2.551, 0.859, -2.319) replayed=(2.718, 0.448, -2.117) visualBefore=(2.646, 0.603, -2.200) correction=(0.038, -0.111, 0.045) distance=0.126 unresolved=4 replayedCount=4 nextVisualOffset=(-0.072, 0.154, -0.083) mode=smooth rttMs=196.4 snapshotAgeMs=0.0
[rubber-banding][guest-reconcile] time=130.350 frame=6536 room=23 world=5 authority=5 entity=2 hostTick=6700 ackTick=6700 lastRecordedTick=6710 replayLatestTick=6710 move=(0,0) predictedBefore=(2.950, 0.008, -1.836) confirmed=(2.886, 0.008, -1.913) replayed=(2.993, 0.008, -1.785) visualBefore=(2.950, 0.008, -1.836) correction=(0.042, 0.000, 0.051) distance=0.067 unresolved=3 replayedCount=3 nextVisualOffset=(-0.042, 0.000, -0.051) mode=smooth rttMs=196.4 snapshotAgeMs=0.0
[rubber-banding][guest-reconcile] time=130.350 frame=6536 room=23 world=5 authority=5 entity=2 hostTick=6702 ackTick=6702 lastRecordedTick=6710 replayLatestTick=6710 move=(0,0) predictedBefore=(2.993, 0.008, -1.785) confirmed=(2.964, 0.008, -1.819) replayed=(3.056, 0.008, -1.709) visualBefore=(2.993, 0.008, -1.785) correction=(0.063, 0.000, 0.076) distance=0.099 unresolved=3 replayedCount=3 nextVisualOffset=(-0.063, 0.000, -0.076) mode=smooth rttMs=196.4 snapshotAgeMs=0.0
[rubber-banding][guest-reconcile] time=130.350 frame=6536 room=23 world=5 authority=5 entity=2 hostTick=6706 ackTick=6706 lastRecordedTick=6710 replayLatestTick=6710 move=(0,0) predictedBefore=(3.063, 0.008, -1.700) confirmed=(3.035, 0.008, -1.734) replayed=(3.046, 0.008, -1.720) visualBefore=(3.063, 0.008, -1.700) correction=(-0.016, 0.000, -0.020) distance=0.026 unresolved=3 replayedCount=3 nextVisualOffset=(0.016, 0.000, 0.020) mode=smooth rttMs=196.4 snapshotAgeMs=0.0
[rubber-banding][local-input] time=130.613 frame=6557 focused=1 host=0 room=23 world=5 authority=5 entity=2 windowMs=1011.7 updates=81 fixedCalls=51 commands=26 predictionSteps=26 noCommandUpdates=74 estimatedHostTick=6734 nextInputTick=6742 lastRecordedTick=6740 lastResolvedTick=6728 nextLead=8 recordedLead=6 unresolved=4 clamped=81 clampedTotal=4177 batchesSent=2682 commandsSent=15163 sendFailures=0 move=(0.00,0.00) jump=0
[rubber-banding][remote-render] time=130.613 frame=6557 entity=1 latestHostTick=6728 buffer=8 windowMs=1011.7 fps=80.1 snapshots=32 arrivalSamples=32 arrivalAvgMs=33.2 arrivalP95Ms=262.5 arrivalMaxMs=264.6 sameArrival=25 tickGapMax=2 renderFrames=81 interpolation=6 extrapolation=75 extrapolationCapped=29 extrapolationMaxMs=257.2 oldestHeld=0 zeroSpan=80 movingFrozen=0 teleport=0 visualStepAvgCm=0.00 visualStepMaxCm=0.00 estimatedHostTick=6734 renderTick=6728.201 latestSnapshotTick=6728.000 renderMinusLatestTicks=0.201 estimatedMinusLatestTicks=6.000 sampleT=1.100
[rubber-banding][remote-render] time=130.613 frame=6557 entity=3 latestHostTick=6728 buffer=8 windowMs=1011.7 fps=80.1 snapshots=32 arrivalSamples=32 arrivalAvgMs=33.2 arrivalP95Ms=262.5 arrivalMaxMs=264.6 sameArrival=25 tickGapMax=2 renderFrames=81 interpolation=6 extrapolation=75 extrapolationCapped=29 extrapolationMaxMs=257.2 oldestHeld=0 zeroSpan=80 movingFrozen=0 teleport=0 visualStepAvgCm=0.00 visualStepMaxCm=0.00 estimatedHostTick=6734 renderTick=6728.201 latestSnapshotTick=6728.000 renderMinusLatestTicks=0.201 estimatedMinusLatestTicks=6.000 sampleT=1.100
[rubber-banding][remote-render] time=130.613 frame=6557 entity=4 latestHostTick=6728 buffer=8 windowMs=1011.7 fps=80.1 snapshots=32 arrivalSamples=32 arrivalAvgMs=33.2 arrivalP95Ms=262.5 arrivalMaxMs=264.6 sameArrival=25 tickGapMax=2 renderFrames=81 interpolation=6 extrapolation=75 extrapolationCapped=29 extrapolationMaxMs=257.2 oldestHeld=0 zeroSpan=80 movingFrozen=0 teleport=0 visualStepAvgCm=0.00 visualStepMaxCm=0.00 estimatedHostTick=6734 renderTick=6728.201 latestSnapshotTick=6728.000 renderMinusLatestTicks=0.201 estimatedMinusLatestTicks=6.000 sampleT=1.100
[rubber-banding][udp-pump] time=130.713 frame=6565 focused=1 windowMs=1000.0 fps=80.0 packets=32 socketAvgMs=33.4 socketP95Ms=260.9 socketMaxMs=267.8 pumpAvgMs=33.2 pumpP95Ms=262.5 pumpMaxMs=264.6 queueDelayAvgMs=5.0 queueDelayP95Ms=11.3 queueDelayMaxMs=12.4 samePump=25 pumpBatchMax=8 queueDepthMax=8 frameMaxMs=13.3
[rubber-banding][local-input] time=131.627 frame=6604 focused=0 host=0 room=23 world=5 authority=5 entity=2 windowMs=1014.0 updates=47 fixedCalls=51 commands=42 predictionSteps=42 noCommandUpdates=33 estimatedHostTick=6797 nextInputTick=6808 lastRecordedTick=6802 lastResolvedTick=6790 nextLead=11 recordedLead=5 unresolved=10 clamped=47 clampedTotal=4224 batchesSent=2707 commandsSent=15303 sendFailures=0 move=(0.00,0.00) jump=0
[rubber-banding][remote-render] time=131.627 frame=6604 entity=1 latestHostTick=6790 buffer=8 windowMs=1014.0 fps=46.4 snapshots=31 arrivalSamples=31 arrivalAvgMs=32.7 arrivalP95Ms=216.5 arrivalMaxMs=262.2 sameArrival=17 tickGapMax=2 renderFrames=47 interpolation=0 extrapolation=47 extrapolationCapped=14 extrapolationMaxMs=259.7 oldestHeld=0 zeroSpan=40 movingFrozen=0 teleport=0 visualStepAvgCm=0.00 visualStepMaxCm=0.00 estimatedHostTick=6797 renderTick=6790.877 latestSnapshotTick=6790.000 renderMinusLatestTicks=0.877 estimatedMinusLatestTicks=7.000 sampleT=1.438
[rubber-banding][remote-render] time=131.627 frame=6604 entity=3 latestHostTick=6790 buffer=8 windowMs=1014.0 fps=46.4 snapshots=31 arrivalSamples=31 arrivalAvgMs=32.7 arrivalP95Ms=216.5 arrivalMaxMs=262.2 sameArrival=17 tickGapMax=2 renderFrames=47 interpolation=0 extrapolation=47 extrapolationCapped=14 extrapolationMaxMs=259.7 oldestHeld=0 zeroSpan=40 movingFrozen=0 teleport=0 visualStepAvgCm=0.00 visualStepMaxCm=0.00 estimatedHostTick=6797 renderTick=6790.877 latestSnapshotTick=6790.000 renderMinusLatestTicks=0.877 estimatedMinusLatestTicks=7.000 sampleT=1.438
[rubber-banding][remote-render] time=131.627 frame=6604 entity=4 latestHostTick=6790 buffer=8 windowMs=1014.0 fps=46.4 snapshots=31 arrivalSamples=31 arrivalAvgMs=32.7 arrivalP95Ms=216.5 arrivalMaxMs=262.2 sameArrival=17 tickGapMax=2 renderFrames=47 interpolation=0 extrapolation=47 extrapolationCapped=14 extrapolationMaxMs=259.7 oldestHeld=0 zeroSpan=40 movingFrozen=0 teleport=0 visualStepAvgCm=0.00 visualStepMaxCm=0.00 estimatedHostTick=6797 renderTick=6790.877 latestSnapshotTick=6790.000 renderMinusLatestTicks=0.877 estimatedMinusLatestTicks=7.000 sampleT=1.438
[rubber-banding][udp-pump] time=131.726 frame=6606 focused=0 windowMs=1012.7 fps=40.5 packets=34 socketAvgMs=32.4 socketP95Ms=179.7 socketMaxMs=261.5 pumpAvgMs=32.7 pumpP95Ms=216.5 pumpMaxMs=262.2 queueDelayAvgMs=22.8 queueDelayP95Ms=41.7 queueDelayMaxMs=58.1 samePump=18 pumpBatchMax=7 queueDepthMax=8 frameMaxMs=60.7
[rubber-banding][local-input] time=132.644 frame=6625 focused=0 host=0 room=23 world=5 authority=5 entity=2 windowMs=1017.5 updates=21 fixedCalls=51 commands=54 predictionSteps=54 noCommandUpdates=2 estimatedHostTick=6852 nextInputTick=6856 lastRecordedTick=6856 lastResolvedTick=6848 nextLead=4 recordedLead=4 unresolved=8 clamped=0 clampedTotal=4224 batchesSent=2728 commandsSent=15451 sendFailures=0 move=(0.00,0.00) jump=0
[rubber-banding][remote-render] time=132.644 frame=6625 entity=1 latestHostTick=6848 buffer=8 windowMs=1017.5 fps=20.6 snapshots=29 arrivalSamples=29 arrivalAvgMs=35.1 arrivalP95Ms=51.0 arrivalMaxMs=55.0 sameArrival=8 tickGapMax=2 renderFrames=21 interpolation=0 extrapolation=21 extrapolationCapped=0 extrapolationMaxMs=48.7 oldestHeld=0 zeroSpan=8 movingFrozen=0 teleport=0 visualStepAvgCm=0.00 visualStepMaxCm=0.00 estimatedHostTick=6852 renderTick=6849.889 latestSnapshotTick=6848.000 renderMinusLatestTicks=1.889 estimatedMinusLatestTicks=4.000 sampleT=1.945
[rubber-banding][remote-render] time=132.644 frame=6625 entity=3 latestHostTick=6848 buffer=8 windowMs=1017.5 fps=20.6 snapshots=29 arrivalSamples=29 arrivalAvgMs=35.1 arrivalP95Ms=51.0 arrivalMaxMs=55.0 sameArrival=8 tickGapMax=2 renderFrames=21 interpolation=0 extrapolation=21 extrapolationCapped=0 extrapolationMaxMs=48.7 oldestHeld=0 zeroSpan=8 movingFrozen=0 teleport=0 visualStepAvgCm=0.00 visualStepMaxCm=0.00 estimatedHostTick=6852 renderTick=6849.889 latestSnapshotTick=6848.000 renderMinusLatestTicks=1.889 estimatedMinusLatestTicks=4.000 sampleT=1.945
[rubber-banding][remote-render] time=132.644 frame=6625 entity=4 latestHostTick=6848 buffer=8 windowMs=1017.5 fps=20.6 snapshots=29 arrivalSamples=29 arrivalAvgMs=35.1 arrivalP95Ms=51.0 arrivalMaxMs=55.0 sameArrival=8 tickGapMax=2 renderFrames=21 interpolation=0 extrapolation=21 extrapolationCapped=0 extrapolationMaxMs=48.7 oldestHeld=0 zeroSpan=8 movingFrozen=0 teleport=0 visualStepAvgCm=0.00 visualStepMaxCm=0.00 estimatedHostTick=6852 renderTick=6849.889 latestSnapshotTick=6848.000 renderMinusLatestTicks=1.889 estimatedMinusLatestTicks=4.000 sampleT=1.945
[rubber-banding][udp-pump] time=132.745 frame=6627 focused=0 windowMs=1019.4 fps=20.6 packets=30 socketAvgMs=34.1 socketP95Ms=48.2 socketMaxMs=51.6 pumpAvgMs=34.0 pumpP95Ms=51.0 pumpMaxMs=52.8 queueDelayAvgMs=32.7 queueDelayP95Ms=46.5 queueDelayMaxMs=55.0 samePump=9 pumpBatchMax=2 queueDepthMax=3 frameMaxMs=52.8
[rubber-banding][local-input] time=133.678 frame=6646 focused=0 host=0 room=23 world=5 authority=5 entity=2 windowMs=1033.8 updates=21 fixedCalls=51 commands=60 predictionSteps=60 noCommandUpdates=0 estimatedHostTick=6912 nextInputTick=6916 lastRecordedTick=6916 lastResolvedTick=6912 nextLead=4 recordedLead=4 unresolved=4 clamped=0 clampedTotal=4224 batchesSent=2749 commandsSent=15550 sendFailures=0 move=(0.00,0.00) jump=0
[rubber-banding][remote-render] time=133.678 frame=6646 entity=1 latestHostTick=6912 buffer=8 windowMs=1033.8 fps=20.3 snapshots=32 arrivalSamples=32 arrivalAvgMs=32.3 arrivalP95Ms=55.4 arrivalMaxMs=65.9 sameArrival=11 tickGapMax=2 renderFrames=21 interpolation=16 extrapolation=5 extrapolationCapped=0 extrapolationMaxMs=11.8 oldestHeld=0 zeroSpan=10 movingFrozen=0 teleport=0 visualStepAvgCm=0.00 visualStepMaxCm=0.00 estimatedHostTick=6912 renderTick=6909.849 latestSnapshotTick=6912.000 renderMinusLatestTicks=-2.151 estimatedMinusLatestTicks=0.000 sampleT=0.924
[rubber-banding][remote-render] time=133.678 frame=6646 entity=3 latestHostTick=6912 buffer=8 windowMs=1033.8 fps=20.3 snapshots=32 arrivalSamples=32 arrivalAvgMs=32.3 arrivalP95Ms=55.4 arrivalMaxMs=65.9 sameArrival=11 tickGapMax=2 renderFrames=21 interpolation=16 extrapolation=5 extrapolationCapped=0 extrapolationMaxMs=11.8 oldestHeld=0 zeroSpan=10 movingFrozen=0 teleport=0 visualStepAvgCm=0.00 visualStepMaxCm=0.00 estimatedHostTick=6912 renderTick=6909.849 latestSnapshotTick=6912.000 renderMinusLatestTicks=-2.151 estimatedMinusLatestTicks=0.000 sampleT=0.924
[rubber-banding][remote-render] time=133.678 frame=6646 entity=4 latestHostTick=6912 buffer=8 windowMs=1033.8 fps=20.3 snapshots=32 arrivalSamples=32 arrivalAvgMs=32.3 arrivalP95Ms=55.4 arrivalMaxMs=65.9 sameArrival=11 tickGapMax=2 renderFrames=21 interpolation=16 extrapolation=5 extrapolationCapped=0 extrapolationMaxMs=11.8 oldestHeld=0 zeroSpan=10 movingFrozen=0 teleport=0 visualStepAvgCm=0.00 visualStepMaxCm=0.00 estimatedHostTick=6912 renderTick=6909.849 latestSnapshotTick=6912.000 renderMinusLatestTicks=-2.151 estimatedMinusLatestTicks=0.000 sampleT=0.924
[rubber-banding][udp-pump] time=133.772 frame=6648 focused=0 windowMs=1026.3 fps=20.5 packets=31 socketAvgMs=33.2 socketP95Ms=52.1 socketMaxMs=54.5 pumpAvgMs=33.1 pumpP95Ms=55.4 pumpMaxMs=65.9 queueDelayAvgMs=26.8 queueDelayP95Ms=44.9 queueDelayMaxMs=45.7 samePump=10 pumpBatchMax=2 queueDepthMax=3 frameMaxMs=65.9
[rubber-banding][local-input] time=134.707 frame=6667 focused=0 host=0 room=23 world=5 authority=5 entity=2 windowMs=1029.4 updates=21 fixedCalls=52 commands=64 predictionSteps=64 noCommandUpdates=0 estimatedHostTick=6975 nextInputTick=6980 lastRecordedTick=6980 lastResolvedTick=6974 nextLead=5 recordedLead=5 unresolved=6 clamped=0 clampedTotal=4224 batchesSent=2770 commandsSent=15672 sendFailures=0 move=(0.00,0.00) jump=0
[rubber-banding][remote-render] time=134.707 frame=6667 entity=1 latestHostTick=6974 buffer=8 windowMs=1029.4 fps=20.4 snapshots=31 arrivalSamples=31 arrivalAvgMs=33.2 arrivalP95Ms=54.8 arrivalMaxMs=65.7 sameArrival=10 tickGapMax=2 renderFrames=21 interpolation=21 extrapolation=0 extrapolationCapped=0 extrapolationMaxMs=0.0 oldestHeld=0 zeroSpan=7 movingFrozen=0 teleport=0 visualStepAvgCm=0.00 visualStepMaxCm=0.00 estimatedHostTick=6975 renderTick=6970.386 latestSnapshotTick=6974.000 renderMinusLatestTicks=-3.614 estimatedMinusLatestTicks=1.000 sampleT=0.193
[rubber-banding][remote-render] time=134.707 frame=6667 entity=3 latestHostTick=6974 buffer=8 windowMs=1029.4 fps=20.4 snapshots=31 arrivalSamples=31 arrivalAvgMs=33.2 arrivalP95Ms=54.8 arrivalMaxMs=65.7 sameArrival=10 tickGapMax=2 renderFrames=21 interpolation=21 extrapolation=0 extrapolationCapped=0 extrapolationMaxMs=0.0 oldestHeld=0 zeroSpan=7 movingFrozen=0 teleport=0 visualStepAvgCm=0.00 visualStepMaxCm=0.00 estimatedHostTick=6975 renderTick=6970.386 latestSnapshotTick=6974.000 renderMinusLatestTicks=-3.614 estimatedMinusLatestTicks=1.000 sampleT=0.193
[rubber-banding][remote-render] time=134.707 frame=6667 entity=4 latestHostTick=6974 buffer=8 windowMs=1029.4 fps=20.4 snapshots=31 arrivalSamples=31 arrivalAvgMs=33.2 arrivalP95Ms=54.8 arrivalMaxMs=65.7 sameArrival=10 tickGapMax=2 renderFrames=21 interpolation=21 extrapolation=0 extrapolationCapped=0 extrapolationMaxMs=0.0 oldestHeld=0 zeroSpan=7 movingFrozen=0 teleport=0 visualStepAvgCm=0.00 visualStepMaxCm=0.00 estimatedHostTick=6975 renderTick=6970.386 latestSnapshotTick=6974.000 renderMinusLatestTicks=-3.614 estimatedMinusLatestTicks=1.000 sampleT=0.193
[rubber-banding][udp-pump] time=134.807 frame=6669 focused=0 windowMs=1035.2 fps=20.3 packets=31 socketAvgMs=32.9 socketP95Ms=48.8 socketMaxMs=51.0 pumpAvgMs=33.4 pumpP95Ms=54.8 pumpMaxMs=65.7 queueDelayAvgMs=19.4 queueDelayP95Ms=43.8 queueDelayMaxMs=47.1 samePump=10 pumpBatchMax=3 queueDepthMax=3 frameMaxMs=65.7
[Physics::Module] Cleanup current backend.
[Physics::Module] Id: 0xf2b8ea05
Input System module state changed to: ShutdownInProgress.
Input System polling thread exited.
Input System module state changed to: Shutdown.
PlayerConnection::Cleanup##utp:{"type":"MemoryLeaks","version":2,"phase":"Immediate","time":1789824802320,"processId":17232,"allocatedMemory":758510,"memoryLabels":[{"Default":136},{"NewDelete":760},{"Thread":33216},{"Manager":540709},{"Shader":5872},{"GfxDevice":2112},{"GfxThread":76800},{"Audio":752},{"Serialization":520},{"JobScheduler":32768},{"String":545},{"DynamicArray":40},{"HashMap":54272},{"PoolAlloc":288},{"CloudService":144},{"WebRequest":3774},{"VR":1872},{"Video":144},{"NativeArray":3468},{"Subsystems":96},{"Gui":206},{"CoreBusinessMetrics":120}]}
