Mono path[0] = 'C:/ssafy/S15P21D204/Client/Build/fallback-4player-profiler/SSketch_Data/Managed'
Mono config path = 'C:/ssafy/S15P21D204/Client/Build/fallback-4player-profiler/MonoBleedingEdge/etc'
Found 2 interfaces on host : 0) 172.30.0.1 1) 172.30.1.81
Player connection [36400]  Target information:

Player connection [36400]  * "[IP] 172.30.0.1 [Port] 55001 [Flags] 2 [Guid] 163352997 [EditorId] 2725919414 [Version] 1048832 [Id] WindowsPlayer(2,DESKTOP-MS327CL) [Debug] 0 [PackageName] WindowsPlayer [ProjectName] SSketch" 

Player connection [36400]  * "[IP] 172.30.1.81 [Port] 55001 [Flags] 2 [Guid] 163352997 [EditorId] 2725919414 [Version] 1048832 [Id] WindowsPlayer(2,DESKTOP-MS327CL) [Debug] 0 [PackageName] WindowsPlayer [ProjectName] SSketch" 

Player connection [36400] Started UDP target info broadcast (1) on [225.0.0.222:54997].

Input System module state changed to: Initialized.
[Physics::Module] Initialized fallback backend.
[Physics::Module] Id: 0xdecafbad
Initialize engine version: 6000.3.22f1 (1c726e1fb402)
[Subsystems] Discovering subsystems at path C:/ssafy/S15P21D204/Client/Build/fallback-4player-profiler/SSketch_Data/UnitySubsystems
[D3D12 Device Filter] Vendor Name: NVIDIA
[D3D12 Device Filter] Device Name: NVIDIA GeForce RTX 4050 Laptop GPU
[D3D12 Device Filter] Driver Version: 32.0.15.7657
[D3D12 Device Filter] Feature Level: 12.2
[D3D12 Device Filter] Graphics Memory: 5924 MB
[D3D12 Device Filter] Processor Count: 22
[D3D12 Device Filter] Device Type: Discrete
GfxDevice: creating device client; kGfxThreadingModeSplitJobs
d3d12: failed to query info queue interface (0x80004002).
Direct3D:
    Version:         Direct3D 12 [level 12.2]
    Renderer:        NVIDIA GeForce RTX 4050 Laptop GPU (ID=0x28a1)
    Vendor:          NVIDIA
    VRAM:            5924 MB
    App VRAM Budget: 5156 MB
    Driver:          32.0.15.7657
Begin MonoManager ReloadAssembly
- Loaded All Assemblies, in  0.153 seconds
- Finished resetting the current domain, in  0.002 seconds
[Physics::Module] Selected backend.
[Physics::Module] Name: PhysX
[Physics::Module] Id: 0xf2b8ea05
[Physics::Module] SDK Version: 4.1.2
[Physics::Module] Integration Version: 1.0.0
[Physics::Module] Threading Mode: Multi-Threaded
<RI> Initializing input.
Using Windows.Gaming.Input
UnloadTime: 0.618100 ms
Unloading 6 Unused Serialized files (Serialized files now loaded: 0)
UnloadTime: 5.595000 ms
Unloading 316 unused Assets / (43.6 KB). Loaded Objects now: 13134.
Memory consumption went from 165.2 MB to 165.2 MB.
Total: 4.515900 ms (FindLiveObjects: 0.618200 ms CreateObjectMapping: 0.341800 ms MarkObjects: 3.403000 ms  DeleteObjects: 0.152300 ms)

Unloading 4 Unused Serialized files (Serialized files now loaded: 0)
UnloadTime: 1.042000 ms
Unloading 127 unused Assets / (11.6 KB). Loaded Objects now: 48755.
Memory consumption went from 236.8 MB to 236.8 MB.
Total: 17.711700 ms (FindLiveObjects: 2.092200 ms CreateObjectMapping: 3.142700 ms MarkObjects: 12.219800 ms  DeleteObjects: 0.256000 ms)

[rubber-banding][udp-pump] time=5.216 frame=35 focused=1 windowMs=1009.7 fps=31.7 packets=28 socketAvgMs=34.0 socketP95Ms=44.9 socketMaxMs=49.6 pumpAvgMs=32.8 pumpP95Ms=224.2 pumpMaxMs=225.8 queueDelayAvgMs=57.9 queueDelayP95Ms=178.8 queueDelayMaxMs=184.8 samePump=15 pumpBatchMax=6 queueDepthMax=6 frameMaxMs=225.8
[rubber-banding][local-input] time=5.697 frame=53 focused=1 host=0 room=19 world=2 authority=2 entity=2 windowMs=1008.2 updates=23 fixedCalls=29 commands=37 predictionSteps=37 noCommandUpdates=1 estimatedHostTick=87 nextInputTick=90 lastRecordedTick=90 lastResolvedTick=88 nextLead=3 recordedLead=3 unresolved=2 clamped=0 clampedTotal=0 batchesSent=18 commandsSent=62 sendFailures=0 move=(0.00,0.00) jump=0
[rubber-banding][remote-render] time=5.937 frame=62 entity=1 latestHostTick=100 buffer=8 windowMs=1022.0 fps=31.3 snapshots=35 arrivalSamples=34 arrivalAvgMs=29.2 arrivalP95Ms=55.7 arrivalMaxMs=224.2 sameArrival=11 tickGapMax=2 renderFrames=32 interpolation=32 extrapolation=0 extrapolationCapped=0 extrapolationMaxMs=0.0 oldestHeld=0 zeroSpan=5 movingFrozen=0 teleport=0 visualStepAvgCm=0.00 visualStepMaxCm=0.00 estimatedHostTick=102 renderTick=97.474 latestSnapshotTick=100.000 renderMinusLatestTicks=-2.526 estimatedMinusLatestTicks=2.000 sampleT=0.737
[rubber-banding][udp-pump] time=6.221 frame=73 focused=1 windowMs=1004.9 fps=37.8 packets=30 socketAvgMs=32.6 socketP95Ms=49.0 socketMaxMs=52.5 pumpAvgMs=32.7 pumpP95Ms=55.5 pumpMaxMs=55.7 queueDelayAvgMs=13.8 queueDelayP95Ms=25.8 queueDelayMaxMs=26.5 samePump=3 pumpBatchMax=2 queueDepthMax=2 frameMaxMs=30.3
[rubber-banding][local-input] time=6.714 frame=94 focused=1 host=0 room=19 world=2 authority=2 entity=2 windowMs=1016.6 updates=41 fixedCalls=51 commands=61 predictionSteps=61 noCommandUpdates=0 estimatedHostTick=148 nextInputTick=151 lastRecordedTick=151 lastResolvedTick=148 nextLead=3 recordedLead=3 unresolved=3 clamped=0 clampedTotal=0 batchesSent=49 commandsSent=153 sendFailures=0 move=(0.00,0.00) jump=0
[rubber-banding][remote-render] time=6.945 frame=106 entity=1 latestHostTick=162 buffer=8 windowMs=1008.2 fps=43.6 snapshots=31 arrivalSamples=31 arrivalAvgMs=32.8 arrivalP95Ms=54.1 arrivalMaxMs=55.5 sameArrival=3 tickGapMax=2 renderFrames=44 interpolation=44 extrapolation=0 extrapolationCapped=0 extrapolationMaxMs=0.0 oldestHeld=0 zeroSpan=4 movingFrozen=0 teleport=0 visualStepAvgCm=0.00 visualStepMaxCm=0.00 estimatedHostTick=162 renderTick=157.502 latestSnapshotTick=162.000 renderMinusLatestTicks=-4.498 estimatedMinusLatestTicks=0.000 sampleT=0.751
[rubber-banding][udp-pump] time=7.228 frame=120 focused=1 windowMs=1007.7 fps=46.6 packets=30 socketAvgMs=33.6 socketP95Ms=45.6 socketMaxMs=46.1 pumpAvgMs=33.8 pumpP95Ms=49.8 pumpMaxMs=51.1 queueDelayAvgMs=11.9 queueDelayP95Ms=24.3 queueDelayMaxMs=25.2 samePump=1 pumpBatchMax=2 queueDepthMax=3 frameMaxMs=28.7
[rubber-banding][local-input] time=7.726 frame=141 focused=1 host=0 room=19 world=2 authority=2 entity=2 windowMs=1012.9 updates=47 fixedCalls=50 commands=61 predictionSteps=61 noCommandUpdates=1 estimatedHostTick=209 nextInputTick=212 lastRecordedTick=212 lastResolvedTick=210 nextLead=3 recordedLead=3 unresolved=2 clamped=0 clampedTotal=0 batchesSent=79 commandsSent=241 sendFailures=0 move=(0.00,0.00) jump=0
[rubber-banding][remote-render] time=7.948 frame=151 entity=1 latestHostTick=222 buffer=8 windowMs=1002.8 fps=44.9 snapshots=30 arrivalSamples=30 arrivalAvgMs=34.1 arrivalP95Ms=49.5 arrivalMaxMs=50.1 sameArrival=1 tickGapMax=2 renderFrames=45 interpolation=45 extrapolation=0 extrapolationCapped=0 extrapolationMaxMs=0.0 oldestHeld=0 zeroSpan=1 movingFrozen=0 teleport=0 visualStepAvgCm=0.00 visualStepMaxCm=0.00 estimatedHostTick=223 renderTick=217.630 latestSnapshotTick=222.000 renderMinusLatestTicks=-4.370 estimatedMinusLatestTicks=1.000 sampleT=0.815
[rubber-banding][udp-pump] time=8.235 frame=165 focused=1 windowMs=1006.8 fps=44.7 packets=31 socketAvgMs=33.4 socketP95Ms=44.1 socketMaxMs=44.3 pumpAvgMs=33.1 pumpP95Ms=49.5 pumpMaxMs=50.1 queueDelayAvgMs=12.1 queueDelayP95Ms=23.6 queueDelayMaxMs=24.8 samePump=2 pumpBatchMax=2 queueDepthMax=2 frameMaxMs=26.3
[rubber-banding][local-input] time=8.733 frame=190 focused=1 host=0 room=19 world=2 authority=2 entity=2 windowMs=1006.2 updates=49 fixedCalls=51 commands=61 predictionSteps=61 noCommandUpdates=0 estimatedHostTick=270 nextInputTick=273 lastRecordedTick=273 lastResolvedTick=270 nextLead=3 recordedLead=3 unresolved=3 clamped=0 clampedTotal=0 batchesSent=109 commandsSent=347 sendFailures=0 move=(0.00,0.00) jump=0
[rubber-banding][remote-render] time=8.952 frame=201 entity=1 latestHostTick=282 buffer=8 windowMs=1004.5 fps=49.8 snapshots=30 arrivalSamples=30 arrivalAvgMs=32.8 arrivalP95Ms=42.8 arrivalMaxMs=47.8 sameArrival=1 tickGapMax=2 renderFrames=50 interpolation=50 extrapolation=0 extrapolationCapped=0 extrapolationMaxMs=0.0 oldestHeld=0 zeroSpan=1 movingFrozen=0 teleport=0 visualStepAvgCm=0.00 visualStepMaxCm=0.00 estimatedHostTick=283 renderTick=277.899 latestSnapshotTick=282.000 renderMinusLatestTicks=-4.101 estimatedMinusLatestTicks=1.000 sampleT=0.950
[rubber-banding][udp-pump] time=9.304 frame=213 focused=1 windowMs=1068.6 fps=44.9 packets=31 socketAvgMs=33.9 socketP95Ms=50.6 socketMaxMs=63.3 pumpAvgMs=34.5 pumpP95Ms=52.6 pumpMaxMs=162.9 queueDelayAvgMs=17.7 queueDelayP95Ms=92.2 queueDelayMaxMs=116.2 samePump=3 pumpBatchMax=4 queueDepthMax=4 frameMaxMs=114.9
[rubber-banding][local-input] time=9.736 frame=229 focused=1 host=0 room=19 world=3 authority=3 entity=2 windowMs=1003.3 updates=39 fixedCalls=50 commands=56 predictionSteps=56 noCommandUpdates=0 estimatedHostTick=36 nextInputTick=38 lastRecordedTick=38 lastResolvedTick=34 nextLead=2 recordedLead=2 unresolved=4 clamped=0 clampedTotal=0 batchesSent=136 commandsSent=444 sendFailures=0 move=(0.00,0.00) jump=0
[rubber-banding][remote-render] time=10.149 frame=247 entity=1 latestHostTick=60 buffer=8 windowMs=1008.0 fps=34.7 snapshots=30 arrivalSamples=29 arrivalAvgMs=29.1 arrivalP95Ms=57.8 arrivalMaxMs=61.0 sameArrival=7 tickGapMax=2 renderFrames=35 interpolation=35 extrapolation=0 extrapolationCapped=0 extrapolationMaxMs=0.0 oldestHeld=0 zeroSpan=6 movingFrozen=0 teleport=0 visualStepAvgCm=0.00 visualStepMaxCm=0.00 estimatedHostTick=61 renderTick=55.907 latestSnapshotTick=60.000 renderMinusLatestTicks=-4.093 estimatedMinusLatestTicks=1.000 sampleT=0.954
[rubber-banding][remote-render] time=10.149 frame=247 entity=3 latestHostTick=60 buffer=8 windowMs=1008.0 fps=34.7 snapshots=30 arrivalSamples=29 arrivalAvgMs=29.1 arrivalP95Ms=57.8 arrivalMaxMs=61.0 sameArrival=7 tickGapMax=2 renderFrames=35 interpolation=35 extrapolation=0 extrapolationCapped=0 extrapolationMaxMs=0.0 oldestHeld=0 zeroSpan=6 movingFrozen=0 teleport=0 visualStepAvgCm=0.00 visualStepMaxCm=0.00 estimatedHostTick=61 renderTick=55.907 latestSnapshotTick=60.000 renderMinusLatestTicks=-4.093 estimatedMinusLatestTicks=1.000 sampleT=0.954
[rubber-banding][udp-pump] time=10.305 frame=253 focused=1 windowMs=1001.3 fps=39.9 packets=30 socketAvgMs=33.1 socketP95Ms=51.2 socketMaxMs=51.4 pumpAvgMs=33.4 pumpP95Ms=57.8 pumpMaxMs=61.0 queueDelayAvgMs=13.5 queueDelayP95Ms=28.8 queueDelayMaxMs=29.4 samePump=4 pumpBatchMax=2 queueDepthMax=2 frameMaxMs=36.2
[rubber-banding][local-input] time=10.759 frame=266 focused=1 host=0 room=19 world=3 authority=3 entity=2 windowMs=1023.2 updates=37 fixedCalls=51 commands=61 predictionSteps=61 noCommandUpdates=0 estimatedHostTick=96 nextInputTick=99 lastRecordedTick=99 lastResolvedTick=94 nextLead=3 recordedLead=3 unresolved=5 clamped=0 clampedTotal=0 batchesSent=165 commandsSent=555 sendFailures=0 move=(0.00,0.00) jump=0
[rubber-banding][remote-render] time=11.174 frame=278 entity=1 latestHostTick=120 buffer=8 windowMs=1024.9 fps=30.2 snapshots=30 arrivalSamples=30 arrivalAvgMs=34.2 arrivalP95Ms=64.1 arrivalMaxMs=73.2 sameArrival=3 tickGapMax=2 renderFrames=31 interpolation=31 extrapolation=0 extrapolationCapped=0 extrapolationMaxMs=0.0 oldestHeld=0 zeroSpan=4 movingFrozen=0 teleport=0 visualStepAvgCm=0.00 visualStepMaxCm=0.00 estimatedHostTick=121 renderTick=117.049 latestSnapshotTick=120.000 renderMinusLatestTicks=-2.951 estimatedMinusLatestTicks=1.000 sampleT=0.524
[rubber-banding][remote-render] time=11.174 frame=278 entity=3 latestHostTick=120 buffer=8 windowMs=1024.9 fps=30.2 snapshots=30 arrivalSamples=30 arrivalAvgMs=34.2 arrivalP95Ms=64.1 arrivalMaxMs=73.2 sameArrival=3 tickGapMax=2 renderFrames=31 interpolation=31 extrapolation=0 extrapolationCapped=0 extrapolationMaxMs=0.0 oldestHeld=0 zeroSpan=4 movingFrozen=0 teleport=0 visualStepAvgCm=0.00 visualStepMaxCm=0.00 estimatedHostTick=121 renderTick=117.049 latestSnapshotTick=120.000 renderMinusLatestTicks=-2.951 estimatedMinusLatestTicks=1.000 sampleT=0.524
[rubber-banding][udp-pump] time=11.317 frame=283 focused=1 windowMs=1012.2 fps=29.6 packets=30 socketAvgMs=33.8 socketP95Ms=58.5 socketMaxMs=61.9 pumpAvgMs=33.7 pumpP95Ms=64.1 pumpMaxMs=73.2 queueDelayAvgMs=17.1 queueDelayP95Ms=32.8 queueDelayMaxMs=33.0 samePump=3 pumpBatchMax=2 queueDepthMax=2 frameMaxMs=38.4
[rubber-banding][local-input] time=11.784 frame=300 focused=1 host=0 room=19 world=3 authority=3 entity=2 windowMs=1024.9 updates=34 fixedCalls=51 commands=62 predictionSteps=62 noCommandUpdates=0 estimatedHostTick=158 nextInputTick=161 lastRecordedTick=161 lastResolvedTick=158 nextLead=3 recordedLead=3 unresolved=3 clamped=0 clampedTotal=0 batchesSent=195 commandsSent=676 sendFailures=0 move=(0.00,0.00) jump=0
[rubber-banding][remote-render] time=12.195 frame=313 entity=1 latestHostTick=182 buffer=8 windowMs=1020.7 fps=34.3 snapshots=31 arrivalSamples=31 arrivalAvgMs=32.9 arrivalP95Ms=63.7 arrivalMaxMs=68.8 sameArrival=3 tickGapMax=2 renderFrames=35 interpolation=35 extrapolation=0 extrapolationCapped=0 extrapolationMaxMs=0.0 oldestHeld=0 zeroSpan=3 movingFrozen=0 teleport=0 visualStepAvgCm=0.00 visualStepMaxCm=0.00 estimatedHostTick=183 renderTick=178.292 latestSnapshotTick=182.000 renderMinusLatestTicks=-3.708 estimatedMinusLatestTicks=1.000 sampleT=0.146
[rubber-banding][remote-render] time=12.195 frame=313 entity=3 latestHostTick=182 buffer=8 windowMs=1020.7 fps=34.3 snapshots=31 arrivalSamples=31 arrivalAvgMs=32.9 arrivalP95Ms=63.7 arrivalMaxMs=68.8 sameArrival=3 tickGapMax=2 renderFrames=35 interpolation=35 extrapolation=0 extrapolationCapped=0 extrapolationMaxMs=0.0 oldestHeld=0 zeroSpan=3 movingFrozen=0 teleport=0 visualStepAvgCm=0.00 visualStepMaxCm=0.00 estimatedHostTick=183 renderTick=178.292 latestSnapshotTick=182.000 renderMinusLatestTicks=-3.708 estimatedMinusLatestTicks=1.000 sampleT=0.146
[rubber-banding][udp-pump] time=12.320 frame=317 focused=1 windowMs=1002.8 fps=33.9 packets=31 socketAvgMs=32.7 socketP95Ms=52.5 socketMaxMs=60.2 pumpAvgMs=32.3 pumpP95Ms=63.7 pumpMaxMs=68.8 queueDelayAvgMs=15.5 queueDelayP95Ms=31.5 queueDelayMaxMs=32.2 samePump=3 pumpBatchMax=2 queueDepthMax=2 frameMaxMs=39.3
[rubber-banding][local-input] time=12.789 frame=334 focused=1 host=0 room=19 world=3 authority=3 entity=2 windowMs=1004.7 updates=34 fixedCalls=51 commands=60 predictionSteps=60 noCommandUpdates=0 estimatedHostTick=218 nextInputTick=221 lastRecordedTick=221 lastResolvedTick=216 nextLead=3 recordedLead=3 unresolved=5 clamped=0 clampedTotal=0 batchesSent=225 commandsSent=799 sendFailures=0 move=(0.00,0.00) jump=0
[rubber-banding][remote-render] time=13.198 frame=349 entity=1 latestHostTick=242 buffer=8 windowMs=1003.1 fps=35.9 snapshots=30 arrivalSamples=30 arrivalAvgMs=33.4 arrivalP95Ms=58.0 arrivalMaxMs=60.7 sameArrival=2 tickGapMax=2 renderFrames=36 interpolation=36 extrapolation=0 extrapolationCapped=0 extrapolationMaxMs=0.0 oldestHeld=0 zeroSpan=3 movingFrozen=0 teleport=0 visualStepAvgCm=0.00 visualStepMaxCm=0.00 estimatedHostTick=243 renderTick=238.480 latestSnapshotTick=242.000 renderMinusLatestTicks=-3.520 estimatedMinusLatestTicks=1.000 sampleT=0.240
[rubber-banding][remote-render] time=13.198 frame=349 entity=3 latestHostTick=242 buffer=8 windowMs=1003.1 fps=35.9 snapshots=30 arrivalSamples=30 arrivalAvgMs=33.4 arrivalP95Ms=58.0 arrivalMaxMs=60.7 sameArrival=2 tickGapMax=2 renderFrames=36 interpolation=36 extrapolation=0 extrapolationCapped=0 extrapolationMaxMs=0.0 oldestHeld=0 zeroSpan=3 movingFrozen=0 teleport=0 visualStepAvgCm=0.00 visualStepMaxCm=0.00 estimatedHostTick=243 renderTick=238.480 latestSnapshotTick=242.000 renderMinusLatestTicks=-3.520 estimatedMinusLatestTicks=1.000 sampleT=0.240
[rubber-banding][udp-pump] time=13.331 frame=354 focused=1 windowMs=1010.4 fps=36.6 packets=30 socketAvgMs=34.0 socketP95Ms=52.1 socketMaxMs=60.9 pumpAvgMs=33.7 pumpP95Ms=58.0 pumpMaxMs=60.7 queueDelayAvgMs=13.0 queueDelayP95Ms=24.0 queueDelayMaxMs=24.3 samePump=2 pumpBatchMax=2 queueDepthMax=2 frameMaxMs=30.9
[rubber-banding][local-input] time=13.794 frame=371 focused=1 host=0 room=19 world=3 authority=3 entity=2 windowMs=1005.7 updates=37 fixedCalls=50 commands=59 predictionSteps=59 noCommandUpdates=1 estimatedHostTick=277 nextInputTick=280 lastRecordedTick=280 lastResolvedTick=278 nextLead=3 recordedLead=3 unresolved=2 clamped=0 clampedTotal=0 batchesSent=255 commandsSent=889 sendFailures=0 move=(0.00,0.00) jump=0
[rubber-banding][udp-pump] time=14.343 frame=390 focused=1 windowMs=1012.3 fps=35.6 packets=29 socketAvgMs=34.8 socketP95Ms=53.4 socketMaxMs=96.5 pumpAvgMs=34.9 pumpP95Ms=57.1 pumpMaxMs=126.8 queueDelayAvgMs=12.9 queueDelayP95Ms=27.8 queueDelayMaxMs=31.3 samePump=4 pumpBatchMax=2 queueDepthMax=2 frameMaxMs=33.7
[rubber-banding][local-input] time=14.807 frame=406 focused=1 host=0 room=19 world=4 authority=4 entity=2 windowMs=1012.2 updates=35 fixedCalls=50 commands=59 predictionSteps=59 noCommandUpdates=0 estimatedHostTick=51 nextInputTick=53 lastRecordedTick=53 lastResolvedTick=50 nextLead=2 recordedLead=2 unresolved=3 clamped=0 clampedTotal=0 batchesSent=285 commandsSent=995 sendFailures=0 move=(0.00,0.00) jump=0
[rubber-banding][remote-render] time=14.969 frame=412 entity=1 latestHostTick=58 buffer=8 windowMs=1008.0 fps=33.7 snapshots=29 arrivalSamples=28 arrivalAvgMs=32.5 arrivalP95Ms=57.0 arrivalMaxMs=57.1 sameArrival=1 tickGapMax=2 renderFrames=34 interpolation=34 extrapolation=0 extrapolationCapped=0 extrapolationMaxMs=0.0 oldestHeld=2 zeroSpan=1 movingFrozen=0 teleport=0 visualStepAvgCm=0.00 visualStepMaxCm=0.00 estimatedHostTick=61 renderTick=56.486 latestSnapshotTick=58.000 renderMinusLatestTicks=-1.514 estimatedMinusLatestTicks=3.000 sampleT=0.243
[rubber-banding][remote-render] time=14.969 frame=412 entity=3 latestHostTick=58 buffer=8 windowMs=1008.0 fps=33.7 snapshots=29 arrivalSamples=28 arrivalAvgMs=32.5 arrivalP95Ms=57.0 arrivalMaxMs=57.1 sameArrival=1 tickGapMax=2 renderFrames=34 interpolation=34 extrapolation=0 extrapolationCapped=0 extrapolationMaxMs=0.0 oldestHeld=2 zeroSpan=1 movingFrozen=0 teleport=0 visualStepAvgCm=0.00 visualStepMaxCm=0.00 estimatedHostTick=61 renderTick=56.486 latestSnapshotTick=58.000 renderMinusLatestTicks=-1.514 estimatedMinusLatestTicks=3.000 sampleT=0.243
[rubber-banding][remote-render] time=14.969 frame=412 entity=4 latestHostTick=58 buffer=8 windowMs=1008.0 fps=33.7 snapshots=29 arrivalSamples=28 arrivalAvgMs=32.5 arrivalP95Ms=57.0 arrivalMaxMs=57.1 sameArrival=1 tickGapMax=2 renderFrames=34 interpolation=34 extrapolation=0 extrapolationCapped=0 extrapolationMaxMs=0.0 oldestHeld=2 zeroSpan=1 movingFrozen=0 teleport=0 visualStepAvgCm=0.00 visualStepMaxCm=0.00 estimatedHostTick=61 renderTick=56.486 latestSnapshotTick=58.000 renderMinusLatestTicks=-1.514 estimatedMinusLatestTicks=3.000 sampleT=0.243
[rubber-banding][udp-pump] time=15.527 frame=423 focused=1 windowMs=1183.9 fps=27.9 packets=31 socketAvgMs=33.8 socketP95Ms=53.3 socketMaxMs=122.3 pumpAvgMs=38.2 pumpP95Ms=82.7 pumpMaxMs=202.1 queueDelayAvgMs=28.7 queueDelayP95Ms=149.0 queueDelayMaxMs=150.5 samePump=3 pumpBatchMax=3 queueDepthMax=3 frameMaxMs=202.1
Unloading 4 Unused Serialized files (Serialized files now loaded: 0)
UnloadTime: 16.506400 ms
[DevStage] 빌드에서는 설정 에셋을 찾을 수 없어 무대를 세우지 않습니다.
UnityEngine.Debug:ExtractStackTraceNoAlloc (byte*,int,string)
UnityEngine.StackTraceUtility:ExtractStackTrace () (at C:/build/output/unity/unity/Runtime/Export/Scripting/StackTrace.cs:35)
UnityEngine.DebugLogHandler:Internal_Log (UnityEngine.LogType,UnityEngine.LogOption,string,UnityEngine.Object)
UnityEngine.DebugLogHandler:LogFormat (UnityEngine.LogType,UnityEngine.Object,string,object[]) (at C:/build/output/unity/unity/Runtime/Export/Logging/DebugLogHandler.cs:9)
UnityEngine.Logger:Log (UnityEngine.LogType,object) (at C:/build/output/unity/unity/Runtime/Export/Logging/Logger.cs:60)
UnityEngine.Debug:LogWarning (object) (at C:/build/output/unity/unity/Runtime/Export/Debug/Debug.bindings.cs:213)
LogPrinter:LogWarning (object) (at C:/ssafy/S15P21D204/Client/Assets/Game/Core/Logging/LogPrinter.cs:158)
DevWaitingRoomStage:EnsureBuiltFromProjectAssets () (at C:/ssafy/S15P21D204/Client/Assets/Game/Tools/Runtime/DevWaitingRoomStage.cs:198)
DevAutoConnectRunner:OnWaitingRoomLoaded (UnityEngine.SceneManagement.Scene,UnityEngine.SceneManagement.LoadSceneMode) (at C:/ssafy/S15P21D204/Client/Assets/Game/Tools/Runtime/DevAutoConnectRunner.cs:280)
UnityEngine.SceneManagement.SceneManager:Internal_SceneLoaded (UnityEngine.SceneManagement.Scene,UnityEngine.SceneManagement.LoadSceneMode) (at C:/build/output/unity/unity/Runtime/Export/SceneManager/SceneManager.cs:244)

(Filename: C:/build/output/unity/unity/Runtime/Export/Debug/Debug.bindings.cs Line: 213)

Unloading 304 unused Assets / (7.5 KB). Loaded Objects now: 46270.
Memory consumption went from 257.1 MB to 257.1 MB.
Total: 20.264300 ms (FindLiveObjects: 2.713100 ms CreateObjectMapping: 1.756200 ms MarkObjects: 15.397700 ms  DeleteObjects: 0.395600 ms)

Unloading 5 Unused Serialized files (Serialized files now loaded: 0)
UnloadTime: 1.053100 ms
Unloading 70 unused Assets / (Unknown). Loaded Objects now: 88213.
Memory consumption went from 288.2 MB to 288.3 MB.
Total: 38.229500 ms (FindLiveObjects: 8.395200 ms CreateObjectMapping: 9.613800 ms MarkObjects: 19.768900 ms  DeleteObjects: 0.450300 ms)

[rubber-banding][udp-pump] time=16.865 frame=488 focused=1 windowMs=1338.6 fps=48.6 packets=6 socketAvgMs=32.0 socketP95Ms=183.8 socketMaxMs=183.8 pumpAvgMs=12.4 pumpP95Ms=74.5 pumpMaxMs=74.5 queueDelayAvgMs=38.0 queueDelayP95Ms=42.1 queueDelayMaxMs=42.1 samePump=5 pumpBatchMax=6 queueDepthMax=6 frameMaxMs=74.5
[rubber-banding][local-input] time=17.363 frame=489 focused=1 host=0 room=19 world=5 authority=5 entity=2 windowMs=1030.0 updates=3 fixedCalls=1 commands=9 predictionSteps=9 noCommandUpdates=0 estimatedHostTick=62 nextInputTick=64 lastRecordedTick=30 lastResolvedTick=18 nextLead=2 recordedLead=-32 unresolved=4 clamped=2 clampedTotal=2 batchesSent=303 commandsSent=1060 sendFailures=0 move=(0.00,0.00) jump=0
[rubber-banding][remote-render] time=17.363 frame=489 entity=1 latestHostTick=18 buffer=8 windowMs=1030.0 fps=1.0 snapshots=8 arrivalSamples=7 arrivalAvgMs=0.0 arrivalP95Ms=0.0 arrivalMaxMs=0.0 sameArrival=7 tickGapMax=2 renderFrames=1 interpolation=0 extrapolation=1 extrapolationCapped=1 extrapolationMaxMs=653.3 oldestHeld=0 zeroSpan=1 movingFrozen=0 teleport=0 visualStepAvgCm=0.00 visualStepMaxCm=0.00 estimatedHostTick=62 renderTick=57.200 latestSnapshotTick=18.000 renderMinusLatestTicks=39.200 estimatedMinusLatestTicks=44.000 sampleT=20.600
[rubber-banding][remote-render] time=17.363 frame=489 entity=3 latestHostTick=18 buffer=8 windowMs=1030.0 fps=1.0 snapshots=8 arrivalSamples=7 arrivalAvgMs=0.0 arrivalP95Ms=0.0 arrivalMaxMs=0.0 sameArrival=7 tickGapMax=2 renderFrames=1 interpolation=0 extrapolation=1 extrapolationCapped=1 extrapolationMaxMs=653.3 oldestHeld=0 zeroSpan=1 movingFrozen=0 teleport=0 visualStepAvgCm=0.00 visualStepMaxCm=0.00 estimatedHostTick=62 renderTick=57.200 latestSnapshotTick=18.000 renderMinusLatestTicks=39.200 estimatedMinusLatestTicks=44.000 sampleT=20.600
[rubber-banding][remote-render] time=17.363 frame=489 entity=4 latestHostTick=18 buffer=8 windowMs=1030.0 fps=1.0 snapshots=8 arrivalSamples=7 arrivalAvgMs=0.0 arrivalP95Ms=0.0 arrivalMaxMs=0.0 sameArrival=7 tickGapMax=2 renderFrames=1 interpolation=0 extrapolation=1 extrapolationCapped=1 extrapolationMaxMs=653.3 oldestHeld=0 zeroSpan=1 movingFrozen=0 teleport=0 visualStepAvgCm=0.00 visualStepMaxCm=0.00 estimatedHostTick=62 renderTick=57.200 latestSnapshotTick=18.000 renderMinusLatestTicks=39.200 estimatedMinusLatestTicks=44.000 sampleT=20.600
[rubber-banding][udp-pump] time=17.951 frame=493 focused=1 windowMs=1085.1 fps=4.6 packets=27 socketAvgMs=87.3 socketP95Ms=215.9 socketMaxMs=1479.3 pumpAvgMs=87.0 pumpP95Ms=210.0 pumpMaxMs=1761.6 queueDelayAvgMs=83.2 queueDelayP95Ms=242.7 queueDelayMaxMs=311.5 samePump=22 pumpBatchMax=9 queueDepthMax=9 frameMaxMs=497.5
[rubber-banding][local-input] time=18.427 frame=496 focused=1 host=0 room=19 world=5 authority=5 entity=2 windowMs=1064.1 updates=7 fixedCalls=53 commands=23 predictionSteps=23 noCommandUpdates=1 estimatedHostTick=81 nextInputTick=87 lastRecordedTick=87 lastResolvedTick=84 nextLead=6 recordedLead=6 unresolved=3 clamped=0 clampedTotal=2 batchesSent=310 commandsSent=1084 sendFailures=0 move=(0.00,0.00) jump=0
[rubber-banding][remote-render] time=18.427 frame=496 entity=1 latestHostTick=84 buffer=8 windowMs=1064.1 fps=6.6 snapshots=33 arrivalSamples=33 arrivalAvgMs=32.2 arrivalP95Ms=210.0 arrivalMaxMs=247.7 sameArrival=26 tickGapMax=2 renderFrames=7 interpolation=7 extrapolation=0 extrapolationCapped=0 extrapolationMaxMs=0.0 oldestHeld=0 zeroSpan=5 movingFrozen=0 teleport=0 visualStepAvgCm=0.00 visualStepMaxCm=0.00 estimatedHostTick=81 renderTick=75.458 latestSnapshotTick=84.000 renderMinusLatestTicks=-8.542 estimatedMinusLatestTicks=-3.000 sampleT=0.729
[rubber-banding][remote-render] time=18.427 frame=496 entity=3 latestHostTick=84 buffer=8 windowMs=1064.1 fps=6.6 snapshots=33 arrivalSamples=33 arrivalAvgMs=32.2 arrivalP95Ms=210.0 arrivalMaxMs=247.7 sameArrival=26 tickGapMax=2 renderFrames=7 interpolation=7 extrapolation=0 extrapolationCapped=0 extrapolationMaxMs=0.0 oldestHeld=0 zeroSpan=5 movingFrozen=0 teleport=0 visualStepAvgCm=0.00 visualStepMaxCm=0.00 estimatedHostTick=81 renderTick=75.458 latestSnapshotTick=84.000 renderMinusLatestTicks=-8.542 estimatedMinusLatestTicks=-3.000 sampleT=0.729
[rubber-banding][remote-render] time=18.427 frame=496 entity=4 latestHostTick=84 buffer=8 windowMs=1064.1 fps=6.6 snapshots=33 arrivalSamples=33 arrivalAvgMs=32.2 arrivalP95Ms=210.0 arrivalMaxMs=247.7 sameArrival=26 tickGapMax=2 renderFrames=7 interpolation=7 extrapolation=0 extrapolationCapped=0 extrapolationMaxMs=0.0 oldestHeld=0 zeroSpan=5 movingFrozen=0 teleport=0 visualStepAvgCm=0.00 visualStepMaxCm=0.00 estimatedHostTick=81 renderTick=75.458 latestSnapshotTick=84.000 renderMinusLatestTicks=-8.542 estimatedMinusLatestTicks=-3.000 sampleT=0.729
[rubber-banding][udp-pump] time=19.106 frame=499 focused=1 windowMs=1155.6 fps=5.2 packets=28 socketAvgMs=33.7 socketP95Ms=228.0 socketMaxMs=228.7 pumpAvgMs=33.3 pumpP95Ms=247.7 pumpMaxMs=455.7 queueDelayAvgMs=65.8 queueDelayP95Ms=233.9 queueDelayMaxMs=235.4 samePump=24 pumpBatchMax=13 queueDepthMax=14 frameMaxMs=247.7
[rubber-banding][local-input] time=19.543 frame=501 focused=1 host=0 room=19 world=5 authority=5 entity=2 windowMs=1115.5 updates=5 fixedCalls=56 commands=16 predictionSteps=16 noCommandUpdates=1 estimatedHostTick=150 nextInputTick=166 lastRecordedTick=150 lastResolvedTick=138 nextLead=16 recordedLead=0 unresolved=4 clamped=5 clampedTotal=7 batchesSent=315 commandsSent=1107 sendFailures=0 move=(0.00,0.00) jump=0
[rubber-banding][remote-render] time=19.543 frame=501 entity=1 latestHostTick=138 buffer=8 windowMs=1115.5 fps=4.5 snapshots=22 arrivalSamples=22 arrivalAvgMs=50.7 arrivalP95Ms=429.7 arrivalMaxMs=455.7 sameArrival=19 tickGapMax=12 renderFrames=5 interpolation=1 extrapolation=4 extrapolationCapped=0 extrapolationMaxMs=118.8 oldestHeld=0 zeroSpan=5 movingFrozen=0 teleport=0 visualStepAvgCm=0.00 visualStepMaxCm=0.00 estimatedHostTick=150 renderTick=144.190 latestSnapshotTick=138.000 renderMinusLatestTicks=6.190 estimatedMinusLatestTicks=12.000 sampleT=4.095
[rubber-banding][remote-render] time=19.543 frame=501 entity=3 latestHostTick=138 buffer=8 windowMs=1115.5 fps=4.5 snapshots=22 arrivalSamples=22 arrivalAvgMs=50.7 arrivalP95Ms=429.7 arrivalMaxMs=455.7 sameArrival=19 tickGapMax=12 renderFrames=5 interpolation=1 extrapolation=4 extrapolationCapped=0 extrapolationMaxMs=118.8 oldestHeld=0 zeroSpan=5 movingFrozen=0 teleport=0 visualStepAvgCm=0.00 visualStepMaxCm=0.00 estimatedHostTick=150 renderTick=144.190 latestSnapshotTick=138.000 renderMinusLatestTicks=6.190 estimatedMinusLatestTicks=12.000 sampleT=4.095
[rubber-banding][remote-render] time=19.543 frame=501 entity=4 latestHostTick=138 buffer=8 windowMs=1115.5 fps=4.5 snapshots=22 arrivalSamples=22 arrivalAvgMs=50.7 arrivalP95Ms=429.7 arrivalMaxMs=455.7 sameArrival=19 tickGapMax=12 renderFrames=5 interpolation=1 extrapolation=4 extrapolationCapped=0 extrapolationMaxMs=118.8 oldestHeld=0 zeroSpan=5 movingFrozen=0 teleport=0 visualStepAvgCm=0.00 visualStepMaxCm=0.00 estimatedHostTick=150 renderTick=144.190 latestSnapshotTick=138.000 renderMinusLatestTicks=6.190 estimatedMinusLatestTicks=12.000 sampleT=4.095
[rubber-banding][udp-pump] time=20.207 frame=504 focused=1 windowMs=1100.4 fps=4.5 packets=33 socketAvgMs=33.4 socketP95Ms=241.2 socketMaxMs=260.7 pumpAvgMs=40.1 pumpP95Ms=264.4 pumpMaxMs=429.7 queueDelayAvgMs=196.7 queueDelayP95Ms=241.4 queueDelayMaxMs=241.9 samePump=28 pumpBatchMax=8 queueDepthMax=8 frameMaxMs=264.4
[rubber-banding][local-input] time=20.722 frame=506 focused=1 host=0 room=19 world=5 authority=5 entity=2 windowMs=1179.7 updates=5 fixedCalls=59 commands=20 predictionSteps=20 noCommandUpdates=0 estimatedHostTick=218 nextInputTick=225 lastRecordedTick=218 lastResolvedTick=206 nextLead=7 recordedLead=0 unresolved=4 clamped=4 clampedTotal=11 batchesSent=320 commandsSent=1128 sendFailures=0 move=(0.00,0.00) jump=0
[rubber-banding][remote-render] time=20.722 frame=506 entity=1 latestHostTick=206 buffer=8 windowMs=1179.7 fps=4.2 snapshots=34 arrivalSamples=34 arrivalAvgMs=34.7 arrivalP95Ms=264.4 arrivalMaxMs=266.5 sameArrival=29 tickGapMax=2 renderFrames=5 interpolation=0 extrapolation=5 extrapolationCapped=0 extrapolationMaxMs=135.7 oldestHeld=0 zeroSpan=5 movingFrozen=0 teleport=0 visualStepAvgCm=0.00 visualStepMaxCm=0.00 estimatedHostTick=218 renderTick=214.140 latestSnapshotTick=206.000 renderMinusLatestTicks=8.140 estimatedMinusLatestTicks=12.000 sampleT=5.070
[rubber-banding][remote-render] time=20.722 frame=506 entity=3 latestHostTick=206 buffer=8 windowMs=1179.7 fps=4.2 snapshots=34 arrivalSamples=34 arrivalAvgMs=34.7 arrivalP95Ms=264.4 arrivalMaxMs=266.5 sameArrival=29 tickGapMax=2 renderFrames=5 interpolation=0 extrapolation=5 extrapolationCapped=0 extrapolationMaxMs=135.7 oldestHeld=0 zeroSpan=5 movingFrozen=0 teleport=0 visualStepAvgCm=0.00 visualStepMaxCm=0.00 estimatedHostTick=218 renderTick=214.140 latestSnapshotTick=206.000 renderMinusLatestTicks=8.140 estimatedMinusLatestTicks=12.000 sampleT=5.070
[rubber-banding][remote-render] time=20.722 frame=506 entity=4 latestHostTick=206 buffer=8 windowMs=1179.7 fps=4.2 snapshots=34 arrivalSamples=34 arrivalAvgMs=34.7 arrivalP95Ms=264.4 arrivalMaxMs=266.5 sameArrival=29 tickGapMax=2 renderFrames=5 interpolation=0 extrapolation=5 extrapolationCapped=0 extrapolationMaxMs=135.7 oldestHeld=0 zeroSpan=5 movingFrozen=0 teleport=0 visualStepAvgCm=0.00 visualStepMaxCm=0.00 estimatedHostTick=218 renderTick=214.140 latestSnapshotTick=206.000 renderMinusLatestTicks=8.140 estimatedMinusLatestTicks=12.000 sampleT=5.070
[rubber-banding][udp-pump] time=21.215 frame=508 focused=1 windowMs=1008.3 fps=4.0 packets=30 socketAvgMs=33.1 socketP95Ms=258.1 socketMaxMs=261.3 pumpAvgMs=25.6 pumpP95Ms=251.0 pumpMaxMs=266.5 queueDelayAvgMs=183.9 queueDelayP95Ms=257.0 queueDelayMaxMs=258.6 samePump=27 pumpBatchMax=15 queueDepthMax=16 frameMaxMs=266.5
[rubber-banding][local-input] time=21.959 frame=511 focused=1 host=0 room=19 world=5 authority=5 entity=2 windowMs=1236.5 updates=5 fixedCalls=62 commands=19 predictionSteps=19 noCommandUpdates=0 estimatedHostTick=288 nextInputTick=298 lastRecordedTick=294 lastResolvedTick=282 nextLead=10 recordedLead=6 unresolved=4 clamped=4 clampedTotal=15 batchesSent=325 commandsSent=1150 sendFailures=0 move=(0.00,0.00) jump=0
[rubber-banding][remote-render] time=21.959 frame=511 entity=1 latestHostTick=282 buffer=8 windowMs=1236.5 fps=4.0 snapshots=31 arrivalSamples=31 arrivalAvgMs=39.9 arrivalP95Ms=253.8 arrivalMaxMs=489.7 sameArrival=27 tickGapMax=16 renderFrames=5 interpolation=1 extrapolation=4 extrapolationCapped=0 extrapolationMaxMs=111.8 oldestHeld=0 zeroSpan=5 movingFrozen=0 teleport=0 visualStepAvgCm=0.00 visualStepMaxCm=0.00 estimatedHostTick=288 renderTick=285.858 latestSnapshotTick=282.000 renderMinusLatestTicks=3.858 estimatedMinusLatestTicks=6.000 sampleT=2.929
[rubber-banding][remote-render] time=21.959 frame=511 entity=3 latestHostTick=282 buffer=8 windowMs=1236.5 fps=4.0 snapshots=31 arrivalSamples=31 arrivalAvgMs=39.9 arrivalP95Ms=253.8 arrivalMaxMs=489.7 sameArrival=27 tickGapMax=16 renderFrames=5 interpolation=1 extrapolation=4 extrapolationCapped=0 extrapolationMaxMs=111.8 oldestHeld=0 zeroSpan=5 movingFrozen=0 teleport=0 visualStepAvgCm=0.00 visualStepMaxCm=0.00 estimatedHostTick=288 renderTick=285.858 latestSnapshotTick=282.000 renderMinusLatestTicks=3.858 estimatedMinusLatestTicks=6.000 sampleT=2.929
[rubber-banding][remote-render] time=21.959 frame=511 entity=4 latestHostTick=282 buffer=8 windowMs=1236.5 fps=4.0 snapshots=31 arrivalSamples=31 arrivalAvgMs=39.9 arrivalP95Ms=253.8 arrivalMaxMs=489.7 sameArrival=27 tickGapMax=16 renderFrames=5 interpolation=1 extrapolation=4 extrapolationCapped=0 extrapolationMaxMs=111.8 oldestHeld=0 zeroSpan=5 movingFrozen=0 teleport=0 visualStepAvgCm=0.00 visualStepMaxCm=0.00 estimatedHostTick=288 renderTick=285.858 latestSnapshotTick=282.000 renderMinusLatestTicks=3.858 estimatedMinusLatestTicks=6.000 sampleT=2.929
[rubber-banding][udp-pump] time=22.335 frame=513 focused=1 windowMs=1120.4 fps=4.5 packets=41 socketAvgMs=33.3 socketP95Ms=244.1 socketMaxMs=254.8 pumpAvgMs=33.2 pumpP95Ms=242.1 pumpMaxMs=489.7 queueDelayAvgMs=185.3 queueDelayP95Ms=237.0 queueDelayMaxMs=238.5 samePump=36 pumpBatchMax=11 queueDepthMax=11 frameMaxMs=253.8
[rubber-banding][local-input] time=23.023 frame=516 focused=1 host=0 room=19 world=5 authority=5 entity=2 windowMs=1064.1 updates=5 fixedCalls=53 commands=19 predictionSteps=19 noCommandUpdates=0 estimatedHostTick=353 nextInputTick=362 lastRecordedTick=362 lastResolvedTick=356 nextLead=9 recordedLead=9 unresolved=4 clamped=1 clampedTotal=16 batchesSent=330 commandsSent=1169 sendFailures=0 move=(0.00,0.00) jump=0
[rubber-banding][remote-render] time=23.023 frame=516 entity=1 latestHostTick=356 buffer=8 windowMs=1064.1 fps=4.7 snapshots=33 arrivalSamples=33 arrivalAvgMs=32.2 arrivalP95Ms=243.2 arrivalMaxMs=249.0 sameArrival=28 tickGapMax=8 renderFrames=5 interpolation=4 extrapolation=1 extrapolationCapped=0 extrapolationMaxMs=36.1 oldestHeld=0 zeroSpan=5 movingFrozen=0 teleport=0 visualStepAvgCm=0.00 visualStepMaxCm=0.00 estimatedHostTick=353 renderTick=348.960 latestSnapshotTick=356.000 renderMinusLatestTicks=-7.040 estimatedMinusLatestTicks=-3.000 sampleT=0.480
[rubber-banding][remote-render] time=23.023 frame=516 entity=3 latestHostTick=356 buffer=8 windowMs=1064.1 fps=4.7 snapshots=33 arrivalSamples=33 arrivalAvgMs=32.2 arrivalP95Ms=243.2 arrivalMaxMs=249.0 sameArrival=28 tickGapMax=8 renderFrames=5 interpolation=4 extrapolation=1 extrapolationCapped=0 extrapolationMaxMs=36.1 oldestHeld=0 zeroSpan=5 movingFrozen=0 teleport=0 visualStepAvgCm=0.00 visualStepMaxCm=0.00 estimatedHostTick=353 renderTick=348.960 latestSnapshotTick=356.000 renderMinusLatestTicks=-7.040 estimatedMinusLatestTicks=-3.000 sampleT=0.480
[rubber-banding][remote-render] time=23.023 frame=516 entity=4 latestHostTick=356 buffer=8 windowMs=1064.1 fps=4.7 snapshots=33 arrivalSamples=33 arrivalAvgMs=32.2 arrivalP95Ms=243.2 arrivalMaxMs=249.0 sameArrival=28 tickGapMax=8 renderFrames=5 interpolation=4 extrapolation=1 extrapolationCapped=0 extrapolationMaxMs=36.1 oldestHeld=0 zeroSpan=5 movingFrozen=0 teleport=0 visualStepAvgCm=0.00 visualStepMaxCm=0.00 estimatedHostTick=353 renderTick=348.960 latestSnapshotTick=356.000 renderMinusLatestTicks=-7.040 estimatedMinusLatestTicks=-3.000 sampleT=0.480
[rubber-banding][udp-pump] time=23.373 frame=518 focused=1 windowMs=1037.5 fps=4.8 packets=30 socketAvgMs=33.9 socketP95Ms=213.3 socketMaxMs=239.1 pumpAvgMs=34.6 pumpP95Ms=243.2 pumpMaxMs=249.0 queueDelayAvgMs=37.3 queueDelayP95Ms=244.5 queueDelayMaxMs=247.0 samePump=25 pumpBatchMax=9 queueDepthMax=9 frameMaxMs=249.0
[rubber-banding][local-input] time=24.097 frame=522 focused=1 host=0 room=19 world=5 authority=5 entity=2 windowMs=1074.5 updates=6 fixedCalls=54 commands=22 predictionSteps=22 noCommandUpdates=0 estimatedHostTick=418 nextInputTick=425 lastRecordedTick=425 lastResolvedTick=414 nextLead=7 recordedLead=7 unresolved=5 clamped=0 clampedTotal=16 batchesSent=336 commandsSent=1193 sendFailures=0 move=(0.00,0.00) jump=0
[rubber-banding][remote-render] time=24.097 frame=522 entity=1 latestHostTick=414 buffer=8 windowMs=1074.5 fps=5.6 snapshots=29 arrivalSamples=29 arrivalAvgMs=37.1 arrivalP95Ms=195.2 arrivalMaxMs=197.1 sameArrival=23 tickGapMax=2 renderFrames=6 interpolation=6 extrapolation=0 extrapolationCapped=0 extrapolationMaxMs=0.0 oldestHeld=0 zeroSpan=5 movingFrozen=0 teleport=0 visualStepAvgCm=0.00 visualStepMaxCm=0.00 estimatedHostTick=418 renderTick=413.429 latestSnapshotTick=414.000 renderMinusLatestTicks=-0.571 estimatedMinusLatestTicks=4.000 sampleT=0.715
[rubber-banding][remote-render] time=24.097 frame=522 entity=3 latestHostTick=414 buffer=8 windowMs=1074.5 fps=5.6 snapshots=29 arrivalSamples=29 arrivalAvgMs=37.1 arrivalP95Ms=195.2 arrivalMaxMs=197.1 sameArrival=23 tickGapMax=2 renderFrames=6 interpolation=6 extrapolation=0 extrapolationCapped=0 extrapolationMaxMs=0.0 oldestHeld=0 zeroSpan=5 movingFrozen=0 teleport=0 visualStepAvgCm=0.00 visualStepMaxCm=0.00 estimatedHostTick=418 renderTick=413.429 latestSnapshotTick=414.000 renderMinusLatestTicks=-0.571 estimatedMinusLatestTicks=4.000 sampleT=0.715
[rubber-banding][remote-render] time=24.097 frame=522 entity=4 latestHostTick=414 buffer=8 windowMs=1074.5 fps=5.6 snapshots=29 arrivalSamples=29 arrivalAvgMs=37.1 arrivalP95Ms=195.2 arrivalMaxMs=197.1 sameArrival=23 tickGapMax=2 renderFrames=6 interpolation=6 extrapolation=0 extrapolationCapped=0 extrapolationMaxMs=0.0 oldestHeld=0 zeroSpan=5 movingFrozen=0 teleport=0 visualStepAvgCm=17.54 visualStepMaxCm=45.30 estimatedHostTick=418 renderTick=413.429 latestSnapshotTick=414.000 renderMinusLatestTicks=-0.571 estimatedMinusLatestTicks=4.000 sampleT=0.715
[rubber-banding][large-step] time=24.097 frame=522 focused=1 entity=4 buffer=8 count=2 maxStepCm=45.30 horizontalCm=9.74 verticalCm=44.24 frameDeltaMs=169.0 renderTickDelta=10.143 fromTick=412 toTick=414 tickSpan=2 receivedSpanMs=0.0 t=0.715 renderOffsetMs=-9.5 sourceHorizontalCm=2.22 sourceVerticalCm=18.09 fromGrounded=0 toGrounded=0 velocity=(0.052, 5.262, 0.731) expectedTravelCm=89.81 teleport=0 previous=(0.382, 0.008, -2.689) rendered=(0.389, 0.450, -2.592)
[rubber-banding][jump-step] time=24.097 frame=522 focused=1 entity=4 buffer=8 count=1 maxVerticalCm=44.24 horizontalCm=9.74 verticalCm=44.24 frameDeltaMs=169.0 renderTickDelta=10.143 fromTick=412 toTick=414 tickSpan=2 receivedSpanMs=0.0 t=0.715 renderOffsetMs=-9.5 sourceHorizontalCm=2.22 sourceVerticalCm=18.09 fromGrounded=0 toGrounded=0 velocity=(0.052, 5.262, 0.731) expectedTravelCm=89.81 teleport=0 previous=(0.382, 0.008, -2.689) rendered=(0.389, 0.450, -2.592)
[rubber-banding][udp-pump] time=24.476 frame=524 focused=1 windowMs=1103.1 fps=5.4 packets=29 socketAvgMs=32.9 socketP95Ms=193.2 socketMaxMs=207.2 pumpAvgMs=38.0 pumpP95Ms=197.1 pumpMaxMs=210.0 queueDelayAvgMs=115.7 queueDelayP95Ms=177.8 queueDelayMaxMs=180.0 samePump=23 pumpBatchMax=6 queueDepthMax=7 frameMaxMs=210.0
[rubber-banding][local-input] time=25.229 frame=528 focused=1 host=0 room=19 world=5 authority=5 entity=2 windowMs=1131.9 updates=6 fixedCalls=56 commands=24 predictionSteps=24 noCommandUpdates=0 estimatedHostTick=488 nextInputTick=496 lastRecordedTick=494 lastResolvedTick=482 nextLead=8 recordedLead=6 unresolved=4 clamped=6 clampedTotal=22 batchesSent=342 commandsSent=1219 sendFailures=0 move=(0.00,0.00) jump=0
[rubber-banding][remote-render] time=25.229 frame=528 entity=1 latestHostTick=482 buffer=8 windowMs=1131.9 fps=5.3 snapshots=34 arrivalSamples=34 arrivalAvgMs=33.3 arrivalP95Ms=193.9 arrivalMaxMs=210.0 sameArrival=28 tickGapMax=2 renderFrames=6 interpolation=1 extrapolation=5 extrapolationCapped=0 extrapolationMaxMs=36.7 oldestHeld=0 zeroSpan=6 movingFrozen=0 teleport=0 visualStepAvgCm=0.00 visualStepMaxCm=0.00 estimatedHostTick=488 renderTick=482.527 latestSnapshotTick=482.000 renderMinusLatestTicks=0.527 estimatedMinusLatestTicks=6.000 sampleT=1.263
[rubber-banding][remote-render] time=25.229 frame=528 entity=3 latestHostTick=482 buffer=8 windowMs=1131.9 fps=5.3 snapshots=34 arrivalSamples=34 arrivalAvgMs=33.3 arrivalP95Ms=193.9 arrivalMaxMs=210.0 sameArrival=28 tickGapMax=2 renderFrames=6 interpolation=1 extrapolation=5 extrapolationCapped=0 extrapolationMaxMs=36.7 oldestHeld=0 zeroSpan=6 movingFrozen=0 teleport=0 visualStepAvgCm=0.00 visualStepMaxCm=0.00 estimatedHostTick=488 renderTick=482.527 latestSnapshotTick=482.000 renderMinusLatestTicks=0.527 estimatedMinusLatestTicks=6.000 sampleT=1.263
[rubber-banding][remote-render] time=25.229 frame=528 entity=4 latestHostTick=482 buffer=8 windowMs=1131.9 fps=5.3 snapshots=34 arrivalSamples=34 arrivalAvgMs=33.3 arrivalP95Ms=193.9 arrivalMaxMs=210.0 sameArrival=28 tickGapMax=2 renderFrames=6 interpolation=1 extrapolation=5 extrapolationCapped=0 extrapolationMaxMs=36.7 oldestHeld=0 zeroSpan=6 movingFrozen=0 teleport=0 visualStepAvgCm=62.20 visualStepMaxCm=115.98 estimatedHostTick=488 renderTick=482.527 latestSnapshotTick=482.000 renderMinusLatestTicks=0.527 estimatedMinusLatestTicks=6.000 sampleT=1.263
[rubber-banding][large-step] time=25.229 frame=528 focused=1 entity=4 buffer=8 count=5 maxStepCm=115.98 horizontalCm=55.06 verticalCm=102.07 frameDeltaMs=186.7 renderTickDelta=11.202 fromTick=468 toTick=470 tickSpan=2 receivedSpanMs=0.0 t=1.701 renderOffsetMs=23.4 sourceHorizontalCm=10.07 sourceVerticalCm=10.32 fromGrounded=0 toGrounded=0 velocity=(-1.395, 2.928, -2.708) expectedTravelCm=78.89 teleport=0 previous=(0.385, 0.008, -2.645) rendered=(0.209, 1.029, -3.166)
[rubber-banding][jump-step] time=25.229 frame=528 focused=1 entity=4 buffer=8 count=3 maxVerticalCm=102.07 horizontalCm=55.06 verticalCm=102.07 frameDeltaMs=186.7 renderTickDelta=11.202 fromTick=468 toTick=470 tickSpan=2 receivedSpanMs=0.0 t=1.701 renderOffsetMs=23.4 sourceHorizontalCm=10.07 sourceVerticalCm=10.32 fromGrounded=0 toGrounded=0 velocity=(-1.395, 2.928, -2.708) expectedTravelCm=78.89 teleport=0 previous=(0.385, 0.008, -2.645) rendered=(0.209, 1.029, -3.166)
[rubber-banding][udp-pump] time=25.627 frame=531 focused=1 windowMs=1151.5 fps=6.1 packets=38 socketAvgMs=33.3 socketP95Ms=185.7 socketMaxMs=199.8 pumpAvgMs=30.3 pumpP95Ms=187.4 pumpMaxMs=193.9 queueDelayAvgMs=125.2 queueDelayP95Ms=176.7 queueDelayMaxMs=178.2 samePump=31 pumpBatchMax=7 queueDepthMax=8 frameMaxMs=193.9
[rubber-banding][local-input] time=26.273 frame=535 focused=1 host=0 room=19 world=5 authority=5 entity=2 windowMs=1043.5 updates=7 fixedCalls=52 commands=28 predictionSteps=28 noCommandUpdates=0 estimatedHostTick=552 nextInputTick=557 lastRecordedTick=557 lastResolvedTick=550 nextLead=5 recordedLead=5 unresolved=4 clamped=0 clampedTotal=22 batchesSent=349 commandsSent=1247 sendFailures=0 move=(0.00,0.00) jump=0
[rubber-banding][remote-render] time=26.273 frame=535 entity=1 latestHostTick=550 buffer=8 windowMs=1043.5 fps=6.7 snapshots=34 arrivalSamples=34 arrivalAvgMs=30.7 arrivalP95Ms=181.7 arrivalMaxMs=187.8 sameArrival=27 tickGapMax=2 renderFrames=7 interpolation=7 extrapolation=0 extrapolationCapped=0 extrapolationMaxMs=0.0 oldestHeld=0 zeroSpan=6 movingFrozen=0 teleport=0 visualStepAvgCm=0.00 visualStepMaxCm=0.00 estimatedHostTick=552 renderTick=546.368 latestSnapshotTick=550.000 renderMinusLatestTicks=-3.632 estimatedMinusLatestTicks=2.000 sampleT=0.184
[rubber-banding][remote-render] time=26.273 frame=535 entity=3 latestHostTick=550 buffer=8 windowMs=1043.5 fps=6.7 snapshots=34 arrivalSamples=34 arrivalAvgMs=30.7 arrivalP95Ms=181.7 arrivalMaxMs=187.8 sameArrival=27 tickGapMax=2 renderFrames=7 interpolation=7 extrapolation=0 extrapolationCapped=0 extrapolationMaxMs=0.0 oldestHeld=0 zeroSpan=6 movingFrozen=0 teleport=0 visualStepAvgCm=0.00 visualStepMaxCm=0.00 estimatedHostTick=552 renderTick=546.368 latestSnapshotTick=550.000 renderMinusLatestTicks=-3.632 estimatedMinusLatestTicks=2.000 sampleT=0.184
[rubber-banding][remote-render] time=26.273 frame=535 entity=4 latestHostTick=550 buffer=8 windowMs=1043.5 fps=6.7 snapshots=34 arrivalSamples=34 arrivalAvgMs=30.7 arrivalP95Ms=181.7 arrivalMaxMs=187.8 sameArrival=27 tickGapMax=2 renderFrames=7 interpolation=7 extrapolation=0 extrapolationCapped=0 extrapolationMaxMs=0.0 oldestHeld=0 zeroSpan=6 movingFrozen=0 teleport=0 visualStepAvgCm=65.41 visualStepMaxCm=104.14 estimatedHostTick=552 renderTick=546.368 latestSnapshotTick=550.000 renderMinusLatestTicks=-3.632 estimatedMinusLatestTicks=2.000 sampleT=0.184
[rubber-banding][large-step] time=26.273 frame=535 focused=1 entity=4 buffer=8 count=6 maxStepCm=104.14 horizontalCm=64.70 verticalCm=81.60 frameDeltaMs=181.7 renderTickDelta=10.900 fromTick=546 toTick=548 tickSpan=2 receivedSpanMs=0.0 t=0.184 renderOffsetMs=-27.2 sourceHorizontalCm=9.98 sourceVerticalCm=17.00 fromGrounded=0 toGrounded=1 velocity=(2.935, -6.738, 0.360) expectedTravelCm=133.68 teleport=0 previous=(1.424, 0.963, -3.740) rendered=(2.070, 0.147, -3.767)
[rubber-banding][jump-step] time=26.273 frame=535 focused=1 entity=4 buffer=8 count=7 maxVerticalCm=81.60 horizontalCm=64.70 verticalCm=81.60 frameDeltaMs=181.7 renderTickDelta=10.900 fromTick=546 toTick=548 tickSpan=2 receivedSpanMs=0.0 t=0.184 renderOffsetMs=-27.2 sourceHorizontalCm=9.98 sourceVerticalCm=17.00 fromGrounded=0 toGrounded=1 velocity=(2.935, -6.738, 0.360) expectedTravelCm=133.68 teleport=0 previous=(1.424, 0.963, -3.740) rendered=(2.070, 0.147, -3.767)
[rubber-banding][udp-pump] time=26.757 frame=538 focused=1 windowMs=1130.0 fps=6.2 packets=34 socketAvgMs=33.4 socketP95Ms=160.6 socketMaxMs=169.6 pumpAvgMs=33.2 pumpP95Ms=181.7 pumpMaxMs=187.8 queueDelayAvgMs=50.8 queueDelayP95Ms=63.1 queueDelayMaxMs=63.6 samePump=27 pumpBatchMax=5 queueDepthMax=6 frameMaxMs=187.8
[rubber-banding][local-input] time=27.377 frame=542 focused=1 host=0 room=19 world=5 authority=5 entity=2 windowMs=1104.4 updates=7 fixedCalls=56 commands=28 predictionSteps=28 noCommandUpdates=0 estimatedHostTick=622 nextInputTick=629 lastRecordedTick=629 lastResolvedTick=618 nextLead=7 recordedLead=7 unresolved=5 clamped=1 clampedTotal=23 batchesSent=356 commandsSent=1281 sendFailures=0 move=(0.00,0.00) jump=0
[rubber-banding][remote-render] time=27.377 frame=542 entity=1 latestHostTick=618 buffer=8 windowMs=1104.4 fps=6.3 snapshots=34 arrivalSamples=34 arrivalAvgMs=32.5 arrivalP95Ms=168.8 arrivalMaxMs=171.2 sameArrival=27 tickGapMax=2 renderFrames=7 interpolation=7 extrapolation=0 extrapolationCapped=0 extrapolationMaxMs=0.0 oldestHeld=0 zeroSpan=7 movingFrozen=0 teleport=0 visualStepAvgCm=0.00 visualStepMaxCm=0.00 estimatedHostTick=622 renderTick=614.843 latestSnapshotTick=618.000 renderMinusLatestTicks=-3.157 estimatedMinusLatestTicks=4.000 sampleT=0.421
[rubber-banding][remote-render] time=27.377 frame=542 entity=3 latestHostTick=618 buffer=8 windowMs=1104.4 fps=6.3 snapshots=34 arrivalSamples=34 arrivalAvgMs=32.5 arrivalP95Ms=168.8 arrivalMaxMs=171.2 sameArrival=27 tickGapMax=2 renderFrames=7 interpolation=7 extrapolation=0 extrapolationCapped=0 extrapolationMaxMs=0.0 oldestHeld=0 zeroSpan=7 movingFrozen=0 teleport=0 visualStepAvgCm=0.00 visualStepMaxCm=0.00 estimatedHostTick=622 renderTick=614.843 latestSnapshotTick=618.000 renderMinusLatestTicks=-3.157 estimatedMinusLatestTicks=4.000 sampleT=0.421
[rubber-banding][remote-render] time=27.377 frame=542 entity=4 latestHostTick=618 buffer=8 windowMs=1104.4 fps=6.3 snapshots=34 arrivalSamples=34 arrivalAvgMs=32.5 arrivalP95Ms=168.8 arrivalMaxMs=171.2 sameArrival=27 tickGapMax=2 renderFrames=7 interpolation=7 extrapolation=0 extrapolationCapped=0 extrapolationMaxMs=0.0 oldestHeld=0 zeroSpan=7 movingFrozen=0 teleport=0 visualStepAvgCm=73.90 visualStepMaxCm=105.19 estimatedHostTick=622 renderTick=614.843 latestSnapshotTick=618.000 renderMinusLatestTicks=-3.157 estimatedMinusLatestTicks=4.000 sampleT=0.421
[rubber-banding][large-step] time=27.377 frame=542 focused=1 entity=4 buffer=8 count=7 maxStepCm=105.19 horizontalCm=69.75 verticalCm=78.74 frameDeltaMs=168.8 renderTickDelta=10.463 fromTick=566 toTick=568 tickSpan=2 receivedSpanMs=0.0 t=0.479 renderOffsetMs=-17.4 sourceHorizontalCm=13.33 sourceVerticalCm=9.21 fromGrounded=0 toGrounded=0 velocity=(0.283, 2.595, 3.990) expectedTravelCm=80.46 teleport=0 previous=(1.926, 0.168, -3.318) rendered=(1.975, 0.956, -2.622)
[rubber-banding][jump-step] time=27.377 frame=542 focused=1 entity=4 buffer=8 count=6 maxVerticalCm=78.74 horizontalCm=69.75 verticalCm=78.74 frameDeltaMs=168.8 renderTickDelta=10.463 fromTick=566 toTick=568 tickSpan=2 receivedSpanMs=0.0 t=0.479 renderOffsetMs=-17.4 sourceHorizontalCm=13.33 sourceVerticalCm=9.21 fromGrounded=0 toGrounded=0 velocity=(0.283, 2.595, 3.990) expectedTravelCm=80.46 teleport=0 previous=(1.926, 0.168, -3.318) rendered=(1.975, 0.956, -2.622)
[rubber-banding][udp-pump] time=27.900 frame=545 focused=1 windowMs=1142.3 fps=6.1 packets=34 socketAvgMs=32.9 socketP95Ms=165.3 socketMaxMs=174.1 pumpAvgMs=33.6 pumpP95Ms=177.2 pumpMaxMs=196.0 queueDelayAvgMs=49.5 queueDelayP95Ms=81.1 queueDelayMaxMs=82.1 samePump=27 pumpBatchMax=6 queueDepthMax=6 frameMaxMs=196.0
[rubber-banding][local-input] time=28.513 frame=548 focused=1 host=0 room=19 world=5 authority=5 entity=2 windowMs=1135.8 updates=6 fixedCalls=56 commands=24 predictionSteps=24 noCommandUpdates=0 estimatedHostTick=690 nextInputTick=697 lastRecordedTick=696 lastResolvedTick=684 nextLead=7 recordedLead=6 unresolved=4 clamped=3 clampedTotal=26 batchesSent=362 commandsSent=1308 sendFailures=0 move=(0.00,0.00) jump=0
[rubber-banding][remote-render] time=28.513 frame=548 entity=1 latestHostTick=684 buffer=8 windowMs=1135.8 fps=5.3 snapshots=33 arrivalSamples=33 arrivalAvgMs=34.4 arrivalP95Ms=201.3 arrivalMaxMs=216.8 sameArrival=27 tickGapMax=2 renderFrames=6 interpolation=4 extrapolation=2 extrapolationCapped=0 extrapolationMaxMs=38.2 oldestHeld=0 zeroSpan=6 movingFrozen=0 teleport=0 visualStepAvgCm=0.00 visualStepMaxCm=0.00 estimatedHostTick=690 renderTick=684.200 latestSnapshotTick=684.000 renderMinusLatestTicks=0.200 estimatedMinusLatestTicks=6.000 sampleT=1.100
[rubber-banding][remote-render] time=28.513 frame=548 entity=3 latestHostTick=684 buffer=8 windowMs=1135.8 fps=5.3 snapshots=33 arrivalSamples=33 arrivalAvgMs=34.4 arrivalP95Ms=201.3 arrivalMaxMs=216.8 sameArrival=27 tickGapMax=2 renderFrames=6 interpolation=4 extrapolation=2 extrapolationCapped=0 extrapolationMaxMs=38.2 oldestHeld=0 zeroSpan=6 movingFrozen=0 teleport=0 visualStepAvgCm=0.00 visualStepMaxCm=0.00 estimatedHostTick=690 renderTick=684.200 latestSnapshotTick=684.000 renderMinusLatestTicks=0.200 estimatedMinusLatestTicks=6.000 sampleT=1.100
[rubber-banding][remote-render] time=28.513 frame=548 entity=4 latestHostTick=684 buffer=8 windowMs=1135.8 fps=5.3 snapshots=33 arrivalSamples=33 arrivalAvgMs=34.4 arrivalP95Ms=201.3 arrivalMaxMs=216.8 sameArrival=27 tickGapMax=2 renderFrames=6 interpolation=4 extrapolation=2 extrapolationCapped=0 extrapolationMaxMs=38.2 oldestHeld=0 zeroSpan=6 movingFrozen=0 teleport=0 visualStepAvgCm=88.58 visualStepMaxCm=114.07 estimatedHostTick=690 renderTick=684.200 latestSnapshotTick=684.000 renderMinusLatestTicks=0.200 estimatedMinusLatestTicks=6.000 sampleT=1.100
[rubber-banding][large-step] time=28.513 frame=548 focused=1 entity=4 buffer=8 count=6 maxStepCm=114.07 horizontalCm=80.48 verticalCm=80.84 frameDeltaMs=201.3 renderTickDelta=12.080 fromTick=658 toTick=660 tickSpan=2 receivedSpanMs=0.0 t=0.640 renderOffsetMs=-12.0 sourceHorizontalCm=13.33 sourceVerticalCm=6.98 fromGrounded=0 toGrounded=0 velocity=(3.085, 1.928, 2.546) expectedTravelCm=89.40 teleport=0 previous=(2.420, 0.240, -3.582) rendered=(3.030, 1.048, -3.057)
[rubber-banding][jump-step] time=28.513 frame=548 focused=1 entity=4 buffer=8 count=5 maxVerticalCm=87.78 horizontalCm=62.35 verticalCm=87.78 frameDeltaMs=195.2 renderTickDelta=11.909 fromTick=682 toTick=684 tickSpan=2 receivedSpanMs=0.0 t=1.100 renderOffsetMs=3.3 sourceHorizontalCm=8.48 sourceVerticalCm=19.68 fromGrounded=0 toGrounded=0 velocity=(2.374, -6.072, 0.729) expectedTravelCm=128.04 teleport=0 previous=(3.764, 1.036, -2.597) rendered=(4.344, 0.158, -2.368)
[rubber-banding][udp-pump] time=29.047 frame=551 focused=1 windowMs=1147.6 fps=5.2 packets=33 socketAvgMs=34.0 socketP95Ms=197.3 socketMaxMs=205.8 pumpAvgMs=34.8 pumpP95Ms=212.2 pumpMaxMs=216.8 queueDelayAvgMs=86.5 queueDelayP95Ms=111.4 queueDelayMaxMs=112.4 samePump=27 pumpBatchMax=7 queueDepthMax=7 frameMaxMs=216.8
[rubber-banding][local-input] time=29.654 frame=554 focused=1 host=0 room=19 world=5 authority=5 entity=2 windowMs=1141.3 updates=6 fixedCalls=57 commands=24 predictionSteps=24 noCommandUpdates=0 estimatedHostTick=758 nextInputTick=765 lastRecordedTick=762 lastResolvedTick=750 nextLead=7 recordedLead=4 unresolved=5 clamped=5 clampedTotal=31 batchesSent=368 commandsSent=1336 sendFailures=0 move=(0.00,0.00) jump=0
[rubber-banding][remote-render] time=29.654 frame=554 entity=1 latestHostTick=750 buffer=8 windowMs=1141.3 fps=5.3 snapshots=33 arrivalSamples=33 arrivalAvgMs=34.6 arrivalP95Ms=212.2 arrivalMaxMs=236.5 sameArrival=27 tickGapMax=2 renderFrames=6 interpolation=1 extrapolation=5 extrapolationCapped=0 extrapolationMaxMs=44.7 oldestHeld=0 zeroSpan=6 movingFrozen=0 teleport=0 visualStepAvgCm=0.00 visualStepMaxCm=0.00 estimatedHostTick=758 renderTick=752.680 latestSnapshotTick=750.000 renderMinusLatestTicks=2.680 estimatedMinusLatestTicks=8.000 sampleT=2.340
[rubber-banding][remote-render] time=29.654 frame=554 entity=3 latestHostTick=750 buffer=8 windowMs=1141.3 fps=5.3 snapshots=33 arrivalSamples=33 arrivalAvgMs=34.6 arrivalP95Ms=212.2 arrivalMaxMs=236.5 sameArrival=27 tickGapMax=2 renderFrames=6 interpolation=1 extrapolation=5 extrapolationCapped=0 extrapolationMaxMs=44.7 oldestHeld=0 zeroSpan=6 movingFrozen=0 teleport=0 visualStepAvgCm=0.00 visualStepMaxCm=0.00 estimatedHostTick=758 renderTick=752.680 latestSnapshotTick=750.000 renderMinusLatestTicks=2.680 estimatedMinusLatestTicks=8.000 sampleT=2.340
[rubber-banding][remote-render] time=29.654 frame=554 entity=4 latestHostTick=750 buffer=8 windowMs=1141.3 fps=5.3 snapshots=33 arrivalSamples=33 arrivalAvgMs=34.6 arrivalP95Ms=212.2 arrivalMaxMs=236.5 sameArrival=27 tickGapMax=2 renderFrames=6 interpolation=1 extrapolation=5 extrapolationCapped=0 extrapolationMaxMs=44.7 oldestHeld=0 zeroSpan=6 movingFrozen=0 teleport=0 visualStepAvgCm=62.59 visualStepMaxCm=98.83 estimatedHostTick=758 renderTick=752.680 latestSnapshotTick=750.000 renderMinusLatestTicks=2.680 estimatedMinusLatestTicks=8.000 sampleT=2.340
[rubber-banding][large-step] time=29.654 frame=554 focused=1 entity=4 buffer=8 count=5 maxStepCm=98.83 horizontalCm=38.45 verticalCm=91.05 frameDeltaMs=183.5 renderTickDelta=11.009 fromTick=738 toTick=740 tickSpan=2 receivedSpanMs=0.0 t=1.727 renderOffsetMs=24.2 sourceHorizontalCm=8.20 sourceVerticalCm=19.68 fromGrounded=0 toGrounded=0 velocity=(2.471, -6.072, 0.517) expectedTravelCm=120.65 teleport=0 previous=(4.682, 0.941, -3.332) rendered=(5.058, 0.031, -3.252)
[rubber-banding][jump-step] time=29.654 frame=554 focused=1 entity=4 buffer=8 count=6 maxVerticalCm=91.05 horizontalCm=38.45 verticalCm=91.05 frameDeltaMs=183.5 renderTickDelta=11.009 fromTick=738 toTick=740 tickSpan=2 receivedSpanMs=0.0 t=1.727 renderOffsetMs=24.2 sourceHorizontalCm=8.20 sourceVerticalCm=19.68 fromGrounded=0 toGrounded=0 velocity=(2.471, -6.072, 0.517) expectedTravelCm=120.65 teleport=0 previous=(4.682, 0.941, -3.332) rendered=(5.058, 0.031, -3.252)
[rubber-banding][udp-pump] time=30.211 frame=557 focused=1 windowMs=1163.4 fps=5.2 packets=35 socketAvgMs=32.9 socketP95Ms=187.9 socketMaxMs=218.0 pumpAvgMs=33.2 pumpP95Ms=189.8 pumpMaxMs=236.5 queueDelayAvgMs=108.7 queueDelayP95Ms=118.4 queueDelayMaxMs=121.4 samePump=29 pumpBatchMax=7 queueDepthMax=7 frameMaxMs=236.5
[rubber-banding][local-input] time=30.773 frame=560 focused=1 host=0 room=19 world=5 authority=5 entity=2 windowMs=1119.1 updates=6 fixedCalls=56 commands=24 predictionSteps=24 noCommandUpdates=0 estimatedHostTick=823 nextInputTick=831 lastRecordedTick=830 lastResolvedTick=818 nextLead=8 recordedLead=7 unresolved=4 clamped=5 clampedTotal=36 batchesSent=374 commandsSent=1362 sendFailures=0 move=(0.00,0.00) jump=0
[rubber-banding][remote-render] time=30.773 frame=560 entity=1 latestHostTick=818 buffer=8 windowMs=1119.1 fps=5.4 snapshots=34 arrivalSamples=34 arrivalAvgMs=32.9 arrivalP95Ms=189.8 arrivalMaxMs=203.2 sameArrival=28 tickGapMax=2 renderFrames=6 interpolation=0 extrapolation=6 extrapolationCapped=0 extrapolationMaxMs=36.7 oldestHeld=0 zeroSpan=6 movingFrozen=0 teleport=0 visualStepAvgCm=0.00 visualStepMaxCm=0.00 estimatedHostTick=823 renderTick=818.972 latestSnapshotTick=818.000 renderMinusLatestTicks=0.972 estimatedMinusLatestTicks=5.000 sampleT=1.486
[rubber-banding][remote-render] time=30.773 frame=560 entity=3 latestHostTick=818 buffer=8 windowMs=1119.1 fps=5.4 snapshots=34 arrivalSamples=34 arrivalAvgMs=32.9 arrivalP95Ms=189.8 arrivalMaxMs=203.2 sameArrival=28 tickGapMax=2 renderFrames=6 interpolation=0 extrapolation=6 extrapolationCapped=0 extrapolationMaxMs=36.7 oldestHeld=0 zeroSpan=6 movingFrozen=0 teleport=0 visualStepAvgCm=0.00 visualStepMaxCm=0.00 estimatedHostTick=823 renderTick=818.972 latestSnapshotTick=818.000 renderMinusLatestTicks=0.972 estimatedMinusLatestTicks=5.000 sampleT=1.486
[rubber-banding][remote-render] time=30.773 frame=560 entity=4 latestHostTick=818 buffer=8 windowMs=1119.1 fps=5.4 snapshots=34 arrivalSamples=34 arrivalAvgMs=32.9 arrivalP95Ms=189.8 arrivalMaxMs=203.2 sameArrival=28 tickGapMax=2 renderFrames=6 interpolation=0 extrapolation=6 extrapolationCapped=0 extrapolationMaxMs=36.7 oldestHeld=0 zeroSpan=6 movingFrozen=0 teleport=0 visualStepAvgCm=68.28 visualStepMaxCm=102.15 estimatedHostTick=823 renderTick=818.972 latestSnapshotTick=818.000 renderMinusLatestTicks=0.972 estimatedMinusLatestTicks=5.000 sampleT=1.486
[rubber-banding][large-step] time=30.773 frame=560 focused=1 entity=4 buffer=8 count=5 maxStepCm=102.15 horizontalCm=73.39 verticalCm=71.06 frameDeltaMs=189.8 renderTickDelta=11.009 fromTick=782 toTick=784 tickSpan=2 receivedSpanMs=0.0 t=1.604 renderOffsetMs=20.1 sourceHorizontalCm=13.33 sourceVerticalCm=16.35 fromGrounded=0 toGrounded=0 velocity=(3.990, -5.072, -0.283) expectedTravelCm=122.60 teleport=0 previous=(7.177, 1.073, -3.396) rendered=(7.909, 0.363, -3.448)
[rubber-banding][jump-step] time=30.773 frame=560 focused=1 entity=4 buffer=8 count=3 maxVerticalCm=71.06 horizontalCm=73.39 verticalCm=71.06 frameDeltaMs=189.8 renderTickDelta=11.009 fromTick=782 toTick=784 tickSpan=2 receivedSpanMs=0.0 t=1.604 renderOffsetMs=20.1 sourceHorizontalCm=13.33 sourceVerticalCm=16.35 fromGrounded=0 toGrounded=0 velocity=(3.990, -5.072, -0.283) expectedTravelCm=122.60 teleport=0 previous=(7.177, 1.073, -3.396) rendered=(7.909, 0.363, -3.448)
[rubber-banding][udp-pump] time=31.364 frame=563 focused=1 windowMs=1153.1 fps=5.2 packets=36 socketAvgMs=33.5 socketP95Ms=216.1 socketMaxMs=220.5 pumpAvgMs=32.0 pumpP95Ms=203.2 pumpMaxMs=217.4 queueDelayAvgMs=85.6 queueDelayP95Ms=116.5 queueDelayMaxMs=118.3 samePump=30 pumpBatchMax=7 queueDepthMax=7 frameMaxMs=217.4
[rubber-banding][local-input] time=31.902 frame=566 focused=1 host=0 room=19 world=5 authority=5 entity=2 windowMs=1128.2 updates=6 fixedCalls=57 commands=24 predictionSteps=24 noCommandUpdates=0 estimatedHostTick=893 nextInputTick=901 lastRecordedTick=900 lastResolvedTick=888 nextLead=8 recordedLead=7 unresolved=5 clamped=3 clampedTotal=39 batchesSent=380 commandsSent=1388 sendFailures=0 move=(0.00,0.00) jump=0
[rubber-banding][remote-render] time=31.902 frame=566 entity=1 latestHostTick=888 buffer=8 windowMs=1128.2 fps=5.3 snapshots=35 arrivalSamples=35 arrivalAvgMs=32.2 arrivalP95Ms=189.0 arrivalMaxMs=217.4 sameArrival=29 tickGapMax=2 renderFrames=6 interpolation=5 extrapolation=1 extrapolationCapped=0 extrapolationMaxMs=5.2 oldestHeld=0 zeroSpan=6 movingFrozen=0 teleport=0 visualStepAvgCm=0.00 visualStepMaxCm=0.00 estimatedHostTick=893 renderTick=887.007 latestSnapshotTick=888.000 renderMinusLatestTicks=-0.993 estimatedMinusLatestTicks=5.000 sampleT=0.504
[rubber-banding][remote-render] time=31.902 frame=566 entity=3 latestHostTick=888 buffer=8 windowMs=1128.2 fps=5.3 snapshots=35 arrivalSamples=35 arrivalAvgMs=32.2 arrivalP95Ms=189.0 arrivalMaxMs=217.4 sameArrival=29 tickGapMax=2 renderFrames=6 interpolation=5 extrapolation=1 extrapolationCapped=0 extrapolationMaxMs=5.2 oldestHeld=0 zeroSpan=6 movingFrozen=0 teleport=0 visualStepAvgCm=0.00 visualStepMaxCm=0.00 estimatedHostTick=893 renderTick=887.007 latestSnapshotTick=888.000 renderMinusLatestTicks=-0.993 estimatedMinusLatestTicks=5.000 sampleT=0.504
[rubber-banding][remote-render] time=31.902 frame=566 entity=4 latestHostTick=888 buffer=8 windowMs=1128.2 fps=5.3 snapshots=35 arrivalSamples=35 arrivalAvgMs=32.2 arrivalP95Ms=189.0 arrivalMaxMs=217.4 sameArrival=29 tickGapMax=2 renderFrames=6 interpolation=5 extrapolation=1 extrapolationCapped=0 extrapolationMaxMs=5.2 oldestHeld=0 zeroSpan=6 movingFrozen=0 teleport=0 visualStepAvgCm=72.91 visualStepMaxCm=110.19 estimatedHostTick=893 renderTick=887.007 latestSnapshotTick=888.000 renderMinusLatestTicks=-0.993 estimatedMinusLatestTicks=5.000 sampleT=0.504
[rubber-banding][large-step] time=31.902 frame=566 focused=1 entity=4 buffer=8 count=5 maxStepCm=110.19 horizontalCm=73.49 verticalCm=82.10 frameDeltaMs=183.9 renderTickDelta=11.032 fromTick=840 toTick=842 tickSpan=2 receivedSpanMs=0.0 t=0.673 renderOffsetMs=-10.9 sourceHorizontalCm=13.32 sourceVerticalCm=9.21 fromGrounded=0 toGrounded=0 velocity=(-2.614, 2.595, 3.024) expectedTravelCm=87.62 teleport=0 previous=(8.681, 0.152, -3.074) rendered=(8.200, 0.973, -2.518)
[rubber-banding][jump-step] time=31.902 frame=566 focused=1 entity=4 buffer=8 count=5 maxVerticalCm=82.10 horizontalCm=73.49 verticalCm=82.10 frameDeltaMs=183.9 renderTickDelta=11.032 fromTick=840 toTick=842 tickSpan=2 receivedSpanMs=0.0 t=0.673 renderOffsetMs=-10.9 sourceHorizontalCm=13.32 sourceVerticalCm=9.21 fromGrounded=0 toGrounded=0 velocity=(-2.614, 2.595, 3.024) expectedTravelCm=87.62 teleport=0 previous=(8.681, 0.152, -3.074) rendered=(8.200, 0.973, -2.518)
[rubber-banding][udp-pump] time=32.528 frame=570 focused=1 windowMs=1164.2 fps=6.0 packets=34 socketAvgMs=33.9 socketP95Ms=192.0 socketMaxMs=193.4 pumpAvgMs=34.2 pumpP95Ms=185.7 pumpMaxMs=190.8 queueDelayAvgMs=47.2 queueDelayP95Ms=75.1 queueDelayMaxMs=77.6 samePump=27 pumpBatchMax=6 queueDepthMax=7 frameMaxMs=190.8
[rubber-banding][local-input] time=33.087 frame=573 focused=1 host=0 room=19 world=5 authority=5 entity=2 windowMs=1185.1 updates=7 fixedCalls=59 commands=28 predictionSteps=28 noCommandUpdates=0 estimatedHostTick=966 nextInputTick=974 lastRecordedTick=972 lastResolvedTick=960 nextLead=8 recordedLead=6 unresolved=4 clamped=7 clampedTotal=46 batchesSent=387 commandsSent=1420 sendFailures=0 move=(0.00,0.00) jump=0
[rubber-banding][remote-render] time=33.087 frame=573 entity=1 latestHostTick=960 buffer=8 windowMs=1185.1 fps=5.9 snapshots=36 arrivalSamples=36 arrivalAvgMs=32.9 arrivalP95Ms=190.8 arrivalMaxMs=202.3 sameArrival=29 tickGapMax=2 renderFrames=7 interpolation=4 extrapolation=3 extrapolationCapped=0 extrapolationMaxMs=30.7 oldestHeld=0 zeroSpan=7 movingFrozen=0 teleport=0 visualStepAvgCm=0.00 visualStepMaxCm=0.00 estimatedHostTick=966 renderTick=960.200 latestSnapshotTick=960.000 renderMinusLatestTicks=0.200 estimatedMinusLatestTicks=6.000 sampleT=1.100
[rubber-banding][remote-render] time=33.087 frame=573 entity=3 latestHostTick=960 buffer=8 windowMs=1185.1 fps=5.9 snapshots=36 arrivalSamples=36 arrivalAvgMs=32.9 arrivalP95Ms=190.8 arrivalMaxMs=202.3 sameArrival=29 tickGapMax=2 renderFrames=7 interpolation=4 extrapolation=3 extrapolationCapped=0 extrapolationMaxMs=30.7 oldestHeld=0 zeroSpan=7 movingFrozen=0 teleport=0 visualStepAvgCm=0.00 visualStepMaxCm=0.00 estimatedHostTick=966 renderTick=960.200 latestSnapshotTick=960.000 renderMinusLatestTicks=0.200 estimatedMinusLatestTicks=6.000 sampleT=1.100
[rubber-banding][remote-render] time=33.087 frame=573 entity=4 latestHostTick=960 buffer=8 windowMs=1185.1 fps=5.9 snapshots=36 arrivalSamples=36 arrivalAvgMs=32.9 arrivalP95Ms=190.8 arrivalMaxMs=202.3 sameArrival=29 tickGapMax=2 renderFrames=7 interpolation=4 extrapolation=3 extrapolationCapped=0 extrapolationMaxMs=30.7 oldestHeld=0 zeroSpan=7 movingFrozen=0 teleport=0 visualStepAvgCm=58.98 visualStepMaxCm=96.79 estimatedHostTick=966 renderTick=960.200 latestSnapshotTick=960.000 renderMinusLatestTicks=0.200 estimatedMinusLatestTicks=6.000 sampleT=1.100
[rubber-banding][large-step] time=33.087 frame=573 focused=1 entity=4 buffer=8 count=6 maxStepCm=96.79 horizontalCm=73.91 verticalCm=62.50 frameDeltaMs=188.3 renderTickDelta=11.677 fromTick=934 toTick=936 tickSpan=2 receivedSpanMs=0.0 t=1.761 renderOffsetMs=25.4 sourceHorizontalCm=13.33 sourceVerticalCm=15.00 fromGrounded=0 toGrounded=0 velocity=(3.990, -4.667, -0.283) expectedTravelCm=115.76 teleport=0 previous=(6.483, 1.099, -0.348) rendered=(7.222, 0.474, -0.321)
[rubber-banding][jump-step] time=33.087 frame=573 focused=1 entity=4 buffer=8 count=4 maxVerticalCm=72.05 horizontalCm=8.73 verticalCm=72.05 frameDeltaMs=143.4 renderTickDelta=8.891 fromTick=906 toTick=908 tickSpan=2 receivedSpanMs=0.0 t=0.705 renderOffsetMs=-9.8 sourceHorizontalCm=2.89 sourceVerticalCm=13.65 fromGrounded=0 toGrounded=0 velocity=(0.061, 3.928, 0.864) expectedTravelCm=57.69 teleport=0 previous=(6.440, 0.037, -0.956) rendered=(6.446, 0.757, -0.869)
[rubber-banding][udp-pump] time=33.537 frame=575 focused=1 windowMs=1009.4 fps=5.0 packets=31 socketAvgMs=32.8 socketP95Ms=204.5 socketMaxMs=217.2 pumpAvgMs=32.6 pumpP95Ms=217.1 pumpMaxMs=233.6 queueDelayAvgMs=64.6 queueDelayP95Ms=89.3 queueDelayMaxMs=89.8 samePump=26 pumpBatchMax=7 queueDepthMax=7 frameMaxMs=233.6
[rubber-banding][local-input] time=34.139 frame=578 focused=1 host=0 room=19 world=5 authority=5 entity=2 windowMs=1052.4 updates=5 fixedCalls=53 commands=20 predictionSteps=20 noCommandUpdates=0 estimatedHostTick=1029 nextInputTick=1039 lastRecordedTick=1034 lastResolvedTick=1022 nextLead=10 recordedLead=5 unresolved=4 clamped=5 clampedTotal=51 batchesSent=392 commandsSent=1440 sendFailures=0 move=(0.00,0.00) jump=0
[rubber-banding][remote-render] time=34.139 frame=578 entity=1 latestHostTick=1022 buffer=8 windowMs=1052.4 fps=4.8 snapshots=31 arrivalSamples=31 arrivalAvgMs=33.9 arrivalP95Ms=233.6 arrivalMaxMs=237.2 sameArrival=26 tickGapMax=2 renderFrames=5 interpolation=0 extrapolation=5 extrapolationCapped=0 extrapolationMaxMs=57.9 oldestHeld=0 zeroSpan=5 movingFrozen=0 teleport=0 visualStepAvgCm=0.00 visualStepMaxCm=0.00 estimatedHostTick=1029 renderTick=1023.342 latestSnapshotTick=1022.000 renderMinusLatestTicks=1.342 estimatedMinusLatestTicks=7.000 sampleT=1.671
[rubber-banding][remote-render] time=34.139 frame=578 entity=3 latestHostTick=1022 buffer=8 windowMs=1052.4 fps=4.8 snapshots=31 arrivalSamples=31 arrivalAvgMs=33.9 arrivalP95Ms=233.6 arrivalMaxMs=237.2 sameArrival=26 tickGapMax=2 renderFrames=5 interpolation=0 extrapolation=5 extrapolationCapped=0 extrapolationMaxMs=57.9 oldestHeld=0 zeroSpan=5 movingFrozen=0 teleport=0 visualStepAvgCm=0.00 visualStepMaxCm=0.00 estimatedHostTick=1029 renderTick=1023.342 latestSnapshotTick=1022.000 renderMinusLatestTicks=1.342 estimatedMinusLatestTicks=7.000 sampleT=1.671
[rubber-banding][remote-render] time=34.139 frame=578 entity=4 latestHostTick=1022 buffer=8 windowMs=1052.4 fps=4.8 snapshots=31 arrivalSamples=31 arrivalAvgMs=33.9 arrivalP95Ms=233.6 arrivalMaxMs=237.2 sameArrival=26 tickGapMax=2 renderFrames=5 interpolation=0 extrapolation=5 extrapolationCapped=0 extrapolationMaxMs=57.9 oldestHeld=0 zeroSpan=5 movingFrozen=0 teleport=0 visualStepAvgCm=86.61 visualStepMaxCm=132.13 estimatedHostTick=1029 renderTick=1023.342 latestSnapshotTick=1022.000 renderMinusLatestTicks=1.342 estimatedMinusLatestTicks=7.000 sampleT=1.671
[rubber-banding][large-step] time=34.139 frame=578 focused=1 entity=4 buffer=8 count=5 maxStepCm=132.13 horizontalCm=93.44 verticalCm=93.43 frameDeltaMs=233.6 renderTickDelta=14.016 fromTick=970 toTick=972 tickSpan=2 receivedSpanMs=0.0 t=2.108 renderOffsetMs=36.9 sourceHorizontalCm=13.33 sourceVerticalCm=13.65 fromGrounded=0 toGrounded=0 velocity=(0.283, 3.928, 3.990) expectedTravelCm=130.96 teleport=0 previous=(7.942, 0.008, 0.696) rendered=(8.008, 0.942, 1.628)
[rubber-banding][jump-step] time=34.139 frame=578 focused=1 entity=4 buffer=8 count=5 maxVerticalCm=93.43 horizontalCm=93.44 verticalCm=93.43 frameDeltaMs=233.6 renderTickDelta=14.016 fromTick=970 toTick=972 tickSpan=2 receivedSpanMs=0.0 t=2.108 renderOffsetMs=36.9 sourceHorizontalCm=13.33 sourceVerticalCm=13.65 fromGrounded=0 toGrounded=0 velocity=(0.283, 3.928, 3.990) expectedTravelCm=130.96 teleport=0 previous=(7.942, 0.008, 0.696) rendered=(8.008, 0.942, 1.628)
[rubber-banding][udp-pump] time=34.551 frame=580 focused=1 windowMs=1013.8 fps=4.9 packets=30 socketAvgMs=33.6 socketP95Ms=200.9 socketMaxMs=203.7 pumpAvgMs=33.8 pumpP95Ms=215.3 pumpMaxMs=237.2 queueDelayAvgMs=80.5 queueDelayP95Ms=99.4 queueDelayMaxMs=100.9 samePump=25 pumpBatchMax=6 queueDepthMax=7 frameMaxMs=237.2
[rubber-banding][local-input] time=35.298 frame=584 focused=1 host=0 room=19 world=5 authority=5 entity=2 windowMs=1158.7 updates=6 fixedCalls=58 commands=24 predictionSteps=24 noCommandUpdates=0 estimatedHostTick=1097 nextInputTick=1106 lastRecordedTick=1102 lastResolvedTick=1090 nextLead=9 recordedLead=5 unresolved=5 clamped=6 clampedTotal=57 batchesSent=398 commandsSent=1466 sendFailures=0 move=(0.00,0.00) jump=0
[rubber-banding][remote-render] time=35.298 frame=584 entity=1 latestHostTick=1090 buffer=8 windowMs=1158.7 fps=5.2 snapshots=34 arrivalSamples=34 arrivalAvgMs=34.1 arrivalP95Ms=201.5 arrivalMaxMs=215.3 sameArrival=28 tickGapMax=2 renderFrames=6 interpolation=0 extrapolation=6 extrapolationCapped=0 extrapolationMaxMs=41.2 oldestHeld=0 zeroSpan=6 movingFrozen=0 teleport=0 visualStepAvgCm=0.00 visualStepMaxCm=0.00 estimatedHostTick=1097 renderTick=1092.472 latestSnapshotTick=1090.000 renderMinusLatestTicks=2.472 estimatedMinusLatestTicks=7.000 sampleT=2.236
[rubber-banding][remote-render] time=35.298 frame=584 entity=3 latestHostTick=1090 buffer=8 windowMs=1158.7 fps=5.2 snapshots=34 arrivalSamples=34 arrivalAvgMs=34.1 arrivalP95Ms=201.5 arrivalMaxMs=215.3 sameArrival=28 tickGapMax=2 renderFrames=6 interpolation=0 extrapolation=6 extrapolationCapped=0 extrapolationMaxMs=41.2 oldestHeld=0 zeroSpan=6 movingFrozen=0 teleport=0 visualStepAvgCm=0.00 visualStepMaxCm=0.00 estimatedHostTick=1097 renderTick=1092.472 latestSnapshotTick=1090.000 renderMinusLatestTicks=2.472 estimatedMinusLatestTicks=7.000 sampleT=2.236
[rubber-banding][remote-render] time=35.298 frame=584 entity=4 latestHostTick=1090 buffer=8 windowMs=1158.7 fps=5.2 snapshots=34 arrivalSamples=34 arrivalAvgMs=34.1 arrivalP95Ms=201.5 arrivalMaxMs=215.3 sameArrival=28 tickGapMax=2 renderFrames=6 interpolation=0 extrapolation=6 extrapolationCapped=0 extrapolationMaxMs=41.2 oldestHeld=0 zeroSpan=6 movingFrozen=0 teleport=0 visualStepAvgCm=57.63 visualStepMaxCm=111.92 estimatedHostTick=1097 renderTick=1092.472 latestSnapshotTick=1090.000 renderMinusLatestTicks=2.472 estimatedMinusLatestTicks=7.000 sampleT=2.236
[rubber-banding][large-step] time=35.298 frame=584 focused=1 entity=4 buffer=8 count=6 maxStepCm=111.92 horizontalCm=63.24 verticalCm=92.33 frameDeltaMs=201.5 renderTickDelta=12.088 fromTick=1056 toTick=1058 tickSpan=2 receivedSpanMs=0.0 t=2.048 renderOffsetMs=34.9 sourceHorizontalCm=10.54 sourceVerticalCm=18.57 fromGrounded=0 toGrounded=0 velocity=(1.496, -5.738, -2.851) expectedTravelCm=132.56 teleport=0 previous=(8.076, 1.002, 2.698) rendered=(8.382, 0.079, 2.144)
[rubber-banding][jump-step] time=35.298 frame=584 focused=1 entity=4 buffer=8 count=3 maxVerticalCm=92.33 horizontalCm=63.24 verticalCm=92.33 frameDeltaMs=201.5 renderTickDelta=12.088 fromTick=1056 toTick=1058 tickSpan=2 receivedSpanMs=0.0 t=2.048 renderOffsetMs=34.9 sourceHorizontalCm=10.54 sourceVerticalCm=18.57 fromGrounded=0 toGrounded=0 velocity=(1.496, -5.738, -2.851) expectedTravelCm=132.56 teleport=0 previous=(8.076, 1.002, 2.698) rendered=(8.382, 0.079, 2.144)
[rubber-banding][udp-pump] time=35.709 frame=586 focused=1 windowMs=1157.8 fps=5.2 packets=34 socketAvgMs=33.4 socketP95Ms=191.3 socketMaxMs=208.3 pumpAvgMs=34.1 pumpP95Ms=205.6 pumpMaxMs=205.6 queueDelayAvgMs=85.1 queueDelayP95Ms=100.1 queueDelayMaxMs=102.3 samePump=28 pumpBatchMax=6 queueDepthMax=7 frameMaxMs=205.6
[rubber-banding][local-input] time=36.357 frame=589 focused=1 host=0 room=19 world=5 authority=5 entity=2 windowMs=1059.2 updates=5 fixedCalls=53 commands=20 predictionSteps=20 noCommandUpdates=0 estimatedHostTick=1160 nextInputTick=1169 lastRecordedTick=1164 lastResolvedTick=1152 nextLead=9 recordedLead=4 unresolved=4 clamped=5 clampedTotal=62 batchesSent=403 commandsSent=1486 sendFailures=0 move=(0.00,0.00) jump=0
[rubber-banding][remote-render] time=36.357 frame=589 entity=1 latestHostTick=1152 buffer=8 windowMs=1059.2 fps=4.7 snapshots=31 arrivalSamples=31 arrivalAvgMs=34.2 arrivalP95Ms=221.6 arrivalMaxMs=224.6 sameArrival=26 tickGapMax=2 renderFrames=5 interpolation=0 extrapolation=5 extrapolationCapped=0 extrapolationMaxMs=70.0 oldestHeld=0 zeroSpan=5 movingFrozen=0 teleport=0 visualStepAvgCm=0.00 visualStepMaxCm=0.00 estimatedHostTick=1160 renderTick=1155.674 latestSnapshotTick=1152.000 renderMinusLatestTicks=3.674 estimatedMinusLatestTicks=8.000 sampleT=2.837
[rubber-banding][remote-render] time=36.357 frame=589 entity=3 latestHostTick=1152 buffer=8 windowMs=1059.2 fps=4.7 snapshots=31 arrivalSamples=31 arrivalAvgMs=34.2 arrivalP95Ms=221.6 arrivalMaxMs=224.6 sameArrival=26 tickGapMax=2 renderFrames=5 interpolation=0 extrapolation=5 extrapolationCapped=0 extrapolationMaxMs=70.0 oldestHeld=0 zeroSpan=5 movingFrozen=0 teleport=0 visualStepAvgCm=0.00 visualStepMaxCm=0.00 estimatedHostTick=1160 renderTick=1155.674 latestSnapshotTick=1152.000 renderMinusLatestTicks=3.674 estimatedMinusLatestTicks=8.000 sampleT=2.837
[rubber-banding][remote-render] time=36.357 frame=589 entity=4 latestHostTick=1152 buffer=8 windowMs=1059.2 fps=4.7 snapshots=31 arrivalSamples=31 arrivalAvgMs=34.2 arrivalP95Ms=221.6 arrivalMaxMs=224.6 sameArrival=26 tickGapMax=2 renderFrames=5 interpolation=0 extrapolation=5 extrapolationCapped=0 extrapolationMaxMs=70.0 oldestHeld=0 zeroSpan=5 movingFrozen=0 teleport=0 visualStepAvgCm=88.83 visualStepMaxCm=128.08 estimatedHostTick=1160 renderTick=1155.674 latestSnapshotTick=1152.000 renderMinusLatestTicks=3.674 estimatedMinusLatestTicks=8.000 sampleT=2.837
[rubber-banding][large-step] time=36.357 frame=589 focused=1 entity=4 buffer=8 count=4 maxStepCm=128.08 horizontalCm=86.29 verticalCm=94.66 frameDeltaMs=221.6 renderTickDelta=13.056 fromTick=1124 toTick=1126 tickSpan=2 receivedSpanMs=0.0 t=3.100 renderOffsetMs=70.0 sourceHorizontalCm=13.11 sourceVerticalCm=16.35 fromGrounded=0 toGrounded=0 velocity=(-0.278, -5.072, -3.923) expectedTravelCm=142.20 teleport=0 previous=(8.244, 1.056, -0.168) rendered=(8.183, 0.110, -1.028)
[rubber-banding][jump-step] time=36.357 frame=589 focused=1 entity=4 buffer=8 count=4 maxVerticalCm=108.94 horizontalCm=49.40 verticalCm=108.94 frameDeltaMs=205.6 renderTickDelta=12.336 fromTick=1100 toTick=1102 tickSpan=2 receivedSpanMs=0.0 t=2.404 renderOffsetMs=46.8 sourceHorizontalCm=8.89 sourceVerticalCm=10.32 fromGrounded=0 toGrounded=0 velocity=(-0.193, 2.928, -2.726) expectedTravelCm=82.36 teleport=0 previous=(8.331, 0.008, 1.066) rendered=(8.296, 1.097, 0.573)
[rubber-banding][udp-pump] time=36.780 frame=591 focused=1 windowMs=1071.4 fps=4.7 packets=31 socketAvgMs=33.6 socketP95Ms=212.4 socketMaxMs=218.6 pumpAvgMs=34.6 pumpP95Ms=221.6 pumpMaxMs=224.6 queueDelayAvgMs=122.7 queueDelayP95Ms=138.3 queueDelayMaxMs=138.3 samePump=26 pumpBatchMax=7 queueDepthMax=7 frameMaxMs=224.6
[rubber-banding][local-input] time=37.404 frame=594 focused=1 host=0 room=19 world=5 authority=5 entity=2 windowMs=1047.3 updates=5 fixedCalls=52 commands=20 predictionSteps=20 noCommandUpdates=0 estimatedHostTick=1221 nextInputTick=1230 lastRecordedTick=1226 lastResolvedTick=1214 nextLead=9 recordedLead=5 unresolved=5 clamped=5 clampedTotal=67 batchesSent=408 commandsSent=1507 sendFailures=0 move=(0.00,0.00) jump=0
[rubber-banding][remote-render] time=37.404 frame=594 entity=1 latestHostTick=1214 buffer=8 windowMs=1047.3 fps=4.8 snapshots=31 arrivalSamples=31 arrivalAvgMs=33.8 arrivalP95Ms=213.5 arrivalMaxMs=228.6 sameArrival=26 tickGapMax=2 renderFrames=5 interpolation=0 extrapolation=5 extrapolationCapped=0 extrapolationMaxMs=70.5 oldestHeld=0 zeroSpan=5 movingFrozen=0 teleport=0 visualStepAvgCm=0.00 visualStepMaxCm=0.00 estimatedHostTick=1221 renderTick=1217.073 latestSnapshotTick=1214.000 renderMinusLatestTicks=3.073 estimatedMinusLatestTicks=7.000 sampleT=2.536
[rubber-banding][remote-render] time=37.404 frame=594 entity=3 latestHostTick=1214 buffer=8 windowMs=1047.3 fps=4.8 snapshots=31 arrivalSamples=31 arrivalAvgMs=33.8 arrivalP95Ms=213.5 arrivalMaxMs=228.6 sameArrival=26 tickGapMax=2 renderFrames=5 interpolation=0 extrapolation=5 extrapolationCapped=0 extrapolationMaxMs=70.5 oldestHeld=0 zeroSpan=5 movingFrozen=0 teleport=0 visualStepAvgCm=0.00 visualStepMaxCm=0.00 estimatedHostTick=1221 renderTick=1217.073 latestSnapshotTick=1214.000 renderMinusLatestTicks=3.073 estimatedMinusLatestTicks=7.000 sampleT=2.536
[rubber-banding][remote-render] time=37.404 frame=594 entity=4 latestHostTick=1214 buffer=8 windowMs=1047.3 fps=4.8 snapshots=31 arrivalSamples=31 arrivalAvgMs=33.8 arrivalP95Ms=213.5 arrivalMaxMs=228.6 sameArrival=26 tickGapMax=2 renderFrames=5 interpolation=0 extrapolation=5 extrapolationCapped=0 extrapolationMaxMs=70.5 oldestHeld=0 zeroSpan=5 movingFrozen=0 teleport=0 visualStepAvgCm=48.38 visualStepMaxCm=104.75 estimatedHostTick=1221 renderTick=1217.073 latestSnapshotTick=1214.000 renderMinusLatestTicks=3.073 estimatedMinusLatestTicks=7.000 sampleT=2.536
[rubber-banding][large-step] time=37.404 frame=594 focused=1 entity=4 buffer=8 count=3 maxStepCm=104.75 horizontalCm=0.00 verticalCm=104.75 frameDeltaMs=197.4 renderTickDelta=11.711 fromTick=1202 toTick=1204 tickSpan=2 receivedSpanMs=0.0 t=1.600 renderOffsetMs=20.0 sourceHorizontalCm=0.00 sourceVerticalCm=9.21 fromGrounded=0 toGrounded=0 velocity=(0.000, 2.595, 0.000) expectedTravelCm=51.22 teleport=0 previous=(8.168, 0.008, -1.241) rendered=(8.168, 1.055, -1.241)
[rubber-banding][jump-step] time=37.404 frame=594 focused=1 entity=4 buffer=8 count=4 maxVerticalCm=104.75 horizontalCm=0.00 verticalCm=104.75 frameDeltaMs=197.4 renderTickDelta=11.711 fromTick=1202 toTick=1204 tickSpan=2 receivedSpanMs=0.0 t=1.600 renderOffsetMs=20.0 sourceHorizontalCm=0.00 sourceVerticalCm=9.21 fromGrounded=0 toGrounded=0 velocity=(0.000, 2.595, 0.000) expectedTravelCm=51.22 teleport=0 previous=(8.168, 0.008, -1.241) rendered=(8.168, 1.055, -1.241)
[rubber-banding][udp-pump] time=37.866 frame=596 focused=1 windowMs=1085.9 fps=4.6 packets=32 socketAvgMs=32.9 socketP95Ms=219.3 socketMaxMs=219.6 pumpAvgMs=33.9 pumpP95Ms=228.6 pumpMaxMs=235.2 queueDelayAvgMs=139.4 queueDelayP95Ms=161.4 queueDelayMaxMs=165.4 samePump=27 pumpBatchMax=7 queueDepthMax=7 frameMaxMs=235.2
[rubber-banding][local-input] time=38.499 frame=599 focused=1 host=0 room=19 world=5 authority=5 entity=2 windowMs=1094.5 updates=5 fixedCalls=55 commands=20 predictionSteps=20 noCommandUpdates=0 estimatedHostTick=1285 nextInputTick=1294 lastRecordedTick=1290 lastResolvedTick=1278 nextLead=9 recordedLead=5 unresolved=4 clamped=5 clampedTotal=72 batchesSent=413 commandsSent=1527 sendFailures=0 move=(0.00,0.00) jump=0
[rubber-banding][remote-render] time=38.499 frame=599 entity=1 latestHostTick=1278 buffer=8 windowMs=1094.5 fps=4.6 snapshots=32 arrivalSamples=32 arrivalAvgMs=34.2 arrivalP95Ms=226.8 arrivalMaxMs=235.2 sameArrival=27 tickGapMax=2 renderFrames=5 interpolation=0 extrapolation=5 extrapolationCapped=0 extrapolationMaxMs=70.4 oldestHeld=0 zeroSpan=5 movingFrozen=0 teleport=0 visualStepAvgCm=0.00 visualStepMaxCm=0.00 estimatedHostTick=1285 renderTick=1281.200 latestSnapshotTick=1278.000 renderMinusLatestTicks=3.200 estimatedMinusLatestTicks=7.000 sampleT=2.600
[rubber-banding][remote-render] time=38.499 frame=599 entity=3 latestHostTick=1278 buffer=8 windowMs=1094.5 fps=4.6 snapshots=32 arrivalSamples=32 arrivalAvgMs=34.2 arrivalP95Ms=226.8 arrivalMaxMs=235.2 sameArrival=27 tickGapMax=2 renderFrames=5 interpolation=0 extrapolation=5 extrapolationCapped=0 extrapolationMaxMs=70.4 oldestHeld=0 zeroSpan=5 movingFrozen=0 teleport=0 visualStepAvgCm=0.00 visualStepMaxCm=0.00 estimatedHostTick=1285 renderTick=1281.200 latestSnapshotTick=1278.000 renderMinusLatestTicks=3.200 estimatedMinusLatestTicks=7.000 sampleT=2.600
[rubber-banding][remote-render] time=38.499 frame=599 entity=4 latestHostTick=1278 buffer=8 windowMs=1094.5 fps=4.6 snapshots=32 arrivalSamples=32 arrivalAvgMs=34.2 arrivalP95Ms=226.8 arrivalMaxMs=235.2 sameArrival=27 tickGapMax=2 renderFrames=5 interpolation=0 extrapolation=5 extrapolationCapped=0 extrapolationMaxMs=70.4 oldestHeld=0 zeroSpan=5 movingFrozen=0 teleport=0 visualStepAvgCm=80.84 visualStepMaxCm=135.14 estimatedHostTick=1285 renderTick=1281.200 latestSnapshotTick=1278.000 renderMinusLatestTicks=3.200 estimatedMinusLatestTicks=7.000 sampleT=2.600
[rubber-banding][large-step] time=38.499 frame=599 focused=1 entity=4 buffer=8 count=5 maxStepCm=135.14 horizontalCm=82.55 verticalCm=107.00 frameDeltaMs=209.3 renderTickDelta=12.260 fromTick=1276 toTick=1278 tickSpan=2 receivedSpanMs=0.0 t=2.600 renderOffsetMs=53.3 sourceHorizontalCm=13.33 sourceVerticalCm=19.68 fromGrounded=0 toGrounded=0 velocity=(3.990, -6.072, -0.283) expectedTravelCm=152.19 teleport=0 previous=(9.426, 0.924, -1.331) rendered=(10.249, -0.146, -1.389)
[rubber-banding][jump-step] time=38.499 frame=599 focused=1 entity=4 buffer=8 count=5 maxVerticalCm=107.00 horizontalCm=82.55 verticalCm=107.00 frameDeltaMs=209.3 renderTickDelta=12.260 fromTick=1276 toTick=1278 tickSpan=2 receivedSpanMs=0.0 t=2.600 renderOffsetMs=53.3 sourceHorizontalCm=13.33 sourceVerticalCm=19.68 fromGrounded=0 toGrounded=0 velocity=(3.990, -6.072, -0.283) expectedTravelCm=152.19 teleport=0 previous=(9.426, 0.924, -1.331) rendered=(10.249, -0.146, -1.389)
[rubber-banding][udp-pump] time=38.882 frame=601 focused=1 windowMs=1015.7 fps=4.9 packets=31 socketAvgMs=33.3 socketP95Ms=209.8 socketMaxMs=210.4 pumpAvgMs=32.8 pumpP95Ms=210.9 pumpMaxMs=212.3 queueDelayAvgMs=149.5 queueDelayP95Ms=160.1 queueDelayMaxMs=161.6 samePump=26 pumpBatchMax=7 queueDepthMax=7 frameMaxMs=212.3
[rubber-banding][local-input] time=39.606 frame=605 focused=1 host=0 room=19 world=5 authority=5 entity=2 windowMs=1107.4 updates=6 fixedCalls=55 commands=24 predictionSteps=24 noCommandUpdates=0 estimatedHostTick=1350 nextInputTick=1358 lastRecordedTick=1358 lastResolvedTick=1346 nextLead=8 recordedLead=8 unresolved=5 clamped=4 clampedTotal=76 batchesSent=419 commandsSent=1552 sendFailures=0 move=(0.00,0.00) jump=0
[rubber-banding][remote-render] time=39.606 frame=605 entity=1 latestHostTick=1346 buffer=8 windowMs=1107.4 fps=5.4 snapshots=34 arrivalSamples=34 arrivalAvgMs=32.6 arrivalP95Ms=195.1 arrivalMaxMs=212.3 sameArrival=28 tickGapMax=2 renderFrames=6 interpolation=1 extrapolation=5 extrapolationCapped=0 extrapolationMaxMs=36.1 oldestHeld=0 zeroSpan=6 movingFrozen=0 teleport=0 visualStepAvgCm=0.00 visualStepMaxCm=0.00 estimatedHostTick=1350 renderTick=1346.220 latestSnapshotTick=1346.000 renderMinusLatestTicks=0.220 estimatedMinusLatestTicks=4.000 sampleT=1.110
[rubber-banding][remote-render] time=39.606 frame=605 entity=3 latestHostTick=1346 buffer=8 windowMs=1107.4 fps=5.4 snapshots=34 arrivalSamples=34 arrivalAvgMs=32.6 arrivalP95Ms=195.1 arrivalMaxMs=212.3 sameArrival=28 tickGapMax=2 renderFrames=6 interpolation=1 extrapolation=5 extrapolationCapped=0 extrapolationMaxMs=36.1 oldestHeld=0 zeroSpan=6 movingFrozen=0 teleport=0 visualStepAvgCm=0.00 visualStepMaxCm=0.00 estimatedHostTick=1350 renderTick=1346.220 latestSnapshotTick=1346.000 renderMinusLatestTicks=0.220 estimatedMinusLatestTicks=4.000 sampleT=1.110
[rubber-banding][remote-render] time=39.606 frame=605 entity=4 latestHostTick=1346 buffer=8 windowMs=1107.4 fps=5.4 snapshots=34 arrivalSamples=34 arrivalAvgMs=32.6 arrivalP95Ms=195.1 arrivalMaxMs=212.3 sameArrival=28 tickGapMax=2 renderFrames=6 interpolation=1 extrapolation=5 extrapolationCapped=0 extrapolationMaxMs=36.1 oldestHeld=0 zeroSpan=6 movingFrozen=0 teleport=0 visualStepAvgCm=47.52 visualStepMaxCm=74.33 estimatedHostTick=1350 renderTick=1346.220 latestSnapshotTick=1346.000 renderMinusLatestTicks=0.220 estimatedMinusLatestTicks=4.000 sampleT=1.110
[rubber-banding][large-step] time=39.606 frame=605 focused=1 entity=4 buffer=8 count=6 maxStepCm=74.33 horizontalCm=72.73 verticalCm=15.38 frameDeltaMs=188.1 renderTickDelta=10.909 fromTick=1288 toTick=1290 tickSpan=2 receivedSpanMs=0.0 t=2.054 renderOffsetMs=35.1 sourceHorizontalCm=13.33 sourceVerticalCm=0.00 fromGrounded=1 toGrounded=1 velocity=(3.990, -2.333, -0.283) expectedTravelCm=87.10 teleport=0 previous=(10.249, -0.146, -1.389) rendered=(10.975, 0.008, -1.440)
[rubber-banding][jump-step] time=39.606 frame=605 focused=1 entity=4 buffer=8 count=1 maxVerticalCm=15.38 horizontalCm=72.73 verticalCm=15.38 frameDeltaMs=188.1 renderTickDelta=10.909 fromTick=1288 toTick=1290 tickSpan=2 receivedSpanMs=0.0 t=2.054 renderOffsetMs=35.1 sourceHorizontalCm=13.33 sourceVerticalCm=0.00 fromGrounded=1 toGrounded=1 velocity=(3.990, -2.333, -0.283) expectedTravelCm=87.10 teleport=0 previous=(10.249, -0.146, -1.389) rendered=(10.975, 0.008, -1.440)
[rubber-banding][udp-pump] time=40.000 frame=607 focused=1 windowMs=1117.9 fps=5.4 packets=33 socketAvgMs=33.6 socketP95Ms=193.3 socketMaxMs=195.9 pumpAvgMs=33.9 pumpP95Ms=208.8 pumpMaxMs=212.3 queueDelayAvgMs=141.0 queueDelayP95Ms=166.1 queueDelayMaxMs=167.6 samePump=27 pumpBatchMax=6 queueDepthMax=6 frameMaxMs=212.3
[rubber-banding][local-input] time=40.621 frame=610 focused=1 host=0 room=19 world=5 authority=5 entity=2 windowMs=1014.4 updates=5 fixedCalls=51 commands=20 predictionSteps=20 noCommandUpdates=0 estimatedHostTick=1412 nextInputTick=1420 lastRecordedTick=1416 lastResolvedTick=1404 nextLead=8 recordedLead=4 unresolved=5 clamped=5 clampedTotal=81 batchesSent=424 commandsSent=1574 sendFailures=0 move=(0.00,0.00) jump=0
[rubber-banding][remote-render] time=40.621 frame=610 entity=1 latestHostTick=1404 buffer=8 windowMs=1014.4 fps=4.9 snapshots=29 arrivalSamples=29 arrivalAvgMs=35.0 arrivalP95Ms=208.8 arrivalMaxMs=218.0 sameArrival=24 tickGapMax=2 renderFrames=5 interpolation=0 extrapolation=5 extrapolationCapped=0 extrapolationMaxMs=51.4 oldestHeld=0 zeroSpan=5 movingFrozen=0 teleport=0 visualStepAvgCm=0.00 visualStepMaxCm=0.00 estimatedHostTick=1412 renderTick=1407.083 latestSnapshotTick=1404.000 renderMinusLatestTicks=3.083 estimatedMinusLatestTicks=8.000 sampleT=2.541
[rubber-banding][remote-render] time=40.621 frame=610 entity=3 latestHostTick=1404 buffer=8 windowMs=1014.4 fps=4.9 snapshots=29 arrivalSamples=29 arrivalAvgMs=35.0 arrivalP95Ms=208.8 arrivalMaxMs=218.0 sameArrival=24 tickGapMax=2 renderFrames=5 interpolation=0 extrapolation=5 extrapolationCapped=0 extrapolationMaxMs=51.4 oldestHeld=0 zeroSpan=5 movingFrozen=0 teleport=0 visualStepAvgCm=0.00 visualStepMaxCm=0.00 estimatedHostTick=1412 renderTick=1407.083 latestSnapshotTick=1404.000 renderMinusLatestTicks=3.083 estimatedMinusLatestTicks=8.000 sampleT=2.541
[rubber-banding][remote-render] time=40.621 frame=610 entity=4 latestHostTick=1404 buffer=8 windowMs=1014.4 fps=4.9 snapshots=29 arrivalSamples=29 arrivalAvgMs=35.0 arrivalP95Ms=208.8 arrivalMaxMs=218.0 sameArrival=24 tickGapMax=2 renderFrames=5 interpolation=0 extrapolation=5 extrapolationCapped=0 extrapolationMaxMs=51.4 oldestHeld=0 zeroSpan=5 movingFrozen=0 teleport=0 visualStepAvgCm=69.10 visualStepMaxCm=78.85 estimatedHostTick=1412 renderTick=1407.083 latestSnapshotTick=1404.000 renderMinusLatestTicks=3.083 estimatedMinusLatestTicks=8.000 sampleT=2.541
[rubber-banding][large-step] time=40.621 frame=610 focused=1 entity=4 buffer=8 count=5 maxStepCm=78.85 horizontalCm=78.85 verticalCm=0.00 frameDeltaMs=203.2 renderTickDelta=12.194 fromTick=1402 toTick=1404 tickSpan=2 receivedSpanMs=0.0 t=2.541 renderOffsetMs=51.4 sourceHorizontalCm=13.22 sourceVerticalCm=0.00 fromGrounded=1 toGrounded=1 velocity=(-3.990, -2.333, 0.283) expectedTravelCm=94.12 teleport=0 previous=(8.748, 0.008, -1.283) rendered=(7.962, 0.008, -1.227)
[rubber-banding][udp-pump] time=41.009 frame=612 focused=1 windowMs=1009.6 fps=5.0 packets=31 socketAvgMs=33.0 socketP95Ms=203.1 socketMaxMs=214.9 pumpAvgMs=32.6 pumpP95Ms=203.6 pumpMaxMs=218.0 queueDelayAvgMs=160.5 queueDelayP95Ms=181.2 queueDelayMaxMs=182.2 samePump=26 pumpBatchMax=7 queueDepthMax=8 frameMaxMs=218.0
[rubber-banding][local-input] time=41.682 frame=616 focused=1 host=0 room=19 world=5 authority=5 entity=2 windowMs=1061.0 updates=6 fixedCalls=53 commands=24 predictionSteps=24 noCommandUpdates=0 estimatedHostTick=1475 nextInputTick=1484 lastRecordedTick=1482 lastResolvedTick=1470 nextLead=9 recordedLead=7 unresolved=5 clamped=6 clampedTotal=87 batchesSent=430 commandsSent=1601 sendFailures=0 move=(0.00,0.00) jump=0
[rubber-banding][remote-render] time=41.682 frame=616 entity=1 latestHostTick=1470 buffer=8 windowMs=1061.0 fps=5.7 snapshots=33 arrivalSamples=33 arrivalAvgMs=32.2 arrivalP95Ms=185.3 arrivalMaxMs=203.6 sameArrival=27 tickGapMax=2 renderFrames=6 interpolation=1 extrapolation=5 extrapolationCapped=0 extrapolationMaxMs=24.0 oldestHeld=0 zeroSpan=6 movingFrozen=0 teleport=0 visualStepAvgCm=0.00 visualStepMaxCm=0.00 estimatedHostTick=1475 renderTick=1470.744 latestSnapshotTick=1470.000 renderMinusLatestTicks=0.744 estimatedMinusLatestTicks=5.000 sampleT=1.372
[rubber-banding][remote-render] time=41.682 frame=616 entity=3 latestHostTick=1470 buffer=8 windowMs=1061.0 fps=5.7 snapshots=33 arrivalSamples=33 arrivalAvgMs=32.2 arrivalP95Ms=185.3 arrivalMaxMs=203.6 sameArrival=27 tickGapMax=2 renderFrames=6 interpolation=1 extrapolation=5 extrapolationCapped=0 extrapolationMaxMs=24.0 oldestHeld=0 zeroSpan=6 movingFrozen=0 teleport=0 visualStepAvgCm=0.00 visualStepMaxCm=0.00 estimatedHostTick=1475 renderTick=1470.744 latestSnapshotTick=1470.000 renderMinusLatestTicks=0.744 estimatedMinusLatestTicks=5.000 sampleT=1.372
[rubber-banding][remote-render] time=41.682 frame=616 entity=4 latestHostTick=1470 buffer=8 windowMs=1061.0 fps=5.7 snapshots=33 arrivalSamples=33 arrivalAvgMs=32.2 arrivalP95Ms=185.3 arrivalMaxMs=203.6 sameArrival=27 tickGapMax=2 renderFrames=6 interpolation=1 extrapolation=5 extrapolationCapped=0 extrapolationMaxMs=24.0 oldestHeld=0 zeroSpan=6 movingFrozen=0 teleport=0 visualStepAvgCm=67.88 visualStepMaxCm=81.45 estimatedHostTick=1475 renderTick=1470.744 latestSnapshotTick=1470.000 renderMinusLatestTicks=0.744 estimatedMinusLatestTicks=5.000 sampleT=1.372
[rubber-banding][large-step] time=41.682 frame=616 focused=1 entity=4 buffer=8 count=6 maxStepCm=81.45 horizontalCm=81.45 verticalCm=0.00 frameDeltaMs=203.6 renderTickDelta=12.218 fromTick=1416 toTick=1418 tickSpan=2 receivedSpanMs=0.0 t=1.650 renderOffsetMs=21.7 sourceHorizontalCm=13.33 sourceVerticalCm=0.00 fromGrounded=1 toGrounded=1 velocity=(-3.990, -2.333, 0.283) expectedTravelCm=94.30 teleport=0 previous=(7.962, 0.008, -1.227) rendered=(7.149, 0.008, -1.169)
[rubber-banding][udp-pump] time=42.136 frame=619 focused=1 windowMs=1126.9 fps=6.2 packets=34 socketAvgMs=33.2 socketP95Ms=162.9 socketMaxMs=188.8 pumpAvgMs=33.1 pumpP95Ms=178.0 pumpMaxMs=183.7 queueDelayAvgMs=129.0 queueDelayP95Ms=154.1 queueDelayMaxMs=155.3 samePump=27 pumpBatchMax=6 queueDepthMax=6 frameMaxMs=183.7
[rubber-banding][local-input] time=42.759 frame=623 focused=1 host=0 room=19 world=5 authority=5 entity=2 windowMs=1077.1 updates=7 fixedCalls=54 commands=28 predictionSteps=28 noCommandUpdates=0 estimatedHostTick=1541 nextInputTick=1547 lastRecordedTick=1546 lastResolvedTick=1534 nextLead=6 recordedLead=5 unresolved=5 clamped=2 clampedTotal=89 batchesSent=437 commandsSent=1635 sendFailures=0 move=(0.00,0.00) jump=0
[rubber-banding][remote-render] time=42.759 frame=623 entity=1 latestHostTick=1534 buffer=8 windowMs=1077.1 fps=6.5 snapshots=32 arrivalSamples=32 arrivalAvgMs=33.7 arrivalP95Ms=163.7 arrivalMaxMs=164.4 sameArrival=25 tickGapMax=2 renderFrames=7 interpolation=4 extrapolation=3 extrapolationCapped=0 extrapolationMaxMs=26.6 oldestHeld=0 zeroSpan=7 movingFrozen=0 teleport=0 visualStepAvgCm=0.00 visualStepMaxCm=0.00 estimatedHostTick=1541 renderTick=1535.597 latestSnapshotTick=1534.000 renderMinusLatestTicks=1.597 estimatedMinusLatestTicks=7.000 sampleT=1.798
[rubber-banding][remote-render] time=42.759 frame=623 entity=3 latestHostTick=1534 buffer=8 windowMs=1077.1 fps=6.5 snapshots=32 arrivalSamples=32 arrivalAvgMs=33.7 arrivalP95Ms=163.7 arrivalMaxMs=164.4 sameArrival=25 tickGapMax=2 renderFrames=7 interpolation=4 extrapolation=3 extrapolationCapped=0 extrapolationMaxMs=26.6 oldestHeld=0 zeroSpan=7 movingFrozen=0 teleport=0 visualStepAvgCm=0.00 visualStepMaxCm=0.00 estimatedHostTick=1541 renderTick=1535.597 latestSnapshotTick=1534.000 renderMinusLatestTicks=1.597 estimatedMinusLatestTicks=7.000 sampleT=1.798
[rubber-banding][remote-render] time=42.759 frame=623 entity=4 latestHostTick=1534 buffer=8 windowMs=1077.1 fps=6.5 snapshots=32 arrivalSamples=32 arrivalAvgMs=33.7 arrivalP95Ms=163.7 arrivalMaxMs=164.4 sameArrival=25 tickGapMax=2 renderFrames=7 interpolation=4 extrapolation=3 extrapolationCapped=0 extrapolationMaxMs=26.6 oldestHeld=0 zeroSpan=7 movingFrozen=0 teleport=0 visualStepAvgCm=60.60 visualStepMaxCm=65.47 estimatedHostTick=1541 renderTick=1535.597 latestSnapshotTick=1534.000 renderMinusLatestTicks=1.597 estimatedMinusLatestTicks=7.000 sampleT=1.798
[rubber-banding][large-step] time=42.759 frame=623 focused=1 entity=4 buffer=8 count=7 maxStepCm=65.47 horizontalCm=65.47 verticalCm=0.00 frameDeltaMs=163.7 renderTickDelta=9.820 fromTick=1532 toTick=1534 tickSpan=2 receivedSpanMs=0.0 t=1.798 renderOffsetMs=26.6 sourceHorizontalCm=13.33 sourceVerticalCm=0.00 fromGrounded=1 toGrounded=1 velocity=(0.283, -2.333, 3.990) expectedTravelCm=75.79 teleport=0 previous=(4.402, 0.008, -0.236) rendered=(4.449, 0.008, 0.417)
[rubber-banding][udp-pump] time=43.265 frame=626 focused=1 windowMs=1128.4 fps=6.2 packets=34 socketAvgMs=33.8 socketP95Ms=178.8 socketMaxMs=184.1 pumpAvgMs=33.2 pumpP95Ms=163.7 pumpMaxMs=186.8 queueDelayAvgMs=135.7 queueDelayP95Ms=155.4 queueDelayMaxMs=155.7 samePump=27 pumpBatchMax=6 queueDepthMax=6 frameMaxMs=186.8
[rubber-banding][local-input] time=43.842 frame=629 focused=1 host=0 room=19 world=5 authority=5 entity=2 windowMs=1083.3 updates=6 fixedCalls=54 commands=24 predictionSteps=24 noCommandUpdates=0 estimatedHostTick=1604 nextInputTick=1611 lastRecordedTick=1611 lastResolvedTick=1600 nextLead=7 recordedLead=7 unresolved=4 clamped=1 clampedTotal=90 batchesSent=443 commandsSent=1661 sendFailures=0 move=(0.00,0.00) jump=0
[rubber-banding][remote-render] time=43.842 frame=629 entity=1 latestHostTick=1600 buffer=8 windowMs=1083.3 fps=5.5 snapshots=33 arrivalSamples=33 arrivalAvgMs=32.8 arrivalP95Ms=192.7 arrivalMaxMs=216.0 sameArrival=27 tickGapMax=2 renderFrames=6 interpolation=4 extrapolation=2 extrapolationCapped=0 extrapolationMaxMs=35.7 oldestHeld=0 zeroSpan=6 movingFrozen=0 teleport=0 visualStepAvgCm=0.00 visualStepMaxCm=0.00 estimatedHostTick=1604 renderTick=1599.722 latestSnapshotTick=1600.000 renderMinusLatestTicks=-0.278 estimatedMinusLatestTicks=4.000 sampleT=0.861
[rubber-banding][remote-render] time=43.842 frame=629 entity=3 latestHostTick=1600 buffer=8 windowMs=1083.3 fps=5.5 snapshots=33 arrivalSamples=33 arrivalAvgMs=32.8 arrivalP95Ms=192.7 arrivalMaxMs=216.0 sameArrival=27 tickGapMax=2 renderFrames=6 interpolation=4 extrapolation=2 extrapolationCapped=0 extrapolationMaxMs=35.7 oldestHeld=0 zeroSpan=6 movingFrozen=0 teleport=0 visualStepAvgCm=0.00 visualStepMaxCm=0.00 estimatedHostTick=1604 renderTick=1599.722 latestSnapshotTick=1600.000 renderMinusLatestTicks=-0.278 estimatedMinusLatestTicks=4.000 sampleT=0.861
[rubber-banding][remote-render] time=43.842 frame=629 entity=4 latestHostTick=1600 buffer=8 windowMs=1083.3 fps=5.5 snapshots=33 arrivalSamples=33 arrivalAvgMs=32.8 arrivalP95Ms=192.7 arrivalMaxMs=216.0 sameArrival=27 tickGapMax=2 renderFrames=6 interpolation=4 extrapolation=2 extrapolationCapped=0 extrapolationMaxMs=35.7 oldestHeld=0 zeroSpan=6 movingFrozen=0 teleport=0 visualStepAvgCm=57.12 visualStepMaxCm=74.65 estimatedHostTick=1604 renderTick=1599.722 latestSnapshotTick=1600.000 renderMinusLatestTicks=-0.278 estimatedMinusLatestTicks=4.000 sampleT=0.861
[rubber-banding][large-step] time=43.842 frame=629 focused=1 entity=4 buffer=8 count=5 maxStepCm=74.65 horizontalCm=74.65 verticalCm=0.00 frameDeltaMs=186.8 renderTickDelta=11.205 fromTick=1552 toTick=1554 tickSpan=2 receivedSpanMs=0.0 t=2.072 renderOffsetMs=35.7 sourceHorizontalCm=13.32 sourceVerticalCm=0.00 fromGrounded=1 toGrounded=1 velocity=(-2.614, -2.333, 3.024) expectedTravelCm=86.44 teleport=0 previous=(4.158, 0.008, 0.926) rendered=(3.669, 0.008, 1.491)
[rubber-banding][udp-pump] time=44.360 frame=632 focused=1 windowMs=1095.0 fps=5.5 packets=33 socketAvgMs=32.8 socketP95Ms=185.0 socketMaxMs=197.9 pumpAvgMs=33.2 pumpP95Ms=192.7 pumpMaxMs=216.0 queueDelayAvgMs=124.9 queueDelayP95Ms=152.7 queueDelayMaxMs=155.2 samePump=27 pumpBatchMax=6 queueDepthMax=7 frameMaxMs=216.0
[rubber-banding][local-input] time=44.845 frame=635 focused=1 host=0 room=19 world=5 authority=5 entity=2 windowMs=1002.8 updates=6 fixedCalls=50 commands=24 predictionSteps=24 noCommandUpdates=0 estimatedHostTick=1667 nextInputTick=1675 lastRecordedTick=1672 lastResolvedTick=1660 nextLead=8 recordedLead=5 unresolved=5 clamped=6 clampedTotal=96 batchesSent=449 commandsSent=1690 sendFailures=0 move=(0.00,0.00) jump=0
[rubber-banding][remote-render] time=44.845 frame=635 entity=1 latestHostTick=1660 buffer=8 windowMs=1002.8 fps=6.0 snapshots=30 arrivalSamples=30 arrivalAvgMs=33.4 arrivalP95Ms=171.5 arrivalMaxMs=181.0 sameArrival=24 tickGapMax=2 renderFrames=6 interpolation=4 extrapolation=2 extrapolationCapped=0 extrapolationMaxMs=20.0 oldestHeld=0 zeroSpan=6 movingFrozen=0 teleport=0 visualStepAvgCm=0.00 visualStepMaxCm=0.00 estimatedHostTick=1667 renderTick=1661.100 latestSnapshotTick=1660.000 renderMinusLatestTicks=1.100 estimatedMinusLatestTicks=7.000 sampleT=1.550
[rubber-banding][remote-render] time=44.845 frame=635 entity=3 latestHostTick=1660 buffer=8 windowMs=1002.8 fps=6.0 snapshots=30 arrivalSamples=30 arrivalAvgMs=33.4 arrivalP95Ms=171.5 arrivalMaxMs=181.0 sameArrival=24 tickGapMax=2 renderFrames=6 interpolation=4 extrapolation=2 extrapolationCapped=0 extrapolationMaxMs=20.0 oldestHeld=0 zeroSpan=6 movingFrozen=0 teleport=0 visualStepAvgCm=0.00 visualStepMaxCm=0.00 estimatedHostTick=1667 renderTick=1661.100 latestSnapshotTick=1660.000 renderMinusLatestTicks=1.100 estimatedMinusLatestTicks=7.000 sampleT=1.550
[rubber-banding][remote-render] time=44.845 frame=635 entity=4 latestHostTick=1660 buffer=8 windowMs=1002.8 fps=6.0 snapshots=30 arrivalSamples=30 arrivalAvgMs=33.4 arrivalP95Ms=171.5 arrivalMaxMs=181.0 sameArrival=24 tickGapMax=2 renderFrames=6 interpolation=4 extrapolation=2 extrapolationCapped=0 extrapolationMaxMs=20.0 oldestHeld=0 zeroSpan=6 movingFrozen=0 teleport=0 visualStepAvgCm=49.01 visualStepMaxCm=73.93 estimatedHostTick=1667 renderTick=1661.100 latestSnapshotTick=1660.000 renderMinusLatestTicks=1.100 estimatedMinusLatestTicks=7.000 sampleT=1.550
[rubber-banding][large-step] time=44.845 frame=635 focused=1 entity=4 buffer=8 count=6 maxStepCm=73.93 horizontalCm=22.12 verticalCm=70.55 frameDeltaMs=181.0 renderTickDelta=11.221 fromTick=1620 toTick=1622 tickSpan=2 receivedSpanMs=0.0 t=0.787 renderOffsetMs=-7.1 sourceHorizontalCm=4.89 sourceVerticalCm=6.98 fromGrounded=0 toGrounded=0 velocity=(-0.108, 1.928, -1.529) expectedTravelCm=44.58 teleport=0 previous=(1.769, 0.353, 1.188) rendered=(1.753, 1.059, 0.967)
[rubber-banding][jump-step] time=44.845 frame=635 focused=1 entity=4 buffer=8 count=5 maxVerticalCm=70.55 horizontalCm=22.12 verticalCm=70.55 frameDeltaMs=181.0 renderTickDelta=11.221 fromTick=1620 toTick=1622 tickSpan=2 receivedSpanMs=0.0 t=0.787 renderOffsetMs=-7.1 sourceHorizontalCm=4.89 sourceVerticalCm=6.98 fromGrounded=0 toGrounded=0 velocity=(-0.108, 1.928, -1.529) expectedTravelCm=44.58 teleport=0 previous=(1.769, 0.353, 1.188) rendered=(1.753, 1.059, 0.967)
[rubber-banding][udp-pump] time=45.488 frame=639 focused=1 windowMs=1128.6 fps=6.2 packets=35 socketAvgMs=35.8 socketP95Ms=153.6 socketMaxMs=157.3 pumpAvgMs=32.2 pumpP95Ms=165.3 pumpMaxMs=179.5 queueDelayAvgMs=101.3 queueDelayP95Ms=172.1 queueDelayMaxMs=174.1 samePump=28 pumpBatchMax=10 queueDepthMax=10 frameMaxMs=179.5
[rubber-banding][local-input] time=45.873 frame=641 focused=1 host=0 room=19 world=5 authority=5 entity=2 windowMs=1028.5 updates=6 fixedCalls=51 commands=22 predictionSteps=22 noCommandUpdates=0 estimatedHostTick=1726 nextInputTick=1733 lastRecordedTick=1733 lastResolvedTick=1728 nextLead=7 recordedLead=7 unresolved=4 clamped=0 clampedTotal=96 batchesSent=455 commandsSent=1713 sendFailures=0 move=(0.00,0.00) jump=0
[rubber-banding][remote-render] time=45.873 frame=641 entity=1 latestHostTick=1728 buffer=8 windowMs=1028.5 fps=5.8 snapshots=32 arrivalSamples=32 arrivalAvgMs=32.1 arrivalP95Ms=188.5 arrivalMaxMs=196.5 sameArrival=26 tickGapMax=6 renderFrames=6 interpolation=5 extrapolation=1 extrapolationCapped=0 extrapolationMaxMs=32.4 oldestHeld=0 zeroSpan=6 movingFrozen=0 teleport=0 visualStepAvgCm=0.00 visualStepMaxCm=0.00 estimatedHostTick=1726 renderTick=1721.680 latestSnapshotTick=1728.000 renderMinusLatestTicks=-6.320 estimatedMinusLatestTicks=-2.000 sampleT=0.840
[rubber-banding][remote-render] time=45.873 frame=641 entity=3 latestHostTick=1728 buffer=8 windowMs=1028.5 fps=5.8 snapshots=32 arrivalSamples=32 arrivalAvgMs=32.1 arrivalP95Ms=188.5 arrivalMaxMs=196.5 sameArrival=26 tickGapMax=6 renderFrames=6 interpolation=5 extrapolation=1 extrapolationCapped=0 extrapolationMaxMs=32.4 oldestHeld=0 zeroSpan=6 movingFrozen=0 teleport=0 visualStepAvgCm=0.00 visualStepMaxCm=0.00 estimatedHostTick=1726 renderTick=1721.680 latestSnapshotTick=1728.000 renderMinusLatestTicks=-6.320 estimatedMinusLatestTicks=-2.000 sampleT=0.840
[rubber-banding][remote-render] time=45.873 frame=641 entity=4 latestHostTick=1728 buffer=8 windowMs=1028.5 fps=5.8 snapshots=32 arrivalSamples=32 arrivalAvgMs=32.1 arrivalP95Ms=188.5 arrivalMaxMs=196.5 sameArrival=26 tickGapMax=6 renderFrames=6 interpolation=5 extrapolation=1 extrapolationCapped=0 extrapolationMaxMs=32.4 oldestHeld=0 zeroSpan=6 movingFrozen=0 teleport=0 visualStepAvgCm=50.09 visualStepMaxCm=77.76 estimatedHostTick=1726 renderTick=1721.680 latestSnapshotTick=1728.000 renderMinusLatestTicks=-6.320 estimatedMinusLatestTicks=-2.000 sampleT=0.840
[rubber-banding][large-step] time=45.873 frame=641 focused=1 entity=4 buffer=8 count=5 maxStepCm=77.76 horizontalCm=0.00 verticalCm=77.76 frameDeltaMs=196.5 renderTickDelta=11.398 fromTick=1710 toTick=1712 tickSpan=2 receivedSpanMs=0.0 t=0.184 renderOffsetMs=-27.2 sourceHorizontalCm=0.00 sourceVerticalCm=11.43 fromGrounded=0 toGrounded=0 velocity=(0.000, 3.262, 0.000) expectedTravelCm=64.10 teleport=0 previous=(1.695, 0.041, 0.154) rendered=(1.695, 0.818, 0.154)
[rubber-banding][jump-step] time=45.873 frame=641 focused=1 entity=4 buffer=8 count=6 maxVerticalCm=77.76 horizontalCm=0.00 verticalCm=77.76 frameDeltaMs=196.5 renderTickDelta=11.398 fromTick=1710 toTick=1712 tickSpan=2 receivedSpanMs=0.0 t=0.184 renderOffsetMs=-27.2 sourceHorizontalCm=0.00 sourceVerticalCm=11.43 fromGrounded=0 toGrounded=0 velocity=(0.000, 3.262, 0.000) expectedTravelCm=64.10 teleport=0 previous=(1.695, 0.041, 0.154) rendered=(1.695, 0.818, 0.154)
[rubber-banding][udp-pump] time=46.598 frame=645 focused=1 windowMs=1110.2 fps=5.4 packets=35 socketAvgMs=31.7 socketP95Ms=176.6 socketMaxMs=196.1 pumpAvgMs=31.7 pumpP95Ms=196.5 pumpMaxMs=197.2 queueDelayAvgMs=29.9 queueDelayP95Ms=187.3 queueDelayMaxMs=193.8 samePump=29 pumpBatchMax=8 queueDepthMax=8 frameMaxMs=197.2
[rubber-banding][local-input] time=46.946 frame=647 focused=1 host=0 room=19 world=5 authority=5 entity=2 windowMs=1072.3 updates=6 fixedCalls=54 commands=24 predictionSteps=24 noCommandUpdates=0 estimatedHostTick=1799 nextInputTick=1806 lastRecordedTick=1806 lastResolvedTick=1794 nextLead=7 recordedLead=7 unresolved=5 clamped=4 clampedTotal=100 batchesSent=461 commandsSent=1740 sendFailures=0 move=(0.00,0.00) jump=0
[rubber-banding][remote-render] time=46.946 frame=647 entity=1 latestHostTick=1794 buffer=8 windowMs=1072.3 fps=5.6 snapshots=33 arrivalSamples=33 arrivalAvgMs=32.5 arrivalP95Ms=192.8 arrivalMaxMs=197.2 sameArrival=27 tickGapMax=2 renderFrames=6 interpolation=6 extrapolation=0 extrapolationCapped=0 extrapolationMaxMs=0.0 oldestHeld=0 zeroSpan=6 movingFrozen=0 teleport=0 visualStepAvgCm=0.00 visualStepMaxCm=0.00 estimatedHostTick=1799 renderTick=1788.162 latestSnapshotTick=1794.000 renderMinusLatestTicks=-5.838 estimatedMinusLatestTicks=5.000 sampleT=0.081
[rubber-banding][remote-render] time=46.946 frame=647 entity=3 latestHostTick=1794 buffer=8 windowMs=1072.3 fps=5.6 snapshots=33 arrivalSamples=33 arrivalAvgMs=32.5 arrivalP95Ms=192.8 arrivalMaxMs=197.2 sameArrival=27 tickGapMax=2 renderFrames=6 interpolation=6 extrapolation=0 extrapolationCapped=0 extrapolationMaxMs=0.0 oldestHeld=0 zeroSpan=6 movingFrozen=0 teleport=0 visualStepAvgCm=0.00 visualStepMaxCm=0.00 estimatedHostTick=1799 renderTick=1788.162 latestSnapshotTick=1794.000 renderMinusLatestTicks=-5.838 estimatedMinusLatestTicks=5.000 sampleT=0.081
[rubber-banding][remote-render] time=46.946 frame=647 entity=4 latestHostTick=1794 buffer=8 windowMs=1072.3 fps=5.6 snapshots=33 arrivalSamples=33 arrivalAvgMs=32.5 arrivalP95Ms=192.8 arrivalMaxMs=197.2 sameArrival=27 tickGapMax=2 renderFrames=6 interpolation=6 extrapolation=0 extrapolationCapped=0 extrapolationMaxMs=0.0 oldestHeld=0 zeroSpan=6 movingFrozen=0 teleport=0 visualStepAvgCm=60.35 visualStepMaxCm=88.62 estimatedHostTick=1799 renderTick=1788.162 latestSnapshotTick=1794.000 renderMinusLatestTicks=-5.838 estimatedMinusLatestTicks=5.000 sampleT=0.081
[rubber-banding][large-step] time=46.946 frame=647 focused=1 entity=4 buffer=8 count=5 maxStepCm=88.62 horizontalCm=0.00 verticalCm=88.62 frameDeltaMs=197.2 renderTickDelta=12.225 fromTick=1754 toTick=1756 tickSpan=2 receivedSpanMs=0.0 t=0.849 renderOffsetMs=-5.0 sourceHorizontalCm=0.00 sourceVerticalCm=11.43 fromGrounded=0 toGrounded=0 velocity=(0.000, 3.262, 0.000) expectedTravelCm=64.31 teleport=0 previous=(1.695, 0.008, 0.154) rendered=(1.695, 0.894, 0.154)
[rubber-banding][jump-step] time=46.946 frame=647 focused=1 entity=4 buffer=8 count=6 maxVerticalCm=88.62 horizontalCm=0.00 verticalCm=88.62 frameDeltaMs=197.2 renderTickDelta=12.225 fromTick=1754 toTick=1756 tickSpan=2 receivedSpanMs=0.0 t=0.849 renderOffsetMs=-5.0 sourceHorizontalCm=0.00 sourceVerticalCm=11.43 fromGrounded=0 toGrounded=0 velocity=(0.000, 3.262, 0.000) expectedTravelCm=64.31 teleport=0 previous=(1.695, 0.008, 0.154) rendered=(1.695, 0.894, 0.154)
[rubber-banding][udp-pump] time=47.722 frame=652 focused=1 windowMs=1123.4 fps=6.2 packets=34 socketAvgMs=32.9 socketP95Ms=166.7 socketMaxMs=169.4 pumpAvgMs=33.0 pumpP95Ms=167.1 pumpMaxMs=192.8 queueDelayAvgMs=17.6 queueDelayP95Ms=23.2 queueDelayMaxMs=192.6 samePump=27 pumpBatchMax=6 queueDepthMax=6 frameMaxMs=192.8
[rubber-banding][local-input] time=48.030 frame=654 focused=1 host=0 room=19 world=5 authority=5 entity=2 windowMs=1084.2 updates=7 fixedCalls=54 commands=28 predictionSteps=28 noCommandUpdates=0 estimatedHostTick=1862 nextInputTick=1869 lastRecordedTick=1869 lastResolvedTick=1860 nextLead=7 recordedLead=7 unresolved=4 clamped=1 clampedTotal=101 batchesSent=468 commandsSent=1774 sendFailures=0 move=(0.00,0.00) jump=0
[rubber-banding][remote-render] time=48.030 frame=654 entity=1 latestHostTick=1860 buffer=8 windowMs=1084.2 fps=6.5 snapshots=33 arrivalSamples=33 arrivalAvgMs=32.9 arrivalP95Ms=160.2 arrivalMaxMs=167.1 sameArrival=26 tickGapMax=2 renderFrames=7 interpolation=6 extrapolation=1 extrapolationCapped=0 extrapolationMaxMs=26.5 oldestHeld=0 zeroSpan=7 movingFrozen=0 teleport=0 visualStepAvgCm=0.00 visualStepMaxCm=0.00 estimatedHostTick=1862 renderTick=1855.381 latestSnapshotTick=1860.000 renderMinusLatestTicks=-4.619 estimatedMinusLatestTicks=2.000 sampleT=0.690
[rubber-banding][remote-render] time=48.030 frame=654 entity=3 latestHostTick=1860 buffer=8 windowMs=1084.2 fps=6.5 snapshots=33 arrivalSamples=33 arrivalAvgMs=32.9 arrivalP95Ms=160.2 arrivalMaxMs=167.1 sameArrival=26 tickGapMax=2 renderFrames=7 interpolation=6 extrapolation=1 extrapolationCapped=0 extrapolationMaxMs=26.5 oldestHeld=0 zeroSpan=7 movingFrozen=0 teleport=0 visualStepAvgCm=0.00 visualStepMaxCm=0.00 estimatedHostTick=1862 renderTick=1855.381 latestSnapshotTick=1860.000 renderMinusLatestTicks=-4.619 estimatedMinusLatestTicks=2.000 sampleT=0.690
[rubber-banding][remote-render] time=48.030 frame=654 entity=4 latestHostTick=1860 buffer=8 windowMs=1084.2 fps=6.5 snapshots=33 arrivalSamples=33 arrivalAvgMs=32.9 arrivalP95Ms=160.2 arrivalMaxMs=167.1 sameArrival=26 tickGapMax=2 renderFrames=7 interpolation=6 extrapolation=1 extrapolationCapped=0 extrapolationMaxMs=26.5 oldestHeld=0 zeroSpan=7 movingFrozen=0 teleport=0 visualStepAvgCm=56.18 visualStepMaxCm=63.10 estimatedHostTick=1862 renderTick=1855.381 latestSnapshotTick=1860.000 renderMinusLatestTicks=-4.619 estimatedMinusLatestTicks=2.000 sampleT=0.690
[rubber-banding][large-step] time=48.030 frame=654 focused=1 entity=4 buffer=8 count=7 maxStepCm=63.10 horizontalCm=63.10 verticalCm=0.00 frameDeltaMs=157.6 renderTickDelta=9.769 fromTick=1806 toTick=1808 tickSpan=2 receivedSpanMs=0.0 t=0.238 renderOffsetMs=-25.4 sourceHorizontalCm=12.78 sourceVerticalCm=0.00 fromGrounded=1 toGrounded=1 velocity=(-0.278, -2.333, -3.923) expectedTravelCm=72.06 teleport=0 previous=(1.604, 0.008, -1.141) rendered=(1.559, 0.008, -1.770)
[rubber-banding][jump-step] time=48.030 frame=654 focused=1 entity=4 buffer=8 count=1 maxVerticalCm=25.02 horizontalCm=46.54 verticalCm=25.02 frameDeltaMs=157.9 renderTickDelta=9.790 fromTick=1854 toTick=1856 tickSpan=2 receivedSpanMs=0.0 t=0.690 renderOffsetMs=-10.3 sourceHorizontalCm=10.44 sourceVerticalCm=20.32 fromGrounded=0 toGrounded=0 velocity=(0.226, 5.928, 3.192) expectedTravelCm=106.38 teleport=0 previous=(2.996, 0.008, -2.753) rendered=(3.259, 0.258, -2.369)
[rubber-banding][udp-pump] time=48.812 frame=659 focused=1 windowMs=1089.7 fps=6.4 packets=29 socketAvgMs=32.7 socketP95Ms=158.1 socketMaxMs=164.2 pumpAvgMs=37.6 pumpP95Ms=165.3 pumpMaxMs=172.6 queueDelayAvgMs=92.4 queueDelayP95Ms=154.8 queueDelayMaxMs=156.7 samePump=22 pumpBatchMax=8 queueDepthMax=7 frameMaxMs=172.6
[rubber-banding][local-input] time=49.160 frame=661 focused=1 host=0 room=19 world=5 authority=5 entity=2 windowMs=1129.8 updates=7 fixedCalls=57 commands=28 predictionSteps=28 noCommandUpdates=0 estimatedHostTick=1928 nextInputTick=1940 lastRecordedTick=1932 lastResolvedTick=1920 nextLead=12 recordedLead=4 unresolved=4 clamped=7 clampedTotal=108 batchesSent=475 commandsSent=1811 sendFailures=0 move=(0.00,0.00) jump=0
[rubber-banding][remote-render] time=49.160 frame=661 entity=1 latestHostTick=1920 buffer=8 windowMs=1129.8 fps=6.2 snapshots=30 arrivalSamples=30 arrivalAvgMs=37.7 arrivalP95Ms=173.1 arrivalMaxMs=174.9 sameArrival=23 tickGapMax=2 renderFrames=7 interpolation=0 extrapolation=7 extrapolationCapped=0 extrapolationMaxMs=85.5 oldestHeld=0 zeroSpan=7 movingFrozen=0 teleport=0 visualStepAvgCm=0.00 visualStepMaxCm=0.00 estimatedHostTick=1928 renderTick=1923.516 latestSnapshotTick=1920.000 renderMinusLatestTicks=3.516 estimatedMinusLatestTicks=8.000 sampleT=2.758
[rubber-banding][remote-render] time=49.160 frame=661 entity=3 latestHostTick=1920 buffer=8 windowMs=1129.8 fps=6.2 snapshots=30 arrivalSamples=30 arrivalAvgMs=37.7 arrivalP95Ms=173.1 arrivalMaxMs=174.9 sameArrival=23 tickGapMax=2 renderFrames=7 interpolation=0 extrapolation=7 extrapolationCapped=0 extrapolationMaxMs=85.5 oldestHeld=0 zeroSpan=7 movingFrozen=0 teleport=0 visualStepAvgCm=0.00 visualStepMaxCm=0.00 estimatedHostTick=1928 renderTick=1923.516 latestSnapshotTick=1920.000 renderMinusLatestTicks=3.516 estimatedMinusLatestTicks=8.000 sampleT=2.758
[rubber-banding][remote-render] time=49.160 frame=661 entity=4 latestHostTick=1920 buffer=8 windowMs=1129.8 fps=6.2 snapshots=30 arrivalSamples=30 arrivalAvgMs=37.7 arrivalP95Ms=173.1 arrivalMaxMs=174.9 sameArrival=23 tickGapMax=2 renderFrames=7 interpolation=0 extrapolation=7 extrapolationCapped=0 extrapolationMaxMs=85.5 oldestHeld=0 zeroSpan=7 movingFrozen=0 teleport=0 visualStepAvgCm=79.06 visualStepMaxCm=100.57 estimatedHostTick=1928 renderTick=1923.516 latestSnapshotTick=1920.000 renderMinusLatestTicks=3.516 estimatedMinusLatestTicks=8.000 sampleT=2.758
[rubber-banding][large-step] time=49.160 frame=661 focused=1 entity=4 buffer=8 count=7 maxStepCm=100.57 horizontalCm=67.12 verticalCm=74.90 frameDeltaMs=172.6 renderTickDelta=10.702 fromTick=1864 toTick=1866 tickSpan=2 receivedSpanMs=0.0 t=1.041 renderOffsetMs=1.4 sourceHorizontalCm=13.33 sourceVerticalCm=9.21 fromGrounded=0 toGrounded=0 velocity=(0.283, 2.595, 3.990) expectedTravelCm=82.30 teleport=0 previous=(3.259, 0.258, -2.369) rendered=(3.307, 1.007, -1.700)
[rubber-banding][jump-step] time=49.160 frame=661 focused=1 entity=4 buffer=8 count=5 maxVerticalCm=79.99 horizontalCm=58.23 verticalCm=79.99 frameDeltaMs=165.3 renderTickDelta=9.917 fromTick=1886 toTick=1888 tickSpan=2 receivedSpanMs=0.0 t=3.401 renderOffsetMs=80.0 sourceHorizontalCm=10.90 sourceVerticalCm=15.24 fromGrounded=0 toGrounded=0 velocity=(0.283, -4.738, 3.990) expectedTravelCm=102.50 teleport=0 previous=(3.386, 0.975, -0.582) rendered=(3.537, 0.175, -0.020)
[rubber-banding][udp-pump] time=49.887 frame=666 focused=1 windowMs=1075.2 fps=6.5 packets=34 socketAvgMs=33.4 socketP95Ms=177.9 socketMaxMs=179.1 pumpAvgMs=31.6 pumpP95Ms=173.1 pumpMaxMs=174.9 queueDelayAvgMs=107.0 queueDelayP95Ms=140.4 queueDelayMaxMs=141.9 samePump=27 pumpBatchMax=6 queueDepthMax=6 frameMaxMs=174.9
[rubber-banding][local-input] time=50.179 frame=668 focused=1 host=0 room=19 world=5 authority=5 entity=2 windowMs=1019.5 updates=7 fixedCalls=51 commands=28 predictionSteps=28 noCommandUpdates=0 estimatedHostTick=1986 nextInputTick=1993 lastRecordedTick=1993 lastResolvedTick=1982 nextLead=7 recordedLead=7 unresolved=5 clamped=0 clampedTotal=108 batchesSent=482 commandsSent=1845 sendFailures=0 move=(0.00,0.00) jump=0
[rubber-banding][remote-render] time=50.179 frame=668 entity=1 latestHostTick=1982 buffer=8 windowMs=1019.5 fps=6.9 snapshots=31 arrivalSamples=31 arrivalAvgMs=32.9 arrivalP95Ms=152.5 arrivalMaxMs=157.3 sameArrival=24 tickGapMax=2 renderFrames=7 interpolation=2 extrapolation=5 extrapolationCapped=0 extrapolationMaxMs=39.4 oldestHeld=0 zeroSpan=7 movingFrozen=0 teleport=0 visualStepAvgCm=0.00 visualStepMaxCm=0.00 estimatedHostTick=1986 renderTick=1982.645 latestSnapshotTick=1982.000 renderMinusLatestTicks=0.645 estimatedMinusLatestTicks=4.000 sampleT=1.323
[rubber-banding][remote-render] time=50.179 frame=668 entity=3 latestHostTick=1982 buffer=8 windowMs=1019.5 fps=6.9 snapshots=31 arrivalSamples=31 arrivalAvgMs=32.9 arrivalP95Ms=152.5 arrivalMaxMs=157.3 sameArrival=24 tickGapMax=2 renderFrames=7 interpolation=2 extrapolation=5 extrapolationCapped=0 extrapolationMaxMs=39.4 oldestHeld=0 zeroSpan=7 movingFrozen=0 teleport=0 visualStepAvgCm=0.00 visualStepMaxCm=0.00 estimatedHostTick=1986 renderTick=1982.645 latestSnapshotTick=1982.000 renderMinusLatestTicks=0.645 estimatedMinusLatestTicks=4.000 sampleT=1.323
[rubber-banding][remote-render] time=50.179 frame=668 entity=4 latestHostTick=1982 buffer=8 windowMs=1019.5 fps=6.9 snapshots=31 arrivalSamples=31 arrivalAvgMs=32.9 arrivalP95Ms=152.5 arrivalMaxMs=157.3 sameArrival=24 tickGapMax=2 renderFrames=7 interpolation=2 extrapolation=5 extrapolationCapped=0 extrapolationMaxMs=39.4 oldestHeld=0 zeroSpan=7 movingFrozen=0 teleport=0 visualStepAvgCm=65.01 visualStepMaxCm=80.19 estimatedHostTick=1986 renderTick=1982.645 latestSnapshotTick=1982.000 renderMinusLatestTicks=0.645 estimatedMinusLatestTicks=4.000 sampleT=1.323
[rubber-banding][large-step] time=50.179 frame=668 focused=1 entity=4 buffer=8 count=7 maxStepCm=80.19 horizontalCm=56.20 verticalCm=57.21 frameDeltaMs=145.8 renderTickDelta=8.454 fromTick=1956 toTick=1958 tickSpan=2 receivedSpanMs=0.0 t=0.599 renderOffsetMs=-13.4 sourceHorizontalCm=13.33 sourceVerticalCm=9.21 fromGrounded=0 toGrounded=0 velocity=(-2.379, 2.595, -3.215) expectedTravelCm=69.50 teleport=0 previous=(2.352, 0.395, 1.006) rendered=(1.959, 0.967, 0.605)
[rubber-banding][jump-step] time=50.179 frame=668 focused=1 entity=4 buffer=8 count=5 maxVerticalCm=58.60 horizontalCm=50.82 verticalCm=58.60 frameDeltaMs=135.0 renderTickDelta=7.829 fromTick=1980 toTick=1982 tickSpan=2 receivedSpanMs=0.0 t=1.323 renderOffsetMs=10.8 sourceHorizontalCm=13.14 sourceVerticalCm=17.46 fromGrounded=0 toGrounded=0 velocity=(0.565, -5.405, -3.916) expectedTravelCm=90.41 teleport=0 previous=(1.538, 0.903, -0.465) rendered=(1.564, 0.317, -0.972)
[rubber-banding][udp-pump] time=50.902 frame=673 focused=1 windowMs=1014.9 fps=6.9 packets=30 socketAvgMs=33.9 socketP95Ms=149.9 socketMaxMs=152.4 pumpAvgMs=33.8 pumpP95Ms=153.9 pumpMaxMs=157.3 queueDelayAvgMs=81.7 queueDelayP95Ms=96.5 queueDelayMaxMs=98.5 samePump=23 pumpBatchMax=5 queueDepthMax=6 frameMaxMs=157.3
[rubber-banding][local-input] time=51.193 frame=675 focused=1 host=0 room=19 world=5 authority=5 entity=2 windowMs=1014.3 updates=7 fixedCalls=50 commands=28 predictionSteps=28 noCommandUpdates=0 estimatedHostTick=2049 nextInputTick=2055 lastRecordedTick=2055 lastResolvedTick=2044 nextLead=6 recordedLead=6 unresolved=5 clamped=0 clampedTotal=108 batchesSent=489 commandsSent=1880 sendFailures=0 move=(0.00,0.00) jump=0
[rubber-banding][remote-render] time=51.193 frame=675 entity=1 latestHostTick=2044 buffer=8 windowMs=1014.3 fps=6.9 snapshots=31 arrivalSamples=31 arrivalAvgMs=32.7 arrivalP95Ms=153.7 arrivalMaxMs=153.9 sameArrival=24 tickGapMax=2 renderFrames=7 interpolation=6 extrapolation=1 extrapolationCapped=0 extrapolationMaxMs=0.0 oldestHeld=0 zeroSpan=7 movingFrozen=0 teleport=0 visualStepAvgCm=0.00 visualStepMaxCm=0.00 estimatedHostTick=2049 renderTick=2043.503 latestSnapshotTick=2044.000 renderMinusLatestTicks=-0.497 estimatedMinusLatestTicks=5.000 sampleT=0.752
[rubber-banding][remote-render] time=51.193 frame=675 entity=3 latestHostTick=2044 buffer=8 windowMs=1014.3 fps=6.9 snapshots=31 arrivalSamples=31 arrivalAvgMs=32.7 arrivalP95Ms=153.7 arrivalMaxMs=153.9 sameArrival=24 tickGapMax=2 renderFrames=7 interpolation=6 extrapolation=1 extrapolationCapped=0 extrapolationMaxMs=0.0 oldestHeld=0 zeroSpan=7 movingFrozen=0 teleport=0 visualStepAvgCm=0.00 visualStepMaxCm=0.00 estimatedHostTick=2049 renderTick=2043.503 latestSnapshotTick=2044.000 renderMinusLatestTicks=-0.497 estimatedMinusLatestTicks=5.000 sampleT=0.752
[rubber-banding][remote-render] time=51.193 frame=675 entity=4 latestHostTick=2044 buffer=8 windowMs=1014.3 fps=6.9 snapshots=31 arrivalSamples=31 arrivalAvgMs=32.7 arrivalP95Ms=153.7 arrivalMaxMs=153.9 sameArrival=24 tickGapMax=2 renderFrames=7 interpolation=6 extrapolation=1 extrapolationCapped=0 extrapolationMaxMs=0.0 oldestHeld=0 zeroSpan=7 movingFrozen=0 teleport=0 visualStepAvgCm=53.17 visualStepMaxCm=57.89 estimatedHostTick=2049 renderTick=2043.503 latestSnapshotTick=2044.000 renderMinusLatestTicks=-0.497 estimatedMinusLatestTicks=5.000 sampleT=0.752
[rubber-banding][large-step] time=51.193 frame=675 focused=1 entity=4 buffer=8 count=7 maxStepCm=57.89 horizontalCm=57.89 verticalCm=0.00 frameDeltaMs=145.6 renderTickDelta=8.737 fromTick=1998 toTick=2000 tickSpan=2 receivedSpanMs=0.0 t=0.320 renderOffsetMs=-22.7 sourceHorizontalCm=12.22 sourceVerticalCm=0.00 fromGrounded=1 toGrounded=1 velocity=(3.325, -2.333, -0.236) expectedTravelCm=59.25 teleport=0 previous=(1.877, 0.008, -1.208) rendered=(2.454, 0.008, -1.249)
[rubber-banding][jump-step] time=51.193 frame=675 focused=1 entity=4 buffer=8 count=1 maxVerticalCm=30.87 horizontalCm=39.16 verticalCm=30.87 frameDeltaMs=121.0 renderTickDelta=7.258 fromTick=1988 toTick=1990 tickSpan=2 receivedSpanMs=0.0 t=0.952 renderOffsetMs=-1.6 sourceHorizontalCm=13.33 sourceVerticalCm=0.00 fromGrounded=1 toGrounded=1 velocity=(3.990, -2.333, -0.283) expectedTravelCm=56.02 teleport=0 previous=(1.564, 0.317, -0.972) rendered=(1.877, 0.008, -1.208)
[rubber-banding][udp-pump] time=51.940 frame=680 focused=1 windowMs=1038.1 fps=6.7 packets=31 socketAvgMs=32.4 socketP95Ms=143.7 socketMaxMs=144.5 pumpAvgMs=33.5 pumpP95Ms=153.3 pumpMaxMs=158.9 queueDelayAvgMs=96.1 queueDelayP95Ms=119.3 queueDelayMaxMs=120.3 samePump=24 pumpBatchMax=5 queueDepthMax=5 frameMaxMs=158.9
[rubber-banding][local-input] time=52.285 frame=682 focused=1 host=0 room=19 world=5 authority=5 entity=2 windowMs=1091.4 updates=7 fixedCalls=55 commands=28 predictionSteps=28 noCommandUpdates=0 estimatedHostTick=2113 nextInputTick=2120 lastRecordedTick=2118 lastResolvedTick=2106 nextLead=7 recordedLead=5 unresolved=5 clamped=2 clampedTotal=110 batchesSent=496 commandsSent=1915 sendFailures=0 move=(0.00,0.00) jump=0
[rubber-banding][remote-render] time=52.285 frame=682 entity=1 latestHostTick=2106 buffer=8 windowMs=1091.4 fps=6.4 snapshots=31 arrivalSamples=31 arrivalAvgMs=35.2 arrivalP95Ms=162.1 arrivalMaxMs=182.8 sameArrival=24 tickGapMax=2 renderFrames=7 interpolation=2 extrapolation=5 extrapolationCapped=0 extrapolationMaxMs=49.8 oldestHeld=0 zeroSpan=7 movingFrozen=0 teleport=0 visualStepAvgCm=0.00 visualStepMaxCm=0.00 estimatedHostTick=2113 renderTick=2108.987 latestSnapshotTick=2106.000 renderMinusLatestTicks=2.987 estimatedMinusLatestTicks=7.000 sampleT=2.494
[rubber-banding][remote-render] time=52.285 frame=682 entity=3 latestHostTick=2106 buffer=8 windowMs=1091.4 fps=6.4 snapshots=31 arrivalSamples=31 arrivalAvgMs=35.2 arrivalP95Ms=162.1 arrivalMaxMs=182.8 sameArrival=24 tickGapMax=2 renderFrames=7 interpolation=2 extrapolation=5 extrapolationCapped=0 extrapolationMaxMs=49.8 oldestHeld=0 zeroSpan=7 movingFrozen=0 teleport=0 visualStepAvgCm=0.00 visualStepMaxCm=0.00 estimatedHostTick=2113 renderTick=2108.987 latestSnapshotTick=2106.000 renderMinusLatestTicks=2.987 estimatedMinusLatestTicks=7.000 sampleT=2.494
[rubber-banding][remote-render] time=52.285 frame=682 entity=4 latestHostTick=2106 buffer=8 windowMs=1091.4 fps=6.4 snapshots=31 arrivalSamples=31 arrivalAvgMs=35.2 arrivalP95Ms=162.1 arrivalMaxMs=182.8 sameArrival=24 tickGapMax=2 renderFrames=7 interpolation=2 extrapolation=5 extrapolationCapped=0 extrapolationMaxMs=49.8 oldestHeld=0 zeroSpan=7 movingFrozen=0 teleport=0 visualStepAvgCm=53.39 visualStepMaxCm=68.64 estimatedHostTick=2113 renderTick=2108.987 latestSnapshotTick=2106.000 renderMinusLatestTicks=2.987 estimatedMinusLatestTicks=7.000 sampleT=2.494
[rubber-banding][large-step] time=52.285 frame=682 focused=1 entity=4 buffer=8 count=7 maxStepCm=68.64 horizontalCm=68.64 verticalCm=0.00 frameDeltaMs=182.8 renderTickDelta=10.968 fromTick=2104 toTick=2106 tickSpan=2 receivedSpanMs=0.0 t=2.494 renderOffsetMs=49.8 sourceHorizontalCm=12.21 sourceVerticalCm=0.00 fromGrounded=1 toGrounded=1 velocity=(2.178, -2.333, -2.519) expectedTravelCm=74.34 teleport=0 previous=(2.089, 0.008, -1.325) rendered=(2.538, 0.008, -1.844)
[rubber-banding][udp-pump] time=52.947 frame=687 focused=1 windowMs=1007.0 fps=7.0 packets=31 socketAvgMs=33.8 socketP95Ms=157.1 socketMaxMs=158.6 pumpAvgMs=32.5 pumpP95Ms=162.1 pumpMaxMs=182.8 queueDelayAvgMs=97.4 queueDelayP95Ms=138.1 queueDelayMaxMs=143.7 samePump=24 pumpBatchMax=5 queueDepthMax=6 frameMaxMs=182.8
[rubber-banding][local-input] time=53.372 frame=690 focused=1 host=0 room=19 world=5 authority=5 entity=2 windowMs=1087.0 updates=8 fixedCalls=54 commands=32 predictionSteps=32 noCommandUpdates=0 estimatedHostTick=2177 nextInputTick=2184 lastRecordedTick=2184 lastResolvedTick=2176 nextLead=7 recordedLead=7 unresolved=4 clamped=0 clampedTotal=110 batchesSent=504 commandsSent=1952 sendFailures=0 move=(0.00,0.00) jump=0
[rubber-banding][remote-render] time=53.372 frame=690 entity=1 latestHostTick=2176 buffer=8 windowMs=1087.0 fps=7.4 snapshots=35 arrivalSamples=35 arrivalAvgMs=31.1 arrivalP95Ms=148.0 arrivalMaxMs=159.6 sameArrival=27 tickGapMax=2 renderFrames=8 interpolation=7 extrapolation=1 extrapolationCapped=0 extrapolationMaxMs=23.4 oldestHeld=0 zeroSpan=8 movingFrozen=0 teleport=0 visualStepAvgCm=0.00 visualStepMaxCm=0.00 estimatedHostTick=2177 renderTick=2173.200 latestSnapshotTick=2176.000 renderMinusLatestTicks=-2.800 estimatedMinusLatestTicks=1.000 sampleT=0.600
[rubber-banding][remote-render] time=53.372 frame=690 entity=3 latestHostTick=2176 buffer=8 windowMs=1087.0 fps=7.4 snapshots=35 arrivalSamples=35 arrivalAvgMs=31.1 arrivalP95Ms=148.0 arrivalMaxMs=159.6 sameArrival=27 tickGapMax=2 renderFrames=8 interpolation=7 extrapolation=1 extrapolationCapped=0 extrapolationMaxMs=23.4 oldestHeld=0 zeroSpan=8 movingFrozen=0 teleport=0 visualStepAvgCm=0.00 visualStepMaxCm=0.00 estimatedHostTick=2177 renderTick=2173.200 latestSnapshotTick=2176.000 renderMinusLatestTicks=-2.800 estimatedMinusLatestTicks=1.000 sampleT=0.600
[rubber-banding][remote-render] time=53.372 frame=690 entity=4 latestHostTick=2176 buffer=8 windowMs=1087.0 fps=7.4 snapshots=35 arrivalSamples=35 arrivalAvgMs=31.1 arrivalP95Ms=148.0 arrivalMaxMs=159.6 sameArrival=27 tickGapMax=2 renderFrames=8 interpolation=7 extrapolation=1 extrapolationCapped=0 extrapolationMaxMs=23.4 oldestHeld=0 zeroSpan=8 movingFrozen=0 teleport=0 visualStepAvgCm=61.08 visualStepMaxCm=93.22 estimatedHostTick=2177 renderTick=2173.200 latestSnapshotTick=2176.000 renderMinusLatestTicks=-2.800 estimatedMinusLatestTicks=1.000 sampleT=0.600
[rubber-banding][large-step] time=53.372 frame=690 focused=1 entity=4 buffer=8 count=8 maxStepCm=93.22 horizontalCm=53.97 verticalCm=76.00 frameDeltaMs=145.1 renderTickDelta=8.414 fromTick=2114 toTick=2116 tickSpan=2 receivedSpanMs=0.0 t=1.701 renderOffsetMs=23.4 sourceHorizontalCm=13.22 sourceVerticalCm=15.87 fromGrounded=0 toGrounded=0 velocity=(3.990, 4.595, -0.283) expectedTravelCm=88.37 teleport=0 previous=(2.538, 0.008, -1.844) rendered=(3.076, 0.768, -1.796)
[rubber-banding][jump-step] time=53.372 frame=690 focused=1 entity=4 buffer=8 count=5 maxVerticalCm=76.00 horizontalCm=53.97 verticalCm=76.00 frameDeltaMs=145.1 renderTickDelta=8.414 fromTick=2114 toTick=2116 tickSpan=2 receivedSpanMs=0.0 t=1.701 renderOffsetMs=23.4 sourceHorizontalCm=13.22 sourceVerticalCm=15.87 fromGrounded=0 toGrounded=0 velocity=(3.990, 4.595, -0.283) expectedTravelCm=88.37 teleport=0 previous=(2.538, 0.008, -1.844) rendered=(3.076, 0.768, -1.796)
[rubber-banding][udp-pump] time=53.953 frame=694 focused=1 windowMs=1005.9 fps=7.0 packets=30 socketAvgMs=33.4 socketP95Ms=146.0 socketMaxMs=147.0 pumpAvgMs=33.5 pumpP95Ms=150.6 pumpMaxMs=159.6 queueDelayAvgMs=72.5 queueDelayP95Ms=87.6 queueDelayMaxMs=88.1 samePump=23 pumpBatchMax=5 queueDepthMax=5 frameMaxMs=159.6
[rubber-banding][local-input] time=54.463 frame=697 focused=1 host=0 room=19 world=5 authority=5 entity=2 windowMs=1091.4 updates=7 fixedCalls=55 commands=28 predictionSteps=28 noCommandUpdates=0 estimatedHostTick=2245 nextInputTick=2252 lastRecordedTick=2250 lastResolvedTick=2238 nextLead=7 recordedLead=5 unresolved=5 clamped=2 clampedTotal=112 batchesSent=511 commandsSent=1986 sendFailures=0 move=(0.00,0.00) jump=0
[rubber-banding][remote-render] time=54.463 frame=697 entity=1 latestHostTick=2238 buffer=8 windowMs=1091.4 fps=6.4 snapshots=31 arrivalSamples=31 arrivalAvgMs=35.2 arrivalP95Ms=171.7 arrivalMaxMs=178.8 sameArrival=24 tickGapMax=2 renderFrames=7 interpolation=5 extrapolation=2 extrapolationCapped=0 extrapolationMaxMs=34.8 oldestHeld=0 zeroSpan=7 movingFrozen=0 teleport=0 visualStepAvgCm=0.00 visualStepMaxCm=0.00 estimatedHostTick=2245 renderTick=2240.090 latestSnapshotTick=2238.000 renderMinusLatestTicks=2.090 estimatedMinusLatestTicks=7.000 sampleT=2.045
[rubber-banding][remote-render] time=54.463 frame=697 entity=3 latestHostTick=2238 buffer=8 windowMs=1091.4 fps=6.4 snapshots=31 arrivalSamples=31 arrivalAvgMs=35.2 arrivalP95Ms=171.7 arrivalMaxMs=178.8 sameArrival=24 tickGapMax=2 renderFrames=7 interpolation=5 extrapolation=2 extrapolationCapped=0 extrapolationMaxMs=34.8 oldestHeld=0 zeroSpan=7 movingFrozen=0 teleport=0 visualStepAvgCm=0.00 visualStepMaxCm=0.00 estimatedHostTick=2245 renderTick=2240.090 latestSnapshotTick=2238.000 renderMinusLatestTicks=2.090 estimatedMinusLatestTicks=7.000 sampleT=2.045
[rubber-banding][remote-render] time=54.463 frame=697 entity=4 latestHostTick=2238 buffer=8 windowMs=1091.4 fps=6.4 snapshots=31 arrivalSamples=31 arrivalAvgMs=35.2 arrivalP95Ms=171.7 arrivalMaxMs=178.8 sameArrival=24 tickGapMax=2 renderFrames=7 interpolation=5 extrapolation=2 extrapolationCapped=0 extrapolationMaxMs=34.8 oldestHeld=0 zeroSpan=7 movingFrozen=0 teleport=0 visualStepAvgCm=72.69 visualStepMaxCm=94.35 estimatedHostTick=2245 renderTick=2240.090 latestSnapshotTick=2238.000 renderMinusLatestTicks=2.090 estimatedMinusLatestTicks=7.000 sampleT=2.045
[rubber-banding][large-step] time=54.463 frame=697 focused=1 entity=4 buffer=8 count=7 maxStepCm=94.35 horizontalCm=68.59 verticalCm=64.80 frameDeltaMs=171.7 renderTickDelta=10.301 fromTick=2236 toTick=2238 tickSpan=2 receivedSpanMs=0.0 t=2.045 renderOffsetMs=34.8 sourceHorizontalCm=13.33 sourceVerticalCm=15.24 fromGrounded=0 toGrounded=0 velocity=(-3.993, -4.738, -0.236) expectedTravelCm=106.46 teleport=0 previous=(0.531, 1.032, -0.589) rendered=(-0.154, 0.384, -0.590)
[rubber-banding][jump-step] time=54.463 frame=697 focused=1 entity=4 buffer=8 count=3 maxVerticalCm=64.80 horizontalCm=68.59 verticalCm=64.80 frameDeltaMs=171.7 renderTickDelta=10.301 fromTick=2236 toTick=2238 tickSpan=2 receivedSpanMs=0.0 t=2.045 renderOffsetMs=34.8 sourceHorizontalCm=13.33 sourceVerticalCm=15.24 fromGrounded=0 toGrounded=0 velocity=(-3.993, -4.738, -0.236) expectedTravelCm=106.46 teleport=0 previous=(0.531, 1.032, -0.589) rendered=(-0.154, 0.384, -0.590)
[rubber-banding][udp-pump] time=55.047 frame=701 focused=1 windowMs=1093.8 fps=6.4 packets=32 socketAvgMs=33.5 socketP95Ms=162.5 socketMaxMs=183.5 pumpAvgMs=34.2 pumpP95Ms=175.6 pumpMaxMs=178.8 queueDelayAvgMs=93.0 queueDelayP95Ms=112.5 queueDelayMaxMs=114.7 samePump=25 pumpBatchMax=6 queueDepthMax=7 frameMaxMs=178.8
[rubber-banding][local-input] time=55.504 frame=704 focused=1 host=0 room=19 world=5 authority=5 entity=2 windowMs=1041.2 updates=7 fixedCalls=52 commands=28 predictionSteps=28 noCommandUpdates=0 estimatedHostTick=2308 nextInputTick=2316 lastRecordedTick=2314 lastResolvedTick=2302 nextLead=8 recordedLead=6 unresolved=5 clamped=7 clampedTotal=119 batchesSent=518 commandsSent=2021 sendFailures=0 move=(0.00,0.00) jump=0
[rubber-banding][remote-render] time=55.504 frame=704 entity=1 latestHostTick=2302 buffer=8 windowMs=1041.2 fps=6.7 snapshots=32 arrivalSamples=32 arrivalAvgMs=32.5 arrivalP95Ms=160.4 arrivalMaxMs=175.6 sameArrival=25 tickGapMax=2 renderFrames=7 interpolation=3 extrapolation=4 extrapolationCapped=0 extrapolationMaxMs=18.3 oldestHeld=0 zeroSpan=7 movingFrozen=0 teleport=0 visualStepAvgCm=0.00 visualStepMaxCm=0.00 estimatedHostTick=2308 renderTick=2302.560 latestSnapshotTick=2302.000 renderMinusLatestTicks=0.560 estimatedMinusLatestTicks=6.000 sampleT=1.280
[rubber-banding][remote-render] time=55.504 frame=704 entity=3 latestHostTick=2302 buffer=8 windowMs=1041.2 fps=6.7 snapshots=32 arrivalSamples=32 arrivalAvgMs=32.5 arrivalP95Ms=160.4 arrivalMaxMs=175.6 sameArrival=25 tickGapMax=2 renderFrames=7 interpolation=3 extrapolation=4 extrapolationCapped=0 extrapolationMaxMs=18.3 oldestHeld=0 zeroSpan=7 movingFrozen=0 teleport=0 visualStepAvgCm=0.00 visualStepMaxCm=0.00 estimatedHostTick=2308 renderTick=2302.560 latestSnapshotTick=2302.000 renderMinusLatestTicks=0.560 estimatedMinusLatestTicks=6.000 sampleT=1.280
[rubber-banding][remote-render] time=55.504 frame=704 entity=4 latestHostTick=2302 buffer=8 windowMs=1041.2 fps=6.7 snapshots=32 arrivalSamples=32 arrivalAvgMs=32.5 arrivalP95Ms=160.4 arrivalMaxMs=175.6 sameArrival=25 tickGapMax=2 renderFrames=7 interpolation=3 extrapolation=4 extrapolationCapped=0 extrapolationMaxMs=18.3 oldestHeld=0 zeroSpan=7 movingFrozen=0 teleport=0 visualStepAvgCm=56.95 visualStepMaxCm=64.17 estimatedHostTick=2308 renderTick=2302.560 latestSnapshotTick=2302.000 renderMinusLatestTicks=0.560 estimatedMinusLatestTicks=6.000 sampleT=1.280
[rubber-banding][large-step] time=55.504 frame=704 focused=1 entity=4 buffer=8 count=7 maxStepCm=64.17 horizontalCm=64.17 verticalCm=0.00 frameDeltaMs=160.4 renderTickDelta=9.625 fromTick=2282 toTick=2284 tickSpan=2 receivedSpanMs=0.0 t=1.362 renderOffsetMs=12.1 sourceHorizontalCm=13.33 sourceVerticalCm=0.00 fromGrounded=1 toGrounded=1 velocity=(3.990, -2.333, -0.283) expectedTravelCm=74.29 teleport=0 previous=(1.353, 0.008, -1.107) rendered=(1.993, 0.008, -1.153)
[rubber-banding][jump-step] time=55.504 frame=704 focused=1 entity=4 buffer=8 count=1 maxVerticalCm=37.64 horizontalCm=40.05 verticalCm=37.64 frameDeltaMs=175.6 renderTickDelta=10.534 fromTick=2248 toTick=2250 tickSpan=2 receivedSpanMs=0.0 t=1.312 renderOffsetMs=10.4 sourceHorizontalCm=13.32 sourceVerticalCm=0.00 fromGrounded=1 toGrounded=1 velocity=(2.614, -2.333, -3.024) expectedTravelCm=81.26 teleport=0 previous=(-0.154, 0.384, -0.590) rendered=(-0.266, 0.008, -0.975)
[rubber-banding][udp-pump] time=56.167 frame=709 focused=1 windowMs=1120.0 fps=7.1 packets=34 socketAvgMs=32.9 socketP95Ms=145.5 socketMaxMs=161.8 pumpAvgMs=32.9 pumpP95Ms=154.3 pumpMaxMs=160.4 queueDelayAvgMs=88.7 queueDelayP95Ms=104.9 queueDelayMaxMs=109.5 samePump=26 pumpBatchMax=5 queueDepthMax=5 frameMaxMs=160.4
[rubber-banding][local-input] time=56.614 frame=712 focused=1 host=0 room=19 world=5 authority=5 entity=2 windowMs=1109.4 updates=8 fixedCalls=55 commands=32 predictionSteps=32 noCommandUpdates=0 estimatedHostTick=2372 nextInputTick=2378 lastRecordedTick=2378 lastResolvedTick=2368 nextLead=6 recordedLead=6 unresolved=5 clamped=0 clampedTotal=119 batchesSent=526 commandsSent=2061 sendFailures=0 move=(0.00,0.00) jump=0
[rubber-banding][remote-render] time=56.614 frame=712 entity=1 latestHostTick=2368 buffer=8 windowMs=1109.4 fps=7.2 snapshots=33 arrivalSamples=33 arrivalAvgMs=33.6 arrivalP95Ms=149.0 arrivalMaxMs=158.1 sameArrival=25 tickGapMax=2 renderFrames=8 interpolation=5 extrapolation=3 extrapolationCapped=0 extrapolationMaxMs=21.7 oldestHeld=0 zeroSpan=8 movingFrozen=0 teleport=0 visualStepAvgCm=0.00 visualStepMaxCm=0.00 estimatedHostTick=2372 renderTick=2368.200 latestSnapshotTick=2368.000 renderMinusLatestTicks=0.200 estimatedMinusLatestTicks=4.000 sampleT=1.100
[rubber-banding][remote-render] time=56.614 frame=712 entity=3 latestHostTick=2368 buffer=8 windowMs=1109.4 fps=7.2 snapshots=33 arrivalSamples=33 arrivalAvgMs=33.6 arrivalP95Ms=149.0 arrivalMaxMs=158.1 sameArrival=25 tickGapMax=2 renderFrames=8 interpolation=5 extrapolation=3 extrapolationCapped=0 extrapolationMaxMs=21.7 oldestHeld=0 zeroSpan=8 movingFrozen=0 teleport=0 visualStepAvgCm=0.00 visualStepMaxCm=0.00 estimatedHostTick=2372 renderTick=2368.200 latestSnapshotTick=2368.000 renderMinusLatestTicks=0.200 estimatedMinusLatestTicks=4.000 sampleT=1.100
[rubber-banding][remote-render] time=56.614 frame=712 entity=4 latestHostTick=2368 buffer=8 windowMs=1109.4 fps=7.2 snapshots=33 arrivalSamples=33 arrivalAvgMs=33.6 arrivalP95Ms=149.0 arrivalMaxMs=158.1 sameArrival=25 tickGapMax=2 renderFrames=8 interpolation=5 extrapolation=3 extrapolationCapped=0 extrapolationMaxMs=21.7 oldestHeld=0 zeroSpan=8 movingFrozen=0 teleport=0 visualStepAvgCm=53.06 visualStepMaxCm=59.33 estimatedHostTick=2372 renderTick=2368.200 latestSnapshotTick=2368.000 renderMinusLatestTicks=0.200 estimatedMinusLatestTicks=4.000 sampleT=1.100
[rubber-banding][large-step] time=56.614 frame=712 focused=1 entity=4 buffer=8 count=8 maxStepCm=59.33 horizontalCm=59.33 verticalCm=0.00 frameDeltaMs=149.0 renderTickDelta=8.900 fromTick=2366 toTick=2368 tickSpan=2 receivedSpanMs=0.0 t=1.100 renderOffsetMs=3.3 sourceHorizontalCm=13.33 sourceVerticalCm=0.00 fromGrounded=1 toGrounded=1 velocity=(-0.283, -2.333, -3.990) expectedTravelCm=68.99 teleport=0 previous=(3.974, 0.008, 0.933) rendered=(3.932, 0.008, 0.341)
[rubber-banding][udp-pump] time=57.196 frame=716 focused=1 windowMs=1029.0 fps=6.8 packets=30 socketAvgMs=33.3 socketP95Ms=149.4 socketMaxMs=155.1 pumpAvgMs=34.3 pumpP95Ms=158.1 pumpMaxMs=159.6 queueDelayAvgMs=121.7 queueDelayP95Ms=134.3 queueDelayMaxMs=134.5 samePump=23 pumpBatchMax=5 queueDepthMax=5 frameMaxMs=159.6
[rubber-banding][local-input] time=57.649 frame=719 focused=1 host=0 room=19 world=5 authority=5 entity=2 windowMs=1034.9 updates=7 fixedCalls=52 commands=28 predictionSteps=28 noCommandUpdates=0 estimatedHostTick=2434 nextInputTick=2440 lastRecordedTick=2440 lastResolvedTick=2428 nextLead=6 recordedLead=6 unresolved=6 clamped=1 clampedTotal=120 batchesSent=533 commandsSent=2096 sendFailures=0 move=(0.00,0.00) jump=0
[rubber-banding][remote-render] time=57.649 frame=719 entity=1 latestHostTick=2428 buffer=8 windowMs=1034.9 fps=6.8 snapshots=30 arrivalSamples=30 arrivalAvgMs=34.5 arrivalP95Ms=159.6 arrivalMaxMs=164.3 sameArrival=23 tickGapMax=2 renderFrames=7 interpolation=2 extrapolation=5 extrapolationCapped=0 extrapolationMaxMs=45.4 oldestHeld=0 zeroSpan=6 movingFrozen=0 teleport=0 visualStepAvgCm=0.00 visualStepMaxCm=0.00 estimatedHostTick=2434 renderTick=2430.051 latestSnapshotTick=2428.000 renderMinusLatestTicks=2.051 estimatedMinusLatestTicks=6.000 sampleT=2.025
[rubber-banding][remote-render] time=57.649 frame=719 entity=3 latestHostTick=2428 buffer=8 windowMs=1034.9 fps=6.8 snapshots=30 arrivalSamples=30 arrivalAvgMs=34.5 arrivalP95Ms=159.6 arrivalMaxMs=164.3 sameArrival=23 tickGapMax=2 renderFrames=7 interpolation=2 extrapolation=5 extrapolationCapped=0 extrapolationMaxMs=45.4 oldestHeld=0 zeroSpan=6 movingFrozen=0 teleport=0 visualStepAvgCm=0.00 visualStepMaxCm=0.00 estimatedHostTick=2434 renderTick=2430.051 latestSnapshotTick=2428.000 renderMinusLatestTicks=2.051 estimatedMinusLatestTicks=6.000 sampleT=2.025
[rubber-banding][remote-render] time=57.649 frame=719 entity=4 latestHostTick=2428 buffer=8 windowMs=1034.9 fps=6.8 snapshots=30 arrivalSamples=30 arrivalAvgMs=34.5 arrivalP95Ms=159.6 arrivalMaxMs=164.3 sameArrival=23 tickGapMax=2 renderFrames=7 interpolation=2 extrapolation=5 extrapolationCapped=0 extrapolationMaxMs=45.4 oldestHeld=0 zeroSpan=6 movingFrozen=0 teleport=0 visualStepAvgCm=57.47 visualStepMaxCm=65.74 estimatedHostTick=2434 renderTick=2430.051 latestSnapshotTick=2428.000 renderMinusLatestTicks=2.051 estimatedMinusLatestTicks=6.000 sampleT=2.025
[rubber-banding][large-step] time=57.649 frame=719 focused=1 entity=4 buffer=8 count=7 maxStepCm=65.74 horizontalCm=65.74 verticalCm=0.00 frameDeltaMs=164.3 renderTickDelta=9.861 fromTick=2408 toTick=2410 tickSpan=2 receivedSpanMs=0.0 t=2.362 renderOffsetMs=45.4 sourceHorizontalCm=13.33 sourceVerticalCm=0.00 fromGrounded=1 toGrounded=1 velocity=(-3.990, -2.333, 0.283) expectedTravelCm=76.11 teleport=0 previous=(3.409, 0.008, -1.668) rendered=(2.753, 0.008, -1.622)
[rubber-banding][udp-pump] time=58.344 frame=723 focused=1 windowMs=1148.1 fps=6.1 packets=34 socketAvgMs=33.1 socketP95Ms=169.3 socketMaxMs=184.2 pumpAvgMs=33.8 pumpP95Ms=180.2 pumpMaxMs=187.3 queueDelayAvgMs=134.2 queueDelayP95Ms=167.1 queueDelayMaxMs=168.6 samePump=27 pumpBatchMax=8 queueDepthMax=8 frameMaxMs=187.3
[rubber-banding][local-input] time=58.762 frame=726 focused=1 host=0 room=19 world=5 authority=5 entity=2 windowMs=1113.4 updates=7 fixedCalls=56 commands=28 predictionSteps=28 noCommandUpdates=0 estimatedHostTick=2499 nextInputTick=2506 lastRecordedTick=2506 lastResolvedTick=2498 nextLead=7 recordedLead=7 unresolved=5 clamped=1 clampedTotal=121 batchesSent=540 commandsSent=2129 sendFailures=0 move=(0.00,0.00) jump=0
[rubber-banding][remote-render] time=58.762 frame=726 entity=1 latestHostTick=2498 buffer=8 windowMs=1113.4 fps=6.3 snapshots=35 arrivalSamples=35 arrivalAvgMs=31.8 arrivalP95Ms=180.2 arrivalMaxMs=187.3 sameArrival=28 tickGapMax=2 renderFrames=7 interpolation=3 extrapolation=4 extrapolationCapped=0 extrapolationMaxMs=64.6 oldestHeld=0 zeroSpan=7 movingFrozen=0 teleport=0 visualStepAvgCm=0.00 visualStepMaxCm=0.00 estimatedHostTick=2499 renderTick=2495.202 latestSnapshotTick=2498.000 renderMinusLatestTicks=-2.798 estimatedMinusLatestTicks=1.000 sampleT=0.601
[rubber-banding][remote-render] time=58.762 frame=726 entity=3 latestHostTick=2498 buffer=8 windowMs=1113.4 fps=6.3 snapshots=35 arrivalSamples=35 arrivalAvgMs=31.8 arrivalP95Ms=180.2 arrivalMaxMs=187.3 sameArrival=28 tickGapMax=2 renderFrames=7 interpolation=3 extrapolation=4 extrapolationCapped=0 extrapolationMaxMs=64.6 oldestHeld=0 zeroSpan=7 movingFrozen=0 teleport=0 visualStepAvgCm=0.00 visualStepMaxCm=0.00 estimatedHostTick=2499 renderTick=2495.202 latestSnapshotTick=2498.000 renderMinusLatestTicks=-2.798 estimatedMinusLatestTicks=1.000 sampleT=0.601
[rubber-banding][remote-render] time=58.762 frame=726 entity=4 latestHostTick=2498 buffer=8 windowMs=1113.4 fps=6.3 snapshots=35 arrivalSamples=35 arrivalAvgMs=31.8 arrivalP95Ms=180.2 arrivalMaxMs=187.3 sameArrival=28 tickGapMax=2 renderFrames=7 interpolation=3 extrapolation=4 extrapolationCapped=0 extrapolationMaxMs=64.6 oldestHeld=0 zeroSpan=7 movingFrozen=0 teleport=0 visualStepAvgCm=72.68 visualStepMaxCm=100.03 estimatedHostTick=2499 renderTick=2495.202 latestSnapshotTick=2498.000 renderMinusLatestTicks=-2.798 estimatedMinusLatestTicks=1.000 sampleT=0.601
[rubber-banding][large-step] time=58.762 frame=726 focused=1 entity=4 buffer=8 count=7 maxStepCm=100.03 horizontalCm=64.15 verticalCm=76.75 frameDeltaMs=165.9 renderTickDelta=9.622 fromTick=2456 toTick=2458 tickSpan=2 receivedSpanMs=0.0 t=1.749 renderOffsetMs=25.0 sourceHorizontalCm=13.33 sourceVerticalCm=15.87 fromGrounded=0 toGrounded=0 velocity=(0.283, 4.595, 3.990) expectedTravelCm=101.07 teleport=0 previous=(1.169, 0.008, -0.471) rendered=(1.215, 0.775, 0.169)
[rubber-banding][jump-step] time=58.762 frame=726 focused=1 entity=4 buffer=8 count=5 maxVerticalCm=76.75 horizontalCm=64.15 verticalCm=76.75 frameDeltaMs=165.9 renderTickDelta=9.622 fromTick=2456 toTick=2458 tickSpan=2 receivedSpanMs=0.0 t=1.749 renderOffsetMs=25.0 sourceHorizontalCm=13.33 sourceVerticalCm=15.87 fromGrounded=0 toGrounded=0 velocity=(0.283, 4.595, 3.990) expectedTravelCm=101.07 teleport=0 previous=(1.169, 0.008, -0.471) rendered=(1.215, 0.775, 0.169)
[rubber-banding][udp-pump] time=59.346 frame=730 focused=1 windowMs=1001.9 fps=7.0 packets=31 socketAvgMs=33.9 socketP95Ms=148.8 socketMaxMs=175.4 pumpAvgMs=32.3 pumpP95Ms=153.8 pumpMaxMs=154.8 queueDelayAvgMs=99.3 queueDelayP95Ms=126.2 queueDelayMaxMs=127.7 samePump=24 pumpBatchMax=5 queueDepthMax=5 frameMaxMs=154.8
[rubber-banding][local-input] time=59.771 frame=733 focused=1 host=0 room=19 world=5 authority=5 entity=2 windowMs=1009.2 updates=7 fixedCalls=50 commands=28 predictionSteps=28 noCommandUpdates=0 estimatedHostTick=2562 nextInputTick=2569 lastRecordedTick=2569 lastResolvedTick=2560 nextLead=7 recordedLead=7 unresolved=4 clamped=0 clampedTotal=121 batchesSent=547 commandsSent=2162 sendFailures=0 move=(0.00,0.00) jump=0
[rubber-banding][remote-render] time=59.771 frame=733 entity=1 latestHostTick=2560 buffer=8 windowMs=1009.2 fps=6.9 snapshots=31 arrivalSamples=31 arrivalAvgMs=32.6 arrivalP95Ms=152.8 arrivalMaxMs=153.8 sameArrival=24 tickGapMax=2 renderFrames=7 interpolation=7 extrapolation=0 extrapolationCapped=0 extrapolationMaxMs=0.0 oldestHeld=0 zeroSpan=7 movingFrozen=0 teleport=0 visualStepAvgCm=0.00 visualStepMaxCm=0.00 estimatedHostTick=2562 renderTick=2556.636 latestSnapshotTick=2560.000 renderMinusLatestTicks=-3.364 estimatedMinusLatestTicks=2.000 sampleT=0.318
[rubber-banding][remote-render] time=59.771 frame=733 entity=3 latestHostTick=2560 buffer=8 windowMs=1009.2 fps=6.9 snapshots=31 arrivalSamples=31 arrivalAvgMs=32.6 arrivalP95Ms=152.8 arrivalMaxMs=153.8 sameArrival=24 tickGapMax=2 renderFrames=7 interpolation=7 extrapolation=0 extrapolationCapped=0 extrapolationMaxMs=0.0 oldestHeld=0 zeroSpan=7 movingFrozen=0 teleport=0 visualStepAvgCm=0.00 visualStepMaxCm=0.00 estimatedHostTick=2562 renderTick=2556.636 latestSnapshotTick=2560.000 renderMinusLatestTicks=-3.364 estimatedMinusLatestTicks=2.000 sampleT=0.318
[rubber-banding][remote-render] time=59.771 frame=733 entity=4 latestHostTick=2560 buffer=8 windowMs=1009.2 fps=6.9 snapshots=31 arrivalSamples=31 arrivalAvgMs=32.6 arrivalP95Ms=152.8 arrivalMaxMs=153.8 sameArrival=24 tickGapMax=2 renderFrames=7 interpolation=7 extrapolation=0 extrapolationCapped=0 extrapolationMaxMs=0.0 oldestHeld=0 zeroSpan=7 movingFrozen=0 teleport=0 visualStepAvgCm=62.18 visualStepMaxCm=78.15 estimatedHostTick=2562 renderTick=2556.636 latestSnapshotTick=2560.000 renderMinusLatestTicks=-3.364 estimatedMinusLatestTicks=2.000 sampleT=0.318
[rubber-banding][large-step] time=59.771 frame=733 focused=1 entity=4 buffer=8 count=7 maxStepCm=78.15 horizontalCm=52.29 verticalCm=58.08 frameDeltaMs=153.8 renderTickDelta=9.537 fromTick=2530 toTick=2532 tickSpan=2 receivedSpanMs=0.0 t=0.547 renderOffsetMs=-15.1 sourceHorizontalCm=12.00 sourceVerticalCm=15.87 fromGrounded=0 toGrounded=0 velocity=(3.657, 4.595, -0.259) expectedTravelCm=90.42 teleport=0 previous=(3.481, 0.008, 2.138) rendered=(4.002, 0.589, 2.101)
[rubber-banding][jump-step] time=59.771 frame=733 focused=1 entity=4 buffer=8 count=3 maxVerticalCm=58.08 horizontalCm=52.29 verticalCm=58.08 frameDeltaMs=153.8 renderTickDelta=9.537 fromTick=2530 toTick=2532 tickSpan=2 receivedSpanMs=0.0 t=0.547 renderOffsetMs=-15.1 sourceHorizontalCm=12.00 sourceVerticalCm=15.87 fromGrounded=0 toGrounded=0 velocity=(3.657, 4.595, -0.259) expectedTravelCm=90.42 teleport=0 previous=(3.481, 0.008, 2.138) rendered=(4.002, 0.589, 2.101)
[rubber-banding][udp-pump] time=60.365 frame=737 focused=1 windowMs=1019.4 fps=6.9 packets=31 socketAvgMs=32.7 socketP95Ms=153.9 socketMaxMs=159.6 pumpAvgMs=32.9 pumpP95Ms=150.9 pumpMaxMs=159.0 queueDelayAvgMs=84.2 queueDelayP95Ms=107.8 queueDelayMaxMs=108.3 samePump=24 pumpBatchMax=5 queueDepthMax=5 frameMaxMs=159.0
[rubber-banding][local-input] time=60.802 frame=740 focused=1 host=0 room=19 world=5 authority=5 entity=2 windowMs=1030.8 updates=7 fixedCalls=52 commands=28 predictionSteps=28 noCommandUpdates=0 estimatedHostTick=2625 nextInputTick=2632 lastRecordedTick=2632 lastResolvedTick=2622 nextLead=7 recordedLead=7 unresolved=5 clamped=1 clampedTotal=122 batchesSent=554 commandsSent=2197 sendFailures=0 move=(0.00,0.00) jump=0
[rubber-banding][remote-render] time=60.802 frame=740 entity=1 latestHostTick=2622 buffer=8 windowMs=1030.8 fps=6.8 snapshots=31 arrivalSamples=31 arrivalAvgMs=33.3 arrivalP95Ms=153.3 arrivalMaxMs=159.0 sameArrival=24 tickGapMax=2 renderFrames=7 interpolation=6 extrapolation=1 extrapolationCapped=0 extrapolationMaxMs=4.2 oldestHeld=0 zeroSpan=7 movingFrozen=0 teleport=0 visualStepAvgCm=0.00 visualStepMaxCm=0.00 estimatedHostTick=2625 renderTick=2619.287 latestSnapshotTick=2622.000 renderMinusLatestTicks=-2.713 estimatedMinusLatestTicks=3.000 sampleT=0.643
[rubber-banding][remote-render] time=60.802 frame=740 entity=3 latestHostTick=2622 buffer=8 windowMs=1030.8 fps=6.8 snapshots=31 arrivalSamples=31 arrivalAvgMs=33.3 arrivalP95Ms=153.3 arrivalMaxMs=159.0 sameArrival=24 tickGapMax=2 renderFrames=7 interpolation=6 extrapolation=1 extrapolationCapped=0 extrapolationMaxMs=4.2 oldestHeld=0 zeroSpan=7 movingFrozen=0 teleport=0 visualStepAvgCm=0.00 visualStepMaxCm=0.00 estimatedHostTick=2625 renderTick=2619.287 latestSnapshotTick=2622.000 renderMinusLatestTicks=-2.713 estimatedMinusLatestTicks=3.000 sampleT=0.643
[rubber-banding][remote-render] time=60.802 frame=740 entity=4 latestHostTick=2622 buffer=8 windowMs=1030.8 fps=6.8 snapshots=31 arrivalSamples=31 arrivalAvgMs=33.3 arrivalP95Ms=153.3 arrivalMaxMs=159.0 sameArrival=24 tickGapMax=2 renderFrames=7 interpolation=6 extrapolation=1 extrapolationCapped=0 extrapolationMaxMs=4.2 oldestHeld=0 zeroSpan=7 movingFrozen=0 teleport=0 visualStepAvgCm=75.58 visualStepMaxCm=99.87 estimatedHostTick=2625 renderTick=2619.287 latestSnapshotTick=2622.000 renderMinusLatestTicks=-2.713 estimatedMinusLatestTicks=3.000 sampleT=0.643
[rubber-banding][large-step] time=60.802 frame=740 focused=1 entity=4 buffer=8 count=7 maxStepCm=99.87 horizontalCm=62.13 verticalCm=78.18 frameDeltaMs=150.9 renderTickDelta=9.355 fromTick=2564 toTick=2566 tickSpan=2 receivedSpanMs=0.0 t=0.995 renderOffsetMs=-0.2 sourceHorizontalCm=13.33 sourceVerticalCm=17.00 fromGrounded=0 toGrounded=1 velocity=(3.431, -6.738, -2.056) expectedTravelCm=118.24 teleport=0 previous=(5.685, 0.791, 1.940) rendered=(6.255, 0.009, 1.692)
[rubber-banding][jump-step] time=60.802 frame=740 focused=1 entity=4 buffer=8 count=5 maxVerticalCm=79.34 horizontalCm=56.89 verticalCm=79.34 frameDeltaMs=142.2 renderTickDelta=8.534 fromTick=2618 toTick=2620 tickSpan=2 receivedSpanMs=0.0 t=0.643 renderOffsetMs=-11.9 sourceHorizontalCm=13.33 sourceVerticalCm=23.02 fromGrounded=0 toGrounded=0 velocity=(-0.332, -7.072, -3.986) expectedTravelCm=115.56 teleport=0 previous=(6.010, 0.888, -0.799) rendered=(5.961, 0.094, -1.366)
[rubber-banding][udp-pump] time=61.469 frame=746 focused=1 windowMs=1104.4 fps=8.1 packets=34 socketAvgMs=34.2 socketP95Ms=151.6 socketMaxMs=155.1 pumpAvgMs=32.5 pumpP95Ms=142.2 pumpMaxMs=153.3 queueDelayAvgMs=63.9 queueDelayP95Ms=104.0 queueDelayMaxMs=106.5 samePump=25 pumpBatchMax=5 queueDepthMax=5 frameMaxMs=153.3
[rubber-banding][local-input] time=61.873 frame=749 focused=1 host=0 room=19 world=5 authority=5 entity=2 windowMs=1071.3 updates=9 fixedCalls=53 commands=36 predictionSteps=36 noCommandUpdates=0 estimatedHostTick=2691 nextInputTick=2697 lastRecordedTick=2697 lastResolvedTick=2686 nextLead=6 recordedLead=6 unresolved=5 clamped=0 clampedTotal=122 batchesSent=563 commandsSent=2242 sendFailures=0 move=(0.00,0.00) jump=0
[rubber-banding][remote-render] time=61.873 frame=749 entity=1 latestHostTick=2686 buffer=8 windowMs=1071.3 fps=8.4 snapshots=32 arrivalSamples=32 arrivalAvgMs=33.5 arrivalP95Ms=138.6 arrivalMaxMs=142.8 sameArrival=23 tickGapMax=2 renderFrames=9 interpolation=9 extrapolation=0 extrapolationCapped=0 extrapolationMaxMs=0.0 oldestHeld=0 zeroSpan=9 movingFrozen=0 teleport=0 visualStepAvgCm=0.00 visualStepMaxCm=0.00 estimatedHostTick=2691 renderTick=2685.005 latestSnapshotTick=2686.000 renderMinusLatestTicks=-0.995 estimatedMinusLatestTicks=5.000 sampleT=0.503
[rubber-banding][remote-render] time=61.873 frame=749 entity=3 latestHostTick=2686 buffer=8 windowMs=1071.3 fps=8.4 snapshots=32 arrivalSamples=32 arrivalAvgMs=33.5 arrivalP95Ms=138.6 arrivalMaxMs=142.8 sameArrival=23 tickGapMax=2 renderFrames=9 interpolation=9 extrapolation=0 extrapolationCapped=0 extrapolationMaxMs=0.0 oldestHeld=0 zeroSpan=9 movingFrozen=0 teleport=0 visualStepAvgCm=0.00 visualStepMaxCm=0.00 estimatedHostTick=2691 renderTick=2685.005 latestSnapshotTick=2686.000 renderMinusLatestTicks=-0.995 estimatedMinusLatestTicks=5.000 sampleT=0.503
[rubber-banding][remote-render] time=61.873 frame=749 entity=4 latestHostTick=2686 buffer=8 windowMs=1071.3 fps=8.4 snapshots=32 arrivalSamples=32 arrivalAvgMs=33.5 arrivalP95Ms=138.6 arrivalMaxMs=142.8 sameArrival=23 tickGapMax=2 renderFrames=9 interpolation=9 extrapolation=0 extrapolationCapped=0 extrapolationMaxMs=0.0 oldestHeld=0 zeroSpan=9 movingFrozen=0 teleport=0 visualStepAvgCm=57.36 visualStepMaxCm=88.68 estimatedHostTick=2691 renderTick=2685.005 latestSnapshotTick=2686.000 renderMinusLatestTicks=-0.995 estimatedMinusLatestTicks=5.000 sampleT=0.503
[rubber-banding][large-step] time=61.873 frame=749 focused=1 entity=4 buffer=8 count=9 maxStepCm=88.68 horizontalCm=54.31 verticalCm=70.11 frameDeltaMs=142.8 renderTickDelta=8.700 fromTick=2676 toTick=2678 tickSpan=2 receivedSpanMs=0.0 t=0.600 renderOffsetMs=-13.3 sourceHorizontalCm=10.29 sourceVerticalCm=6.32 fromGrounded=0 toGrounded=1 velocity=(-2.614, -2.333, 3.024) expectedTravelCm=66.08 teleport=0 previous=(5.099, 0.734, -4.423) rendered=(4.641, 0.033, -4.715)
[rubber-banding][jump-step] time=61.873 frame=749 focused=1 entity=4 buffer=8 count=5 maxVerticalCm=70.11 horizontalCm=54.31 verticalCm=70.11 frameDeltaMs=142.8 renderTickDelta=8.700 fromTick=2676 toTick=2678 tickSpan=2 receivedSpanMs=0.0 t=0.600 renderOffsetMs=-13.3 sourceHorizontalCm=10.29 sourceVerticalCm=6.32 fromGrounded=0 toGrounded=1 velocity=(-2.614, -2.333, 3.024) expectedTravelCm=66.08 teleport=0 previous=(5.099, 0.734, -4.423) rendered=(4.641, 0.033, -4.715)
[rubber-banding][udp-pump] time=62.493 frame=754 focused=1 windowMs=1023.3 fps=7.8 packets=31 socketAvgMs=32.8 socketP95Ms=132.2 socketMaxMs=138.2 pumpAvgMs=33.0 pumpP95Ms=135.3 pumpMaxMs=142.8 queueDelayAvgMs=66.0 queueDelayP95Ms=76.9 queueDelayMaxMs=79.6 samePump=23 pumpBatchMax=4 queueDepthMax=5 frameMaxMs=142.8
[rubber-banding][local-input] time=62.957 frame=758 focused=1 host=0 room=19 world=5 authority=5 entity=2 windowMs=1084.1 updates=9 fixedCalls=55 commands=36 predictionSteps=36 noCommandUpdates=0 estimatedHostTick=2755 nextInputTick=2761 lastRecordedTick=2761 lastResolvedTick=2752 nextLead=6 recordedLead=6 unresolved=5 clamped=0 clampedTotal=122 batchesSent=572 commandsSent=2287 sendFailures=0 move=(0.00,0.00) jump=0
[rubber-banding][remote-render] time=62.957 frame=758 entity=1 latestHostTick=2752 buffer=8 windowMs=1084.1 fps=8.3 snapshots=33 arrivalSamples=33 arrivalAvgMs=32.9 arrivalP95Ms=133.5 arrivalMaxMs=134.9 sameArrival=24 tickGapMax=2 renderFrames=9 interpolation=9 extrapolation=0 extrapolationCapped=0 extrapolationMaxMs=0.0 oldestHeld=0 zeroSpan=9 movingFrozen=0 teleport=0 visualStepAvgCm=0.00 visualStepMaxCm=0.00 estimatedHostTick=2755 renderTick=2750.051 latestSnapshotTick=2752.000 renderMinusLatestTicks=-1.949 estimatedMinusLatestTicks=3.000 sampleT=0.025
[rubber-banding][remote-render] time=62.957 frame=758 entity=3 latestHostTick=2752 buffer=8 windowMs=1084.1 fps=8.3 snapshots=33 arrivalSamples=33 arrivalAvgMs=32.9 arrivalP95Ms=133.5 arrivalMaxMs=134.9 sameArrival=24 tickGapMax=2 renderFrames=9 interpolation=9 extrapolation=0 extrapolationCapped=0 extrapolationMaxMs=0.0 oldestHeld=0 zeroSpan=9 movingFrozen=0 teleport=0 visualStepAvgCm=0.00 visualStepMaxCm=0.00 estimatedHostTick=2755 renderTick=2750.051 latestSnapshotTick=2752.000 renderMinusLatestTicks=-1.949 estimatedMinusLatestTicks=3.000 sampleT=0.025
[rubber-banding][remote-render] time=62.957 frame=758 entity=4 latestHostTick=2752 buffer=8 windowMs=1084.1 fps=8.3 snapshots=33 arrivalSamples=33 arrivalAvgMs=32.9 arrivalP95Ms=133.5 arrivalMaxMs=134.9 sameArrival=24 tickGapMax=2 renderFrames=9 interpolation=9 extrapolation=0 extrapolationCapped=0 extrapolationMaxMs=0.0 oldestHeld=0 zeroSpan=9 movingFrozen=0 teleport=0 visualStepAvgCm=60.14 visualStepMaxCm=75.49 estimatedHostTick=2755 renderTick=2750.051 latestSnapshotTick=2752.000 renderMinusLatestTicks=-1.949 estimatedMinusLatestTicks=3.000 sampleT=0.025
[rubber-banding][large-step] time=62.957 frame=758 focused=1 entity=4 buffer=8 count=9 maxStepCm=75.49 horizontalCm=48.03 verticalCm=58.24 frameDeltaMs=120.3 renderTickDelta=7.216 fromTick=2728 toTick=2730 tickSpan=2 receivedSpanMs=0.0 t=0.690 renderOffsetMs=-10.3 sourceHorizontalCm=13.33 sourceVerticalCm=19.68 fromGrounded=0 toGrounded=0 velocity=(-2.599, -6.072, 3.041) expectedTravelCm=87.44 teleport=0 previous=(4.231, 0.821, -1.885) rendered=(3.953, 0.239, -1.493)
[rubber-banding][jump-step] time=62.957 frame=758 focused=1 entity=4 buffer=8 count=8 maxVerticalCm=58.24 horizontalCm=48.03 verticalCm=58.24 frameDeltaMs=120.3 renderTickDelta=7.216 fromTick=2728 toTick=2730 tickSpan=2 receivedSpanMs=0.0 t=0.690 renderOffsetMs=-10.3 sourceHorizontalCm=13.33 sourceVerticalCm=19.68 fromGrounded=0 toGrounded=0 velocity=(-2.599, -6.072, 3.041) expectedTravelCm=87.44 teleport=0 previous=(4.231, 0.821, -1.885) rendered=(3.953, 0.239, -1.493)
[rubber-banding][udp-pump] time=63.612 frame=763 focused=1 windowMs=1119.6 fps=8.0 packets=33 socketAvgMs=33.2 socketP95Ms=130.2 socketMaxMs=132.6 pumpAvgMs=33.9 pumpP95Ms=134.6 pumpMaxMs=135.9 queueDelayAvgMs=70.0 queueDelayP95Ms=86.9 queueDelayMaxMs=88.7 samePump=24 pumpBatchMax=4 queueDepthMax=4 frameMaxMs=135.9
[rubber-banding][local-input] time=63.967 frame=766 focused=1 host=0 room=19 world=5 authority=5 entity=2 windowMs=1010.0 updates=8 fixedCalls=50 commands=32 predictionSteps=32 noCommandUpdates=0 estimatedHostTick=2815 nextInputTick=2822 lastRecordedTick=2822 lastResolvedTick=2812 nextLead=7 recordedLead=7 unresolved=5 clamped=0 clampedTotal=122 batchesSent=580 commandsSent=2327 sendFailures=0 move=(0.00,0.00) jump=0
[rubber-banding][remote-render] time=63.967 frame=766 entity=1 latestHostTick=2812 buffer=8 windowMs=1010.0 fps=7.9 snapshots=30 arrivalSamples=30 arrivalAvgMs=33.7 arrivalP95Ms=134.6 arrivalMaxMs=135.9 sameArrival=22 tickGapMax=2 renderFrames=8 interpolation=7 extrapolation=1 extrapolationCapped=0 extrapolationMaxMs=3.4 oldestHeld=0 zeroSpan=8 movingFrozen=0 teleport=0 visualStepAvgCm=0.00 visualStepMaxCm=0.00 estimatedHostTick=2815 renderTick=2810.652 latestSnapshotTick=2812.000 renderMinusLatestTicks=-1.348 estimatedMinusLatestTicks=3.000 sampleT=0.326
[rubber-banding][remote-render] time=63.967 frame=766 entity=3 latestHostTick=2812 buffer=8 windowMs=1010.0 fps=7.9 snapshots=30 arrivalSamples=30 arrivalAvgMs=33.7 arrivalP95Ms=134.6 arrivalMaxMs=135.9 sameArrival=22 tickGapMax=2 renderFrames=8 interpolation=7 extrapolation=1 extrapolationCapped=0 extrapolationMaxMs=3.4 oldestHeld=0 zeroSpan=8 movingFrozen=0 teleport=0 visualStepAvgCm=0.00 visualStepMaxCm=0.00 estimatedHostTick=2815 renderTick=2810.652 latestSnapshotTick=2812.000 renderMinusLatestTicks=-1.348 estimatedMinusLatestTicks=3.000 sampleT=0.326
[rubber-banding][remote-render] time=63.967 frame=766 entity=4 latestHostTick=2812 buffer=8 windowMs=1010.0 fps=7.9 snapshots=30 arrivalSamples=30 arrivalAvgMs=33.7 arrivalP95Ms=134.6 arrivalMaxMs=135.9 sameArrival=22 tickGapMax=2 renderFrames=8 interpolation=7 extrapolation=1 extrapolationCapped=0 extrapolationMaxMs=3.4 oldestHeld=0 zeroSpan=8 movingFrozen=0 teleport=0 visualStepAvgCm=56.55 visualStepMaxCm=85.01 estimatedHostTick=2815 renderTick=2810.652 latestSnapshotTick=2812.000 renderMinusLatestTicks=-1.348 estimatedMinusLatestTicks=3.000 sampleT=0.326
[rubber-banding][large-step] time=63.967 frame=766 focused=1 entity=4 buffer=8 count=8 maxStepCm=85.01 horizontalCm=53.07 verticalCm=66.41 frameDeltaMs=132.9 renderTickDelta=7.972 fromTick=2780 toTick=2782 tickSpan=2 receivedSpanMs=0.0 t=0.632 renderOffsetMs=-12.3 sourceHorizontalCm=13.33 sourceVerticalCm=20.79 fromGrounded=0 toGrounded=0 velocity=(-3.454, -6.405, 2.017) expectedTravelCm=100.34 teleport=0 previous=(1.112, 0.812, -1.038) rendered=(0.627, 0.148, -0.822)
[rubber-banding][jump-step] time=63.967 frame=766 focused=1 entity=4 buffer=8 count=4 maxVerticalCm=66.41 horizontalCm=53.07 verticalCm=66.41 frameDeltaMs=132.9 renderTickDelta=7.972 fromTick=2780 toTick=2782 tickSpan=2 receivedSpanMs=0.0 t=0.632 renderOffsetMs=-12.3 sourceHorizontalCm=13.33 sourceVerticalCm=20.79 fromGrounded=0 toGrounded=0 velocity=(-3.454, -6.405, 2.017) expectedTravelCm=100.34 teleport=0 previous=(1.112, 0.812, -1.038) rendered=(0.627, 0.148, -0.822)
[rubber-banding][udp-pump] time=64.633 frame=771 focused=1 windowMs=1020.8 fps=7.8 packets=31 socketAvgMs=33.3 socketP95Ms=134.6 socketMaxMs=149.7 pumpAvgMs=32.9 pumpP95Ms=134.9 pumpMaxMs=151.3 queueDelayAvgMs=69.2 queueDelayP95Ms=88.6 queueDelayMaxMs=89.6 samePump=23 pumpBatchMax=5 queueDepthMax=5 frameMaxMs=151.2
[rubber-banding][local-input] time=65.050 frame=774 focused=1 host=0 room=19 world=5 authority=5 entity=2 windowMs=1082.8 updates=8 fixedCalls=54 commands=32 predictionSteps=32 noCommandUpdates=0 estimatedHostTick=2879 nextInputTick=2886 lastRecordedTick=2886 lastResolvedTick=2876 nextLead=7 recordedLead=7 unresolved=5 clamped=0 clampedTotal=122 batchesSent=588 commandsSent=2367 sendFailures=0 move=(0.00,0.00) jump=0
[rubber-banding][remote-render] time=65.050 frame=774 entity=1 latestHostTick=2876 buffer=8 windowMs=1082.8 fps=7.4 snapshots=32 arrivalSamples=32 arrivalAvgMs=33.8 arrivalP95Ms=148.6 arrivalMaxMs=151.3 sameArrival=24 tickGapMax=2 renderFrames=8 interpolation=6 extrapolation=2 extrapolationCapped=0 extrapolationMaxMs=12.4 oldestHeld=0 zeroSpan=8 movingFrozen=0 teleport=0 visualStepAvgCm=0.00 visualStepMaxCm=0.00 estimatedHostTick=2879 renderTick=2875.200 latestSnapshotTick=2876.000 renderMinusLatestTicks=-0.800 estimatedMinusLatestTicks=3.000 sampleT=0.600
[rubber-banding][remote-render] time=65.050 frame=774 entity=3 latestHostTick=2876 buffer=8 windowMs=1082.8 fps=7.4 snapshots=32 arrivalSamples=32 arrivalAvgMs=33.8 arrivalP95Ms=148.6 arrivalMaxMs=151.3 sameArrival=24 tickGapMax=2 renderFrames=8 interpolation=6 extrapolation=2 extrapolationCapped=0 extrapolationMaxMs=12.4 oldestHeld=0 zeroSpan=8 movingFrozen=0 teleport=0 visualStepAvgCm=0.00 visualStepMaxCm=0.00 estimatedHostTick=2879 renderTick=2875.200 latestSnapshotTick=2876.000 renderMinusLatestTicks=-0.800 estimatedMinusLatestTicks=3.000 sampleT=0.600
[rubber-banding][remote-render] time=65.050 frame=774 entity=4 latestHostTick=2876 buffer=8 windowMs=1082.8 fps=7.4 snapshots=32 arrivalSamples=32 arrivalAvgMs=33.8 arrivalP95Ms=148.6 arrivalMaxMs=151.3 sameArrival=24 tickGapMax=2 renderFrames=8 interpolation=6 extrapolation=2 extrapolationCapped=0 extrapolationMaxMs=12.4 oldestHeld=0 zeroSpan=8 movingFrozen=0 teleport=0 visualStepAvgCm=37.20 visualStepMaxCm=51.29 estimatedHostTick=2879 renderTick=2875.200 latestSnapshotTick=2876.000 renderMinusLatestTicks=-0.800 estimatedMinusLatestTicks=3.000 sampleT=0.600
[rubber-banding][large-step] time=65.050 frame=774 focused=1 entity=4 buffer=8 count=6 maxStepCm=51.29 horizontalCm=51.29 verticalCm=0.00 frameDeltaMs=141.4 renderTickDelta=8.485 fromTick=2866 toTick=2868 tickSpan=2 receivedSpanMs=0.0 t=0.800 renderOffsetMs=-6.7 sourceHorizontalCm=13.32 sourceVerticalCm=0.00 fromGrounded=1 toGrounded=1 velocity=(3.024, -2.333, 2.614) expectedTravelCm=65.45 teleport=0 previous=(0.440, 0.008, 2.565) rendered=(0.760, 0.008, 2.966)
[rubber-banding][udp-pump] time=65.698 frame=779 focused=1 windowMs=1065.3 fps=7.5 packets=31 socketAvgMs=33.8 socketP95Ms=125.3 socketMaxMs=145.6 pumpAvgMs=34.4 pumpP95Ms=141.4 pumpMaxMs=148.6 queueDelayAvgMs=78.2 queueDelayP95Ms=93.1 queueDelayMaxMs=94.0 samePump=23 pumpBatchMax=4 queueDepthMax=5 frameMaxMs=148.6
[rubber-banding][local-input] time=66.100 frame=782 focused=1 host=0 room=19 world=5 authority=5 entity=2 windowMs=1050.0 updates=8 fixedCalls=53 commands=32 predictionSteps=32 noCommandUpdates=0 estimatedHostTick=2943 nextInputTick=2949 lastRecordedTick=2949 lastResolvedTick=2938 nextLead=6 recordedLead=6 unresolved=5 clamped=0 clampedTotal=122 batchesSent=596 commandsSent=2407 sendFailures=0 move=(0.00,0.00) jump=0
[rubber-banding][remote-render] time=66.100 frame=782 entity=1 latestHostTick=2938 buffer=8 windowMs=1050.0 fps=7.6 snapshots=31 arrivalSamples=31 arrivalAvgMs=33.9 arrivalP95Ms=136.9 arrivalMaxMs=138.7 sameArrival=23 tickGapMax=2 renderFrames=8 interpolation=5 extrapolation=3 extrapolationCapped=0 extrapolationMaxMs=4.7 oldestHeld=0 zeroSpan=8 movingFrozen=0 teleport=0 visualStepAvgCm=0.00 visualStepMaxCm=0.00 estimatedHostTick=2943 renderTick=2938.203 latestSnapshotTick=2938.000 renderMinusLatestTicks=0.203 estimatedMinusLatestTicks=5.000 sampleT=1.101
[rubber-banding][remote-render] time=66.100 frame=782 entity=3 latestHostTick=2938 buffer=8 windowMs=1050.0 fps=7.6 snapshots=31 arrivalSamples=31 arrivalAvgMs=33.9 arrivalP95Ms=136.9 arrivalMaxMs=138.7 sameArrival=23 tickGapMax=2 renderFrames=8 interpolation=5 extrapolation=3 extrapolationCapped=0 extrapolationMaxMs=4.7 oldestHeld=0 zeroSpan=8 movingFrozen=0 teleport=0 visualStepAvgCm=0.00 visualStepMaxCm=0.00 estimatedHostTick=2943 renderTick=2938.203 latestSnapshotTick=2938.000 renderMinusLatestTicks=0.203 estimatedMinusLatestTicks=5.000 sampleT=1.101
[rubber-banding][remote-render] time=66.100 frame=782 entity=4 latestHostTick=2938 buffer=8 windowMs=1050.0 fps=7.6 snapshots=31 arrivalSamples=31 arrivalAvgMs=33.9 arrivalP95Ms=136.9 arrivalMaxMs=138.7 sameArrival=23 tickGapMax=2 renderFrames=8 interpolation=5 extrapolation=3 extrapolationCapped=0 extrapolationMaxMs=4.7 oldestHeld=0 zeroSpan=8 movingFrozen=0 teleport=0 visualStepAvgCm=50.13 visualStepMaxCm=54.60 estimatedHostTick=2943 renderTick=2938.203 latestSnapshotTick=2938.000 renderMinusLatestTicks=0.203 estimatedMinusLatestTicks=5.000 sampleT=1.101
[rubber-banding][large-step] time=66.100 frame=782 focused=1 entity=4 buffer=8 count=8 maxStepCm=54.60 horizontalCm=54.60 verticalCm=0.00 frameDeltaMs=136.6 renderTickDelta=8.196 fromTick=2920 toTick=2922 tickSpan=2 receivedSpanMs=0.0 t=1.141 renderOffsetMs=4.7 sourceHorizontalCm=13.32 sourceVerticalCm=0.00 fromGrounded=1 toGrounded=1 velocity=(-3.024, -2.333, -2.614) expectedTravelCm=63.22 teleport=0 previous=(-0.563, 0.008, 4.042) rendered=(-0.976, 0.008, 3.685)
[rubber-banding][udp-pump] time=66.723 frame=787 focused=1 windowMs=1024.2 fps=7.8 packets=31 socketAvgMs=33.3 socketP95Ms=139.7 socketMaxMs=141.5 pumpAvgMs=33.0 pumpP95Ms=137.0 pumpMaxMs=139.9 queueDelayAvgMs=75.0 queueDelayP95Ms=100.0 queueDelayMaxMs=102.6 samePump=23 pumpBatchMax=5 queueDepthMax=5 frameMaxMs=139.9
[rubber-banding][local-input] time=67.149 frame=790 focused=1 host=0 room=19 world=5 authority=5 entity=2 windowMs=1048.9 updates=8 fixedCalls=52 commands=32 predictionSteps=32 noCommandUpdates=0 estimatedHostTick=3005 nextInputTick=3012 lastRecordedTick=3012 lastResolvedTick=3000 nextLead=7 recordedLead=7 unresolved=5 clamped=0 clampedTotal=122 batchesSent=604 commandsSent=2447 sendFailures=0 move=(0.00,0.00) jump=0
[rubber-banding][remote-render] time=67.149 frame=790 entity=1 latestHostTick=3000 buffer=8 windowMs=1048.9 fps=7.6 snapshots=31 arrivalSamples=31 arrivalAvgMs=33.8 arrivalP95Ms=139.9 arrivalMaxMs=161.0 sameArrival=23 tickGapMax=2 renderFrames=8 interpolation=6 extrapolation=2 extrapolationCapped=0 extrapolationMaxMs=16.5 oldestHeld=0 zeroSpan=8 movingFrozen=0 teleport=0 visualStepAvgCm=0.00 visualStepMaxCm=0.00 estimatedHostTick=3005 renderTick=3000.991 latestSnapshotTick=3000.000 renderMinusLatestTicks=0.991 estimatedMinusLatestTicks=5.000 sampleT=1.496
[rubber-banding][remote-render] time=67.149 frame=790 entity=3 latestHostTick=3000 buffer=8 windowMs=1048.9 fps=7.6 snapshots=31 arrivalSamples=31 arrivalAvgMs=33.8 arrivalP95Ms=139.9 arrivalMaxMs=161.0 sameArrival=23 tickGapMax=2 renderFrames=8 interpolation=6 extrapolation=2 extrapolationCapped=0 extrapolationMaxMs=16.5 oldestHeld=0 zeroSpan=8 movingFrozen=0 teleport=0 visualStepAvgCm=0.00 visualStepMaxCm=0.00 estimatedHostTick=3005 renderTick=3000.991 latestSnapshotTick=3000.000 renderMinusLatestTicks=0.991 estimatedMinusLatestTicks=5.000 sampleT=1.496
[rubber-banding][remote-render] time=67.149 frame=790 entity=4 latestHostTick=3000 buffer=8 windowMs=1048.9 fps=7.6 snapshots=31 arrivalSamples=31 arrivalAvgMs=33.8 arrivalP95Ms=139.9 arrivalMaxMs=161.0 sameArrival=23 tickGapMax=2 renderFrames=8 interpolation=6 extrapolation=2 extrapolationCapped=0 extrapolationMaxMs=16.5 oldestHeld=0 zeroSpan=8 movingFrozen=0 teleport=0 visualStepAvgCm=47.73 visualStepMaxCm=59.52 estimatedHostTick=3005 renderTick=3000.991 latestSnapshotTick=3000.000 renderMinusLatestTicks=0.991 estimatedMinusLatestTicks=5.000 sampleT=1.496
[rubber-banding][large-step] time=67.149 frame=790 focused=1 entity=4 buffer=8 count=8 maxStepCm=59.52 horizontalCm=59.52 verticalCm=0.00 frameDeltaMs=161.0 renderTickDelta=9.662 fromTick=2998 toTick=3000 tickSpan=2 receivedSpanMs=0.0 t=1.496 renderOffsetMs=16.5 sourceHorizontalCm=13.32 sourceVerticalCm=0.00 fromGrounded=1 toGrounded=1 velocity=(2.614, -2.333, -3.024) expectedTravelCm=74.53 teleport=0 previous=(1.466, 0.008, 1.761) rendered=(1.661, 0.008, 1.199)
[rubber-banding][udp-pump] time=67.737 frame=794 focused=1 windowMs=1014.1 fps=6.9 packets=30 socketAvgMs=32.6 socketP95Ms=141.6 socketMaxMs=154.9 pumpAvgMs=33.8 pumpP95Ms=157.3 pumpMaxMs=161.0 queueDelayAvgMs=91.5 queueDelayP95Ms=112.5 queueDelayMaxMs=113.5 samePump=23 pumpBatchMax=5 queueDepthMax=6 frameMaxMs=161.0
[rubber-banding][local-input] time=68.172 frame=797 focused=1 host=0 room=19 world=5 authority=5 entity=2 windowMs=1023.0 updates=7 fixedCalls=51 commands=28 predictionSteps=28 noCommandUpdates=0 estimatedHostTick=3066 nextInputTick=3073 lastRecordedTick=3073 lastResolvedTick=3062 nextLead=7 recordedLead=7 unresolved=5 clamped=1 clampedTotal=123 batchesSent=611 commandsSent=2482 sendFailures=0 move=(0.00,0.00) jump=0
[rubber-banding][remote-render] time=68.172 frame=797 entity=1 latestHostTick=3062 buffer=8 windowMs=1023.0 fps=6.8 snapshots=31 arrivalSamples=31 arrivalAvgMs=33.0 arrivalP95Ms=157.3 arrivalMaxMs=161.4 sameArrival=24 tickGapMax=2 renderFrames=7 interpolation=1 extrapolation=6 extrapolationCapped=0 extrapolationMaxMs=31.4 oldestHeld=0 zeroSpan=7 movingFrozen=0 teleport=0 visualStepAvgCm=0.00 visualStepMaxCm=0.00 estimatedHostTick=3066 renderTick=3062.200 latestSnapshotTick=3062.000 renderMinusLatestTicks=0.200 estimatedMinusLatestTicks=4.000 sampleT=1.100
[rubber-banding][remote-render] time=68.172 frame=797 entity=3 latestHostTick=3062 buffer=8 windowMs=1023.0 fps=6.8 snapshots=31 arrivalSamples=31 arrivalAvgMs=33.0 arrivalP95Ms=157.3 arrivalMaxMs=161.4 sameArrival=24 tickGapMax=2 renderFrames=7 interpolation=1 extrapolation=6 extrapolationCapped=0 extrapolationMaxMs=31.4 oldestHeld=0 zeroSpan=7 movingFrozen=0 teleport=0 visualStepAvgCm=0.00 visualStepMaxCm=0.00 estimatedHostTick=3066 renderTick=3062.200 latestSnapshotTick=3062.000 renderMinusLatestTicks=0.200 estimatedMinusLatestTicks=4.000 sampleT=1.100
[rubber-banding][remote-render] time=68.172 frame=797 entity=4 latestHostTick=3062 buffer=8 windowMs=1023.0 fps=6.8 snapshots=31 arrivalSamples=31 arrivalAvgMs=33.0 arrivalP95Ms=157.3 arrivalMaxMs=161.4 sameArrival=24 tickGapMax=2 renderFrames=7 interpolation=1 extrapolation=6 extrapolationCapped=0 extrapolationMaxMs=31.4 oldestHeld=0 zeroSpan=7 movingFrozen=0 teleport=0 visualStepAvgCm=46.54 visualStepMaxCm=63.10 estimatedHostTick=3066 renderTick=3062.200 latestSnapshotTick=3062.000 renderMinusLatestTicks=0.200 estimatedMinusLatestTicks=4.000 sampleT=1.100
[rubber-banding][large-step] time=68.172 frame=797 focused=1 entity=4 buffer=8 count=6 maxStepCm=63.10 horizontalCm=63.10 verticalCm=0.00 frameDeltaMs=161.4 renderTickDelta=9.682 fromTick=3042 toTick=3044 tickSpan=2 receivedSpanMs=0.0 t=1.941 renderOffsetMs=31.4 sourceHorizontalCm=13.33 sourceVerticalCm=0.00 fromGrounded=1 toGrounded=1 velocity=(3.990, -2.333, -0.283) expectedTravelCm=74.73 teleport=0 previous=(2.532, 0.008, 1.675) rendered=(3.163, 0.008, 1.668)
[rubber-banding][udp-pump] time=68.872 frame=802 focused=1 windowMs=1135.6 fps=7.0 packets=34 socketAvgMs=33.6 socketP95Ms=148.8 socketMaxMs=157.5 pumpAvgMs=33.4 pumpP95Ms=149.4 pumpMaxMs=161.4 queueDelayAvgMs=98.6 queueDelayP95Ms=112.4 queueDelayMaxMs=112.8 samePump=26 pumpBatchMax=5 queueDepthMax=5 frameMaxMs=161.4
[rubber-banding][local-input] time=69.281 frame=805 focused=1 host=0 room=19 world=5 authority=5 entity=2 windowMs=1109.1 updates=8 fixedCalls=56 commands=32 predictionSteps=32 noCommandUpdates=0 estimatedHostTick=3133 nextInputTick=3140 lastRecordedTick=3140 lastResolvedTick=3128 nextLead=7 recordedLead=7 unresolved=5 clamped=0 clampedTotal=123 batchesSent=619 commandsSent=2522 sendFailures=0 move=(0.00,0.00) jump=0
[rubber-banding][remote-render] time=69.281 frame=805 entity=1 latestHostTick=3128 buffer=8 windowMs=1109.1 fps=7.2 snapshots=33 arrivalSamples=33 arrivalAvgMs=33.6 arrivalP95Ms=146.0 arrivalMaxMs=149.4 sameArrival=25 tickGapMax=2 renderFrames=8 interpolation=3 extrapolation=5 extrapolationCapped=0 extrapolationMaxMs=12.5 oldestHeld=0 zeroSpan=8 movingFrozen=0 teleport=0 visualStepAvgCm=0.00 visualStepMaxCm=0.00 estimatedHostTick=3133 renderTick=3128.748 latestSnapshotTick=3128.000 renderMinusLatestTicks=0.748 estimatedMinusLatestTicks=5.000 sampleT=1.374
[rubber-banding][remote-render] time=69.281 frame=805 entity=3 latestHostTick=3128 buffer=8 windowMs=1109.1 fps=7.2 snapshots=33 arrivalSamples=33 arrivalAvgMs=33.6 arrivalP95Ms=146.0 arrivalMaxMs=149.4 sameArrival=25 tickGapMax=2 renderFrames=8 interpolation=3 extrapolation=5 extrapolationCapped=0 extrapolationMaxMs=12.5 oldestHeld=0 zeroSpan=8 movingFrozen=0 teleport=0 visualStepAvgCm=0.00 visualStepMaxCm=0.00 estimatedHostTick=3133 renderTick=3128.748 latestSnapshotTick=3128.000 renderMinusLatestTicks=0.748 estimatedMinusLatestTicks=5.000 sampleT=1.374
[rubber-banding][remote-render] time=69.281 frame=805 entity=4 latestHostTick=3128 buffer=8 windowMs=1109.1 fps=7.2 snapshots=33 arrivalSamples=33 arrivalAvgMs=33.6 arrivalP95Ms=146.0 arrivalMaxMs=149.4 sameArrival=25 tickGapMax=2 renderFrames=8 interpolation=3 extrapolation=5 extrapolationCapped=0 extrapolationMaxMs=12.5 oldestHeld=0 zeroSpan=8 movingFrozen=0 teleport=0 visualStepAvgCm=68.13 visualStepMaxCm=90.35 estimatedHostTick=3133 renderTick=3128.748 latestSnapshotTick=3128.000 renderMinusLatestTicks=0.748 estimatedMinusLatestTicks=5.000 sampleT=1.374
[rubber-banding][large-step] time=69.281 frame=805 focused=1 entity=4 buffer=8 count=8 maxStepCm=90.35 horizontalCm=56.59 verticalCm=70.43 frameDeltaMs=146.0 renderTickDelta=8.761 fromTick=3102 toTick=3104 tickSpan=2 receivedSpanMs=0.0 t=1.098 renderOffsetMs=3.3 sourceHorizontalCm=12.94 sourceVerticalCm=19.68 fromGrounded=0 toGrounded=0 velocity=(-0.602, -6.072, -3.839) expectedTravelCm=105.26 teleport=0 previous=(5.133, 0.863, -0.708) rendered=(5.118, 0.158, -1.273)
[rubber-banding][jump-step] time=69.281 frame=805 focused=1 entity=4 buffer=8 count=8 maxVerticalCm=70.43 horizontalCm=56.59 verticalCm=70.43 frameDeltaMs=146.0 renderTickDelta=8.761 fromTick=3102 toTick=3104 tickSpan=2 receivedSpanMs=0.0 t=1.098 renderOffsetMs=3.3 sourceHorizontalCm=12.94 sourceVerticalCm=19.68 fromGrounded=0 toGrounded=0 velocity=(-0.602, -6.072, -3.839) expectedTravelCm=105.26 teleport=0 previous=(5.133, 0.863, -0.708) rendered=(5.118, 0.158, -1.273)
[rubber-banding][udp-pump] time=69.914 frame=810 focused=1 windowMs=1042.0 fps=7.7 packets=33 socketAvgMs=33.8 socketP95Ms=139.8 socketMaxMs=157.7 pumpAvgMs=31.6 pumpP95Ms=145.6 pumpMaxMs=149.4 queueDelayAvgMs=75.6 queueDelayP95Ms=102.0 queueDelayMaxMs=103.5 samePump=25 pumpBatchMax=5 queueDepthMax=5 frameMaxMs=149.4
[rubber-banding][local-input] time=70.337 frame=813 focused=1 host=0 room=19 world=5 authority=5 entity=2 windowMs=1055.9 updates=8 fixedCalls=53 commands=32 predictionSteps=32 noCommandUpdates=0 estimatedHostTick=3196 nextInputTick=3202 lastRecordedTick=3202 lastResolvedTick=3192 nextLead=6 recordedLead=6 unresolved=5 clamped=0 clampedTotal=123 batchesSent=627 commandsSent=2559 sendFailures=0 move=(0.00,0.00) jump=0
[rubber-banding][remote-render] time=70.337 frame=813 entity=1 latestHostTick=3192 buffer=8 windowMs=1055.9 fps=7.6 snapshots=32 arrivalSamples=32 arrivalAvgMs=33.0 arrivalP95Ms=145.6 arrivalMaxMs=146.8 sameArrival=24 tickGapMax=2 renderFrames=8 interpolation=7 extrapolation=1 extrapolationCapped=0 extrapolationMaxMs=7.2 oldestHeld=0 zeroSpan=8 movingFrozen=0 teleport=0 visualStepAvgCm=0.00 visualStepMaxCm=0.00 estimatedHostTick=3196 renderTick=3191.599 latestSnapshotTick=3192.000 renderMinusLatestTicks=-0.401 estimatedMinusLatestTicks=4.000 sampleT=0.800
[rubber-banding][remote-render] time=70.337 frame=813 entity=3 latestHostTick=3192 buffer=8 windowMs=1055.9 fps=7.6 snapshots=32 arrivalSamples=32 arrivalAvgMs=33.0 arrivalP95Ms=145.6 arrivalMaxMs=146.8 sameArrival=24 tickGapMax=2 renderFrames=8 interpolation=7 extrapolation=1 extrapolationCapped=0 extrapolationMaxMs=7.2 oldestHeld=0 zeroSpan=8 movingFrozen=0 teleport=0 visualStepAvgCm=0.00 visualStepMaxCm=0.00 estimatedHostTick=3196 renderTick=3191.599 latestSnapshotTick=3192.000 renderMinusLatestTicks=-0.401 estimatedMinusLatestTicks=4.000 sampleT=0.800
[rubber-banding][remote-render] time=70.337 frame=813 entity=4 latestHostTick=3192 buffer=8 windowMs=1055.9 fps=7.6 snapshots=32 arrivalSamples=32 arrivalAvgMs=33.0 arrivalP95Ms=145.6 arrivalMaxMs=146.8 sameArrival=24 tickGapMax=2 renderFrames=8 interpolation=7 extrapolation=1 extrapolationCapped=0 extrapolationMaxMs=7.2 oldestHeld=0 zeroSpan=8 movingFrozen=0 teleport=0 visualStepAvgCm=52.76 visualStepMaxCm=76.50 estimatedHostTick=3196 renderTick=3191.599 latestSnapshotTick=3192.000 renderMinusLatestTicks=-0.401 estimatedMinusLatestTicks=4.000 sampleT=0.800
[rubber-banding][large-step] time=70.337 frame=813 focused=1 entity=4 buffer=8 count=8 maxStepCm=76.50 horizontalCm=58.16 verticalCm=49.69 frameDeltaMs=145.6 renderTickDelta=8.738 fromTick=3150 toTick=3152 tickSpan=2 receivedSpanMs=0.0 t=0.969 renderOffsetMs=-1.0 sourceHorizontalCm=13.33 sourceVerticalCm=15.24 fromGrounded=0 toGrounded=0 velocity=(-3.307, -4.738, 2.250) expectedTravelCm=90.31 teleport=0 previous=(3.465, 1.051, 0.481) rendered=(3.021, 0.554, 0.856)
[rubber-banding][jump-step] time=70.337 frame=813 focused=1 entity=4 buffer=8 count=3 maxVerticalCm=54.62 horizontalCm=43.87 verticalCm=54.62 frameDeltaMs=124.6 renderTickDelta=7.262 fromTick=3158 toTick=3160 tickSpan=2 receivedSpanMs=0.0 t=0.600 renderOffsetMs=-13.3 sourceHorizontalCm=13.32 sourceVerticalCm=0.00 fromGrounded=1 toGrounded=1 velocity=(-3.024, -2.333, -2.614) expectedTravelCm=57.67 teleport=0 previous=(3.021, 0.554, 0.856) rendered=(2.604, 0.008, 0.994)
[rubber-banding][udp-pump] time=70.940 frame=817 focused=1 windowMs=1026.0 fps=6.8 packets=29 socketAvgMs=32.6 socketP95Ms=145.8 socketMaxMs=146.2 pumpAvgMs=35.4 pumpP95Ms=156.1 pumpMaxMs=168.3 queueDelayAvgMs=85.5 queueDelayP95Ms=110.3 queueDelayMaxMs=113.3 samePump=22 pumpBatchMax=5 queueDepthMax=6 frameMaxMs=168.3
[rubber-banding][local-input] time=71.379 frame=820 focused=1 host=0 room=19 world=5 authority=5 entity=2 windowMs=1041.2 updates=7 fixedCalls=52 commands=28 predictionSteps=28 noCommandUpdates=0 estimatedHostTick=3260 nextInputTick=3267 lastRecordedTick=3266 lastResolvedTick=3254 nextLead=7 recordedLead=6 unresolved=5 clamped=1 clampedTotal=124 batchesSent=634 commandsSent=2593 sendFailures=0 move=(0.00,0.00) jump=0
[rubber-banding][remote-render] time=71.379 frame=820 entity=1 latestHostTick=3254 buffer=8 windowMs=1041.2 fps=6.7 snapshots=31 arrivalSamples=31 arrivalAvgMs=33.6 arrivalP95Ms=158.9 arrivalMaxMs=168.3 sameArrival=24 tickGapMax=2 renderFrames=7 interpolation=6 extrapolation=1 extrapolationCapped=0 extrapolationMaxMs=3.3 oldestHeld=0 zeroSpan=7 movingFrozen=0 teleport=0 visualStepAvgCm=0.00 visualStepMaxCm=0.00 estimatedHostTick=3260 renderTick=3254.200 latestSnapshotTick=3254.000 renderMinusLatestTicks=0.200 estimatedMinusLatestTicks=6.000 sampleT=1.100
[rubber-banding][remote-render] time=71.379 frame=820 entity=3 latestHostTick=3254 buffer=8 windowMs=1041.2 fps=6.7 snapshots=31 arrivalSamples=31 arrivalAvgMs=33.6 arrivalP95Ms=158.9 arrivalMaxMs=168.3 sameArrival=24 tickGapMax=2 renderFrames=7 interpolation=6 extrapolation=1 extrapolationCapped=0 extrapolationMaxMs=3.3 oldestHeld=0 zeroSpan=7 movingFrozen=0 teleport=0 visualStepAvgCm=0.00 visualStepMaxCm=0.00 estimatedHostTick=3260 renderTick=3254.200 latestSnapshotTick=3254.000 renderMinusLatestTicks=0.200 estimatedMinusLatestTicks=6.000 sampleT=1.100
[rubber-banding][remote-render] time=71.379 frame=820 entity=4 latestHostTick=3254 buffer=8 windowMs=1041.2 fps=6.7 snapshots=31 arrivalSamples=31 arrivalAvgMs=33.6 arrivalP95Ms=158.9 arrivalMaxMs=168.3 sameArrival=24 tickGapMax=2 renderFrames=7 interpolation=6 extrapolation=1 extrapolationCapped=0 extrapolationMaxMs=3.3 oldestHeld=0 zeroSpan=7 movingFrozen=0 teleport=0 visualStepAvgCm=37.97 visualStepMaxCm=59.50 estimatedHostTick=3260 renderTick=3254.200 latestSnapshotTick=3254.000 renderMinusLatestTicks=0.200 estimatedMinusLatestTicks=6.000 sampleT=1.100
[rubber-banding][large-step] time=71.379 frame=820 focused=1 entity=4 buffer=8 count=5 maxStepCm=59.50 horizontalCm=59.50 verticalCm=0.00 frameDeltaMs=156.1 renderTickDelta=9.364 fromTick=3208 toTick=3210 tickSpan=2 receivedSpanMs=0.0 t=0.782 renderOffsetMs=-7.3 sourceHorizontalCm=13.32 sourceVerticalCm=0.00 fromGrounded=1 toGrounded=1 velocity=(3.024, -2.333, 2.614) expectedTravelCm=72.23 teleport=0 previous=(3.004, 0.008, -0.817) rendered=(3.505, 0.008, -0.496)
[rubber-banding][udp-pump] time=72.024 frame=825 focused=1 windowMs=1083.5 fps=7.4 packets=33 socketAvgMs=34.0 socketP95Ms=143.1 socketMaxMs=163.9 pumpAvgMs=32.8 pumpP95Ms=148.5 pumpMaxMs=158.9 queueDelayAvgMs=81.9 queueDelayP95Ms=105.3 queueDelayMaxMs=108.0 samePump=25 pumpBatchMax=5 queueDepthMax=6 frameMaxMs=158.9
[rubber-banding][local-input] time=72.440 frame=828 focused=1 host=0 room=19 world=5 authority=5 entity=2 windowMs=1061.5 updates=8 fixedCalls=53 commands=32 predictionSteps=32 noCommandUpdates=0 estimatedHostTick=3323 nextInputTick=3329 lastRecordedTick=3329 lastResolvedTick=3320 nextLead=6 recordedLead=6 unresolved=5 clamped=0 clampedTotal=124 batchesSent=642 commandsSent=2633 sendFailures=0 move=(0.00,0.00) jump=0
[rubber-banding][remote-render] time=72.440 frame=828 entity=1 latestHostTick=3320 buffer=8 windowMs=1061.5 fps=7.5 snapshots=33 arrivalSamples=33 arrivalAvgMs=32.2 arrivalP95Ms=141.9 arrivalMaxMs=142.7 sameArrival=25 tickGapMax=2 renderFrames=8 interpolation=8 extrapolation=0 extrapolationCapped=0 extrapolationMaxMs=0.0 oldestHeld=0 zeroSpan=8 movingFrozen=0 teleport=0 visualStepAvgCm=0.00 visualStepMaxCm=0.00 estimatedHostTick=3323 renderTick=3317.944 latestSnapshotTick=3320.000 renderMinusLatestTicks=-2.056 estimatedMinusLatestTicks=3.000 sampleT=0.972
[rubber-banding][remote-render] time=72.440 frame=828 entity=3 latestHostTick=3320 buffer=8 windowMs=1061.5 fps=7.5 snapshots=33 arrivalSamples=33 arrivalAvgMs=32.2 arrivalP95Ms=141.9 arrivalMaxMs=142.7 sameArrival=25 tickGapMax=2 renderFrames=8 interpolation=8 extrapolation=0 extrapolationCapped=0 extrapolationMaxMs=0.0 oldestHeld=0 zeroSpan=8 movingFrozen=0 teleport=0 visualStepAvgCm=0.00 visualStepMaxCm=0.00 estimatedHostTick=3323 renderTick=3317.944 latestSnapshotTick=3320.000 renderMinusLatestTicks=-2.056 estimatedMinusLatestTicks=3.000 sampleT=0.972
[rubber-banding][remote-render] time=72.440 frame=828 entity=4 latestHostTick=3320 buffer=8 windowMs=1061.5 fps=7.5 snapshots=33 arrivalSamples=33 arrivalAvgMs=32.2 arrivalP95Ms=141.9 arrivalMaxMs=142.7 sameArrival=25 tickGapMax=2 renderFrames=8 interpolation=8 extrapolation=0 extrapolationCapped=0 extrapolationMaxMs=0.0 oldestHeld=0 zeroSpan=8 movingFrozen=0 teleport=0 visualStepAvgCm=49.83 visualStepMaxCm=56.76 estimatedHostTick=3323 renderTick=3317.944 latestSnapshotTick=3320.000 renderMinusLatestTicks=-2.056 estimatedMinusLatestTicks=3.000 sampleT=0.972
[rubber-banding][large-step] time=72.440 frame=828 focused=1 entity=4 buffer=8 count=8 maxStepCm=56.76 horizontalCm=56.76 verticalCm=0.00 frameDeltaMs=141.9 renderTickDelta=8.514 fromTick=3316 toTick=3318 tickSpan=2 receivedSpanMs=0.0 t=0.972 renderOffsetMs=-0.9 sourceHorizontalCm=13.33 sourceVerticalCm=0.00 fromGrounded=1 toGrounded=1 velocity=(0.283, -2.333, 3.990) expectedTravelCm=65.71 teleport=0 previous=(2.353, 0.008, -0.100) rendered=(2.394, 0.008, 0.466)
[rubber-banding][udp-pump] time=73.035 frame=832 focused=1 windowMs=1011.6 fps=6.9 packets=30 socketAvgMs=33.2 socketP95Ms=139.7 socketMaxMs=149.3 pumpAvgMs=33.7 pumpP95Ms=150.9 pumpMaxMs=152.3 queueDelayAvgMs=82.6 queueDelayP95Ms=103.4 queueDelayMaxMs=104.9 samePump=23 pumpBatchMax=5 queueDepthMax=5 frameMaxMs=152.3
[rubber-banding][local-input] time=73.491 frame=835 focused=1 host=0 room=19 world=5 authority=5 entity=2 windowMs=1050.8 updates=7 fixedCalls=52 commands=28 predictionSteps=28 noCommandUpdates=0 estimatedHostTick=3387 nextInputTick=3394 lastRecordedTick=3394 lastResolvedTick=3382 nextLead=7 recordedLead=7 unresolved=5 clamped=2 clampedTotal=126 batchesSent=649 commandsSent=2668 sendFailures=0 move=(0.00,0.00) jump=0
[rubber-banding][remote-render] time=73.491 frame=835 entity=1 latestHostTick=3382 buffer=8 windowMs=1050.8 fps=6.7 snapshots=31 arrivalSamples=31 arrivalAvgMs=33.9 arrivalP95Ms=152.3 arrivalMaxMs=160.8 sameArrival=24 tickGapMax=2 renderFrames=7 interpolation=4 extrapolation=3 extrapolationCapped=0 extrapolationMaxMs=3.3 oldestHeld=0 zeroSpan=7 movingFrozen=0 teleport=0 visualStepAvgCm=0.00 visualStepMaxCm=0.00 estimatedHostTick=3387 renderTick=3381.654 latestSnapshotTick=3382.000 renderMinusLatestTicks=-0.346 estimatedMinusLatestTicks=5.000 sampleT=0.827
[rubber-banding][remote-render] time=73.491 frame=835 entity=3 latestHostTick=3382 buffer=8 windowMs=1050.8 fps=6.7 snapshots=31 arrivalSamples=31 arrivalAvgMs=33.9 arrivalP95Ms=152.3 arrivalMaxMs=160.8 sameArrival=24 tickGapMax=2 renderFrames=7 interpolation=4 extrapolation=3 extrapolationCapped=0 extrapolationMaxMs=3.3 oldestHeld=0 zeroSpan=7 movingFrozen=0 teleport=0 visualStepAvgCm=0.00 visualStepMaxCm=0.00 estimatedHostTick=3387 renderTick=3381.654 latestSnapshotTick=3382.000 renderMinusLatestTicks=-0.346 estimatedMinusLatestTicks=5.000 sampleT=0.827
[rubber-banding][remote-render] time=73.491 frame=835 entity=4 latestHostTick=3382 buffer=8 windowMs=1050.8 fps=6.7 snapshots=31 arrivalSamples=31 arrivalAvgMs=33.9 arrivalP95Ms=152.3 arrivalMaxMs=160.8 sameArrival=24 tickGapMax=2 renderFrames=7 interpolation=4 extrapolation=3 extrapolationCapped=0 extrapolationMaxMs=3.3 oldestHeld=0 zeroSpan=7 movingFrozen=0 teleport=0 visualStepAvgCm=57.96 visualStepMaxCm=60.93 estimatedHostTick=3387 renderTick=3381.654 latestSnapshotTick=3382.000 renderMinusLatestTicks=-0.346 estimatedMinusLatestTicks=5.000 sampleT=0.827
[rubber-banding][large-step] time=73.491 frame=835 focused=1 entity=4 buffer=8 count=7 maxStepCm=60.93 horizontalCm=60.93 verticalCm=0.00 frameDeltaMs=152.3 renderTickDelta=9.140 fromTick=3344 toTick=3346 tickSpan=2 receivedSpanMs=0.0 t=0.670 renderOffsetMs=-11.0 sourceHorizontalCm=13.33 sourceVerticalCm=0.00 fromGrounded=1 toGrounded=1 velocity=(3.990, -2.333, -0.283) expectedTravelCm=70.54 teleport=0 previous=(3.258, 0.008, 1.080) rendered=(3.866, 0.008, 1.037)
[rubber-banding][udp-pump] time=74.051 frame=839 focused=1 windowMs=1015.7 fps=6.9 packets=31 socketAvgMs=32.5 socketP95Ms=151.8 socketMaxMs=158.4 pumpAvgMs=32.8 pumpP95Ms=157.4 pumpMaxMs=160.8 queueDelayAvgMs=83.4 queueDelayP95Ms=101.4 queueDelayMaxMs=102.9 samePump=24 pumpBatchMax=5 queueDepthMax=5 frameMaxMs=160.8
[rubber-banding][local-input] time=74.627 frame=843 focused=1 host=0 room=19 world=5 authority=5 entity=2 windowMs=1136.1 updates=8 fixedCalls=57 commands=32 predictionSteps=32 noCommandUpdates=0 estimatedHostTick=3454 nextInputTick=3461 lastRecordedTick=3461 lastResolvedTick=3450 nextLead=7 recordedLead=7 unresolved=5 clamped=0 clampedTotal=126 batchesSent=657 commandsSent=2707 sendFailures=0 move=(0.00,0.00) jump=0
[rubber-banding][remote-render] time=74.627 frame=843 entity=1 latestHostTick=3450 buffer=8 windowMs=1136.1 fps=7.0 snapshots=34 arrivalSamples=34 arrivalAvgMs=33.4 arrivalP95Ms=153.7 arrivalMaxMs=157.4 sameArrival=26 tickGapMax=2 renderFrames=8 interpolation=7 extrapolation=1 extrapolationCapped=0 extrapolationMaxMs=0.9 oldestHeld=0 zeroSpan=8 movingFrozen=0 teleport=0 visualStepAvgCm=0.00 visualStepMaxCm=0.00 estimatedHostTick=3454 renderTick=3449.469 latestSnapshotTick=3450.000 renderMinusLatestTicks=-0.531 estimatedMinusLatestTicks=4.000 sampleT=0.734
[rubber-banding][remote-render] time=74.627 frame=843 entity=3 latestHostTick=3450 buffer=8 windowMs=1136.1 fps=7.0 snapshots=34 arrivalSamples=34 arrivalAvgMs=33.4 arrivalP95Ms=153.7 arrivalMaxMs=157.4 sameArrival=26 tickGapMax=2 renderFrames=8 interpolation=7 extrapolation=1 extrapolationCapped=0 extrapolationMaxMs=0.9 oldestHeld=0 zeroSpan=8 movingFrozen=0 teleport=0 visualStepAvgCm=0.00 visualStepMaxCm=0.00 estimatedHostTick=3454 renderTick=3449.469 latestSnapshotTick=3450.000 renderMinusLatestTicks=-0.531 estimatedMinusLatestTicks=4.000 sampleT=0.734
[rubber-banding][remote-render] time=74.627 frame=843 entity=4 latestHostTick=3450 buffer=8 windowMs=1136.1 fps=7.0 snapshots=34 arrivalSamples=34 arrivalAvgMs=33.4 arrivalP95Ms=153.7 arrivalMaxMs=157.4 sameArrival=26 tickGapMax=2 renderFrames=8 interpolation=7 extrapolation=1 extrapolationCapped=0 extrapolationMaxMs=0.9 oldestHeld=0 zeroSpan=8 movingFrozen=0 teleport=0 visualStepAvgCm=54.49 visualStepMaxCm=60.87 estimatedHostTick=3454 renderTick=3449.469 latestSnapshotTick=3450.000 renderMinusLatestTicks=-0.531 estimatedMinusLatestTicks=4.000 sampleT=0.734
[rubber-banding][large-step] time=74.627 frame=843 focused=1 entity=4 buffer=8 count=8 maxStepCm=60.87 horizontalCm=60.87 verticalCm=0.00 frameDeltaMs=153.7 renderTickDelta=9.221 fromTick=3432 toTick=3434 tickSpan=2 receivedSpanMs=0.0 t=0.292 renderOffsetMs=-23.6 sourceHorizontalCm=13.33 sourceVerticalCm=0.00 fromGrounded=1 toGrounded=1 velocity=(0.283, -2.333, 3.990) expectedTravelCm=71.17 teleport=0 previous=(2.178, 0.008, -0.286) rendered=(2.206, 0.008, 0.322)
[rubber-banding][udp-pump] time=75.154 frame=847 focused=1 windowMs=1102.5 fps=7.3 packets=32 socketAvgMs=34.1 socketP95Ms=146.1 socketMaxMs=149.2 pumpAvgMs=34.5 pumpP95Ms=146.6 pumpMaxMs=153.7 queueDelayAvgMs=91.3 queueDelayP95Ms=111.3 queueDelayMaxMs=112.4 samePump=24 pumpBatchMax=5 queueDepthMax=5 frameMaxMs=153.7
[rubber-banding][local-input] time=75.679 frame=851 focused=1 host=0 room=19 world=5 authority=5 entity=2 windowMs=1052.5 updates=8 fixedCalls=53 commands=32 predictionSteps=32 noCommandUpdates=0 estimatedHostTick=3517 nextInputTick=3523 lastRecordedTick=3523 lastResolvedTick=3512 nextLead=6 recordedLead=6 unresolved=5 clamped=0 clampedTotal=126 batchesSent=665 commandsSent=2748 sendFailures=0 move=(0.00,0.00) jump=0
[rubber-banding][remote-render] time=75.679 frame=851 entity=1 latestHostTick=3512 buffer=8 windowMs=1052.5 fps=7.6 snapshots=31 arrivalSamples=31 arrivalAvgMs=34.0 arrivalP95Ms=146.1 arrivalMaxMs=148.4 sameArrival=23 tickGapMax=2 renderFrames=8 interpolation=3 extrapolation=5 extrapolationCapped=0 extrapolationMaxMs=26.5 oldestHeld=0 zeroSpan=8 movingFrozen=0 teleport=0 visualStepAvgCm=0.00 visualStepMaxCm=0.00 estimatedHostTick=3517 renderTick=3512.619 latestSnapshotTick=3512.000 renderMinusLatestTicks=0.619 estimatedMinusLatestTicks=5.000 sampleT=1.309
[rubber-banding][remote-render] time=75.679 frame=851 entity=3 latestHostTick=3512 buffer=8 windowMs=1052.5 fps=7.6 snapshots=31 arrivalSamples=31 arrivalAvgMs=34.0 arrivalP95Ms=146.1 arrivalMaxMs=148.4 sameArrival=23 tickGapMax=2 renderFrames=8 interpolation=3 extrapolation=5 extrapolationCapped=0 extrapolationMaxMs=26.5 oldestHeld=0 zeroSpan=8 movingFrozen=0 teleport=0 visualStepAvgCm=0.00 visualStepMaxCm=0.00 estimatedHostTick=3517 renderTick=3512.619 latestSnapshotTick=3512.000 renderMinusLatestTicks=0.619 estimatedMinusLatestTicks=5.000 sampleT=1.309
[rubber-banding][remote-render] time=75.679 frame=851 entity=4 latestHostTick=3512 buffer=8 windowMs=1052.5 fps=7.6 snapshots=31 arrivalSamples=31 arrivalAvgMs=34.0 arrivalP95Ms=146.1 arrivalMaxMs=148.4 sameArrival=23 tickGapMax=2 renderFrames=8 interpolation=3 extrapolation=5 extrapolationCapped=0 extrapolationMaxMs=26.5 oldestHeld=0 zeroSpan=8 movingFrozen=0 teleport=0 visualStepAvgCm=50.03 visualStepMaxCm=59.31 estimatedHostTick=3517 renderTick=3512.619 latestSnapshotTick=3512.000 renderMinusLatestTicks=0.619 estimatedMinusLatestTicks=5.000 sampleT=1.309
[rubber-banding][large-step] time=75.679 frame=851 focused=1 entity=4 buffer=8 count=8 maxStepCm=59.31 horizontalCm=59.31 verticalCm=0.00 frameDeltaMs=148.4 renderTickDelta=8.903 fromTick=3510 toTick=3512 tickSpan=2 receivedSpanMs=0.0 t=1.309 renderOffsetMs=10.3 sourceHorizontalCm=13.32 sourceVerticalCm=0.00 fromGrounded=1 toGrounded=1 velocity=(-2.614, -2.333, 3.024) expectedTravelCm=68.68 teleport=0 previous=(1.792, 0.008, -0.341) rendered=(1.404, 0.008, 0.107)
[rubber-banding][udp-pump] time=76.175 frame=855 focused=1 windowMs=1021.8 fps=7.8 packets=31 socketAvgMs=33.3 socketP95Ms=142.2 socketMaxMs=143.5 pumpAvgMs=33.0 pumpP95Ms=148.4 pumpMaxMs=149.1 queueDelayAvgMs=95.0 queueDelayP95Ms=113.1 queueDelayMaxMs=115.7 samePump=23 pumpBatchMax=5 queueDepthMax=5 frameMaxMs=149.1
[rubber-banding][local-input] time=76.732 frame=859 focused=1 host=0 room=19 world=5 authority=5 entity=2 windowMs=1052.1 updates=8 fixedCalls=52 commands=32 predictionSteps=32 noCommandUpdates=0 estimatedHostTick=3579 nextInputTick=3586 lastRecordedTick=3586 lastResolvedTick=3574 nextLead=7 recordedLead=7 unresolved=5 clamped=0 clampedTotal=126 batchesSent=673 commandsSent=2787 sendFailures=0 move=(0.00,0.00) jump=0
[rubber-banding][remote-render] time=76.732 frame=859 entity=1 latestHostTick=3574 buffer=8 windowMs=1052.1 fps=7.6 snapshots=31 arrivalSamples=31 arrivalAvgMs=33.9 arrivalP95Ms=149.1 arrivalMaxMs=151.5 sameArrival=23 tickGapMax=2 renderFrames=8 interpolation=4 extrapolation=4 extrapolationCapped=0 extrapolationMaxMs=21.1 oldestHeld=0 zeroSpan=8 movingFrozen=0 teleport=0 visualStepAvgCm=0.00 visualStepMaxCm=0.00 estimatedHostTick=3579 renderTick=3575.048 latestSnapshotTick=3574.000 renderMinusLatestTicks=1.048 estimatedMinusLatestTicks=5.000 sampleT=1.524
[rubber-banding][remote-render] time=76.732 frame=859 entity=3 latestHostTick=3574 buffer=8 windowMs=1052.1 fps=7.6 snapshots=31 arrivalSamples=31 arrivalAvgMs=33.9 arrivalP95Ms=149.1 arrivalMaxMs=151.5 sameArrival=23 tickGapMax=2 renderFrames=8 interpolation=4 extrapolation=4 extrapolationCapped=0 extrapolationMaxMs=21.1 oldestHeld=0 zeroSpan=8 movingFrozen=0 teleport=0 visualStepAvgCm=0.00 visualStepMaxCm=0.00 estimatedHostTick=3579 renderTick=3575.048 latestSnapshotTick=3574.000 renderMinusLatestTicks=1.048 estimatedMinusLatestTicks=5.000 sampleT=1.524
[rubber-banding][remote-render] time=76.732 frame=859 entity=4 latestHostTick=3574 buffer=8 windowMs=1052.1 fps=7.6 snapshots=31 arrivalSamples=31 arrivalAvgMs=33.9 arrivalP95Ms=149.1 arrivalMaxMs=151.5 sameArrival=23 tickGapMax=2 renderFrames=8 interpolation=4 extrapolation=4 extrapolationCapped=0 extrapolationMaxMs=21.1 oldestHeld=0 zeroSpan=8 movingFrozen=0 teleport=0 visualStepAvgCm=50.63 visualStepMaxCm=60.59 estimatedHostTick=3579 renderTick=3575.048 latestSnapshotTick=3574.000 renderMinusLatestTicks=1.048 estimatedMinusLatestTicks=5.000 sampleT=1.524
[rubber-banding][large-step] time=76.732 frame=859 focused=1 entity=4 buffer=8 count=8 maxStepCm=60.59 horizontalCm=60.59 verticalCm=0.00 frameDeltaMs=151.5 renderTickDelta=9.089 fromTick=3548 toTick=3550 tickSpan=2 receivedSpanMs=0.0 t=1.387 renderOffsetMs=12.9 sourceHorizontalCm=13.33 sourceVerticalCm=0.00 fromGrounded=1 toGrounded=1 velocity=(0.283, -2.333, 3.990) expectedTravelCm=70.15 teleport=0 previous=(0.315, 0.008, 1.631) rendered=(0.358, 0.008, 2.236)
[rubber-banding][udp-pump] time=77.226 frame=863 focused=1 windowMs=1050.2 fps=7.6 packets=34 socketAvgMs=33.3 socketP95Ms=125.2 socketMaxMs=131.4 pumpAvgMs=30.9 pumpP95Ms=143.8 pumpMaxMs=151.5 queueDelayAvgMs=83.7 queueDelayP95Ms=127.4 queueDelayMaxMs=129.4 samePump=26 pumpBatchMax=6 queueDepthMax=6 frameMaxMs=151.5
[rubber-banding][local-input] time=77.848 frame=868 focused=1 host=0 room=19 world=5 authority=5 entity=2 windowMs=1116.0 updates=9 fixedCalls=56 commands=27 predictionSteps=27 noCommandUpdates=0 estimatedHostTick=3645 nextInputTick=3651 lastRecordedTick=3651 lastResolvedTick=3648 nextLead=6 recordedLead=6 unresolved=3 clamped=0 clampedTotal=126 batchesSent=682 commandsSent=2815 sendFailures=0 move=(0.00,0.00) jump=0
[rubber-banding][remote-render] time=77.848 frame=868 entity=1 latestHostTick=3648 buffer=8 windowMs=1116.0 fps=8.1 snapshots=37 arrivalSamples=37 arrivalAvgMs=30.2 arrivalP95Ms=131.4 arrivalMaxMs=133.7 sameArrival=28 tickGapMax=2 renderFrames=9 interpolation=8 extrapolation=1 extrapolationCapped=0 extrapolationMaxMs=10.0 oldestHeld=0 zeroSpan=6 movingFrozen=0 teleport=0 visualStepAvgCm=0.00 visualStepMaxCm=0.00 estimatedHostTick=3645 renderTick=3640.659 latestSnapshotTick=3648.000 renderMinusLatestTicks=-7.341 estimatedMinusLatestTicks=-3.000 sampleT=0.329
[rubber-banding][remote-render] time=77.848 frame=868 entity=3 latestHostTick=3648 buffer=8 windowMs=1116.0 fps=8.1 snapshots=37 arrivalSamples=37 arrivalAvgMs=30.2 arrivalP95Ms=131.4 arrivalMaxMs=133.7 sameArrival=28 tickGapMax=2 renderFrames=9 interpolation=8 extrapolation=1 extrapolationCapped=0 extrapolationMaxMs=10.0 oldestHeld=0 zeroSpan=6 movingFrozen=0 teleport=0 visualStepAvgCm=0.00 visualStepMaxCm=0.00 estimatedHostTick=3645 renderTick=3640.659 latestSnapshotTick=3648.000 renderMinusLatestTicks=-7.341 estimatedMinusLatestTicks=-3.000 sampleT=0.329
[rubber-banding][remote-render] time=77.848 frame=868 entity=4 latestHostTick=3648 buffer=8 windowMs=1116.0 fps=8.1 snapshots=37 arrivalSamples=37 arrivalAvgMs=30.2 arrivalP95Ms=131.4 arrivalMaxMs=133.7 sameArrival=28 tickGapMax=2 renderFrames=9 interpolation=8 extrapolation=1 extrapolationCapped=0 extrapolationMaxMs=10.0 oldestHeld=0 zeroSpan=6 movingFrozen=0 teleport=0 visualStepAvgCm=41.77 visualStepMaxCm=78.74 estimatedHostTick=3645 renderTick=3640.659 latestSnapshotTick=3648.000 renderMinusLatestTicks=-7.341 estimatedMinusLatestTicks=-3.000 sampleT=0.329
[rubber-banding][large-step] time=77.848 frame=868 focused=1 entity=4 buffer=8 count=7 maxStepCm=78.74 horizontalCm=46.36 verticalCm=63.65 frameDeltaMs=124.3 renderTickDelta=7.459 fromTick=3640 toTick=3642 tickSpan=2 receivedSpanMs=124.3 t=0.329 renderOffsetMs=-22.4 sourceHorizontalCm=13.33 sourceVerticalCm=12.54 fromGrounded=0 toGrounded=0 velocity=(3.919, 3.595, -0.799) expectedTravelCm=66.86 teleport=0 previous=(-0.295, 0.137, 3.540) rendered=(0.167, 0.773, 3.581)
[rubber-banding][jump-step] time=77.848 frame=868 focused=1 entity=4 buffer=8 count=2 maxVerticalCm=63.65 horizontalCm=46.36 verticalCm=63.65 frameDeltaMs=124.3 renderTickDelta=7.459 fromTick=3640 toTick=3642 tickSpan=2 receivedSpanMs=124.3 t=0.329 renderOffsetMs=-22.4 sourceHorizontalCm=13.33 sourceVerticalCm=12.54 fromGrounded=0 toGrounded=0 velocity=(3.919, 3.595, -0.799) expectedTravelCm=66.86 teleport=0 previous=(-0.295, 0.137, 3.540) rendered=(0.167, 0.773, 3.581)
[rubber-banding][udp-pump] time=78.250 frame=871 focused=1 windowMs=1024.3 fps=7.8 packets=31 socketAvgMs=32.9 socketP95Ms=134.9 socketMaxMs=140.6 pumpAvgMs=33.0 pumpP95Ms=138.9 pumpMaxMs=140.1 queueDelayAvgMs=18.0 queueDelayP95Ms=27.7 queueDelayMaxMs=27.7 samePump=23 pumpBatchMax=5 queueDepthMax=5 frameMaxMs=140.1
[rubber-banding][local-input] time=78.896 frame=876 focused=1 host=0 room=19 world=5 authority=5 entity=2 windowMs=1048.0 updates=8 fixedCalls=52 commands=32 predictionSteps=32 noCommandUpdates=0 estimatedHostTick=3714 nextInputTick=3720 lastRecordedTick=3720 lastResolvedTick=3710 nextLead=6 recordedLead=6 unresolved=5 clamped=0 clampedTotal=126 batchesSent=690 commandsSent=2854 sendFailures=0 move=(0.00,0.00) jump=0
[rubber-banding][remote-render] time=78.896 frame=876 entity=1 latestHostTick=3710 buffer=8 windowMs=1048.0 fps=7.6 snapshots=31 arrivalSamples=31 arrivalAvgMs=33.8 arrivalP95Ms=138.9 arrivalMaxMs=140.1 sameArrival=23 tickGapMax=2 renderFrames=8 interpolation=8 extrapolation=0 extrapolationCapped=0 extrapolationMaxMs=0.0 oldestHeld=0 zeroSpan=6 movingFrozen=0 teleport=0 visualStepAvgCm=0.00 visualStepMaxCm=0.00 estimatedHostTick=3714 renderTick=3705.633 latestSnapshotTick=3710.000 renderMinusLatestTicks=-4.367 estimatedMinusLatestTicks=4.000 sampleT=0.816
[rubber-banding][remote-render] time=78.896 frame=876 entity=3 latestHostTick=3710 buffer=8 windowMs=1048.0 fps=7.6 snapshots=31 arrivalSamples=31 arrivalAvgMs=33.8 arrivalP95Ms=138.9 arrivalMaxMs=140.1 sameArrival=23 tickGapMax=2 renderFrames=8 interpolation=8 extrapolation=0 extrapolationCapped=0 extrapolationMaxMs=0.0 oldestHeld=0 zeroSpan=6 movingFrozen=0 teleport=0 visualStepAvgCm=0.00 visualStepMaxCm=0.00 estimatedHostTick=3714 renderTick=3705.633 latestSnapshotTick=3710.000 renderMinusLatestTicks=-4.367 estimatedMinusLatestTicks=4.000 sampleT=0.816
[rubber-banding][remote-render] time=78.896 frame=876 entity=4 latestHostTick=3710 buffer=8 windowMs=1048.0 fps=7.6 snapshots=31 arrivalSamples=31 arrivalAvgMs=33.8 arrivalP95Ms=138.9 arrivalMaxMs=140.1 sameArrival=23 tickGapMax=2 renderFrames=8 interpolation=8 extrapolation=0 extrapolationCapped=0 extrapolationMaxMs=0.0 oldestHeld=0 zeroSpan=6 movingFrozen=0 teleport=0 visualStepAvgCm=63.98 visualStepMaxCm=84.80 estimatedHostTick=3714 renderTick=3705.633 latestSnapshotTick=3710.000 renderMinusLatestTicks=-4.367 estimatedMinusLatestTicks=4.000 sampleT=0.816
[rubber-banding][large-step] time=78.896 frame=876 focused=1 entity=4 buffer=8 count=8 maxStepCm=84.80 horizontalCm=53.14 verticalCm=66.08 frameDeltaMs=130.5 renderTickDelta=8.090 fromTick=3704 toTick=3706 tickSpan=2 receivedSpanMs=0.0 t=0.816 renderOffsetMs=-6.1 sourceHorizontalCm=13.32 sourceVerticalCm=12.54 fromGrounded=0 toGrounded=0 velocity=(-3.024, 3.595, -2.614) expectedTravelCm=70.15 teleport=0 previous=(0.642, 0.173, 1.326) rendered=(0.240, 0.834, 0.979)
[rubber-banding][jump-step] time=78.896 frame=876 focused=1 entity=4 buffer=8 count=5 maxVerticalCm=66.08 horizontalCm=53.14 verticalCm=66.08 frameDeltaMs=130.5 renderTickDelta=8.090 fromTick=3704 toTick=3706 tickSpan=2 receivedSpanMs=0.0 t=0.816 renderOffsetMs=-6.1 sourceHorizontalCm=13.32 sourceVerticalCm=12.54 fromGrounded=0 toGrounded=0 velocity=(-3.024, 3.595, -2.614) expectedTravelCm=70.15 teleport=0 previous=(0.642, 0.173, 1.326) rendered=(0.240, 0.834, 0.979)
[rubber-banding][udp-pump] time=79.300 frame=879 focused=1 windowMs=1050.1 fps=7.6 packets=31 socketAvgMs=33.5 socketP95Ms=132.9 socketMaxMs=136.8 pumpAvgMs=33.9 pumpP95Ms=138.5 pumpMaxMs=143.3 queueDelayAvgMs=26.4 queueDelayP95Ms=35.5 queueDelayMaxMs=37.5 samePump=23 pumpBatchMax=5 queueDepthMax=5 frameMaxMs=143.3
[rubber-banding][local-input] time=80.017 frame=884 focused=1 host=0 room=19 world=5 authority=5 entity=2 windowMs=1121.2 updates=8 fixedCalls=57 commands=32 predictionSteps=32 noCommandUpdates=0 estimatedHostTick=3781 nextInputTick=3788 lastRecordedTick=3786 lastResolvedTick=3774 nextLead=7 recordedLead=5 unresolved=5 clamped=2 clampedTotal=128 batchesSent=698 commandsSent=2894 sendFailures=0 move=(0.00,0.00) jump=0
[rubber-banding][remote-render] time=80.017 frame=884 entity=1 latestHostTick=3774 buffer=8 windowMs=1121.2 fps=7.1 snapshots=32 arrivalSamples=32 arrivalAvgMs=35.0 arrivalP95Ms=143.6 arrivalMaxMs=157.3 sameArrival=24 tickGapMax=2 renderFrames=8 interpolation=7 extrapolation=1 extrapolationCapped=0 extrapolationMaxMs=14.4 oldestHeld=0 zeroSpan=8 movingFrozen=0 teleport=0 visualStepAvgCm=0.00 visualStepMaxCm=0.00 estimatedHostTick=3781 renderTick=3774.862 latestSnapshotTick=3774.000 renderMinusLatestTicks=0.862 estimatedMinusLatestTicks=7.000 sampleT=1.431
[rubber-banding][remote-render] time=80.017 frame=884 entity=3 latestHostTick=3774 buffer=8 windowMs=1121.2 fps=7.1 snapshots=32 arrivalSamples=32 arrivalAvgMs=35.0 arrivalP95Ms=143.6 arrivalMaxMs=157.3 sameArrival=24 tickGapMax=2 renderFrames=8 interpolation=7 extrapolation=1 extrapolationCapped=0 extrapolationMaxMs=14.4 oldestHeld=0 zeroSpan=8 movingFrozen=0 teleport=0 visualStepAvgCm=0.00 visualStepMaxCm=0.00 estimatedHostTick=3781 renderTick=3774.862 latestSnapshotTick=3774.000 renderMinusLatestTicks=0.862 estimatedMinusLatestTicks=7.000 sampleT=1.431
[rubber-banding][remote-render] time=80.017 frame=884 entity=4 latestHostTick=3774 buffer=8 windowMs=1121.2 fps=7.1 snapshots=32 arrivalSamples=32 arrivalAvgMs=35.0 arrivalP95Ms=143.6 arrivalMaxMs=157.3 sameArrival=24 tickGapMax=2 renderFrames=8 interpolation=7 extrapolation=1 extrapolationCapped=0 extrapolationMaxMs=14.4 oldestHeld=0 zeroSpan=8 movingFrozen=0 teleport=0 visualStepAvgCm=69.06 visualStepMaxCm=79.74 estimatedHostTick=3781 renderTick=3774.862 latestSnapshotTick=3774.000 renderMinusLatestTicks=0.862 estimatedMinusLatestTicks=7.000 sampleT=1.431
[rubber-banding][large-step] time=80.017 frame=884 focused=1 entity=4 buffer=8 count=8 maxStepCm=79.74 horizontalCm=56.58 verticalCm=56.20 frameDeltaMs=157.3 renderTickDelta=9.751 fromTick=3740 toTick=3742 tickSpan=2 receivedSpanMs=0.0 t=0.233 renderOffsetMs=-25.6 sourceHorizontalCm=13.32 sourceVerticalCm=0.00 fromGrounded=1 toGrounded=1 velocity=(-2.614, -2.333, 3.024) expectedTravelCm=72.79 teleport=0 previous=(-1.142, 0.570, 0.063) rendered=(-1.702, 0.008, 0.147)
[rubber-banding][jump-step] time=80.017 frame=884 focused=1 entity=4 buffer=8 count=7 maxVerticalCm=56.20 horizontalCm=56.58 verticalCm=56.20 frameDeltaMs=157.3 renderTickDelta=9.751 fromTick=3740 toTick=3742 tickSpan=2 receivedSpanMs=0.0 t=0.233 renderOffsetMs=-25.6 sourceHorizontalCm=13.32 sourceVerticalCm=0.00 fromGrounded=1 toGrounded=1 velocity=(-2.614, -2.333, 3.024) expectedTravelCm=72.79 teleport=0 previous=(-1.142, 0.570, 0.063) rendered=(-1.702, 0.008, 0.147)
[rubber-banding][udp-pump] time=80.381 frame=887 focused=1 windowMs=1080.9 fps=7.4 packets=32 socketAvgMs=33.2 socketP95Ms=133.6 socketMaxMs=141.8 pumpAvgMs=33.8 pumpP95Ms=143.6 pumpMaxMs=157.3 queueDelayAvgMs=60.9 queueDelayP95Ms=79.4 queueDelayMaxMs=81.1 samePump=24 pumpBatchMax=4 queueDepthMax=5 frameMaxMs=157.3
[rubber-banding][local-input] time=81.130 frame=893 focused=1 host=0 room=19 world=5 authority=5 entity=2 windowMs=1113.2 updates=9 fixedCalls=55 commands=36 predictionSteps=36 noCommandUpdates=0 estimatedHostTick=3846 nextInputTick=3852 lastRecordedTick=3852 lastResolvedTick=3842 nextLead=6 recordedLead=6 unresolved=5 clamped=0 clampedTotal=128 batchesSent=707 commandsSent=2939 sendFailures=0 move=(0.00,0.00) jump=0
[rubber-banding][remote-render] time=81.130 frame=893 entity=1 latestHostTick=3842 buffer=8 windowMs=1113.2 fps=8.1 snapshots=34 arrivalSamples=34 arrivalAvgMs=32.7 arrivalP95Ms=134.0 arrivalMaxMs=138.2 sameArrival=25 tickGapMax=2 renderFrames=9 interpolation=5 extrapolation=4 extrapolationCapped=0 extrapolationMaxMs=16.0 oldestHeld=0 zeroSpan=9 movingFrozen=0 teleport=0 visualStepAvgCm=0.00 visualStepMaxCm=0.00 estimatedHostTick=3846 renderTick=3841.570 latestSnapshotTick=3842.000 renderMinusLatestTicks=-0.430 estimatedMinusLatestTicks=4.000 sampleT=0.785
[rubber-banding][remote-render] time=81.130 frame=893 entity=3 latestHostTick=3842 buffer=8 windowMs=1113.2 fps=8.1 snapshots=34 arrivalSamples=34 arrivalAvgMs=32.7 arrivalP95Ms=134.0 arrivalMaxMs=138.2 sameArrival=25 tickGapMax=2 renderFrames=9 interpolation=5 extrapolation=4 extrapolationCapped=0 extrapolationMaxMs=16.0 oldestHeld=0 zeroSpan=9 movingFrozen=0 teleport=0 visualStepAvgCm=0.00 visualStepMaxCm=0.00 estimatedHostTick=3846 renderTick=3841.570 latestSnapshotTick=3842.000 renderMinusLatestTicks=-0.430 estimatedMinusLatestTicks=4.000 sampleT=0.785
[rubber-banding][remote-render] time=81.130 frame=893 entity=4 latestHostTick=3842 buffer=8 windowMs=1113.2 fps=8.1 snapshots=34 arrivalSamples=34 arrivalAvgMs=32.7 arrivalP95Ms=134.0 arrivalMaxMs=138.2 sameArrival=25 tickGapMax=2 renderFrames=9 interpolation=5 extrapolation=4 extrapolationCapped=0 extrapolationMaxMs=16.0 oldestHeld=0 zeroSpan=9 movingFrozen=0 teleport=0 visualStepAvgCm=61.07 visualStepMaxCm=79.36 estimatedHostTick=3846 renderTick=3841.570 latestSnapshotTick=3842.000 renderMinusLatestTicks=-0.430 estimatedMinusLatestTicks=4.000 sampleT=0.785
[rubber-banding][large-step] time=81.130 frame=893 focused=1 entity=4 buffer=8 count=9 maxStepCm=79.36 horizontalCm=48.86 verticalCm=62.53 frameDeltaMs=123.7 renderTickDelta=7.338 fromTick=3780 toTick=3782 tickSpan=2 receivedSpanMs=0.0 t=1.100 renderOffsetMs=3.3 sourceHorizontalCm=13.33 sourceVerticalCm=19.68 fromGrounded=0 toGrounded=0 velocity=(-3.900, -6.072, 0.890) expectedTravelCm=89.97 teleport=0 previous=(-3.345, 0.783, 1.715) rendered=(-3.812, 0.158, 1.861)
[rubber-banding][jump-step] time=81.130 frame=893 focused=1 entity=4 buffer=8 count=8 maxVerticalCm=62.53 horizontalCm=48.86 verticalCm=62.53 frameDeltaMs=123.7 renderTickDelta=7.338 fromTick=3780 toTick=3782 tickSpan=2 receivedSpanMs=0.0 t=1.100 renderOffsetMs=3.3 sourceHorizontalCm=13.33 sourceVerticalCm=19.68 fromGrounded=0 toGrounded=0 velocity=(-3.900, -6.072, 0.890) expectedTravelCm=89.97 teleport=0 previous=(-3.345, 0.783, 1.715) rendered=(-3.812, 0.158, 1.861)
[rubber-banding][udp-pump] time=81.418 frame=895 focused=1 windowMs=1037.4 fps=7.7 packets=29 socketAvgMs=33.7 socketP95Ms=123.1 socketMaxMs=129.2 pumpAvgMs=35.8 pumpP95Ms=138.2 pumpMaxMs=156.7 queueDelayAvgMs=70.8 queueDelayP95Ms=105.5 queueDelayMaxMs=107.9 samePump=21 pumpBatchMax=4 queueDepthMax=5 frameMaxMs=156.7
[rubber-banding][local-input] time=82.179 frame=901 focused=1 host=0 room=19 world=5 authority=5 entity=2 windowMs=1048.8 updates=8 fixedCalls=53 commands=32 predictionSteps=32 noCommandUpdates=0 estimatedHostTick=3909 nextInputTick=3915 lastRecordedTick=3915 lastResolvedTick=3904 nextLead=6 recordedLead=6 unresolved=5 clamped=1 clampedTotal=129 batchesSent=715 commandsSent=2979 sendFailures=0 move=(0.00,0.00) jump=0
[rubber-banding][remote-render] time=82.179 frame=901 entity=1 latestHostTick=3904 buffer=8 windowMs=1048.8 fps=7.6 snapshots=31 arrivalSamples=31 arrivalAvgMs=33.8 arrivalP95Ms=142.5 arrivalMaxMs=156.7 sameArrival=23 tickGapMax=2 renderFrames=8 interpolation=2 extrapolation=6 extrapolationCapped=0 extrapolationMaxMs=43.5 oldestHeld=0 zeroSpan=8 movingFrozen=0 teleport=0 visualStepAvgCm=0.00 visualStepMaxCm=0.00 estimatedHostTick=3909 renderTick=3904.234 latestSnapshotTick=3904.000 renderMinusLatestTicks=0.234 estimatedMinusLatestTicks=5.000 sampleT=1.117
[rubber-banding][remote-render] time=82.179 frame=901 entity=3 latestHostTick=3904 buffer=8 windowMs=1048.8 fps=7.6 snapshots=31 arrivalSamples=31 arrivalAvgMs=33.8 arrivalP95Ms=142.5 arrivalMaxMs=156.7 sameArrival=23 tickGapMax=2 renderFrames=8 interpolation=2 extrapolation=6 extrapolationCapped=0 extrapolationMaxMs=43.5 oldestHeld=0 zeroSpan=8 movingFrozen=0 teleport=0 visualStepAvgCm=0.00 visualStepMaxCm=0.00 estimatedHostTick=3909 renderTick=3904.234 latestSnapshotTick=3904.000 renderMinusLatestTicks=0.234 estimatedMinusLatestTicks=5.000 sampleT=1.117
[rubber-banding][remote-render] time=82.179 frame=901 entity=4 latestHostTick=3904 buffer=8 windowMs=1048.8 fps=7.6 snapshots=31 arrivalSamples=31 arrivalAvgMs=33.8 arrivalP95Ms=142.5 arrivalMaxMs=156.7 sameArrival=23 tickGapMax=2 renderFrames=8 interpolation=2 extrapolation=6 extrapolationCapped=0 extrapolationMaxMs=43.5 oldestHeld=0 zeroSpan=8 movingFrozen=0 teleport=0 visualStepAvgCm=68.41 visualStepMaxCm=83.74 estimatedHostTick=3909 renderTick=3904.234 latestSnapshotTick=3904.000 renderMinusLatestTicks=0.234 estimatedMinusLatestTicks=5.000 sampleT=1.117
[rubber-banding][large-step] time=82.179 frame=901 focused=1 entity=4 buffer=8 count=8 maxStepCm=83.74 horizontalCm=50.87 verticalCm=66.52 frameDeltaMs=131.7 renderTickDelta=7.637 fromTick=3848 toTick=3850 tickSpan=2 receivedSpanMs=0.0 t=0.603 renderOffsetMs=-13.2 sourceHorizontalCm=13.33 sourceVerticalCm=14.76 fromGrounded=0 toGrounded=0 velocity=(3.993, 4.262, 0.236) expectedTravelCm=76.96 teleport=0 previous=(-2.975, 0.008, -1.474) rendered=(-2.466, 0.673, -1.486)
[rubber-banding][jump-step] time=82.179 frame=901 focused=1 entity=4 buffer=8 count=7 maxVerticalCm=66.52 horizontalCm=50.87 verticalCm=66.52 frameDeltaMs=131.7 renderTickDelta=7.637 fromTick=3848 toTick=3850 tickSpan=2 receivedSpanMs=0.0 t=0.603 renderOffsetMs=-13.2 sourceHorizontalCm=13.33 sourceVerticalCm=14.76 fromGrounded=0 toGrounded=0 velocity=(3.993, 4.262, 0.236) expectedTravelCm=76.96 teleport=0 previous=(-2.975, 0.008, -1.474) rendered=(-2.466, 0.673, -1.486)
[rubber-banding][udp-pump] time=82.475 frame=903 focused=1 windowMs=1056.6 fps=7.6 packets=32 socketAvgMs=33.3 socketP95Ms=132.7 socketMaxMs=150.4 pumpAvgMs=33.0 pumpP95Ms=146.5 pumpMaxMs=149.7 queueDelayAvgMs=77.1 queueDelayP95Ms=99.3 queueDelayMaxMs=101.2 samePump=24 pumpBatchMax=5 queueDepthMax=5 frameMaxMs=149.7
[rubber-banding][local-input] time=83.251 frame=909 focused=1 host=0 room=19 world=5 authority=5 entity=2 windowMs=1071.9 updates=8 fixedCalls=53 commands=32 predictionSteps=32 noCommandUpdates=0 estimatedHostTick=3971 nextInputTick=3978 lastRecordedTick=3978 lastResolvedTick=3970 nextLead=7 recordedLead=7 unresolved=5 clamped=0 clampedTotal=129 batchesSent=723 commandsSent=3019 sendFailures=0 move=(0.00,0.00) jump=0
[rubber-banding][remote-render] time=83.251 frame=909 entity=1 latestHostTick=3970 buffer=8 windowMs=1071.9 fps=7.5 snapshots=33 arrivalSamples=33 arrivalAvgMs=32.5 arrivalP95Ms=146.5 arrivalMaxMs=149.7 sameArrival=25 tickGapMax=2 renderFrames=8 interpolation=6 extrapolation=2 extrapolationCapped=0 extrapolationMaxMs=23.6 oldestHeld=0 zeroSpan=8 movingFrozen=0 teleport=0 visualStepAvgCm=0.00 visualStepMaxCm=0.00 estimatedHostTick=3971 renderTick=3967.200 latestSnapshotTick=3970.000 renderMinusLatestTicks=-2.800 estimatedMinusLatestTicks=1.000 sampleT=0.600
[rubber-banding][remote-render] time=83.251 frame=909 entity=3 latestHostTick=3970 buffer=8 windowMs=1071.9 fps=7.5 snapshots=33 arrivalSamples=33 arrivalAvgMs=32.5 arrivalP95Ms=146.5 arrivalMaxMs=149.7 sameArrival=25 tickGapMax=2 renderFrames=8 interpolation=6 extrapolation=2 extrapolationCapped=0 extrapolationMaxMs=23.6 oldestHeld=0 zeroSpan=8 movingFrozen=0 teleport=0 visualStepAvgCm=0.00 visualStepMaxCm=0.00 estimatedHostTick=3971 renderTick=3967.200 latestSnapshotTick=3970.000 renderMinusLatestTicks=-2.800 estimatedMinusLatestTicks=1.000 sampleT=0.600
[rubber-banding][remote-render] time=83.251 frame=909 entity=4 latestHostTick=3970 buffer=8 windowMs=1071.9 fps=7.5 snapshots=33 arrivalSamples=33 arrivalAvgMs=32.5 arrivalP95Ms=146.5 arrivalMaxMs=149.7 sameArrival=25 tickGapMax=2 renderFrames=8 interpolation=6 extrapolation=2 extrapolationCapped=0 extrapolationMaxMs=23.6 oldestHeld=0 zeroSpan=8 movingFrozen=0 teleport=0 visualStepAvgCm=57.08 visualStepMaxCm=87.54 estimatedHostTick=3971 renderTick=3967.200 latestSnapshotTick=3970.000 renderMinusLatestTicks=-2.800 estimatedMinusLatestTicks=1.000 sampleT=0.600
[rubber-banding][large-step] time=83.251 frame=909 focused=1 entity=4 buffer=8 count=8 maxStepCm=87.54 horizontalCm=55.68 verticalCm=67.54 frameDeltaMs=144.2 renderTickDelta=8.363 fromTick=3928 toTick=3930 tickSpan=2 receivedSpanMs=0.0 t=0.888 renderOffsetMs=-3.7 sourceHorizontalCm=13.33 sourceVerticalCm=19.68 fromGrounded=0 toGrounded=0 velocity=(3.339, -6.072, 2.203) expectedTravelCm=104.84 teleport=0 previous=(1.383, 0.875, 1.227) rendered=(1.828, 0.200, 1.562)
[rubber-banding][jump-step] time=83.251 frame=909 focused=1 entity=4 buffer=8 count=4 maxVerticalCm=67.54 horizontalCm=55.68 verticalCm=67.54 frameDeltaMs=144.2 renderTickDelta=8.363 fromTick=3928 toTick=3930 tickSpan=2 receivedSpanMs=0.0 t=0.888 renderOffsetMs=-3.7 sourceHorizontalCm=13.33 sourceVerticalCm=19.68 fromGrounded=0 toGrounded=0 velocity=(3.339, -6.072, 2.203) expectedTravelCm=104.84 teleport=0 previous=(1.383, 0.875, 1.227) rendered=(1.828, 0.200, 1.562)
[rubber-banding][udp-pump] time=83.528 frame=911 focused=1 windowMs=1052.9 fps=7.6 packets=34 socketAvgMs=33.1 socketP95Ms=149.5 socketMaxMs=155.8 pumpAvgMs=31.0 pumpP95Ms=144.2 pumpMaxMs=159.6 queueDelayAvgMs=52.8 queueDelayP95Ms=80.2 queueDelayMaxMs=82.3 samePump=26 pumpBatchMax=5 queueDepthMax=5 frameMaxMs=159.6
[rubber-banding][local-input] time=84.303 frame=917 focused=1 host=0 room=19 world=5 authority=5 entity=2 windowMs=1052.6 updates=8 fixedCalls=53 commands=32 predictionSteps=32 noCommandUpdates=0 estimatedHostTick=4037 nextInputTick=4044 lastRecordedTick=4044 lastResolvedTick=4034 nextLead=7 recordedLead=7 unresolved=5 clamped=0 clampedTotal=129 batchesSent=731 commandsSent=3058 sendFailures=0 move=(0.00,0.00) jump=0
[rubber-banding][remote-render] time=84.303 frame=917 entity=1 latestHostTick=4034 buffer=8 windowMs=1052.6 fps=7.6 snapshots=32 arrivalSamples=32 arrivalAvgMs=32.9 arrivalP95Ms=150.6 arrivalMaxMs=159.6 sameArrival=24 tickGapMax=2 renderFrames=8 interpolation=8 extrapolation=0 extrapolationCapped=0 extrapolationMaxMs=0.0 oldestHeld=0 zeroSpan=8 movingFrozen=0 teleport=0 visualStepAvgCm=0.00 visualStepMaxCm=0.00 estimatedHostTick=4037 renderTick=4031.200 latestSnapshotTick=4034.000 renderMinusLatestTicks=-2.800 estimatedMinusLatestTicks=3.000 sampleT=0.600
[rubber-banding][remote-render] time=84.303 frame=917 entity=3 latestHostTick=4034 buffer=8 windowMs=1052.6 fps=7.6 snapshots=32 arrivalSamples=32 arrivalAvgMs=32.9 arrivalP95Ms=150.6 arrivalMaxMs=159.6 sameArrival=24 tickGapMax=2 renderFrames=8 interpolation=8 extrapolation=0 extrapolationCapped=0 extrapolationMaxMs=0.0 oldestHeld=0 zeroSpan=8 movingFrozen=0 teleport=0 visualStepAvgCm=0.00 visualStepMaxCm=0.00 estimatedHostTick=4037 renderTick=4031.200 latestSnapshotTick=4034.000 renderMinusLatestTicks=-2.800 estimatedMinusLatestTicks=3.000 sampleT=0.600
[rubber-banding][remote-render] time=84.303 frame=917 entity=4 latestHostTick=4034 buffer=8 windowMs=1052.6 fps=7.6 snapshots=32 arrivalSamples=32 arrivalAvgMs=32.9 arrivalP95Ms=150.6 arrivalMaxMs=159.6 sameArrival=24 tickGapMax=2 renderFrames=8 interpolation=8 extrapolation=0 extrapolationCapped=0 extrapolationMaxMs=0.0 oldestHeld=0 zeroSpan=8 movingFrozen=0 teleport=0 visualStepAvgCm=52.27 visualStepMaxCm=65.98 estimatedHostTick=4037 renderTick=4031.200 latestSnapshotTick=4034.000 renderMinusLatestTicks=-2.800 estimatedMinusLatestTicks=3.000 sampleT=0.600
[rubber-banding][large-step] time=84.303 frame=917 focused=1 entity=4 buffer=8 count=8 maxStepCm=65.98 horizontalCm=65.98 verticalCm=0.00 frameDeltaMs=159.6 renderTickDelta=9.897 fromTick=3976 toTick=3978 tickSpan=2 receivedSpanMs=0.0 t=0.548 renderOffsetMs=-15.1 sourceHorizontalCm=13.33 sourceVerticalCm=0.00 fromGrounded=1 toGrounded=1 velocity=(-0.283, -2.333, -3.990) expectedTravelCm=73.92 teleport=0 previous=(4.026, 0.008, 1.035) rendered=(3.979, 0.008, 0.377)
[rubber-banding][udp-pump] time=84.573 frame=919 focused=1 windowMs=1045.2 fps=7.7 packets=31 socketAvgMs=32.9 socketP95Ms=140.5 socketMaxMs=144.6 pumpAvgMs=33.7 pumpP95Ms=138.9 pumpMaxMs=150.6 queueDelayAvgMs=36.6 queueDelayP95Ms=49.0 queueDelayMaxMs=49.5 samePump=23 pumpBatchMax=5 queueDepthMax=5 frameMaxMs=150.6
[rubber-banding][local-input] time=85.381 frame=925 focused=1 host=0 room=19 world=5 authority=5 entity=2 windowMs=1077.7 updates=8 fixedCalls=54 commands=32 predictionSteps=32 noCommandUpdates=0 estimatedHostTick=4102 nextInputTick=4108 lastRecordedTick=4108 lastResolvedTick=4098 nextLead=6 recordedLead=6 unresolved=5 clamped=0 clampedTotal=129 batchesSent=739 commandsSent=3098 sendFailures=0 move=(0.00,0.00) jump=0
[rubber-banding][remote-render] time=85.381 frame=925 entity=1 latestHostTick=4098 buffer=8 windowMs=1077.7 fps=7.4 snapshots=32 arrivalSamples=32 arrivalAvgMs=33.7 arrivalP95Ms=145.2 arrivalMaxMs=146.0 sameArrival=24 tickGapMax=2 renderFrames=8 interpolation=7 extrapolation=1 extrapolationCapped=0 extrapolationMaxMs=7.6 oldestHeld=0 zeroSpan=8 movingFrozen=0 teleport=0 visualStepAvgCm=0.00 visualStepMaxCm=0.00 estimatedHostTick=4102 renderTick=4096.638 latestSnapshotTick=4098.000 renderMinusLatestTicks=-1.362 estimatedMinusLatestTicks=4.000 sampleT=0.319
[rubber-banding][remote-render] time=85.381 frame=925 entity=3 latestHostTick=4098 buffer=8 windowMs=1077.7 fps=7.4 snapshots=32 arrivalSamples=32 arrivalAvgMs=33.7 arrivalP95Ms=145.2 arrivalMaxMs=146.0 sameArrival=24 tickGapMax=2 renderFrames=8 interpolation=7 extrapolation=1 extrapolationCapped=0 extrapolationMaxMs=7.6 oldestHeld=0 zeroSpan=8 movingFrozen=0 teleport=0 visualStepAvgCm=0.00 visualStepMaxCm=0.00 estimatedHostTick=4102 renderTick=4096.638 latestSnapshotTick=4098.000 renderMinusLatestTicks=-1.362 estimatedMinusLatestTicks=4.000 sampleT=0.319
[rubber-banding][remote-render] time=85.381 frame=925 entity=4 latestHostTick=4098 buffer=8 windowMs=1077.7 fps=7.4 snapshots=32 arrivalSamples=32 arrivalAvgMs=33.7 arrivalP95Ms=145.2 arrivalMaxMs=146.0 sameArrival=24 tickGapMax=2 renderFrames=8 interpolation=7 extrapolation=1 extrapolationCapped=0 extrapolationMaxMs=7.6 oldestHeld=0 zeroSpan=8 movingFrozen=0 teleport=0 visualStepAvgCm=53.54 visualStepMaxCm=58.38 estimatedHostTick=4102 renderTick=4096.638 latestSnapshotTick=4098.000 renderMinusLatestTicks=-1.362 estimatedMinusLatestTicks=4.000 sampleT=0.319
[rubber-banding][large-step] time=85.381 frame=925 focused=1 entity=4 buffer=8 count=8 maxStepCm=58.38 horizontalCm=58.38 verticalCm=0.00 frameDeltaMs=146.0 renderTickDelta=8.763 fromTick=4078 toTick=4080 tickSpan=2 receivedSpanMs=0.0 t=1.227 renderOffsetMs=7.6 sourceHorizontalCm=13.32 sourceVerticalCm=0.00 fromGrounded=1 toGrounded=1 velocity=(3.024, -2.333, 2.614) expectedTravelCm=67.60 teleport=0 previous=(2.290, 0.008, 0.773) rendered=(2.732, 0.008, 1.154)
[rubber-banding][udp-pump] time=85.647 frame=927 focused=1 windowMs=1074.3 fps=7.4 packets=32 socketAvgMs=33.8 socketP95Ms=136.0 socketMaxMs=144.6 pumpAvgMs=33.6 pumpP95Ms=145.2 pumpMaxMs=146.0 queueDelayAvgMs=48.9 queueDelayP95Ms=65.1 queueDelayMaxMs=67.2 samePump=24 pumpBatchMax=5 queueDepthMax=5 frameMaxMs=146.1
[rubber-banding][local-input] time=86.415 frame=933 focused=1 host=0 room=19 world=5 authority=5 entity=2 windowMs=1034.0 updates=8 fixedCalls=51 commands=32 predictionSteps=32 noCommandUpdates=0 estimatedHostTick=4165 nextInputTick=4171 lastRecordedTick=4171 lastResolvedTick=4160 nextLead=6 recordedLead=6 unresolved=5 clamped=0 clampedTotal=129 batchesSent=747 commandsSent=3138 sendFailures=0 move=(0.00,0.00) jump=0
[rubber-banding][remote-render] time=86.415 frame=933 entity=1 latestHostTick=4160 buffer=8 windowMs=1034.0 fps=7.7 snapshots=31 arrivalSamples=31 arrivalAvgMs=33.4 arrivalP95Ms=141.2 arrivalMaxMs=146.8 sameArrival=23 tickGapMax=2 renderFrames=8 interpolation=8 extrapolation=0 extrapolationCapped=0 extrapolationMaxMs=0.0 oldestHeld=0 zeroSpan=8 movingFrozen=0 teleport=0 visualStepAvgCm=0.00 visualStepMaxCm=0.00 estimatedHostTick=4165 renderTick=4159.256 latestSnapshotTick=4160.000 renderMinusLatestTicks=-0.744 estimatedMinusLatestTicks=5.000 sampleT=0.628
[rubber-banding][remote-render] time=86.415 frame=933 entity=3 latestHostTick=4160 buffer=8 windowMs=1034.0 fps=7.7 snapshots=31 arrivalSamples=31 arrivalAvgMs=33.4 arrivalP95Ms=141.2 arrivalMaxMs=146.8 sameArrival=23 tickGapMax=2 renderFrames=8 interpolation=8 extrapolation=0 extrapolationCapped=0 extrapolationMaxMs=0.0 oldestHeld=0 zeroSpan=8 movingFrozen=0 teleport=0 visualStepAvgCm=0.00 visualStepMaxCm=0.00 estimatedHostTick=4165 renderTick=4159.256 latestSnapshotTick=4160.000 renderMinusLatestTicks=-0.744 estimatedMinusLatestTicks=5.000 sampleT=0.628
[rubber-banding][remote-render] time=86.415 frame=933 entity=4 latestHostTick=4160 buffer=8 windowMs=1034.0 fps=7.7 snapshots=31 arrivalSamples=31 arrivalAvgMs=33.4 arrivalP95Ms=141.2 arrivalMaxMs=146.8 sameArrival=23 tickGapMax=2 renderFrames=8 interpolation=8 extrapolation=0 extrapolationCapped=0 extrapolationMaxMs=0.0 oldestHeld=0 zeroSpan=8 movingFrozen=0 teleport=0 visualStepAvgCm=48.62 visualStepMaxCm=55.56 estimatedHostTick=4165 renderTick=4159.256 latestSnapshotTick=4160.000 renderMinusLatestTicks=-0.744 estimatedMinusLatestTicks=5.000 sampleT=0.628
[rubber-banding][large-step] time=86.415 frame=933 focused=1 entity=4 buffer=8 count=8 maxStepCm=55.56 horizontalCm=55.56 verticalCm=0.00 frameDeltaMs=139.0 renderTickDelta=8.340 fromTick=4142 toTick=4144 tickSpan=2 receivedSpanMs=0.0 t=0.770 renderOffsetMs=-7.7 sourceHorizontalCm=13.32 sourceVerticalCm=0.00 fromGrounded=1 toGrounded=1 velocity=(-3.024, -2.333, -2.614) expectedTravelCm=64.33 teleport=0 previous=(3.580, 0.008, -0.365) rendered=(3.160, 0.008, -0.728)
[rubber-banding][udp-pump] time=86.671 frame=935 focused=1 windowMs=1023.7 fps=7.8 packets=31 socketAvgMs=33.2 socketP95Ms=133.9 socketMaxMs=146.2 pumpAvgMs=33.0 pumpP95Ms=141.2 pumpMaxMs=146.8 queueDelayAvgMs=32.5 queueDelayP95Ms=47.5 queueDelayMaxMs=49.1 samePump=23 pumpBatchMax=5 queueDepthMax=5 frameMaxMs=146.8
[rubber-banding][local-input] time=87.448 frame=941 focused=1 host=0 room=19 world=5 authority=5 entity=2 windowMs=1032.7 updates=8 fixedCalls=52 commands=31 predictionSteps=31 noCommandUpdates=0 estimatedHostTick=4226 nextInputTick=4232 lastRecordedTick=4228 lastResolvedTick=4216 nextLead=6 recordedLead=2 unresolved=8 clamped=1 clampedTotal=130 batchesSent=755 commandsSent=3181 sendFailures=0 move=(0.00,0.00) jump=0
[rubber-banding][remote-render] time=87.448 frame=941 entity=1 latestHostTick=4216 buffer=8 windowMs=1032.7 fps=7.7 snapshots=28 arrivalSamples=28 arrivalAvgMs=32.6 arrivalP95Ms=139.6 arrivalMaxMs=139.9 sameArrival=21 tickGapMax=2 renderFrames=8 interpolation=7 extrapolation=1 extrapolationCapped=0 extrapolationMaxMs=87.0 oldestHeld=0 zeroSpan=8 movingFrozen=0 teleport=0 visualStepAvgCm=0.00 visualStepMaxCm=0.00 estimatedHostTick=4226 renderTick=4221.221 latestSnapshotTick=4216.000 renderMinusLatestTicks=5.221 estimatedMinusLatestTicks=10.000 sampleT=3.611
[rubber-banding][remote-render] time=87.448 frame=941 entity=3 latestHostTick=4216 buffer=8 windowMs=1032.7 fps=7.7 snapshots=28 arrivalSamples=28 arrivalAvgMs=32.6 arrivalP95Ms=139.6 arrivalMaxMs=139.9 sameArrival=21 tickGapMax=2 renderFrames=8 interpolation=7 extrapolation=1 extrapolationCapped=0 extrapolationMaxMs=87.0 oldestHeld=0 zeroSpan=8 movingFrozen=0 teleport=0 visualStepAvgCm=0.00 visualStepMaxCm=0.00 estimatedHostTick=4226 renderTick=4221.221 latestSnapshotTick=4216.000 renderMinusLatestTicks=5.221 estimatedMinusLatestTicks=10.000 sampleT=3.611
[rubber-banding][remote-render] time=87.448 frame=941 entity=4 latestHostTick=4216 buffer=8 windowMs=1032.7 fps=7.7 snapshots=28 arrivalSamples=28 arrivalAvgMs=32.6 arrivalP95Ms=139.6 arrivalMaxMs=139.9 sameArrival=21 tickGapMax=2 renderFrames=8 interpolation=7 extrapolation=1 extrapolationCapped=0 extrapolationMaxMs=87.0 oldestHeld=0 zeroSpan=8 movingFrozen=0 teleport=0 visualStepAvgCm=25.35 visualStepMaxCm=39.67 estimatedHostTick=4226 renderTick=4221.221 latestSnapshotTick=4216.000 renderMinusLatestTicks=5.221 estimatedMinusLatestTicks=10.000 sampleT=3.611
[rubber-banding][large-step] time=87.448 frame=941 focused=1 entity=4 buffer=8 count=4 maxStepCm=39.67 horizontalCm=39.67 verticalCm=0.00 frameDeltaMs=119.6 renderTickDelta=7.177 fromTick=4198 toTick=4200 tickSpan=2 receivedSpanMs=0.0 t=0.280 renderOffsetMs=-24.0 sourceHorizontalCm=7.61 sourceVerticalCm=0.00 fromGrounded=1 toGrounded=1 velocity=(0.283, -2.333, 3.990) expectedTravelCm=55.39 teleport=0 previous=(2.631, 0.008, -0.892) rendered=(2.619, 0.008, -0.495)
[rubber-banding][udp-pump] time=87.709 frame=943 focused=1 windowMs=1038.2 fps=7.7 packets=28 socketAvgMs=33.6 socketP95Ms=134.0 socketMaxMs=141.5 pumpAvgMs=32.5 pumpP95Ms=139.9 pumpMaxMs=252.8 queueDelayAvgMs=36.4 queueDelayP95Ms=124.4 queueDelayMaxMs=128.9 samePump=22 pumpBatchMax=8 queueDepthMax=8 frameMaxMs=139.9
[rubber-banding][local-input] time=88.475 frame=949 focused=1 host=0 room=19 world=5 authority=5 entity=2 windowMs=1027.5 updates=8 fixedCalls=51 commands=32 predictionSteps=32 noCommandUpdates=0 estimatedHostTick=4282 nextInputTick=4289 lastRecordedTick=4289 lastResolvedTick=4280 nextLead=7 recordedLead=7 unresolved=5 clamped=0 clampedTotal=130 batchesSent=763 commandsSent=3223 sendFailures=0 move=(0.00,0.00) jump=0
[rubber-banding][remote-render] time=88.475 frame=949 entity=1 latestHostTick=4280 buffer=8 windowMs=1027.5 fps=7.8 snapshots=32 arrivalSamples=32 arrivalAvgMs=35.8 arrivalP95Ms=252.8 arrivalMaxMs=254.9 sameArrival=25 tickGapMax=2 renderFrames=8 interpolation=1 extrapolation=7 extrapolationCapped=0 extrapolationMaxMs=73.1 oldestHeld=0 zeroSpan=8 movingFrozen=0 teleport=0 visualStepAvgCm=0.00 visualStepMaxCm=0.00 estimatedHostTick=4282 renderTick=4280.814 latestSnapshotTick=4280.000 renderMinusLatestTicks=0.814 estimatedMinusLatestTicks=2.000 sampleT=1.407
[rubber-banding][remote-render] time=88.475 frame=949 entity=3 latestHostTick=4280 buffer=8 windowMs=1027.5 fps=7.8 snapshots=32 arrivalSamples=32 arrivalAvgMs=35.8 arrivalP95Ms=252.8 arrivalMaxMs=254.9 sameArrival=25 tickGapMax=2 renderFrames=8 interpolation=1 extrapolation=7 extrapolationCapped=0 extrapolationMaxMs=73.1 oldestHeld=0 zeroSpan=8 movingFrozen=0 teleport=0 visualStepAvgCm=0.00 visualStepMaxCm=0.00 estimatedHostTick=4282 renderTick=4280.814 latestSnapshotTick=4280.000 renderMinusLatestTicks=0.814 estimatedMinusLatestTicks=2.000 sampleT=1.407
[rubber-banding][remote-render] time=88.475 frame=949 entity=4 latestHostTick=4280 buffer=8 windowMs=1027.5 fps=7.8 snapshots=32 arrivalSamples=32 arrivalAvgMs=35.8 arrivalP95Ms=252.8 arrivalMaxMs=254.9 sameArrival=25 tickGapMax=2 renderFrames=8 interpolation=1 extrapolation=7 extrapolationCapped=0 extrapolationMaxMs=73.1 oldestHeld=0 zeroSpan=8 movingFrozen=0 teleport=0 visualStepAvgCm=47.44 visualStepMaxCm=55.12 estimatedHostTick=4282 renderTick=4280.814 latestSnapshotTick=4280.000 renderMinusLatestTicks=0.814 estimatedMinusLatestTicks=2.000 sampleT=1.407
[rubber-banding][large-step] time=88.475 frame=949 focused=1 entity=4 buffer=8 count=8 maxStepCm=55.12 horizontalCm=55.12 verticalCm=0.00 frameDeltaMs=148.0 renderTickDelta=8.581 fromTick=4248 toTick=4250 tickSpan=2 receivedSpanMs=0.0 t=2.175 renderOffsetMs=39.2 sourceHorizontalCm=13.33 sourceVerticalCm=0.00 fromGrounded=1 toGrounded=1 velocity=(3.990, -2.333, -0.283) expectedTravelCm=68.52 teleport=0 previous=(3.442, 0.008, 1.176) rendered=(3.993, 0.008, 1.195)
[rubber-banding][udp-pump] time=88.744 frame=951 focused=1 windowMs=1034.5 fps=7.7 packets=33 socketAvgMs=32.7 socketP95Ms=139.7 socketMaxMs=142.3 pumpAvgMs=35.2 pumpP95Ms=150.3 pumpMaxMs=254.9 queueDelayAvgMs=103.3 queueDelayP95Ms=144.8 queueDelayMaxMs=146.3 samePump=25 pumpBatchMax=5 queueDepthMax=5 frameMaxMs=150.3
[rubber-banding][local-input] time=89.489 frame=957 focused=1 host=0 room=19 world=5 authority=5 entity=2 windowMs=1013.5 updates=8 fixedCalls=51 commands=32 predictionSteps=32 noCommandUpdates=0 estimatedHostTick=4345 nextInputTick=4352 lastRecordedTick=4352 lastResolvedTick=4344 nextLead=7 recordedLead=7 unresolved=4 clamped=0 clampedTotal=130 batchesSent=771 commandsSent=3262 sendFailures=0 move=(0.00,0.00) jump=0
[rubber-banding][remote-render] time=89.489 frame=957 entity=1 latestHostTick=4344 buffer=8 windowMs=1013.5 fps=7.9 snapshots=32 arrivalSamples=32 arrivalAvgMs=31.7 arrivalP95Ms=134.6 arrivalMaxMs=150.3 sameArrival=24 tickGapMax=2 renderFrames=8 interpolation=7 extrapolation=1 extrapolationCapped=0 extrapolationMaxMs=25.5 oldestHeld=0 zeroSpan=8 movingFrozen=0 teleport=0 visualStepAvgCm=0.00 visualStepMaxCm=0.00 estimatedHostTick=4345 renderTick=4340.680 latestSnapshotTick=4344.000 renderMinusLatestTicks=-3.320 estimatedMinusLatestTicks=1.000 sampleT=0.340
[rubber-banding][remote-render] time=89.489 frame=957 entity=3 latestHostTick=4344 buffer=8 windowMs=1013.5 fps=7.9 snapshots=32 arrivalSamples=32 arrivalAvgMs=31.7 arrivalP95Ms=134.6 arrivalMaxMs=150.3 sameArrival=24 tickGapMax=2 renderFrames=8 interpolation=7 extrapolation=1 extrapolationCapped=0 extrapolationMaxMs=25.5 oldestHeld=0 zeroSpan=8 movingFrozen=0 teleport=0 visualStepAvgCm=0.00 visualStepMaxCm=0.00 estimatedHostTick=4345 renderTick=4340.680 latestSnapshotTick=4344.000 renderMinusLatestTicks=-3.320 estimatedMinusLatestTicks=1.000 sampleT=0.340
[rubber-banding][remote-render] time=89.489 frame=957 entity=4 latestHostTick=4344 buffer=8 windowMs=1013.5 fps=7.9 snapshots=32 arrivalSamples=32 arrivalAvgMs=31.7 arrivalP95Ms=134.6 arrivalMaxMs=150.3 sameArrival=24 tickGapMax=2 renderFrames=8 interpolation=7 extrapolation=1 extrapolationCapped=0 extrapolationMaxMs=25.5 oldestHeld=0 zeroSpan=8 movingFrozen=0 teleport=0 visualStepAvgCm=46.33 visualStepMaxCm=53.83 estimatedHostTick=4345 renderTick=4340.680 latestSnapshotTick=4344.000 renderMinusLatestTicks=-3.320 estimatedMinusLatestTicks=1.000 sampleT=0.340
[rubber-banding][large-step] time=89.489 frame=957 focused=1 entity=4 buffer=8 count=8 maxStepCm=53.83 horizontalCm=53.83 verticalCm=0.00 frameDeltaMs=150.3 renderTickDelta=8.719 fromTick=4286 toTick=4288 tickSpan=2 receivedSpanMs=0.0 t=1.766 renderOffsetMs=25.5 sourceHorizontalCm=13.32 sourceVerticalCm=0.00 fromGrounded=1 toGrounded=1 velocity=(-3.024, -2.333, -2.614) expectedTravelCm=69.57 teleport=0 previous=(4.365, 0.008, -0.543) rendered=(4.163, 0.008, -1.041)
[rubber-banding][udp-pump] time=89.771 frame=959 focused=1 windowMs=1027.1 fps=7.8 packets=31 socketAvgMs=33.8 socketP95Ms=135.8 socketMaxMs=138.3 pumpAvgMs=33.1 pumpP95Ms=139.4 pumpMaxMs=142.7 queueDelayAvgMs=66.2 queueDelayP95Ms=84.6 queueDelayMaxMs=85.3 samePump=23 pumpBatchMax=5 queueDepthMax=5 frameMaxMs=142.6
[rubber-banding][local-input] time=90.558 frame=965 focused=1 host=0 room=19 world=5 authority=5 entity=2 windowMs=1069.4 updates=8 fixedCalls=54 commands=32 predictionSteps=32 noCommandUpdates=0 estimatedHostTick=4411 nextInputTick=4418 lastRecordedTick=4418 lastResolvedTick=4408 nextLead=7 recordedLead=7 unresolved=5 clamped=2 clampedTotal=132 batchesSent=779 commandsSent=3301 sendFailures=0 move=(0.00,0.00) jump=0
[rubber-banding][remote-render] time=90.558 frame=965 entity=1 latestHostTick=4408 buffer=8 windowMs=1069.4 fps=7.5 snapshots=32 arrivalSamples=32 arrivalAvgMs=33.4 arrivalP95Ms=142.0 arrivalMaxMs=142.7 sameArrival=24 tickGapMax=2 renderFrames=8 interpolation=6 extrapolation=2 extrapolationCapped=0 extrapolationMaxMs=1.2 oldestHeld=0 zeroSpan=8 movingFrozen=0 teleport=0 visualStepAvgCm=0.00 visualStepMaxCm=0.00 estimatedHostTick=4411 renderTick=4405.949 latestSnapshotTick=4408.000 renderMinusLatestTicks=-2.051 estimatedMinusLatestTicks=3.000 sampleT=0.975
[rubber-banding][remote-render] time=90.558 frame=965 entity=3 latestHostTick=4408 buffer=8 windowMs=1069.4 fps=7.5 snapshots=32 arrivalSamples=32 arrivalAvgMs=33.4 arrivalP95Ms=142.0 arrivalMaxMs=142.7 sameArrival=24 tickGapMax=2 renderFrames=8 interpolation=6 extrapolation=2 extrapolationCapped=0 extrapolationMaxMs=1.2 oldestHeld=0 zeroSpan=8 movingFrozen=0 teleport=0 visualStepAvgCm=0.00 visualStepMaxCm=0.00 estimatedHostTick=4411 renderTick=4405.949 latestSnapshotTick=4408.000 renderMinusLatestTicks=-2.051 estimatedMinusLatestTicks=3.000 sampleT=0.975
[rubber-banding][remote-render] time=90.558 frame=965 entity=4 latestHostTick=4408 buffer=8 windowMs=1069.4 fps=7.5 snapshots=32 arrivalSamples=32 arrivalAvgMs=33.4 arrivalP95Ms=142.0 arrivalMaxMs=142.7 sameArrival=24 tickGapMax=2 renderFrames=8 interpolation=6 extrapolation=2 extrapolationCapped=0 extrapolationMaxMs=1.2 oldestHeld=0 zeroSpan=8 movingFrozen=0 teleport=0 visualStepAvgCm=31.63 visualStepMaxCm=53.41 estimatedHostTick=4411 renderTick=4405.949 latestSnapshotTick=4408.000 renderMinusLatestTicks=-2.051 estimatedMinusLatestTicks=3.000 sampleT=0.975
[rubber-banding][large-step] time=90.558 frame=965 focused=1 entity=4 buffer=8 count=6 maxStepCm=53.41 horizontalCm=53.41 verticalCm=0.00 frameDeltaMs=142.7 renderTickDelta=8.845 fromTick=4348 toTick=4350 tickSpan=2 receivedSpanMs=0.0 t=0.762 renderOffsetMs=-7.9 sourceHorizontalCm=6.78 sourceVerticalCm=0.00 fromGrounded=1 toGrounded=1 velocity=(3.990, -2.333, -0.283) expectedTravelCm=66.06 teleport=0 previous=(2.000, 0.008, -0.605) rendered=(2.419, 0.008, -0.274)
[rubber-banding][udp-pump] time=90.853 frame=967 focused=1 windowMs=1082.2 fps=7.4 packets=33 socketAvgMs=33.1 socketP95Ms=145.7 socketMaxMs=149.2 pumpAvgMs=32.8 pumpP95Ms=142.0 pumpMaxMs=153.3 queueDelayAvgMs=69.1 queueDelayP95Ms=90.8 queueDelayMaxMs=92.2 samePump=25 pumpBatchMax=5 queueDepthMax=5 frameMaxMs=153.3
[rubber-banding][local-input] time=91.597 frame=973 focused=1 host=0 room=19 world=5 authority=5 entity=2 windowMs=1038.9 updates=8 fixedCalls=52 commands=32 predictionSteps=32 noCommandUpdates=0 estimatedHostTick=4474 nextInputTick=4481 lastRecordedTick=4481 lastResolvedTick=4472 nextLead=7 recordedLead=7 unresolved=5 clamped=0 clampedTotal=132 batchesSent=787 commandsSent=3341 sendFailures=0 move=(0.00,0.00) jump=0
[rubber-banding][remote-render] time=91.597 frame=973 entity=1 latestHostTick=4472 buffer=8 windowMs=1038.9 fps=7.7 snapshots=32 arrivalSamples=32 arrivalAvgMs=32.5 arrivalP95Ms=141.5 arrivalMaxMs=153.3 sameArrival=24 tickGapMax=2 renderFrames=8 interpolation=8 extrapolation=0 extrapolationCapped=0 extrapolationMaxMs=0.0 oldestHeld=0 zeroSpan=8 movingFrozen=0 teleport=0 visualStepAvgCm=0.00 visualStepMaxCm=0.00 estimatedHostTick=4474 renderTick=4468.619 latestSnapshotTick=4472.000 renderMinusLatestTicks=-3.381 estimatedMinusLatestTicks=2.000 sampleT=0.310
[rubber-banding][remote-render] time=91.597 frame=973 entity=3 latestHostTick=4472 buffer=8 windowMs=1038.9 fps=7.7 snapshots=32 arrivalSamples=32 arrivalAvgMs=32.5 arrivalP95Ms=141.5 arrivalMaxMs=153.3 sameArrival=24 tickGapMax=2 renderFrames=8 interpolation=8 extrapolation=0 extrapolationCapped=0 extrapolationMaxMs=0.0 oldestHeld=0 zeroSpan=8 movingFrozen=0 teleport=0 visualStepAvgCm=0.00 visualStepMaxCm=0.00 estimatedHostTick=4474 renderTick=4468.619 latestSnapshotTick=4472.000 renderMinusLatestTicks=-3.381 estimatedMinusLatestTicks=2.000 sampleT=0.310
[rubber-banding][remote-render] time=91.597 frame=973 entity=4 latestHostTick=4472 buffer=8 windowMs=1038.9 fps=7.7 snapshots=32 arrivalSamples=32 arrivalAvgMs=32.5 arrivalP95Ms=141.5 arrivalMaxMs=153.3 sameArrival=24 tickGapMax=2 renderFrames=8 interpolation=8 extrapolation=0 extrapolationCapped=0 extrapolationMaxMs=0.0 oldestHeld=0 zeroSpan=8 movingFrozen=0 teleport=0 visualStepAvgCm=0.00 visualStepMaxCm=0.00 estimatedHostTick=4474 renderTick=4468.619 latestSnapshotTick=4472.000 renderMinusLatestTicks=-3.381 estimatedMinusLatestTicks=2.000 sampleT=0.310
[rubber-banding][udp-pump] time=91.889 frame=975 focused=1 windowMs=1036.2 fps=7.7 packets=32 socketAvgMs=33.7 socketP95Ms=138.5 socketMaxMs=146.7 pumpAvgMs=32.4 pumpP95Ms=135.5 pumpMaxMs=156.6 queueDelayAvgMs=33.9 queueDelayP95Ms=155.8 queueDelayMaxMs=157.3 samePump=24 pumpBatchMax=6 queueDepthMax=7 frameMaxMs=156.6
[rubber-banding][local-input] time=92.629 frame=985 focused=1 host=0 room=19 world=5 authority=5 entity=2 windowMs=1031.6 updates=12 fixedCalls=51 commands=38 predictionSteps=38 noCommandUpdates=0 estimatedHostTick=4535 nextInputTick=4546 lastRecordedTick=4546 lastResolvedTick=4536 nextLead=11 recordedLead=11 unresolved=10 clamped=1 clampedTotal=133 batchesSent=799 commandsSent=3414 sendFailures=0 move=(0.00,0.00) jump=0
[rubber-banding][remote-render] time=92.629 frame=985 entity=1 latestHostTick=4536 buffer=8 windowMs=1031.6 fps=11.6 snapshots=32 arrivalSamples=32 arrivalAvgMs=32.2 arrivalP95Ms=135.5 arrivalMaxMs=156.6 sameArrival=22 tickGapMax=2 renderFrames=12 interpolation=12 extrapolation=0 extrapolationCapped=0 extrapolationMaxMs=0.0 oldestHeld=0 zeroSpan=9 movingFrozen=0 teleport=0 visualStepAvgCm=0.00 visualStepMaxCm=0.00 estimatedHostTick=4535 renderTick=4530.442 latestSnapshotTick=4536.000 renderMinusLatestTicks=-5.558 estimatedMinusLatestTicks=-1.000 sampleT=0.221
[rubber-banding][remote-render] time=92.629 frame=985 entity=3 latestHostTick=4536 buffer=8 windowMs=1031.6 fps=11.6 snapshots=32 arrivalSamples=32 arrivalAvgMs=32.2 arrivalP95Ms=135.5 arrivalMaxMs=156.6 sameArrival=22 tickGapMax=2 renderFrames=12 interpolation=12 extrapolation=0 extrapolationCapped=0 extrapolationMaxMs=0.0 oldestHeld=0 zeroSpan=9 movingFrozen=0 teleport=0 visualStepAvgCm=0.00 visualStepMaxCm=0.00 estimatedHostTick=4535 renderTick=4530.442 latestSnapshotTick=4536.000 renderMinusLatestTicks=-5.558 estimatedMinusLatestTicks=-1.000 sampleT=0.221
[rubber-banding][remote-render] time=92.629 frame=985 entity=4 latestHostTick=4536 buffer=8 windowMs=1031.6 fps=11.6 snapshots=32 arrivalSamples=32 arrivalAvgMs=32.2 arrivalP95Ms=135.5 arrivalMaxMs=156.6 sameArrival=22 tickGapMax=2 renderFrames=12 interpolation=12 extrapolation=0 extrapolationCapped=0 extrapolationMaxMs=0.0 oldestHeld=0 zeroSpan=9 movingFrozen=0 teleport=0 visualStepAvgCm=0.00 visualStepMaxCm=0.00 estimatedHostTick=4535 renderTick=4530.442 latestSnapshotTick=4536.000 renderMinusLatestTicks=-5.558 estimatedMinusLatestTicks=-1.000 sampleT=0.221
[rubber-banding][udp-pump] time=92.890 frame=992 focused=1 windowMs=1000.6 fps=17.0 packets=30 socketAvgMs=32.5 socketP95Ms=124.7 socketMaxMs=126.8 pumpAvgMs=32.2 pumpP95Ms=127.2 pumpMaxMs=134.9 queueDelayAvgMs=19.9 queueDelayP95Ms=36.6 queueDelayMaxMs=38.6 samePump=18 pumpBatchMax=4 queueDepthMax=4 frameMaxMs=134.9
[rubber-banding][local-input] time=93.653 frame=1012 focused=1 host=0 room=19 world=5 authority=5 entity=2 windowMs=1024.6 updates=27 fixedCalls=51 commands=56 predictionSteps=56 noCommandUpdates=2 estimatedHostTick=4597 nextInputTick=4602 lastRecordedTick=4602 lastResolvedTick=4596 nextLead=5 recordedLead=5 unresolved=6 clamped=0 clampedTotal=133 batchesSent=826 commandsSent=3569 sendFailures=0 move=(0.00,0.00) jump=0
[rubber-banding][remote-render] time=93.653 frame=1012 entity=1 latestHostTick=4596 buffer=8 windowMs=1024.6 fps=26.4 snapshots=30 arrivalSamples=30 arrivalAvgMs=34.2 arrivalP95Ms=73.6 arrivalMaxMs=76.7 sameArrival=6 tickGapMax=2 renderFrames=27 interpolation=27 extrapolation=0 extrapolationCapped=0 extrapolationMaxMs=0.0 oldestHeld=0 zeroSpan=6 movingFrozen=0 teleport=0 visualStepAvgCm=0.00 visualStepMaxCm=0.00 estimatedHostTick=4597 renderTick=4591.918 latestSnapshotTick=4596.000 renderMinusLatestTicks=-4.082 estimatedMinusLatestTicks=1.000 sampleT=0.959
[rubber-banding][remote-render] time=93.653 frame=1012 entity=3 latestHostTick=4596 buffer=8 windowMs=1024.6 fps=26.4 snapshots=30 arrivalSamples=30 arrivalAvgMs=34.2 arrivalP95Ms=73.6 arrivalMaxMs=76.7 sameArrival=6 tickGapMax=2 renderFrames=27 interpolation=27 extrapolation=0 extrapolationCapped=0 extrapolationMaxMs=0.0 oldestHeld=0 zeroSpan=6 movingFrozen=0 teleport=0 visualStepAvgCm=0.00 visualStepMaxCm=0.00 estimatedHostTick=4597 renderTick=4591.918 latestSnapshotTick=4596.000 renderMinusLatestTicks=-4.082 estimatedMinusLatestTicks=1.000 sampleT=0.959
[rubber-banding][remote-render] time=93.653 frame=1012 entity=4 latestHostTick=4596 buffer=8 windowMs=1024.6 fps=26.4 snapshots=30 arrivalSamples=30 arrivalAvgMs=34.2 arrivalP95Ms=73.6 arrivalMaxMs=76.7 sameArrival=6 tickGapMax=2 renderFrames=27 interpolation=27 extrapolation=0 extrapolationCapped=0 extrapolationMaxMs=0.0 oldestHeld=0 zeroSpan=6 movingFrozen=0 teleport=0 visualStepAvgCm=0.00 visualStepMaxCm=0.00 estimatedHostTick=4597 renderTick=4591.918 latestSnapshotTick=4596.000 renderMinusLatestTicks=-4.082 estimatedMinusLatestTicks=1.000 sampleT=0.959
[rubber-banding][udp-pump] time=93.922 frame=1019 focused=1 windowMs=1032.4 fps=26.2 packets=31 socketAvgMs=33.7 socketP95Ms=42.0 socketMaxMs=43.7 pumpAvgMs=34.4 pumpP95Ms=41.3 pumpMaxMs=73.6 queueDelayAvgMs=16.6 queueDelayP95Ms=32.6 queueDelayMaxMs=37.7 samePump=4 pumpBatchMax=2 queueDepthMax=2 frameMaxMs=41.3
[rubber-banding][local-input] time=94.683 frame=1027 focused=1 host=0 room=19 world=5 authority=5 entity=2 windowMs=1029.7 updates=15 fixedCalls=52 commands=42 predictionSteps=42 noCommandUpdates=0 estimatedHostTick=4659 nextInputTick=4663 lastRecordedTick=4663 lastResolvedTick=4658 nextLead=4 recordedLead=4 unresolved=4 clamped=0 clampedTotal=133 batchesSent=841 commandsSent=3654 sendFailures=0 move=(0.00,0.00) jump=0
[rubber-banding][remote-render] time=94.683 frame=1027 entity=1 latestHostTick=4658 buffer=8 windowMs=1029.7 fps=14.6 snapshots=31 arrivalSamples=31 arrivalAvgMs=33.2 arrivalP95Ms=143.6 arrivalMaxMs=146.7 sameArrival=16 tickGapMax=2 renderFrames=15 interpolation=13 extrapolation=2 extrapolationCapped=0 extrapolationMaxMs=48.7 oldestHeld=0 zeroSpan=4 movingFrozen=0 teleport=0 visualStepAvgCm=0.00 visualStepMaxCm=0.00 estimatedHostTick=4659 renderTick=4653.777 latestSnapshotTick=4658.000 renderMinusLatestTicks=-4.223 estimatedMinusLatestTicks=1.000 sampleT=0.888
[rubber-banding][remote-render] time=94.683 frame=1027 entity=3 latestHostTick=4658 buffer=8 windowMs=1029.7 fps=14.6 snapshots=31 arrivalSamples=31 arrivalAvgMs=33.2 arrivalP95Ms=143.6 arrivalMaxMs=146.7 sameArrival=16 tickGapMax=2 renderFrames=15 interpolation=13 extrapolation=2 extrapolationCapped=0 extrapolationMaxMs=48.7 oldestHeld=0 zeroSpan=4 movingFrozen=0 teleport=0 visualStepAvgCm=0.00 visualStepMaxCm=0.00 estimatedHostTick=4659 renderTick=4653.777 latestSnapshotTick=4658.000 renderMinusLatestTicks=-4.223 estimatedMinusLatestTicks=1.000 sampleT=0.888
[rubber-banding][remote-render] time=94.683 frame=1027 entity=4 latestHostTick=4658 buffer=8 windowMs=1029.7 fps=14.6 snapshots=31 arrivalSamples=31 arrivalAvgMs=33.2 arrivalP95Ms=143.6 arrivalMaxMs=146.7 sameArrival=16 tickGapMax=2 renderFrames=15 interpolation=13 extrapolation=2 extrapolationCapped=0 extrapolationMaxMs=48.7 oldestHeld=0 zeroSpan=4 movingFrozen=0 teleport=0 visualStepAvgCm=0.00 visualStepMaxCm=0.00 estimatedHostTick=4659 renderTick=4653.777 latestSnapshotTick=4658.000 renderMinusLatestTicks=-4.223 estimatedMinusLatestTicks=1.000 sampleT=0.888
[rubber-banding][udp-pump] time=94.949 frame=1031 focused=1 windowMs=1027.2 fps=11.7 packets=31 socketAvgMs=33.8 socketP95Ms=125.3 socketMaxMs=140.4 pumpAvgMs=33.1 pumpP95Ms=143.6 pumpMaxMs=146.7 queueDelayAvgMs=56.3 queueDelayP95Ms=133.2 queueDelayMaxMs=139.3 samePump=19 pumpBatchMax=8 queueDepthMax=8 frameMaxMs=146.7
[rubber-banding][local-input] time=95.704 frame=1051 focused=1 host=0 room=19 world=5 authority=5 entity=2 windowMs=1021.4 updates=24 fixedCalls=51 commands=58 predictionSteps=58 noCommandUpdates=0 estimatedHostTick=4722 nextInputTick=4728 lastRecordedTick=4728 lastResolvedTick=4720 nextLead=6 recordedLead=6 unresolved=8 clamped=0 clampedTotal=133 batchesSent=865 commandsSent=3838 sendFailures=0 move=(0.00,0.00) jump=0
[rubber-banding][remote-render] time=95.704 frame=1051 entity=1 latestHostTick=4720 buffer=8 windowMs=1021.4 fps=23.5 snapshots=31 arrivalSamples=31 arrivalAvgMs=32.9 arrivalP95Ms=67.5 arrivalMaxMs=122.8 sameArrival=7 tickGapMax=2 renderFrames=24 interpolation=24 extrapolation=0 extrapolationCapped=0 extrapolationMaxMs=0.0 oldestHeld=0 zeroSpan=4 movingFrozen=0 teleport=0 visualStepAvgCm=0.00 visualStepMaxCm=0.00 estimatedHostTick=4722 renderTick=4716.474 latestSnapshotTick=4720.000 renderMinusLatestTicks=-3.526 estimatedMinusLatestTicks=2.000 sampleT=0.237
[rubber-banding][remote-render] time=95.704 frame=1051 entity=3 latestHostTick=4720 buffer=8 windowMs=1021.4 fps=23.5 snapshots=31 arrivalSamples=31 arrivalAvgMs=32.9 arrivalP95Ms=67.5 arrivalMaxMs=122.8 sameArrival=7 tickGapMax=2 renderFrames=24 interpolation=24 extrapolation=0 extrapolationCapped=0 extrapolationMaxMs=0.0 oldestHeld=0 zeroSpan=4 movingFrozen=0 teleport=0 visualStepAvgCm=0.00 visualStepMaxCm=0.00 estimatedHostTick=4722 renderTick=4716.474 latestSnapshotTick=4720.000 renderMinusLatestTicks=-3.526 estimatedMinusLatestTicks=2.000 sampleT=0.237
[rubber-banding][remote-render] time=95.704 frame=1051 entity=4 latestHostTick=4720 buffer=8 windowMs=1021.4 fps=23.5 snapshots=31 arrivalSamples=31 arrivalAvgMs=32.9 arrivalP95Ms=67.5 arrivalMaxMs=122.8 sameArrival=7 tickGapMax=2 renderFrames=24 interpolation=24 extrapolation=0 extrapolationCapped=0 extrapolationMaxMs=0.0 oldestHeld=0 zeroSpan=4 movingFrozen=0 teleport=0 visualStepAvgCm=0.00 visualStepMaxCm=0.00 estimatedHostTick=4722 renderTick=4716.474 latestSnapshotTick=4720.000 renderMinusLatestTicks=-3.526 estimatedMinusLatestTicks=2.000 sampleT=0.237
[rubber-banding][udp-pump] time=95.968 frame=1058 focused=1 windowMs=1018.5 fps=26.5 packets=31 socketAvgMs=32.7 socketP95Ms=40.9 socketMaxMs=42.7 pumpAvgMs=32.9 pumpP95Ms=40.1 pumpMaxMs=41.1 queueDelayAvgMs=11.9 queueDelayP95Ms=16.5 queueDelayMaxMs=17.1 samePump=4 pumpBatchMax=2 queueDepthMax=2 frameMaxMs=41.1
[rubber-banding][local-input] time=96.734 frame=1078 focused=1 host=0 room=19 world=5 authority=5 entity=2 windowMs=1029.6 updates=27 fixedCalls=51 commands=58 predictionSteps=58 noCommandUpdates=1 estimatedHostTick=4782 nextInputTick=4786 lastRecordedTick=4786 lastResolvedTick=4780 nextLead=4 recordedLead=4 unresolved=6 clamped=0 clampedTotal=133 batchesSent=891 commandsSent=3968 sendFailures=0 move=(0.00,0.00) jump=0
[rubber-banding][remote-render] time=96.734 frame=1078 entity=1 latestHostTick=4780 buffer=8 windowMs=1029.6 fps=26.2 snapshots=30 arrivalSamples=30 arrivalAvgMs=34.3 arrivalP95Ms=41.0 arrivalMaxMs=43.0 sameArrival=3 tickGapMax=2 renderFrames=27 interpolation=27 extrapolation=0 extrapolationCapped=0 extrapolationMaxMs=0.0 oldestHeld=0 zeroSpan=3 movingFrozen=0 teleport=0 visualStepAvgCm=0.00 visualStepMaxCm=0.00 estimatedHostTick=4782 renderTick=4777.998 latestSnapshotTick=4780.000 renderMinusLatestTicks=-2.002 estimatedMinusLatestTicks=2.000 sampleT=0.999
[rubber-banding][remote-render] time=96.734 frame=1078 entity=3 latestHostTick=4780 buffer=8 windowMs=1029.6 fps=26.2 snapshots=30 arrivalSamples=30 arrivalAvgMs=34.3 arrivalP95Ms=41.0 arrivalMaxMs=43.0 sameArrival=3 tickGapMax=2 renderFrames=27 interpolation=27 extrapolation=0 extrapolationCapped=0 extrapolationMaxMs=0.0 oldestHeld=0 zeroSpan=3 movingFrozen=0 teleport=0 visualStepAvgCm=0.00 visualStepMaxCm=0.00 estimatedHostTick=4782 renderTick=4777.998 latestSnapshotTick=4780.000 renderMinusLatestTicks=-2.002 estimatedMinusLatestTicks=2.000 sampleT=0.999
[rubber-banding][remote-render] time=96.734 frame=1078 entity=4 latestHostTick=4780 buffer=8 windowMs=1029.6 fps=26.2 snapshots=30 arrivalSamples=30 arrivalAvgMs=34.3 arrivalP95Ms=41.0 arrivalMaxMs=43.0 sameArrival=3 tickGapMax=2 renderFrames=27 interpolation=27 extrapolation=0 extrapolationCapped=0 extrapolationMaxMs=0.0 oldestHeld=0 zeroSpan=3 movingFrozen=0 teleport=0 visualStepAvgCm=0.00 visualStepMaxCm=0.00 estimatedHostTick=4782 renderTick=4777.998 latestSnapshotTick=4780.000 renderMinusLatestTicks=-2.002 estimatedMinusLatestTicks=2.000 sampleT=0.999
[rubber-banding][udp-pump] time=96.991 frame=1085 focused=1 windowMs=1023.2 fps=26.4 packets=30 socketAvgMs=34.2 socketP95Ms=40.7 socketMaxMs=41.8 pumpAvgMs=34.1 pumpP95Ms=41.0 pumpMaxMs=43.0 queueDelayAvgMs=12.2 queueDelayP95Ms=18.2 queueDelayMaxMs=19.2 samePump=3 pumpBatchMax=2 queueDepthMax=3 frameMaxMs=43.0
[rubber-banding][local-input] time=97.744 frame=1105 focused=1 host=0 room=19 world=5 authority=5 entity=2 windowMs=1010.1 updates=27 fixedCalls=51 commands=61 predictionSteps=61 noCommandUpdates=0 estimatedHostTick=4843 nextInputTick=4847 lastRecordedTick=4847 lastResolvedTick=4842 nextLead=4 recordedLead=4 unresolved=5 clamped=0 clampedTotal=133 batchesSent=918 commandsSent=4106 sendFailures=0 move=(0.00,0.00) jump=0
[rubber-banding][remote-render] time=97.744 frame=1105 entity=1 latestHostTick=4842 buffer=8 windowMs=1010.1 fps=26.7 snapshots=31 arrivalSamples=31 arrivalAvgMs=32.6 arrivalP95Ms=39.9 arrivalMaxMs=41.2 sameArrival=4 tickGapMax=2 renderFrames=27 interpolation=27 extrapolation=0 extrapolationCapped=0 extrapolationMaxMs=0.0 oldestHeld=0 zeroSpan=2 movingFrozen=0 teleport=0 visualStepAvgCm=0.00 visualStepMaxCm=0.00 estimatedHostTick=4843 renderTick=4838.602 latestSnapshotTick=4842.000 renderMinusLatestTicks=-3.398 estimatedMinusLatestTicks=1.000 sampleT=0.301
[rubber-banding][remote-render] time=97.744 frame=1105 entity=3 latestHostTick=4842 buffer=8 windowMs=1010.1 fps=26.7 snapshots=31 arrivalSamples=31 arrivalAvgMs=32.6 arrivalP95Ms=39.9 arrivalMaxMs=41.2 sameArrival=4 tickGapMax=2 renderFrames=27 interpolation=27 extrapolation=0 extrapolationCapped=0 extrapolationMaxMs=0.0 oldestHeld=0 zeroSpan=2 movingFrozen=0 teleport=0 visualStepAvgCm=0.00 visualStepMaxCm=0.00 estimatedHostTick=4843 renderTick=4838.602 latestSnapshotTick=4842.000 renderMinusLatestTicks=-3.398 estimatedMinusLatestTicks=1.000 sampleT=0.301
[rubber-banding][remote-render] time=97.744 frame=1105 entity=4 latestHostTick=4842 buffer=8 windowMs=1010.1 fps=26.7 snapshots=31 arrivalSamples=31 arrivalAvgMs=32.6 arrivalP95Ms=39.9 arrivalMaxMs=41.2 sameArrival=4 tickGapMax=2 renderFrames=27 interpolation=27 extrapolation=0 extrapolationCapped=0 extrapolationMaxMs=0.0 oldestHeld=0 zeroSpan=2 movingFrozen=0 teleport=0 visualStepAvgCm=0.00 visualStepMaxCm=0.00 estimatedHostTick=4843 renderTick=4838.602 latestSnapshotTick=4842.000 renderMinusLatestTicks=-3.398 estimatedMinusLatestTicks=1.000 sampleT=0.301
[rubber-banding][udp-pump] time=98.012 frame=1112 focused=1 windowMs=1020.5 fps=26.5 packets=31 socketAvgMs=32.5 socketP95Ms=39.9 socketMaxMs=40.0 pumpAvgMs=32.9 pumpP95Ms=39.9 pumpMaxMs=41.2 queueDelayAvgMs=12.8 queueDelayP95Ms=19.2 queueDelayMaxMs=22.8 samePump=4 pumpBatchMax=2 queueDepthMax=2 frameMaxMs=41.2
[rubber-banding][local-input] time=98.745 frame=1129 focused=1 host=0 room=19 world=5 authority=5 entity=2 windowMs=1001.1 updates=24 fixedCalls=50 commands=56 predictionSteps=56 noCommandUpdates=0 estimatedHostTick=4903 nextInputTick=4907 lastRecordedTick=4907 lastResolvedTick=4900 nextLead=4 recordedLead=4 unresolved=4 clamped=0 clampedTotal=133 batchesSent=942 commandsSent=4225 sendFailures=0 move=(0.00,0.00) jump=0
[rubber-banding][remote-render] time=98.745 frame=1129 entity=1 latestHostTick=4900 buffer=8 windowMs=1001.1 fps=24.0 snapshots=29 arrivalSamples=29 arrivalAvgMs=34.5 arrivalP95Ms=50.3 arrivalMaxMs=117.8 sameArrival=5 tickGapMax=2 renderFrames=24 interpolation=24 extrapolation=0 extrapolationCapped=0 extrapolationMaxMs=0.0 oldestHeld=0 zeroSpan=4 movingFrozen=0 teleport=0 visualStepAvgCm=0.00 visualStepMaxCm=0.00 estimatedHostTick=4903 renderTick=4898.265 latestSnapshotTick=4900.000 renderMinusLatestTicks=-1.735 estimatedMinusLatestTicks=3.000 sampleT=0.133
[rubber-banding][remote-render] time=98.745 frame=1129 entity=3 latestHostTick=4900 buffer=8 windowMs=1001.1 fps=24.0 snapshots=29 arrivalSamples=29 arrivalAvgMs=34.5 arrivalP95Ms=50.3 arrivalMaxMs=117.8 sameArrival=5 tickGapMax=2 renderFrames=24 interpolation=24 extrapolation=0 extrapolationCapped=0 extrapolationMaxMs=0.0 oldestHeld=0 zeroSpan=4 movingFrozen=0 teleport=0 visualStepAvgCm=0.00 visualStepMaxCm=0.00 estimatedHostTick=4903 renderTick=4898.265 latestSnapshotTick=4900.000 renderMinusLatestTicks=-1.735 estimatedMinusLatestTicks=3.000 sampleT=0.133
[rubber-banding][remote-render] time=98.745 frame=1129 entity=4 latestHostTick=4900 buffer=8 windowMs=1001.1 fps=24.0 snapshots=29 arrivalSamples=29 arrivalAvgMs=34.5 arrivalP95Ms=50.3 arrivalMaxMs=117.8 sameArrival=5 tickGapMax=2 renderFrames=24 interpolation=24 extrapolation=0 extrapolationCapped=0 extrapolationMaxMs=0.0 oldestHeld=0 zeroSpan=4 movingFrozen=0 teleport=0 visualStepAvgCm=0.00 visualStepMaxCm=0.00 estimatedHostTick=4903 renderTick=4898.265 latestSnapshotTick=4900.000 renderMinusLatestTicks=-1.735 estimatedMinusLatestTicks=3.000 sampleT=0.133
[rubber-banding][udp-pump] time=99.074 frame=1132 focused=1 windowMs=1062.7 fps=18.8 packets=31 socketAvgMs=33.5 socketP95Ms=119.7 socketMaxMs=125.8 pumpAvgMs=34.3 pumpP95Ms=117.8 pumpMaxMs=126.6 queueDelayAvgMs=28.2 queueDelayP95Ms=53.4 queueDelayMaxMs=55.9 samePump=11 pumpBatchMax=4 queueDepthMax=5 frameMaxMs=126.6
[rubber-banding][local-input] time=99.758 frame=1139 focused=1 host=0 room=19 world=5 authority=5 entity=2 windowMs=1012.5 updates=10 fixedCalls=51 commands=40 predictionSteps=40 noCommandUpdates=0 estimatedHostTick=4965 nextInputTick=4970 lastRecordedTick=4970 lastResolvedTick=4960 nextLead=5 recordedLead=5 unresolved=6 clamped=0 clampedTotal=133 batchesSent=952 commandsSent=4280 sendFailures=0 move=(0.00,0.00) jump=0
[rubber-banding][remote-render] time=99.758 frame=1139 entity=1 latestHostTick=4960 buffer=8 windowMs=1012.5 fps=9.9 snapshots=30 arrivalSamples=30 arrivalAvgMs=33.8 arrivalP95Ms=105.3 arrivalMaxMs=126.6 sameArrival=20 tickGapMax=2 renderFrames=10 interpolation=10 extrapolation=0 extrapolationCapped=0 extrapolationMaxMs=0.0 oldestHeld=0 zeroSpan=10 movingFrozen=0 teleport=0 visualStepAvgCm=0.00 visualStepMaxCm=0.00 estimatedHostTick=4965 renderTick=4959.727 latestSnapshotTick=4960.000 renderMinusLatestTicks=-0.273 estimatedMinusLatestTicks=5.000 sampleT=0.864
[rubber-banding][remote-render] time=99.758 frame=1139 entity=3 latestHostTick=4960 buffer=8 windowMs=1012.5 fps=9.9 snapshots=30 arrivalSamples=30 arrivalAvgMs=33.8 arrivalP95Ms=105.3 arrivalMaxMs=126.6 sameArrival=20 tickGapMax=2 renderFrames=10 interpolation=10 extrapolation=0 extrapolationCapped=0 extrapolationMaxMs=0.0 oldestHeld=0 zeroSpan=10 movingFrozen=0 teleport=0 visualStepAvgCm=10.55 visualStepMaxCm=39.22 estimatedHostTick=4965 renderTick=4959.727 latestSnapshotTick=4960.000 renderMinusLatestTicks=-0.273 estimatedMinusLatestTicks=5.000 sampleT=0.864
[rubber-banding][large-step] time=99.758 frame=1139 focused=1 entity=3 buffer=8 count=2 maxStepCm=39.22 horizontalCm=39.22 verticalCm=0.00 frameDeltaMs=105.3 renderTickDelta=6.318 fromTick=4958 toTick=4960 tickSpan=2 receivedSpanMs=0.0 t=0.864 renderOffsetMs=-4.5 sourceHorizontalCm=13.32 sourceVerticalCm=0.00 fromGrounded=1 toGrounded=1 velocity=(3.465, -2.333, 1.984) expectedTravelCm=48.70 teleport=0 previous=(-2.342, 0.008, -0.045) rendered=(-1.953, 0.008, -0.001)
[rubber-banding][remote-render] time=99.758 frame=1139 entity=4 latestHostTick=4960 buffer=8 windowMs=1012.5 fps=9.9 snapshots=30 arrivalSamples=30 arrivalAvgMs=33.8 arrivalP95Ms=105.3 arrivalMaxMs=126.6 sameArrival=20 tickGapMax=2 renderFrames=10 interpolation=10 extrapolation=0 extrapolationCapped=0 extrapolationMaxMs=0.0 oldestHeld=0 zeroSpan=10 movingFrozen=0 teleport=0 visualStepAvgCm=0.00 visualStepMaxCm=0.00 estimatedHostTick=4965 renderTick=4959.727 latestSnapshotTick=4960.000 renderMinusLatestTicks=-0.273 estimatedMinusLatestTicks=5.000 sampleT=0.864
[rubber-banding][udp-pump] time=100.090 frame=1142 focused=1 windowMs=1015.7 fps=9.8 packets=29 socketAvgMs=34.5 socketP95Ms=105.6 socketMaxMs=107.3 pumpAvgMs=35.0 pumpP95Ms=109.0 pumpMaxMs=123.2 queueDelayAvgMs=49.1 queueDelayP95Ms=63.8 queueDelayMaxMs=70.8 samePump=19 pumpBatchMax=3 queueDepthMax=4 frameMaxMs=123.2
[rubber-banding][local-input] time=100.856 frame=1148 focused=1 host=0 room=19 world=5 authority=5 entity=2 windowMs=1097.8 updates=9 fixedCalls=54 commands=36 predictionSteps=36 noCommandUpdates=0 estimatedHostTick=5029 nextInputTick=5035 lastRecordedTick=5034 lastResolvedTick=5022 nextLead=6 recordedLead=5 unresolved=6 clamped=1 clampedTotal=134 batchesSent=961 commandsSent=4329 sendFailures=0 move=(0.00,0.00) jump=0
[rubber-banding][remote-render] time=100.856 frame=1148 entity=1 latestHostTick=5022 buffer=8 windowMs=1097.8 fps=8.2 snapshots=31 arrivalSamples=31 arrivalAvgMs=35.4 arrivalP95Ms=135.3 arrivalMaxMs=139.8 sameArrival=22 tickGapMax=2 renderFrames=9 interpolation=4 extrapolation=5 extrapolationCapped=0 extrapolationMaxMs=53.3 oldestHeld=0 zeroSpan=9 movingFrozen=0 teleport=0 visualStepAvgCm=0.00 visualStepMaxCm=0.00 estimatedHostTick=5029 renderTick=5025.200 latestSnapshotTick=5022.000 renderMinusLatestTicks=3.200 estimatedMinusLatestTicks=7.000 sampleT=2.600
[rubber-banding][remote-render] time=100.856 frame=1148 entity=3 latestHostTick=5022 buffer=8 windowMs=1097.8 fps=8.2 snapshots=31 arrivalSamples=31 arrivalAvgMs=35.4 arrivalP95Ms=135.3 arrivalMaxMs=139.8 sameArrival=22 tickGapMax=2 renderFrames=9 interpolation=4 extrapolation=5 extrapolationCapped=0 extrapolationMaxMs=53.3 oldestHeld=0 zeroSpan=9 movingFrozen=0 teleport=0 visualStepAvgCm=59.55 visualStepMaxCm=74.71 estimatedHostTick=5029 renderTick=5025.200 latestSnapshotTick=5022.000 renderMinusLatestTicks=3.200 estimatedMinusLatestTicks=7.000 sampleT=2.600
[rubber-banding][large-step] time=100.856 frame=1148 focused=1 entity=3 buffer=8 count=9 maxStepCm=74.71 horizontalCm=50.76 verticalCm=54.82 frameDeltaMs=135.3 renderTickDelta=8.043 fromTick=5020 toTick=5022 tickSpan=2 receivedSpanMs=0.0 t=2.600 renderOffsetMs=53.3 sourceHorizontalCm=13.33 sourceVerticalCm=21.43 fromGrounded=1 toGrounded=0 velocity=(-3.546, 6.262, -1.851) expectedTravelCm=100.52 teleport=0 previous=(1.406, 0.008, 0.469) rendered=(1.003, 0.556, 0.161)
[rubber-banding][jump-step] time=100.856 frame=1148 focused=1 entity=3 buffer=8 count=7 maxVerticalCm=54.82 horizontalCm=50.76 verticalCm=54.82 frameDeltaMs=135.3 renderTickDelta=8.043 fromTick=5020 toTick=5022 tickSpan=2 receivedSpanMs=0.0 t=2.600 renderOffsetMs=53.3 sourceHorizontalCm=13.33 sourceVerticalCm=21.43 fromGrounded=1 toGrounded=0 velocity=(-3.546, 6.262, -1.851) expectedTravelCm=100.52 teleport=0 previous=(1.406, 0.008, 0.469) rendered=(1.003, 0.556, 0.161)
[rubber-banding][remote-render] time=100.856 frame=1148 entity=4 latestHostTick=5022 buffer=8 windowMs=1097.8 fps=8.2 snapshots=31 arrivalSamples=31 arrivalAvgMs=35.4 arrivalP95Ms=135.3 arrivalMaxMs=139.8 sameArrival=22 tickGapMax=2 renderFrames=9 interpolation=4 extrapolation=5 extrapolationCapped=0 extrapolationMaxMs=53.3 oldestHeld=0 zeroSpan=9 movingFrozen=0 teleport=0 visualStepAvgCm=0.00 visualStepMaxCm=0.00 estimatedHostTick=5029 renderTick=5025.200 latestSnapshotTick=5022.000 renderMinusLatestTicks=3.200 estimatedMinusLatestTicks=7.000 sampleT=2.600
[rubber-banding][udp-pump] time=101.215 frame=1151 focused=1 windowMs=1125.0 fps=8.0 packets=33 socketAvgMs=32.7 socketP95Ms=125.8 socketMaxMs=141.3 pumpAvgMs=34.1 pumpP95Ms=135.3 pumpMaxMs=139.8 queueDelayAvgMs=84.5 queueDelayP95Ms=113.0 queueDelayMaxMs=114.0 samePump=24 pumpBatchMax=5 queueDepthMax=5 frameMaxMs=139.8
[rubber-banding][local-input] time=101.951 frame=1157 focused=1 host=0 room=19 world=5 authority=5 entity=2 windowMs=1095.7 updates=9 fixedCalls=55 commands=36 predictionSteps=36 noCommandUpdates=0 estimatedHostTick=5093 nextInputTick=5099 lastRecordedTick=5099 lastResolvedTick=5094 nextLead=6 recordedLead=6 unresolved=4 clamped=0 clampedTotal=134 batchesSent=970 commandsSent=4375 sendFailures=0 move=(0.00,0.00) jump=0
[rubber-banding][remote-render] time=101.951 frame=1157 entity=1 latestHostTick=5094 buffer=8 windowMs=1095.7 fps=8.2 snapshots=36 arrivalSamples=36 arrivalAvgMs=30.4 arrivalP95Ms=144.4 arrivalMaxMs=236.1 sameArrival=28 tickGapMax=2 renderFrames=9 interpolation=2 extrapolation=7 extrapolationCapped=0 extrapolationMaxMs=34.2 oldestHeld=0 zeroSpan=9 movingFrozen=0 teleport=0 visualStepAvgCm=0.00 visualStepMaxCm=0.00 estimatedHostTick=5093 renderTick=5089.200 latestSnapshotTick=5094.000 renderMinusLatestTicks=-4.800 estimatedMinusLatestTicks=-1.000 sampleT=0.600
[rubber-banding][remote-render] time=101.951 frame=1157 entity=3 latestHostTick=5094 buffer=8 windowMs=1095.7 fps=8.2 snapshots=36 arrivalSamples=36 arrivalAvgMs=30.4 arrivalP95Ms=144.4 arrivalMaxMs=236.1 sameArrival=28 tickGapMax=2 renderFrames=9 interpolation=2 extrapolation=7 extrapolationCapped=0 extrapolationMaxMs=34.2 oldestHeld=0 zeroSpan=9 movingFrozen=0 teleport=0 visualStepAvgCm=51.73 visualStepMaxCm=79.57 estimatedHostTick=5093 renderTick=5089.200 latestSnapshotTick=5094.000 renderMinusLatestTicks=-4.800 estimatedMinusLatestTicks=-1.000 sampleT=0.600
[rubber-banding][large-step] time=101.951 frame=1157 focused=1 entity=3 buffer=8 count=9 maxStepCm=79.57 horizontalCm=41.47 verticalCm=67.91 frameDeltaMs=144.4 renderTickDelta=8.376 fromTick=5060 toTick=5062 tickSpan=2 receivedSpanMs=0.0 t=0.697 renderOffsetMs=-10.1 sourceHorizontalCm=5.98 sourceVerticalCm=6.32 fromGrounded=0 toGrounded=1 velocity=(3.047, -2.333, 1.591) expectedTravelCm=60.00 teleport=0 previous=(-0.664, 0.706, -0.052) rendered=(-1.005, 0.027, 0.185)
[rubber-banding][jump-step] time=101.951 frame=1157 focused=1 entity=3 buffer=8 count=4 maxVerticalCm=67.91 horizontalCm=41.47 verticalCm=67.91 frameDeltaMs=144.4 renderTickDelta=8.376 fromTick=5060 toTick=5062 tickSpan=2 receivedSpanMs=0.0 t=0.697 renderOffsetMs=-10.1 sourceHorizontalCm=5.98 sourceVerticalCm=6.32 fromGrounded=0 toGrounded=1 velocity=(3.047, -2.333, 1.591) expectedTravelCm=60.00 teleport=0 previous=(-0.664, 0.706, -0.052) rendered=(-1.005, 0.027, 0.185)
[rubber-banding][remote-render] time=101.951 frame=1157 entity=4 latestHostTick=5094 buffer=8 windowMs=1095.7 fps=8.2 snapshots=36 arrivalSamples=36 arrivalAvgMs=30.4 arrivalP95Ms=144.4 arrivalMaxMs=236.1 sameArrival=28 tickGapMax=2 renderFrames=9 interpolation=2 extrapolation=7 extrapolationCapped=0 extrapolationMaxMs=34.2 oldestHeld=0 zeroSpan=9 movingFrozen=0 teleport=0 visualStepAvgCm=0.00 visualStepMaxCm=0.00 estimatedHostTick=5093 renderTick=5089.200 latestSnapshotTick=5094.000 renderMinusLatestTicks=-4.800 estimatedMinusLatestTicks=-1.000 sampleT=0.600
[rubber-banding][udp-pump] time=102.327 frame=1160 focused=1 windowMs=1111.3 fps=8.1 packets=37 socketAvgMs=32.9 socketP95Ms=128.8 socketMaxMs=151.5 pumpAvgMs=30.0 pumpP95Ms=236.1 pumpMaxMs=240.4 queueDelayAvgMs=75.9 queueDelayP95Ms=121.2 queueDelayMaxMs=127.6 samePump=30 pumpBatchMax=7 queueDepthMax=7 frameMaxMs=144.4
[rubber-banding][local-input] time=103.018 frame=1166 focused=1 host=0 room=19 world=5 authority=5 entity=2 windowMs=1066.9 updates=9 fixedCalls=54 commands=32 predictionSteps=32 noCommandUpdates=1 estimatedHostTick=5160 nextInputTick=5170 lastRecordedTick=5164 lastResolvedTick=5152 nextLead=10 recordedLead=4 unresolved=6 clamped=6 clampedTotal=140 batchesSent=979 commandsSent=4428 sendFailures=0 move=(0.00,0.00) jump=0
[rubber-banding][remote-render] time=103.018 frame=1166 entity=1 latestHostTick=5152 buffer=8 windowMs=1066.9 fps=8.4 snapshots=29 arrivalSamples=29 arrivalAvgMs=36.8 arrivalP95Ms=216.1 arrivalMaxMs=240.4 sameArrival=22 tickGapMax=2 renderFrames=9 interpolation=5 extrapolation=4 extrapolationCapped=0 extrapolationMaxMs=53.3 oldestHeld=0 zeroSpan=8 movingFrozen=0 teleport=0 visualStepAvgCm=0.00 visualStepMaxCm=0.00 estimatedHostTick=5160 renderTick=5154.820 latestSnapshotTick=5152.000 renderMinusLatestTicks=2.820 estimatedMinusLatestTicks=8.000 sampleT=2.410
[rubber-banding][remote-render] time=103.018 frame=1166 entity=3 latestHostTick=5152 buffer=8 windowMs=1066.9 fps=8.4 snapshots=29 arrivalSamples=29 arrivalAvgMs=36.8 arrivalP95Ms=216.1 arrivalMaxMs=240.4 sameArrival=22 tickGapMax=2 renderFrames=9 interpolation=5 extrapolation=4 extrapolationCapped=0 extrapolationMaxMs=53.3 oldestHeld=0 zeroSpan=8 movingFrozen=0 teleport=0 visualStepAvgCm=38.05 visualStepMaxCm=53.13 estimatedHostTick=5160 renderTick=5154.820 latestSnapshotTick=5152.000 renderMinusLatestTicks=2.820 estimatedMinusLatestTicks=8.000 sampleT=2.410
[rubber-banding][large-step] time=103.018 frame=1166 focused=1 entity=3 buffer=8 count=8 maxStepCm=53.13 horizontalCm=53.13 verticalCm=0.00 frameDeltaMs=133.0 renderTickDelta=7.981 fromTick=5092 toTick=5094 tickSpan=2 receivedSpanMs=0.0 t=2.591 renderOffsetMs=53.0 sourceHorizontalCm=13.32 sourceVerticalCm=0.00 fromGrounded=1 toGrounded=1 velocity=(3.811, -2.333, -1.197) expectedTravelCm=61.54 teleport=0 previous=(0.673, 0.008, 0.164) rendered=(1.180, 0.008, 0.005)
[rubber-banding][remote-render] time=103.018 frame=1166 entity=4 latestHostTick=5152 buffer=8 windowMs=1066.9 fps=8.4 snapshots=29 arrivalSamples=29 arrivalAvgMs=36.8 arrivalP95Ms=216.1 arrivalMaxMs=240.4 sameArrival=22 tickGapMax=2 renderFrames=9 interpolation=5 extrapolation=4 extrapolationCapped=0 extrapolationMaxMs=53.3 oldestHeld=0 zeroSpan=8 movingFrozen=0 teleport=0 visualStepAvgCm=0.00 visualStepMaxCm=0.00 estimatedHostTick=5160 renderTick=5154.820 latestSnapshotTick=5152.000 renderMinusLatestTicks=2.820 estimatedMinusLatestTicks=8.000 sampleT=2.410
[rubber-banding][udp-pump] time=103.370 frame=1169 focused=1 windowMs=1043.2 fps=8.6 packets=28 socketAvgMs=34.2 socketP95Ms=121.9 socketMaxMs=122.5 pumpAvgMs=37.3 pumpP95Ms=127.0 pumpMaxMs=216.1 queueDelayAvgMs=72.7 queueDelayP95Ms=117.5 queueDelayMaxMs=121.8 samePump=20 pumpBatchMax=4 queueDepthMax=5 frameMaxMs=127.0
[rubber-banding][local-input] time=104.104 frame=1175 focused=1 host=0 room=19 world=5 authority=5 entity=2 windowMs=1085.7 updates=9 fixedCalls=54 commands=36 predictionSteps=36 noCommandUpdates=0 estimatedHostTick=5221 nextInputTick=5227 lastRecordedTick=5227 lastResolvedTick=5218 nextLead=6 recordedLead=6 unresolved=5 clamped=0 clampedTotal=140 batchesSent=988 commandsSent=4473 sendFailures=0 move=(0.00,0.00) jump=0
[rubber-banding][remote-render] time=104.104 frame=1175 entity=1 latestHostTick=5218 buffer=8 windowMs=1085.7 fps=8.3 snapshots=33 arrivalSamples=33 arrivalAvgMs=32.9 arrivalP95Ms=132.9 arrivalMaxMs=134.2 sameArrival=24 tickGapMax=2 renderFrames=9 interpolation=2 extrapolation=7 extrapolationCapped=0 extrapolationMaxMs=49.5 oldestHeld=0 zeroSpan=9 movingFrozen=0 teleport=0 visualStepAvgCm=0.00 visualStepMaxCm=0.00 estimatedHostTick=5221 renderTick=5217.792 latestSnapshotTick=5218.000 renderMinusLatestTicks=-0.208 estimatedMinusLatestTicks=3.000 sampleT=0.896
[rubber-banding][remote-render] time=104.104 frame=1175 entity=3 latestHostTick=5218 buffer=8 windowMs=1085.7 fps=8.3 snapshots=33 arrivalSamples=33 arrivalAvgMs=32.9 arrivalP95Ms=132.9 arrivalMaxMs=134.2 sameArrival=24 tickGapMax=2 renderFrames=9 interpolation=2 extrapolation=7 extrapolationCapped=0 extrapolationMaxMs=49.5 oldestHeld=0 zeroSpan=9 movingFrozen=0 teleport=0 visualStepAvgCm=54.66 visualStepMaxCm=72.97 estimatedHostTick=5221 renderTick=5217.792 latestSnapshotTick=5218.000 renderMinusLatestTicks=-0.208 estimatedMinusLatestTicks=3.000 sampleT=0.896
[rubber-banding][large-step] time=104.104 frame=1175 focused=1 entity=3 buffer=8 count=9 maxStepCm=72.97 horizontalCm=41.58 verticalCm=59.97 frameDeltaMs=107.5 renderTickDelta=6.238 fromTick=5172 toTick=5174 tickSpan=2 receivedSpanMs=0.0 t=1.602 renderOffsetMs=20.1 sourceHorizontalCm=13.33 sourceVerticalCm=18.09 fromGrounded=0 toGrounded=0 velocity=(3.546, 5.262, 1.851) expectedTravelCm=71.08 teleport=0 previous=(1.470, 0.008, -1.889) rendered=(1.839, 0.608, -1.696)
[rubber-banding][jump-step] time=104.104 frame=1175 focused=1 entity=3 buffer=8 count=7 maxVerticalCm=59.97 horizontalCm=41.58 verticalCm=59.97 frameDeltaMs=107.5 renderTickDelta=6.238 fromTick=5172 toTick=5174 tickSpan=2 receivedSpanMs=0.0 t=1.602 renderOffsetMs=20.1 sourceHorizontalCm=13.33 sourceVerticalCm=18.09 fromGrounded=0 toGrounded=0 velocity=(3.546, 5.262, 1.851) expectedTravelCm=71.08 teleport=0 previous=(1.470, 0.008, -1.889) rendered=(1.839, 0.608, -1.696)
[rubber-banding][remote-render] time=104.104 frame=1175 entity=4 latestHostTick=5218 buffer=8 windowMs=1085.7 fps=8.3 snapshots=33 arrivalSamples=33 arrivalAvgMs=32.9 arrivalP95Ms=132.9 arrivalMaxMs=134.2 sameArrival=24 tickGapMax=2 renderFrames=9 interpolation=2 extrapolation=7 extrapolationCapped=0 extrapolationMaxMs=49.5 oldestHeld=0 zeroSpan=9 movingFrozen=0 teleport=0 visualStepAvgCm=0.00 visualStepMaxCm=0.00 estimatedHostTick=5221 renderTick=5217.792 latestSnapshotTick=5218.000 renderMinusLatestTicks=-0.208 estimatedMinusLatestTicks=3.000 sampleT=0.896
[rubber-banding][udp-pump] time=104.496 frame=1178 focused=1 windowMs=1126.2 fps=8.0 packets=34 socketAvgMs=33.3 socketP95Ms=133.9 socketMaxMs=137.0 pumpAvgMs=33.1 pumpP95Ms=135.7 pumpMaxMs=146.7 queueDelayAvgMs=89.8 queueDelayP95Ms=109.6 queueDelayMaxMs=110.1 samePump=25 pumpBatchMax=5 queueDepthMax=5 frameMaxMs=146.7
[rubber-banding][local-input] time=105.212 frame=1184 focused=1 host=0 room=19 world=5 authority=5 entity=2 windowMs=1107.9 updates=9 fixedCalls=55 commands=36 predictionSteps=36 noCommandUpdates=0 estimatedHostTick=5290 nextInputTick=5296 lastRecordedTick=5296 lastResolvedTick=5286 nextLead=6 recordedLead=6 unresolved=5 clamped=0 clampedTotal=140 batchesSent=997 commandsSent=4518 sendFailures=0 move=(0.00,0.00) jump=0
[rubber-banding][remote-render] time=105.212 frame=1184 entity=1 latestHostTick=5286 buffer=8 windowMs=1107.9 fps=8.1 snapshots=34 arrivalSamples=34 arrivalAvgMs=32.6 arrivalP95Ms=139.1 arrivalMaxMs=146.7 sameArrival=25 tickGapMax=2 renderFrames=9 interpolation=9 extrapolation=0 extrapolationCapped=0 extrapolationMaxMs=0.0 oldestHeld=0 zeroSpan=9 movingFrozen=0 teleport=0 visualStepAvgCm=0.00 visualStepMaxCm=0.00 estimatedHostTick=5290 renderTick=5284.314 latestSnapshotTick=5286.000 renderMinusLatestTicks=-1.686 estimatedMinusLatestTicks=4.000 sampleT=0.157
[rubber-banding][remote-render] time=105.212 frame=1184 entity=3 latestHostTick=5286 buffer=8 windowMs=1107.9 fps=8.1 snapshots=34 arrivalSamples=34 arrivalAvgMs=32.6 arrivalP95Ms=139.1 arrivalMaxMs=146.7 sameArrival=25 tickGapMax=2 renderFrames=9 interpolation=9 extrapolation=0 extrapolationCapped=0 extrapolationMaxMs=0.0 oldestHeld=0 zeroSpan=9 movingFrozen=0 teleport=0 visualStepAvgCm=64.96 visualStepMaxCm=98.92 estimatedHostTick=5290 renderTick=5284.314 latestSnapshotTick=5286.000 renderMinusLatestTicks=-1.686 estimatedMinusLatestTicks=4.000 sampleT=0.157
[rubber-banding][large-step] time=105.212 frame=1184 focused=1 entity=3 buffer=8 count=9 maxStepCm=98.92 horizontalCm=55.88 verticalCm=81.62 frameDeltaMs=139.1 renderTickDelta=8.393 fromTick=5256 toTick=5258 tickSpan=2 receivedSpanMs=0.0 t=0.100 renderOffsetMs=-30.0 sourceHorizontalCm=13.32 sourceVerticalCm=25.00 fromGrounded=0 toGrounded=0 velocity=(1.197, -7.667, 3.811) expectedTravelCm=120.22 teleport=0 previous=(3.964, 1.210, 1.002) rendered=(4.131, 0.394, 1.535)
[rubber-banding][jump-step] time=105.212 frame=1184 focused=1 entity=3 buffer=8 count=8 maxVerticalCm=81.62 horizontalCm=55.88 verticalCm=81.62 frameDeltaMs=139.1 renderTickDelta=8.393 fromTick=5256 toTick=5258 tickSpan=2 receivedSpanMs=0.0 t=0.100 renderOffsetMs=-30.0 sourceHorizontalCm=13.32 sourceVerticalCm=25.00 fromGrounded=0 toGrounded=0 velocity=(1.197, -7.667, 3.811) expectedTravelCm=120.22 teleport=0 previous=(3.964, 1.210, 1.002) rendered=(4.131, 0.394, 1.535)
[rubber-banding][remote-render] time=105.212 frame=1184 entity=4 latestHostTick=5286 buffer=8 windowMs=1107.9 fps=8.1 snapshots=34 arrivalSamples=34 arrivalAvgMs=32.6 arrivalP95Ms=139.1 arrivalMaxMs=146.7 sameArrival=25 tickGapMax=2 renderFrames=9 interpolation=9 extrapolation=0 extrapolationCapped=0 extrapolationMaxMs=0.0 oldestHeld=0 zeroSpan=9 movingFrozen=0 teleport=0 visualStepAvgCm=0.00 visualStepMaxCm=0.00 estimatedHostTick=5290 renderTick=5284.314 latestSnapshotTick=5286.000 renderMinusLatestTicks=-1.686 estimatedMinusLatestTicks=4.000 sampleT=0.157
[rubber-banding][udp-pump] time=105.606 frame=1187 focused=1 windowMs=1110.2 fps=8.1 packets=34 socketAvgMs=32.7 socketP95Ms=132.8 socketMaxMs=134.6 pumpAvgMs=32.7 pumpP95Ms=136.3 pumpMaxMs=139.1 queueDelayAvgMs=60.3 queueDelayP95Ms=80.6 queueDelayMaxMs=82.2 samePump=25 pumpBatchMax=5 queueDepthMax=6 frameMaxMs=139.1
[rubber-banding][local-input] time=106.245 frame=1192 focused=1 host=0 room=19 world=5 authority=5 entity=2 windowMs=1033.2 updates=8 fixedCalls=52 commands=32 predictionSteps=32 noCommandUpdates=0 estimatedHostTick=5354 nextInputTick=5360 lastRecordedTick=5360 lastResolvedTick=5348 nextLead=6 recordedLead=6 unresolved=6 clamped=0 clampedTotal=140 batchesSent=1005 commandsSent=4558 sendFailures=0 move=(0.00,0.00) jump=0
[rubber-banding][remote-render] time=106.245 frame=1192 entity=1 latestHostTick=5348 buffer=8 windowMs=1033.2 fps=7.7 snapshots=31 arrivalSamples=31 arrivalAvgMs=33.3 arrivalP95Ms=138.6 arrivalMaxMs=143.3 sameArrival=23 tickGapMax=2 renderFrames=8 interpolation=5 extrapolation=3 extrapolationCapped=0 extrapolationMaxMs=7.1 oldestHeld=0 zeroSpan=8 movingFrozen=0 teleport=0 visualStepAvgCm=0.00 visualStepMaxCm=0.00 estimatedHostTick=5354 renderTick=5348.070 latestSnapshotTick=5348.000 renderMinusLatestTicks=0.070 estimatedMinusLatestTicks=6.000 sampleT=1.035
[rubber-banding][remote-render] time=106.245 frame=1192 entity=3 latestHostTick=5348 buffer=8 windowMs=1033.2 fps=7.7 snapshots=31 arrivalSamples=31 arrivalAvgMs=33.3 arrivalP95Ms=138.6 arrivalMaxMs=143.3 sameArrival=23 tickGapMax=2 renderFrames=8 interpolation=5 extrapolation=3 extrapolationCapped=0 extrapolationMaxMs=7.1 oldestHeld=0 zeroSpan=8 movingFrozen=0 teleport=0 visualStepAvgCm=52.72 visualStepMaxCm=68.81 estimatedHostTick=5354 renderTick=5348.070 latestSnapshotTick=5348.000 renderMinusLatestTicks=0.070 estimatedMinusLatestTicks=6.000 sampleT=1.035
[rubber-banding][large-step] time=106.245 frame=1192 focused=1 entity=3 buffer=8 count=8 maxStepCm=68.81 horizontalCm=28.82 verticalCm=62.48 frameDeltaMs=143.3 renderTickDelta=8.887 fromTick=5316 toTick=5318 tickSpan=2 receivedSpanMs=0.0 t=0.824 renderOffsetMs=-5.9 sourceHorizontalCm=8.00 sourceVerticalCm=15.87 fromGrounded=0 toGrounded=0 velocity=(-1.172, 4.595, -2.158) expectedTravelCm=74.68 teleport=0 previous=(4.714, 0.008, 3.391) rendered=(4.608, 0.633, 3.123)
[rubber-banding][jump-step] time=106.245 frame=1192 focused=1 entity=3 buffer=8 count=7 maxVerticalCm=62.48 horizontalCm=28.82 verticalCm=62.48 frameDeltaMs=143.3 renderTickDelta=8.887 fromTick=5316 toTick=5318 tickSpan=2 receivedSpanMs=0.0 t=0.824 renderOffsetMs=-5.9 sourceHorizontalCm=8.00 sourceVerticalCm=15.87 fromGrounded=0 toGrounded=0 velocity=(-1.172, 4.595, -2.158) expectedTravelCm=74.68 teleport=0 previous=(4.714, 0.008, 3.391) rendered=(4.608, 0.633, 3.123)
[rubber-banding][remote-render] time=106.245 frame=1192 entity=4 latestHostTick=5348 buffer=8 windowMs=1033.2 fps=7.7 snapshots=31 arrivalSamples=31 arrivalAvgMs=33.3 arrivalP95Ms=138.6 arrivalMaxMs=143.3 sameArrival=23 tickGapMax=2 renderFrames=8 interpolation=5 extrapolation=3 extrapolationCapped=0 extrapolationMaxMs=7.1 oldestHeld=0 zeroSpan=8 movingFrozen=0 teleport=0 visualStepAvgCm=0.00 visualStepMaxCm=0.00 estimatedHostTick=5354 renderTick=5348.070 latestSnapshotTick=5348.000 renderMinusLatestTicks=0.070 estimatedMinusLatestTicks=6.000 sampleT=1.035
[rubber-banding][udp-pump] time=106.628 frame=1195 focused=1 windowMs=1021.9 fps=7.8 packets=30 socketAvgMs=34.0 socketP95Ms=141.6 socketMaxMs=144.5 pumpAvgMs=34.1 pumpP95Ms=138.6 pumpMaxMs=143.3 queueDelayAvgMs=86.2 queueDelayP95Ms=102.4 queueDelayMaxMs=103.9 samePump=22 pumpBatchMax=5 queueDepthMax=5 frameMaxMs=143.3
[rubber-banding][local-input] time=107.272 frame=1200 focused=1 host=0 room=19 world=5 authority=5 entity=2 windowMs=1026.6 updates=8 fixedCalls=51 commands=32 predictionSteps=32 noCommandUpdates=0 estimatedHostTick=5412 nextInputTick=5418 lastRecordedTick=5418 lastResolvedTick=5408 nextLead=6 recordedLead=6 unresolved=5 clamped=0 clampedTotal=140 batchesSent=1013 commandsSent=4599 sendFailures=0 move=(0.00,0.00) jump=0
[rubber-banding][remote-render] time=107.272 frame=1200 entity=1 latestHostTick=5408 buffer=8 windowMs=1026.6 fps=7.8 snapshots=30 arrivalSamples=30 arrivalAvgMs=34.2 arrivalP95Ms=133.5 arrivalMaxMs=141.7 sameArrival=22 tickGapMax=2 renderFrames=8 interpolation=2 extrapolation=6 extrapolationCapped=0 extrapolationMaxMs=27.9 oldestHeld=0 zeroSpan=8 movingFrozen=0 teleport=0 visualStepAvgCm=0.00 visualStepMaxCm=0.00 estimatedHostTick=5412 renderTick=5408.200 latestSnapshotTick=5408.000 renderMinusLatestTicks=0.200 estimatedMinusLatestTicks=4.000 sampleT=1.100
[rubber-banding][remote-render] time=107.272 frame=1200 entity=3 latestHostTick=5408 buffer=8 windowMs=1026.6 fps=7.8 snapshots=30 arrivalSamples=30 arrivalAvgMs=34.2 arrivalP95Ms=133.5 arrivalMaxMs=141.7 sameArrival=22 tickGapMax=2 renderFrames=8 interpolation=2 extrapolation=6 extrapolationCapped=0 extrapolationMaxMs=27.9 oldestHeld=0 zeroSpan=8 movingFrozen=0 teleport=0 visualStepAvgCm=61.44 visualStepMaxCm=94.23 estimatedHostTick=5412 renderTick=5408.200 latestSnapshotTick=5408.000 renderMinusLatestTicks=0.200 estimatedMinusLatestTicks=4.000 sampleT=1.100
[rubber-banding][large-step] time=107.272 frame=1200 focused=1 entity=3 buffer=8 count=8 maxStepCm=94.23 horizontalCm=50.07 verticalCm=79.82 frameDeltaMs=129.5 renderTickDelta=7.511 fromTick=5362 toTick=5364 tickSpan=2 receivedSpanMs=0.0 t=0.594 renderOffsetMs=-13.5 sourceHorizontalCm=13.33 sourceVerticalCm=12.54 fromGrounded=0 toGrounded=0 velocity=(-3.546, 3.595, -1.851) expectedTravelCm=69.64 teleport=0 previous=(2.667, 0.008, 2.051) rendered=(2.223, 0.806, 1.819)
[rubber-banding][jump-step] time=107.272 frame=1200 focused=1 entity=3 buffer=8 count=7 maxVerticalCm=79.82 horizontalCm=50.07 verticalCm=79.82 frameDeltaMs=129.5 renderTickDelta=7.511 fromTick=5362 toTick=5364 tickSpan=2 receivedSpanMs=0.0 t=0.594 renderOffsetMs=-13.5 sourceHorizontalCm=13.33 sourceVerticalCm=12.54 fromGrounded=0 toGrounded=0 velocity=(-3.546, 3.595, -1.851) expectedTravelCm=69.64 teleport=0 previous=(2.667, 0.008, 2.051) rendered=(2.223, 0.806, 1.819)
[rubber-banding][remote-render] time=107.272 frame=1200 entity=4 latestHostTick=5408 buffer=8 windowMs=1026.6 fps=7.8 snapshots=30 arrivalSamples=30 arrivalAvgMs=34.2 arrivalP95Ms=133.5 arrivalMaxMs=141.7 sameArrival=22 tickGapMax=2 renderFrames=8 interpolation=2 extrapolation=6 extrapolationCapped=0 extrapolationMaxMs=27.9 oldestHeld=0 zeroSpan=8 movingFrozen=0 teleport=0 visualStepAvgCm=0.00 visualStepMaxCm=0.00 estimatedHostTick=5412 renderTick=5408.200 latestSnapshotTick=5408.000 renderMinusLatestTicks=0.200 estimatedMinusLatestTicks=4.000 sampleT=1.100
[rubber-banding][udp-pump] time=107.636 frame=1203 focused=1 windowMs=1007.7 fps=7.9 packets=30 socketAvgMs=33.5 socketP95Ms=129.5 socketMaxMs=129.8 pumpAvgMs=33.6 pumpP95Ms=133.5 pumpMaxMs=141.7 queueDelayAvgMs=83.7 queueDelayP95Ms=96.8 queueDelayMaxMs=98.3 samePump=22 pumpBatchMax=4 queueDepthMax=5 frameMaxMs=141.7
[rubber-banding][local-input] time=108.375 frame=1209 focused=1 host=0 room=19 world=5 authority=5 entity=2 windowMs=1103.4 updates=9 fixedCalls=55 commands=36 predictionSteps=36 noCommandUpdates=0 estimatedHostTick=5478 nextInputTick=5484 lastRecordedTick=5484 lastResolvedTick=5476 nextLead=6 recordedLead=6 unresolved=5 clamped=0 clampedTotal=140 batchesSent=1022 commandsSent=4644 sendFailures=0 move=(0.00,0.00) jump=0
[rubber-banding][remote-render] time=108.375 frame=1209 entity=1 latestHostTick=5476 buffer=8 windowMs=1103.4 fps=8.2 snapshots=34 arrivalSamples=34 arrivalAvgMs=32.5 arrivalP95Ms=131.4 arrivalMaxMs=133.0 sameArrival=25 tickGapMax=2 renderFrames=9 interpolation=7 extrapolation=2 extrapolationCapped=0 extrapolationMaxMs=2.7 oldestHeld=0 zeroSpan=9 movingFrozen=0 teleport=0 visualStepAvgCm=0.00 visualStepMaxCm=0.00 estimatedHostTick=5478 renderTick=5474.200 latestSnapshotTick=5476.000 renderMinusLatestTicks=-1.800 estimatedMinusLatestTicks=2.000 sampleT=0.100
[rubber-banding][remote-render] time=108.375 frame=1209 entity=3 latestHostTick=5476 buffer=8 windowMs=1103.4 fps=8.2 snapshots=34 arrivalSamples=34 arrivalAvgMs=32.5 arrivalP95Ms=131.4 arrivalMaxMs=133.0 sameArrival=25 tickGapMax=2 renderFrames=9 interpolation=7 extrapolation=2 extrapolationCapped=0 extrapolationMaxMs=2.7 oldestHeld=0 zeroSpan=9 movingFrozen=0 teleport=0 visualStepAvgCm=63.07 visualStepMaxCm=93.57 estimatedHostTick=5478 renderTick=5474.200 latestSnapshotTick=5476.000 renderMinusLatestTicks=-1.800 estimatedMinusLatestTicks=2.000 sampleT=0.100
[rubber-banding][large-step] time=108.375 frame=1209 focused=1 entity=3 buffer=8 count=9 maxStepCm=93.57 horizontalCm=53.14 verticalCm=77.02 frameDeltaMs=133.0 renderTickDelta=7.982 fromTick=5444 toTick=5446 tickSpan=2 receivedSpanMs=0.0 t=0.591 renderOffsetMs=-13.6 sourceHorizontalCm=13.32 sourceVerticalCm=21.47 fromGrounded=0 toGrounded=1 velocity=(1.197, -7.333, 3.811) expectedTravelCm=111.09 teleport=0 previous=(2.640, 0.866, 0.720) rendered=(2.799, 0.096, 1.227)
[rubber-banding][jump-step] time=108.375 frame=1209 focused=1 entity=3 buffer=8 count=8 maxVerticalCm=77.02 horizontalCm=53.14 verticalCm=77.02 frameDeltaMs=133.0 renderTickDelta=7.982 fromTick=5444 toTick=5446 tickSpan=2 receivedSpanMs=0.0 t=0.591 renderOffsetMs=-13.6 sourceHorizontalCm=13.32 sourceVerticalCm=21.47 fromGrounded=0 toGrounded=1 velocity=(1.197, -7.333, 3.811) expectedTravelCm=111.09 teleport=0 previous=(2.640, 0.866, 0.720) rendered=(2.799, 0.096, 1.227)
[rubber-banding][remote-render] time=108.375 frame=1209 entity=4 latestHostTick=5476 buffer=8 windowMs=1103.4 fps=8.2 snapshots=34 arrivalSamples=34 arrivalAvgMs=32.5 arrivalP95Ms=131.4 arrivalMaxMs=133.0 sameArrival=25 tickGapMax=2 renderFrames=9 interpolation=7 extrapolation=2 extrapolationCapped=0 extrapolationMaxMs=2.7 oldestHeld=0 zeroSpan=9 movingFrozen=0 teleport=0 visualStepAvgCm=0.00 visualStepMaxCm=0.00 estimatedHostTick=5478 renderTick=5474.200 latestSnapshotTick=5476.000 renderMinusLatestTicks=-1.800 estimatedMinusLatestTicks=2.000 sampleT=0.100
[rubber-banding][udp-pump] time=108.744 frame=1212 focused=1 windowMs=1107.8 fps=8.1 packets=35 socketAvgMs=32.7 socketP95Ms=134.2 socketMaxMs=140.2 pumpAvgMs=31.7 pumpP95Ms=129.7 pumpMaxMs=133.0 queueDelayAvgMs=67.0 queueDelayP95Ms=85.4 queueDelayMaxMs=86.8 samePump=26 pumpBatchMax=4 queueDepthMax=5 frameMaxMs=133.0
[rubber-banding][local-input] time=109.418 frame=1217 focused=1 host=0 room=19 world=5 authority=5 entity=2 windowMs=1042.9 updates=8 fixedCalls=53 commands=32 predictionSteps=32 noCommandUpdates=0 estimatedHostTick=5543 nextInputTick=5549 lastRecordedTick=5549 lastResolvedTick=5540 nextLead=6 recordedLead=6 unresolved=5 clamped=0 clampedTotal=140 batchesSent=1030 commandsSent=4683 sendFailures=0 move=(0.00,0.00) jump=0
[rubber-banding][remote-render] time=109.418 frame=1217 entity=1 latestHostTick=5540 buffer=8 windowMs=1042.9 fps=7.7 snapshots=32 arrivalSamples=32 arrivalAvgMs=32.6 arrivalP95Ms=139.4 arrivalMaxMs=150.7 sameArrival=24 tickGapMax=2 renderFrames=8 interpolation=8 extrapolation=0 extrapolationCapped=0 extrapolationMaxMs=0.0 oldestHeld=0 zeroSpan=8 movingFrozen=0 teleport=0 visualStepAvgCm=0.00 visualStepMaxCm=0.00 estimatedHostTick=5543 renderTick=5537.564 latestSnapshotTick=5540.000 renderMinusLatestTicks=-2.436 estimatedMinusLatestTicks=3.000 sampleT=0.782
[rubber-banding][remote-render] time=109.418 frame=1217 entity=3 latestHostTick=5540 buffer=8 windowMs=1042.9 fps=7.7 snapshots=32 arrivalSamples=32 arrivalAvgMs=32.6 arrivalP95Ms=139.4 arrivalMaxMs=150.7 sameArrival=24 tickGapMax=2 renderFrames=8 interpolation=8 extrapolation=0 extrapolationCapped=0 extrapolationMaxMs=0.0 oldestHeld=0 zeroSpan=8 movingFrozen=0 teleport=0 visualStepAvgCm=65.39 visualStepMaxCm=90.54 estimatedHostTick=5543 renderTick=5537.564 latestSnapshotTick=5540.000 renderMinusLatestTicks=-2.436 estimatedMinusLatestTicks=3.000 sampleT=0.782
[rubber-banding][large-step] time=109.418 frame=1217 focused=1 entity=3 buffer=8 count=8 maxStepCm=90.54 horizontalCm=55.78 verticalCm=71.31 frameDeltaMs=135.1 renderTickDelta=8.379 fromTick=5504 toTick=5506 tickSpan=2 receivedSpanMs=0.0 t=0.577 renderOffsetMs=-14.1 sourceHorizontalCm=13.32 sourceVerticalCm=12.54 fromGrounded=0 toGrounded=0 velocity=(-1.197, 3.595, -3.811) expectedTravelCm=72.63 teleport=0 previous=(4.216, 0.091, 3.061) rendered=(4.049, 0.804, 2.529)
[rubber-banding][jump-step] time=109.418 frame=1217 focused=1 entity=3 buffer=8 count=6 maxVerticalCm=71.31 horizontalCm=55.78 verticalCm=71.31 frameDeltaMs=135.1 renderTickDelta=8.379 fromTick=5504 toTick=5506 tickSpan=2 receivedSpanMs=0.0 t=0.577 renderOffsetMs=-14.1 sourceHorizontalCm=13.32 sourceVerticalCm=12.54 fromGrounded=0 toGrounded=0 velocity=(-1.197, 3.595, -3.811) expectedTravelCm=72.63 teleport=0 previous=(4.216, 0.091, 3.061) rendered=(4.049, 0.804, 2.529)
[rubber-banding][remote-render] time=109.418 frame=1217 entity=4 latestHostTick=5540 buffer=8 windowMs=1042.9 fps=7.7 snapshots=32 arrivalSamples=32 arrivalAvgMs=32.6 arrivalP95Ms=139.4 arrivalMaxMs=150.7 sameArrival=24 tickGapMax=2 renderFrames=8 interpolation=8 extrapolation=0 extrapolationCapped=0 extrapolationMaxMs=0.0 oldestHeld=0 zeroSpan=8 movingFrozen=0 teleport=0 visualStepAvgCm=0.00 visualStepMaxCm=0.00 estimatedHostTick=5543 renderTick=5537.564 latestSnapshotTick=5540.000 renderMinusLatestTicks=-2.436 estimatedMinusLatestTicks=3.000 sampleT=0.782
[rubber-banding][udp-pump] time=109.823 frame=1220 focused=1 windowMs=1079.5 fps=7.4 packets=32 socketAvgMs=33.7 socketP95Ms=139.0 socketMaxMs=147.7 pumpAvgMs=33.7 pumpP95Ms=142.9 pumpMaxMs=150.7 queueDelayAvgMs=45.4 queueDelayP95Ms=62.8 queueDelayMaxMs=63.8 samePump=24 pumpBatchMax=4 queueDepthMax=5 frameMaxMs=150.7
[rubber-banding][local-input] time=110.554 frame=1226 focused=1 host=0 room=19 world=5 authority=5 entity=2 windowMs=1135.7 updates=9 fixedCalls=56 commands=36 predictionSteps=36 noCommandUpdates=0 estimatedHostTick=5612 nextInputTick=5619 lastRecordedTick=5618 lastResolvedTick=5606 nextLead=7 recordedLead=6 unresolved=6 clamped=2 clampedTotal=142 batchesSent=1039 commandsSent=4734 sendFailures=0 move=(0.00,0.00) jump=0
[rubber-banding][remote-render] time=110.554 frame=1226 entity=1 latestHostTick=5606 buffer=8 windowMs=1135.7 fps=7.9 snapshots=33 arrivalSamples=33 arrivalAvgMs=34.4 arrivalP95Ms=138.7 arrivalMaxMs=142.9 sameArrival=24 tickGapMax=2 renderFrames=9 interpolation=7 extrapolation=2 extrapolationCapped=0 extrapolationMaxMs=16.6 oldestHeld=0 zeroSpan=9 movingFrozen=0 teleport=0 visualStepAvgCm=0.00 visualStepMaxCm=0.00 estimatedHostTick=5612 renderTick=5606.997 latestSnapshotTick=5606.000 renderMinusLatestTicks=0.997 estimatedMinusLatestTicks=6.000 sampleT=1.499
[rubber-banding][remote-render] time=110.554 frame=1226 entity=3 latestHostTick=5606 buffer=8 windowMs=1135.7 fps=7.9 snapshots=33 arrivalSamples=33 arrivalAvgMs=34.4 arrivalP95Ms=138.7 arrivalMaxMs=142.9 sameArrival=24 tickGapMax=2 renderFrames=9 interpolation=7 extrapolation=2 extrapolationCapped=0 extrapolationMaxMs=16.6 oldestHeld=0 zeroSpan=9 movingFrozen=0 teleport=0 visualStepAvgCm=58.61 visualStepMaxCm=74.70 estimatedHostTick=5612 renderTick=5606.997 latestSnapshotTick=5606.000 renderMinusLatestTicks=0.997 estimatedMinusLatestTicks=6.000 sampleT=1.499
[rubber-banding][large-step] time=110.554 frame=1226 focused=1 entity=3 buffer=8 count=9 maxStepCm=74.70 horizontalCm=51.64 verticalCm=53.97 frameDeltaMs=129.3 renderTickDelta=7.757 fromTick=5596 toTick=5598 tickSpan=2 receivedSpanMs=0.0 t=1.398 renderOffsetMs=13.3 sourceHorizontalCm=13.32 sourceVerticalCm=11.43 fromGrounded=0 toGrounded=0 velocity=(-1.197, 3.262, -3.811) expectedTravelCm=66.67 teleport=0 previous=(4.927, 0.415, -0.814) rendered=(4.773, 0.955, -1.307)
[rubber-banding][jump-step] time=110.554 frame=1226 focused=1 entity=3 buffer=8 count=9 maxVerticalCm=53.97 horizontalCm=51.64 verticalCm=53.97 frameDeltaMs=129.3 renderTickDelta=7.757 fromTick=5596 toTick=5598 tickSpan=2 receivedSpanMs=0.0 t=1.398 renderOffsetMs=13.3 sourceHorizontalCm=13.32 sourceVerticalCm=11.43 fromGrounded=0 toGrounded=0 velocity=(-1.197, 3.262, -3.811) expectedTravelCm=66.67 teleport=0 previous=(4.927, 0.415, -0.814) rendered=(4.773, 0.955, -1.307)
[rubber-banding][remote-render] time=110.554 frame=1226 entity=4 latestHostTick=5606 buffer=8 windowMs=1135.7 fps=7.9 snapshots=33 arrivalSamples=33 arrivalAvgMs=34.4 arrivalP95Ms=138.7 arrivalMaxMs=142.9 sameArrival=24 tickGapMax=2 renderFrames=9 interpolation=7 extrapolation=2 extrapolationCapped=0 extrapolationMaxMs=16.6 oldestHeld=0 zeroSpan=9 movingFrozen=0 teleport=0 visualStepAvgCm=0.00 visualStepMaxCm=0.00 estimatedHostTick=5612 renderTick=5606.997 latestSnapshotTick=5606.000 renderMinusLatestTicks=0.997 estimatedMinusLatestTicks=6.000 sampleT=1.499
[rubber-banding][udp-pump] time=110.924 frame=1229 focused=1 windowMs=1100.7 fps=8.2 packets=32 socketAvgMs=33.3 socketP95Ms=125.5 socketMaxMs=128.4 pumpAvgMs=34.4 pumpP95Ms=136.6 pumpMaxMs=136.7 queueDelayAvgMs=68.6 queueDelayP95Ms=87.8 queueDelayMaxMs=89.4 samePump=23 pumpBatchMax=4 queueDepthMax=5 frameMaxMs=136.7
[rubber-banding][local-input] time=111.627 frame=1235 focused=1 host=0 room=19 world=5 authority=5 entity=2 windowMs=1073.3 updates=9 fixedCalls=54 commands=36 predictionSteps=36 noCommandUpdates=0 estimatedHostTick=5674 nextInputTick=5680 lastRecordedTick=5680 lastResolvedTick=5670 nextLead=6 recordedLead=6 unresolved=5 clamped=0 clampedTotal=142 batchesSent=1048 commandsSent=4779 sendFailures=0 move=(0.00,0.00) jump=0
[rubber-banding][remote-render] time=111.627 frame=1235 entity=1 latestHostTick=5670 buffer=8 windowMs=1073.3 fps=8.4 snapshots=32 arrivalSamples=32 arrivalAvgMs=33.5 arrivalP95Ms=136.6 arrivalMaxMs=142.3 sameArrival=23 tickGapMax=2 renderFrames=9 interpolation=4 extrapolation=5 extrapolationCapped=0 extrapolationMaxMs=20.0 oldestHeld=0 zeroSpan=9 movingFrozen=0 teleport=0 visualStepAvgCm=0.00 visualStepMaxCm=0.00 estimatedHostTick=5674 renderTick=5670.176 latestSnapshotTick=5670.000 renderMinusLatestTicks=0.176 estimatedMinusLatestTicks=4.000 sampleT=1.088
[rubber-banding][remote-render] time=111.627 frame=1235 entity=3 latestHostTick=5670 buffer=8 windowMs=1073.3 fps=8.4 snapshots=32 arrivalSamples=32 arrivalAvgMs=33.5 arrivalP95Ms=136.6 arrivalMaxMs=142.3 sameArrival=23 tickGapMax=2 renderFrames=9 interpolation=4 extrapolation=5 extrapolationCapped=0 extrapolationMaxMs=20.0 oldestHeld=0 zeroSpan=9 movingFrozen=0 teleport=0 visualStepAvgCm=61.24 visualStepMaxCm=82.74 estimatedHostTick=5674 renderTick=5670.176 latestSnapshotTick=5670.000 renderMinusLatestTicks=0.176 estimatedMinusLatestTicks=4.000 sampleT=1.088
[rubber-banding][large-step] time=111.627 frame=1235 focused=1 entity=3 buffer=8 count=9 maxStepCm=82.74 horizontalCm=58.85 verticalCm=58.16 frameDeltaMs=142.3 renderTickDelta=8.537 fromTick=5634 toTick=5636 tickSpan=2 receivedSpanMs=0.0 t=1.499 renderOffsetMs=16.6 sourceHorizontalCm=13.33 sourceVerticalCm=18.09 fromGrounded=0 toGrounded=0 velocity=(-3.695, 5.262, 1.532) expectedTravelCm=94.04 teleport=0 previous=(3.964, 0.008, -3.090) rendered=(3.420, 0.590, -2.868)
[rubber-banding][jump-step] time=111.627 frame=1235 focused=1 entity=3 buffer=8 count=9 maxVerticalCm=59.37 horizontalCm=46.45 verticalCm=59.37 frameDeltaMs=116.3 renderTickDelta=6.976 fromTick=5668 toTick=5670 tickSpan=2 receivedSpanMs=0.0 t=1.088 renderOffsetMs=2.9 sourceHorizontalCm=13.33 sourceVerticalCm=19.68 fromGrounded=0 toGrounded=0 velocity=(-1.476, -6.072, 3.718) expectedTravelCm=84.54 teleport=0 previous=(2.121, 0.754, -1.745) rendered=(1.923, 0.160, -1.325)
[rubber-banding][remote-render] time=111.627 frame=1235 entity=4 latestHostTick=5670 buffer=8 windowMs=1073.3 fps=8.4 snapshots=32 arrivalSamples=32 arrivalAvgMs=33.5 arrivalP95Ms=136.6 arrivalMaxMs=142.3 sameArrival=23 tickGapMax=2 renderFrames=9 interpolation=4 extrapolation=5 extrapolationCapped=0 extrapolationMaxMs=20.0 oldestHeld=0 zeroSpan=9 movingFrozen=0 teleport=0 visualStepAvgCm=0.00 visualStepMaxCm=0.00 estimatedHostTick=5674 renderTick=5670.176 latestSnapshotTick=5670.000 renderMinusLatestTicks=0.176 estimatedMinusLatestTicks=4.000 sampleT=1.088
[rubber-banding][udp-pump] time=112.009 frame=1238 focused=1 windowMs=1085.1 fps=8.3 packets=32 socketAvgMs=33.2 socketP95Ms=121.9 socketMaxMs=126.1 pumpAvgMs=33.9 pumpP95Ms=137.2 pumpMaxMs=142.3 queueDelayAvgMs=94.2 queueDelayP95Ms=107.8 queueDelayMaxMs=108.8 samePump=23 pumpBatchMax=4 queueDepthMax=4 frameMaxMs=142.3
[rubber-banding][local-input] time=112.648 frame=1243 focused=1 host=0 room=19 world=5 authority=5 entity=2 windowMs=1020.7 updates=8 fixedCalls=51 commands=32 predictionSteps=32 noCommandUpdates=0 estimatedHostTick=5734 nextInputTick=5740 lastRecordedTick=5740 lastResolvedTick=5730 nextLead=6 recordedLead=6 unresolved=5 clamped=0 clampedTotal=142 batchesSent=1056 commandsSent=4819 sendFailures=0 move=(0.00,0.00) jump=0
[rubber-banding][remote-render] time=112.648 frame=1243 entity=1 latestHostTick=5730 buffer=8 windowMs=1020.7 fps=7.8 snapshots=30 arrivalSamples=30 arrivalAvgMs=34.0 arrivalP95Ms=136.6 arrivalMaxMs=137.2 sameArrival=22 tickGapMax=2 renderFrames=8 interpolation=3 extrapolation=5 extrapolationCapped=0 extrapolationMaxMs=22.1 oldestHeld=0 zeroSpan=8 movingFrozen=0 teleport=0 visualStepAvgCm=0.00 visualStepMaxCm=0.00 estimatedHostTick=5734 renderTick=5730.200 latestSnapshotTick=5730.000 renderMinusLatestTicks=0.200 estimatedMinusLatestTicks=4.000 sampleT=1.100
[rubber-banding][remote-render] time=112.648 frame=1243 entity=3 latestHostTick=5730 buffer=8 windowMs=1020.7 fps=7.8 snapshots=30 arrivalSamples=30 arrivalAvgMs=34.0 arrivalP95Ms=136.6 arrivalMaxMs=137.2 sameArrival=22 tickGapMax=2 renderFrames=8 interpolation=3 extrapolation=5 extrapolationCapped=0 extrapolationMaxMs=22.1 oldestHeld=0 zeroSpan=8 movingFrozen=0 teleport=0 visualStepAvgCm=64.82 visualStepMaxCm=93.05 estimatedHostTick=5734 renderTick=5730.200 latestSnapshotTick=5730.000 renderMinusLatestTicks=0.200 estimatedMinusLatestTicks=4.000 sampleT=1.100
[rubber-banding][large-step] time=112.648 frame=1243 focused=1 entity=3 buffer=8 count=8 maxStepCm=93.05 horizontalCm=54.43 verticalCm=75.48 frameDeltaMs=136.6 renderTickDelta=8.184 fromTick=5712 toTick=5714 tickSpan=2 receivedSpanMs=0.0 t=1.600 renderOffsetMs=20.0 sourceHorizontalCm=13.31 sourceVerticalCm=20.79 fromGrounded=0 toGrounded=0 velocity=(1.819, -6.405, 3.556) expectedTravelCm=103.10 teleport=0 previous=(2.582, 0.698, 1.012) rendered=(2.804, -0.057, 1.509)
[rubber-banding][jump-step] time=112.648 frame=1243 focused=1 entity=3 buffer=8 count=7 maxVerticalCm=75.48 horizontalCm=54.43 verticalCm=75.48 frameDeltaMs=136.6 renderTickDelta=8.184 fromTick=5712 toTick=5714 tickSpan=2 receivedSpanMs=0.0 t=1.600 renderOffsetMs=20.0 sourceHorizontalCm=13.31 sourceVerticalCm=20.79 fromGrounded=0 toGrounded=0 velocity=(1.819, -6.405, 3.556) expectedTravelCm=103.10 teleport=0 previous=(2.582, 0.698, 1.012) rendered=(2.804, -0.057, 1.509)
[rubber-banding][remote-render] time=112.648 frame=1243 entity=4 latestHostTick=5730 buffer=8 windowMs=1020.7 fps=7.8 snapshots=30 arrivalSamples=30 arrivalAvgMs=34.0 arrivalP95Ms=136.6 arrivalMaxMs=137.2 sameArrival=22 tickGapMax=2 renderFrames=8 interpolation=3 extrapolation=5 extrapolationCapped=0 extrapolationMaxMs=22.1 oldestHeld=0 zeroSpan=8 movingFrozen=0 teleport=0 visualStepAvgCm=0.00 visualStepMaxCm=0.00 estimatedHostTick=5734 renderTick=5730.200 latestSnapshotTick=5730.000 renderMinusLatestTicks=0.200 estimatedMinusLatestTicks=4.000 sampleT=1.100
[rubber-banding][udp-pump] time=113.032 frame=1246 focused=1 windowMs=1023.0 fps=7.8 packets=31 socketAvgMs=33.2 socketP95Ms=124.8 socketMaxMs=125.8 pumpAvgMs=33.0 pumpP95Ms=136.6 pumpMaxMs=146.1 queueDelayAvgMs=102.0 queueDelayP95Ms=117.4 queueDelayMaxMs=118.9 samePump=23 pumpBatchMax=5 queueDepthMax=5 frameMaxMs=146.1
[rubber-banding][local-input] time=113.680 frame=1251 focused=1 host=0 room=19 world=5 authority=5 entity=2 windowMs=1031.9 updates=8 fixedCalls=52 commands=32 predictionSteps=32 noCommandUpdates=0 estimatedHostTick=5796 nextInputTick=5803 lastRecordedTick=5803 lastResolvedTick=5798 nextLead=7 recordedLead=7 unresolved=4 clamped=0 clampedTotal=142 batchesSent=1064 commandsSent=4858 sendFailures=0 move=(0.00,0.00) jump=0
[rubber-banding][remote-render] time=113.680 frame=1251 entity=1 latestHostTick=5798 buffer=8 windowMs=1031.9 fps=7.8 snapshots=34 arrivalSamples=34 arrivalAvgMs=30.3 arrivalP95Ms=139.7 arrivalMaxMs=146.1 sameArrival=26 tickGapMax=2 renderFrames=8 interpolation=5 extrapolation=3 extrapolationCapped=0 extrapolationMaxMs=16.1 oldestHeld=0 zeroSpan=7 movingFrozen=0 teleport=0 visualStepAvgCm=0.00 visualStepMaxCm=0.00 estimatedHostTick=5796 renderTick=5791.801 latestSnapshotTick=5798.000 renderMinusLatestTicks=-6.199 estimatedMinusLatestTicks=-2.000 sampleT=0.900
[rubber-banding][remote-render] time=113.680 frame=1251 entity=3 latestHostTick=5798 buffer=8 windowMs=1031.9 fps=7.8 snapshots=34 arrivalSamples=34 arrivalAvgMs=30.3 arrivalP95Ms=139.7 arrivalMaxMs=146.1 sameArrival=26 tickGapMax=2 renderFrames=8 interpolation=5 extrapolation=3 extrapolationCapped=0 extrapolationMaxMs=16.1 oldestHeld=0 zeroSpan=7 movingFrozen=0 teleport=0 visualStepAvgCm=60.14 visualStepMaxCm=85.61 estimatedHostTick=5796 renderTick=5791.801 latestSnapshotTick=5798.000 renderMinusLatestTicks=-6.199 estimatedMinusLatestTicks=-2.000 sampleT=0.900
[rubber-banding][large-step] time=113.680 frame=1251 focused=1 entity=3 buffer=8 count=7 maxStepCm=85.61 horizontalCm=53.16 verticalCm=67.10 frameDeltaMs=133.5 renderTickDelta=8.000 fromTick=5782 toTick=5784 tickSpan=2 receivedSpanMs=133.5 t=1.100 renderOffsetMs=3.3 sourceHorizontalCm=13.29 sourceVerticalCm=26.87 fromGrounded=0 toGrounded=0 velocity=(-3.528, 2.595, -1.858) expectedTravelCm=63.49 teleport=0 previous=(4.924, 0.518, 0.471) rendered=(4.454, 1.189, 0.223)
[rubber-banding][jump-step] time=113.680 frame=1251 focused=1 entity=3 buffer=8 count=7 maxVerticalCm=67.10 horizontalCm=53.16 verticalCm=67.10 frameDeltaMs=133.5 renderTickDelta=8.000 fromTick=5782 toTick=5784 tickSpan=2 receivedSpanMs=133.5 t=1.100 renderOffsetMs=3.3 sourceHorizontalCm=13.29 sourceVerticalCm=26.87 fromGrounded=0 toGrounded=0 velocity=(-3.528, 2.595, -1.858) expectedTravelCm=63.49 teleport=0 previous=(4.924, 0.518, 0.471) rendered=(4.454, 1.189, 0.223)
[rubber-banding][remote-render] time=113.680 frame=1251 entity=4 latestHostTick=5798 buffer=8 windowMs=1031.9 fps=7.8 snapshots=34 arrivalSamples=34 arrivalAvgMs=30.3 arrivalP95Ms=139.7 arrivalMaxMs=146.1 sameArrival=26 tickGapMax=2 renderFrames=8 interpolation=5 extrapolation=3 extrapolationCapped=0 extrapolationMaxMs=16.1 oldestHeld=0 zeroSpan=7 movingFrozen=0 teleport=0 visualStepAvgCm=0.00 visualStepMaxCm=0.00 estimatedHostTick=5796 renderTick=5791.801 latestSnapshotTick=5798.000 renderMinusLatestTicks=-6.199 estimatedMinusLatestTicks=-2.000 sampleT=0.900
[rubber-banding][udp-pump] time=114.044 frame=1254 focused=1 windowMs=1011.9 fps=7.9 packets=33 socketAvgMs=33.4 socketP95Ms=124.4 socketMaxMs=138.0 pumpAvgMs=30.7 pumpP95Ms=133.5 pumpMaxMs=139.7 queueDelayAvgMs=54.5 queueDelayP95Ms=134.3 queueDelayMaxMs=137.9 samePump=25 pumpBatchMax=7 queueDepthMax=7 frameMaxMs=139.7
[rubber-banding][local-input] time=114.683 frame=1259 focused=1 host=0 room=19 world=5 authority=5 entity=2 windowMs=1003.3 updates=8 fixedCalls=50 commands=29 predictionSteps=29 noCommandUpdates=0 estimatedHostTick=5861 nextInputTick=5867 lastRecordedTick=5866 lastResolvedTick=5854 nextLead=6 recordedLead=5 unresolved=5 clamped=4 clampedTotal=146 batchesSent=1072 commandsSent=4901 sendFailures=0 move=(0.00,0.00) jump=0
[rubber-banding][remote-render] time=114.683 frame=1259 entity=1 latestHostTick=5854 buffer=8 windowMs=1003.3 fps=8.0 snapshots=28 arrivalSamples=28 arrivalAvgMs=35.8 arrivalP95Ms=242.2 arrivalMaxMs=252.4 sameArrival=22 tickGapMax=2 renderFrames=8 interpolation=4 extrapolation=4 extrapolationCapped=0 extrapolationMaxMs=68.7 oldestHeld=0 zeroSpan=7 movingFrozen=0 teleport=0 visualStepAvgCm=0.00 visualStepMaxCm=0.00 estimatedHostTick=5861 renderTick=5854.003 latestSnapshotTick=5854.000 renderMinusLatestTicks=0.003 estimatedMinusLatestTicks=7.000 sampleT=1.001
[rubber-banding][remote-render] time=114.683 frame=1259 entity=3 latestHostTick=5854 buffer=8 windowMs=1003.3 fps=8.0 snapshots=28 arrivalSamples=28 arrivalAvgMs=35.8 arrivalP95Ms=242.2 arrivalMaxMs=252.4 sameArrival=22 tickGapMax=2 renderFrames=8 interpolation=4 extrapolation=4 extrapolationCapped=0 extrapolationMaxMs=68.7 oldestHeld=0 zeroSpan=7 movingFrozen=0 teleport=0 visualStepAvgCm=62.19 visualStepMaxCm=90.35 estimatedHostTick=5861 renderTick=5854.003 latestSnapshotTick=5854.000 renderMinusLatestTicks=0.003 estimatedMinusLatestTicks=7.000 sampleT=1.001
[rubber-banding][large-step] time=114.683 frame=1259 focused=1 entity=3 buffer=8 count=8 maxStepCm=90.35 horizontalCm=59.63 verticalCm=67.88 frameDeltaMs=144.5 renderTickDelta=8.957 fromTick=5852 toTick=5854 tickSpan=2 receivedSpanMs=0.0 t=1.001 renderOffsetMs=0.0 sourceHorizontalCm=13.32 sourceVerticalCm=11.43 fromGrounded=0 toGrounded=0 velocity=(1.197, 3.262, 3.811) expectedTravelCm=74.50 teleport=0 previous=(1.686, 0.233, 0.170) rendered=(1.865, 0.912, 0.739)
[rubber-banding][jump-step] time=114.683 frame=1259 focused=1 entity=3 buffer=8 count=6 maxVerticalCm=67.88 horizontalCm=59.63 verticalCm=67.88 frameDeltaMs=144.5 renderTickDelta=8.957 fromTick=5852 toTick=5854 tickSpan=2 receivedSpanMs=0.0 t=1.001 renderOffsetMs=0.0 sourceHorizontalCm=13.32 sourceVerticalCm=11.43 fromGrounded=0 toGrounded=0 velocity=(1.197, 3.262, 3.811) expectedTravelCm=74.50 teleport=0 previous=(1.686, 0.233, 0.170) rendered=(1.865, 0.912, 0.739)
[rubber-banding][remote-render] time=114.683 frame=1259 entity=4 latestHostTick=5854 buffer=8 windowMs=1003.3 fps=8.0 snapshots=28 arrivalSamples=28 arrivalAvgMs=35.8 arrivalP95Ms=242.2 arrivalMaxMs=252.4 sameArrival=22 tickGapMax=2 renderFrames=8 interpolation=4 extrapolation=4 extrapolationCapped=0 extrapolationMaxMs=68.7 oldestHeld=0 zeroSpan=7 movingFrozen=0 teleport=0 visualStepAvgCm=0.00 visualStepMaxCm=0.00 estimatedHostTick=5861 renderTick=5854.003 latestSnapshotTick=5854.000 renderMinusLatestTicks=0.003 estimatedMinusLatestTicks=7.000 sampleT=1.001
[rubber-banding][udp-pump] time=115.088 frame=1262 focused=1 windowMs=1043.9 fps=7.7 packets=30 socketAvgMs=34.9 socketP95Ms=133.7 socketMaxMs=140.9 pumpAvgMs=34.8 pumpP95Ms=242.2 pumpMaxMs=252.4 queueDelayAvgMs=82.1 queueDelayP95Ms=133.7 queueDelayMaxMs=136.9 samePump=24 pumpBatchMax=7 queueDepthMax=7 frameMaxMs=144.5
[rubber-banding][local-input] time=115.712 frame=1267 focused=1 host=0 room=19 world=5 authority=5 entity=2 windowMs=1029.0 updates=8 fixedCalls=51 commands=30 predictionSteps=30 noCommandUpdates=0 estimatedHostTick=5916 nextInputTick=5922 lastRecordedTick=5922 lastResolvedTick=5916 nextLead=6 recordedLead=6 unresolved=4 clamped=0 clampedTotal=146 batchesSent=1080 commandsSent=4934 sendFailures=0 move=(0.00,0.00) jump=0
[rubber-banding][remote-render] time=115.712 frame=1267 entity=1 latestHostTick=5916 buffer=8 windowMs=1029.0 fps=7.8 snapshots=31 arrivalSamples=31 arrivalAvgMs=33.2 arrivalP95Ms=137.5 arrivalMaxMs=137.9 sameArrival=23 tickGapMax=2 renderFrames=8 interpolation=6 extrapolation=2 extrapolationCapped=0 extrapolationMaxMs=58.4 oldestHeld=0 zeroSpan=8 movingFrozen=0 teleport=0 visualStepAvgCm=0.00 visualStepMaxCm=0.00 estimatedHostTick=5916 renderTick=5913.686 latestSnapshotTick=5916.000 renderMinusLatestTicks=-2.314 estimatedMinusLatestTicks=0.000 sampleT=0.843
[rubber-banding][remote-render] time=115.712 frame=1267 entity=3 latestHostTick=5916 buffer=8 windowMs=1029.0 fps=7.8 snapshots=31 arrivalSamples=31 arrivalAvgMs=33.2 arrivalP95Ms=137.5 arrivalMaxMs=137.9 sameArrival=23 tickGapMax=2 renderFrames=8 interpolation=6 extrapolation=2 extrapolationCapped=0 extrapolationMaxMs=58.4 oldestHeld=0 zeroSpan=8 movingFrozen=0 teleport=0 visualStepAvgCm=61.40 visualStepMaxCm=81.41 estimatedHostTick=5916 renderTick=5913.686 latestSnapshotTick=5916.000 renderMinusLatestTicks=-2.314 estimatedMinusLatestTicks=0.000 sampleT=0.843
[rubber-banding][large-step] time=115.712 frame=1267 focused=1 entity=3 buffer=8 count=8 maxStepCm=81.41 horizontalCm=48.52 verticalCm=65.38 frameDeltaMs=125.6 renderTickDelta=7.288 fromTick=5906 toTick=5908 tickSpan=2 receivedSpanMs=0.0 t=0.526 renderOffsetMs=-15.8 sourceHorizontalCm=13.32 sourceVerticalCm=14.76 fromGrounded=0 toGrounded=0 velocity=(3.811, 4.262, -1.197) expectedTravelCm=73.39 teleport=0 previous=(3.340, 0.008, 2.904) rendered=(3.803, 0.662, 2.759)
[rubber-banding][jump-step] time=115.712 frame=1267 focused=1 entity=3 buffer=8 count=6 maxVerticalCm=65.38 horizontalCm=48.52 verticalCm=65.38 frameDeltaMs=125.6 renderTickDelta=7.288 fromTick=5906 toTick=5908 tickSpan=2 receivedSpanMs=0.0 t=0.526 renderOffsetMs=-15.8 sourceHorizontalCm=13.32 sourceVerticalCm=14.76 fromGrounded=0 toGrounded=0 velocity=(3.811, 4.262, -1.197) expectedTravelCm=73.39 teleport=0 previous=(3.340, 0.008, 2.904) rendered=(3.803, 0.662, 2.759)
[rubber-banding][remote-render] time=115.712 frame=1267 entity=4 latestHostTick=5916 buffer=8 windowMs=1029.0 fps=7.8 snapshots=31 arrivalSamples=31 arrivalAvgMs=33.2 arrivalP95Ms=137.5 arrivalMaxMs=137.9 sameArrival=23 tickGapMax=2 renderFrames=8 interpolation=6 extrapolation=2 extrapolationCapped=0 extrapolationMaxMs=58.4 oldestHeld=0 zeroSpan=8 movingFrozen=0 teleport=0 visualStepAvgCm=0.00 visualStepMaxCm=0.00 estimatedHostTick=5916 renderTick=5913.686 latestSnapshotTick=5916.000 renderMinusLatestTicks=-2.314 estimatedMinusLatestTicks=0.000 sampleT=0.843
[rubber-banding][udp-pump] time=116.095 frame=1270 focused=1 windowMs=1007.2 fps=7.9 packets=29 socketAvgMs=31.6 socketP95Ms=128.8 socketMaxMs=144.3 pumpAvgMs=34.7 pumpP95Ms=130.0 pumpMaxMs=141.5 queueDelayAvgMs=89.5 queueDelayP95Ms=119.7 queueDelayMaxMs=128.2 samePump=21 pumpBatchMax=5 queueDepthMax=5 frameMaxMs=141.5
[rubber-banding][local-input] time=116.726 frame=1275 focused=1 host=0 room=19 world=5 authority=5 entity=2 windowMs=1014.2 updates=8 fixedCalls=51 commands=32 predictionSteps=32 noCommandUpdates=0 estimatedHostTick=5979 nextInputTick=5985 lastRecordedTick=5985 lastResolvedTick=5974 nextLead=6 recordedLead=6 unresolved=5 clamped=0 clampedTotal=146 batchesSent=1088 commandsSent=4973 sendFailures=0 move=(0.00,0.00) jump=0
[rubber-banding][remote-render] time=116.726 frame=1275 entity=1 latestHostTick=5974 buffer=8 windowMs=1014.2 fps=7.9 snapshots=29 arrivalSamples=29 arrivalAvgMs=35.0 arrivalP95Ms=140.5 arrivalMaxMs=141.5 sameArrival=21 tickGapMax=2 renderFrames=8 interpolation=7 extrapolation=1 extrapolationCapped=0 extrapolationMaxMs=8.9 oldestHeld=0 zeroSpan=8 movingFrozen=0 teleport=0 visualStepAvgCm=0.00 visualStepMaxCm=0.00 estimatedHostTick=5979 renderTick=5974.536 latestSnapshotTick=5974.000 renderMinusLatestTicks=0.536 estimatedMinusLatestTicks=5.000 sampleT=1.268
[rubber-banding][remote-render] time=116.726 frame=1275 entity=3 latestHostTick=5974 buffer=8 windowMs=1014.2 fps=7.9 snapshots=29 arrivalSamples=29 arrivalAvgMs=35.0 arrivalP95Ms=140.5 arrivalMaxMs=141.5 sameArrival=21 tickGapMax=2 renderFrames=8 interpolation=7 extrapolation=1 extrapolationCapped=0 extrapolationMaxMs=8.9 oldestHeld=0 zeroSpan=8 movingFrozen=0 teleport=0 visualStepAvgCm=62.16 visualStepMaxCm=82.18 estimatedHostTick=5979 renderTick=5974.536 latestSnapshotTick=5974.000 renderMinusLatestTicks=0.536 estimatedMinusLatestTicks=5.000 sampleT=1.268
[rubber-banding][large-step] time=116.726 frame=1275 focused=1 entity=3 buffer=8 count=8 maxStepCm=82.18 horizontalCm=52.61 verticalCm=63.13 frameDeltaMs=131.7 renderTickDelta=7.902 fromTick=5950 toTick=5952 tickSpan=2 receivedSpanMs=0.0 t=0.374 renderOffsetMs=-20.9 sourceHorizontalCm=13.32 sourceVerticalCm=14.76 fromGrounded=0 toGrounded=0 velocity=(-1.197, 4.262, -3.811) expectedTravelCm=76.92 teleport=0 previous=(5.780, 0.008, 1.691) rendered=(5.622, 0.639, 1.189)
[rubber-banding][jump-step] time=116.726 frame=1275 focused=1 entity=3 buffer=8 count=7 maxVerticalCm=63.13 horizontalCm=52.61 verticalCm=63.13 frameDeltaMs=131.7 renderTickDelta=7.902 fromTick=5950 toTick=5952 tickSpan=2 receivedSpanMs=0.0 t=0.374 renderOffsetMs=-20.9 sourceHorizontalCm=13.32 sourceVerticalCm=14.76 fromGrounded=0 toGrounded=0 velocity=(-1.197, 4.262, -3.811) expectedTravelCm=76.92 teleport=0 previous=(5.780, 0.008, 1.691) rendered=(5.622, 0.639, 1.189)
[rubber-banding][remote-render] time=116.726 frame=1275 entity=4 latestHostTick=5974 buffer=8 windowMs=1014.2 fps=7.9 snapshots=29 arrivalSamples=29 arrivalAvgMs=35.0 arrivalP95Ms=140.5 arrivalMaxMs=141.5 sameArrival=21 tickGapMax=2 renderFrames=8 interpolation=7 extrapolation=1 extrapolationCapped=0 extrapolationMaxMs=8.9 oldestHeld=0 zeroSpan=8 movingFrozen=0 teleport=0 visualStepAvgCm=0.00 visualStepMaxCm=0.00 estimatedHostTick=5979 renderTick=5974.536 latestSnapshotTick=5974.000 renderMinusLatestTicks=0.536 estimatedMinusLatestTicks=5.000 sampleT=1.268
[rubber-banding][udp-pump] time=117.107 frame=1278 focused=1 windowMs=1012.7 fps=7.9 packets=30 socketAvgMs=33.2 socketP95Ms=127.1 socketMaxMs=133.2 pumpAvgMs=33.8 pumpP95Ms=138.8 pumpMaxMs=140.5 queueDelayAvgMs=99.9 queueDelayP95Ms=116.6 queueDelayMaxMs=118.6 samePump=22 pumpBatchMax=4 queueDepthMax=5 frameMaxMs=140.5
[rubber-banding][local-input] time=117.767 frame=1284 focused=1 host=0 room=19 world=5 authority=5 entity=2 windowMs=1040.8 updates=9 fixedCalls=52 commands=36 predictionSteps=36 noCommandUpdates=0 estimatedHostTick=6041 nextInputTick=6047 lastRecordedTick=6047 lastResolvedTick=6038 nextLead=6 recordedLead=6 unresolved=5 clamped=0 clampedTotal=146 batchesSent=1097 commandsSent=5020 sendFailures=0 move=(0.00,0.00) jump=0
[rubber-banding][remote-render] time=117.767 frame=1284 entity=1 latestHostTick=6038 buffer=8 windowMs=1040.8 fps=8.6 snapshots=32 arrivalSamples=32 arrivalAvgMs=32.5 arrivalP95Ms=133.0 arrivalMaxMs=138.8 sameArrival=23 tickGapMax=2 renderFrames=9 interpolation=6 extrapolation=3 extrapolationCapped=0 extrapolationMaxMs=5.0 oldestHeld=0 zeroSpan=9 movingFrozen=0 teleport=0 visualStepAvgCm=0.00 visualStepMaxCm=0.00 estimatedHostTick=6041 renderTick=6036.765 latestSnapshotTick=6038.000 renderMinusLatestTicks=-1.235 estimatedMinusLatestTicks=3.000 sampleT=0.382
[rubber-banding][remote-render] time=117.767 frame=1284 entity=3 latestHostTick=6038 buffer=8 windowMs=1040.8 fps=8.6 snapshots=32 arrivalSamples=32 arrivalAvgMs=32.5 arrivalP95Ms=133.0 arrivalMaxMs=138.8 sameArrival=23 tickGapMax=2 renderFrames=9 interpolation=6 extrapolation=3 extrapolationCapped=0 extrapolationMaxMs=5.0 oldestHeld=0 zeroSpan=9 movingFrozen=0 teleport=0 visualStepAvgCm=59.55 visualStepMaxCm=87.71 estimatedHostTick=6041 renderTick=6036.765 latestSnapshotTick=6038.000 renderMinusLatestTicks=-1.235 estimatedMinusLatestTicks=3.000 sampleT=0.382
[rubber-banding][large-step] time=117.767 frame=1284 focused=1 entity=3 buffer=8 count=9 maxStepCm=87.71 horizontalCm=55.00 verticalCm=68.32 frameDeltaMs=138.8 renderTickDelta=8.264 fromTick=5996 toTick=5998 tickSpan=2 receivedSpanMs=0.0 t=0.600 renderOffsetMs=-13.3 sourceHorizontalCm=13.31 sourceVerticalCm=13.65 fromGrounded=0 toGrounded=0 velocity=(-1.450, 3.928, -3.722) expectedTravelCm=77.76 teleport=0 previous=(4.860, 0.059, -1.236) rendered=(4.690, 0.743, -1.759)
[rubber-banding][jump-step] time=117.767 frame=1284 focused=1 entity=3 buffer=8 count=7 maxVerticalCm=68.32 horizontalCm=55.00 verticalCm=68.32 frameDeltaMs=138.8 renderTickDelta=8.264 fromTick=5996 toTick=5998 tickSpan=2 receivedSpanMs=0.0 t=0.600 renderOffsetMs=-13.3 sourceHorizontalCm=13.31 sourceVerticalCm=13.65 fromGrounded=0 toGrounded=0 velocity=(-1.450, 3.928, -3.722) expectedTravelCm=77.76 teleport=0 previous=(4.860, 0.059, -1.236) rendered=(4.690, 0.743, -1.759)
[rubber-banding][remote-render] time=117.767 frame=1284 entity=4 latestHostTick=6038 buffer=8 windowMs=1040.8 fps=8.6 snapshots=32 arrivalSamples=32 arrivalAvgMs=32.5 arrivalP95Ms=133.0 arrivalMaxMs=138.8 sameArrival=23 tickGapMax=2 renderFrames=9 interpolation=6 extrapolation=3 extrapolationCapped=0 extrapolationMaxMs=5.0 oldestHeld=0 zeroSpan=9 movingFrozen=0 teleport=0 visualStepAvgCm=0.00 visualStepMaxCm=0.00 estimatedHostTick=6041 renderTick=6036.765 latestSnapshotTick=6038.000 renderMinusLatestTicks=-1.235 estimatedMinusLatestTicks=3.000 sampleT=0.382
[rubber-banding][udp-pump] time=118.130 frame=1287 focused=1 windowMs=1022.6 fps=8.8 packets=31 socketAvgMs=33.9 socketP95Ms=127.5 socketMaxMs=128.0 pumpAvgMs=33.0 pumpP95Ms=130.7 pumpMaxMs=133.0 queueDelayAvgMs=89.7 queueDelayP95Ms=118.3 queueDelayMaxMs=123.4 samePump=22 pumpBatchMax=4 queueDepthMax=5 frameMaxMs=133.0
[rubber-banding][local-input] time=118.854 frame=1293 focused=1 host=0 room=19 world=5 authority=5 entity=2 windowMs=1087.4 updates=9 fixedCalls=54 commands=36 predictionSteps=36 noCommandUpdates=0 estimatedHostTick=6107 nextInputTick=6113 lastRecordedTick=6113 lastResolvedTick=6102 nextLead=6 recordedLead=6 unresolved=5 clamped=0 clampedTotal=146 batchesSent=1106 commandsSent=5065 sendFailures=0 move=(0.00,0.00) jump=0
[rubber-banding][remote-render] time=118.854 frame=1293 entity=1 latestHostTick=6102 buffer=8 windowMs=1087.4 fps=8.3 snapshots=32 arrivalSamples=32 arrivalAvgMs=34.0 arrivalP95Ms=130.7 arrivalMaxMs=136.8 sameArrival=23 tickGapMax=2 renderFrames=9 interpolation=8 extrapolation=1 extrapolationCapped=0 extrapolationMaxMs=0.1 oldestHeld=0 zeroSpan=9 movingFrozen=0 teleport=0 visualStepAvgCm=0.00 visualStepMaxCm=0.00 estimatedHostTick=6107 renderTick=6102.008 latestSnapshotTick=6102.000 renderMinusLatestTicks=0.008 estimatedMinusLatestTicks=5.000 sampleT=1.004
[rubber-banding][remote-render] time=118.854 frame=1293 entity=3 latestHostTick=6102 buffer=8 windowMs=1087.4 fps=8.3 snapshots=32 arrivalSamples=32 arrivalAvgMs=34.0 arrivalP95Ms=130.7 arrivalMaxMs=136.8 sameArrival=23 tickGapMax=2 renderFrames=9 interpolation=8 extrapolation=1 extrapolationCapped=0 extrapolationMaxMs=0.1 oldestHeld=0 zeroSpan=9 movingFrozen=0 teleport=0 visualStepAvgCm=47.49 visualStepMaxCm=54.64 estimatedHostTick=6107 renderTick=6102.008 latestSnapshotTick=6102.000 renderMinusLatestTicks=0.008 estimatedMinusLatestTicks=5.000 sampleT=1.004
[rubber-banding][large-step] time=118.854 frame=1293 focused=1 entity=3 buffer=8 count=9 maxStepCm=54.64 horizontalCm=54.64 verticalCm=0.00 frameDeltaMs=136.8 renderTickDelta=8.207 fromTick=6100 toTick=6102 tickSpan=2 receivedSpanMs=0.0 t=1.004 renderOffsetMs=0.1 sourceHorizontalCm=13.32 sourceVerticalCm=0.00 fromGrounded=1 toGrounded=1 velocity=(1.197, -2.333, 3.811) expectedTravelCm=63.28 teleport=0 previous=(1.269, 0.008, -0.633) rendered=(1.433, 0.008, -0.111)
[rubber-banding][remote-render] time=118.854 frame=1293 entity=4 latestHostTick=6102 buffer=8 windowMs=1087.4 fps=8.3 snapshots=32 arrivalSamples=32 arrivalAvgMs=34.0 arrivalP95Ms=130.7 arrivalMaxMs=136.8 sameArrival=23 tickGapMax=2 renderFrames=9 interpolation=8 extrapolation=1 extrapolationCapped=0 extrapolationMaxMs=0.1 oldestHeld=0 zeroSpan=9 movingFrozen=0 teleport=0 visualStepAvgCm=0.00 visualStepMaxCm=0.00 estimatedHostTick=6107 renderTick=6102.008 latestSnapshotTick=6102.000 renderMinusLatestTicks=0.008 estimatedMinusLatestTicks=5.000 sampleT=1.004
[rubber-banding][udp-pump] time=119.205 frame=1296 focused=1 windowMs=1075.2 fps=8.4 packets=33 socketAvgMs=34.9 socketP95Ms=122.9 socketMaxMs=137.9 pumpAvgMs=32.6 pumpP95Ms=136.8 pumpMaxMs=241.5 queueDelayAvgMs=86.7 queueDelayP95Ms=122.8 queueDelayMaxMs=125.9 samePump=25 pumpBatchMax=7 queueDepthMax=8 frameMaxMs=136.8
[rubber-banding][local-input] time=119.952 frame=1302 focused=1 host=0 room=19 world=5 authority=5 entity=2 windowMs=1097.3 updates=9 fixedCalls=55 commands=33 predictionSteps=33 noCommandUpdates=0 estimatedHostTick=6172 nextInputTick=6178 lastRecordedTick=6178 lastResolvedTick=6174 nextLead=6 recordedLead=6 unresolved=4 clamped=0 clampedTotal=146 batchesSent=1115 commandsSent=5101 sendFailures=0 move=(0.00,0.00) jump=0
[rubber-banding][remote-render] time=119.952 frame=1302 entity=1 latestHostTick=6174 buffer=8 windowMs=1097.3 fps=8.2 snapshots=36 arrivalSamples=36 arrivalAvgMs=30.5 arrivalP95Ms=133.7 arrivalMaxMs=241.5 sameArrival=28 tickGapMax=2 renderFrames=9 interpolation=9 extrapolation=0 extrapolationCapped=0 extrapolationMaxMs=0.0 oldestHeld=0 zeroSpan=5 movingFrozen=0 teleport=0 visualStepAvgCm=0.00 visualStepMaxCm=0.00 estimatedHostTick=6172 renderTick=6167.847 latestSnapshotTick=6174.000 renderMinusLatestTicks=-6.153 estimatedMinusLatestTicks=-2.000 sampleT=0.924
[rubber-banding][remote-render] time=119.952 frame=1302 entity=3 latestHostTick=6174 buffer=8 windowMs=1097.3 fps=8.2 snapshots=36 arrivalSamples=36 arrivalAvgMs=30.5 arrivalP95Ms=133.7 arrivalMaxMs=241.5 sameArrival=28 tickGapMax=2 renderFrames=9 interpolation=9 extrapolation=0 extrapolationCapped=0 extrapolationMaxMs=0.0 oldestHeld=0 zeroSpan=5 movingFrozen=0 teleport=0 visualStepAvgCm=48.05 visualStepMaxCm=52.51 estimatedHostTick=6172 renderTick=6167.847 latestSnapshotTick=6174.000 renderMinusLatestTicks=-6.153 estimatedMinusLatestTicks=-2.000 sampleT=0.924
[rubber-banding][large-step] time=119.952 frame=1302 focused=1 entity=3 buffer=8 count=9 maxStepCm=52.51 horizontalCm=52.51 verticalCm=0.00 frameDeltaMs=131.6 renderTickDelta=7.896 fromTick=6144 toTick=6146 tickSpan=2 receivedSpanMs=131.6 t=0.922 renderOffsetMs=-2.6 sourceHorizontalCm=13.32 sourceVerticalCm=0.00 fromGrounded=1 toGrounded=1 velocity=(3.811, -2.333, -1.197) expectedTravelCm=60.88 teleport=0 previous=(2.579, 0.008, 1.766) rendered=(3.081, 0.008, 1.610)
[rubber-banding][remote-render] time=119.952 frame=1302 entity=4 latestHostTick=6174 buffer=8 windowMs=1097.3 fps=8.2 snapshots=36 arrivalSamples=36 arrivalAvgMs=30.5 arrivalP95Ms=133.7 arrivalMaxMs=241.5 sameArrival=28 tickGapMax=2 renderFrames=9 interpolation=9 extrapolation=0 extrapolationCapped=0 extrapolationMaxMs=0.0 oldestHeld=0 zeroSpan=5 movingFrozen=0 teleport=0 visualStepAvgCm=0.00 visualStepMaxCm=0.00 estimatedHostTick=6172 renderTick=6167.847 latestSnapshotTick=6174.000 renderMinusLatestTicks=-6.153 estimatedMinusLatestTicks=-2.000 sampleT=0.924
[rubber-banding][udp-pump] time=120.210 frame=1304 focused=1 windowMs=1004.5 fps=8.0 packets=31 socketAvgMs=31.7 socketP95Ms=126.1 socketMaxMs=130.3 pumpAvgMs=32.4 pumpP95Ms=133.7 pumpMaxMs=134.2 queueDelayAvgMs=25.1 queueDelayP95Ms=133.3 queueDelayMaxMs=134.8 samePump=23 pumpBatchMax=6 queueDepthMax=6 frameMaxMs=134.2
[rubber-banding][local-input] time=120.966 frame=1310 focused=1 host=0 room=19 world=5 authority=5 entity=2 windowMs=1014.5 updates=8 fixedCalls=51 commands=32 predictionSteps=32 noCommandUpdates=0 estimatedHostTick=6238 nextInputTick=6245 lastRecordedTick=6244 lastResolvedTick=6232 nextLead=7 recordedLead=6 unresolved=6 clamped=5 clampedTotal=151 batchesSent=1123 commandsSent=5144 sendFailures=0 move=(0.00,0.00) jump=0
[rubber-banding][remote-render] time=120.966 frame=1310 entity=1 latestHostTick=6232 buffer=8 windowMs=1014.5 fps=7.9 snapshots=29 arrivalSamples=29 arrivalAvgMs=35.0 arrivalP95Ms=134.2 arrivalMaxMs=143.5 sameArrival=21 tickGapMax=2 renderFrames=8 interpolation=8 extrapolation=0 extrapolationCapped=0 extrapolationMaxMs=0.0 oldestHeld=0 zeroSpan=7 movingFrozen=0 teleport=0 visualStepAvgCm=0.00 visualStepMaxCm=0.00 estimatedHostTick=6238 renderTick=6230.749 latestSnapshotTick=6232.000 renderMinusLatestTicks=-1.251 estimatedMinusLatestTicks=6.000 sampleT=0.375
[rubber-banding][remote-render] time=120.966 frame=1310 entity=3 latestHostTick=6232 buffer=8 windowMs=1014.5 fps=7.9 snapshots=29 arrivalSamples=29 arrivalAvgMs=35.0 arrivalP95Ms=134.2 arrivalMaxMs=143.5 sameArrival=21 tickGapMax=2 renderFrames=8 interpolation=8 extrapolation=0 extrapolationCapped=0 extrapolationMaxMs=0.0 oldestHeld=0 zeroSpan=7 movingFrozen=0 teleport=0 visualStepAvgCm=50.16 visualStepMaxCm=55.38 estimatedHostTick=6238 renderTick=6230.749 latestSnapshotTick=6232.000 renderMinusLatestTicks=-1.251 estimatedMinusLatestTicks=6.000 sampleT=0.375
[rubber-banding][large-step] time=120.966 frame=1310 focused=1 entity=3 buffer=8 count=8 maxStepCm=55.38 horizontalCm=55.38 verticalCm=0.00 frameDeltaMs=134.2 renderTickDelta=8.318 fromTick=6176 toTick=6178 tickSpan=2 receivedSpanMs=0.0 t=0.083 renderOffsetMs=-30.6 sourceHorizontalCm=13.32 sourceVerticalCm=0.00 fromGrounded=1 toGrounded=1 velocity=(3.811, -2.333, -1.197) expectedTravelCm=62.06 teleport=0 previous=(4.478, 0.008, 1.171) rendered=(5.007, 0.008, 1.005)
[rubber-banding][remote-render] time=120.966 frame=1310 entity=4 latestHostTick=6232 buffer=8 windowMs=1014.5 fps=7.9 snapshots=29 arrivalSamples=29 arrivalAvgMs=35.0 arrivalP95Ms=134.2 arrivalMaxMs=143.5 sameArrival=21 tickGapMax=2 renderFrames=8 interpolation=8 extrapolation=0 extrapolationCapped=0 extrapolationMaxMs=0.0 oldestHeld=0 zeroSpan=7 movingFrozen=0 teleport=0 visualStepAvgCm=0.00 visualStepMaxCm=0.00 estimatedHostTick=6238 renderTick=6230.749 latestSnapshotTick=6232.000 renderMinusLatestTicks=-1.251 estimatedMinusLatestTicks=6.000 sampleT=0.375
[rubber-banding][udp-pump] time=121.289 frame=1313 focused=1 windowMs=1079.5 fps=8.3 packets=32 socketAvgMs=33.3 socketP95Ms=120.7 socketMaxMs=129.4 pumpAvgMs=33.7 pumpP95Ms=128.6 pumpMaxMs=143.5 queueDelayAvgMs=49.3 queueDelayP95Ms=65.5 queueDelayMaxMs=67.6 samePump=23 pumpBatchMax=4 queueDepthMax=4 frameMaxMs=143.5
[rubber-banding][local-input] time=122.035 frame=1319 focused=1 host=0 room=19 world=5 authority=5 entity=2 windowMs=1068.7 updates=9 fixedCalls=53 commands=36 predictionSteps=36 noCommandUpdates=0 estimatedHostTick=6299 nextInputTick=6305 lastRecordedTick=6305 lastResolvedTick=6296 nextLead=6 recordedLead=6 unresolved=5 clamped=0 clampedTotal=151 batchesSent=1132 commandsSent=5191 sendFailures=0 move=(0.00,0.00) jump=0
[rubber-banding][remote-render] time=122.035 frame=1319 entity=1 latestHostTick=6296 buffer=8 windowMs=1068.7 fps=8.4 snapshots=32 arrivalSamples=32 arrivalAvgMs=33.4 arrivalP95Ms=131.1 arrivalMaxMs=137.9 sameArrival=23 tickGapMax=2 renderFrames=9 interpolation=9 extrapolation=0 extrapolationCapped=0 extrapolationMaxMs=0.0 oldestHeld=0 zeroSpan=9 movingFrozen=0 teleport=0 visualStepAvgCm=0.00 visualStepMaxCm=0.00 estimatedHostTick=6299 renderTick=6294.873 latestSnapshotTick=6296.000 renderMinusLatestTicks=-1.127 estimatedMinusLatestTicks=3.000 sampleT=0.437
[rubber-banding][remote-render] time=122.035 frame=1319 entity=3 latestHostTick=6296 buffer=8 windowMs=1068.7 fps=8.4 snapshots=32 arrivalSamples=32 arrivalAvgMs=33.4 arrivalP95Ms=131.1 arrivalMaxMs=137.9 sameArrival=23 tickGapMax=2 renderFrames=9 interpolation=9 extrapolation=0 extrapolationCapped=0 extrapolationMaxMs=0.0 oldestHeld=0 zeroSpan=9 movingFrozen=0 teleport=0 visualStepAvgCm=46.97 visualStepMaxCm=52.39 estimatedHostTick=6299 renderTick=6294.873 latestSnapshotTick=6296.000 renderMinusLatestTicks=-1.127 estimatedMinusLatestTicks=3.000 sampleT=0.437
[rubber-banding][large-step] time=122.035 frame=1319 focused=1 entity=3 buffer=8 count=9 maxStepCm=52.39 horizontalCm=52.39 verticalCm=0.00 frameDeltaMs=131.1 renderTickDelta=7.868 fromTick=6286 toTick=6288 tickSpan=2 receivedSpanMs=0.0 t=0.796 renderOffsetMs=-6.8 sourceHorizontalCm=13.32 sourceVerticalCm=0.00 fromGrounded=1 toGrounded=1 velocity=(1.197, -2.333, 3.811) expectedTravelCm=60.67 teleport=0 previous=(2.364, 0.008, 0.049) rendered=(2.521, 0.008, 0.549)
[rubber-banding][remote-render] time=122.035 frame=1319 entity=4 latestHostTick=6296 buffer=8 windowMs=1068.7 fps=8.4 snapshots=32 arrivalSamples=32 arrivalAvgMs=33.4 arrivalP95Ms=131.1 arrivalMaxMs=137.9 sameArrival=23 tickGapMax=2 renderFrames=9 interpolation=9 extrapolation=0 extrapolationCapped=0 extrapolationMaxMs=0.0 oldestHeld=0 zeroSpan=9 movingFrozen=0 teleport=0 visualStepAvgCm=0.00 visualStepMaxCm=0.00 estimatedHostTick=6299 renderTick=6294.873 latestSnapshotTick=6296.000 renderMinusLatestTicks=-1.127 estimatedMinusLatestTicks=3.000 sampleT=0.437
[rubber-banding][udp-pump] time=122.317 frame=1321 focused=1 windowMs=1027.5 fps=7.8 packets=29 socketAvgMs=33.7 socketP95Ms=130.8 socketMaxMs=131.6 pumpAvgMs=35.4 pumpP95Ms=137.9 pumpMaxMs=149.7 queueDelayAvgMs=64.2 queueDelayP95Ms=97.9 queueDelayMaxMs=100.0 samePump=21 pumpBatchMax=4 queueDepthMax=4 frameMaxMs=149.7
[rubber-banding][local-input] time=123.048 frame=1327 focused=1 host=0 room=19 world=5 authority=5 entity=2 windowMs=1012.7 updates=8 fixedCalls=51 commands=32 predictionSteps=32 noCommandUpdates=0 estimatedHostTick=6359 nextInputTick=6365 lastRecordedTick=6365 lastResolvedTick=6354 nextLead=6 recordedLead=6 unresolved=7 clamped=0 clampedTotal=151 batchesSent=1140 commandsSent=5233 sendFailures=0 move=(0.00,0.00) jump=0
[rubber-banding][remote-render] time=123.048 frame=1327 entity=1 latestHostTick=6354 buffer=8 windowMs=1012.7 fps=7.9 snapshots=29 arrivalSamples=29 arrivalAvgMs=34.9 arrivalP95Ms=140.4 arrivalMaxMs=149.7 sameArrival=21 tickGapMax=2 renderFrames=8 interpolation=1 extrapolation=7 extrapolationCapped=0 extrapolationMaxMs=20.3 oldestHeld=0 zeroSpan=8 movingFrozen=0 teleport=0 visualStepAvgCm=0.00 visualStepMaxCm=0.00 estimatedHostTick=6359 renderTick=6355.025 latestSnapshotTick=6354.000 renderMinusLatestTicks=1.025 estimatedMinusLatestTicks=5.000 sampleT=1.512
[rubber-banding][remote-render] time=123.048 frame=1327 entity=3 latestHostTick=6354 buffer=8 windowMs=1012.7 fps=7.9 snapshots=29 arrivalSamples=29 arrivalAvgMs=34.9 arrivalP95Ms=140.4 arrivalMaxMs=149.7 sameArrival=21 tickGapMax=2 renderFrames=8 interpolation=1 extrapolation=7 extrapolationCapped=0 extrapolationMaxMs=20.3 oldestHeld=0 zeroSpan=8 movingFrozen=0 teleport=0 visualStepAvgCm=61.92 visualStepMaxCm=99.53 estimatedHostTick=6359 renderTick=6355.025 latestSnapshotTick=6354.000 renderMinusLatestTicks=1.025 estimatedMinusLatestTicks=5.000 sampleT=1.512
[rubber-banding][large-step] time=123.048 frame=1327 focused=1 entity=3 buffer=8 count=8 maxStepCm=99.53 horizontalCm=57.79 verticalCm=81.04 frameDeltaMs=149.7 renderTickDelta=8.680 fromTick=6308 toTick=6310 tickSpan=2 receivedSpanMs=0.0 t=1.610 renderOffsetMs=20.3 sourceHorizontalCm=13.32 sourceVerticalCm=14.76 fromGrounded=0 toGrounded=0 velocity=(1.197, 4.262, 3.811) expectedTravelCm=87.42 teleport=0 previous=(2.819, 0.008, 1.498) rendered=(2.992, 0.818, 2.050)
[rubber-banding][jump-step] time=123.048 frame=1327 focused=1 entity=3 buffer=8 count=4 maxVerticalCm=81.04 horizontalCm=57.79 verticalCm=81.04 frameDeltaMs=149.7 renderTickDelta=8.680 fromTick=6308 toTick=6310 tickSpan=2 receivedSpanMs=0.0 t=1.610 renderOffsetMs=20.3 sourceHorizontalCm=13.32 sourceVerticalCm=14.76 fromGrounded=0 toGrounded=0 velocity=(1.197, 4.262, 3.811) expectedTravelCm=87.42 teleport=0 previous=(2.819, 0.008, 1.498) rendered=(2.992, 0.818, 2.050)
[rubber-banding][remote-render] time=123.048 frame=1327 entity=4 latestHostTick=6354 buffer=8 windowMs=1012.7 fps=7.9 snapshots=29 arrivalSamples=29 arrivalAvgMs=34.9 arrivalP95Ms=140.4 arrivalMaxMs=149.7 sameArrival=21 tickGapMax=2 renderFrames=8 interpolation=1 extrapolation=7 extrapolationCapped=0 extrapolationMaxMs=20.3 oldestHeld=0 zeroSpan=8 movingFrozen=0 teleport=0 visualStepAvgCm=0.00 visualStepMaxCm=0.00 estimatedHostTick=6359 renderTick=6355.025 latestSnapshotTick=6354.000 renderMinusLatestTicks=1.025 estimatedMinusLatestTicks=5.000 sampleT=1.512
[rubber-banding][udp-pump] time=123.388 frame=1330 focused=1 windowMs=1071.0 fps=8.4 packets=32 socketAvgMs=32.8 socketP95Ms=129.5 socketMaxMs=137.6 pumpAvgMs=33.5 pumpP95Ms=134.6 pumpMaxMs=140.4 queueDelayAvgMs=95.7 queueDelayP95Ms=116.9 queueDelayMaxMs=118.4 samePump=23 pumpBatchMax=4 queueDepthMax=5 frameMaxMs=140.4
[rubber-banding][local-input] time=124.149 frame=1336 focused=1 host=0 room=19 world=5 authority=5 entity=2 windowMs=1101.1 updates=9 fixedCalls=55 commands=36 predictionSteps=36 noCommandUpdates=0 estimatedHostTick=6425 nextInputTick=6430 lastRecordedTick=6430 lastResolvedTick=6426 nextLead=5 recordedLead=5 unresolved=4 clamped=0 clampedTotal=151 batchesSent=1149 commandsSent=5277 sendFailures=0 move=(0.00,0.00) jump=0
[rubber-banding][remote-render] time=124.149 frame=1336 entity=1 latestHostTick=6426 buffer=8 windowMs=1101.1 fps=8.2 snapshots=36 arrivalSamples=36 arrivalAvgMs=30.6 arrivalP95Ms=134.6 arrivalMaxMs=135.9 sameArrival=27 tickGapMax=2 renderFrames=9 interpolation=4 extrapolation=5 extrapolationCapped=0 extrapolationMaxMs=22.6 oldestHeld=0 zeroSpan=9 movingFrozen=0 teleport=0 visualStepAvgCm=0.00 visualStepMaxCm=0.00 estimatedHostTick=6425 renderTick=6420.818 latestSnapshotTick=6426.000 renderMinusLatestTicks=-5.182 estimatedMinusLatestTicks=-1.000 sampleT=0.409
[rubber-banding][remote-render] time=124.149 frame=1336 entity=3 latestHostTick=6426 buffer=8 windowMs=1101.1 fps=8.2 snapshots=36 arrivalSamples=36 arrivalAvgMs=30.6 arrivalP95Ms=134.6 arrivalMaxMs=135.9 sameArrival=27 tickGapMax=2 renderFrames=9 interpolation=4 extrapolation=5 extrapolationCapped=0 extrapolationMaxMs=22.6 oldestHeld=0 zeroSpan=9 movingFrozen=0 teleport=0 visualStepAvgCm=50.20 visualStepMaxCm=76.86 estimatedHostTick=6425 renderTick=6420.818 latestSnapshotTick=6426.000 renderMinusLatestTicks=-5.182 estimatedMinusLatestTicks=-1.000 sampleT=0.409
[rubber-banding][large-step] time=124.149 frame=1336 focused=1 entity=3 buffer=8 count=8 maxStepCm=76.86 horizontalCm=35.20 verticalCm=68.32 frameDeltaMs=131.1 renderTickDelta=7.868 fromTick=6396 toTick=6398 tickSpan=2 receivedSpanMs=0.0 t=1.413 renderOffsetMs=13.8 sourceHorizontalCm=9.53 sourceVerticalCm=19.68 fromGrounded=0 toGrounded=0 velocity=(-1.108, -6.072, -3.838) expectedTravelCm=95.31 teleport=0 previous=(3.766, 0.778, 0.943) rendered=(3.509, 0.094, 0.701)
[rubber-banding][jump-step] time=124.149 frame=1336 focused=1 entity=3 buffer=8 count=5 maxVerticalCm=68.32 horizontalCm=35.20 verticalCm=68.32 frameDeltaMs=131.1 renderTickDelta=7.868 fromTick=6396 toTick=6398 tickSpan=2 receivedSpanMs=0.0 t=1.413 renderOffsetMs=13.8 sourceHorizontalCm=9.53 sourceVerticalCm=19.68 fromGrounded=0 toGrounded=0 velocity=(-1.108, -6.072, -3.838) expectedTravelCm=95.31 teleport=0 previous=(3.766, 0.778, 0.943) rendered=(3.509, 0.094, 0.701)
[rubber-banding][remote-render] time=124.149 frame=1336 entity=4 latestHostTick=6426 buffer=8 windowMs=1101.1 fps=8.2 snapshots=36 arrivalSamples=36 arrivalAvgMs=30.6 arrivalP95Ms=134.6 arrivalMaxMs=135.9 sameArrival=27 tickGapMax=2 renderFrames=9 interpolation=4 extrapolation=5 extrapolationCapped=0 extrapolationMaxMs=22.6 oldestHeld=0 zeroSpan=9 movingFrozen=0 teleport=0 visualStepAvgCm=0.00 visualStepMaxCm=0.00 estimatedHostTick=6425 renderTick=6420.818 latestSnapshotTick=6426.000 renderMinusLatestTicks=-5.182 estimatedMinusLatestTicks=-1.000 sampleT=0.409
[rubber-banding][udp-pump] time=124.500 frame=1339 focused=1 windowMs=1112.4 fps=8.1 packets=36 socketAvgMs=33.3 socketP95Ms=134.6 socketMaxMs=135.8 pumpAvgMs=30.9 pumpP95Ms=131.8 pumpMaxMs=135.9 queueDelayAvgMs=70.8 queueDelayP95Ms=124.5 queueDelayMaxMs=129.1 samePump=27 pumpBatchMax=7 queueDepthMax=7 frameMaxMs=135.9
[rubber-banding][local-input] time=125.230 frame=1345 focused=1 host=0 room=19 world=5 authority=5 entity=2 windowMs=1081.2 updates=9 fixedCalls=54 commands=36 predictionSteps=36 noCommandUpdates=0 estimatedHostTick=6494 nextInputTick=6500 lastRecordedTick=6500 lastResolvedTick=6490 nextLead=6 recordedLead=6 unresolved=6 clamped=0 clampedTotal=151 batchesSent=1158 commandsSent=5322 sendFailures=0 move=(0.00,0.00) jump=0
[rubber-banding][remote-render] time=125.230 frame=1345 entity=1 latestHostTick=6490 buffer=8 windowMs=1081.2 fps=8.3 snapshots=32 arrivalSamples=32 arrivalAvgMs=33.8 arrivalP95Ms=131.1 arrivalMaxMs=136.2 sameArrival=23 tickGapMax=2 renderFrames=9 interpolation=9 extrapolation=0 extrapolationCapped=0 extrapolationMaxMs=0.0 oldestHeld=0 zeroSpan=7 movingFrozen=0 teleport=0 visualStepAvgCm=0.00 visualStepMaxCm=0.00 estimatedHostTick=6494 renderTick=6487.852 latestSnapshotTick=6490.000 renderMinusLatestTicks=-2.148 estimatedMinusLatestTicks=4.000 sampleT=0.926
[rubber-banding][remote-render] time=125.230 frame=1345 entity=3 latestHostTick=6490 buffer=8 windowMs=1081.2 fps=8.3 snapshots=32 arrivalSamples=32 arrivalAvgMs=33.8 arrivalP95Ms=131.1 arrivalMaxMs=136.2 sameArrival=23 tickGapMax=2 renderFrames=9 interpolation=9 extrapolation=0 extrapolationCapped=0 extrapolationMaxMs=0.0 oldestHeld=0 zeroSpan=7 movingFrozen=0 teleport=0 visualStepAvgCm=51.84 visualStepMaxCm=88.71 estimatedHostTick=6494 renderTick=6487.852 latestSnapshotTick=6490.000 renderMinusLatestTicks=-2.148 estimatedMinusLatestTicks=4.000 sampleT=0.926
[rubber-banding][large-step] time=125.230 frame=1345 focused=1 entity=3 buffer=8 count=7 maxStepCm=88.71 horizontalCm=53.90 verticalCm=70.46 frameDeltaMs=131.1 renderTickDelta=8.125 fromTick=6450 toTick=6452 tickSpan=2 receivedSpanMs=0.0 t=0.367 renderOffsetMs=-21.1 sourceHorizontalCm=13.32 sourceVerticalCm=12.54 fromGrounded=0 toGrounded=0 velocity=(-1.197, 3.595, -3.811) expectedTravelCm=70.43 teleport=0 previous=(4.470, 0.073, 0.186) rendered=(4.319, 0.778, -0.332)
[rubber-banding][jump-step] time=125.230 frame=1345 focused=1 entity=3 buffer=8 count=5 maxVerticalCm=70.46 horizontalCm=53.90 verticalCm=70.46 frameDeltaMs=131.1 renderTickDelta=8.125 fromTick=6450 toTick=6452 tickSpan=2 receivedSpanMs=0.0 t=0.367 renderOffsetMs=-21.1 sourceHorizontalCm=13.32 sourceVerticalCm=12.54 fromGrounded=0 toGrounded=0 velocity=(-1.197, 3.595, -3.811) expectedTravelCm=70.43 teleport=0 previous=(4.470, 0.073, 0.186) rendered=(4.319, 0.778, -0.332)
[rubber-banding][remote-render] time=125.230 frame=1345 entity=4 latestHostTick=6490 buffer=8 windowMs=1081.2 fps=8.3 snapshots=32 arrivalSamples=32 arrivalAvgMs=33.8 arrivalP95Ms=131.1 arrivalMaxMs=136.2 sameArrival=23 tickGapMax=2 renderFrames=9 interpolation=9 extrapolation=0 extrapolationCapped=0 extrapolationMaxMs=0.0 oldestHeld=0 zeroSpan=7 movingFrozen=0 teleport=0 visualStepAvgCm=0.00 visualStepMaxCm=0.00 estimatedHostTick=6494 renderTick=6487.852 latestSnapshotTick=6490.000 renderMinusLatestTicks=-2.148 estimatedMinusLatestTicks=4.000 sampleT=0.926
[rubber-banding][udp-pump] time=125.593 frame=1348 focused=1 windowMs=1092.7 fps=8.2 packets=33 socketAvgMs=33.7 socketP95Ms=130.4 socketMaxMs=134.0 pumpAvgMs=33.1 pumpP95Ms=131.1 pumpMaxMs=136.2 queueDelayAvgMs=19.5 queueDelayP95Ms=107.7 queueDelayMaxMs=115.3 samePump=24 pumpBatchMax=5 queueDepthMax=5 frameMaxMs=136.2
[rubber-banding][local-input] time=126.242 frame=1353 focused=1 host=0 room=19 world=5 authority=5 entity=2 windowMs=1012.5 updates=8 fixedCalls=51 commands=32 predictionSteps=32 noCommandUpdates=0 estimatedHostTick=6555 nextInputTick=6561 lastRecordedTick=6561 lastResolvedTick=6552 nextLead=6 recordedLead=6 unresolved=5 clamped=1 clampedTotal=152 batchesSent=1166 commandsSent=5363 sendFailures=0 move=(0.00,0.00) jump=0
[rubber-banding][remote-render] time=126.242 frame=1353 entity=1 latestHostTick=6552 buffer=8 windowMs=1012.5 fps=7.9 snapshots=31 arrivalSamples=31 arrivalAvgMs=32.7 arrivalP95Ms=136.7 arrivalMaxMs=138.4 sameArrival=23 tickGapMax=2 renderFrames=8 interpolation=7 extrapolation=1 extrapolationCapped=0 extrapolationMaxMs=15.2 oldestHeld=0 zeroSpan=8 movingFrozen=0 teleport=0 visualStepAvgCm=0.00 visualStepMaxCm=0.00 estimatedHostTick=6555 renderTick=6549.213 latestSnapshotTick=6552.000 renderMinusLatestTicks=-2.787 estimatedMinusLatestTicks=3.000 sampleT=0.606
[rubber-banding][remote-render] time=126.242 frame=1353 entity=3 latestHostTick=6552 buffer=8 windowMs=1012.5 fps=7.9 snapshots=31 arrivalSamples=31 arrivalAvgMs=32.7 arrivalP95Ms=136.7 arrivalMaxMs=138.4 sameArrival=23 tickGapMax=2 renderFrames=8 interpolation=7 extrapolation=1 extrapolationCapped=0 extrapolationMaxMs=15.2 oldestHeld=0 zeroSpan=8 movingFrozen=0 teleport=0 visualStepAvgCm=60.38 visualStepMaxCm=76.08 estimatedHostTick=6555 renderTick=6549.213 latestSnapshotTick=6552.000 renderMinusLatestTicks=-2.787 estimatedMinusLatestTicks=3.000 sampleT=0.606
[rubber-banding][large-step] time=126.242 frame=1353 focused=1 entity=3 buffer=8 count=8 maxStepCm=76.08 horizontalCm=49.95 verticalCm=57.39 frameDeltaMs=120.8 renderTickDelta=7.492 fromTick=6500 toTick=6502 tickSpan=2 receivedSpanMs=0.0 t=1.456 renderOffsetMs=15.2 sourceHorizontalCm=13.33 sourceVerticalCm=18.09 fromGrounded=0 toGrounded=0 velocity=(-1.889, 5.262, 3.526) expectedTravelCm=79.87 teleport=0 previous=(3.025, 0.008, -1.862) rendered=(2.789, 0.582, -1.421)
[rubber-banding][jump-step] time=126.242 frame=1353 focused=1 entity=3 buffer=8 count=6 maxVerticalCm=57.39 horizontalCm=49.95 verticalCm=57.39 frameDeltaMs=120.8 renderTickDelta=7.492 fromTick=6500 toTick=6502 tickSpan=2 receivedSpanMs=0.0 t=1.456 renderOffsetMs=15.2 sourceHorizontalCm=13.33 sourceVerticalCm=18.09 fromGrounded=0 toGrounded=0 velocity=(-1.889, 5.262, 3.526) expectedTravelCm=79.87 teleport=0 previous=(3.025, 0.008, -1.862) rendered=(2.789, 0.582, -1.421)
[rubber-banding][remote-render] time=126.242 frame=1353 entity=4 latestHostTick=6552 buffer=8 windowMs=1012.5 fps=7.9 snapshots=31 arrivalSamples=31 arrivalAvgMs=32.7 arrivalP95Ms=136.7 arrivalMaxMs=138.4 sameArrival=23 tickGapMax=2 renderFrames=8 interpolation=7 extrapolation=1 extrapolationCapped=0 extrapolationMaxMs=15.2 oldestHeld=0 zeroSpan=8 movingFrozen=0 teleport=0 visualStepAvgCm=0.00 visualStepMaxCm=0.00 estimatedHostTick=6555 renderTick=6549.213 latestSnapshotTick=6552.000 renderMinusLatestTicks=-2.787 estimatedMinusLatestTicks=3.000 sampleT=0.606
[rubber-banding][udp-pump] time=126.650 frame=1356 focused=1 windowMs=1057.4 fps=7.6 packets=31 socketAvgMs=33.2 socketP95Ms=132.0 socketMaxMs=134.6 pumpAvgMs=34.1 pumpP95Ms=138.4 pumpMaxMs=145.4 queueDelayAvgMs=19.3 queueDelayP95Ms=36.4 queueDelayMaxMs=37.1 samePump=23 pumpBatchMax=4 queueDepthMax=5 frameMaxMs=145.4
[rubber-banding][local-input] time=127.244 frame=1361 focused=1 host=0 room=19 world=5 authority=5 entity=2 windowMs=1001.9 updates=8 fixedCalls=50 commands=32 predictionSteps=32 noCommandUpdates=0 estimatedHostTick=6615 nextInputTick=6622 lastRecordedTick=6622 lastResolvedTick=6610 nextLead=7 recordedLead=7 unresolved=5 clamped=4 clampedTotal=156 batchesSent=1174 commandsSent=5406 sendFailures=0 move=(0.00,0.00) jump=0
[rubber-banding][remote-render] time=127.244 frame=1361 entity=1 latestHostTick=6610 buffer=8 windowMs=1001.9 fps=8.0 snapshots=29 arrivalSamples=29 arrivalAvgMs=34.5 arrivalP95Ms=136.0 arrivalMaxMs=145.4 sameArrival=21 tickGapMax=2 renderFrames=8 interpolation=4 extrapolation=4 extrapolationCapped=0 extrapolationMaxMs=23.6 oldestHeld=0 zeroSpan=8 movingFrozen=0 teleport=0 visualStepAvgCm=0.00 visualStepMaxCm=0.00 estimatedHostTick=6615 renderTick=6609.939 latestSnapshotTick=6610.000 renderMinusLatestTicks=-0.061 estimatedMinusLatestTicks=5.000 sampleT=0.970
[rubber-banding][remote-render] time=127.244 frame=1361 entity=3 latestHostTick=6610 buffer=8 windowMs=1001.9 fps=8.0 snapshots=29 arrivalSamples=29 arrivalAvgMs=34.5 arrivalP95Ms=136.0 arrivalMaxMs=145.4 sameArrival=21 tickGapMax=2 renderFrames=8 interpolation=4 extrapolation=4 extrapolationCapped=0 extrapolationMaxMs=23.6 oldestHeld=0 zeroSpan=8 movingFrozen=0 teleport=0 visualStepAvgCm=50.78 visualStepMaxCm=68.33 estimatedHostTick=6615 renderTick=6609.939 latestSnapshotTick=6610.000 renderMinusLatestTicks=-0.061 estimatedMinusLatestTicks=5.000 sampleT=0.970
[rubber-banding][large-step] time=127.244 frame=1361 focused=1 entity=3 buffer=8 count=6 maxStepCm=68.33 horizontalCm=29.17 verticalCm=61.80 frameDeltaMs=120.2 renderTickDelta=7.213 fromTick=6578 toTick=6580 tickSpan=2 receivedSpanMs=0.0 t=1.707 renderOffsetMs=23.6 sourceHorizontalCm=0.11 sourceVerticalCm=18.09 fromGrounded=0 toGrounded=0 velocity=(-1.165, 5.262, -3.811) expectedTravelCm=79.35 teleport=0 previous=(3.460, 0.008, 0.691) rendered=(3.310, 0.626, 0.441)
[rubber-banding][jump-step] time=127.244 frame=1361 focused=1 entity=3 buffer=8 count=5 maxVerticalCm=61.80 horizontalCm=29.17 verticalCm=61.80 frameDeltaMs=120.2 renderTickDelta=7.213 fromTick=6578 toTick=6580 tickSpan=2 receivedSpanMs=0.0 t=1.707 renderOffsetMs=23.6 sourceHorizontalCm=0.11 sourceVerticalCm=18.09 fromGrounded=0 toGrounded=0 velocity=(-1.165, 5.262, -3.811) expectedTravelCm=79.35 teleport=0 previous=(3.460, 0.008, 0.691) rendered=(3.310, 0.626, 0.441)
[rubber-banding][remote-render] time=127.244 frame=1361 entity=4 latestHostTick=6610 buffer=8 windowMs=1001.9 fps=8.0 snapshots=29 arrivalSamples=29 arrivalAvgMs=34.5 arrivalP95Ms=136.0 arrivalMaxMs=145.4 sameArrival=21 tickGapMax=2 renderFrames=8 interpolation=4 extrapolation=4 extrapolationCapped=0 extrapolationMaxMs=23.6 oldestHeld=0 zeroSpan=8 movingFrozen=0 teleport=0 visualStepAvgCm=0.00 visualStepMaxCm=0.00 estimatedHostTick=6615 renderTick=6609.939 latestSnapshotTick=6610.000 renderMinusLatestTicks=-0.061 estimatedMinusLatestTicks=5.000 sampleT=0.970
[rubber-banding][udp-pump] time=127.734 frame=1365 focused=1 windowMs=1083.4 fps=8.3 packets=33 socketAvgMs=32.5 socketP95Ms=127.9 socketMaxMs=130.9 pumpAvgMs=32.8 pumpP95Ms=127.8 pumpMaxMs=136.0 queueDelayAvgMs=31.6 queueDelayP95Ms=52.1 queueDelayMaxMs=54.5 samePump=24 pumpBatchMax=4 queueDepthMax=5 frameMaxMs=136.0
[rubber-banding][local-input] time=128.348 frame=1370 focused=1 host=0 room=19 world=5 authority=5 entity=2 windowMs=1103.6 updates=9 fixedCalls=55 commands=36 predictionSteps=36 noCommandUpdates=0 estimatedHostTick=6681 nextInputTick=6687 lastRecordedTick=6687 lastResolvedTick=6676 nextLead=6 recordedLead=6 unresolved=5 clamped=0 clampedTotal=156 batchesSent=1183 commandsSent=5451 sendFailures=0 move=(0.00,0.00) jump=0
[rubber-banding][remote-render] time=128.348 frame=1370 entity=1 latestHostTick=6676 buffer=8 windowMs=1103.6 fps=8.2 snapshots=33 arrivalSamples=33 arrivalAvgMs=33.4 arrivalP95Ms=133.7 arrivalMaxMs=140.0 sameArrival=24 tickGapMax=2 renderFrames=9 interpolation=6 extrapolation=3 extrapolationCapped=0 extrapolationMaxMs=9.2 oldestHeld=0 zeroSpan=9 movingFrozen=0 teleport=0 visualStepAvgCm=0.00 visualStepMaxCm=0.00 estimatedHostTick=6681 renderTick=6676.154 latestSnapshotTick=6676.000 renderMinusLatestTicks=0.154 estimatedMinusLatestTicks=5.000 sampleT=1.077
[rubber-banding][remote-render] time=128.348 frame=1370 entity=3 latestHostTick=6676 buffer=8 windowMs=1103.6 fps=8.2 snapshots=33 arrivalSamples=33 arrivalAvgMs=33.4 arrivalP95Ms=133.7 arrivalMaxMs=140.0 sameArrival=24 tickGapMax=2 renderFrames=9 interpolation=6 extrapolation=3 extrapolationCapped=0 extrapolationMaxMs=9.2 oldestHeld=0 zeroSpan=9 movingFrozen=0 teleport=0 visualStepAvgCm=61.94 visualStepMaxCm=94.01 estimatedHostTick=6681 renderTick=6676.154 latestSnapshotTick=6676.000 renderMinusLatestTicks=0.154 estimatedMinusLatestTicks=5.000 sampleT=1.077
[rubber-banding][large-step] time=128.348 frame=1370 focused=1 entity=3 buffer=8 count=9 maxStepCm=94.01 horizontalCm=51.10 verticalCm=78.91 frameDeltaMs=127.8 renderTickDelta=7.668 fromTick=6616 toTick=6618 tickSpan=2 receivedSpanMs=0.0 t=0.804 renderOffsetMs=-6.5 sourceHorizontalCm=13.33 sourceVerticalCm=24.13 fromGrounded=0 toGrounded=0 velocity=(-2.488, -7.405, -3.132) expectedTravelCm=107.57 teleport=0 previous=(2.779, 1.060, -0.924) rendered=(2.482, 0.271, -1.340)
[rubber-banding][jump-step] time=128.348 frame=1370 focused=1 entity=3 buffer=8 count=7 maxVerticalCm=78.91 horizontalCm=51.10 verticalCm=78.91 frameDeltaMs=127.8 renderTickDelta=7.668 fromTick=6616 toTick=6618 tickSpan=2 receivedSpanMs=0.0 t=0.804 renderOffsetMs=-6.5 sourceHorizontalCm=13.33 sourceVerticalCm=24.13 fromGrounded=0 toGrounded=0 velocity=(-2.488, -7.405, -3.132) expectedTravelCm=107.57 teleport=0 previous=(2.779, 1.060, -0.924) rendered=(2.482, 0.271, -1.340)
[rubber-banding][remote-render] time=128.348 frame=1370 entity=4 latestHostTick=6676 buffer=8 windowMs=1103.6 fps=8.2 snapshots=33 arrivalSamples=33 arrivalAvgMs=33.4 arrivalP95Ms=133.7 arrivalMaxMs=140.0 sameArrival=24 tickGapMax=2 renderFrames=9 interpolation=6 extrapolation=3 extrapolationCapped=0 extrapolationMaxMs=9.2 oldestHeld=0 zeroSpan=9 movingFrozen=0 teleport=0 visualStepAvgCm=0.00 visualStepMaxCm=0.00 estimatedHostTick=6681 renderTick=6676.154 latestSnapshotTick=6676.000 renderMinusLatestTicks=0.154 estimatedMinusLatestTicks=5.000 sampleT=1.077
[rubber-banding][udp-pump] time=128.808 frame=1374 focused=1 windowMs=1074.2 fps=8.4 packets=31 socketAvgMs=34.1 socketP95Ms=135.4 socketMaxMs=142.2 pumpAvgMs=34.7 pumpP95Ms=133.7 pumpMaxMs=140.0 queueDelayAvgMs=43.6 queueDelayP95Ms=72.6 queueDelayMaxMs=74.6 samePump=22 pumpBatchMax=4 queueDepthMax=4 frameMaxMs=140.0
[rubber-banding][local-input] time=129.425 frame=1379 focused=1 host=0 room=19 world=5 authority=5 entity=2 windowMs=1077.1 updates=9 fixedCalls=54 commands=36 predictionSteps=36 noCommandUpdates=0 estimatedHostTick=6743 nextInputTick=6749 lastRecordedTick=6749 lastResolvedTick=6738 nextLead=6 recordedLead=6 unresolved=5 clamped=0 clampedTotal=156 batchesSent=1192 commandsSent=5497 sendFailures=0 move=(0.00,0.00) jump=0
[rubber-banding][remote-render] time=129.425 frame=1379 entity=1 latestHostTick=6738 buffer=8 windowMs=1077.1 fps=8.4 snapshots=31 arrivalSamples=31 arrivalAvgMs=34.7 arrivalP95Ms=132.9 arrivalMaxMs=136.3 sameArrival=22 tickGapMax=2 renderFrames=9 interpolation=2 extrapolation=7 extrapolationCapped=0 extrapolationMaxMs=36.7 oldestHeld=0 zeroSpan=9 movingFrozen=0 teleport=0 visualStepAvgCm=0.00 visualStepMaxCm=0.00 estimatedHostTick=6743 renderTick=6739.200 latestSnapshotTick=6738.000 renderMinusLatestTicks=1.200 estimatedMinusLatestTicks=5.000 sampleT=1.600
[rubber-banding][remote-render] time=129.425 frame=1379 entity=3 latestHostTick=6738 buffer=8 windowMs=1077.1 fps=8.4 snapshots=31 arrivalSamples=31 arrivalAvgMs=34.7 arrivalP95Ms=132.9 arrivalMaxMs=136.3 sameArrival=22 tickGapMax=2 renderFrames=9 interpolation=2 extrapolation=7 extrapolationCapped=0 extrapolationMaxMs=36.7 oldestHeld=0 zeroSpan=9 movingFrozen=0 teleport=0 visualStepAvgCm=44.55 visualStepMaxCm=70.76 estimatedHostTick=6743 renderTick=6739.200 latestSnapshotTick=6738.000 renderMinusLatestTicks=1.200 estimatedMinusLatestTicks=5.000 sampleT=1.600
[rubber-banding][large-step] time=129.425 frame=1379 focused=1 entity=3 buffer=8 count=7 maxStepCm=70.76 horizontalCm=25.78 verticalCm=65.89 frameDeltaMs=136.3 renderTickDelta=8.180 fromTick=6708 toTick=6710 tickSpan=2 receivedSpanMs=0.0 t=1.504 renderOffsetMs=16.8 sourceHorizontalCm=7.16 sourceVerticalCm=16.98 fromGrounded=0 toGrounded=0 velocity=(-0.820, 4.928, -2.039) expectedTravelCm=73.57 teleport=0 previous=(0.659, 0.008, -0.129) rendered=(0.576, 0.667, -0.373)
[rubber-banding][jump-step] time=129.425 frame=1379 focused=1 entity=3 buffer=8 count=5 maxVerticalCm=65.89 horizontalCm=25.78 verticalCm=65.89 frameDeltaMs=136.3 renderTickDelta=8.180 fromTick=6708 toTick=6710 tickSpan=2 receivedSpanMs=0.0 t=1.504 renderOffsetMs=16.8 sourceHorizontalCm=7.16 sourceVerticalCm=16.98 fromGrounded=0 toGrounded=0 velocity=(-0.820, 4.928, -2.039) expectedTravelCm=73.57 teleport=0 previous=(0.659, 0.008, -0.129) rendered=(0.576, 0.667, -0.373)
[rubber-banding][remote-render] time=129.425 frame=1379 entity=4 latestHostTick=6738 buffer=8 windowMs=1077.1 fps=8.4 snapshots=31 arrivalSamples=31 arrivalAvgMs=34.7 arrivalP95Ms=132.9 arrivalMaxMs=136.3 sameArrival=22 tickGapMax=2 renderFrames=9 interpolation=2 extrapolation=7 extrapolationCapped=0 extrapolationMaxMs=36.7 oldestHeld=0 zeroSpan=9 movingFrozen=0 teleport=0 visualStepAvgCm=0.00 visualStepMaxCm=0.00 estimatedHostTick=6743 renderTick=6739.200 latestSnapshotTick=6738.000 renderMinusLatestTicks=1.200 estimatedMinusLatestTicks=5.000 sampleT=1.600
[rubber-banding][udp-pump] time=129.887 frame=1383 focused=1 windowMs=1079.7 fps=8.3 packets=32 socketAvgMs=33.5 socketP95Ms=121.7 socketMaxMs=121.8 pumpAvgMs=33.7 pumpP95Ms=132.9 pumpMaxMs=136.3 queueDelayAvgMs=78.4 queueDelayP95Ms=96.6 queueDelayMaxMs=97.6 samePump=23 pumpBatchMax=4 queueDepthMax=5 frameMaxMs=136.3
[rubber-banding][local-input] time=130.521 frame=1388 focused=1 host=0 room=19 world=5 authority=5 entity=2 windowMs=1096.3 updates=9 fixedCalls=55 commands=36 predictionSteps=36 noCommandUpdates=0 estimatedHostTick=6808 nextInputTick=6814 lastRecordedTick=6814 lastResolvedTick=6808 nextLead=6 recordedLead=6 unresolved=4 clamped=0 clampedTotal=156 batchesSent=1201 commandsSent=5540 sendFailures=0 move=(0.00,0.00) jump=0
[rubber-banding][remote-render] time=130.521 frame=1388 entity=1 latestHostTick=6808 buffer=8 windowMs=1096.3 fps=8.2 snapshots=35 arrivalSamples=35 arrivalAvgMs=31.3 arrivalP95Ms=136.9 arrivalMaxMs=147.4 sameArrival=26 tickGapMax=2 renderFrames=9 interpolation=4 extrapolation=5 extrapolationCapped=0 extrapolationMaxMs=23.8 oldestHeld=0 zeroSpan=8 movingFrozen=0 teleport=0 visualStepAvgCm=0.00 visualStepMaxCm=0.00 estimatedHostTick=6808 renderTick=6803.701 latestSnapshotTick=6808.000 renderMinusLatestTicks=-4.299 estimatedMinusLatestTicks=0.000 sampleT=0.850
[rubber-banding][remote-render] time=130.521 frame=1388 entity=3 latestHostTick=6808 buffer=8 windowMs=1096.3 fps=8.2 snapshots=35 arrivalSamples=35 arrivalAvgMs=31.3 arrivalP95Ms=136.9 arrivalMaxMs=147.4 sameArrival=26 tickGapMax=2 renderFrames=9 interpolation=4 extrapolation=5 extrapolationCapped=0 extrapolationMaxMs=23.8 oldestHeld=0 zeroSpan=8 movingFrozen=0 teleport=0 visualStepAvgCm=58.19 visualStepMaxCm=80.36 estimatedHostTick=6808 renderTick=6803.701 latestSnapshotTick=6808.000 renderMinusLatestTicks=-4.299 estimatedMinusLatestTicks=0.000 sampleT=0.850
[rubber-banding][large-step] time=130.521 frame=1388 focused=1 entity=3 buffer=8 count=9 maxStepCm=80.36 horizontalCm=58.89 verticalCm=54.68 frameDeltaMs=147.4 renderTickDelta=8.847 fromTick=6796 toTick=6798 tickSpan=2 receivedSpanMs=0.0 t=0.393 renderOffsetMs=-20.2 sourceHorizontalCm=13.33 sourceVerticalCm=17.46 fromGrounded=0 toGrounded=0 velocity=(3.817, -5.405, 1.195) expectedTravelCm=99.15 teleport=0 previous=(1.532, 1.028, -0.668) rendered=(2.073, 0.481, -0.435)
[rubber-banding][jump-step] time=130.521 frame=1388 focused=1 entity=3 buffer=8 count=7 maxVerticalCm=54.68 horizontalCm=58.89 verticalCm=54.68 frameDeltaMs=147.4 renderTickDelta=8.847 fromTick=6796 toTick=6798 tickSpan=2 receivedSpanMs=0.0 t=0.393 renderOffsetMs=-20.2 sourceHorizontalCm=13.33 sourceVerticalCm=17.46 fromGrounded=0 toGrounded=0 velocity=(3.817, -5.405, 1.195) expectedTravelCm=99.15 teleport=0 previous=(1.532, 1.028, -0.668) rendered=(2.073, 0.481, -0.435)
[rubber-banding][remote-render] time=130.521 frame=1388 entity=4 latestHostTick=6808 buffer=8 windowMs=1096.3 fps=8.2 snapshots=35 arrivalSamples=35 arrivalAvgMs=31.3 arrivalP95Ms=136.9 arrivalMaxMs=147.4 sameArrival=26 tickGapMax=2 renderFrames=9 interpolation=4 extrapolation=5 extrapolationCapped=0 extrapolationMaxMs=23.8 oldestHeld=0 zeroSpan=8 movingFrozen=0 teleport=0 visualStepAvgCm=0.00 visualStepMaxCm=0.00 estimatedHostTick=6808 renderTick=6803.701 latestSnapshotTick=6808.000 renderMinusLatestTicks=-4.299 estimatedMinusLatestTicks=0.000 sampleT=0.850
[rubber-banding][udp-pump] time=130.901 frame=1391 focused=1 windowMs=1013.9 fps=7.9 packets=33 socketAvgMs=32.8 socketP95Ms=127.2 socketMaxMs=131.1 pumpAvgMs=30.7 pumpP95Ms=136.9 pumpMaxMs=147.4 queueDelayAvgMs=48.2 queueDelayP95Ms=132.5 queueDelayMaxMs=136.0 samePump=25 pumpBatchMax=7 queueDepthMax=7 frameMaxMs=147.5
[rubber-banding][local-input] time=131.626 frame=1397 focused=1 host=0 room=19 world=5 authority=5 entity=2 windowMs=1105.2 updates=9 fixedCalls=55 commands=33 predictionSteps=33 noCommandUpdates=0 estimatedHostTick=6879 nextInputTick=6886 lastRecordedTick=6886 lastResolvedTick=6874 nextLead=7 recordedLead=7 unresolved=4 clamped=3 clampedTotal=159 batchesSent=1210 commandsSent=5588 sendFailures=0 move=(0.00,0.00) jump=0
[rubber-banding][remote-render] time=131.626 frame=1397 entity=1 latestHostTick=6874 buffer=8 windowMs=1105.2 fps=8.1 snapshots=33 arrivalSamples=33 arrivalAvgMs=33.5 arrivalP95Ms=134.8 arrivalMaxMs=247.4 sameArrival=25 tickGapMax=2 renderFrames=9 interpolation=7 extrapolation=2 extrapolationCapped=0 extrapolationMaxMs=57.7 oldestHeld=0 zeroSpan=9 movingFrozen=0 teleport=0 visualStepAvgCm=0.00 visualStepMaxCm=0.00 estimatedHostTick=6879 renderTick=6872.221 latestSnapshotTick=6874.000 renderMinusLatestTicks=-1.779 estimatedMinusLatestTicks=5.000 sampleT=0.110
[rubber-banding][remote-render] time=131.626 frame=1397 entity=3 latestHostTick=6874 buffer=8 windowMs=1105.2 fps=8.1 snapshots=33 arrivalSamples=33 arrivalAvgMs=33.5 arrivalP95Ms=134.8 arrivalMaxMs=247.4 sameArrival=25 tickGapMax=2 renderFrames=9 interpolation=7 extrapolation=2 extrapolationCapped=0 extrapolationMaxMs=57.7 oldestHeld=0 zeroSpan=9 movingFrozen=0 teleport=0 visualStepAvgCm=39.16 visualStepMaxCm=58.19 estimatedHostTick=6879 renderTick=6872.221 latestSnapshotTick=6874.000 renderMinusLatestTicks=-1.779 estimatedMinusLatestTicks=5.000 sampleT=0.110
[rubber-banding][large-step] time=131.626 frame=1397 focused=1 entity=3 buffer=8 count=6 maxStepCm=58.19 horizontalCm=58.19 verticalCm=0.00 frameDeltaMs=141.3 renderTickDelta=8.761 fromTick=6872 toTick=6874 tickSpan=2 receivedSpanMs=0.0 t=0.110 renderOffsetMs=-29.7 sourceHorizontalCm=13.28 sourceVerticalCm=0.00 fromGrounded=1 toGrounded=1 velocity=(-3.811, -2.333, 1.165) expectedTravelCm=65.26 teleport=0 previous=(3.000, 0.008, -0.629) rendered=(2.443, 0.008, -0.459)
[rubber-banding][remote-render] time=131.626 frame=1397 entity=4 latestHostTick=6874 buffer=8 windowMs=1105.2 fps=8.1 snapshots=33 arrivalSamples=33 arrivalAvgMs=33.5 arrivalP95Ms=134.8 arrivalMaxMs=247.4 sameArrival=25 tickGapMax=2 renderFrames=9 interpolation=7 extrapolation=2 extrapolationCapped=0 extrapolationMaxMs=57.7 oldestHeld=0 zeroSpan=9 movingFrozen=0 teleport=0 visualStepAvgCm=0.00 visualStepMaxCm=0.00 estimatedHostTick=6879 renderTick=6872.221 latestSnapshotTick=6874.000 renderMinusLatestTicks=-1.779 estimatedMinusLatestTicks=5.000 sampleT=0.110
[rubber-banding][udp-pump] time=131.992 frame=1400 focused=1 windowMs=1090.6 fps=8.3 packets=32 socketAvgMs=33.0 socketP95Ms=128.1 socketMaxMs=129.2 pumpAvgMs=34.1 pumpP95Ms=133.2 pumpMaxMs=247.4 queueDelayAvgMs=56.4 queueDelayP95Ms=126.2 queueDelayMaxMs=126.4 samePump=24 pumpBatchMax=7 queueDepthMax=7 frameMaxMs=141.3
[rubber-banding][local-input] time=132.662 frame=1406 focused=1 host=0 room=19 world=5 authority=5 entity=2 windowMs=1035.7 updates=9 fixedCalls=52 commands=36 predictionSteps=36 noCommandUpdates=0 estimatedHostTick=6939 nextInputTick=6945 lastRecordedTick=6945 lastResolvedTick=6934 nextLead=6 recordedLead=6 unresolved=5 clamped=0 clampedTotal=159 batchesSent=1219 commandsSent=5634 sendFailures=0 move=(0.00,0.00) jump=0
[rubber-banding][remote-render] time=132.662 frame=1406 entity=1 latestHostTick=6934 buffer=8 windowMs=1035.7 fps=8.7 snapshots=30 arrivalSamples=30 arrivalAvgMs=34.5 arrivalP95Ms=132.2 arrivalMaxMs=133.2 sameArrival=21 tickGapMax=2 renderFrames=9 interpolation=8 extrapolation=1 extrapolationCapped=0 extrapolationMaxMs=6.1 oldestHeld=0 zeroSpan=9 movingFrozen=0 teleport=0 visualStepAvgCm=0.00 visualStepMaxCm=0.00 estimatedHostTick=6939 renderTick=6934.364 latestSnapshotTick=6934.000 renderMinusLatestTicks=0.364 estimatedMinusLatestTicks=5.000 sampleT=1.182
[rubber-banding][remote-render] time=132.662 frame=1406 entity=3 latestHostTick=6934 buffer=8 windowMs=1035.7 fps=8.7 snapshots=30 arrivalSamples=30 arrivalAvgMs=34.5 arrivalP95Ms=132.2 arrivalMaxMs=133.2 sameArrival=21 tickGapMax=2 renderFrames=9 interpolation=8 extrapolation=1 extrapolationCapped=0 extrapolationMaxMs=6.1 oldestHeld=0 zeroSpan=9 movingFrozen=0 teleport=0 visualStepAvgCm=34.55 visualStepMaxCm=52.70 estimatedHostTick=6939 renderTick=6934.364 latestSnapshotTick=6934.000 renderMinusLatestTicks=0.364 estimatedMinusLatestTicks=5.000 sampleT=1.182
[rubber-banding][large-step] time=132.662 frame=1406 focused=1 entity=3 buffer=8 count=7 maxStepCm=52.70 horizontalCm=52.70 verticalCm=0.00 frameDeltaMs=132.2 renderTickDelta=7.934 fromTick=6926 toTick=6928 tickSpan=2 receivedSpanMs=0.0 t=0.974 renderOffsetMs=-0.9 sourceHorizontalCm=13.28 sourceVerticalCm=0.00 fromGrounded=1 toGrounded=1 velocity=(3.811, -2.333, -1.165) expectedTravelCm=61.07 teleport=0 previous=(2.715, 0.008, -0.542) rendered=(3.219, 0.008, -0.696)
[rubber-banding][remote-render] time=132.662 frame=1406 entity=4 latestHostTick=6934 buffer=8 windowMs=1035.7 fps=8.7 snapshots=30 arrivalSamples=30 arrivalAvgMs=34.5 arrivalP95Ms=132.2 arrivalMaxMs=133.2 sameArrival=21 tickGapMax=2 renderFrames=9 interpolation=8 extrapolation=1 extrapolationCapped=0 extrapolationMaxMs=6.1 oldestHeld=0 zeroSpan=9 movingFrozen=0 teleport=0 visualStepAvgCm=0.00 visualStepMaxCm=0.00 estimatedHostTick=6939 renderTick=6934.364 latestSnapshotTick=6934.000 renderMinusLatestTicks=0.364 estimatedMinusLatestTicks=5.000 sampleT=1.182
[rubber-banding][udp-pump] time=133.041 frame=1409 focused=1 windowMs=1049.5 fps=8.6 packets=31 socketAvgMs=33.7 socketP95Ms=128.6 socketMaxMs=131.0 pumpAvgMs=33.9 pumpP95Ms=132.2 pumpMaxMs=147.1 queueDelayAvgMs=41.8 queueDelayP95Ms=65.5 queueDelayMaxMs=67.5 samePump=22 pumpBatchMax=4 queueDepthMax=5 frameMaxMs=147.1
[rubber-banding][local-input] time=133.714 frame=1414 focused=1 host=0 room=19 world=5 authority=5 entity=2 windowMs=1052.3 updates=8 fixedCalls=52 commands=32 predictionSteps=32 noCommandUpdates=0 estimatedHostTick=7001 nextInputTick=7007 lastRecordedTick=7007 lastResolvedTick=6998 nextLead=6 recordedLead=6 unresolved=5 clamped=0 clampedTotal=159 batchesSent=1227 commandsSent=5674 sendFailures=0 move=(0.00,0.00) jump=0
[rubber-banding][remote-render] time=133.714 frame=1414 entity=1 latestHostTick=6998 buffer=8 windowMs=1052.3 fps=7.6 snapshots=32 arrivalSamples=32 arrivalAvgMs=32.9 arrivalP95Ms=147.1 arrivalMaxMs=147.2 sameArrival=24 tickGapMax=2 renderFrames=8 interpolation=6 extrapolation=2 extrapolationCapped=0 extrapolationMaxMs=3.3 oldestHeld=0 zeroSpan=8 movingFrozen=0 teleport=0 visualStepAvgCm=0.00 visualStepMaxCm=0.00 estimatedHostTick=7001 renderTick=6996.844 latestSnapshotTick=6998.000 renderMinusLatestTicks=-1.156 estimatedMinusLatestTicks=3.000 sampleT=0.422
[rubber-banding][remote-render] time=133.714 frame=1414 entity=3 latestHostTick=6998 buffer=8 windowMs=1052.3 fps=7.6 snapshots=32 arrivalSamples=32 arrivalAvgMs=32.9 arrivalP95Ms=147.1 arrivalMaxMs=147.2 sameArrival=24 tickGapMax=2 renderFrames=8 interpolation=6 extrapolation=2 extrapolationCapped=0 extrapolationMaxMs=3.3 oldestHeld=0 zeroSpan=8 movingFrozen=0 teleport=0 visualStepAvgCm=50.65 visualStepMaxCm=57.83 estimatedHostTick=7001 renderTick=6996.844 latestSnapshotTick=6998.000 renderMinusLatestTicks=-1.156 estimatedMinusLatestTicks=3.000 sampleT=0.422
[rubber-banding][large-step] time=133.714 frame=1414 focused=1 entity=3 buffer=8 count=8 maxStepCm=57.83 horizontalCm=57.83 verticalCm=0.00 frameDeltaMs=147.2 renderTickDelta=8.707 fromTick=6980 toTick=6982 tickSpan=2 receivedSpanMs=0.0 t=1.100 renderOffsetMs=3.3 sourceHorizontalCm=13.28 sourceVerticalCm=0.00 fromGrounded=1 toGrounded=1 velocity=(-3.811, -2.333, 1.165) expectedTravelCm=67.99 teleport=0 previous=(4.084, 0.008, 0.918) rendered=(3.531, 0.008, 1.087)
[rubber-banding][remote-render] time=133.714 frame=1414 entity=4 latestHostTick=6998 buffer=8 windowMs=1052.3 fps=7.6 snapshots=32 arrivalSamples=32 arrivalAvgMs=32.9 arrivalP95Ms=147.1 arrivalMaxMs=147.2 sameArrival=24 tickGapMax=2 renderFrames=8 interpolation=6 extrapolation=2 extrapolationCapped=0 extrapolationMaxMs=3.3 oldestHeld=0 zeroSpan=8 movingFrozen=0 teleport=0 visualStepAvgCm=0.00 visualStepMaxCm=0.00 estimatedHostTick=7001 renderTick=6996.844 latestSnapshotTick=6998.000 renderMinusLatestTicks=-1.156 estimatedMinusLatestTicks=3.000 sampleT=0.422
[rubber-banding][udp-pump] time=134.076 frame=1417 focused=1 windowMs=1034.3 fps=7.7 packets=31 socketAvgMs=33.4 socketP95Ms=133.5 socketMaxMs=136.6 pumpAvgMs=33.4 pumpP95Ms=145.7 pumpMaxMs=147.2 queueDelayAvgMs=52.5 queueDelayP95Ms=63.2 queueDelayMaxMs=63.8 samePump=23 pumpBatchMax=4 queueDepthMax=4 frameMaxMs=147.2
[rubber-banding][local-input] time=134.718 frame=1422 focused=1 host=0 room=19 world=5 authority=5 entity=2 windowMs=1004.2 updates=8 fixedCalls=51 commands=32 predictionSteps=32 noCommandUpdates=0 estimatedHostTick=7061 nextInputTick=7067 lastRecordedTick=7067 lastResolvedTick=7056 nextLead=6 recordedLead=6 unresolved=5 clamped=0 clampedTotal=159 batchesSent=1235 commandsSent=5714 sendFailures=0 move=(0.00,0.00) jump=0
[rubber-banding][remote-render] time=134.718 frame=1422 entity=1 latestHostTick=7056 buffer=8 windowMs=1004.2 fps=8.0 snapshots=29 arrivalSamples=29 arrivalAvgMs=34.6 arrivalP95Ms=139.6 arrivalMaxMs=145.7 sameArrival=21 tickGapMax=2 renderFrames=8 interpolation=3 extrapolation=5 extrapolationCapped=0 extrapolationMaxMs=20.0 oldestHeld=0 zeroSpan=8 movingFrozen=0 teleport=0 visualStepAvgCm=0.00 visualStepMaxCm=0.00 estimatedHostTick=7061 renderTick=7057.027 latestSnapshotTick=7056.000 renderMinusLatestTicks=1.027 estimatedMinusLatestTicks=5.000 sampleT=1.513
[rubber-banding][remote-render] time=134.718 frame=1422 entity=3 latestHostTick=7056 buffer=8 windowMs=1004.2 fps=8.0 snapshots=29 arrivalSamples=29 arrivalAvgMs=34.6 arrivalP95Ms=139.6 arrivalMaxMs=145.7 sameArrival=21 tickGapMax=2 renderFrames=8 interpolation=3 extrapolation=5 extrapolationCapped=0 extrapolationMaxMs=20.0 oldestHeld=0 zeroSpan=8 movingFrozen=0 teleport=0 visualStepAvgCm=44.07 visualStepMaxCm=54.52 estimatedHostTick=7061 renderTick=7057.027 latestSnapshotTick=7056.000 renderMinusLatestTicks=1.027 estimatedMinusLatestTicks=5.000 sampleT=1.513
[rubber-banding][large-step] time=134.718 frame=1422 focused=1 entity=3 buffer=8 count=8 maxStepCm=54.52 horizontalCm=54.52 verticalCm=0.00 frameDeltaMs=139.6 renderTickDelta=8.374 fromTick=7040 toTick=7042 tickSpan=2 receivedSpanMs=0.0 t=1.380 renderOffsetMs=12.7 sourceHorizontalCm=13.28 sourceVerticalCm=0.00 fromGrounded=1 toGrounded=1 velocity=(3.811, -2.333, -1.165) expectedTravelCm=64.46 teleport=0 previous=(1.644, 0.008, 0.223) rendered=(2.156, 0.008, 0.036)
[rubber-banding][remote-render] time=134.718 frame=1422 entity=4 latestHostTick=7056 buffer=8 windowMs=1004.2 fps=8.0 snapshots=29 arrivalSamples=29 arrivalAvgMs=34.6 arrivalP95Ms=139.6 arrivalMaxMs=145.7 sameArrival=21 tickGapMax=2 renderFrames=8 interpolation=3 extrapolation=5 extrapolationCapped=0 extrapolationMaxMs=20.0 oldestHeld=0 zeroSpan=8 movingFrozen=0 teleport=0 visualStepAvgCm=0.00 visualStepMaxCm=0.00 estimatedHostTick=7061 renderTick=7057.027 latestSnapshotTick=7056.000 renderMinusLatestTicks=1.027 estimatedMinusLatestTicks=5.000 sampleT=1.513
[rubber-banding][udp-pump] time=135.088 frame=1425 focused=1 windowMs=1012.4 fps=7.9 packets=29 socketAvgMs=33.3 socketP95Ms=122.6 socketMaxMs=124.5 pumpAvgMs=34.9 pumpP95Ms=139.6 pumpMaxMs=145.7 queueDelayAvgMs=78.5 queueDelayP95Ms=105.7 queueDelayMaxMs=108.3 samePump=21 pumpBatchMax=4 queueDepthMax=5 frameMaxMs=145.7
[rubber-banding][local-input] time=135.807 frame=1431 focused=1 host=0 room=19 world=5 authority=5 entity=2 windowMs=1088.6 updates=9 fixedCalls=54 commands=36 predictionSteps=36 noCommandUpdates=0 estimatedHostTick=7125 nextInputTick=7131 lastRecordedTick=7131 lastResolvedTick=7122 nextLead=6 recordedLead=6 unresolved=5 clamped=0 clampedTotal=159 batchesSent=1244 commandsSent=5761 sendFailures=0 move=(0.00,0.00) jump=0
[rubber-banding][remote-render] time=135.807 frame=1431 entity=1 latestHostTick=7122 buffer=8 windowMs=1088.6 fps=8.3 snapshots=33 arrivalSamples=33 arrivalAvgMs=33.0 arrivalP95Ms=132.6 arrivalMaxMs=135.8 sameArrival=24 tickGapMax=2 renderFrames=9 interpolation=1 extrapolation=8 extrapolationCapped=0 extrapolationMaxMs=38.2 oldestHeld=0 zeroSpan=9 movingFrozen=0 teleport=0 visualStepAvgCm=0.00 visualStepMaxCm=0.00 estimatedHostTick=7125 renderTick=7121.200 latestSnapshotTick=7122.000 renderMinusLatestTicks=-0.800 estimatedMinusLatestTicks=3.000 sampleT=0.600
[rubber-banding][remote-render] time=135.807 frame=1431 entity=3 latestHostTick=7122 buffer=8 windowMs=1088.6 fps=8.3 snapshots=33 arrivalSamples=33 arrivalAvgMs=33.0 arrivalP95Ms=132.6 arrivalMaxMs=135.8 sameArrival=24 tickGapMax=2 renderFrames=9 interpolation=1 extrapolation=8 extrapolationCapped=0 extrapolationMaxMs=38.2 oldestHeld=0 zeroSpan=9 movingFrozen=0 teleport=0 visualStepAvgCm=33.26 visualStepMaxCm=68.23 estimatedHostTick=7125 renderTick=7121.200 latestSnapshotTick=7122.000 renderMinusLatestTicks=-0.800 estimatedMinusLatestTicks=3.000 sampleT=0.600
[rubber-banding][large-step] time=135.807 frame=1431 focused=1 entity=3 buffer=8 count=6 maxStepCm=68.23 horizontalCm=16.03 verticalCm=66.32 frameDeltaMs=114.6 renderTickDelta=6.874 fromTick=7104 toTick=7106 tickSpan=2 receivedSpanMs=0.0 t=1.530 renderOffsetMs=17.7 sourceHorizontalCm=5.33 sourceVerticalCm=16.98 fromGrounded=0 toGrounded=0 velocity=(1.594, 4.928, -0.487) expectedTravelCm=59.60 teleport=0 previous=(1.469, 0.008, -0.158) rendered=(1.622, 0.671, -0.205)
[rubber-banding][jump-step] time=135.807 frame=1431 focused=1 entity=3 buffer=8 count=2 maxVerticalCm=66.32 horizontalCm=16.03 verticalCm=66.32 frameDeltaMs=114.6 renderTickDelta=6.874 fromTick=7104 toTick=7106 tickSpan=2 receivedSpanMs=0.0 t=1.530 renderOffsetMs=17.7 sourceHorizontalCm=5.33 sourceVerticalCm=16.98 fromGrounded=0 toGrounded=0 velocity=(1.594, 4.928, -0.487) expectedTravelCm=59.60 teleport=0 previous=(1.469, 0.008, -0.158) rendered=(1.622, 0.671, -0.205)
[rubber-banding][remote-render] time=135.807 frame=1431 entity=4 latestHostTick=7122 buffer=8 windowMs=1088.6 fps=8.3 snapshots=33 arrivalSamples=33 arrivalAvgMs=33.0 arrivalP95Ms=132.6 arrivalMaxMs=135.8 sameArrival=24 tickGapMax=2 renderFrames=9 interpolation=1 extrapolation=8 extrapolationCapped=0 extrapolationMaxMs=38.2 oldestHeld=0 zeroSpan=9 movingFrozen=0 teleport=0 visualStepAvgCm=0.00 visualStepMaxCm=0.00 estimatedHostTick=7125 renderTick=7121.200 latestSnapshotTick=7122.000 renderMinusLatestTicks=-0.800 estimatedMinusLatestTicks=3.000 sampleT=0.600
[rubber-banding][udp-pump] time=136.198 frame=1434 focused=1 windowMs=1110.2 fps=8.1 packets=35 socketAvgMs=34.1 socketP95Ms=124.6 socketMaxMs=125.2 pumpAvgMs=31.7 pumpP95Ms=145.1 pumpMaxMs=246.1 queueDelayAvgMs=85.9 queueDelayP95Ms=137.6 queueDelayMaxMs=140.6 samePump=27 pumpBatchMax=7 queueDepthMax=7 frameMaxMs=145.1
[rubber-banding][local-input] time=136.922 frame=1440 focused=1 host=0 room=19 world=5 authority=5 entity=2 windowMs=1114.5 updates=9 fixedCalls=56 commands=35 predictionSteps=35 noCommandUpdates=0 estimatedHostTick=7189 nextInputTick=7196 lastRecordedTick=7196 lastResolvedTick=7192 nextLead=7 recordedLead=7 unresolved=4 clamped=0 clampedTotal=159 batchesSent=1253 commandsSent=5800 sendFailures=0 move=(0.00,0.00) jump=0
[rubber-banding][remote-render] time=136.922 frame=1440 entity=1 latestHostTick=7192 buffer=8 windowMs=1114.5 fps=8.1 snapshots=35 arrivalSamples=35 arrivalAvgMs=31.8 arrivalP95Ms=145.1 arrivalMaxMs=246.1 sameArrival=27 tickGapMax=2 renderFrames=9 interpolation=8 extrapolation=1 extrapolationCapped=0 extrapolationMaxMs=33.1 oldestHeld=0 zeroSpan=6 movingFrozen=0 teleport=0 visualStepAvgCm=0.00 visualStepMaxCm=0.00 estimatedHostTick=7189 renderTick=7185.842 latestSnapshotTick=7192.000 renderMinusLatestTicks=-6.158 estimatedMinusLatestTicks=-3.000 sampleT=0.921
[rubber-banding][remote-render] time=136.922 frame=1440 entity=3 latestHostTick=7192 buffer=8 windowMs=1114.5 fps=8.1 snapshots=35 arrivalSamples=35 arrivalAvgMs=31.8 arrivalP95Ms=145.1 arrivalMaxMs=246.1 sameArrival=27 tickGapMax=2 renderFrames=9 interpolation=8 extrapolation=1 extrapolationCapped=0 extrapolationMaxMs=33.1 oldestHeld=0 zeroSpan=6 movingFrozen=0 teleport=0 visualStepAvgCm=50.75 visualStepMaxCm=74.46 estimatedHostTick=7189 renderTick=7185.842 latestSnapshotTick=7192.000 renderMinusLatestTicks=-6.158 estimatedMinusLatestTicks=-3.000 sampleT=0.921
[rubber-banding][large-step] time=136.922 frame=1440 focused=1 entity=3 buffer=8 count=9 maxStepCm=74.46 horizontalCm=44.24 verticalCm=59.89 frameDeltaMs=126.7 renderTickDelta=7.350 fromTick=7150 toTick=7152 tickSpan=2 receivedSpanMs=0.0 t=0.621 renderOffsetMs=-12.6 sourceHorizontalCm=13.33 sourceVerticalCm=12.54 fromGrounded=0 toGrounded=0 velocity=(-3.526, 3.595, -1.889) expectedTravelCm=68.15 teleport=0 previous=(1.818, 0.211, -0.948) rendered=(1.428, 0.810, -1.157)
[rubber-banding][jump-step] time=136.922 frame=1440 focused=1 entity=3 buffer=8 count=8 maxVerticalCm=59.89 horizontalCm=44.24 verticalCm=59.89 frameDeltaMs=126.7 renderTickDelta=7.350 fromTick=7150 toTick=7152 tickSpan=2 receivedSpanMs=0.0 t=0.621 renderOffsetMs=-12.6 sourceHorizontalCm=13.33 sourceVerticalCm=12.54 fromGrounded=0 toGrounded=0 velocity=(-3.526, 3.595, -1.889) expectedTravelCm=68.15 teleport=0 previous=(1.818, 0.211, -0.948) rendered=(1.428, 0.810, -1.157)
[rubber-banding][remote-render] time=136.922 frame=1440 entity=4 latestHostTick=7192 buffer=8 windowMs=1114.5 fps=8.1 snapshots=35 arrivalSamples=35 arrivalAvgMs=31.8 arrivalP95Ms=145.1 arrivalMaxMs=246.1 sameArrival=27 tickGapMax=2 renderFrames=9 interpolation=8 extrapolation=1 extrapolationCapped=0 extrapolationMaxMs=33.1 oldestHeld=0 zeroSpan=6 movingFrozen=0 teleport=0 visualStepAvgCm=0.00 visualStepMaxCm=0.00 estimatedHostTick=7189 renderTick=7185.842 latestSnapshotTick=7192.000 renderMinusLatestTicks=-6.158 estimatedMinusLatestTicks=-3.000 sampleT=0.921
[rubber-banding][udp-pump] time=137.310 frame=1443 focused=1 windowMs=1111.5 fps=8.1 packets=33 socketAvgMs=32.3 socketP95Ms=122.7 socketMaxMs=123.5 pumpAvgMs=33.7 pumpP95Ms=126.7 pumpMaxMs=143.6 queueDelayAvgMs=27.4 queueDelayP95Ms=52.1 queueDelayMaxMs=54.2 samePump=24 pumpBatchMax=4 queueDepthMax=4 frameMaxMs=143.6
[rubber-banding][local-input] time=138.040 frame=1449 focused=1 host=0 room=19 world=5 authority=5 entity=2 windowMs=1118.3 updates=9 fixedCalls=56 commands=36 predictionSteps=36 noCommandUpdates=0 estimatedHostTick=7262 nextInputTick=7268 lastRecordedTick=7268 lastResolvedTick=7256 nextLead=6 recordedLead=6 unresolved=5 clamped=0 clampedTotal=159 batchesSent=1262 commandsSent=5845 sendFailures=0 move=(0.00,0.00) jump=0
[rubber-banding][remote-render] time=138.040 frame=1449 entity=1 latestHostTick=7256 buffer=8 windowMs=1118.3 fps=8.0 snapshots=32 arrivalSamples=32 arrivalAvgMs=34.9 arrivalP95Ms=134.2 arrivalMaxMs=143.6 sameArrival=23 tickGapMax=2 renderFrames=9 interpolation=9 extrapolation=0 extrapolationCapped=0 extrapolationMaxMs=0.0 oldestHeld=0 zeroSpan=8 movingFrozen=0 teleport=0 visualStepAvgCm=0.00 visualStepMaxCm=0.00 estimatedHostTick=7262 renderTick=7255.178 latestSnapshotTick=7256.000 renderMinusLatestTicks=-0.822 estimatedMinusLatestTicks=6.000 sampleT=0.589
[rubber-banding][remote-render] time=138.040 frame=1449 entity=3 latestHostTick=7256 buffer=8 windowMs=1118.3 fps=8.0 snapshots=32 arrivalSamples=32 arrivalAvgMs=34.9 arrivalP95Ms=134.2 arrivalMaxMs=143.6 sameArrival=23 tickGapMax=2 renderFrames=9 interpolation=9 extrapolation=0 extrapolationCapped=0 extrapolationMaxMs=0.0 oldestHeld=0 zeroSpan=8 movingFrozen=0 teleport=0 visualStepAvgCm=64.95 visualStepMaxCm=89.25 estimatedHostTick=7262 renderTick=7255.178 latestSnapshotTick=7256.000 renderMinusLatestTicks=-0.822 estimatedMinusLatestTicks=6.000 sampleT=0.589
[rubber-banding][large-step] time=138.040 frame=1449 focused=1 entity=3 buffer=8 count=9 maxStepCm=89.25 horizontalCm=55.26 verticalCm=70.08 frameDeltaMs=134.2 renderTickDelta=8.320 fromTick=7246 toTick=7248 tickSpan=2 receivedSpanMs=0.0 t=0.643 renderOffsetMs=-11.9 sourceHorizontalCm=13.28 sourceVerticalCm=12.54 fromGrounded=0 toGrounded=0 velocity=(3.811, 3.595, -1.165) expectedTravelCm=72.02 teleport=0 previous=(1.223, 0.112, 0.758) rendered=(1.752, 0.812, 0.596)
[rubber-banding][jump-step] time=138.040 frame=1449 focused=1 entity=3 buffer=8 count=9 maxVerticalCm=70.08 horizontalCm=55.26 verticalCm=70.08 frameDeltaMs=134.2 renderTickDelta=8.320 fromTick=7246 toTick=7248 tickSpan=2 receivedSpanMs=0.0 t=0.643 renderOffsetMs=-11.9 sourceHorizontalCm=13.28 sourceVerticalCm=12.54 fromGrounded=0 toGrounded=0 velocity=(3.811, 3.595, -1.165) expectedTravelCm=72.02 teleport=0 previous=(1.223, 0.112, 0.758) rendered=(1.752, 0.812, 0.596)
[rubber-banding][remote-render] time=138.040 frame=1449 entity=4 latestHostTick=7256 buffer=8 windowMs=1118.3 fps=8.0 snapshots=32 arrivalSamples=32 arrivalAvgMs=34.9 arrivalP95Ms=134.2 arrivalMaxMs=143.6 sameArrival=23 tickGapMax=2 renderFrames=9 interpolation=9 extrapolation=0 extrapolationCapped=0 extrapolationMaxMs=0.0 oldestHeld=0 zeroSpan=8 movingFrozen=0 teleport=0 visualStepAvgCm=0.00 visualStepMaxCm=0.00 estimatedHostTick=7262 renderTick=7255.178 latestSnapshotTick=7256.000 renderMinusLatestTicks=-0.822 estimatedMinusLatestTicks=6.000 sampleT=0.589
[rubber-banding][udp-pump] time=138.420 frame=1452 focused=1 windowMs=1110.4 fps=8.1 packets=32 socketAvgMs=33.8 socketP95Ms=116.0 socketMaxMs=126.6 pumpAvgMs=34.7 pumpP95Ms=132.4 pumpMaxMs=134.2 queueDelayAvgMs=61.2 queueDelayP95Ms=81.4 queueDelayMaxMs=82.9 samePump=23 pumpBatchMax=4 queueDepthMax=4 frameMaxMs=134.2
[rubber-banding][local-input] time=139.132 frame=1458 focused=1 host=0 room=19 world=5 authority=5 entity=2 windowMs=1091.8 updates=9 fixedCalls=54 commands=36 predictionSteps=36 noCommandUpdates=0 estimatedHostTick=7324 nextInputTick=7330 lastRecordedTick=7330 lastResolvedTick=7322 nextLead=6 recordedLead=6 unresolved=5 clamped=0 clampedTotal=159 batchesSent=1271 commandsSent=5892 sendFailures=0 move=(0.00,0.00) jump=0
[rubber-banding][remote-render] time=139.132 frame=1458 entity=1 latestHostTick=7322 buffer=8 windowMs=1091.8 fps=8.2 snapshots=33 arrivalSamples=33 arrivalAvgMs=33.1 arrivalP95Ms=132.4 arrivalMaxMs=146.2 sameArrival=24 tickGapMax=2 renderFrames=9 interpolation=3 extrapolation=6 extrapolationCapped=0 extrapolationMaxMs=18.7 oldestHeld=0 zeroSpan=9 movingFrozen=0 teleport=0 visualStepAvgCm=0.00 visualStepMaxCm=0.00 estimatedHostTick=7324 renderTick=7320.249 latestSnapshotTick=7322.000 renderMinusLatestTicks=-1.751 estimatedMinusLatestTicks=2.000 sampleT=0.125
[rubber-banding][remote-render] time=139.132 frame=1458 entity=3 latestHostTick=7322 buffer=8 windowMs=1091.8 fps=8.2 snapshots=33 arrivalSamples=33 arrivalAvgMs=33.1 arrivalP95Ms=132.4 arrivalMaxMs=146.2 sameArrival=24 tickGapMax=2 renderFrames=9 interpolation=3 extrapolation=6 extrapolationCapped=0 extrapolationMaxMs=18.7 oldestHeld=0 zeroSpan=9 movingFrozen=0 teleport=0 visualStepAvgCm=57.45 visualStepMaxCm=86.03 estimatedHostTick=7324 renderTick=7320.249 latestSnapshotTick=7322.000 renderMinusLatestTicks=-1.751 estimatedMinusLatestTicks=2.000 sampleT=0.125
[rubber-banding][large-step] time=139.132 frame=1458 focused=1 entity=3 buffer=8 count=9 maxStepCm=86.03 horizontalCm=50.56 verticalCm=69.60 frameDeltaMs=126.6 renderTickDelta=7.595 fromTick=7276 toTick=7278 tickSpan=2 receivedSpanMs=0.0 t=0.876 renderOffsetMs=-4.1 sourceHorizontalCm=13.33 sourceVerticalCm=21.67 fromGrounded=0 toGrounded=0 velocity=(-2.133, -6.667, -3.384) expectedTravelCm=98.42 teleport=0 previous=(2.314, 0.976, -0.392) rendered=(2.088, 0.280, -0.844)
[rubber-banding][jump-step] time=139.132 frame=1458 focused=1 entity=3 buffer=8 count=8 maxVerticalCm=69.60 horizontalCm=50.56 verticalCm=69.60 frameDeltaMs=126.6 renderTickDelta=7.595 fromTick=7276 toTick=7278 tickSpan=2 receivedSpanMs=0.0 t=0.876 renderOffsetMs=-4.1 sourceHorizontalCm=13.33 sourceVerticalCm=21.67 fromGrounded=0 toGrounded=0 velocity=(-2.133, -6.667, -3.384) expectedTravelCm=98.42 teleport=0 previous=(2.314, 0.976, -0.392) rendered=(2.088, 0.280, -0.844)
[rubber-banding][remote-render] time=139.132 frame=1458 entity=4 latestHostTick=7322 buffer=8 windowMs=1091.8 fps=8.2 snapshots=33 arrivalSamples=33 arrivalAvgMs=33.1 arrivalP95Ms=132.4 arrivalMaxMs=146.2 sameArrival=24 tickGapMax=2 renderFrames=9 interpolation=3 extrapolation=6 extrapolationCapped=0 extrapolationMaxMs=18.7 oldestHeld=0 zeroSpan=9 movingFrozen=0 teleport=0 visualStepAvgCm=0.00 visualStepMaxCm=0.00 estimatedHostTick=7324 renderTick=7320.249 latestSnapshotTick=7322.000 renderMinusLatestTicks=-1.751 estimatedMinusLatestTicks=2.000 sampleT=0.125
[rubber-banding][udp-pump] time=139.511 frame=1461 focused=1 windowMs=1090.8 fps=8.3 packets=32 socketAvgMs=33.8 socketP95Ms=127.2 socketMaxMs=127.9 pumpAvgMs=34.1 pumpP95Ms=133.9 pumpMaxMs=146.2 queueDelayAvgMs=92.0 queueDelayP95Ms=103.9 queueDelayMaxMs=105.3 samePump=23 pumpBatchMax=4 queueDepthMax=4 frameMaxMs=146.2
[rubber-banding][local-input] time=140.256 frame=1467 focused=1 host=0 room=19 world=5 authority=5 entity=2 windowMs=1124.0 updates=9 fixedCalls=56 commands=36 predictionSteps=36 noCommandUpdates=0 estimatedHostTick=7391 nextInputTick=7397 lastRecordedTick=7397 lastResolvedTick=7388 nextLead=6 recordedLead=6 unresolved=5 clamped=0 clampedTotal=159 batchesSent=1280 commandsSent=5937 sendFailures=0 move=(0.00,0.00) jump=0
[rubber-banding][remote-render] time=140.256 frame=1467 entity=1 latestHostTick=7388 buffer=8 windowMs=1124.0 fps=8.0 snapshots=33 arrivalSamples=33 arrivalAvgMs=34.1 arrivalP95Ms=133.9 arrivalMaxMs=136.0 sameArrival=24 tickGapMax=2 renderFrames=9 interpolation=6 extrapolation=3 extrapolationCapped=0 extrapolationMaxMs=12.6 oldestHeld=0 zeroSpan=9 movingFrozen=0 teleport=0 visualStepAvgCm=0.00 visualStepMaxCm=0.00 estimatedHostTick=7391 renderTick=7386.935 latestSnapshotTick=7388.000 renderMinusLatestTicks=-1.065 estimatedMinusLatestTicks=3.000 sampleT=0.468
[rubber-banding][remote-render] time=140.256 frame=1467 entity=3 latestHostTick=7388 buffer=8 windowMs=1124.0 fps=8.0 snapshots=33 arrivalSamples=33 arrivalAvgMs=34.1 arrivalP95Ms=133.9 arrivalMaxMs=136.0 sameArrival=24 tickGapMax=2 renderFrames=9 interpolation=6 extrapolation=3 extrapolationCapped=0 extrapolationMaxMs=12.6 oldestHeld=0 zeroSpan=9 movingFrozen=0 teleport=0 visualStepAvgCm=58.77 visualStepMaxCm=81.84 estimatedHostTick=7391 renderTick=7386.935 latestSnapshotTick=7388.000 renderMinusLatestTicks=-1.065 estimatedMinusLatestTicks=3.000 sampleT=0.468
[rubber-banding][large-step] time=140.256 frame=1467 focused=1 entity=3 buffer=8 count=9 maxStepCm=81.84 horizontalCm=51.23 verticalCm=63.82 frameDeltaMs=133.9 renderTickDelta=8.034 fromTick=7340 toTick=7342 tickSpan=2 receivedSpanMs=0.0 t=1.377 renderOffsetMs=12.6 sourceHorizontalCm=13.28 sourceVerticalCm=16.98 fromGrounded=0 toGrounded=0 velocity=(-1.165, 4.928, -3.811) expectedTravelCm=84.86 teleport=0 previous=(1.401, 0.008, 1.746) rendered=(1.310, 0.646, 1.242)
[rubber-banding][jump-step] time=140.256 frame=1467 focused=1 entity=3 buffer=8 count=7 maxVerticalCm=63.82 horizontalCm=51.23 verticalCm=63.82 frameDeltaMs=133.9 renderTickDelta=8.034 fromTick=7340 toTick=7342 tickSpan=2 receivedSpanMs=0.0 t=1.377 renderOffsetMs=12.6 sourceHorizontalCm=13.28 sourceVerticalCm=16.98 fromGrounded=0 toGrounded=0 velocity=(-1.165, 4.928, -3.811) expectedTravelCm=84.86 teleport=0 previous=(1.401, 0.008, 1.746) rendered=(1.310, 0.646, 1.242)
[rubber-banding][remote-render] time=140.256 frame=1467 entity=4 latestHostTick=7388 buffer=8 windowMs=1124.0 fps=8.0 snapshots=33 arrivalSamples=33 arrivalAvgMs=34.1 arrivalP95Ms=133.9 arrivalMaxMs=136.0 sameArrival=24 tickGapMax=2 renderFrames=9 interpolation=6 extrapolation=3 extrapolationCapped=0 extrapolationMaxMs=12.6 oldestHeld=0 zeroSpan=9 movingFrozen=0 teleport=0 visualStepAvgCm=0.00 visualStepMaxCm=0.00 estimatedHostTick=7391 renderTick=7386.935 latestSnapshotTick=7388.000 renderMinusLatestTicks=-1.065 estimatedMinusLatestTicks=3.000 sampleT=0.468
[rubber-banding][udp-pump] time=140.643 frame=1470 focused=1 windowMs=1132.2 fps=7.9 packets=34 socketAvgMs=33.2 socketP95Ms=131.5 socketMaxMs=136.5 pumpAvgMs=33.3 pumpP95Ms=136.0 pumpMaxMs=140.3 queueDelayAvgMs=93.5 queueDelayP95Ms=108.4 queueDelayMaxMs=111.0 samePump=25 pumpBatchMax=4 queueDepthMax=4 frameMaxMs=140.3
[rubber-banding][local-input] time=141.348 frame=1475 focused=1 host=0 room=19 world=5 authority=5 entity=2 windowMs=1092.5 updates=8 fixedCalls=55 commands=32 predictionSteps=32 noCommandUpdates=0 estimatedHostTick=7457 nextInputTick=7463 lastRecordedTick=7463 lastResolvedTick=7458 nextLead=6 recordedLead=6 unresolved=4 clamped=0 clampedTotal=159 batchesSent=1288 commandsSent=5975 sendFailures=0 move=(0.00,0.00) jump=0
[rubber-banding][remote-render] time=141.348 frame=1475 entity=1 latestHostTick=7458 buffer=8 windowMs=1092.5 fps=7.3 snapshots=35 arrivalSamples=35 arrivalAvgMs=31.2 arrivalP95Ms=140.6 arrivalMaxMs=148.5 sameArrival=27 tickGapMax=2 renderFrames=8 interpolation=3 extrapolation=5 extrapolationCapped=0 extrapolationMaxMs=30.8 oldestHeld=0 zeroSpan=8 movingFrozen=0 teleport=0 visualStepAvgCm=0.00 visualStepMaxCm=0.00 estimatedHostTick=7457 renderTick=7452.424 latestSnapshotTick=7458.000 renderMinusLatestTicks=-5.576 estimatedMinusLatestTicks=-1.000 sampleT=0.212
[rubber-banding][remote-render] time=141.348 frame=1475 entity=3 latestHostTick=7458 buffer=8 windowMs=1092.5 fps=7.3 snapshots=35 arrivalSamples=35 arrivalAvgMs=31.2 arrivalP95Ms=140.6 arrivalMaxMs=148.5 sameArrival=27 tickGapMax=2 renderFrames=8 interpolation=3 extrapolation=5 extrapolationCapped=0 extrapolationMaxMs=30.8 oldestHeld=0 zeroSpan=8 movingFrozen=0 teleport=0 visualStepAvgCm=69.34 visualStepMaxCm=97.57 estimatedHostTick=7457 renderTick=7452.424 latestSnapshotTick=7458.000 renderMinusLatestTicks=-5.576 estimatedMinusLatestTicks=-1.000 sampleT=0.212
[rubber-banding][large-step] time=141.348 frame=1475 focused=1 entity=3 buffer=8 count=8 maxStepCm=97.57 horizontalCm=46.19 verticalCm=85.95 frameDeltaMs=140.0 renderTickDelta=8.353 fromTick=7444 toTick=7446 tickSpan=2 receivedSpanMs=0.0 t=0.100 renderOffsetMs=-30.0 sourceHorizontalCm=13.33 sourceVerticalCm=10.32 fromGrounded=0 toGrounded=0 velocity=(-1.889, 2.928, 3.526) expectedTravelCm=69.42 teleport=0 previous=(0.523, 0.008, 2.880) rendered=(0.498, 0.867, 3.342)
[rubber-banding][jump-step] time=141.348 frame=1475 focused=1 entity=3 buffer=8 count=6 maxVerticalCm=85.95 horizontalCm=46.19 verticalCm=85.95 frameDeltaMs=140.0 renderTickDelta=8.353 fromTick=7444 toTick=7446 tickSpan=2 receivedSpanMs=0.0 t=0.100 renderOffsetMs=-30.0 sourceHorizontalCm=13.33 sourceVerticalCm=10.32 fromGrounded=0 toGrounded=0 velocity=(-1.889, 2.928, 3.526) expectedTravelCm=69.42 teleport=0 previous=(0.523, 0.008, 2.880) rendered=(0.498, 0.867, 3.342)
[rubber-banding][remote-render] time=141.348 frame=1475 entity=4 latestHostTick=7458 buffer=8 windowMs=1092.5 fps=7.3 snapshots=35 arrivalSamples=35 arrivalAvgMs=31.2 arrivalP95Ms=140.6 arrivalMaxMs=148.5 sameArrival=27 tickGapMax=2 renderFrames=8 interpolation=3 extrapolation=5 extrapolationCapped=0 extrapolationMaxMs=30.8 oldestHeld=0 zeroSpan=8 movingFrozen=0 teleport=0 visualStepAvgCm=0.00 visualStepMaxCm=0.00 estimatedHostTick=7457 renderTick=7452.424 latestSnapshotTick=7458.000 renderMinusLatestTicks=-5.576 estimatedMinusLatestTicks=-1.000 sampleT=0.212
[rubber-banding][udp-pump] time=141.728 frame=1478 focused=1 windowMs=1084.4 fps=7.4 packets=35 socketAvgMs=32.9 socketP95Ms=129.9 socketMaxMs=140.1 pumpAvgMs=31.0 pumpP95Ms=143.1 pumpMaxMs=148.5 queueDelayAvgMs=66.5 queueDelayP95Ms=137.5 queueDelayMaxMs=142.2 samePump=27 pumpBatchMax=8 queueDepthMax=8 frameMaxMs=148.5
[rubber-banding][local-input] time=142.398 frame=1483 focused=1 host=0 room=19 world=5 authority=5 entity=2 windowMs=1050.0 updates=8 fixedCalls=53 commands=32 predictionSteps=32 noCommandUpdates=0 estimatedHostTick=7524 nextInputTick=7530 lastRecordedTick=7530 lastResolvedTick=7520 nextLead=6 recordedLead=6 unresolved=5 clamped=0 clampedTotal=159 batchesSent=1296 commandsSent=6014 sendFailures=0 move=(0.00,0.00) jump=0
[rubber-banding][remote-render] time=142.398 frame=1483 entity=1 latestHostTick=7520 buffer=8 windowMs=1050.0 fps=7.6 snapshots=31 arrivalSamples=31 arrivalAvgMs=33.9 arrivalP95Ms=141.8 arrivalMaxMs=143.1 sameArrival=23 tickGapMax=2 renderFrames=8 interpolation=8 extrapolation=0 extrapolationCapped=0 extrapolationMaxMs=0.0 oldestHeld=0 zeroSpan=7 movingFrozen=0 teleport=0 visualStepAvgCm=0.00 visualStepMaxCm=0.00 estimatedHostTick=7524 renderTick=7517.523 latestSnapshotTick=7520.000 renderMinusLatestTicks=-2.477 estimatedMinusLatestTicks=4.000 sampleT=0.762
[rubber-banding][remote-render] time=142.398 frame=1483 entity=3 latestHostTick=7520 buffer=8 windowMs=1050.0 fps=7.6 snapshots=31 arrivalSamples=31 arrivalAvgMs=33.9 arrivalP95Ms=141.8 arrivalMaxMs=143.1 sameArrival=23 tickGapMax=2 renderFrames=8 interpolation=8 extrapolation=0 extrapolationCapped=0 extrapolationMaxMs=0.0 oldestHeld=0 zeroSpan=7 movingFrozen=0 teleport=0 visualStepAvgCm=57.27 visualStepMaxCm=83.72 estimatedHostTick=7524 renderTick=7517.523 latestSnapshotTick=7520.000 renderMinusLatestTicks=-2.477 estimatedMinusLatestTicks=4.000 sampleT=0.762
[rubber-banding][large-step] time=142.398 frame=1483 focused=1 entity=3 buffer=8 count=8 maxStepCm=83.72 horizontalCm=48.26 verticalCm=68.41 frameDeltaMs=143.1 renderTickDelta=8.870 fromTick=7474 toTick=7476 tickSpan=2 receivedSpanMs=0.0 t=0.971 renderOffsetMs=-1.0 sourceHorizontalCm=7.07 sourceVerticalCm=6.32 fromGrounded=0 toGrounded=1 velocity=(-1.141, -2.333, -3.730) expectedTravelCm=65.02 teleport=0 previous=(-0.251, 0.694, 4.668) rendered=(-0.625, 0.010, 4.973)
[rubber-banding][jump-step] time=142.398 frame=1483 focused=1 entity=3 buffer=8 count=3 maxVerticalCm=68.41 horizontalCm=48.26 verticalCm=68.41 frameDeltaMs=143.1 renderTickDelta=8.870 fromTick=7474 toTick=7476 tickSpan=2 receivedSpanMs=0.0 t=0.971 renderOffsetMs=-1.0 sourceHorizontalCm=7.07 sourceVerticalCm=6.32 fromGrounded=0 toGrounded=1 velocity=(-1.141, -2.333, -3.730) expectedTravelCm=65.02 teleport=0 previous=(-0.251, 0.694, 4.668) rendered=(-0.625, 0.010, 4.973)
[rubber-banding][remote-render] time=142.398 frame=1483 entity=4 latestHostTick=7520 buffer=8 windowMs=1050.0 fps=7.6 snapshots=31 arrivalSamples=31 arrivalAvgMs=33.9 arrivalP95Ms=141.8 arrivalMaxMs=143.1 sameArrival=23 tickGapMax=2 renderFrames=8 interpolation=8 extrapolation=0 extrapolationCapped=0 extrapolationMaxMs=0.0 oldestHeld=0 zeroSpan=7 movingFrozen=0 teleport=0 visualStepAvgCm=0.00 visualStepMaxCm=0.00 estimatedHostTick=7524 renderTick=7517.523 latestSnapshotTick=7520.000 renderMinusLatestTicks=-2.477 estimatedMinusLatestTicks=4.000 sampleT=0.762
[rubber-banding][udp-pump] time=142.814 frame=1486 focused=1 windowMs=1086.2 fps=7.4 packets=32 socketAvgMs=33.2 socketP95Ms=133.3 socketMaxMs=140.1 pumpAvgMs=33.9 pumpP95Ms=143.1 pumpMaxMs=143.9 queueDelayAvgMs=39.1 queueDelayP95Ms=56.8 queueDelayMaxMs=57.1 samePump=24 pumpBatchMax=5 queueDepthMax=5 frameMaxMs=143.9
[rubber-banding][local-input] time=143.439 frame=1491 focused=1 host=0 room=19 world=5 authority=5 entity=2 windowMs=1040.5 updates=8 fixedCalls=52 commands=32 predictionSteps=32 noCommandUpdates=0 estimatedHostTick=7586 nextInputTick=7593 lastRecordedTick=7592 lastResolvedTick=7580 nextLead=7 recordedLead=6 unresolved=5 clamped=3 clampedTotal=162 batchesSent=1304 commandsSent=6056 sendFailures=0 move=(0.00,0.00) jump=0
[rubber-banding][remote-render] time=143.439 frame=1491 entity=1 latestHostTick=7580 buffer=8 windowMs=1040.5 fps=7.7 snapshots=30 arrivalSamples=30 arrivalAvgMs=34.7 arrivalP95Ms=143.1 arrivalMaxMs=143.9 sameArrival=22 tickGapMax=2 renderFrames=8 interpolation=5 extrapolation=3 extrapolationCapped=0 extrapolationMaxMs=22.0 oldestHeld=0 zeroSpan=8 movingFrozen=0 teleport=0 visualStepAvgCm=0.00 visualStepMaxCm=0.00 estimatedHostTick=7586 renderTick=7580.359 latestSnapshotTick=7580.000 renderMinusLatestTicks=0.359 estimatedMinusLatestTicks=6.000 sampleT=1.180
[rubber-banding][remote-render] time=143.439 frame=1491 entity=3 latestHostTick=7580 buffer=8 windowMs=1040.5 fps=7.7 snapshots=30 arrivalSamples=30 arrivalAvgMs=34.7 arrivalP95Ms=143.1 arrivalMaxMs=143.9 sameArrival=22 tickGapMax=2 renderFrames=8 interpolation=5 extrapolation=3 extrapolationCapped=0 extrapolationMaxMs=22.0 oldestHeld=0 zeroSpan=8 movingFrozen=0 teleport=0 visualStepAvgCm=63.60 visualStepMaxCm=77.60 estimatedHostTick=7586 renderTick=7580.359 latestSnapshotTick=7580.000 renderMinusLatestTicks=0.359 estimatedMinusLatestTicks=6.000 sampleT=1.180
[rubber-banding][large-step] time=143.439 frame=1491 focused=1 entity=3 buffer=8 count=8 maxStepCm=77.60 horizontalCm=48.30 verticalCm=60.74 frameDeltaMs=121.2 renderTickDelta=7.274 fromTick=7550 toTick=7552 tickSpan=2 receivedSpanMs=0.0 t=0.016 renderOffsetMs=-32.8 sourceHorizontalCm=13.33 sourceVerticalCm=17.00 fromGrounded=0 toGrounded=1 velocity=(0.790, -6.738, -3.921) expectedTravelCm=95.00 teleport=0 previous=(1.661, 0.783, 2.433) rendered=(1.834, 0.175, 1.982)
[rubber-banding][jump-step] time=143.439 frame=1491 focused=1 entity=3 buffer=8 count=7 maxVerticalCm=60.74 horizontalCm=48.30 verticalCm=60.74 frameDeltaMs=121.2 renderTickDelta=7.274 fromTick=7550 toTick=7552 tickSpan=2 receivedSpanMs=0.0 t=0.016 renderOffsetMs=-32.8 sourceHorizontalCm=13.33 sourceVerticalCm=17.00 fromGrounded=0 toGrounded=1 velocity=(0.790, -6.738, -3.921) expectedTravelCm=95.00 teleport=0 previous=(1.661, 0.783, 2.433) rendered=(1.834, 0.175, 1.982)
[rubber-banding][remote-render] time=143.439 frame=1491 entity=4 latestHostTick=7580 buffer=8 windowMs=1040.5 fps=7.7 snapshots=30 arrivalSamples=30 arrivalAvgMs=34.7 arrivalP95Ms=143.1 arrivalMaxMs=143.9 sameArrival=22 tickGapMax=2 renderFrames=8 interpolation=5 extrapolation=3 extrapolationCapped=0 extrapolationMaxMs=22.0 oldestHeld=0 zeroSpan=8 movingFrozen=0 teleport=0 visualStepAvgCm=0.00 visualStepMaxCm=0.00 estimatedHostTick=7586 renderTick=7580.359 latestSnapshotTick=7580.000 renderMinusLatestTicks=0.359 estimatedMinusLatestTicks=6.000 sampleT=1.180
[rubber-banding][udp-pump] time=143.832 frame=1494 focused=1 windowMs=1018.7 fps=7.9 packets=30 socketAvgMs=33.5 socketP95Ms=125.8 socketMaxMs=135.6 pumpAvgMs=34.0 pumpP95Ms=135.3 pumpMaxMs=153.4 queueDelayAvgMs=66.7 queueDelayP95Ms=82.0 queueDelayMaxMs=82.8 samePump=22 pumpBatchMax=4 queueDepthMax=5 frameMaxMs=153.4
[rubber-banding][local-input] time=144.491 frame=1499 focused=1 host=0 room=19 world=5 authority=5 entity=2 windowMs=1052.5 updates=8 fixedCalls=52 commands=32 predictionSteps=32 noCommandUpdates=0 estimatedHostTick=7647 nextInputTick=7654 lastRecordedTick=7652 lastResolvedTick=7640 nextLead=7 recordedLead=5 unresolved=5 clamped=1 clampedTotal=163 batchesSent=1312 commandsSent=6097 sendFailures=0 move=(0.00,0.00) jump=0
[rubber-banding][remote-render] time=144.491 frame=1499 entity=1 latestHostTick=7640 buffer=8 windowMs=1052.5 fps=7.6 snapshots=30 arrivalSamples=30 arrivalAvgMs=35.1 arrivalP95Ms=143.8 arrivalMaxMs=153.4 sameArrival=22 tickGapMax=2 renderFrames=8 interpolation=1 extrapolation=7 extrapolationCapped=0 extrapolationMaxMs=47.1 oldestHeld=0 zeroSpan=8 movingFrozen=0 teleport=0 visualStepAvgCm=0.00 visualStepMaxCm=0.00 estimatedHostTick=7647 renderTick=7642.825 latestSnapshotTick=7640.000 renderMinusLatestTicks=2.825 estimatedMinusLatestTicks=7.000 sampleT=2.413
[rubber-banding][remote-render] time=144.491 frame=1499 entity=3 latestHostTick=7640 buffer=8 windowMs=1052.5 fps=7.6 snapshots=30 arrivalSamples=30 arrivalAvgMs=35.1 arrivalP95Ms=143.8 arrivalMaxMs=153.4 sameArrival=22 tickGapMax=2 renderFrames=8 interpolation=1 extrapolation=7 extrapolationCapped=0 extrapolationMaxMs=47.1 oldestHeld=0 zeroSpan=8 movingFrozen=0 teleport=0 visualStepAvgCm=59.33 visualStepMaxCm=84.51 estimatedHostTick=7647 renderTick=7642.825 latestSnapshotTick=7640.000 renderMinusLatestTicks=2.825 estimatedMinusLatestTicks=7.000 sampleT=2.413
[rubber-banding][large-step] time=144.491 frame=1499 focused=1 entity=3 buffer=8 count=8 maxStepCm=84.51 horizontalCm=47.60 verticalCm=69.82 frameDeltaMs=119.0 renderTickDelta=7.140 fromTick=7608 toTick=7610 tickSpan=2 receivedSpanMs=0.0 t=1.407 renderOffsetMs=13.6 sourceHorizontalCm=13.33 sourceVerticalCm=21.67 fromGrounded=0 toGrounded=0 velocity=(-1.807, -6.667, 3.569) expectedTravelCm=92.52 teleport=0 previous=(-0.733, 0.982, 3.430) rendered=(-0.955, 0.283, 3.851)
[rubber-banding][jump-step] time=144.491 frame=1499 focused=1 entity=3 buffer=8 count=4 maxVerticalCm=69.82 horizontalCm=47.60 verticalCm=69.82 frameDeltaMs=119.0 renderTickDelta=7.140 fromTick=7608 toTick=7610 tickSpan=2 receivedSpanMs=0.0 t=1.407 renderOffsetMs=13.6 sourceHorizontalCm=13.33 sourceVerticalCm=21.67 fromGrounded=0 toGrounded=0 velocity=(-1.807, -6.667, 3.569) expectedTravelCm=92.52 teleport=0 previous=(-0.733, 0.982, 3.430) rendered=(-0.955, 0.283, 3.851)
[rubber-banding][remote-render] time=144.491 frame=1499 entity=4 latestHostTick=7640 buffer=8 windowMs=1052.5 fps=7.6 snapshots=30 arrivalSamples=30 arrivalAvgMs=35.1 arrivalP95Ms=143.8 arrivalMaxMs=153.4 sameArrival=22 tickGapMax=2 renderFrames=8 interpolation=1 extrapolation=7 extrapolationCapped=0 extrapolationMaxMs=47.1 oldestHeld=0 zeroSpan=8 movingFrozen=0 teleport=0 visualStepAvgCm=0.00 visualStepMaxCm=0.00 estimatedHostTick=7647 renderTick=7642.825 latestSnapshotTick=7640.000 renderMinusLatestTicks=2.825 estimatedMinusLatestTicks=7.000 sampleT=2.413
[rubber-banding][udp-pump] time=144.929 frame=1503 focused=1 windowMs=1096.8 fps=8.2 packets=32 socketAvgMs=33.8 socketP95Ms=126.2 socketMaxMs=127.9 pumpAvgMs=34.3 pumpP95Ms=139.3 pumpMaxMs=143.8 queueDelayAvgMs=79.7 queueDelayP95Ms=108.0 queueDelayMaxMs=110.5 samePump=23 pumpBatchMax=4 queueDepthMax=5 frameMaxMs=143.7
[rubber-banding][local-input] time=145.582 frame=1508 focused=1 host=0 room=19 world=5 authority=5 entity=2 windowMs=1090.7 updates=9 fixedCalls=55 commands=36 predictionSteps=36 noCommandUpdates=0 estimatedHostTick=7711 nextInputTick=7716 lastRecordedTick=7716 lastResolvedTick=7708 nextLead=5 recordedLead=5 unresolved=4 clamped=0 clampedTotal=163 batchesSent=1321 commandsSent=6142 sendFailures=0 move=(0.00,0.00) jump=0
[rubber-banding][remote-render] time=145.582 frame=1508 entity=1 latestHostTick=7708 buffer=8 windowMs=1090.7 fps=8.3 snapshots=34 arrivalSamples=34 arrivalAvgMs=32.1 arrivalP95Ms=139.6 arrivalMaxMs=140.3 sameArrival=25 tickGapMax=2 renderFrames=9 interpolation=5 extrapolation=4 extrapolationCapped=0 extrapolationMaxMs=30.6 oldestHeld=0 zeroSpan=9 movingFrozen=0 teleport=0 visualStepAvgCm=0.00 visualStepMaxCm=0.00 estimatedHostTick=7711 renderTick=7707.200 latestSnapshotTick=7708.000 renderMinusLatestTicks=-0.800 estimatedMinusLatestTicks=3.000 sampleT=0.600
[rubber-banding][remote-render] time=145.582 frame=1508 entity=3 latestHostTick=7708 buffer=8 windowMs=1090.7 fps=8.3 snapshots=34 arrivalSamples=34 arrivalAvgMs=32.1 arrivalP95Ms=139.6 arrivalMaxMs=140.3 sameArrival=25 tickGapMax=2 renderFrames=9 interpolation=5 extrapolation=4 extrapolationCapped=0 extrapolationMaxMs=30.6 oldestHeld=0 zeroSpan=9 movingFrozen=0 teleport=0 visualStepAvgCm=61.82 visualStepMaxCm=82.19 estimatedHostTick=7711 renderTick=7707.200 latestSnapshotTick=7708.000 renderMinusLatestTicks=-0.800 estimatedMinusLatestTicks=3.000 sampleT=0.600
[rubber-banding][large-step] time=145.582 frame=1508 focused=1 entity=3 buffer=8 count=9 maxStepCm=82.19 horizontalCm=50.42 verticalCm=64.90 frameDeltaMs=130.6 renderTickDelta=7.573 fromTick=7682 toTick=7684 tickSpan=2 receivedSpanMs=0.0 t=0.730 renderOffsetMs=-9.0 sourceHorizontalCm=13.33 sourceVerticalCm=20.79 fromGrounded=0 toGrounded=0 velocity=(1.369, -6.405, -3.759) expectedTravelCm=98.60 teleport=0 previous=(2.135, 0.776, 3.567) rendered=(2.345, 0.127, 3.108)
[rubber-banding][jump-step] time=145.582 frame=1508 focused=1 entity=3 buffer=8 count=8 maxVerticalCm=64.90 horizontalCm=50.42 verticalCm=64.90 frameDeltaMs=130.6 renderTickDelta=7.573 fromTick=7682 toTick=7684 tickSpan=2 receivedSpanMs=0.0 t=0.730 renderOffsetMs=-9.0 sourceHorizontalCm=13.33 sourceVerticalCm=20.79 fromGrounded=0 toGrounded=0 velocity=(1.369, -6.405, -3.759) expectedTravelCm=98.60 teleport=0 previous=(2.135, 0.776, 3.567) rendered=(2.345, 0.127, 3.108)
[rubber-banding][remote-render] time=145.582 frame=1508 entity=4 latestHostTick=7708 buffer=8 windowMs=1090.7 fps=8.3 snapshots=34 arrivalSamples=34 arrivalAvgMs=32.1 arrivalP95Ms=139.6 arrivalMaxMs=140.3 sameArrival=25 tickGapMax=2 renderFrames=9 interpolation=5 extrapolation=4 extrapolationCapped=0 extrapolationMaxMs=30.6 oldestHeld=0 zeroSpan=9 movingFrozen=0 teleport=0 visualStepAvgCm=0.00 visualStepMaxCm=0.00 estimatedHostTick=7711 renderTick=7707.200 latestSnapshotTick=7708.000 renderMinusLatestTicks=-0.800 estimatedMinusLatestTicks=3.000 sampleT=0.600
[rubber-banding][udp-pump] time=146.013 frame=1511 focused=1 windowMs=1083.3 fps=7.4 packets=32 socketAvgMs=33.0 socketP95Ms=140.6 socketMaxMs=140.8 pumpAvgMs=33.9 pumpP95Ms=142.9 pumpMaxMs=156.5 queueDelayAvgMs=95.2 queueDelayP95Ms=110.5 queueDelayMaxMs=112.0 samePump=24 pumpBatchMax=5 queueDepthMax=5 frameMaxMs=156.5
[rubber-banding][local-input] time=146.590 frame=1516 focused=1 host=0 room=19 world=5 authority=5 entity=2 windowMs=1007.6 updates=8 fixedCalls=50 commands=32 predictionSteps=32 noCommandUpdates=0 estimatedHostTick=7772 nextInputTick=7779 lastRecordedTick=7779 lastResolvedTick=7768 nextLead=7 recordedLead=7 unresolved=5 clamped=2 clampedTotal=165 batchesSent=1329 commandsSent=6183 sendFailures=0 move=(0.00,0.00) jump=0
[rubber-banding][remote-render] time=146.590 frame=1516 entity=1 latestHostTick=7768 buffer=8 windowMs=1007.6 fps=7.9 snapshots=30 arrivalSamples=30 arrivalAvgMs=33.6 arrivalP95Ms=142.9 arrivalMaxMs=156.5 sameArrival=22 tickGapMax=2 renderFrames=8 interpolation=3 extrapolation=5 extrapolationCapped=0 extrapolationMaxMs=19.3 oldestHeld=0 zeroSpan=8 movingFrozen=0 teleport=0 visualStepAvgCm=0.00 visualStepMaxCm=0.00 estimatedHostTick=7772 renderTick=7767.655 latestSnapshotTick=7768.000 renderMinusLatestTicks=-0.345 estimatedMinusLatestTicks=4.000 sampleT=0.828
[rubber-banding][remote-render] time=146.590 frame=1516 entity=3 latestHostTick=7768 buffer=8 windowMs=1007.6 fps=7.9 snapshots=30 arrivalSamples=30 arrivalAvgMs=33.6 arrivalP95Ms=142.9 arrivalMaxMs=156.5 sameArrival=22 tickGapMax=2 renderFrames=8 interpolation=3 extrapolation=5 extrapolationCapped=0 extrapolationMaxMs=19.3 oldestHeld=0 zeroSpan=8 movingFrozen=0 teleport=0 visualStepAvgCm=60.78 visualStepMaxCm=83.37 estimatedHostTick=7772 renderTick=7767.655 latestSnapshotTick=7768.000 renderMinusLatestTicks=-0.345 estimatedMinusLatestTicks=4.000 sampleT=0.828
[rubber-banding][large-step] time=146.590 frame=1516 focused=1 entity=3 buffer=8 count=8 maxStepCm=83.37 horizontalCm=52.31 verticalCm=64.92 frameDeltaMs=131.3 renderTickDelta=7.875 fromTick=7730 toTick=7732 tickSpan=2 receivedSpanMs=0.0 t=1.518 renderOffsetMs=17.3 sourceHorizontalCm=13.28 sourceVerticalCm=18.57 fromGrounded=0 toGrounded=0 velocity=(-1.165, -5.738, -3.811) expectedTravelCm=91.70 teleport=0 previous=(1.599, 0.829, 0.461) rendered=(1.446, 0.180, -0.040)
[rubber-banding][jump-step] time=146.590 frame=1516 focused=1 entity=3 buffer=8 count=7 maxVerticalCm=64.92 horizontalCm=52.31 verticalCm=64.92 frameDeltaMs=131.3 renderTickDelta=7.875 fromTick=7730 toTick=7732 tickSpan=2 receivedSpanMs=0.0 t=1.518 renderOffsetMs=17.3 sourceHorizontalCm=13.28 sourceVerticalCm=18.57 fromGrounded=0 toGrounded=0 velocity=(-1.165, -5.738, -3.811) expectedTravelCm=91.70 teleport=0 previous=(1.599, 0.829, 0.461) rendered=(1.446, 0.180, -0.040)
[rubber-banding][remote-render] time=146.590 frame=1516 entity=4 latestHostTick=7768 buffer=8 windowMs=1007.6 fps=7.9 snapshots=30 arrivalSamples=30 arrivalAvgMs=33.6 arrivalP95Ms=142.9 arrivalMaxMs=156.5 sameArrival=22 tickGapMax=2 renderFrames=8 interpolation=3 extrapolation=5 extrapolationCapped=0 extrapolationMaxMs=19.3 oldestHeld=0 zeroSpan=8 movingFrozen=0 teleport=0 visualStepAvgCm=0.00 visualStepMaxCm=0.00 estimatedHostTick=7772 renderTick=7767.655 latestSnapshotTick=7768.000 renderMinusLatestTicks=-0.345 estimatedMinusLatestTicks=4.000 sampleT=0.828
[rubber-banding][udp-pump] time=147.112 frame=1520 focused=1 windowMs=1099.1 fps=8.2 packets=33 socketAvgMs=33.7 socketP95Ms=129.2 socketMaxMs=136.3 pumpAvgMs=33.3 pumpP95Ms=134.2 pumpMaxMs=136.8 queueDelayAvgMs=90.5 queueDelayP95Ms=105.8 queueDelayMaxMs=110.4 samePump=24 pumpBatchMax=4 queueDepthMax=5 frameMaxMs=136.8
[rubber-banding][local-input] time=147.698 frame=1525 focused=1 host=0 room=19 world=5 authority=5 entity=2 windowMs=1108.0 updates=9 fixedCalls=56 commands=36 predictionSteps=36 noCommandUpdates=0 estimatedHostTick=7838 nextInputTick=7844 lastRecordedTick=7844 lastResolvedTick=7836 nextLead=6 recordedLead=6 unresolved=5 clamped=0 clampedTotal=165 batchesSent=1338 commandsSent=6228 sendFailures=0 move=(0.00,0.00) jump=0
[rubber-banding][remote-render] time=147.698 frame=1525 entity=1 latestHostTick=7836 buffer=8 windowMs=1108.0 fps=8.1 snapshots=34 arrivalSamples=34 arrivalAvgMs=32.6 arrivalP95Ms=134.2 arrivalMaxMs=136.8 sameArrival=25 tickGapMax=2 renderFrames=9 interpolation=7 extrapolation=2 extrapolationCapped=0 extrapolationMaxMs=16.4 oldestHeld=0 zeroSpan=9 movingFrozen=0 teleport=0 visualStepAvgCm=0.00 visualStepMaxCm=0.00 estimatedHostTick=7838 renderTick=7834.132 latestSnapshotTick=7836.000 renderMinusLatestTicks=-1.868 estimatedMinusLatestTicks=2.000 sampleT=0.066
[rubber-banding][remote-render] time=147.698 frame=1525 entity=3 latestHostTick=7836 buffer=8 windowMs=1108.0 fps=8.1 snapshots=34 arrivalSamples=34 arrivalAvgMs=32.6 arrivalP95Ms=134.2 arrivalMaxMs=136.8 sameArrival=25 tickGapMax=2 renderFrames=9 interpolation=7 extrapolation=2 extrapolationCapped=0 extrapolationMaxMs=16.4 oldestHeld=0 zeroSpan=9 movingFrozen=0 teleport=0 visualStepAvgCm=62.40 visualStepMaxCm=81.71 estimatedHostTick=7838 renderTick=7834.132 latestSnapshotTick=7836.000 renderMinusLatestTicks=-1.868 estimatedMinusLatestTicks=2.000 sampleT=0.066
[rubber-banding][large-step] time=147.698 frame=1525 focused=1 entity=3 buffer=8 count=9 maxStepCm=81.71 horizontalCm=49.71 verticalCm=64.85 frameDeltaMs=136.8 renderTickDelta=8.206 fromTick=7782 toTick=7784 tickSpan=2 receivedSpanMs=0.0 t=0.827 renderOffsetMs=-5.8 sourceHorizontalCm=10.50 sourceVerticalCm=6.32 fromGrounded=0 toGrounded=1 velocity=(1.165, -2.333, 3.811) expectedTravelCm=63.16 teleport=0 previous=(2.891, 0.667, -2.089) rendered=(3.388, 0.019, -2.112)
[rubber-banding][jump-step] time=147.698 frame=1525 focused=1 entity=3 buffer=8 count=9 maxVerticalCm=64.85 horizontalCm=49.71 verticalCm=64.85 frameDeltaMs=136.8 renderTickDelta=8.206 fromTick=7782 toTick=7784 tickSpan=2 receivedSpanMs=0.0 t=0.827 renderOffsetMs=-5.8 sourceHorizontalCm=10.50 sourceVerticalCm=6.32 fromGrounded=0 toGrounded=1 velocity=(1.165, -2.333, 3.811) expectedTravelCm=63.16 teleport=0 previous=(2.891, 0.667, -2.089) rendered=(3.388, 0.019, -2.112)
[rubber-banding][remote-render] time=147.698 frame=1525 entity=4 latestHostTick=7836 buffer=8 windowMs=1108.0 fps=8.1 snapshots=34 arrivalSamples=34 arrivalAvgMs=32.6 arrivalP95Ms=134.2 arrivalMaxMs=136.8 sameArrival=25 tickGapMax=2 renderFrames=9 interpolation=7 extrapolation=2 extrapolationCapped=0 extrapolationMaxMs=16.4 oldestHeld=0 zeroSpan=9 movingFrozen=0 teleport=0 visualStepAvgCm=0.00 visualStepMaxCm=0.00 estimatedHostTick=7838 renderTick=7834.132 latestSnapshotTick=7836.000 renderMinusLatestTicks=-1.868 estimatedMinusLatestTicks=2.000 sampleT=0.066
[rubber-banding][udp-pump] time=148.227 frame=1529 focused=1 windowMs=1115.8 fps=8.1 packets=35 socketAvgMs=32.8 socketP95Ms=134.7 socketMaxMs=145.6 pumpAvgMs=31.9 pumpP95Ms=137.2 pumpMaxMs=140.4 queueDelayAvgMs=61.6 queueDelayP95Ms=88.7 queueDelayMaxMs=92.7 samePump=26 pumpBatchMax=5 queueDepthMax=5 frameMaxMs=140.4
[rubber-banding][local-input] time=148.719 frame=1533 focused=1 host=0 room=19 world=5 authority=5 entity=2 windowMs=1021.9 updates=8 fixedCalls=51 commands=32 predictionSteps=32 noCommandUpdates=0 estimatedHostTick=7902 nextInputTick=7909 lastRecordedTick=7908 lastResolvedTick=7896 nextLead=7 recordedLead=6 unresolved=6 clamped=1 clampedTotal=166 batchesSent=1346 commandsSent=6268 sendFailures=0 move=(0.00,0.00) jump=0
[rubber-banding][remote-render] time=148.719 frame=1533 entity=1 latestHostTick=7896 buffer=8 windowMs=1021.9 fps=7.8 snapshots=30 arrivalSamples=30 arrivalAvgMs=34.1 arrivalP95Ms=138.3 arrivalMaxMs=140.4 sameArrival=22 tickGapMax=2 renderFrames=8 interpolation=7 extrapolation=1 extrapolationCapped=0 extrapolationMaxMs=4.0 oldestHeld=0 zeroSpan=8 movingFrozen=0 teleport=0 visualStepAvgCm=0.00 visualStepMaxCm=0.00 estimatedHostTick=7902 renderTick=7896.239 latestSnapshotTick=7896.000 renderMinusLatestTicks=0.239 estimatedMinusLatestTicks=6.000 sampleT=1.119
[rubber-banding][remote-render] time=148.719 frame=1533 entity=3 latestHostTick=7896 buffer=8 windowMs=1021.9 fps=7.8 snapshots=30 arrivalSamples=30 arrivalAvgMs=34.1 arrivalP95Ms=138.3 arrivalMaxMs=140.4 sameArrival=22 tickGapMax=2 renderFrames=8 interpolation=7 extrapolation=1 extrapolationCapped=0 extrapolationMaxMs=4.0 oldestHeld=0 zeroSpan=8 movingFrozen=0 teleport=0 visualStepAvgCm=61.53 visualStepMaxCm=107.44 estimatedHostTick=7902 renderTick=7896.239 latestSnapshotTick=7896.000 renderMinusLatestTicks=0.239 estimatedMinusLatestTicks=6.000 sampleT=1.119
[rubber-banding][large-step] time=148.719 frame=1533 focused=1 entity=3 buffer=8 count=8 maxStepCm=107.44 horizontalCm=58.05 verticalCm=90.41 frameDeltaMs=140.4 renderTickDelta=8.707 fromTick=7842 toTick=7844 tickSpan=2 receivedSpanMs=0.0 t=0.420 renderOffsetMs=-19.3 sourceHorizontalCm=13.33 sourceVerticalCm=1.40 fromGrounded=0 toGrounded=1 velocity=(-1.889, -2.333, 3.526) expectedTravelCm=65.04 teleport=0 previous=(3.228, 0.920, 0.984) rendered=(2.954, 0.016, 1.496)
[rubber-banding][jump-step] time=148.719 frame=1533 focused=1 entity=3 buffer=8 count=4 maxVerticalCm=90.41 horizontalCm=58.05 verticalCm=90.41 frameDeltaMs=140.4 renderTickDelta=8.707 fromTick=7842 toTick=7844 tickSpan=2 receivedSpanMs=0.0 t=0.420 renderOffsetMs=-19.3 sourceHorizontalCm=13.33 sourceVerticalCm=1.40 fromGrounded=0 toGrounded=1 velocity=(-1.889, -2.333, 3.526) expectedTravelCm=65.04 teleport=0 previous=(3.228, 0.920, 0.984) rendered=(2.954, 0.016, 1.496)
[rubber-banding][remote-render] time=148.719 frame=1533 entity=4 latestHostTick=7896 buffer=8 windowMs=1021.9 fps=7.8 snapshots=30 arrivalSamples=30 arrivalAvgMs=34.1 arrivalP95Ms=138.3 arrivalMaxMs=140.4 sameArrival=22 tickGapMax=2 renderFrames=8 interpolation=7 extrapolation=1 extrapolationCapped=0 extrapolationMaxMs=4.0 oldestHeld=0 zeroSpan=8 movingFrozen=0 teleport=0 visualStepAvgCm=0.00 visualStepMaxCm=0.00 estimatedHostTick=7902 renderTick=7896.239 latestSnapshotTick=7896.000 renderMinusLatestTicks=0.239 estimatedMinusLatestTicks=6.000 sampleT=1.119
[rubber-banding][udp-pump] time=149.321 frame=1538 focused=1 windowMs=1093.0 fps=8.2 packets=32 socketAvgMs=33.3 socketP95Ms=128.6 socketMaxMs=130.9 pumpAvgMs=34.2 pumpP95Ms=132.7 pumpMaxMs=138.3 queueDelayAvgMs=69.9 queueDelayP95Ms=91.3 queueDelayMaxMs=93.9 samePump=23 pumpBatchMax=4 queueDepthMax=4 frameMaxMs=138.3
[rubber-banding][local-input] time=149.829 frame=1542 focused=1 host=0 room=19 world=5 authority=5 entity=2 windowMs=1109.8 updates=9 fixedCalls=55 commands=36 predictionSteps=36 noCommandUpdates=0 estimatedHostTick=7966 nextInputTick=7972 lastRecordedTick=7972 lastResolvedTick=7960 nextLead=6 recordedLead=6 unresolved=5 clamped=0 clampedTotal=166 batchesSent=1355 commandsSent=6317 sendFailures=0 move=(0.00,0.00) jump=0
[rubber-banding][remote-render] time=149.829 frame=1542 entity=1 latestHostTick=7960 buffer=8 windowMs=1109.8 fps=8.1 snapshots=32 arrivalSamples=32 arrivalAvgMs=34.7 arrivalP95Ms=127.4 arrivalMaxMs=134.1 sameArrival=23 tickGapMax=2 renderFrames=9 interpolation=2 extrapolation=7 extrapolationCapped=0 extrapolationMaxMs=30.2 oldestHeld=0 zeroSpan=9 movingFrozen=0 teleport=0 visualStepAvgCm=0.00 visualStepMaxCm=0.00 estimatedHostTick=7966 renderTick=7961.813 latestSnapshotTick=7960.000 renderMinusLatestTicks=1.813 estimatedMinusLatestTicks=6.000 sampleT=1.906
[rubber-banding][remote-render] time=149.829 frame=1542 entity=3 latestHostTick=7960 buffer=8 windowMs=1109.8 fps=8.1 snapshots=32 arrivalSamples=32 arrivalAvgMs=34.7 arrivalP95Ms=127.4 arrivalMaxMs=134.1 sameArrival=23 tickGapMax=2 renderFrames=9 interpolation=2 extrapolation=7 extrapolationCapped=0 extrapolationMaxMs=30.2 oldestHeld=0 zeroSpan=9 movingFrozen=0 teleport=0 visualStepAvgCm=46.66 visualStepMaxCm=76.83 estimatedHostTick=7966 renderTick=7961.813 latestSnapshotTick=7960.000 renderMinusLatestTicks=1.813 estimatedMinusLatestTicks=6.000 sampleT=1.906
[rubber-banding][large-step] time=149.829 frame=1542 focused=1 entity=3 buffer=8 count=7 maxStepCm=76.83 horizontalCm=50.61 verticalCm=57.81 frameDeltaMs=127.4 renderTickDelta=7.644 fromTick=7958 toTick=7960 tickSpan=2 receivedSpanMs=0.0 t=1.906 renderOffsetMs=30.2 sourceHorizontalCm=13.33 sourceVerticalCm=13.65 fromGrounded=0 toGrounded=0 velocity=(-1.889, 3.928, 3.526) expectedTravelCm=71.42 teleport=0 previous=(1.063, 0.338, -0.424) rendered=(0.824, 0.916, 0.022)
[rubber-banding][jump-step] time=149.829 frame=1542 focused=1 entity=3 buffer=8 count=5 maxVerticalCm=57.81 horizontalCm=50.61 verticalCm=57.81 frameDeltaMs=127.4 renderTickDelta=7.644 fromTick=7958 toTick=7960 tickSpan=2 receivedSpanMs=0.0 t=1.906 renderOffsetMs=30.2 sourceHorizontalCm=13.33 sourceVerticalCm=13.65 fromGrounded=0 toGrounded=0 velocity=(-1.889, 3.928, 3.526) expectedTravelCm=71.42 teleport=0 previous=(1.063, 0.338, -0.424) rendered=(0.824, 0.916, 0.022)
[rubber-banding][remote-render] time=149.829 frame=1542 entity=4 latestHostTick=7960 buffer=8 windowMs=1109.8 fps=8.1 snapshots=32 arrivalSamples=32 arrivalAvgMs=34.7 arrivalP95Ms=127.4 arrivalMaxMs=134.1 sameArrival=23 tickGapMax=2 renderFrames=9 interpolation=2 extrapolation=7 extrapolationCapped=0 extrapolationMaxMs=30.2 oldestHeld=0 zeroSpan=9 movingFrozen=0 teleport=0 visualStepAvgCm=0.00 visualStepMaxCm=0.00 estimatedHostTick=7966 renderTick=7961.813 latestSnapshotTick=7960.000 renderMinusLatestTicks=1.813 estimatedMinusLatestTicks=6.000 sampleT=1.906
[rubber-banding][udp-pump] time=150.362 frame=1546 focused=1 windowMs=1041.9 fps=7.7 packets=33 socketAvgMs=33.8 socketP95Ms=125.4 socketMaxMs=130.2 pumpAvgMs=31.6 pumpP95Ms=134.1 pumpMaxMs=143.7 queueDelayAvgMs=75.3 queueDelayP95Ms=121.6 queueDelayMaxMs=123.7 samePump=25 pumpBatchMax=7 queueDepthMax=7 frameMaxMs=143.7
[rubber-banding][local-input] time=150.875 frame=1550 focused=1 host=0 room=19 world=5 authority=5 entity=2 windowMs=1045.6 updates=8 fixedCalls=52 commands=32 predictionSteps=32 noCommandUpdates=0 estimatedHostTick=8028 nextInputTick=8034 lastRecordedTick=8034 lastResolvedTick=8030 nextLead=6 recordedLead=6 unresolved=4 clamped=0 clampedTotal=166 batchesSent=1363 commandsSent=6350 sendFailures=0 move=(0.00,0.00) jump=0
[rubber-banding][remote-render] time=150.875 frame=1550 entity=1 latestHostTick=8030 buffer=8 windowMs=1045.6 fps=7.7 snapshots=35 arrivalSamples=35 arrivalAvgMs=29.9 arrivalP95Ms=142.0 arrivalMaxMs=143.7 sameArrival=27 tickGapMax=2 renderFrames=8 interpolation=8 extrapolation=0 extrapolationCapped=0 extrapolationMaxMs=0.0 oldestHeld=0 zeroSpan=7 movingFrozen=0 teleport=0 visualStepAvgCm=0.00 visualStepMaxCm=0.00 estimatedHostTick=8028 renderTick=8024.200 latestSnapshotTick=8030.000 renderMinusLatestTicks=-5.800 estimatedMinusLatestTicks=-2.000 sampleT=0.100
[rubber-banding][remote-render] time=150.875 frame=1550 entity=3 latestHostTick=8030 buffer=8 windowMs=1045.6 fps=7.7 snapshots=35 arrivalSamples=35 arrivalAvgMs=29.9 arrivalP95Ms=142.0 arrivalMaxMs=143.7 sameArrival=27 tickGapMax=2 renderFrames=8 interpolation=8 extrapolation=0 extrapolationCapped=0 extrapolationMaxMs=0.0 oldestHeld=0 zeroSpan=7 movingFrozen=0 teleport=0 visualStepAvgCm=61.12 visualStepMaxCm=74.80 estimatedHostTick=8028 renderTick=8024.200 latestSnapshotTick=8030.000 renderMinusLatestTicks=-5.800 estimatedMinusLatestTicks=-2.000 sampleT=0.100
[rubber-banding][large-step] time=150.875 frame=1550 focused=1 entity=3 buffer=8 count=8 maxStepCm=74.80 horizontalCm=49.58 verticalCm=56.01 frameDeltaMs=129.8 renderTickDelta=7.787 fromTick=7992 toTick=7994 tickSpan=2 receivedSpanMs=0.0 t=0.771 renderOffsetMs=-7.6 sourceHorizontalCm=13.28 sourceVerticalCm=0.00 fromGrounded=1 toGrounded=1 velocity=(1.165, -2.333, 3.811) expectedTravelCm=59.93 teleport=0 previous=(0.070, 0.568, 1.429) rendered=(-0.083, 0.008, 1.900)
[rubber-banding][jump-step] time=150.875 frame=1550 focused=1 entity=3 buffer=8 count=6 maxVerticalCm=56.01 horizontalCm=49.58 verticalCm=56.01 frameDeltaMs=129.8 renderTickDelta=7.787 fromTick=7992 toTick=7994 tickSpan=2 receivedSpanMs=0.0 t=0.771 renderOffsetMs=-7.6 sourceHorizontalCm=13.28 sourceVerticalCm=0.00 fromGrounded=1 toGrounded=1 velocity=(1.165, -2.333, 3.811) expectedTravelCm=59.93 teleport=0 previous=(0.070, 0.568, 1.429) rendered=(-0.083, 0.008, 1.900)
[rubber-banding][remote-render] time=150.875 frame=1550 entity=4 latestHostTick=8030 buffer=8 windowMs=1045.6 fps=7.7 snapshots=35 arrivalSamples=35 arrivalAvgMs=29.9 arrivalP95Ms=142.0 arrivalMaxMs=143.7 sameArrival=27 tickGapMax=2 renderFrames=8 interpolation=8 extrapolation=0 extrapolationCapped=0 extrapolationMaxMs=0.0 oldestHeld=0 zeroSpan=7 movingFrozen=0 teleport=0 visualStepAvgCm=0.00 visualStepMaxCm=0.00 estimatedHostTick=8028 renderTick=8024.200 latestSnapshotTick=8030.000 renderMinusLatestTicks=-5.800 estimatedMinusLatestTicks=-2.000 sampleT=0.100
[rubber-banding][udp-pump] time=151.401 frame=1554 focused=1 windowMs=1038.5 fps=7.7 packets=31 socketAvgMs=32.9 socketP95Ms=127.9 socketMaxMs=137.6 pumpAvgMs=33.5 pumpP95Ms=139.0 pumpMaxMs=142.0 queueDelayAvgMs=22.8 queueDelayP95Ms=36.8 queueDelayMaxMs=37.1 samePump=23 pumpBatchMax=5 queueDepthMax=5 frameMaxMs=142.0
[rubber-banding][local-input] time=151.913 frame=1558 focused=1 host=0 room=19 world=5 authority=5 entity=2 windowMs=1038.3 updates=8 fixedCalls=52 commands=32 predictionSteps=32 noCommandUpdates=0 estimatedHostTick=8096 nextInputTick=8103 lastRecordedTick=8102 lastResolvedTick=8090 nextLead=7 recordedLead=6 unresolved=5 clamped=5 clampedTotal=171 batchesSent=1371 commandsSent=6392 sendFailures=0 move=(0.00,0.00) jump=0
[rubber-banding][remote-render] time=151.913 frame=1558 entity=1 latestHostTick=8090 buffer=8 windowMs=1038.3 fps=7.7 snapshots=30 arrivalSamples=30 arrivalAvgMs=34.6 arrivalP95Ms=139.0 arrivalMaxMs=140.0 sameArrival=22 tickGapMax=2 renderFrames=8 interpolation=8 extrapolation=0 extrapolationCapped=0 extrapolationMaxMs=0.0 oldestHeld=0 zeroSpan=8 movingFrozen=0 teleport=0 visualStepAvgCm=0.00 visualStepMaxCm=0.00 estimatedHostTick=8096 renderTick=8088.576 latestSnapshotTick=8090.000 renderMinusLatestTicks=-1.424 estimatedMinusLatestTicks=6.000 sampleT=0.288
[rubber-banding][remote-render] time=151.913 frame=1558 entity=3 latestHostTick=8090 buffer=8 windowMs=1038.3 fps=7.7 snapshots=30 arrivalSamples=30 arrivalAvgMs=34.6 arrivalP95Ms=139.0 arrivalMaxMs=140.0 sameArrival=22 tickGapMax=2 renderFrames=8 interpolation=8 extrapolation=0 extrapolationCapped=0 extrapolationMaxMs=0.0 oldestHeld=0 zeroSpan=8 movingFrozen=0 teleport=0 visualStepAvgCm=65.63 visualStepMaxCm=95.34 estimatedHostTick=8096 renderTick=8088.576 latestSnapshotTick=8090.000 renderMinusLatestTicks=-1.424 estimatedMinusLatestTicks=6.000 sampleT=0.288
[rubber-banding][large-step] time=151.913 frame=1558 focused=1 entity=3 buffer=8 count=8 maxStepCm=95.34 horizontalCm=31.61 verticalCm=89.95 frameDeltaMs=140.0 renderTickDelta=8.679 fromTick=8080 toTick=8082 tickSpan=2 receivedSpanMs=0.0 t=0.563 renderOffsetMs=-14.6 sourceHorizontalCm=13.28 sourceVerticalCm=7.37 fromGrounded=0 toGrounded=0 velocity=(-1.165, 1.262, -3.811) expectedTravelCm=58.52 teleport=0 previous=(3.317, 0.691, 0.543) rendered=(3.253, 1.591, 0.234)
[rubber-banding][jump-step] time=151.913 frame=1558 focused=1 entity=3 buffer=8 count=6 maxVerticalCm=89.95 horizontalCm=31.61 verticalCm=89.95 frameDeltaMs=140.0 renderTickDelta=8.679 fromTick=8080 toTick=8082 tickSpan=2 receivedSpanMs=0.0 t=0.563 renderOffsetMs=-14.6 sourceHorizontalCm=13.28 sourceVerticalCm=7.37 fromGrounded=0 toGrounded=0 velocity=(-1.165, 1.262, -3.811) expectedTravelCm=58.52 teleport=0 previous=(3.317, 0.691, 0.543) rendered=(3.253, 1.591, 0.234)
[rubber-banding][remote-render] time=151.913 frame=1558 entity=4 latestHostTick=8090 buffer=8 windowMs=1038.3 fps=7.7 snapshots=30 arrivalSamples=30 arrivalAvgMs=34.6 arrivalP95Ms=139.0 arrivalMaxMs=140.0 sameArrival=22 tickGapMax=2 renderFrames=8 interpolation=8 extrapolation=0 extrapolationCapped=0 extrapolationMaxMs=0.0 oldestHeld=0 zeroSpan=8 movingFrozen=0 teleport=0 visualStepAvgCm=0.00 visualStepMaxCm=0.00 estimatedHostTick=8096 renderTick=8088.576 latestSnapshotTick=8090.000 renderMinusLatestTicks=-1.424 estimatedMinusLatestTicks=6.000 sampleT=0.288
[rubber-banding][udp-pump] time=152.494 frame=1563 focused=1 windowMs=1092.7 fps=8.2 packets=33 socketAvgMs=33.1 socketP95Ms=125.4 socketMaxMs=135.3 pumpAvgMs=33.1 pumpP95Ms=128.3 pumpMaxMs=140.0 queueDelayAvgMs=40.4 queueDelayP95Ms=56.9 queueDelayMaxMs=57.8 samePump=24 pumpBatchMax=4 queueDepthMax=5 frameMaxMs=140.0
[rubber-banding][local-input] time=152.960 frame=1567 focused=1 host=0 room=19 world=5 authority=5 entity=2 windowMs=1046.7 updates=9 fixedCalls=53 commands=36 predictionSteps=36 noCommandUpdates=0 estimatedHostTick=8157 nextInputTick=8163 lastRecordedTick=8163 lastResolvedTick=8152 nextLead=6 recordedLead=6 unresolved=5 clamped=0 clampedTotal=171 batchesSent=1380 commandsSent=6438 sendFailures=0 move=(0.00,0.00) jump=0
[rubber-banding][remote-render] time=152.960 frame=1567 entity=1 latestHostTick=8152 buffer=8 windowMs=1046.7 fps=8.6 snapshots=31 arrivalSamples=31 arrivalAvgMs=33.8 arrivalP95Ms=124.1 arrivalMaxMs=128.3 sameArrival=22 tickGapMax=2 renderFrames=9 interpolation=9 extrapolation=0 extrapolationCapped=0 extrapolationMaxMs=0.0 oldestHeld=0 zeroSpan=9 movingFrozen=0 teleport=0 visualStepAvgCm=0.00 visualStepMaxCm=0.00 estimatedHostTick=8157 renderTick=8151.379 latestSnapshotTick=8152.000 renderMinusLatestTicks=-0.621 estimatedMinusLatestTicks=5.000 sampleT=0.689
[rubber-banding][remote-render] time=152.960 frame=1567 entity=3 latestHostTick=8152 buffer=8 windowMs=1046.7 fps=8.6 snapshots=31 arrivalSamples=31 arrivalAvgMs=33.8 arrivalP95Ms=124.1 arrivalMaxMs=128.3 sameArrival=22 tickGapMax=2 renderFrames=9 interpolation=9 extrapolation=0 extrapolationCapped=0 extrapolationMaxMs=0.0 oldestHeld=0 zeroSpan=9 movingFrozen=0 teleport=0 visualStepAvgCm=61.01 visualStepMaxCm=98.61 estimatedHostTick=8157 renderTick=8151.379 latestSnapshotTick=8152.000 renderMinusLatestTicks=-0.621 estimatedMinusLatestTicks=5.000 sampleT=0.689
[rubber-banding][large-step] time=152.960 frame=1567 focused=1 entity=3 buffer=8 count=9 maxStepCm=98.61 horizontalCm=51.19 verticalCm=84.28 frameDeltaMs=128.3 renderTickDelta=7.698 fromTick=8108 toTick=8110 tickSpan=2 receivedSpanMs=0.0 t=0.901 renderOffsetMs=-3.3 sourceHorizontalCm=13.33 sourceVerticalCm=21.74 fromGrounded=0 toGrounded=1 velocity=(0.479, -8.072, -3.971) expectedTravelCm=115.58 teleport=0 previous=(2.895, 0.872, -1.113) rendered=(2.900, 0.029, -1.625)
[rubber-banding][jump-step] time=152.960 frame=1567 focused=1 entity=3 buffer=8 count=6 maxVerticalCm=84.28 horizontalCm=51.19 verticalCm=84.28 frameDeltaMs=128.3 renderTickDelta=7.698 fromTick=8108 toTick=8110 tickSpan=2 receivedSpanMs=0.0 t=0.901 renderOffsetMs=-3.3 sourceHorizontalCm=13.33 sourceVerticalCm=21.74 fromGrounded=0 toGrounded=1 velocity=(0.479, -8.072, -3.971) expectedTravelCm=115.58 teleport=0 previous=(2.895, 0.872, -1.113) rendered=(2.900, 0.029, -1.625)
[rubber-banding][remote-render] time=152.960 frame=1567 entity=4 latestHostTick=8152 buffer=8 windowMs=1046.7 fps=8.6 snapshots=31 arrivalSamples=31 arrivalAvgMs=33.8 arrivalP95Ms=124.1 arrivalMaxMs=128.3 sameArrival=22 tickGapMax=2 renderFrames=9 interpolation=9 extrapolation=0 extrapolationCapped=0 extrapolationMaxMs=0.0 oldestHeld=0 zeroSpan=9 movingFrozen=0 teleport=0 visualStepAvgCm=0.00 visualStepMaxCm=0.00 estimatedHostTick=8157 renderTick=8151.379 latestSnapshotTick=8152.000 renderMinusLatestTicks=-0.621 estimatedMinusLatestTicks=5.000 sampleT=0.689
[rubber-banding][udp-pump] time=153.500 frame=1571 focused=1 windowMs=1006.1 fps=8.0 packets=29 socketAvgMs=33.8 socketP95Ms=126.0 socketMaxMs=142.4 pumpAvgMs=34.7 pumpP95Ms=136.7 pumpMaxMs=147.0 queueDelayAvgMs=54.3 queueDelayP95Ms=82.7 queueDelayMaxMs=83.7 samePump=21 pumpBatchMax=4 queueDepthMax=5 frameMaxMs=147.0
[rubber-banding][local-input] time=154.031 frame=1575 focused=1 host=0 room=19 world=5 authority=5 entity=2 windowMs=1071.5 updates=8 fixedCalls=53 commands=32 predictionSteps=32 noCommandUpdates=0 estimatedHostTick=8220 nextInputTick=8227 lastRecordedTick=8227 lastResolvedTick=8216 nextLead=7 recordedLead=7 unresolved=5 clamped=0 clampedTotal=171 batchesSent=1388 commandsSent=6478 sendFailures=0 move=(0.00,0.00) jump=0
[rubber-banding][remote-render] time=154.031 frame=1575 entity=1 latestHostTick=8216 buffer=8 windowMs=1071.5 fps=7.5 snapshots=32 arrivalSamples=32 arrivalAvgMs=33.5 arrivalP95Ms=147.0 arrivalMaxMs=148.4 sameArrival=24 tickGapMax=2 renderFrames=8 interpolation=6 extrapolation=2 extrapolationCapped=0 extrapolationMaxMs=3.3 oldestHeld=0 zeroSpan=8 movingFrozen=0 teleport=0 visualStepAvgCm=0.00 visualStepMaxCm=0.00 estimatedHostTick=8220 renderTick=8215.471 latestSnapshotTick=8216.000 renderMinusLatestTicks=-0.529 estimatedMinusLatestTicks=4.000 sampleT=0.735
[rubber-banding][remote-render] time=154.031 frame=1575 entity=3 latestHostTick=8216 buffer=8 windowMs=1071.5 fps=7.5 snapshots=32 arrivalSamples=32 arrivalAvgMs=33.5 arrivalP95Ms=147.0 arrivalMaxMs=148.4 sameArrival=24 tickGapMax=2 renderFrames=8 interpolation=6 extrapolation=2 extrapolationCapped=0 extrapolationMaxMs=3.3 oldestHeld=0 zeroSpan=8 movingFrozen=0 teleport=0 visualStepAvgCm=64.26 visualStepMaxCm=90.19 estimatedHostTick=8220 renderTick=8215.471 latestSnapshotTick=8216.000 renderMinusLatestTicks=-0.529 estimatedMinusLatestTicks=4.000 sampleT=0.735
[rubber-banding][large-step] time=154.031 frame=1575 focused=1 entity=3 buffer=8 count=8 maxStepCm=90.19 horizontalCm=57.25 verticalCm=69.69 frameDeltaMs=147.0 renderTickDelta=8.620 fromTick=8166 toTick=8168 tickSpan=2 receivedSpanMs=0.0 t=1.100 renderOffsetMs=3.3 sourceHorizontalCm=13.28 sourceVerticalCm=19.68 fromGrounded=0 toGrounded=0 velocity=(1.165, -6.072, 3.811) expectedTravelCm=106.75 teleport=0 previous=(3.893, 1.370, 0.918) rendered=(4.060, 0.673, 1.466)
[rubber-banding][jump-step] time=154.031 frame=1575 focused=1 entity=3 buffer=8 count=6 maxVerticalCm=69.69 horizontalCm=57.25 verticalCm=69.69 frameDeltaMs=147.0 renderTickDelta=8.620 fromTick=8166 toTick=8168 tickSpan=2 receivedSpanMs=0.0 t=1.100 renderOffsetMs=3.3 sourceHorizontalCm=13.28 sourceVerticalCm=19.68 fromGrounded=0 toGrounded=0 velocity=(1.165, -6.072, 3.811) expectedTravelCm=106.75 teleport=0 previous=(3.893, 1.370, 0.918) rendered=(4.060, 0.673, 1.466)
[rubber-banding][remote-render] time=154.031 frame=1575 entity=4 latestHostTick=8216 buffer=8 windowMs=1071.5 fps=7.5 snapshots=32 arrivalSamples=32 arrivalAvgMs=33.5 arrivalP95Ms=147.0 arrivalMaxMs=148.4 sameArrival=24 tickGapMax=2 renderFrames=8 interpolation=6 extrapolation=2 extrapolationCapped=0 extrapolationMaxMs=3.3 oldestHeld=0 zeroSpan=8 movingFrozen=0 teleport=0 visualStepAvgCm=0.00 visualStepMaxCm=0.00 estimatedHostTick=8220 renderTick=8215.471 latestSnapshotTick=8216.000 renderMinusLatestTicks=-0.529 estimatedMinusLatestTicks=4.000 sampleT=0.735
[rubber-banding][udp-pump] time=154.608 frame=1580 focused=1 windowMs=1108.4 fps=8.1 packets=34 socketAvgMs=33.0 socketP95Ms=129.8 socketMaxMs=135.9 pumpAvgMs=32.6 pumpP95Ms=138.0 pumpMaxMs=148.4 queueDelayAvgMs=51.0 queueDelayP95Ms=62.8 queueDelayMaxMs=65.2 samePump=25 pumpBatchMax=4 queueDepthMax=4 frameMaxMs=148.4
[rubber-banding][local-input] time=155.144 frame=1584 focused=1 host=0 room=19 world=5 authority=5 entity=2 windowMs=1112.9 updates=9 fixedCalls=56 commands=35 predictionSteps=35 noCommandUpdates=0 estimatedHostTick=8287 nextInputTick=8292 lastRecordedTick=8292 lastResolvedTick=8282 nextLead=5 recordedLead=5 unresolved=5 clamped=0 clampedTotal=171 batchesSent=1397 commandsSent=6518 sendFailures=0 move=(0.00,0.00) jump=0
[rubber-banding][remote-render] time=155.144 frame=1584 entity=1 latestHostTick=8282 buffer=8 windowMs=1112.9 fps=8.1 snapshots=33 arrivalSamples=33 arrivalAvgMs=33.7 arrivalP95Ms=138.1 arrivalMaxMs=148.3 sameArrival=24 tickGapMax=2 renderFrames=9 interpolation=8 extrapolation=1 extrapolationCapped=0 extrapolationMaxMs=4.1 oldestHeld=0 zeroSpan=9 movingFrozen=0 teleport=0 visualStepAvgCm=0.00 visualStepMaxCm=0.00 estimatedHostTick=8287 renderTick=8282.247 latestSnapshotTick=8282.000 renderMinusLatestTicks=0.247 estimatedMinusLatestTicks=5.000 sampleT=1.124
[rubber-banding][remote-render] time=155.144 frame=1584 entity=3 latestHostTick=8282 buffer=8 windowMs=1112.9 fps=8.1 snapshots=33 arrivalSamples=33 arrivalAvgMs=33.7 arrivalP95Ms=138.1 arrivalMaxMs=148.3 sameArrival=24 tickGapMax=2 renderFrames=9 interpolation=8 extrapolation=1 extrapolationCapped=0 extrapolationMaxMs=4.1 oldestHeld=0 zeroSpan=9 movingFrozen=0 teleport=0 visualStepAvgCm=54.28 visualStepMaxCm=84.46 estimatedHostTick=8287 renderTick=8282.247 latestSnapshotTick=8282.000 renderMinusLatestTicks=0.247 estimatedMinusLatestTicks=5.000 sampleT=1.124
[rubber-banding][large-step] time=155.144 frame=1584 focused=1 entity=3 buffer=8 count=8 maxStepCm=84.46 horizontalCm=52.36 verticalCm=66.27 frameDeltaMs=131.4 renderTickDelta=7.884 fromTick=8272 toTick=8274 tickSpan=2 receivedSpanMs=0.0 t=0.675 renderOffsetMs=-10.8 sourceHorizontalCm=13.28 sourceVerticalCm=20.79 fromGrounded=0 toGrounded=0 velocity=(-1.165, -6.405, -3.811) expectedTravelCm=99.12 teleport=0 previous=(4.246, 0.801, 2.072) rendered=(4.093, 0.139, 1.572)
[rubber-banding][jump-step] time=155.144 frame=1584 focused=1 entity=3 buffer=8 count=7 maxVerticalCm=72.64 horizontalCm=39.37 verticalCm=72.64 frameDeltaMs=138.0 renderTickDelta=8.283 fromTick=8242 toTick=8244 tickSpan=2 receivedSpanMs=0.0 t=0.312 renderOffsetMs=-22.9 sourceHorizontalCm=11.51 sourceVerticalCm=12.54 fromGrounded=0 toGrounded=0 velocity=(-1.029, 3.595, -3.365) expectedTravelCm=69.44 teleport=0 previous=(4.798, 0.044, 3.878) rendered=(4.683, 0.771, 3.502)
[rubber-banding][remote-render] time=155.144 frame=1584 entity=4 latestHostTick=8282 buffer=8 windowMs=1112.9 fps=8.1 snapshots=33 arrivalSamples=33 arrivalAvgMs=33.7 arrivalP95Ms=138.1 arrivalMaxMs=148.3 sameArrival=24 tickGapMax=2 renderFrames=9 interpolation=8 extrapolation=1 extrapolationCapped=0 extrapolationMaxMs=4.1 oldestHeld=0 zeroSpan=9 movingFrozen=0 teleport=0 visualStepAvgCm=0.00 visualStepMaxCm=0.00 estimatedHostTick=8287 renderTick=8282.247 latestSnapshotTick=8282.000 renderMinusLatestTicks=0.247 estimatedMinusLatestTicks=5.000 sampleT=1.124
[rubber-banding][udp-pump] time=155.629 frame=1588 focused=1 windowMs=1021.0 fps=7.8 packets=30 socketAvgMs=33.4 socketP95Ms=128.5 socketMaxMs=142.0 pumpAvgMs=34.0 pumpP95Ms=138.1 pumpMaxMs=148.3 queueDelayAvgMs=53.2 queueDelayP95Ms=75.6 queueDelayMaxMs=78.3 samePump=22 pumpBatchMax=4 queueDepthMax=5 frameMaxMs=148.3
[rubber-banding][local-input] time=156.158 frame=1592 focused=1 host=0 room=19 world=5 authority=5 entity=2 windowMs=1013.5 updates=8 fixedCalls=51 commands=32 predictionSteps=32 noCommandUpdates=0 estimatedHostTick=8348 nextInputTick=8354 lastRecordedTick=8354 lastResolvedTick=8344 nextLead=6 recordedLead=6 unresolved=5 clamped=0 clampedTotal=171 batchesSent=1405 commandsSent=6558 sendFailures=0 move=(0.00,0.00) jump=0
[rubber-banding][remote-render] time=156.158 frame=1592 entity=1 latestHostTick=8344 buffer=8 windowMs=1013.5 fps=7.9 snapshots=31 arrivalSamples=31 arrivalAvgMs=32.7 arrivalP95Ms=138.1 arrivalMaxMs=145.1 sameArrival=23 tickGapMax=2 renderFrames=8 interpolation=8 extrapolation=0 extrapolationCapped=0 extrapolationMaxMs=0.0 oldestHeld=0 zeroSpan=8 movingFrozen=0 teleport=0 visualStepAvgCm=0.00 visualStepMaxCm=0.00 estimatedHostTick=8348 renderTick=8343.056 latestSnapshotTick=8344.000 renderMinusLatestTicks=-0.944 estimatedMinusLatestTicks=4.000 sampleT=0.528
[rubber-banding][remote-render] time=156.158 frame=1592 entity=3 latestHostTick=8344 buffer=8 windowMs=1013.5 fps=7.9 snapshots=31 arrivalSamples=31 arrivalAvgMs=32.7 arrivalP95Ms=138.1 arrivalMaxMs=145.1 sameArrival=23 tickGapMax=2 renderFrames=8 interpolation=8 extrapolation=0 extrapolationCapped=0 extrapolationMaxMs=0.0 oldestHeld=0 zeroSpan=8 movingFrozen=0 teleport=0 visualStepAvgCm=69.04 visualStepMaxCm=91.21 estimatedHostTick=8348 renderTick=8343.056 latestSnapshotTick=8344.000 renderMinusLatestTicks=-0.944 estimatedMinusLatestTicks=4.000 sampleT=0.528
[rubber-banding][large-step] time=156.158 frame=1592 focused=1 entity=3 buffer=8 count=8 maxStepCm=91.21 horizontalCm=57.81 verticalCm=70.55 frameDeltaMs=145.1 renderTickDelta=8.704 fromTick=8342 toTick=8344 tickSpan=2 receivedSpanMs=0.0 t=0.528 renderOffsetMs=-15.7 sourceHorizontalCm=13.28 sourceVerticalCm=13.65 fromGrounded=0 toGrounded=0 velocity=(-1.165, 3.928, -3.811) expectedTravelCm=81.18 teleport=0 previous=(2.784, 0.027, -1.711) rendered=(2.615, 0.733, -2.264)
[rubber-banding][jump-step] time=156.158 frame=1592 focused=1 entity=3 buffer=8 count=7 maxVerticalCm=84.34 horizontalCm=33.10 verticalCm=84.34 frameDeltaMs=138.1 renderTickDelta=8.288 fromTick=8296 toTick=8298 tickSpan=2 receivedSpanMs=0.0 t=0.467 renderOffsetMs=-17.8 sourceHorizontalCm=13.28 sourceVerticalCm=20.22 fromGrounded=0 toGrounded=0 velocity=(-1.165, 2.262, -3.811) expectedTravelCm=63.30 teleport=0 previous=(3.780, 0.469, 0.857) rendered=(3.511, 1.313, 0.666)
[rubber-banding][remote-render] time=156.158 frame=1592 entity=4 latestHostTick=8344 buffer=8 windowMs=1013.5 fps=7.9 snapshots=31 arrivalSamples=31 arrivalAvgMs=32.7 arrivalP95Ms=138.1 arrivalMaxMs=145.1 sameArrival=23 tickGapMax=2 renderFrames=8 interpolation=8 extrapolation=0 extrapolationCapped=0 extrapolationMaxMs=0.0 oldestHeld=0 zeroSpan=8 movingFrozen=0 teleport=0 visualStepAvgCm=0.00 visualStepMaxCm=0.00 estimatedHostTick=8348 renderTick=8343.056 latestSnapshotTick=8344.000 renderMinusLatestTicks=-0.944 estimatedMinusLatestTicks=4.000 sampleT=0.528
[rubber-banding][udp-pump] time=156.656 frame=1596 focused=1 windowMs=1027.3 fps=7.8 packets=31 socketAvgMs=33.8 socketP95Ms=139.5 socketMaxMs=145.7 pumpAvgMs=33.1 pumpP95Ms=140.9 pumpMaxMs=145.1 queueDelayAvgMs=45.3 queueDelayP95Ms=61.4 queueDelayMaxMs=61.8 samePump=23 pumpBatchMax=5 queueDepthMax=5 frameMaxMs=145.1
[rubber-banding][local-input] time=157.174 frame=1600 focused=1 host=0 room=19 world=5 authority=5 entity=2 windowMs=1015.7 updates=8 fixedCalls=50 commands=32 predictionSteps=32 noCommandUpdates=0 estimatedHostTick=8409 nextInputTick=8415 lastRecordedTick=8415 lastResolvedTick=8404 nextLead=6 recordedLead=6 unresolved=5 clamped=0 clampedTotal=171 batchesSent=1413 commandsSent=6598 sendFailures=0 move=(0.00,0.00) jump=0
[rubber-banding][remote-render] time=157.174 frame=1600 entity=1 latestHostTick=8404 buffer=8 windowMs=1015.7 fps=7.9 snapshots=30 arrivalSamples=30 arrivalAvgMs=33.9 arrivalP95Ms=140.9 arrivalMaxMs=141.4 sameArrival=22 tickGapMax=2 renderFrames=8 interpolation=5 extrapolation=3 extrapolationCapped=0 extrapolationMaxMs=14.1 oldestHeld=0 zeroSpan=8 movingFrozen=0 teleport=0 visualStepAvgCm=0.00 visualStepMaxCm=0.00 estimatedHostTick=8409 renderTick=8403.997 latestSnapshotTick=8404.000 renderMinusLatestTicks=-0.003 estimatedMinusLatestTicks=5.000 sampleT=0.998
[rubber-banding][remote-render] time=157.174 frame=1600 entity=3 latestHostTick=8404 buffer=8 windowMs=1015.7 fps=7.9 snapshots=30 arrivalSamples=30 arrivalAvgMs=33.9 arrivalP95Ms=140.9 arrivalMaxMs=141.4 sameArrival=22 tickGapMax=2 renderFrames=8 interpolation=5 extrapolation=3 extrapolationCapped=0 extrapolationMaxMs=14.1 oldestHeld=0 zeroSpan=8 movingFrozen=0 teleport=0 visualStepAvgCm=58.00 visualStepMaxCm=81.67 estimatedHostTick=8409 renderTick=8403.997 latestSnapshotTick=8404.000 renderMinusLatestTicks=-0.003 estimatedMinusLatestTicks=5.000 sampleT=0.998
[rubber-banding][large-step] time=157.174 frame=1600 focused=1 entity=3 buffer=8 count=8 maxStepCm=81.67 horizontalCm=48.24 verticalCm=65.91 frameDeltaMs=120.6 renderTickDelta=7.235 fromTick=8394 toTick=8396 tickSpan=2 receivedSpanMs=0.0 t=1.041 renderOffsetMs=1.4 sourceHorizontalCm=13.33 sourceVerticalCm=15.87 fromGrounded=0 toGrounded=0 velocity=(3.526, 4.595, 1.889) expectedTravelCm=73.46 teleport=0 previous=(3.312, 0.008, -3.753) rendered=(3.738, 0.667, -3.525)
[rubber-banding][jump-step] time=157.174 frame=1600 focused=1 entity=3 buffer=8 count=6 maxVerticalCm=65.91 horizontalCm=48.24 verticalCm=65.91 frameDeltaMs=120.6 renderTickDelta=7.235 fromTick=8394 toTick=8396 tickSpan=2 receivedSpanMs=0.0 t=1.041 renderOffsetMs=1.4 sourceHorizontalCm=13.33 sourceVerticalCm=15.87 fromGrounded=0 toGrounded=0 velocity=(3.526, 4.595, 1.889) expectedTravelCm=73.46 teleport=0 previous=(3.312, 0.008, -3.753) rendered=(3.738, 0.667, -3.525)
[rubber-banding][remote-render] time=157.174 frame=1600 entity=4 latestHostTick=8404 buffer=8 windowMs=1015.7 fps=7.9 snapshots=30 arrivalSamples=30 arrivalAvgMs=33.9 arrivalP95Ms=140.9 arrivalMaxMs=141.4 sameArrival=22 tickGapMax=2 renderFrames=8 interpolation=5 extrapolation=3 extrapolationCapped=0 extrapolationMaxMs=14.1 oldestHeld=0 zeroSpan=8 movingFrozen=0 teleport=0 visualStepAvgCm=0.00 visualStepMaxCm=0.00 estimatedHostTick=8409 renderTick=8403.997 latestSnapshotTick=8404.000 renderMinusLatestTicks=-0.003 estimatedMinusLatestTicks=5.000 sampleT=0.998
[rubber-banding][udp-pump] time=157.701 frame=1604 focused=1 windowMs=1044.8 fps=7.7 packets=31 socketAvgMs=33.4 socketP95Ms=131.9 socketMaxMs=138.1 pumpAvgMs=33.7 pumpP95Ms=141.4 pumpMaxMs=145.7 queueDelayAvgMs=67.3 queueDelayP95Ms=83.5 queueDelayMaxMs=84.5 samePump=23 pumpBatchMax=4 queueDepthMax=5 frameMaxMs=145.7
[rubber-banding][local-input] time=158.226 frame=1608 focused=1 host=0 room=19 world=5 authority=5 entity=2 windowMs=1052.7 updates=8 fixedCalls=53 commands=32 predictionSteps=32 noCommandUpdates=0 estimatedHostTick=8471 nextInputTick=8478 lastRecordedTick=8478 lastResolvedTick=8466 nextLead=7 recordedLead=7 unresolved=5 clamped=2 clampedTotal=173 batchesSent=1421 commandsSent=6638 sendFailures=0 move=(0.00,0.00) jump=0
[rubber-banding][remote-render] time=158.226 frame=1608 entity=1 latestHostTick=8466 buffer=8 windowMs=1052.7 fps=7.6 snapshots=31 arrivalSamples=31 arrivalAvgMs=34.0 arrivalP95Ms=145.4 arrivalMaxMs=145.7 sameArrival=23 tickGapMax=2 renderFrames=8 interpolation=1 extrapolation=7 extrapolationCapped=0 extrapolationMaxMs=42.2 oldestHeld=0 zeroSpan=8 movingFrozen=0 teleport=0 visualStepAvgCm=0.00 visualStepMaxCm=0.00 estimatedHostTick=8471 renderTick=8467.158 latestSnapshotTick=8466.000 renderMinusLatestTicks=1.158 estimatedMinusLatestTicks=5.000 sampleT=1.579
[rubber-banding][remote-render] time=158.226 frame=1608 entity=3 latestHostTick=8466 buffer=8 windowMs=1052.7 fps=7.6 snapshots=31 arrivalSamples=31 arrivalAvgMs=34.0 arrivalP95Ms=145.4 arrivalMaxMs=145.7 sameArrival=23 tickGapMax=2 renderFrames=8 interpolation=1 extrapolation=7 extrapolationCapped=0 extrapolationMaxMs=42.2 oldestHeld=0 zeroSpan=8 movingFrozen=0 teleport=0 visualStepAvgCm=65.12 visualStepMaxCm=84.88 estimatedHostTick=8471 renderTick=8467.158 latestSnapshotTick=8466.000 renderMinusLatestTicks=1.158 estimatedMinusLatestTicks=5.000 sampleT=1.579
[rubber-banding][large-step] time=158.226 frame=1608 focused=1 entity=3 buffer=8 count=8 maxStepCm=84.88 horizontalCm=54.33 verticalCm=65.22 frameDeltaMs=135.8 renderTickDelta=8.149 fromTick=8440 toTick=8442 tickSpan=2 receivedSpanMs=0.0 t=1.902 renderOffsetMs=30.1 sourceHorizontalCm=13.33 sourceVerticalCm=18.09 fromGrounded=0 toGrounded=0 velocity=(-1.889, 5.262, 3.526) expectedTravelCm=89.77 teleport=0 previous=(5.188, 0.008, -1.673) rendered=(4.932, 0.660, -1.194)
[rubber-banding][jump-step] time=158.226 frame=1608 focused=1 entity=3 buffer=8 count=6 maxVerticalCm=65.22 horizontalCm=54.33 verticalCm=65.22 frameDeltaMs=135.8 renderTickDelta=8.149 fromTick=8440 toTick=8442 tickSpan=2 receivedSpanMs=0.0 t=1.902 renderOffsetMs=30.1 sourceHorizontalCm=13.33 sourceVerticalCm=18.09 fromGrounded=0 toGrounded=0 velocity=(-1.889, 5.262, 3.526) expectedTravelCm=89.77 teleport=0 previous=(5.188, 0.008, -1.673) rendered=(4.932, 0.660, -1.194)
[rubber-banding][remote-render] time=158.226 frame=1608 entity=4 latestHostTick=8466 buffer=8 windowMs=1052.7 fps=7.6 snapshots=31 arrivalSamples=31 arrivalAvgMs=34.0 arrivalP95Ms=145.4 arrivalMaxMs=145.7 sameArrival=23 tickGapMax=2 renderFrames=8 interpolation=1 extrapolation=7 extrapolationCapped=0 extrapolationMaxMs=42.2 oldestHeld=0 zeroSpan=8 movingFrozen=0 teleport=0 visualStepAvgCm=0.00 visualStepMaxCm=0.00 estimatedHostTick=8471 renderTick=8467.158 latestSnapshotTick=8466.000 renderMinusLatestTicks=1.158 estimatedMinusLatestTicks=5.000 sampleT=1.579
[rubber-banding][udp-pump] time=158.729 frame=1612 focused=1 windowMs=1027.8 fps=7.8 packets=30 socketAvgMs=33.1 socketP95Ms=127.9 socketMaxMs=138.9 pumpAvgMs=34.3 pumpP95Ms=135.8 pumpMaxMs=145.4 queueDelayAvgMs=83.1 queueDelayP95Ms=101.7 queueDelayMaxMs=104.2 samePump=22 pumpBatchMax=5 queueDepthMax=5 frameMaxMs=145.4
[rubber-banding][local-input] time=159.237 frame=1616 focused=1 host=0 room=19 world=5 authority=5 entity=2 windowMs=1010.2 updates=8 fixedCalls=51 commands=32 predictionSteps=32 noCommandUpdates=0 estimatedHostTick=8531 nextInputTick=8537 lastRecordedTick=8537 lastResolvedTick=8526 nextLead=6 recordedLead=6 unresolved=5 clamped=0 clampedTotal=173 batchesSent=1429 commandsSent=6678 sendFailures=0 move=(0.00,0.00) jump=0
[rubber-banding][remote-render] time=159.237 frame=1616 entity=1 latestHostTick=8526 buffer=8 windowMs=1010.2 fps=7.9 snapshots=30 arrivalSamples=30 arrivalAvgMs=33.7 arrivalP95Ms=133.5 arrivalMaxMs=142.8 sameArrival=22 tickGapMax=2 renderFrames=8 interpolation=3 extrapolation=5 extrapolationCapped=0 extrapolationMaxMs=32.9 oldestHeld=0 zeroSpan=8 movingFrozen=0 teleport=0 visualStepAvgCm=0.00 visualStepMaxCm=0.00 estimatedHostTick=8531 renderTick=8527.074 latestSnapshotTick=8526.000 renderMinusLatestTicks=1.074 estimatedMinusLatestTicks=5.000 sampleT=1.537
[rubber-banding][remote-render] time=159.237 frame=1616 entity=3 latestHostTick=8526 buffer=8 windowMs=1010.2 fps=7.9 snapshots=30 arrivalSamples=30 arrivalAvgMs=33.7 arrivalP95Ms=133.5 arrivalMaxMs=142.8 sameArrival=22 tickGapMax=2 renderFrames=8 interpolation=3 extrapolation=5 extrapolationCapped=0 extrapolationMaxMs=32.9 oldestHeld=0 zeroSpan=8 movingFrozen=0 teleport=0 visualStepAvgCm=59.07 visualStepMaxCm=96.60 estimatedHostTick=8531 renderTick=8527.074 latestSnapshotTick=8526.000 renderMinusLatestTicks=1.074 estimatedMinusLatestTicks=5.000 sampleT=1.537
[rubber-banding][large-step] time=159.237 frame=1616 focused=1 entity=3 buffer=8 count=8 maxStepCm=96.60 horizontalCm=51.83 verticalCm=81.52 frameDeltaMs=133.5 renderTickDelta=7.803 fromTick=8488 toTick=8490 tickSpan=2 receivedSpanMs=0.0 t=0.600 renderOffsetMs=-13.3 sourceHorizontalCm=13.28 sourceVerticalCm=25.00 fromGrounded=0 toGrounded=0 velocity=(1.165, -7.667, 3.811) expectedTravelCm=115.35 teleport=0 previous=(4.176, 1.094, 1.055) rendered=(4.327, 0.279, 1.550)
[rubber-banding][jump-step] time=159.237 frame=1616 focused=1 entity=3 buffer=8 count=4 maxVerticalCm=81.52 horizontalCm=51.83 verticalCm=81.52 frameDeltaMs=133.5 renderTickDelta=7.803 fromTick=8488 toTick=8490 tickSpan=2 receivedSpanMs=0.0 t=0.600 renderOffsetMs=-13.3 sourceHorizontalCm=13.28 sourceVerticalCm=25.00 fromGrounded=0 toGrounded=0 velocity=(1.165, -7.667, 3.811) expectedTravelCm=115.35 teleport=0 previous=(4.176, 1.094, 1.055) rendered=(4.327, 0.279, 1.550)
[rubber-banding][remote-render] time=159.237 frame=1616 entity=4 latestHostTick=8526 buffer=8 windowMs=1010.2 fps=7.9 snapshots=30 arrivalSamples=30 arrivalAvgMs=33.7 arrivalP95Ms=133.5 arrivalMaxMs=142.8 sameArrival=22 tickGapMax=2 renderFrames=8 interpolation=3 extrapolation=5 extrapolationCapped=0 extrapolationMaxMs=32.9 oldestHeld=0 zeroSpan=8 movingFrozen=0 teleport=0 visualStepAvgCm=0.00 visualStepMaxCm=0.00 estimatedHostTick=8531 renderTick=8527.074 latestSnapshotTick=8526.000 renderMinusLatestTicks=1.074 estimatedMinusLatestTicks=5.000 sampleT=1.537
[rubber-banding][udp-pump] time=159.767 frame=1620 focused=1 windowMs=1038.2 fps=7.7 packets=31 socketAvgMs=33.0 socketP95Ms=137.0 socketMaxMs=142.9 pumpAvgMs=33.5 pumpP95Ms=142.8 pumpMaxMs=144.8 queueDelayAvgMs=96.3 queueDelayP95Ms=116.1 queueDelayMaxMs=117.1 samePump=23 pumpBatchMax=4 queueDepthMax=5 frameMaxMs=144.8
[rubber-banding][local-input] time=160.314 frame=1625 focused=1 host=0 room=19 world=5 authority=5 entity=2 windowMs=1077.7 updates=9 fixedCalls=53 commands=36 predictionSteps=36 noCommandUpdates=0 estimatedHostTick=8594 nextInputTick=8600 lastRecordedTick=8600 lastResolvedTick=8592 nextLead=6 recordedLead=6 unresolved=5 clamped=0 clampedTotal=173 batchesSent=1438 commandsSent=6723 sendFailures=0 move=(0.00,0.00) jump=0
[rubber-banding][remote-render] time=160.314 frame=1625 entity=1 latestHostTick=8592 buffer=8 windowMs=1077.7 fps=8.4 snapshots=33 arrivalSamples=33 arrivalAvgMs=32.7 arrivalP95Ms=134.8 arrivalMaxMs=144.8 sameArrival=24 tickGapMax=2 renderFrames=9 interpolation=4 extrapolation=5 extrapolationCapped=0 extrapolationMaxMs=11.7 oldestHeld=0 zeroSpan=9 movingFrozen=0 teleport=0 visualStepAvgCm=0.00 visualStepMaxCm=0.00 estimatedHostTick=8594 renderTick=8590.363 latestSnapshotTick=8592.000 renderMinusLatestTicks=-1.637 estimatedMinusLatestTicks=2.000 sampleT=0.182
[rubber-banding][remote-render] time=160.314 frame=1625 entity=3 latestHostTick=8592 buffer=8 windowMs=1077.7 fps=8.4 snapshots=33 arrivalSamples=33 arrivalAvgMs=32.7 arrivalP95Ms=134.8 arrivalMaxMs=144.8 sameArrival=24 tickGapMax=2 renderFrames=9 interpolation=4 extrapolation=5 extrapolationCapped=0 extrapolationMaxMs=11.7 oldestHeld=0 zeroSpan=9 movingFrozen=0 teleport=0 visualStepAvgCm=57.70 visualStepMaxCm=71.26 estimatedHostTick=8594 renderTick=8590.363 latestSnapshotTick=8592.000 renderMinusLatestTicks=-1.637 estimatedMinusLatestTicks=2.000 sampleT=0.182
[rubber-banding][large-step] time=160.314 frame=1625 focused=1 entity=3 buffer=8 count=9 maxStepCm=71.26 horizontalCm=52.20 verticalCm=48.51 frameDeltaMs=134.8 renderTickDelta=8.000 fromTick=8556 toTick=8558 tickSpan=2 receivedSpanMs=0.0 t=1.100 renderOffsetMs=3.3 sourceHorizontalCm=13.09 sourceVerticalCm=15.24 fromGrounded=0 toGrounded=0 velocity=(-0.785, -4.738, -3.853) expectedTravelCm=82.97 teleport=0 previous=(2.702, 1.019, 2.033) rendered=(2.541, 0.534, 1.536)
[rubber-banding][jump-step] time=160.314 frame=1625 focused=1 entity=3 buffer=8 count=8 maxVerticalCm=52.57 horizontalCm=38.96 verticalCm=52.57 frameDeltaMs=98.1 renderTickDelta=5.885 fromTick=8562 toTick=8564 tickSpan=2 receivedSpanMs=0.0 t=1.043 renderOffsetMs=1.4 sourceHorizontalCm=13.28 sourceVerticalCm=17.00 fromGrounded=0 toGrounded=1 velocity=(-0.017, -6.738, -3.985) expectedTravelCm=76.79 teleport=0 previous=(2.541, 0.534, 1.536) rendered=(2.510, 0.008, 1.148)
[rubber-banding][remote-render] time=160.314 frame=1625 entity=4 latestHostTick=8592 buffer=8 windowMs=1077.7 fps=8.4 snapshots=33 arrivalSamples=33 arrivalAvgMs=32.7 arrivalP95Ms=134.8 arrivalMaxMs=144.8 sameArrival=24 tickGapMax=2 renderFrames=9 interpolation=4 extrapolation=5 extrapolationCapped=0 extrapolationMaxMs=11.7 oldestHeld=0 zeroSpan=9 movingFrozen=0 teleport=0 visualStepAvgCm=0.00 visualStepMaxCm=0.00 estimatedHostTick=8594 renderTick=8590.363 latestSnapshotTick=8592.000 renderMinusLatestTicks=-1.637 estimatedMinusLatestTicks=2.000 sampleT=0.182
[rubber-banding][udp-pump] time=160.849 frame=1629 focused=1 windowMs=1081.5 fps=8.3 packets=32 socketAvgMs=34.1 socketP95Ms=120.6 socketMaxMs=132.1 pumpAvgMs=33.8 pumpP95Ms=136.3 pumpMaxMs=146.1 queueDelayAvgMs=85.3 queueDelayP95Ms=99.0 queueDelayMaxMs=99.2 samePump=23 pumpBatchMax=4 queueDepthMax=5 frameMaxMs=146.1
[rubber-banding][local-input] time=161.358 frame=1633 focused=1 host=0 room=19 world=5 authority=5 entity=2 windowMs=1043.4 updates=8 fixedCalls=53 commands=32 predictionSteps=32 noCommandUpdates=0 estimatedHostTick=8659 nextInputTick=8666 lastRecordedTick=8666 lastResolvedTick=8658 nextLead=7 recordedLead=7 unresolved=5 clamped=2 clampedTotal=175 batchesSent=1446 commandsSent=6762 sendFailures=0 move=(0.00,0.00) jump=0
[rubber-banding][remote-render] time=161.358 frame=1633 entity=1 latestHostTick=8658 buffer=8 windowMs=1043.4 fps=7.7 snapshots=33 arrivalSamples=33 arrivalAvgMs=31.6 arrivalP95Ms=137.7 arrivalMaxMs=146.1 sameArrival=25 tickGapMax=2 renderFrames=8 interpolation=6 extrapolation=2 extrapolationCapped=0 extrapolationMaxMs=13.7 oldestHeld=0 zeroSpan=7 movingFrozen=0 teleport=0 visualStepAvgCm=0.00 visualStepMaxCm=0.00 estimatedHostTick=8659 renderTick=8653.356 latestSnapshotTick=8658.000 renderMinusLatestTicks=-4.644 estimatedMinusLatestTicks=1.000 sampleT=0.678
[rubber-banding][remote-render] time=161.358 frame=1633 entity=3 latestHostTick=8658 buffer=8 windowMs=1043.4 fps=7.7 snapshots=33 arrivalSamples=33 arrivalAvgMs=31.6 arrivalP95Ms=137.7 arrivalMaxMs=146.1 sameArrival=25 tickGapMax=2 renderFrames=8 interpolation=6 extrapolation=2 extrapolationCapped=0 extrapolationMaxMs=13.7 oldestHeld=0 zeroSpan=7 movingFrozen=0 teleport=0 visualStepAvgCm=62.22 visualStepMaxCm=84.69 estimatedHostTick=8659 renderTick=8653.356 latestSnapshotTick=8658.000 renderMinusLatestTicks=-4.644 estimatedMinusLatestTicks=1.000 sampleT=0.678
[rubber-banding][large-step] time=161.358 frame=1633 focused=1 entity=3 buffer=8 count=8 maxStepCm=84.69 horizontalCm=53.14 verticalCm=65.95 frameDeltaMs=132.9 renderTickDelta=7.971 fromTick=8646 toTick=8648 tickSpan=2 receivedSpanMs=0.0 t=0.312 renderOffsetMs=-22.9 sourceHorizontalCm=13.33 sourceVerticalCm=13.65 fromGrounded=0 toGrounded=0 velocity=(3.526, 3.928, 1.889) expectedTravelCm=74.48 teleport=0 previous=(1.834, 0.044, -0.959) rendered=(2.302, 0.703, -0.709)
[rubber-banding][jump-step] time=161.358 frame=1633 focused=1 entity=3 buffer=8 count=6 maxVerticalCm=65.95 horizontalCm=53.14 verticalCm=65.95 frameDeltaMs=132.9 renderTickDelta=7.971 fromTick=8646 toTick=8648 tickSpan=2 receivedSpanMs=0.0 t=0.312 renderOffsetMs=-22.9 sourceHorizontalCm=13.33 sourceVerticalCm=13.65 fromGrounded=0 toGrounded=0 velocity=(3.526, 3.928, 1.889) expectedTravelCm=74.48 teleport=0 previous=(1.834, 0.044, -0.959) rendered=(2.302, 0.703, -0.709)
[rubber-banding][remote-render] time=161.358 frame=1633 entity=4 latestHostTick=8658 buffer=8 windowMs=1043.4 fps=7.7 snapshots=33 arrivalSamples=33 arrivalAvgMs=31.6 arrivalP95Ms=137.7 arrivalMaxMs=146.1 sameArrival=25 tickGapMax=2 renderFrames=8 interpolation=6 extrapolation=2 extrapolationCapped=0 extrapolationMaxMs=13.7 oldestHeld=0 zeroSpan=7 movingFrozen=0 teleport=0 visualStepAvgCm=0.00 visualStepMaxCm=0.00 estimatedHostTick=8659 renderTick=8653.356 latestSnapshotTick=8658.000 renderMinusLatestTicks=-4.644 estimatedMinusLatestTicks=1.000 sampleT=0.678
[rubber-banding][udp-pump] time=161.858 frame=1637 focused=1 windowMs=1009.3 fps=7.9 packets=33 socketAvgMs=33.2 socketP95Ms=122.9 socketMaxMs=132.1 pumpAvgMs=30.6 pumpP95Ms=132.9 pumpMaxMs=137.7 queueDelayAvgMs=43.9 queueDelayP95Ms=131.8 queueDelayMaxMs=132.5 samePump=25 pumpBatchMax=7 queueDepthMax=7 frameMaxMs=137.7
[rubber-banding][local-input] time=162.371 frame=1641 focused=1 host=0 room=19 world=5 authority=5 entity=2 windowMs=1013.8 updates=8 fixedCalls=50 commands=30 predictionSteps=30 noCommandUpdates=0 estimatedHostTick=8717 nextInputTick=8723 lastRecordedTick=8723 lastResolvedTick=8716 nextLead=6 recordedLead=6 unresolved=4 clamped=0 clampedTotal=175 batchesSent=1454 commandsSent=6794 sendFailures=0 move=(0.00,0.00) jump=0
[rubber-banding][remote-render] time=162.371 frame=1641 entity=1 latestHostTick=8716 buffer=8 windowMs=1013.8 fps=7.9 snapshots=29 arrivalSamples=29 arrivalAvgMs=35.0 arrivalP95Ms=130.5 arrivalMaxMs=132.9 sameArrival=21 tickGapMax=2 renderFrames=8 interpolation=7 extrapolation=1 extrapolationCapped=0 extrapolationMaxMs=20.0 oldestHeld=0 zeroSpan=5 movingFrozen=0 teleport=0 visualStepAvgCm=0.00 visualStepMaxCm=0.00 estimatedHostTick=8717 renderTick=8712.767 latestSnapshotTick=8716.000 renderMinusLatestTicks=-3.233 estimatedMinusLatestTicks=1.000 sampleT=0.383
[rubber-banding][remote-render] time=162.371 frame=1641 entity=3 latestHostTick=8716 buffer=8 windowMs=1013.8 fps=7.9 snapshots=29 arrivalSamples=29 arrivalAvgMs=35.0 arrivalP95Ms=130.5 arrivalMaxMs=132.9 sameArrival=21 tickGapMax=2 renderFrames=8 interpolation=7 extrapolation=1 extrapolationCapped=0 extrapolationMaxMs=20.0 oldestHeld=0 zeroSpan=5 movingFrozen=0 teleport=0 visualStepAvgCm=9.22 visualStepMaxCm=60.40 estimatedHostTick=8717 renderTick=8712.767 latestSnapshotTick=8716.000 renderMinusLatestTicks=-3.233 estimatedMinusLatestTicks=1.000 sampleT=0.383
[rubber-banding][large-step] time=162.371 frame=1641 focused=1 entity=3 buffer=8 count=1 maxStepCm=60.40 horizontalCm=47.60 verticalCm=37.18 frameDeltaMs=126.0 renderTickDelta=7.306 fromTick=8660 toTick=8662 tickSpan=2 receivedSpanMs=0.0 t=0.331 renderOffsetMs=-22.3 sourceHorizontalCm=10.00 sourceVerticalCm=0.70 fromGrounded=1 toGrounded=1 velocity=(2.168, -2.333, 1.552) expectedTravelCm=44.63 teleport=0 previous=(2.685, 1.268, -0.474) rendered=(3.072, 1.640, -0.198)
[rubber-banding][jump-step] time=162.371 frame=1641 focused=1 entity=3 buffer=8 count=1 maxVerticalCm=37.18 horizontalCm=47.60 verticalCm=37.18 frameDeltaMs=126.0 renderTickDelta=7.306 fromTick=8660 toTick=8662 tickSpan=2 receivedSpanMs=0.0 t=0.331 renderOffsetMs=-22.3 sourceHorizontalCm=10.00 sourceVerticalCm=0.70 fromGrounded=1 toGrounded=1 velocity=(2.168, -2.333, 1.552) expectedTravelCm=44.63 teleport=0 previous=(2.685, 1.268, -0.474) rendered=(3.072, 1.640, -0.198)
[rubber-banding][remote-render] time=162.371 frame=1641 entity=4 latestHostTick=8716 buffer=8 windowMs=1013.8 fps=7.9 snapshots=29 arrivalSamples=29 arrivalAvgMs=35.0 arrivalP95Ms=130.5 arrivalMaxMs=132.9 sameArrival=21 tickGapMax=2 renderFrames=8 interpolation=7 extrapolation=1 extrapolationCapped=0 extrapolationMaxMs=20.0 oldestHeld=0 zeroSpan=5 movingFrozen=0 teleport=0 visualStepAvgCm=0.00 visualStepMaxCm=0.00 estimatedHostTick=8717 renderTick=8712.767 latestSnapshotTick=8716.000 renderMinusLatestTicks=-3.233 estimatedMinusLatestTicks=1.000 sampleT=0.383
[rubber-banding][udp-pump] time=162.875 frame=1645 focused=1 windowMs=1017.3 fps=7.9 packets=31 socketAvgMs=32.5 socketP95Ms=125.6 socketMaxMs=133.4 pumpAvgMs=32.8 pumpP95Ms=130.5 pumpMaxMs=141.6 queueDelayAvgMs=36.9 queueDelayP95Ms=135.8 queueDelayMaxMs=142.4 samePump=23 pumpBatchMax=6 queueDepthMax=7 frameMaxMs=141.6
[rubber-banding][local-input] time=163.471 frame=1650 focused=1 host=0 room=19 world=5 authority=5 entity=2 windowMs=1099.2 updates=9 fixedCalls=55 commands=31 predictionSteps=31 noCommandUpdates=0 estimatedHostTick=8782 nextInputTick=8789 lastRecordedTick=8789 lastResolvedTick=8784 nextLead=7 recordedLead=7 unresolved=4 clamped=0 clampedTotal=175 batchesSent=1463 commandsSent=6825 sendFailures=0 move=(0.00,0.00) jump=0
[rubber-banding][remote-render] time=163.471 frame=1650 entity=1 latestHostTick=8784 buffer=8 windowMs=1099.2 fps=8.2 snapshots=34 arrivalSamples=34 arrivalAvgMs=32.3 arrivalP95Ms=130.0 arrivalMaxMs=141.6 sameArrival=25 tickGapMax=2 renderFrames=9 interpolation=9 extrapolation=0 extrapolationCapped=0 extrapolationMaxMs=0.0 oldestHeld=0 zeroSpan=4 movingFrozen=0 teleport=0 visualStepAvgCm=0.00 visualStepMaxCm=0.00 estimatedHostTick=8782 renderTick=8777.722 latestSnapshotTick=8784.000 renderMinusLatestTicks=-6.278 estimatedMinusLatestTicks=-2.000 sampleT=0.861
[rubber-banding][remote-render] time=163.471 frame=1650 entity=3 latestHostTick=8784 buffer=8 windowMs=1099.2 fps=8.2 snapshots=34 arrivalSamples=34 arrivalAvgMs=32.3 arrivalP95Ms=130.0 arrivalMaxMs=141.6 sameArrival=25 tickGapMax=2 renderFrames=9 interpolation=9 extrapolation=0 extrapolationCapped=0 extrapolationMaxMs=0.0 oldestHeld=0 zeroSpan=4 movingFrozen=0 teleport=0 visualStepAvgCm=0.00 visualStepMaxCm=0.00 estimatedHostTick=8782 renderTick=8777.722 latestSnapshotTick=8784.000 renderMinusLatestTicks=-6.278 estimatedMinusLatestTicks=-2.000 sampleT=0.861
[rubber-banding][remote-render] time=163.471 frame=1650 entity=4 latestHostTick=8784 buffer=8 windowMs=1099.2 fps=8.2 snapshots=34 arrivalSamples=34 arrivalAvgMs=32.3 arrivalP95Ms=130.0 arrivalMaxMs=141.6 sameArrival=25 tickGapMax=2 renderFrames=9 interpolation=9 extrapolation=0 extrapolationCapped=0 extrapolationMaxMs=0.0 oldestHeld=0 zeroSpan=4 movingFrozen=0 teleport=0 visualStepAvgCm=0.00 visualStepMaxCm=0.00 estimatedHostTick=8782 renderTick=8777.722 latestSnapshotTick=8784.000 renderMinusLatestTicks=-6.278 estimatedMinusLatestTicks=-2.000 sampleT=0.861
[rubber-banding][udp-pump] time=163.883 frame=1660 focused=1 windowMs=1007.3 fps=14.9 packets=30 socketAvgMs=33.7 socketP95Ms=115.5 socketMaxMs=129.2 pumpAvgMs=33.6 pumpP95Ms=118.9 pumpMaxMs=130.0 queueDelayAvgMs=18.2 queueDelayP95Ms=34.4 queueDelayMaxMs=34.5 samePump=15 pumpBatchMax=4 queueDepthMax=4 frameMaxMs=130.0
[rubber-banding][local-input] time=164.489 frame=1676 focused=1 host=0 room=19 world=5 authority=5 entity=2 windowMs=1018.5 updates=26 fixedCalls=51 commands=60 predictionSteps=60 noCommandUpdates=0 estimatedHostTick=8849 nextInputTick=8854 lastRecordedTick=8854 lastResolvedTick=8846 nextLead=5 recordedLead=5 unresolved=8 clamped=0 clampedTotal=175 batchesSent=1489 commandsSent=7015 sendFailures=0 move=(0.00,0.00) jump=0
[rubber-banding][remote-render] time=164.489 frame=1676 entity=1 latestHostTick=8846 buffer=8 windowMs=1018.5 fps=25.5 snapshots=31 arrivalSamples=31 arrivalAvgMs=32.9 arrivalP95Ms=41.7 arrivalMaxMs=73.5 sameArrival=5 tickGapMax=2 renderFrames=26 interpolation=26 extrapolation=0 extrapolationCapped=0 extrapolationMaxMs=0.0 oldestHeld=0 zeroSpan=6 movingFrozen=0 teleport=0 visualStepAvgCm=0.00 visualStepMaxCm=0.00 estimatedHostTick=8849 renderTick=8840.871 latestSnapshotTick=8846.000 renderMinusLatestTicks=-5.129 estimatedMinusLatestTicks=3.000 sampleT=0.435
[rubber-banding][remote-render] time=164.489 frame=1676 entity=3 latestHostTick=8846 buffer=8 windowMs=1018.5 fps=25.5 snapshots=31 arrivalSamples=31 arrivalAvgMs=32.9 arrivalP95Ms=41.7 arrivalMaxMs=73.5 sameArrival=5 tickGapMax=2 renderFrames=26 interpolation=26 extrapolation=0 extrapolationCapped=0 extrapolationMaxMs=0.0 oldestHeld=0 zeroSpan=6 movingFrozen=0 teleport=0 visualStepAvgCm=0.00 visualStepMaxCm=0.00 estimatedHostTick=8849 renderTick=8840.871 latestSnapshotTick=8846.000 renderMinusLatestTicks=-5.129 estimatedMinusLatestTicks=3.000 sampleT=0.435
[rubber-banding][remote-render] time=164.489 frame=1676 entity=4 latestHostTick=8846 buffer=8 windowMs=1018.5 fps=25.5 snapshots=31 arrivalSamples=31 arrivalAvgMs=32.9 arrivalP95Ms=41.7 arrivalMaxMs=73.5 sameArrival=5 tickGapMax=2 renderFrames=26 interpolation=26 extrapolation=0 extrapolationCapped=0 extrapolationMaxMs=0.0 oldestHeld=0 zeroSpan=6 movingFrozen=0 teleport=0 visualStepAvgCm=0.00 visualStepMaxCm=0.00 estimatedHostTick=8849 renderTick=8840.871 latestSnapshotTick=8846.000 renderMinusLatestTicks=-5.129 estimatedMinusLatestTicks=3.000 sampleT=0.435
[rubber-banding][udp-pump] time=164.904 frame=1687 focused=1 windowMs=1021.4 fps=26.4 packets=30 socketAvgMs=33.1 socketP95Ms=41.1 socketMaxMs=41.4 pumpAvgMs=32.8 pumpP95Ms=42.0 pumpMaxMs=74.0 queueDelayAvgMs=21.9 queueDelayP95Ms=36.9 queueDelayMaxMs=37.9 samePump=5 pumpBatchMax=2 queueDepthMax=2 frameMaxMs=42.0
[rubber-banding][local-input] time=165.530 frame=1695 focused=1 host=0 room=19 world=5 authority=5 entity=2 windowMs=1041.0 updates=19 fixedCalls=52 commands=50 predictionSteps=50 noCommandUpdates=1 estimatedHostTick=8910 nextInputTick=8914 lastRecordedTick=8914 lastResolvedTick=8906 nextLead=4 recordedLead=4 unresolved=4 clamped=0 clampedTotal=175 batchesSent=1508 commandsSent=7113 sendFailures=0 move=(0.00,0.00) jump=0
[rubber-banding][remote-render] time=165.530 frame=1695 entity=1 latestHostTick=8906 buffer=8 windowMs=1041.0 fps=18.3 snapshots=30 arrivalSamples=30 arrivalAvgMs=34.7 arrivalP95Ms=110.8 arrivalMaxMs=132.3 sameArrival=13 tickGapMax=2 renderFrames=19 interpolation=19 extrapolation=0 extrapolationCapped=0 extrapolationMaxMs=0.0 oldestHeld=0 zeroSpan=7 movingFrozen=0 teleport=0 visualStepAvgCm=0.00 visualStepMaxCm=0.00 estimatedHostTick=8910 renderTick=8904.350 latestSnapshotTick=8906.000 renderMinusLatestTicks=-1.650 estimatedMinusLatestTicks=4.000 sampleT=0.175
[rubber-banding][remote-render] time=165.530 frame=1695 entity=3 latestHostTick=8906 buffer=8 windowMs=1041.0 fps=18.3 snapshots=30 arrivalSamples=30 arrivalAvgMs=34.7 arrivalP95Ms=110.8 arrivalMaxMs=132.3 sameArrival=13 tickGapMax=2 renderFrames=19 interpolation=19 extrapolation=0 extrapolationCapped=0 extrapolationMaxMs=0.0 oldestHeld=0 zeroSpan=7 movingFrozen=0 teleport=0 visualStepAvgCm=0.00 visualStepMaxCm=0.00 estimatedHostTick=8910 renderTick=8904.350 latestSnapshotTick=8906.000 renderMinusLatestTicks=-1.650 estimatedMinusLatestTicks=4.000 sampleT=0.175
[rubber-banding][remote-render] time=165.530 frame=1695 entity=4 latestHostTick=8906 buffer=8 windowMs=1041.0 fps=18.3 snapshots=30 arrivalSamples=30 arrivalAvgMs=34.7 arrivalP95Ms=110.8 arrivalMaxMs=132.3 sameArrival=13 tickGapMax=2 renderFrames=19 interpolation=19 extrapolation=0 extrapolationCapped=0 extrapolationMaxMs=0.0 oldestHeld=0 zeroSpan=7 movingFrozen=0 teleport=0 visualStepAvgCm=0.00 visualStepMaxCm=0.00 estimatedHostTick=8910 renderTick=8904.350 latestSnapshotTick=8906.000 renderMinusLatestTicks=-1.650 estimatedMinusLatestTicks=4.000 sampleT=0.175
[rubber-banding][udp-pump] time=165.939 frame=1700 focused=1 windowMs=1034.6 fps=12.6 packets=32 socketAvgMs=33.3 socketP95Ms=117.3 socketMaxMs=132.4 pumpAvgMs=33.5 pumpP95Ms=132.3 pumpMaxMs=140.5 queueDelayAvgMs=19.9 queueDelayP95Ms=134.9 queueDelayMaxMs=138.0 samePump=19 pumpBatchMax=5 queueDepthMax=6 frameMaxMs=140.5
[rubber-banding][local-input] time=166.548 frame=1716 focused=1 host=0 room=19 world=5 authority=5 entity=2 windowMs=1018.3 updates=21 fixedCalls=51 commands=52 predictionSteps=52 noCommandUpdates=0 estimatedHostTick=8967 nextInputTick=8974 lastRecordedTick=8974 lastResolvedTick=8970 nextLead=7 recordedLead=7 unresolved=4 clamped=0 clampedTotal=175 batchesSent=1528 commandsSent=7184 sendFailures=0 move=(0.00,0.00) jump=0
[rubber-banding][remote-render] time=166.548 frame=1716 entity=1 latestHostTick=8970 buffer=8 windowMs=1018.3 fps=20.6 snapshots=32 arrivalSamples=32 arrivalAvgMs=31.8 arrivalP95Ms=125.7 arrivalMaxMs=140.5 sameArrival=11 tickGapMax=2 renderFrames=21 interpolation=21 extrapolation=0 extrapolationCapped=0 extrapolationMaxMs=0.0 oldestHeld=0 zeroSpan=5 movingFrozen=0 teleport=0 visualStepAvgCm=0.00 visualStepMaxCm=0.00 estimatedHostTick=8967 renderTick=8963.413 latestSnapshotTick=8970.000 renderMinusLatestTicks=-6.587 estimatedMinusLatestTicks=-3.000 sampleT=0.707
[rubber-banding][remote-render] time=166.548 frame=1716 entity=3 latestHostTick=8970 buffer=8 windowMs=1018.3 fps=20.6 snapshots=32 arrivalSamples=32 arrivalAvgMs=31.8 arrivalP95Ms=125.7 arrivalMaxMs=140.5 sameArrival=11 tickGapMax=2 renderFrames=21 interpolation=21 extrapolation=0 extrapolationCapped=0 extrapolationMaxMs=0.0 oldestHeld=0 zeroSpan=5 movingFrozen=0 teleport=0 visualStepAvgCm=0.00 visualStepMaxCm=0.00 estimatedHostTick=8967 renderTick=8963.413 latestSnapshotTick=8970.000 renderMinusLatestTicks=-6.587 estimatedMinusLatestTicks=-3.000 sampleT=0.707
[rubber-banding][remote-render] time=166.548 frame=1716 entity=4 latestHostTick=8970 buffer=8 windowMs=1018.3 fps=20.6 snapshots=32 arrivalSamples=32 arrivalAvgMs=31.8 arrivalP95Ms=125.7 arrivalMaxMs=140.5 sameArrival=11 tickGapMax=2 renderFrames=21 interpolation=21 extrapolation=0 extrapolationCapped=0 extrapolationMaxMs=0.0 oldestHeld=0 zeroSpan=5 movingFrozen=0 teleport=0 visualStepAvgCm=0.00 visualStepMaxCm=0.00 estimatedHostTick=8967 renderTick=8963.413 latestSnapshotTick=8970.000 renderMinusLatestTicks=-6.587 estimatedMinusLatestTicks=-3.000 sampleT=0.707
[rubber-banding][udp-pump] time=166.965 frame=1727 focused=1 windowMs=1026.0 fps=26.3 packets=30 socketAvgMs=33.7 socketP95Ms=41.9 socketMaxMs=42.1 pumpAvgMs=34.2 pumpP95Ms=41.0 pumpMaxMs=42.2 queueDelayAvgMs=17.6 queueDelayP95Ms=24.6 queueDelayMaxMs=24.9 samePump=3 pumpBatchMax=2 queueDepthMax=2 frameMaxMs=42.2
[rubber-banding][local-input] time=167.581 frame=1743 focused=1 host=0 room=19 world=5 authority=5 entity=2 windowMs=1032.7 updates=27 fixedCalls=52 commands=62 predictionSteps=62 noCommandUpdates=0 estimatedHostTick=9032 nextInputTick=9036 lastRecordedTick=9036 lastResolvedTick=9032 nextLead=4 recordedLead=4 unresolved=4 clamped=0 clampedTotal=175 batchesSent=1555 commandsSent=7312 sendFailures=0 move=(0.00,0.00) jump=0
[rubber-banding][remote-render] time=167.581 frame=1743 entity=1 latestHostTick=9032 buffer=8 windowMs=1032.7 fps=26.1 snapshots=31 arrivalSamples=31 arrivalAvgMs=33.3 arrivalP95Ms=40.7 arrivalMaxMs=77.7 sameArrival=5 tickGapMax=2 renderFrames=27 interpolation=27 extrapolation=0 extrapolationCapped=0 extrapolationMaxMs=0.0 oldestHeld=0 zeroSpan=5 movingFrozen=0 teleport=0 visualStepAvgCm=0.00 visualStepMaxCm=0.00 estimatedHostTick=9032 renderTick=9026.734 latestSnapshotTick=9032.000 renderMinusLatestTicks=-5.266 estimatedMinusLatestTicks=0.000 sampleT=0.367
[rubber-banding][remote-render] time=167.581 frame=1743 entity=3 latestHostTick=9032 buffer=8 windowMs=1032.7 fps=26.1 snapshots=31 arrivalSamples=31 arrivalAvgMs=33.3 arrivalP95Ms=40.7 arrivalMaxMs=77.7 sameArrival=5 tickGapMax=2 renderFrames=27 interpolation=27 extrapolation=0 extrapolationCapped=0 extrapolationMaxMs=0.0 oldestHeld=0 zeroSpan=5 movingFrozen=0 teleport=0 visualStepAvgCm=0.00 visualStepMaxCm=0.00 estimatedHostTick=9032 renderTick=9026.734 latestSnapshotTick=9032.000 renderMinusLatestTicks=-5.266 estimatedMinusLatestTicks=0.000 sampleT=0.367
[rubber-banding][remote-render] time=167.581 frame=1743 entity=4 latestHostTick=9032 buffer=8 windowMs=1032.7 fps=26.1 snapshots=31 arrivalSamples=31 arrivalAvgMs=33.3 arrivalP95Ms=40.7 arrivalMaxMs=77.7 sameArrival=5 tickGapMax=2 renderFrames=27 interpolation=27 extrapolation=0 extrapolationCapped=0 extrapolationMaxMs=0.0 oldestHeld=0 zeroSpan=5 movingFrozen=0 teleport=0 visualStepAvgCm=0.00 visualStepMaxCm=0.00 estimatedHostTick=9032 renderTick=9026.734 latestSnapshotTick=9032.000 renderMinusLatestTicks=-5.266 estimatedMinusLatestTicks=0.000 sampleT=0.367
[rubber-banding][udp-pump] time=167.994 frame=1754 focused=1 windowMs=1029.7 fps=26.2 packets=32 socketAvgMs=32.8 socketP95Ms=39.5 socketMaxMs=41.6 pumpAvgMs=32.2 pumpP95Ms=40.7 pumpMaxMs=77.7 queueDelayAvgMs=17.4 queueDelayP95Ms=37.6 queueDelayMaxMs=39.4 samePump=6 pumpBatchMax=2 queueDepthMax=2 frameMaxMs=40.7
[rubber-banding][local-input] time=168.609 frame=1770 focused=1 host=0 room=19 world=5 authority=5 entity=2 windowMs=1028.2 updates=27 fixedCalls=51 commands=63 predictionSteps=63 noCommandUpdates=0 estimatedHostTick=9095 nextInputTick=9099 lastRecordedTick=9099 lastResolvedTick=9094 nextLead=4 recordedLead=4 unresolved=5 clamped=0 clampedTotal=175 batchesSent=1582 commandsSent=7457 sendFailures=0 move=(0.00,0.00) jump=0
[rubber-banding][remote-render] time=168.609 frame=1770 entity=1 latestHostTick=9094 buffer=8 windowMs=1028.2 fps=26.3 snapshots=31 arrivalSamples=31 arrivalAvgMs=33.2 arrivalP95Ms=41.2 arrivalMaxMs=41.9 sameArrival=4 tickGapMax=2 renderFrames=27 interpolation=27 extrapolation=0 extrapolationCapped=0 extrapolationMaxMs=0.0 oldestHeld=0 zeroSpan=3 movingFrozen=0 teleport=0 visualStepAvgCm=0.00 visualStepMaxCm=0.00 estimatedHostTick=9095 renderTick=9089.553 latestSnapshotTick=9094.000 renderMinusLatestTicks=-4.447 estimatedMinusLatestTicks=1.000 sampleT=0.777
[rubber-banding][remote-render] time=168.609 frame=1770 entity=3 latestHostTick=9094 buffer=8 windowMs=1028.2 fps=26.3 snapshots=31 arrivalSamples=31 arrivalAvgMs=33.2 arrivalP95Ms=41.2 arrivalMaxMs=41.9 sameArrival=4 tickGapMax=2 renderFrames=27 interpolation=27 extrapolation=0 extrapolationCapped=0 extrapolationMaxMs=0.0 oldestHeld=0 zeroSpan=3 movingFrozen=0 teleport=0 visualStepAvgCm=0.00 visualStepMaxCm=0.00 estimatedHostTick=9095 renderTick=9089.553 latestSnapshotTick=9094.000 renderMinusLatestTicks=-4.447 estimatedMinusLatestTicks=1.000 sampleT=0.777
[rubber-banding][remote-render] time=168.609 frame=1770 entity=4 latestHostTick=9094 buffer=8 windowMs=1028.2 fps=26.3 snapshots=31 arrivalSamples=31 arrivalAvgMs=33.2 arrivalP95Ms=41.2 arrivalMaxMs=41.9 sameArrival=4 tickGapMax=2 renderFrames=27 interpolation=27 extrapolation=0 extrapolationCapped=0 extrapolationMaxMs=0.0 oldestHeld=0 zeroSpan=3 movingFrozen=0 teleport=0 visualStepAvgCm=0.00 visualStepMaxCm=0.00 estimatedHostTick=9095 renderTick=9089.553 latestSnapshotTick=9094.000 renderMinusLatestTicks=-4.447 estimatedMinusLatestTicks=1.000 sampleT=0.777
[rubber-banding][udp-pump] time=169.029 frame=1781 focused=1 windowMs=1034.9 fps=26.1 packets=30 socketAvgMs=33.4 socketP95Ms=40.6 socketMaxMs=40.8 pumpAvgMs=33.3 pumpP95Ms=41.2 pumpMaxMs=41.9 queueDelayAvgMs=21.1 queueDelayP95Ms=37.2 queueDelayMaxMs=38.5 samePump=4 pumpBatchMax=3 queueDepthMax=3 frameMaxMs=41.9
[rubber-banding][local-input] time=169.644 frame=1797 focused=1 host=0 room=19 world=5 authority=5 entity=2 windowMs=1035.1 updates=27 fixedCalls=52 commands=61 predictionSteps=61 noCommandUpdates=0 estimatedHostTick=9156 nextInputTick=9160 lastRecordedTick=9160 lastResolvedTick=9156 nextLead=4 recordedLead=4 unresolved=4 clamped=0 clampedTotal=175 batchesSent=1609 commandsSent=7584 sendFailures=0 move=(0.00,0.00) jump=0
[rubber-banding][remote-render] time=169.644 frame=1797 entity=1 latestHostTick=9156 buffer=8 windowMs=1035.1 fps=26.1 snapshots=31 arrivalSamples=31 arrivalAvgMs=33.4 arrivalP95Ms=74.4 arrivalMaxMs=75.6 sameArrival=6 tickGapMax=2 renderFrames=27 interpolation=27 extrapolation=0 extrapolationCapped=0 extrapolationMaxMs=0.0 oldestHeld=0 zeroSpan=7 movingFrozen=0 teleport=0 visualStepAvgCm=0.00 visualStepMaxCm=0.00 estimatedHostTick=9156 renderTick=9151.657 latestSnapshotTick=9156.000 renderMinusLatestTicks=-4.343 estimatedMinusLatestTicks=0.000 sampleT=0.829
[rubber-banding][remote-render] time=169.644 frame=1797 entity=3 latestHostTick=9156 buffer=8 windowMs=1035.1 fps=26.1 snapshots=31 arrivalSamples=31 arrivalAvgMs=33.4 arrivalP95Ms=74.4 arrivalMaxMs=75.6 sameArrival=6 tickGapMax=2 renderFrames=27 interpolation=27 extrapolation=0 extrapolationCapped=0 extrapolationMaxMs=0.0 oldestHeld=0 zeroSpan=7 movingFrozen=0 teleport=0 visualStepAvgCm=0.00 visualStepMaxCm=0.00 estimatedHostTick=9156 renderTick=9151.657 latestSnapshotTick=9156.000 renderMinusLatestTicks=-4.343 estimatedMinusLatestTicks=0.000 sampleT=0.829
[rubber-banding][remote-render] time=169.644 frame=1797 entity=4 latestHostTick=9156 buffer=8 windowMs=1035.1 fps=26.1 snapshots=31 arrivalSamples=31 arrivalAvgMs=33.4 arrivalP95Ms=74.4 arrivalMaxMs=75.6 sameArrival=6 tickGapMax=2 renderFrames=27 interpolation=27 extrapolation=0 extrapolationCapped=0 extrapolationMaxMs=0.0 oldestHeld=0 zeroSpan=7 movingFrozen=0 teleport=0 visualStepAvgCm=0.00 visualStepMaxCm=0.00 estimatedHostTick=9156 renderTick=9151.657 latestSnapshotTick=9156.000 renderMinusLatestTicks=-4.343 estimatedMinusLatestTicks=0.000 sampleT=0.829
[rubber-banding][udp-pump] time=170.031 frame=1807 focused=1 windowMs=1001.4 fps=26.0 packets=30 socketAvgMs=34.1 socketP95Ms=41.6 socketMaxMs=42.9 pumpAvgMs=34.6 pumpP95Ms=74.4 pumpMaxMs=75.6 queueDelayAvgMs=12.4 queueDelayP95Ms=34.8 queueDelayMaxMs=38.6 samePump=5 pumpBatchMax=2 queueDepthMax=2 frameMaxMs=42.9
[rubber-banding][local-input] time=170.651 frame=1823 focused=1 host=0 room=19 world=5 authority=5 entity=2 windowMs=1006.4 updates=26 fixedCalls=50 commands=62 predictionSteps=62 noCommandUpdates=0 estimatedHostTick=9218 nextInputTick=9222 lastRecordedTick=9222 lastResolvedTick=9216 nextLead=4 recordedLead=4 unresolved=6 clamped=0 clampedTotal=175 batchesSent=1635 commandsSent=7735 sendFailures=0 move=(0.00,0.00) jump=0
[rubber-banding][remote-render] time=170.651 frame=1823 entity=1 latestHostTick=9216 buffer=8 windowMs=1006.4 fps=25.8 snapshots=30 arrivalSamples=30 arrivalAvgMs=33.5 arrivalP95Ms=41.2 arrivalMaxMs=42.9 sameArrival=4 tickGapMax=2 renderFrames=26 interpolation=26 extrapolation=0 extrapolationCapped=0 extrapolationMaxMs=0.0 oldestHeld=0 zeroSpan=3 movingFrozen=0 teleport=0 visualStepAvgCm=0.00 visualStepMaxCm=0.00 estimatedHostTick=9218 renderTick=9212.457 latestSnapshotTick=9216.000 renderMinusLatestTicks=-3.543 estimatedMinusLatestTicks=2.000 sampleT=0.229
[rubber-banding][remote-render] time=170.651 frame=1823 entity=3 latestHostTick=9216 buffer=8 windowMs=1006.4 fps=25.8 snapshots=30 arrivalSamples=30 arrivalAvgMs=33.5 arrivalP95Ms=41.2 arrivalMaxMs=42.9 sameArrival=4 tickGapMax=2 renderFrames=26 interpolation=26 extrapolation=0 extrapolationCapped=0 extrapolationMaxMs=0.0 oldestHeld=0 zeroSpan=3 movingFrozen=0 teleport=0 visualStepAvgCm=0.00 visualStepMaxCm=0.00 estimatedHostTick=9218 renderTick=9212.457 latestSnapshotTick=9216.000 renderMinusLatestTicks=-3.543 estimatedMinusLatestTicks=2.000 sampleT=0.229
[rubber-banding][remote-render] time=170.651 frame=1823 entity=4 latestHostTick=9216 buffer=8 windowMs=1006.4 fps=25.8 snapshots=30 arrivalSamples=30 arrivalAvgMs=33.5 arrivalP95Ms=41.2 arrivalMaxMs=42.9 sameArrival=4 tickGapMax=2 renderFrames=26 interpolation=26 extrapolation=0 extrapolationCapped=0 extrapolationMaxMs=0.0 oldestHeld=0 zeroSpan=3 movingFrozen=0 teleport=0 visualStepAvgCm=0.00 visualStepMaxCm=0.00 estimatedHostTick=9218 renderTick=9212.457 latestSnapshotTick=9216.000 renderMinusLatestTicks=-3.543 estimatedMinusLatestTicks=2.000 sampleT=0.229
[rubber-banding][udp-pump] time=171.067 frame=1834 focused=1 windowMs=1036.1 fps=26.1 packets=31 socketAvgMs=33.3 socketP95Ms=42.1 socketMaxMs=42.7 pumpAvgMs=33.4 pumpP95Ms=41.2 pumpMaxMs=41.2 queueDelayAvgMs=16.7 queueDelayP95Ms=21.4 queueDelayMaxMs=22.0 samePump=4 pumpBatchMax=2 queueDepthMax=2 frameMaxMs=41.2
[rubber-banding][local-input] time=171.655 frame=1849 focused=1 host=0 room=19 world=5 authority=5 entity=2 windowMs=1004.0 updates=26 fixedCalls=50 commands=60 predictionSteps=60 noCommandUpdates=0 estimatedHostTick=9278 nextInputTick=9282 lastRecordedTick=9282 lastResolvedTick=9274 nextLead=4 recordedLead=4 unresolved=8 clamped=0 clampedTotal=175 batchesSent=1661 commandsSent=7882 sendFailures=0 move=(0.00,0.00) jump=0
[rubber-banding][remote-render] time=171.655 frame=1849 entity=1 latestHostTick=9274 buffer=8 windowMs=1004.0 fps=25.9 snapshots=29 arrivalSamples=29 arrivalAvgMs=33.2 arrivalP95Ms=41.2 arrivalMaxMs=43.3 sameArrival=4 tickGapMax=2 renderFrames=26 interpolation=26 extrapolation=0 extrapolationCapped=0 extrapolationMaxMs=0.0 oldestHeld=0 zeroSpan=3 movingFrozen=0 teleport=0 visualStepAvgCm=0.00 visualStepMaxCm=0.00 estimatedHostTick=9278 renderTick=9272.694 latestSnapshotTick=9274.000 renderMinusLatestTicks=-1.306 estimatedMinusLatestTicks=4.000 sampleT=0.347
[rubber-banding][remote-render] time=171.655 frame=1849 entity=3 latestHostTick=9274 buffer=8 windowMs=1004.0 fps=25.9 snapshots=29 arrivalSamples=29 arrivalAvgMs=33.2 arrivalP95Ms=41.2 arrivalMaxMs=43.3 sameArrival=4 tickGapMax=2 renderFrames=26 interpolation=26 extrapolation=0 extrapolationCapped=0 extrapolationMaxMs=0.0 oldestHeld=0 zeroSpan=3 movingFrozen=0 teleport=0 visualStepAvgCm=0.00 visualStepMaxCm=0.00 estimatedHostTick=9278 renderTick=9272.694 latestSnapshotTick=9274.000 renderMinusLatestTicks=-1.306 estimatedMinusLatestTicks=4.000 sampleT=0.347
[rubber-banding][remote-render] time=171.655 frame=1849 entity=4 latestHostTick=9274 buffer=8 windowMs=1004.0 fps=25.9 snapshots=29 arrivalSamples=29 arrivalAvgMs=33.2 arrivalP95Ms=41.2 arrivalMaxMs=43.3 sameArrival=4 tickGapMax=2 renderFrames=26 interpolation=26 extrapolation=0 extrapolationCapped=0 extrapolationMaxMs=0.0 oldestHeld=0 zeroSpan=3 movingFrozen=0 teleport=0 visualStepAvgCm=0.00 visualStepMaxCm=0.00 estimatedHostTick=9278 renderTick=9272.694 latestSnapshotTick=9274.000 renderMinusLatestTicks=-1.306 estimatedMinusLatestTicks=4.000 sampleT=0.347
[rubber-banding][udp-pump] time=172.080 frame=1860 focused=1 windowMs=1013.7 fps=25.6 packets=31 socketAvgMs=33.2 socketP95Ms=42.3 socketMaxMs=46.2 pumpAvgMs=32.7 pumpP95Ms=78.8 pumpMaxMs=80.4 queueDelayAvgMs=23.3 queueDelayP95Ms=39.6 queueDelayMaxMs=40.6 samePump=7 pumpBatchMax=3 queueDepthMax=3 frameMaxMs=43.3
[rubber-banding][local-input] time=172.752 frame=1869 focused=1 host=0 room=19 world=5 authority=5 entity=2 windowMs=1097.1 updates=20 fixedCalls=55 commands=53 predictionSteps=53 noCommandUpdates=0 estimatedHostTick=9342 nextInputTick=9346 lastRecordedTick=9346 lastResolvedTick=9342 nextLead=4 recordedLead=4 unresolved=4 clamped=0 clampedTotal=175 batchesSent=1681 commandsSent=7965 sendFailures=0 move=(0.00,0.00) jump=0
[rubber-banding][remote-render] time=172.752 frame=1869 entity=1 latestHostTick=9342 buffer=8 windowMs=1097.1 fps=18.2 snapshots=34 arrivalSamples=34 arrivalAvgMs=33.4 arrivalP95Ms=114.6 arrivalMaxMs=120.0 sameArrival=16 tickGapMax=2 renderFrames=20 interpolation=20 extrapolation=0 extrapolationCapped=0 extrapolationMaxMs=0.0 oldestHeld=0 zeroSpan=10 movingFrozen=0 teleport=0 visualStepAvgCm=0.00 visualStepMaxCm=0.00 estimatedHostTick=9342 renderTick=9338.125 latestSnapshotTick=9342.000 renderMinusLatestTicks=-3.875 estimatedMinusLatestTicks=0.000 sampleT=0.062
[rubber-banding][remote-render] time=172.752 frame=1869 entity=3 latestHostTick=9342 buffer=8 windowMs=1097.1 fps=18.2 snapshots=34 arrivalSamples=34 arrivalAvgMs=33.4 arrivalP95Ms=114.6 arrivalMaxMs=120.0 sameArrival=16 tickGapMax=2 renderFrames=20 interpolation=20 extrapolation=0 extrapolationCapped=0 extrapolationMaxMs=0.0 oldestHeld=0 zeroSpan=10 movingFrozen=0 teleport=0 visualStepAvgCm=0.00 visualStepMaxCm=0.00 estimatedHostTick=9342 renderTick=9338.125 latestSnapshotTick=9342.000 renderMinusLatestTicks=-3.875 estimatedMinusLatestTicks=0.000 sampleT=0.062
[rubber-banding][remote-render] time=172.752 frame=1869 entity=4 latestHostTick=9342 buffer=8 windowMs=1097.1 fps=18.2 snapshots=34 arrivalSamples=34 arrivalAvgMs=33.4 arrivalP95Ms=114.6 arrivalMaxMs=120.0 sameArrival=16 tickGapMax=2 renderFrames=20 interpolation=20 extrapolation=0 extrapolationCapped=0 extrapolationMaxMs=0.0 oldestHeld=0 zeroSpan=10 movingFrozen=0 teleport=0 visualStepAvgCm=0.00 visualStepMaxCm=0.00 estimatedHostTick=9342 renderTick=9338.125 latestSnapshotTick=9342.000 renderMinusLatestTicks=-3.875 estimatedMinusLatestTicks=0.000 sampleT=0.062
[rubber-banding][udp-pump] time=173.124 frame=1872 focused=1 windowMs=1043.6 fps=11.5 packets=30 socketAvgMs=33.2 socketP95Ms=107.7 socketMaxMs=122.8 pumpAvgMs=34.8 pumpP95Ms=120.0 pumpMaxMs=135.0 queueDelayAvgMs=25.8 queueDelayP95Ms=53.7 queueDelayMaxMs=57.2 samePump=19 pumpBatchMax=4 queueDepthMax=4 frameMaxMs=135.0
[rubber-banding][local-input] time=173.798 frame=1878 focused=1 host=0 room=19 world=5 authority=5 entity=2 windowMs=1046.4 updates=9 fixedCalls=53 commands=36 predictionSteps=36 noCommandUpdates=0 estimatedHostTick=9407 nextInputTick=9414 lastRecordedTick=9414 lastResolvedTick=9402 nextLead=7 recordedLead=7 unresolved=5 clamped=0 clampedTotal=175 batchesSent=1690 commandsSent=8018 sendFailures=0 move=(0.00,0.00) jump=0
[rubber-banding][remote-render] time=173.798 frame=1878 entity=1 latestHostTick=9402 buffer=8 windowMs=1046.4 fps=8.6 snapshots=30 arrivalSamples=30 arrivalAvgMs=34.9 arrivalP95Ms=135.0 arrivalMaxMs=145.9 sameArrival=21 tickGapMax=2 renderFrames=9 interpolation=9 extrapolation=0 extrapolationCapped=0 extrapolationMaxMs=0.0 oldestHeld=0 zeroSpan=9 movingFrozen=0 teleport=0 visualStepAvgCm=0.00 visualStepMaxCm=0.00 estimatedHostTick=9407 renderTick=9401.763 latestSnapshotTick=9402.000 renderMinusLatestTicks=-0.237 estimatedMinusLatestTicks=5.000 sampleT=0.882
[rubber-banding][remote-render] time=173.798 frame=1878 entity=3 latestHostTick=9402 buffer=8 windowMs=1046.4 fps=8.6 snapshots=30 arrivalSamples=30 arrivalAvgMs=34.9 arrivalP95Ms=135.0 arrivalMaxMs=145.9 sameArrival=21 tickGapMax=2 renderFrames=9 interpolation=9 extrapolation=0 extrapolationCapped=0 extrapolationMaxMs=0.0 oldestHeld=0 zeroSpan=9 movingFrozen=0 teleport=0 visualStepAvgCm=0.00 visualStepMaxCm=0.00 estimatedHostTick=9407 renderTick=9401.763 latestSnapshotTick=9402.000 renderMinusLatestTicks=-0.237 estimatedMinusLatestTicks=5.000 sampleT=0.882
[rubber-banding][remote-render] time=173.798 frame=1878 entity=4 latestHostTick=9402 buffer=8 windowMs=1046.4 fps=8.6 snapshots=30 arrivalSamples=30 arrivalAvgMs=34.9 arrivalP95Ms=135.0 arrivalMaxMs=145.9 sameArrival=21 tickGapMax=2 renderFrames=9 interpolation=9 extrapolation=0 extrapolationCapped=0 extrapolationMaxMs=0.0 oldestHeld=0 zeroSpan=9 movingFrozen=0 teleport=0 visualStepAvgCm=5.52 visualStepMaxCm=37.51 estimatedHostTick=9407 renderTick=9401.763 latestSnapshotTick=9402.000 renderMinusLatestTicks=-0.237 estimatedMinusLatestTicks=5.000 sampleT=0.882
[rubber-banding][large-step] time=173.798 frame=1878 focused=1 entity=4 buffer=8 count=1 maxStepCm=37.51 horizontalCm=37.51 verticalCm=0.00 frameDeltaMs=145.9 renderTickDelta=8.755 fromTick=9400 toTick=9402 tickSpan=2 receivedSpanMs=0.0 t=0.882 renderOffsetMs=-3.9 sourceHorizontalCm=11.00 sourceVerticalCm=0.00 fromGrounded=1 toGrounded=1 velocity=(3.385, -2.333, 0.322) expectedTravelCm=60.17 teleport=0 previous=(3.989, 0.008, 0.248) rendered=(4.362, 0.008, 0.284)
[rubber-banding][udp-pump] time=174.151 frame=1881 focused=1 windowMs=1027.2 fps=8.8 packets=30 socketAvgMs=33.8 socketP95Ms=119.3 socketMaxMs=120.2 pumpAvgMs=34.2 pumpP95Ms=120.6 pumpMaxMs=145.9 queueDelayAvgMs=54.1 queueDelayP95Ms=73.0 queueDelayMaxMs=75.0 samePump=21 pumpBatchMax=4 queueDepthMax=4 frameMaxMs=145.9
[rubber-banding][local-input] time=174.840 frame=1887 focused=1 host=0 room=19 world=5 authority=5 entity=2 windowMs=1041.9 updates=9 fixedCalls=52 commands=36 predictionSteps=36 noCommandUpdates=0 estimatedHostTick=9467 nextInputTick=9473 lastRecordedTick=9473 lastResolvedTick=9464 nextLead=6 recordedLead=6 unresolved=5 clamped=0 clampedTotal=175 batchesSent=1699 commandsSent=8064 sendFailures=0 move=(0.00,0.00) jump=0
[rubber-banding][remote-render] time=174.840 frame=1887 entity=1 latestHostTick=9464 buffer=8 windowMs=1041.9 fps=8.6 snapshots=31 arrivalSamples=31 arrivalAvgMs=33.6 arrivalP95Ms=121.8 arrivalMaxMs=130.9 sameArrival=22 tickGapMax=2 renderFrames=9 interpolation=6 extrapolation=3 extrapolationCapped=0 extrapolationMaxMs=11.0 oldestHeld=0 zeroSpan=9 movingFrozen=0 teleport=0 visualStepAvgCm=0.00 visualStepMaxCm=0.00 estimatedHostTick=9467 renderTick=9463.200 latestSnapshotTick=9464.000 renderMinusLatestTicks=-0.800 estimatedMinusLatestTicks=3.000 sampleT=0.600
[rubber-banding][remote-render] time=174.840 frame=1887 entity=3 latestHostTick=9464 buffer=8 windowMs=1041.9 fps=8.6 snapshots=31 arrivalSamples=31 arrivalAvgMs=33.6 arrivalP95Ms=121.8 arrivalMaxMs=130.9 sameArrival=22 tickGapMax=2 renderFrames=9 interpolation=6 extrapolation=3 extrapolationCapped=0 extrapolationMaxMs=11.0 oldestHeld=0 zeroSpan=9 movingFrozen=0 teleport=0 visualStepAvgCm=0.00 visualStepMaxCm=0.00 estimatedHostTick=9467 renderTick=9463.200 latestSnapshotTick=9464.000 renderMinusLatestTicks=-0.800 estimatedMinusLatestTicks=3.000 sampleT=0.600
[rubber-banding][remote-render] time=174.840 frame=1887 entity=4 latestHostTick=9464 buffer=8 windowMs=1041.9 fps=8.6 snapshots=31 arrivalSamples=31 arrivalAvgMs=33.6 arrivalP95Ms=121.8 arrivalMaxMs=130.9 sameArrival=22 tickGapMax=2 renderFrames=9 interpolation=6 extrapolation=3 extrapolationCapped=0 extrapolationMaxMs=11.0 oldestHeld=0 zeroSpan=9 movingFrozen=0 teleport=0 visualStepAvgCm=46.83 visualStepMaxCm=63.35 estimatedHostTick=9467 renderTick=9463.200 latestSnapshotTick=9464.000 renderMinusLatestTicks=-0.800 estimatedMinusLatestTicks=3.000 sampleT=0.600
[rubber-banding][large-step] time=174.840 frame=1887 focused=1 entity=4 buffer=8 count=9 maxStepCm=63.35 horizontalCm=27.47 verticalCm=57.09 frameDeltaMs=121.8 renderTickDelta=7.063 fromTick=9450 toTick=9452 tickSpan=2 receivedSpanMs=0.0 t=0.132 renderOffsetMs=-28.9 sourceHorizontalCm=11.28 sourceVerticalCm=11.43 fromGrounded=0 toGrounded=0 velocity=(-2.497, 3.262, 3.125) expectedTravelCm=62.85 teleport=0 previous=(3.795, 0.237, -0.360) rendered=(3.798, 0.808, -0.085)
[rubber-banding][jump-step] time=174.840 frame=1887 focused=1 entity=4 buffer=8 count=3 maxVerticalCm=57.09 horizontalCm=27.47 verticalCm=57.09 frameDeltaMs=121.8 renderTickDelta=7.063 fromTick=9450 toTick=9452 tickSpan=2 receivedSpanMs=0.0 t=0.132 renderOffsetMs=-28.9 sourceHorizontalCm=11.28 sourceVerticalCm=11.43 fromGrounded=0 toGrounded=0 velocity=(-2.497, 3.262, 3.125) expectedTravelCm=62.85 teleport=0 previous=(3.795, 0.237, -0.360) rendered=(3.798, 0.808, -0.085)
[rubber-banding][udp-pump] time=175.192 frame=1890 focused=1 windowMs=1040.6 fps=8.6 packets=32 socketAvgMs=32.5 socketP95Ms=122.1 socketMaxMs=124.4 pumpAvgMs=32.5 pumpP95Ms=130.9 pumpMaxMs=140.3 queueDelayAvgMs=67.1 queueDelayP95Ms=76.8 queueDelayMaxMs=76.8 samePump=23 pumpBatchMax=4 queueDepthMax=5 frameMaxMs=140.3
[rubber-banding][local-input] time=175.864 frame=1896 focused=1 host=0 room=19 world=5 authority=5 entity=2 windowMs=1024.1 updates=9 fixedCalls=51 commands=36 predictionSteps=36 noCommandUpdates=0 estimatedHostTick=9530 nextInputTick=9537 lastRecordedTick=9537 lastResolvedTick=9526 nextLead=7 recordedLead=7 unresolved=7 clamped=0 clampedTotal=175 batchesSent=1708 commandsSent=8114 sendFailures=0 move=(0.00,0.00) jump=0
[rubber-banding][remote-render] time=175.864 frame=1896 entity=1 latestHostTick=9526 buffer=8 windowMs=1024.1 fps=8.8 snapshots=31 arrivalSamples=31 arrivalAvgMs=33.0 arrivalP95Ms=131.5 arrivalMaxMs=140.3 sameArrival=22 tickGapMax=2 renderFrames=9 interpolation=9 extrapolation=0 extrapolationCapped=0 extrapolationMaxMs=0.0 oldestHeld=0 zeroSpan=9 movingFrozen=0 teleport=0 visualStepAvgCm=0.00 visualStepMaxCm=0.00 estimatedHostTick=9530 renderTick=9524.644 latestSnapshotTick=9526.000 renderMinusLatestTicks=-1.356 estimatedMinusLatestTicks=4.000 sampleT=0.322
[rubber-banding][remote-render] time=175.864 frame=1896 entity=3 latestHostTick=9526 buffer=8 windowMs=1024.1 fps=8.8 snapshots=31 arrivalSamples=31 arrivalAvgMs=33.0 arrivalP95Ms=131.5 arrivalMaxMs=140.3 sameArrival=22 tickGapMax=2 renderFrames=9 interpolation=9 extrapolation=0 extrapolationCapped=0 extrapolationMaxMs=0.0 oldestHeld=0 zeroSpan=9 movingFrozen=0 teleport=0 visualStepAvgCm=0.00 visualStepMaxCm=0.00 estimatedHostTick=9530 renderTick=9524.644 latestSnapshotTick=9526.000 renderMinusLatestTicks=-1.356 estimatedMinusLatestTicks=4.000 sampleT=0.322
[rubber-banding][remote-render] time=175.864 frame=1896 entity=4 latestHostTick=9526 buffer=8 windowMs=1024.1 fps=8.8 snapshots=31 arrivalSamples=31 arrivalAvgMs=33.0 arrivalP95Ms=131.5 arrivalMaxMs=140.3 sameArrival=22 tickGapMax=2 renderFrames=9 interpolation=9 extrapolation=0 extrapolationCapped=0 extrapolationMaxMs=0.0 oldestHeld=0 zeroSpan=9 movingFrozen=0 teleport=0 visualStepAvgCm=53.08 visualStepMaxCm=83.10 estimatedHostTick=9530 renderTick=9524.644 latestSnapshotTick=9526.000 renderMinusLatestTicks=-1.356 estimatedMinusLatestTicks=4.000 sampleT=0.322
[rubber-banding][large-step] time=175.864 frame=1896 focused=1 entity=4 buffer=8 count=8 maxStepCm=83.10 horizontalCm=48.47 verticalCm=67.50 frameDeltaMs=126.9 renderTickDelta=7.616 fromTick=9498 toTick=9500 tickSpan=2 receivedSpanMs=0.0 t=0.317 renderOffsetMs=-22.8 sourceHorizontalCm=9.05 sourceVerticalCm=8.85 fromGrounded=0 toGrounded=0 velocity=(0.378, 0.928, -3.969) expectedTravelCm=51.96 teleport=0 previous=(2.772, 0.796, 0.917) rendered=(2.809, 1.471, 0.433)
[rubber-banding][jump-step] time=175.864 frame=1896 focused=1 entity=4 buffer=8 count=8 maxVerticalCm=67.50 horizontalCm=48.47 verticalCm=67.50 frameDeltaMs=126.9 renderTickDelta=7.616 fromTick=9498 toTick=9500 tickSpan=2 receivedSpanMs=0.0 t=0.317 renderOffsetMs=-22.8 sourceHorizontalCm=9.05 sourceVerticalCm=8.85 fromGrounded=0 toGrounded=0 velocity=(0.378, 0.928, -3.969) expectedTravelCm=51.96 teleport=0 previous=(2.772, 0.796, 0.917) rendered=(2.809, 1.471, 0.433)
[rubber-banding][udp-pump] time=176.210 frame=1899 focused=1 windowMs=1017.8 fps=8.8 packets=30 socketAvgMs=33.4 socketP95Ms=122.0 socketMaxMs=122.0 pumpAvgMs=33.9 pumpP95Ms=126.9 pumpMaxMs=131.5 queueDelayAvgMs=60.0 queueDelayP95Ms=78.7 queueDelayMaxMs=81.2 samePump=21 pumpBatchMax=4 queueDepthMax=4 frameMaxMs=131.6
[rubber-banding][local-input] time=176.962 frame=1905 focused=1 host=0 room=19 world=5 authority=5 entity=2 windowMs=1097.6 updates=9 fixedCalls=55 commands=36 predictionSteps=36 noCommandUpdates=0 estimatedHostTick=9595 nextInputTick=9601 lastRecordedTick=9601 lastResolvedTick=9590 nextLead=6 recordedLead=6 unresolved=5 clamped=0 clampedTotal=175 batchesSent=1717 commandsSent=8161 sendFailures=0 move=(0.00,0.00) jump=0
[rubber-banding][remote-render] time=176.962 frame=1905 entity=1 latestHostTick=9590 buffer=8 windowMs=1097.6 fps=8.2 snapshots=32 arrivalSamples=32 arrivalAvgMs=34.3 arrivalP95Ms=135.9 arrivalMaxMs=137.6 sameArrival=23 tickGapMax=2 renderFrames=9 interpolation=3 extrapolation=6 extrapolationCapped=0 extrapolationMaxMs=27.9 oldestHeld=0 zeroSpan=9 movingFrozen=0 teleport=0 visualStepAvgCm=0.00 visualStepMaxCm=0.00 estimatedHostTick=9595 renderTick=9590.499 latestSnapshotTick=9590.000 renderMinusLatestTicks=0.499 estimatedMinusLatestTicks=5.000 sampleT=1.250
[rubber-banding][remote-render] time=176.962 frame=1905 entity=3 latestHostTick=9590 buffer=8 windowMs=1097.6 fps=8.2 snapshots=32 arrivalSamples=32 arrivalAvgMs=34.3 arrivalP95Ms=135.9 arrivalMaxMs=137.6 sameArrival=23 tickGapMax=2 renderFrames=9 interpolation=3 extrapolation=6 extrapolationCapped=0 extrapolationMaxMs=27.9 oldestHeld=0 zeroSpan=9 movingFrozen=0 teleport=0 visualStepAvgCm=0.00 visualStepMaxCm=0.00 estimatedHostTick=9595 renderTick=9590.499 latestSnapshotTick=9590.000 renderMinusLatestTicks=0.499 estimatedMinusLatestTicks=5.000 sampleT=1.250
[rubber-banding][remote-render] time=176.962 frame=1905 entity=4 latestHostTick=9590 buffer=8 windowMs=1097.6 fps=8.2 snapshots=32 arrivalSamples=32 arrivalAvgMs=34.3 arrivalP95Ms=135.9 arrivalMaxMs=137.6 sameArrival=23 tickGapMax=2 renderFrames=9 interpolation=3 extrapolation=6 extrapolationCapped=0 extrapolationMaxMs=27.9 oldestHeld=0 zeroSpan=9 movingFrozen=0 teleport=0 visualStepAvgCm=59.98 visualStepMaxCm=85.51 estimatedHostTick=9595 renderTick=9590.499 latestSnapshotTick=9590.000 renderMinusLatestTicks=0.499 estimatedMinusLatestTicks=5.000 sampleT=1.250
[rubber-banding][large-step] time=176.962 frame=1905 focused=1 entity=4 buffer=8 count=9 maxStepCm=85.51 horizontalCm=50.16 verticalCm=69.26 frameDeltaMs=125.8 renderTickDelta=7.549 fromTick=9588 toTick=9590 tickSpan=2 receivedSpanMs=0.0 t=1.250 renderOffsetMs=8.3 sourceHorizontalCm=13.29 sourceVerticalCm=20.79 fromGrounded=0 toGrounded=0 velocity=(-0.378, -6.405, 3.969) expectedTravelCm=94.93 teleport=0 previous=(1.950, 0.711, 1.954) rendered=(1.903, 0.018, 2.453)
[rubber-banding][jump-step] time=176.962 frame=1905 focused=1 entity=4 buffer=8 count=6 maxVerticalCm=69.26 horizontalCm=50.16 verticalCm=69.26 frameDeltaMs=125.8 renderTickDelta=7.549 fromTick=9588 toTick=9590 tickSpan=2 receivedSpanMs=0.0 t=1.250 renderOffsetMs=8.3 sourceHorizontalCm=13.29 sourceVerticalCm=20.79 fromGrounded=0 toGrounded=0 velocity=(-0.378, -6.405, 3.969) expectedTravelCm=94.93 teleport=0 previous=(1.950, 0.711, 1.954) rendered=(1.903, 0.018, 2.453)
[rubber-banding][udp-pump] time=177.336 frame=1908 focused=1 windowMs=1126.4 fps=8.0 packets=36 socketAvgMs=33.2 socketP95Ms=124.3 socketMaxMs=125.3 pumpAvgMs=31.3 pumpP95Ms=135.9 pumpMaxMs=137.6 queueDelayAvgMs=89.4 queueDelayP95Ms=124.0 queueDelayMaxMs=132.2 samePump=27 pumpBatchMax=6 queueDepthMax=6 frameMaxMs=137.6
[rubber-banding][local-input] time=178.047 frame=1914 focused=1 host=0 room=19 world=5 authority=5 entity=2 windowMs=1085.6 updates=9 fixedCalls=54 commands=34 predictionSteps=34 noCommandUpdates=0 estimatedHostTick=9658 nextInputTick=9664 lastRecordedTick=9664 lastResolvedTick=9660 nextLead=6 recordedLead=6 unresolved=4 clamped=0 clampedTotal=175 batchesSent=1726 commandsSent=8200 sendFailures=0 move=(0.00,0.00) jump=0
[rubber-banding][remote-render] time=178.047 frame=1914 entity=1 latestHostTick=9660 buffer=8 windowMs=1085.6 fps=8.3 snapshots=35 arrivalSamples=35 arrivalAvgMs=31.0 arrivalP95Ms=133.3 arrivalMaxMs=217.2 sameArrival=27 tickGapMax=2 renderFrames=9 interpolation=7 extrapolation=2 extrapolationCapped=0 extrapolationMaxMs=27.7 oldestHeld=0 zeroSpan=7 movingFrozen=0 teleport=0 visualStepAvgCm=0.00 visualStepMaxCm=0.00 estimatedHostTick=9658 renderTick=9654.009 latestSnapshotTick=9660.000 renderMinusLatestTicks=-5.991 estimatedMinusLatestTicks=-2.000 sampleT=0.005
[rubber-banding][remote-render] time=178.047 frame=1914 entity=3 latestHostTick=9660 buffer=8 windowMs=1085.6 fps=8.3 snapshots=35 arrivalSamples=35 arrivalAvgMs=31.0 arrivalP95Ms=133.3 arrivalMaxMs=217.2 sameArrival=27 tickGapMax=2 renderFrames=9 interpolation=7 extrapolation=2 extrapolationCapped=0 extrapolationMaxMs=27.7 oldestHeld=0 zeroSpan=7 movingFrozen=0 teleport=0 visualStepAvgCm=0.00 visualStepMaxCm=0.00 estimatedHostTick=9658 renderTick=9654.009 latestSnapshotTick=9660.000 renderMinusLatestTicks=-5.991 estimatedMinusLatestTicks=-2.000 sampleT=0.005
[rubber-banding][remote-render] time=178.047 frame=1914 entity=4 latestHostTick=9660 buffer=8 windowMs=1085.6 fps=8.3 snapshots=35 arrivalSamples=35 arrivalAvgMs=31.0 arrivalP95Ms=133.3 arrivalMaxMs=217.2 sameArrival=27 tickGapMax=2 renderFrames=9 interpolation=7 extrapolation=2 extrapolationCapped=0 extrapolationMaxMs=27.7 oldestHeld=0 zeroSpan=7 movingFrozen=0 teleport=0 visualStepAvgCm=56.60 visualStepMaxCm=83.84 estimatedHostTick=9658 renderTick=9654.009 latestSnapshotTick=9660.000 renderMinusLatestTicks=-5.991 estimatedMinusLatestTicks=-2.000 sampleT=0.005
[rubber-banding][large-step] time=178.047 frame=1914 focused=1 entity=4 buffer=8 count=9 maxStepCm=83.84 horizontalCm=51.97 verticalCm=65.79 frameDeltaMs=130.2 renderTickDelta=7.809 fromTick=9654 toTick=9656 tickSpan=2 receivedSpanMs=0.0 t=0.005 renderOffsetMs=-33.2 sourceHorizontalCm=13.31 sourceVerticalCm=11.43 fromGrounded=0 toGrounded=0 velocity=(0.441, 3.262, -3.969) expectedTravelCm=67.11 teleport=0 previous=(-1.056, 0.140, 3.716) rendered=(-0.999, 0.798, 3.200)
[rubber-banding][jump-step] time=178.047 frame=1914 focused=1 entity=4 buffer=8 count=7 maxVerticalCm=65.79 horizontalCm=51.97 verticalCm=65.79 frameDeltaMs=130.2 renderTickDelta=7.809 fromTick=9654 toTick=9656 tickSpan=2 receivedSpanMs=0.0 t=0.005 renderOffsetMs=-33.2 sourceHorizontalCm=13.31 sourceVerticalCm=11.43 fromGrounded=0 toGrounded=0 velocity=(0.441, 3.262, -3.969) expectedTravelCm=67.11 teleport=0 previous=(-1.056, 0.140, 3.716) rendered=(-0.999, 0.798, 3.200)
[rubber-banding][udp-pump] time=178.383 frame=1917 focused=1 windowMs=1046.6 fps=8.6 packets=31 socketAvgMs=33.8 socketP95Ms=119.1 socketMaxMs=119.4 pumpAvgMs=33.8 pumpP95Ms=130.2 pumpMaxMs=217.2 queueDelayAvgMs=31.1 queueDelayP95Ms=119.2 queueDelayMaxMs=123.2 samePump=23 pumpBatchMax=7 queueDepthMax=7 frameMaxMs=130.2
[rubber-banding][local-input] time=179.083 frame=1923 focused=1 host=0 room=19 world=5 authority=5 entity=2 windowMs=1035.6 updates=9 fixedCalls=52 commands=36 predictionSteps=36 noCommandUpdates=0 estimatedHostTick=9725 nextInputTick=9731 lastRecordedTick=9731 lastResolvedTick=9720 nextLead=6 recordedLead=6 unresolved=5 clamped=0 clampedTotal=175 batchesSent=1735 commandsSent=8244 sendFailures=0 move=(0.00,0.00) jump=0
[rubber-banding][remote-render] time=179.083 frame=1923 entity=1 latestHostTick=9720 buffer=8 windowMs=1035.6 fps=8.7 snapshots=30 arrivalSamples=30 arrivalAvgMs=34.5 arrivalP95Ms=121.2 arrivalMaxMs=132.3 sameArrival=21 tickGapMax=2 renderFrames=9 interpolation=9 extrapolation=0 extrapolationCapped=0 extrapolationMaxMs=0.0 oldestHeld=0 zeroSpan=5 movingFrozen=0 teleport=0 visualStepAvgCm=0.00 visualStepMaxCm=0.00 estimatedHostTick=9725 renderTick=9718.216 latestSnapshotTick=9720.000 renderMinusLatestTicks=-1.784 estimatedMinusLatestTicks=5.000 sampleT=0.108
[rubber-banding][remote-render] time=179.083 frame=1923 entity=3 latestHostTick=9720 buffer=8 windowMs=1035.6 fps=8.7 snapshots=30 arrivalSamples=30 arrivalAvgMs=34.5 arrivalP95Ms=121.2 arrivalMaxMs=132.3 sameArrival=21 tickGapMax=2 renderFrames=9 interpolation=9 extrapolation=0 extrapolationCapped=0 extrapolationMaxMs=0.0 oldestHeld=0 zeroSpan=5 movingFrozen=0 teleport=0 visualStepAvgCm=0.00 visualStepMaxCm=0.00 estimatedHostTick=9725 renderTick=9718.216 latestSnapshotTick=9720.000 renderMinusLatestTicks=-1.784 estimatedMinusLatestTicks=5.000 sampleT=0.108
[rubber-banding][remote-render] time=179.083 frame=1923 entity=4 latestHostTick=9720 buffer=8 windowMs=1035.6 fps=8.7 snapshots=30 arrivalSamples=30 arrivalAvgMs=34.5 arrivalP95Ms=121.2 arrivalMaxMs=132.3 sameArrival=21 tickGapMax=2 renderFrames=9 interpolation=9 extrapolation=0 extrapolationCapped=0 extrapolationMaxMs=0.0 oldestHeld=0 zeroSpan=5 movingFrozen=0 teleport=0 visualStepAvgCm=58.32 visualStepMaxCm=83.37 estimatedHostTick=9725 renderTick=9718.216 latestSnapshotTick=9720.000 renderMinusLatestTicks=-1.784 estimatedMinusLatestTicks=5.000 sampleT=0.108
[rubber-banding][large-step] time=179.083 frame=1923 focused=1 entity=4 buffer=8 count=9 maxStepCm=83.37 horizontalCm=54.57 verticalCm=63.02 frameDeltaMs=132.3 renderTickDelta=8.200 fromTick=9702 toTick=9704 tickSpan=2 receivedSpanMs=0.0 t=0.781 renderOffsetMs=-7.3 sourceHorizontalCm=13.31 sourceVerticalCm=11.43 fromGrounded=0 toGrounded=0 velocity=(-0.441, 3.262, 3.969) expectedTravelCm=68.19 teleport=0 previous=(-0.312, 0.256, 1.903) rendered=(-0.373, 0.886, 2.445)
[rubber-banding][jump-step] time=179.083 frame=1923 focused=1 entity=4 buffer=8 count=7 maxVerticalCm=63.92 horizontalCm=47.49 verticalCm=63.92 frameDeltaMs=115.1 renderTickDelta=7.136 fromTick=9710 toTick=9712 tickSpan=2 receivedSpanMs=0.0 t=0.349 renderOffsetMs=-21.7 sourceHorizontalCm=13.31 sourceVerticalCm=2.54 fromGrounded=0 toGrounded=0 velocity=(-0.441, 0.595, 3.969) expectedTravelCm=46.46 teleport=0 previous=(-0.373, 0.886, 2.445) rendered=(-0.425, 1.526, 2.917)
[rubber-banding][udp-pump] time=179.425 frame=1926 focused=1 windowMs=1042.2 fps=8.6 packets=31 socketAvgMs=33.6 socketP95Ms=117.9 socketMaxMs=122.1 pumpAvgMs=33.6 pumpP95Ms=124.5 pumpMaxMs=132.3 queueDelayAvgMs=22.2 queueDelayP95Ms=38.2 queueDelayMaxMs=40.7 samePump=22 pumpBatchMax=4 queueDepthMax=5 frameMaxMs=132.3
[rubber-banding][local-input] time=180.140 frame=1932 focused=1 host=0 room=19 world=5 authority=5 entity=2 windowMs=1057.0 updates=9 fixedCalls=53 commands=36 predictionSteps=36 noCommandUpdates=0 estimatedHostTick=9788 nextInputTick=9794 lastRecordedTick=9794 lastResolvedTick=9782 nextLead=6 recordedLead=6 unresolved=5 clamped=0 clampedTotal=175 batchesSent=1744 commandsSent=8289 sendFailures=0 move=(0.00,0.00) jump=0
[rubber-banding][remote-render] time=180.140 frame=1932 entity=1 latestHostTick=9782 buffer=8 windowMs=1057.0 fps=8.5 snapshots=31 arrivalSamples=31 arrivalAvgMs=34.1 arrivalP95Ms=129.6 arrivalMaxMs=130.0 sameArrival=22 tickGapMax=2 renderFrames=9 interpolation=8 extrapolation=1 extrapolationCapped=0 extrapolationMaxMs=3.8 oldestHeld=0 zeroSpan=9 movingFrozen=0 teleport=0 visualStepAvgCm=0.00 visualStepMaxCm=0.00 estimatedHostTick=9788 renderTick=9782.229 latestSnapshotTick=9782.000 renderMinusLatestTicks=0.229 estimatedMinusLatestTicks=6.000 sampleT=1.114
[rubber-banding][remote-render] time=180.140 frame=1932 entity=3 latestHostTick=9782 buffer=8 windowMs=1057.0 fps=8.5 snapshots=31 arrivalSamples=31 arrivalAvgMs=34.1 arrivalP95Ms=129.6 arrivalMaxMs=130.0 sameArrival=22 tickGapMax=2 renderFrames=9 interpolation=8 extrapolation=1 extrapolationCapped=0 extrapolationMaxMs=3.8 oldestHeld=0 zeroSpan=9 movingFrozen=0 teleport=0 visualStepAvgCm=0.00 visualStepMaxCm=0.00 estimatedHostTick=9788 renderTick=9782.229 latestSnapshotTick=9782.000 renderMinusLatestTicks=0.229 estimatedMinusLatestTicks=6.000 sampleT=1.114
[rubber-banding][remote-render] time=180.140 frame=1932 entity=4 latestHostTick=9782 buffer=8 windowMs=1057.0 fps=8.5 snapshots=31 arrivalSamples=31 arrivalAvgMs=34.1 arrivalP95Ms=129.6 arrivalMaxMs=130.0 sameArrival=22 tickGapMax=2 renderFrames=9 interpolation=8 extrapolation=1 extrapolationCapped=0 extrapolationMaxMs=3.8 oldestHeld=0 zeroSpan=9 movingFrozen=0 teleport=0 visualStepAvgCm=60.58 visualStepMaxCm=84.91 estimatedHostTick=9788 renderTick=9782.229 latestSnapshotTick=9782.000 renderMinusLatestTicks=0.229 estimatedMinusLatestTicks=6.000 sampleT=1.114
[rubber-banding][large-step] time=180.140 frame=1932 focused=1 entity=4 buffer=8 count=9 maxStepCm=84.91 horizontalCm=51.35 verticalCm=67.62 frameDeltaMs=124.5 renderTickDelta=7.716 fromTick=9732 toTick=9734 tickSpan=2 receivedSpanMs=0.0 t=0.458 renderOffsetMs=-18.1 sourceHorizontalCm=13.31 sourceVerticalCm=21.91 fromGrounded=0 toGrounded=0 velocity=(-0.441, -6.738, 3.969) expectedTravelCm=97.48 teleport=0 previous=(-0.532, 1.150, 3.876) rendered=(-0.588, 0.474, 4.387)
[rubber-banding][jump-step] time=180.140 frame=1932 focused=1 entity=4 buffer=8 count=8 maxVerticalCm=67.62 horizontalCm=51.35 verticalCm=67.62 frameDeltaMs=124.5 renderTickDelta=7.716 fromTick=9732 toTick=9734 tickSpan=2 receivedSpanMs=0.0 t=0.458 renderOffsetMs=-18.1 sourceHorizontalCm=13.31 sourceVerticalCm=21.91 fromGrounded=0 toGrounded=0 velocity=(-0.441, -6.738, 3.969) expectedTravelCm=97.48 teleport=0 previous=(-0.532, 1.150, 3.876) rendered=(-0.588, 0.474, 4.387)
[rubber-banding][udp-pump] time=180.487 frame=1935 focused=1 windowMs=1062.1 fps=8.5 packets=30 socketAvgMs=33.4 socketP95Ms=113.0 socketMaxMs=113.4 pumpAvgMs=35.4 pumpP95Ms=129.6 pumpMaxMs=130.0 queueDelayAvgMs=43.4 queueDelayP95Ms=74.1 queueDelayMaxMs=76.1 samePump=21 pumpBatchMax=4 queueDepthMax=5 frameMaxMs=130.0
[rubber-banding][local-input] time=181.193 frame=1941 focused=1 host=0 room=19 world=5 authority=5 entity=2 windowMs=1052.7 updates=9 fixedCalls=52 commands=36 predictionSteps=36 noCommandUpdates=0 estimatedHostTick=9850 nextInputTick=9856 lastRecordedTick=9856 lastResolvedTick=9844 nextLead=6 recordedLead=6 unresolved=6 clamped=0 clampedTotal=175 batchesSent=1753 commandsSent=8336 sendFailures=0 move=(0.00,0.00) jump=0
[rubber-banding][remote-render] time=181.193 frame=1941 entity=1 latestHostTick=9844 buffer=8 windowMs=1052.7 fps=8.5 snapshots=31 arrivalSamples=31 arrivalAvgMs=34.0 arrivalP95Ms=125.2 arrivalMaxMs=125.8 sameArrival=22 tickGapMax=2 renderFrames=9 interpolation=2 extrapolation=7 extrapolationCapped=0 extrapolationMaxMs=21.9 oldestHeld=0 zeroSpan=9 movingFrozen=0 teleport=0 visualStepAvgCm=0.00 visualStepMaxCm=0.00 estimatedHostTick=9850 renderTick=9845.275 latestSnapshotTick=9844.000 renderMinusLatestTicks=1.275 estimatedMinusLatestTicks=6.000 sampleT=1.637
[rubber-banding][remote-render] time=181.193 frame=1941 entity=3 latestHostTick=9844 buffer=8 windowMs=1052.7 fps=8.5 snapshots=31 arrivalSamples=31 arrivalAvgMs=34.0 arrivalP95Ms=125.2 arrivalMaxMs=125.8 sameArrival=22 tickGapMax=2 renderFrames=9 interpolation=2 extrapolation=7 extrapolationCapped=0 extrapolationMaxMs=21.9 oldestHeld=0 zeroSpan=9 movingFrozen=0 teleport=0 visualStepAvgCm=0.00 visualStepMaxCm=0.00 estimatedHostTick=9850 renderTick=9845.275 latestSnapshotTick=9844.000 renderMinusLatestTicks=1.275 estimatedMinusLatestTicks=6.000 sampleT=1.637
[rubber-banding][remote-render] time=181.193 frame=1941 entity=4 latestHostTick=9844 buffer=8 windowMs=1052.7 fps=8.5 snapshots=31 arrivalSamples=31 arrivalAvgMs=34.0 arrivalP95Ms=125.2 arrivalMaxMs=125.8 sameArrival=22 tickGapMax=2 renderFrames=9 interpolation=2 extrapolation=7 extrapolationCapped=0 extrapolationMaxMs=21.9 oldestHeld=0 zeroSpan=9 movingFrozen=0 teleport=0 visualStepAvgCm=57.65 visualStepMaxCm=81.43 estimatedHostTick=9850 renderTick=9845.275 latestSnapshotTick=9844.000 renderMinusLatestTicks=1.275 estimatedMinusLatestTicks=6.000 sampleT=1.637
[rubber-banding][large-step] time=181.193 frame=1941 focused=1 entity=4 buffer=8 count=9 maxStepCm=81.43 horizontalCm=46.72 verticalCm=66.70 frameDeltaMs=117.2 renderTickDelta=7.031 fromTick=9842 toTick=9844 tickSpan=2 receivedSpanMs=0.0 t=1.637 renderOffsetMs=21.2 sourceHorizontalCm=13.31 sourceVerticalCm=20.56 fromGrounded=0 toGrounded=0 velocity=(-3.803, -6.333, -1.216) expectedTravelCm=87.74 teleport=0 previous=(-0.731, 1.048, 3.342) rendered=(-1.185, 0.381, 3.228)
[rubber-banding][jump-step] time=181.193 frame=1941 focused=1 entity=4 buffer=8 count=7 maxVerticalCm=66.70 horizontalCm=46.72 verticalCm=66.70 frameDeltaMs=117.2 renderTickDelta=7.031 fromTick=9842 toTick=9844 tickSpan=2 receivedSpanMs=0.0 t=1.637 renderOffsetMs=21.2 sourceHorizontalCm=13.31 sourceVerticalCm=20.56 fromGrounded=0 toGrounded=0 velocity=(-3.803, -6.333, -1.216) expectedTravelCm=87.74 teleport=0 previous=(-0.731, 1.048, 3.342) rendered=(-1.185, 0.381, 3.228)
[rubber-banding][udp-pump] time=181.496 frame=1944 focused=1 windowMs=1009.5 fps=8.9 packets=31 socketAvgMs=32.8 socketP95Ms=127.0 socketMaxMs=129.4 pumpAvgMs=32.6 pumpP95Ms=118.6 pumpMaxMs=125.2 queueDelayAvgMs=74.4 queueDelayP95Ms=88.5 queueDelayMaxMs=89.1 samePump=22 pumpBatchMax=4 queueDepthMax=4 frameMaxMs=125.2
[rubber-banding][local-input] time=182.262 frame=1951 focused=1 host=0 room=19 world=5 authority=5 entity=2 windowMs=1069.1 updates=10 fixedCalls=54 commands=40 predictionSteps=40 noCommandUpdates=0 estimatedHostTick=9912 nextInputTick=9918 lastRecordedTick=9918 lastResolvedTick=9906 nextLead=6 recordedLead=6 unresolved=8 clamped=0 clampedTotal=175 batchesSent=1763 commandsSent=8392 sendFailures=0 move=(0.00,0.00) jump=0
[rubber-banding][remote-render] time=182.262 frame=1951 entity=1 latestHostTick=9906 buffer=8 windowMs=1069.1 fps=9.4 snapshots=31 arrivalSamples=31 arrivalAvgMs=34.5 arrivalP95Ms=116.6 arrivalMaxMs=139.6 sameArrival=21 tickGapMax=2 renderFrames=10 interpolation=7 extrapolation=3 extrapolationCapped=0 extrapolationMaxMs=31.6 oldestHeld=0 zeroSpan=9 movingFrozen=0 teleport=0 visualStepAvgCm=0.00 visualStepMaxCm=0.00 estimatedHostTick=9912 renderTick=9907.897 latestSnapshotTick=9906.000 renderMinusLatestTicks=1.897 estimatedMinusLatestTicks=6.000 sampleT=1.949
[rubber-banding][remote-render] time=182.262 frame=1951 entity=3 latestHostTick=9906 buffer=8 windowMs=1069.1 fps=9.4 snapshots=31 arrivalSamples=31 arrivalAvgMs=34.5 arrivalP95Ms=116.6 arrivalMaxMs=139.6 sameArrival=21 tickGapMax=2 renderFrames=10 interpolation=7 extrapolation=3 extrapolationCapped=0 extrapolationMaxMs=31.6 oldestHeld=0 zeroSpan=9 movingFrozen=0 teleport=0 visualStepAvgCm=0.00 visualStepMaxCm=0.00 estimatedHostTick=9912 renderTick=9907.897 latestSnapshotTick=9906.000 renderMinusLatestTicks=1.897 estimatedMinusLatestTicks=6.000 sampleT=1.949
[rubber-banding][remote-render] time=182.262 frame=1951 entity=4 latestHostTick=9906 buffer=8 windowMs=1069.1 fps=9.4 snapshots=31 arrivalSamples=31 arrivalAvgMs=34.5 arrivalP95Ms=116.6 arrivalMaxMs=139.6 sameArrival=21 tickGapMax=2 renderFrames=10 interpolation=7 extrapolation=3 extrapolationCapped=0 extrapolationMaxMs=31.6 oldestHeld=0 zeroSpan=9 movingFrozen=0 teleport=0 visualStepAvgCm=49.00 visualStepMaxCm=64.14 estimatedHostTick=9912 renderTick=9907.897 latestSnapshotTick=9906.000 renderMinusLatestTicks=1.897 estimatedMinusLatestTicks=6.000 sampleT=1.949
[rubber-banding][large-step] time=182.262 frame=1951 focused=1 entity=4 buffer=8 count=10 maxStepCm=64.14 horizontalCm=44.96 verticalCm=45.74 frameDeltaMs=116.6 renderTickDelta=6.761 fromTick=9882 toTick=9884 tickSpan=2 receivedSpanMs=0.0 t=0.749 renderOffsetMs=-8.4 sourceHorizontalCm=13.31 sourceVerticalCm=10.32 fromGrounded=0 toGrounded=0 velocity=(3.894, 2.928, 0.882) expectedTravelCm=57.72 teleport=0 previous=(-0.659, 0.477, 1.785) rendered=(-0.214, 0.934, 1.848)
[rubber-banding][jump-step] time=182.262 frame=1951 focused=1 entity=4 buffer=8 count=6 maxVerticalCm=46.90 horizontalCm=36.63 verticalCm=46.90 frameDeltaMs=99.2 renderTickDelta=5.755 fromTick=9876 toTick=9878 tickSpan=2 receivedSpanMs=0.0 t=0.369 renderOffsetMs=-21.0 sourceHorizontalCm=13.31 sourceVerticalCm=16.98 fromGrounded=0 toGrounded=0 velocity=(3.969, 4.928, 0.441) expectedTravelCm=62.94 teleport=0 previous=(-1.025, 0.008, 1.792) rendered=(-0.659, 0.477, 1.785)
[rubber-banding][udp-pump] time=182.582 frame=1954 focused=1 windowMs=1085.5 fps=9.2 packets=34 socketAvgMs=33.3 socketP95Ms=116.5 socketMaxMs=116.8 pumpAvgMs=31.9 pumpP95Ms=116.6 pumpMaxMs=139.6 queueDelayAvgMs=63.9 queueDelayP95Ms=98.5 queueDelayMaxMs=108.0 samePump=24 pumpBatchMax=6 queueDepthMax=7 frameMaxMs=139.6
[rubber-banding][local-input] time=183.364 frame=1961 focused=1 host=0 room=19 world=5 authority=5 entity=2 windowMs=1101.6 updates=10 fixedCalls=55 commands=39 predictionSteps=39 noCommandUpdates=0 estimatedHostTick=9977 nextInputTick=9983 lastRecordedTick=9983 lastResolvedTick=9978 nextLead=6 recordedLead=6 unresolved=4 clamped=0 clampedTotal=175 batchesSent=1773 commandsSent=8431 sendFailures=0 move=(0.00,0.00) jump=0
[rubber-banding][remote-render] time=183.364 frame=1961 entity=1 latestHostTick=9978 buffer=8 windowMs=1101.6 fps=9.1 snapshots=36 arrivalSamples=36 arrivalAvgMs=30.6 arrivalP95Ms=113.9 arrivalMaxMs=116.8 sameArrival=26 tickGapMax=2 renderFrames=10 interpolation=10 extrapolation=0 extrapolationCapped=0 extrapolationMaxMs=0.0 oldestHeld=0 zeroSpan=4 movingFrozen=0 teleport=0 visualStepAvgCm=0.00 visualStepMaxCm=0.00 estimatedHostTick=9977 renderTick=9972.488 latestSnapshotTick=9978.000 renderMinusLatestTicks=-5.512 estimatedMinusLatestTicks=-1.000 sampleT=0.244
[rubber-banding][remote-render] time=183.364 frame=1961 entity=3 latestHostTick=9978 buffer=8 windowMs=1101.6 fps=9.1 snapshots=36 arrivalSamples=36 arrivalAvgMs=30.6 arrivalP95Ms=113.9 arrivalMaxMs=116.8 sameArrival=26 tickGapMax=2 renderFrames=10 interpolation=10 extrapolation=0 extrapolationCapped=0 extrapolationMaxMs=0.0 oldestHeld=0 zeroSpan=4 movingFrozen=0 teleport=0 visualStepAvgCm=0.00 visualStepMaxCm=0.00 estimatedHostTick=9977 renderTick=9972.488 latestSnapshotTick=9978.000 renderMinusLatestTicks=-5.512 estimatedMinusLatestTicks=-1.000 sampleT=0.244
[rubber-banding][remote-render] time=183.364 frame=1961 entity=4 latestHostTick=9978 buffer=8 windowMs=1101.6 fps=9.1 snapshots=36 arrivalSamples=36 arrivalAvgMs=30.6 arrivalP95Ms=113.9 arrivalMaxMs=116.8 sameArrival=26 tickGapMax=2 renderFrames=10 interpolation=10 extrapolation=0 extrapolationCapped=0 extrapolationMaxMs=0.0 oldestHeld=0 zeroSpan=4 movingFrozen=0 teleport=0 visualStepAvgCm=53.79 visualStepMaxCm=69.41 estimatedHostTick=9977 renderTick=9972.488 latestSnapshotTick=9978.000 renderMinusLatestTicks=-5.512 estimatedMinusLatestTicks=-1.000 sampleT=0.244
[rubber-banding][large-step] time=183.364 frame=1961 focused=1 entity=4 buffer=8 count=10 maxStepCm=69.41 horizontalCm=41.71 verticalCm=55.47 frameDeltaMs=108.1 renderTickDelta=6.269 fromTick=9926 toTick=9928 tickSpan=2 receivedSpanMs=108.1 t=0.231 renderOffsetMs=-25.6 sourceHorizontalCm=13.31 sourceVerticalCm=13.65 fromGrounded=0 toGrounded=0 velocity=(-0.704, 3.928, 3.930) expectedTravelCm=60.54 teleport=0 previous=(1.239, 0.137, 3.497) rendered=(1.192, 0.692, 3.911)
[rubber-banding][jump-step] time=183.364 frame=1961 focused=1 entity=4 buffer=8 count=9 maxVerticalCm=57.86 horizontalCm=33.62 verticalCm=57.86 frameDeltaMs=113.7 renderTickDelta=6.597 fromTick=9958 toTick=9960 tickSpan=2 receivedSpanMs=113.7 t=0.650 renderOffsetMs=-11.7 sourceHorizontalCm=10.01 sourceVerticalCm=17.61 fromGrounded=0 toGrounded=1 velocity=(-2.997, -6.738, 0.778) expectedTravelCm=84.35 teleport=0 previous=(0.362, 0.648, 5.212) rendered=(0.027, 0.070, 5.250)
[rubber-banding][udp-pump] time=183.591 frame=1963 focused=1 windowMs=1009.3 fps=8.9 packets=30 socketAvgMs=34.2 socketP95Ms=115.9 socketMaxMs=121.8 pumpAvgMs=33.6 pumpP95Ms=116.4 pumpMaxMs=116.8 queueDelayAvgMs=21.7 queueDelayP95Ms=32.5 queueDelayMaxMs=34.1 samePump=21 pumpBatchMax=4 queueDepthMax=4 frameMaxMs=116.8
[rubber-banding][local-input] time=184.367 frame=1970 focused=1 host=0 room=19 world=5 authority=5 entity=2 windowMs=1003.5 updates=9 fixedCalls=50 commands=36 predictionSteps=36 noCommandUpdates=0 estimatedHostTick=10041 nextInputTick=10047 lastRecordedTick=10047 lastResolvedTick=10038 nextLead=6 recordedLead=6 unresolved=5 clamped=0 clampedTotal=175 batchesSent=1782 commandsSent=8475 sendFailures=0 move=(0.00,0.00) jump=0
[rubber-banding][remote-render] time=184.367 frame=1970 entity=1 latestHostTick=10038 buffer=8 windowMs=1003.5 fps=9.0 snapshots=30 arrivalSamples=30 arrivalAvgMs=33.4 arrivalP95Ms=125.2 arrivalMaxMs=127.1 sameArrival=21 tickGapMax=2 renderFrames=9 interpolation=9 extrapolation=0 extrapolationCapped=0 extrapolationMaxMs=0.0 oldestHeld=0 zeroSpan=5 movingFrozen=0 teleport=0 visualStepAvgCm=0.00 visualStepMaxCm=0.00 estimatedHostTick=10041 renderTick=10034.703 latestSnapshotTick=10038.000 renderMinusLatestTicks=-3.297 estimatedMinusLatestTicks=3.000 sampleT=0.351
[rubber-banding][remote-render] time=184.367 frame=1970 entity=3 latestHostTick=10038 buffer=8 windowMs=1003.5 fps=9.0 snapshots=30 arrivalSamples=30 arrivalAvgMs=33.4 arrivalP95Ms=125.2 arrivalMaxMs=127.1 sameArrival=21 tickGapMax=2 renderFrames=9 interpolation=9 extrapolation=0 extrapolationCapped=0 extrapolationMaxMs=0.0 oldestHeld=0 zeroSpan=5 movingFrozen=0 teleport=0 visualStepAvgCm=0.00 visualStepMaxCm=0.00 estimatedHostTick=10041 renderTick=10034.703 latestSnapshotTick=10038.000 renderMinusLatestTicks=-3.297 estimatedMinusLatestTicks=3.000 sampleT=0.351
[rubber-banding][remote-render] time=184.367 frame=1970 entity=4 latestHostTick=10038 buffer=8 windowMs=1003.5 fps=9.0 snapshots=30 arrivalSamples=30 arrivalAvgMs=33.4 arrivalP95Ms=125.2 arrivalMaxMs=127.1 sameArrival=21 tickGapMax=2 renderFrames=9 interpolation=9 extrapolation=0 extrapolationCapped=0 extrapolationMaxMs=0.0 oldestHeld=0 zeroSpan=5 movingFrozen=0 teleport=0 visualStepAvgCm=57.18 visualStepMaxCm=94.38 estimatedHostTick=10041 renderTick=10034.703 latestSnapshotTick=10038.000 renderMinusLatestTicks=-3.297 estimatedMinusLatestTicks=3.000 sampleT=0.351
[rubber-banding][large-step] time=184.367 frame=1970 focused=1 entity=4 buffer=8 count=9 maxStepCm=94.38 horizontalCm=52.46 verticalCm=78.46 frameDeltaMs=127.1 renderTickDelta=7.882 fromTick=10012 toTick=10014 tickSpan=2 receivedSpanMs=0.0 t=0.676 renderOffsetMs=-10.8 sourceHorizontalCm=13.31 sourceVerticalCm=23.89 fromGrounded=0 toGrounded=0 velocity=(0.441, -7.333, -3.969) expectedTravelCm=106.16 teleport=0 previous=(0.324, 1.134, 2.268) rendered=(0.382, 0.349, 1.747)
[rubber-banding][jump-step] time=184.367 frame=1970 focused=1 entity=4 buffer=8 count=8 maxVerticalCm=78.46 horizontalCm=52.46 verticalCm=78.46 frameDeltaMs=127.1 renderTickDelta=7.882 fromTick=10012 toTick=10014 tickSpan=2 receivedSpanMs=0.0 t=0.676 renderOffsetMs=-10.8 sourceHorizontalCm=13.31 sourceVerticalCm=23.89 fromGrounded=0 toGrounded=0 velocity=(0.441, -7.333, -3.969) expectedTravelCm=106.16 teleport=0 previous=(0.324, 1.134, 2.268) rendered=(0.382, 0.349, 1.747)
[rubber-banding][udp-pump] time=184.617 frame=1972 focused=1 windowMs=1026.1 fps=8.8 packets=29 socketAvgMs=33.1 socketP95Ms=115.7 socketMaxMs=119.6 pumpAvgMs=35.4 pumpP95Ms=127.1 pumpMaxMs=136.9 queueDelayAvgMs=42.9 queueDelayP95Ms=74.0 queueDelayMaxMs=76.0 samePump=20 pumpBatchMax=4 queueDepthMax=4 frameMaxMs=136.9
[rubber-banding][local-input] time=185.411 frame=1979 focused=1 host=0 room=19 world=5 authority=5 entity=2 windowMs=1044.2 updates=9 fixedCalls=52 commands=36 predictionSteps=36 noCommandUpdates=0 estimatedHostTick=10103 nextInputTick=10110 lastRecordedTick=10110 lastResolvedTick=10098 nextLead=7 recordedLead=7 unresolved=5 clamped=2 clampedTotal=177 batchesSent=1791 commandsSent=8529 sendFailures=0 move=(0.00,0.00) jump=0
[rubber-banding][remote-render] time=185.411 frame=1979 entity=1 latestHostTick=10098 buffer=8 windowMs=1044.2 fps=8.6 snapshots=30 arrivalSamples=30 arrivalAvgMs=34.8 arrivalP95Ms=121.0 arrivalMaxMs=136.9 sameArrival=21 tickGapMax=2 renderFrames=9 interpolation=6 extrapolation=3 extrapolationCapped=0 extrapolationMaxMs=22.0 oldestHeld=0 zeroSpan=9 movingFrozen=0 teleport=0 visualStepAvgCm=0.00 visualStepMaxCm=0.00 estimatedHostTick=10103 renderTick=10097.626 latestSnapshotTick=10098.000 renderMinusLatestTicks=-0.374 estimatedMinusLatestTicks=5.000 sampleT=0.813
[rubber-banding][remote-render] time=185.411 frame=1979 entity=3 latestHostTick=10098 buffer=8 windowMs=1044.2 fps=8.6 snapshots=30 arrivalSamples=30 arrivalAvgMs=34.8 arrivalP95Ms=121.0 arrivalMaxMs=136.9 sameArrival=21 tickGapMax=2 renderFrames=9 interpolation=6 extrapolation=3 extrapolationCapped=0 extrapolationMaxMs=22.0 oldestHeld=0 zeroSpan=9 movingFrozen=0 teleport=0 visualStepAvgCm=0.00 visualStepMaxCm=0.00 estimatedHostTick=10103 renderTick=10097.626 latestSnapshotTick=10098.000 renderMinusLatestTicks=-0.374 estimatedMinusLatestTicks=5.000 sampleT=0.813
[rubber-banding][remote-render] time=185.411 frame=1979 entity=4 latestHostTick=10098 buffer=8 windowMs=1044.2 fps=8.6 snapshots=30 arrivalSamples=30 arrivalAvgMs=34.8 arrivalP95Ms=121.0 arrivalMaxMs=136.9 sameArrival=21 tickGapMax=2 renderFrames=9 interpolation=6 extrapolation=3 extrapolationCapped=0 extrapolationMaxMs=22.0 oldestHeld=0 zeroSpan=9 movingFrozen=0 teleport=0 visualStepAvgCm=61.16 visualStepMaxCm=92.91 estimatedHostTick=10103 renderTick=10097.626 latestSnapshotTick=10098.000 renderMinusLatestTicks=-0.374 estimatedMinusLatestTicks=5.000 sampleT=0.813
[rubber-banding][large-step] time=185.411 frame=1979 focused=1 entity=4 buffer=8 count=9 maxStepCm=92.91 horizontalCm=40.16 verticalCm=83.78 frameDeltaMs=136.9 renderTickDelta=8.486 fromTick=10042 toTick=10044 tickSpan=2 receivedSpanMs=0.0 t=0.594 renderOffsetMs=-13.5 sourceHorizontalCm=13.31 sourceVerticalCm=5.03 fromGrounded=0 toGrounded=0 velocity=(-1.617, 0.928, 3.651) expectedTravelCm=56.11 teleport=0 previous=(0.354, 0.777, 2.482) rendered=(0.272, 1.615, 2.875)
[rubber-banding][jump-step] time=185.411 frame=1979 focused=1 entity=4 buffer=8 count=8 maxVerticalCm=83.78 horizontalCm=40.16 verticalCm=83.78 frameDeltaMs=136.9 renderTickDelta=8.486 fromTick=10042 toTick=10044 tickSpan=2 receivedSpanMs=0.0 t=0.594 renderOffsetMs=-13.5 sourceHorizontalCm=13.31 sourceVerticalCm=5.03 fromGrounded=0 toGrounded=0 velocity=(-1.617, 0.928, 3.651) expectedTravelCm=56.11 teleport=0 previous=(0.354, 0.777, 2.482) rendered=(0.272, 1.615, 2.875)
[rubber-banding][udp-pump] time=185.637 frame=1981 focused=1 windowMs=1019.7 fps=8.8 packets=31 socketAvgMs=32.8 socketP95Ms=122.7 socketMaxMs=124.4 pumpAvgMs=32.9 pumpP95Ms=118.9 pumpMaxMs=121.0 queueDelayAvgMs=71.7 queueDelayP95Ms=88.4 queueDelayMaxMs=89.4 samePump=22 pumpBatchMax=4 queueDepthMax=4 frameMaxMs=121.0
[rubber-banding][local-input] time=186.457 frame=1988 focused=1 host=0 room=19 world=5 authority=5 entity=2 windowMs=1045.5 updates=9 fixedCalls=53 commands=36 predictionSteps=36 noCommandUpdates=0 estimatedHostTick=10164 nextInputTick=10170 lastRecordedTick=10170 lastResolvedTick=10160 nextLead=6 recordedLead=6 unresolved=5 clamped=0 clampedTotal=177 batchesSent=1800 commandsSent=8576 sendFailures=0 move=(0.00,0.00) jump=0
[rubber-banding][remote-render] time=186.457 frame=1988 entity=1 latestHostTick=10160 buffer=8 windowMs=1045.5 fps=8.6 snapshots=31 arrivalSamples=31 arrivalAvgMs=33.7 arrivalP95Ms=126.6 arrivalMaxMs=134.5 sameArrival=22 tickGapMax=2 renderFrames=9 interpolation=6 extrapolation=3 extrapolationCapped=0 extrapolationMaxMs=16.9 oldestHeld=0 zeroSpan=9 movingFrozen=0 teleport=0 visualStepAvgCm=0.00 visualStepMaxCm=0.00 estimatedHostTick=10164 renderTick=10159.503 latestSnapshotTick=10160.000 renderMinusLatestTicks=-0.497 estimatedMinusLatestTicks=4.000 sampleT=0.751
[rubber-banding][remote-render] time=186.457 frame=1988 entity=3 latestHostTick=10160 buffer=8 windowMs=1045.5 fps=8.6 snapshots=31 arrivalSamples=31 arrivalAvgMs=33.7 arrivalP95Ms=126.6 arrivalMaxMs=134.5 sameArrival=22 tickGapMax=2 renderFrames=9 interpolation=6 extrapolation=3 extrapolationCapped=0 extrapolationMaxMs=16.9 oldestHeld=0 zeroSpan=9 movingFrozen=0 teleport=0 visualStepAvgCm=0.00 visualStepMaxCm=0.00 estimatedHostTick=10164 renderTick=10159.503 latestSnapshotTick=10160.000 renderMinusLatestTicks=-0.497 estimatedMinusLatestTicks=4.000 sampleT=0.751
[rubber-banding][remote-render] time=186.457 frame=1988 entity=4 latestHostTick=10160 buffer=8 windowMs=1045.5 fps=8.6 snapshots=31 arrivalSamples=31 arrivalAvgMs=33.7 arrivalP95Ms=126.6 arrivalMaxMs=134.5 sameArrival=22 tickGapMax=2 renderFrames=9 interpolation=6 extrapolation=3 extrapolationCapped=0 extrapolationMaxMs=16.9 oldestHeld=0 zeroSpan=9 movingFrozen=0 teleport=0 visualStepAvgCm=53.76 visualStepMaxCm=80.69 estimatedHostTick=10164 renderTick=10159.503 latestSnapshotTick=10160.000 renderMinusLatestTicks=-0.497 estimatedMinusLatestTicks=4.000 sampleT=0.751
[rubber-banding][large-step] time=186.457 frame=1988 focused=1 entity=4 buffer=8 count=9 maxStepCm=80.69 horizontalCm=48.83 verticalCm=64.24 frameDeltaMs=126.6 renderTickDelta=7.346 fromTick=10150 toTick=10152 tickSpan=2 receivedSpanMs=0.0 t=1.156 renderOffsetMs=5.2 sourceHorizontalCm=13.31 sourceVerticalCm=14.76 fromGrounded=0 toGrounded=0 velocity=(-2.818, 4.262, -2.829) expectedTravelCm=73.96 teleport=0 previous=(-1.080, 0.112, 0.038) rendered=(-1.403, 0.754, -0.328)
[rubber-banding][jump-step] time=186.457 frame=1988 focused=1 entity=4 buffer=8 count=5 maxVerticalCm=64.24 horizontalCm=48.83 verticalCm=64.24 frameDeltaMs=126.6 renderTickDelta=7.346 fromTick=10150 toTick=10152 tickSpan=2 receivedSpanMs=0.0 t=1.156 renderOffsetMs=5.2 sourceHorizontalCm=13.31 sourceVerticalCm=14.76 fromGrounded=0 toGrounded=0 velocity=(-2.818, 4.262, -2.829) expectedTravelCm=73.96 teleport=0 previous=(-1.080, 0.112, 0.038) rendered=(-1.403, 0.754, -0.328)
[rubber-banding][udp-pump] time=186.663 frame=1990 focused=1 windowMs=1025.7 fps=8.8 packets=31 socketAvgMs=33.6 socketP95Ms=120.2 socketMaxMs=123.1 pumpAvgMs=33.1 pumpP95Ms=126.6 pumpMaxMs=134.5 queueDelayAvgMs=78.4 queueDelayP95Ms=97.7 queueDelayMaxMs=99.7 samePump=22 pumpBatchMax=4 queueDepthMax=4 frameMaxMs=134.5
[rubber-banding][local-input] time=187.527 frame=1998 focused=1 host=0 room=19 world=5 authority=5 entity=2 windowMs=1070.2 updates=10 fixedCalls=53 commands=40 predictionSteps=40 noCommandUpdates=0 estimatedHostTick=10227 nextInputTick=10233 lastRecordedTick=10233 lastResolvedTick=10226 nextLead=6 recordedLead=6 unresolved=5 clamped=0 clampedTotal=177 batchesSent=1810 commandsSent=8625 sendFailures=0 move=(0.00,0.00) jump=0
[rubber-banding][remote-render] time=187.527 frame=1998 entity=1 latestHostTick=10226 buffer=8 windowMs=1070.2 fps=9.3 snapshots=33 arrivalSamples=33 arrivalAvgMs=32.4 arrivalP95Ms=115.1 arrivalMaxMs=116.6 sameArrival=23 tickGapMax=2 renderFrames=10 interpolation=10 extrapolation=0 extrapolationCapped=0 extrapolationMaxMs=0.0 oldestHeld=0 zeroSpan=10 movingFrozen=0 teleport=0 visualStepAvgCm=0.00 visualStepMaxCm=0.00 estimatedHostTick=10227 renderTick=10223.263 latestSnapshotTick=10226.000 renderMinusLatestTicks=-2.737 estimatedMinusLatestTicks=1.000 sampleT=0.631
[rubber-banding][remote-render] time=187.527 frame=1998 entity=3 latestHostTick=10226 buffer=8 windowMs=1070.2 fps=9.3 snapshots=33 arrivalSamples=33 arrivalAvgMs=32.4 arrivalP95Ms=115.1 arrivalMaxMs=116.6 sameArrival=23 tickGapMax=2 renderFrames=10 interpolation=10 extrapolation=0 extrapolationCapped=0 extrapolationMaxMs=0.0 oldestHeld=0 zeroSpan=10 movingFrozen=0 teleport=0 visualStepAvgCm=0.00 visualStepMaxCm=0.00 estimatedHostTick=10227 renderTick=10223.263 latestSnapshotTick=10226.000 renderMinusLatestTicks=-2.737 estimatedMinusLatestTicks=1.000 sampleT=0.631
[rubber-banding][remote-render] time=187.527 frame=1998 entity=4 latestHostTick=10226 buffer=8 windowMs=1070.2 fps=9.3 snapshots=33 arrivalSamples=33 arrivalAvgMs=32.4 arrivalP95Ms=115.1 arrivalMaxMs=116.6 sameArrival=23 tickGapMax=2 renderFrames=10 interpolation=10 extrapolation=0 extrapolationCapped=0 extrapolationMaxMs=0.0 oldestHeld=0 zeroSpan=10 movingFrozen=0 teleport=0 visualStepAvgCm=35.94 visualStepMaxCm=63.73 estimatedHostTick=10227 renderTick=10223.263 latestSnapshotTick=10226.000 renderMinusLatestTicks=-2.737 estimatedMinusLatestTicks=1.000 sampleT=0.631
[rubber-banding][large-step] time=187.527 frame=1998 focused=1 entity=4 buffer=8 count=7 maxStepCm=63.73 horizontalCm=29.68 verticalCm=56.40 frameDeltaMs=108.9 renderTickDelta=6.533 fromTick=10184 toTick=10186 tickSpan=2 receivedSpanMs=0.0 t=0.367 renderOffsetMs=-21.1 sourceHorizontalCm=0.48 sourceVerticalCm=6.32 fromGrounded=0 toGrounded=1 velocity=(2.816, -2.333, 0.313) expectedTravelCm=39.96 teleport=0 previous=(-2.869, 0.612, -1.073) rendered=(-3.166, 0.048, -1.087)
[rubber-banding][jump-step] time=187.527 frame=1998 focused=1 entity=4 buffer=8 count=3 maxVerticalCm=56.40 horizontalCm=29.68 verticalCm=56.40 frameDeltaMs=108.9 renderTickDelta=6.533 fromTick=10184 toTick=10186 tickSpan=2 receivedSpanMs=0.0 t=0.367 renderOffsetMs=-21.1 sourceHorizontalCm=0.48 sourceVerticalCm=6.32 fromGrounded=0 toGrounded=1 velocity=(2.816, -2.333, 0.313) expectedTravelCm=39.96 teleport=0 previous=(-2.869, 0.612, -1.073) rendered=(-3.166, 0.048, -1.087)
[rubber-banding][udp-pump] time=187.757 frame=2000 focused=1 windowMs=1094.6 fps=9.1 packets=33 socketAvgMs=32.9 socketP95Ms=111.6 socketMaxMs=116.3 pumpAvgMs=33.2 pumpP95Ms=116.1 pumpMaxMs=116.6 queueDelayAvgMs=64.6 queueDelayP95Ms=79.9 queueDelayMaxMs=81.9 samePump=23 pumpBatchMax=4 queueDepthMax=4 frameMaxMs=116.6
[rubber-banding][local-input] time=188.576 frame=2007 focused=1 host=0 room=19 world=5 authority=5 entity=2 windowMs=1049.0 updates=9 fixedCalls=53 commands=36 predictionSteps=36 noCommandUpdates=0 estimatedHostTick=10292 nextInputTick=10298 lastRecordedTick=10298 lastResolvedTick=10286 nextLead=6 recordedLead=6 unresolved=5 clamped=0 clampedTotal=177 batchesSent=1819 commandsSent=8671 sendFailures=0 move=(0.00,0.00) jump=0
[rubber-banding][remote-render] time=188.576 frame=2007 entity=1 latestHostTick=10286 buffer=8 windowMs=1049.0 fps=8.6 snapshots=30 arrivalSamples=30 arrivalAvgMs=35.0 arrivalP95Ms=124.6 arrivalMaxMs=126.6 sameArrival=21 tickGapMax=2 renderFrames=9 interpolation=8 extrapolation=1 extrapolationCapped=0 extrapolationMaxMs=9.7 oldestHeld=0 zeroSpan=9 movingFrozen=0 teleport=0 visualStepAvgCm=0.00 visualStepMaxCm=0.00 estimatedHostTick=10292 renderTick=10286.581 latestSnapshotTick=10286.000 renderMinusLatestTicks=0.581 estimatedMinusLatestTicks=6.000 sampleT=1.290
[rubber-banding][remote-render] time=188.576 frame=2007 entity=3 latestHostTick=10286 buffer=8 windowMs=1049.0 fps=8.6 snapshots=30 arrivalSamples=30 arrivalAvgMs=35.0 arrivalP95Ms=124.6 arrivalMaxMs=126.6 sameArrival=21 tickGapMax=2 renderFrames=9 interpolation=8 extrapolation=1 extrapolationCapped=0 extrapolationMaxMs=9.7 oldestHeld=0 zeroSpan=9 movingFrozen=0 teleport=0 visualStepAvgCm=0.00 visualStepMaxCm=0.00 estimatedHostTick=10292 renderTick=10286.581 latestSnapshotTick=10286.000 renderMinusLatestTicks=0.581 estimatedMinusLatestTicks=6.000 sampleT=1.290
[rubber-banding][remote-render] time=188.576 frame=2007 entity=4 latestHostTick=10286 buffer=8 windowMs=1049.0 fps=8.6 snapshots=30 arrivalSamples=30 arrivalAvgMs=35.0 arrivalP95Ms=124.6 arrivalMaxMs=126.6 sameArrival=21 tickGapMax=2 renderFrames=9 interpolation=8 extrapolation=1 extrapolationCapped=0 extrapolationMaxMs=9.7 oldestHeld=0 zeroSpan=9 movingFrozen=0 teleport=0 visualStepAvgCm=47.23 visualStepMaxCm=80.15 estimatedHostTick=10292 renderTick=10286.581 latestSnapshotTick=10286.000 renderMinusLatestTicks=0.581 estimatedMinusLatestTicks=6.000 sampleT=1.290
[rubber-banding][large-step] time=188.576 frame=2007 focused=1 entity=4 buffer=8 count=8 maxStepCm=80.15 horizontalCm=80.15 verticalCm=0.00 frameDeltaMs=124.6 renderTickDelta=7.473 fromTick=10284 toTick=10286 tickSpan=2 receivedSpanMs=0.0 t=1.290 renderOffsetMs=9.7 sourceHorizontalCm=22.97 sourceVerticalCm=0.00 fromGrounded=1 toGrounded=1 velocity=(6.945, -2.333, 0.772) expectedTravelCm=91.76 teleport=0 previous=(-1.286, 0.008, -0.876) rendered=(-0.490, 0.008, -0.787)
[rubber-banding][udp-pump] time=188.800 frame=2009 focused=1 windowMs=1042.7 fps=8.6 packets=30 socketAvgMs=33.8 socketP95Ms=116.9 socketMaxMs=117.9 pumpAvgMs=34.8 pumpP95Ms=124.6 pumpMaxMs=126.6 queueDelayAvgMs=81.6 queueDelayP95Ms=103.1 queueDelayMaxMs=105.7 samePump=21 pumpBatchMax=4 queueDepthMax=5 frameMaxMs=126.6
[rubber-banding][local-input] time=189.599 frame=2016 focused=1 host=0 room=19 world=5 authority=5 entity=2 windowMs=1023.5 updates=9 fixedCalls=51 commands=36 predictionSteps=36 noCommandUpdates=0 estimatedHostTick=10352 nextInputTick=10358 lastRecordedTick=10358 lastResolvedTick=10354 nextLead=6 recordedLead=6 unresolved=4 clamped=0 clampedTotal=177 batchesSent=1828 commandsSent=8714 sendFailures=0 move=(0.00,0.00) jump=0
[rubber-banding][remote-render] time=189.599 frame=2016 entity=1 latestHostTick=10354 buffer=8 windowMs=1023.5 fps=8.8 snapshots=34 arrivalSamples=34 arrivalAvgMs=30.1 arrivalP95Ms=120.1 arrivalMaxMs=121.2 sameArrival=25 tickGapMax=2 renderFrames=9 interpolation=6 extrapolation=3 extrapolationCapped=0 extrapolationMaxMs=26.5 oldestHeld=0 zeroSpan=9 movingFrozen=0 teleport=0 visualStepAvgCm=0.00 visualStepMaxCm=0.00 estimatedHostTick=10352 renderTick=10347.989 latestSnapshotTick=10354.000 renderMinusLatestTicks=-6.011 estimatedMinusLatestTicks=-2.000 sampleT=0.994
[rubber-banding][remote-render] time=189.599 frame=2016 entity=3 latestHostTick=10354 buffer=8 windowMs=1023.5 fps=8.8 snapshots=34 arrivalSamples=34 arrivalAvgMs=30.1 arrivalP95Ms=120.1 arrivalMaxMs=121.2 sameArrival=25 tickGapMax=2 renderFrames=9 interpolation=6 extrapolation=3 extrapolationCapped=0 extrapolationMaxMs=26.5 oldestHeld=0 zeroSpan=9 movingFrozen=0 teleport=0 visualStepAvgCm=0.00 visualStepMaxCm=0.00 estimatedHostTick=10352 renderTick=10347.989 latestSnapshotTick=10354.000 renderMinusLatestTicks=-6.011 estimatedMinusLatestTicks=-2.000 sampleT=0.994
[rubber-banding][remote-render] time=189.599 frame=2016 entity=4 latestHostTick=10354 buffer=8 windowMs=1023.5 fps=8.8 snapshots=34 arrivalSamples=34 arrivalAvgMs=30.1 arrivalP95Ms=120.1 arrivalMaxMs=121.2 sameArrival=25 tickGapMax=2 renderFrames=9 interpolation=6 extrapolation=3 extrapolationCapped=0 extrapolationMaxMs=26.5 oldestHeld=0 zeroSpan=9 movingFrozen=0 teleport=0 visualStepAvgCm=63.72 visualStepMaxCm=84.68 estimatedHostTick=10352 renderTick=10347.989 latestSnapshotTick=10354.000 renderMinusLatestTicks=-6.011 estimatedMinusLatestTicks=-2.000 sampleT=0.994
[rubber-banding][large-step] time=189.599 frame=2016 focused=1 entity=4 buffer=8 count=8 maxStepCm=84.68 horizontalCm=84.68 verticalCm=0.00 frameDeltaMs=121.2 renderTickDelta=7.271 fromTick=10306 toTick=10308 tickSpan=2 receivedSpanMs=0.0 t=0.655 renderOffsetMs=-11.5 sourceHorizontalCm=23.29 sourceVerticalCm=0.00 fromGrounded=1 toGrounded=1 velocity=(6.945, -2.333, 0.772) expectedTravelCm=89.28 teleport=0 previous=(1.068, 0.008, -0.614) rendered=(1.910, 0.008, -0.521)
[rubber-banding][udp-pump] time=189.805 frame=2018 focused=1 windowMs=1004.3 fps=9.0 packets=30 socketAvgMs=33.4 socketP95Ms=111.4 socketMaxMs=115.6 pumpAvgMs=33.5 pumpP95Ms=121.2 pumpMaxMs=205.1 queueDelayAvgMs=67.7 queueDelayP95Ms=114.1 queueDelayMaxMs=117.6 samePump=22 pumpBatchMax=6 queueDepthMax=6 frameMaxMs=121.2
[rubber-banding][local-input] time=190.615 frame=2026 focused=1 host=0 room=19 world=5 authority=5 entity=2 windowMs=1015.8 updates=10 fixedCalls=50 commands=39 predictionSteps=39 noCommandUpdates=0 estimatedHostTick=10414 nextInputTick=10423 lastRecordedTick=10423 lastResolvedTick=10414 nextLead=9 recordedLead=9 unresolved=5 clamped=2 clampedTotal=179 batchesSent=1838 commandsSent=8772 sendFailures=0 move=(0.00,0.00) jump=0
[rubber-banding][remote-render] time=190.615 frame=2026 entity=1 latestHostTick=10414 buffer=8 windowMs=1015.8 fps=9.8 snapshots=30 arrivalSamples=30 arrivalAvgMs=33.9 arrivalP95Ms=188.8 arrivalMaxMs=205.1 sameArrival=22 tickGapMax=2 renderFrames=10 interpolation=9 extrapolation=1 extrapolationCapped=0 extrapolationMaxMs=4.9 oldestHeld=0 zeroSpan=8 movingFrozen=0 teleport=0 visualStepAvgCm=0.00 visualStepMaxCm=0.00 estimatedHostTick=10414 renderTick=10408.938 latestSnapshotTick=10414.000 renderMinusLatestTicks=-5.062 estimatedMinusLatestTicks=0.000 sampleT=0.469
[rubber-banding][remote-render] time=190.615 frame=2026 entity=3 latestHostTick=10414 buffer=8 windowMs=1015.8 fps=9.8 snapshots=30 arrivalSamples=30 arrivalAvgMs=33.9 arrivalP95Ms=188.8 arrivalMaxMs=205.1 sameArrival=22 tickGapMax=2 renderFrames=10 interpolation=9 extrapolation=1 extrapolationCapped=0 extrapolationMaxMs=4.9 oldestHeld=0 zeroSpan=8 movingFrozen=0 teleport=0 visualStepAvgCm=0.00 visualStepMaxCm=0.00 estimatedHostTick=10414 renderTick=10408.938 latestSnapshotTick=10414.000 renderMinusLatestTicks=-5.062 estimatedMinusLatestTicks=0.000 sampleT=0.469
[rubber-banding][remote-render] time=190.615 frame=2026 entity=4 latestHostTick=10414 buffer=8 windowMs=1015.8 fps=9.8 snapshots=30 arrivalSamples=30 arrivalAvgMs=33.9 arrivalP95Ms=188.8 arrivalMaxMs=205.1 sameArrival=22 tickGapMax=2 renderFrames=10 interpolation=9 extrapolation=1 extrapolationCapped=0 extrapolationMaxMs=4.9 oldestHeld=0 zeroSpan=8 movingFrozen=0 teleport=0 visualStepAvgCm=69.86 visualStepMaxCm=82.17 estimatedHostTick=10414 renderTick=10408.938 latestSnapshotTick=10414.000 renderMinusLatestTicks=-5.062 estimatedMinusLatestTicks=0.000 sampleT=0.469
[rubber-banding][large-step] time=190.615 frame=2026 focused=1 entity=4 buffer=8 count=10 maxStepCm=82.17 horizontalCm=82.17 verticalCm=0.00 frameDeltaMs=117.6 renderTickDelta=7.056 fromTick=10376 toTick=10378 tickSpan=2 receivedSpanMs=0.0 t=0.926 renderOffsetMs=-2.5 sourceHorizontalCm=23.29 sourceVerticalCm=0.00 fromGrounded=1 toGrounded=1 velocity=(-6.945, -2.333, -0.772) expectedTravelCm=86.63 teleport=0 previous=(0.522, 0.008, -0.944) rendered=(-0.295, 0.008, -1.034)
[rubber-banding][udp-pump] time=190.839 frame=2028 focused=1 windowMs=1034.9 fps=9.7 packets=34 socketAvgMs=33.0 socketP95Ms=109.6 socketMaxMs=118.6 pumpAvgMs=30.4 pumpP95Ms=119.1 pumpMaxMs=188.8 queueDelayAvgMs=31.1 queueDelayP95Ms=116.2 queueDelayMaxMs=119.5 samePump=25 pumpBatchMax=6 queueDepthMax=6 frameMaxMs=119.1
[rubber-banding][local-input] time=191.698 frame=2035 focused=1 host=0 room=19 world=5 authority=5 entity=2 windowMs=1082.9 updates=9 fixedCalls=55 commands=36 predictionSteps=36 noCommandUpdates=0 estimatedHostTick=10479 nextInputTick=10488 lastRecordedTick=10488 lastResolvedTick=10476 nextLead=9 recordedLead=9 unresolved=5 clamped=1 clampedTotal=180 batchesSent=1847 commandsSent=8821 sendFailures=0 move=(0.00,0.00) jump=0
[rubber-banding][remote-render] time=191.698 frame=2035 entity=1 latestHostTick=10476 buffer=8 windowMs=1082.9 fps=8.3 snapshots=31 arrivalSamples=31 arrivalAvgMs=34.9 arrivalP95Ms=129.2 arrivalMaxMs=134.7 sameArrival=22 tickGapMax=2 renderFrames=9 interpolation=9 extrapolation=0 extrapolationCapped=0 extrapolationMaxMs=0.0 oldestHeld=0 zeroSpan=7 movingFrozen=0 teleport=0 visualStepAvgCm=0.00 visualStepMaxCm=0.00 estimatedHostTick=10479 renderTick=10473.909 latestSnapshotTick=10476.000 renderMinusLatestTicks=-2.091 estimatedMinusLatestTicks=3.000 sampleT=0.955
[rubber-banding][remote-render] time=191.698 frame=2035 entity=3 latestHostTick=10476 buffer=8 windowMs=1082.9 fps=8.3 snapshots=31 arrivalSamples=31 arrivalAvgMs=34.9 arrivalP95Ms=129.2 arrivalMaxMs=134.7 sameArrival=22 tickGapMax=2 renderFrames=9 interpolation=9 extrapolation=0 extrapolationCapped=0 extrapolationMaxMs=0.0 oldestHeld=0 zeroSpan=7 movingFrozen=0 teleport=0 visualStepAvgCm=0.00 visualStepMaxCm=0.00 estimatedHostTick=10479 renderTick=10473.909 latestSnapshotTick=10476.000 renderMinusLatestTicks=-2.091 estimatedMinusLatestTicks=3.000 sampleT=0.955
[rubber-banding][remote-render] time=191.698 frame=2035 entity=4 latestHostTick=10476 buffer=8 windowMs=1082.9 fps=8.3 snapshots=31 arrivalSamples=31 arrivalAvgMs=34.9 arrivalP95Ms=129.2 arrivalMaxMs=134.7 sameArrival=22 tickGapMax=2 renderFrames=9 interpolation=9 extrapolation=0 extrapolationCapped=0 extrapolationMaxMs=0.0 oldestHeld=0 zeroSpan=7 movingFrozen=0 teleport=0 visualStepAvgCm=60.12 visualStepMaxCm=88.35 estimatedHostTick=10479 renderTick=10473.909 latestSnapshotTick=10476.000 renderMinusLatestTicks=-2.091 estimatedMinusLatestTicks=3.000 sampleT=0.955
[rubber-banding][large-step] time=191.698 frame=2035 focused=1 entity=4 buffer=8 count=9 maxStepCm=88.35 horizontalCm=88.35 verticalCm=0.00 frameDeltaMs=126.9 renderTickDelta=7.614 fromTick=10466 toTick=10468 tickSpan=2 receivedSpanMs=0.0 t=0.480 renderOffsetMs=-17.3 sourceHorizontalCm=23.29 sourceVerticalCm=0.00 fromGrounded=1 toGrounded=1 velocity=(6.945, -2.333, 0.772) expectedTravelCm=93.49 teleport=0 previous=(-1.376, 0.008, 2.076) rendered=(-0.498, 0.008, 2.174)
[rubber-banding][udp-pump] time=191.946 frame=2037 focused=1 windowMs=1106.3 fps=8.1 packets=32 socketAvgMs=33.5 socketP95Ms=119.1 socketMaxMs=128.8 pumpAvgMs=34.6 pumpP95Ms=129.2 pumpMaxMs=134.7 queueDelayAvgMs=47.8 queueDelayP95Ms=66.4 queueDelayMaxMs=68.3 samePump=23 pumpBatchMax=4 queueDepthMax=5 frameMaxMs=134.7
[rubber-banding][local-input] time=192.744 frame=2044 focused=1 host=0 room=19 world=5 authority=5 entity=2 windowMs=1046.3 updates=9 fixedCalls=52 commands=36 predictionSteps=36 noCommandUpdates=0 estimatedHostTick=10543 nextInputTick=10549 lastRecordedTick=10549 lastResolvedTick=10538 nextLead=6 recordedLead=6 unresolved=6 clamped=1 clampedTotal=181 batchesSent=1856 commandsSent=8872 sendFailures=0 move=(0.00,0.00) jump=0
[rubber-banding][remote-render] time=192.744 frame=2044 entity=1 latestHostTick=10538 buffer=8 windowMs=1046.3 fps=8.6 snapshots=31 arrivalSamples=31 arrivalAvgMs=33.8 arrivalP95Ms=127.1 arrivalMaxMs=127.4 sameArrival=22 tickGapMax=2 renderFrames=9 interpolation=6 extrapolation=3 extrapolationCapped=0 extrapolationMaxMs=20.1 oldestHeld=0 zeroSpan=9 movingFrozen=0 teleport=0 visualStepAvgCm=0.00 visualStepMaxCm=0.00 estimatedHostTick=10543 renderTick=10537.609 latestSnapshotTick=10538.000 renderMinusLatestTicks=-0.391 estimatedMinusLatestTicks=5.000 sampleT=0.804
[rubber-banding][remote-render] time=192.744 frame=2044 entity=3 latestHostTick=10538 buffer=8 windowMs=1046.3 fps=8.6 snapshots=31 arrivalSamples=31 arrivalAvgMs=33.8 arrivalP95Ms=127.1 arrivalMaxMs=127.4 sameArrival=22 tickGapMax=2 renderFrames=9 interpolation=6 extrapolation=3 extrapolationCapped=0 extrapolationMaxMs=20.1 oldestHeld=0 zeroSpan=9 movingFrozen=0 teleport=0 visualStepAvgCm=0.00 visualStepMaxCm=0.00 estimatedHostTick=10543 renderTick=10537.609 latestSnapshotTick=10538.000 renderMinusLatestTicks=-0.391 estimatedMinusLatestTicks=5.000 sampleT=0.804
[rubber-banding][remote-render] time=192.744 frame=2044 entity=4 latestHostTick=10538 buffer=8 windowMs=1046.3 fps=8.6 snapshots=31 arrivalSamples=31 arrivalAvgMs=33.8 arrivalP95Ms=127.1 arrivalMaxMs=127.4 sameArrival=22 tickGapMax=2 renderFrames=9 interpolation=6 extrapolation=3 extrapolationCapped=0 extrapolationMaxMs=20.1 oldestHeld=0 zeroSpan=9 movingFrozen=0 teleport=0 visualStepAvgCm=62.92 visualStepMaxCm=91.76 estimatedHostTick=10543 renderTick=10537.609 latestSnapshotTick=10538.000 renderMinusLatestTicks=-0.391 estimatedMinusLatestTicks=5.000 sampleT=0.804
[rubber-banding][large-step] time=192.744 frame=2044 focused=1 entity=4 buffer=8 count=9 maxStepCm=91.76 horizontalCm=91.76 verticalCm=0.00 frameDeltaMs=127.1 renderTickDelta=7.879 fromTick=10488 toTick=10490 tickSpan=2 receivedSpanMs=0.0 t=0.539 renderOffsetMs=-15.4 sourceHorizontalCm=23.29 sourceVerticalCm=0.00 fromGrounded=1 toGrounded=1 velocity=(6.945, -2.333, 0.772) expectedTravelCm=93.62 teleport=0 previous=(1.150, 0.008, 2.357) rendered=(2.062, 0.008, 2.459)
[rubber-banding][udp-pump] time=192.964 frame=2046 focused=1 windowMs=1018.2 fps=8.8 packets=29 socketAvgMs=33.8 socketP95Ms=108.2 socketMaxMs=118.1 pumpAvgMs=35.1 pumpP95Ms=116.7 pumpMaxMs=127.4 queueDelayAvgMs=80.3 queueDelayP95Ms=90.8 queueDelayMaxMs=92.9 samePump=20 pumpBatchMax=4 queueDepthMax=4 frameMaxMs=127.4
[rubber-banding][local-input] time=193.778 frame=2053 focused=1 host=0 room=19 world=5 authority=5 entity=2 windowMs=1033.5 updates=9 fixedCalls=52 commands=36 predictionSteps=36 noCommandUpdates=0 estimatedHostTick=10602 nextInputTick=10608 lastRecordedTick=10608 lastResolvedTick=10600 nextLead=6 recordedLead=6 unresolved=5 clamped=0 clampedTotal=181 batchesSent=1865 commandsSent=8920 sendFailures=0 move=(0.00,0.00) jump=0
[rubber-banding][remote-render] time=193.778 frame=2053 entity=1 latestHostTick=10600 buffer=8 windowMs=1033.5 fps=8.7 snapshots=31 arrivalSamples=31 arrivalAvgMs=33.3 arrivalP95Ms=121.3 arrivalMaxMs=130.5 sameArrival=22 tickGapMax=2 renderFrames=9 interpolation=6 extrapolation=3 extrapolationCapped=0 extrapolationMaxMs=16.6 oldestHeld=0 zeroSpan=9 movingFrozen=0 teleport=0 visualStepAvgCm=0.00 visualStepMaxCm=0.00 estimatedHostTick=10602 renderTick=10598.672 latestSnapshotTick=10600.000 renderMinusLatestTicks=-1.328 estimatedMinusLatestTicks=2.000 sampleT=0.336
[rubber-banding][remote-render] time=193.778 frame=2053 entity=3 latestHostTick=10600 buffer=8 windowMs=1033.5 fps=8.7 snapshots=31 arrivalSamples=31 arrivalAvgMs=33.3 arrivalP95Ms=121.3 arrivalMaxMs=130.5 sameArrival=22 tickGapMax=2 renderFrames=9 interpolation=6 extrapolation=3 extrapolationCapped=0 extrapolationMaxMs=16.6 oldestHeld=0 zeroSpan=9 movingFrozen=0 teleport=0 visualStepAvgCm=0.00 visualStepMaxCm=0.00 estimatedHostTick=10602 renderTick=10598.672 latestSnapshotTick=10600.000 renderMinusLatestTicks=-1.328 estimatedMinusLatestTicks=2.000 sampleT=0.336
[rubber-banding][remote-render] time=193.778 frame=2053 entity=4 latestHostTick=10600 buffer=8 windowMs=1033.5 fps=8.7 snapshots=31 arrivalSamples=31 arrivalAvgMs=33.3 arrivalP95Ms=121.3 arrivalMaxMs=130.5 sameArrival=22 tickGapMax=2 renderFrames=9 interpolation=6 extrapolation=3 extrapolationCapped=0 extrapolationMaxMs=16.6 oldestHeld=0 zeroSpan=9 movingFrozen=0 teleport=0 visualStepAvgCm=43.81 visualStepMaxCm=48.11 estimatedHostTick=10602 renderTick=10598.672 latestSnapshotTick=10600.000 renderMinusLatestTicks=-1.328 estimatedMinusLatestTicks=2.000 sampleT=0.336
[rubber-banding][large-step] time=193.778 frame=2053 focused=1 entity=4 buffer=8 count=9 maxStepCm=48.11 horizontalCm=48.11 verticalCm=0.00 frameDeltaMs=130.5 renderTickDelta=7.831 fromTick=10576 toTick=10578 tickSpan=2 receivedSpanMs=0.0 t=1.497 renderOffsetMs=16.6 sourceHorizontalCm=13.31 sourceVerticalCm=0.00 fromGrounded=1 toGrounded=1 velocity=(-0.441, -2.333, 3.969) expectedTravelCm=60.36 teleport=0 previous=(2.468, 0.008, -0.344) rendered=(2.239, 0.008, 0.080)
[rubber-banding][udp-pump] time=193.990 frame=2055 focused=1 windowMs=1025.9 fps=8.8 packets=31 socketAvgMs=33.0 socketP95Ms=118.7 socketMaxMs=119.6 pumpAvgMs=33.1 pumpP95Ms=121.3 pumpMaxMs=130.5 queueDelayAvgMs=81.1 queueDelayP95Ms=92.0 queueDelayMaxMs=94.5 samePump=22 pumpBatchMax=4 queueDepthMax=4 frameMaxMs=130.5
[rubber-banding][local-input] time=194.854 frame=2063 focused=1 host=0 room=19 world=5 authority=5 entity=2 windowMs=1076.2 updates=10 fixedCalls=53 commands=40 predictionSteps=40 noCommandUpdates=0 estimatedHostTick=10667 nextInputTick=10673 lastRecordedTick=10673 lastResolvedTick=10664 nextLead=6 recordedLead=6 unresolved=5 clamped=0 clampedTotal=181 batchesSent=1875 commandsSent=8971 sendFailures=0 move=(0.00,0.00) jump=0
[rubber-banding][remote-render] time=194.854 frame=2063 entity=1 latestHostTick=10664 buffer=8 windowMs=1076.2 fps=9.3 snapshots=32 arrivalSamples=32 arrivalAvgMs=33.6 arrivalP95Ms=121.7 arrivalMaxMs=124.3 sameArrival=22 tickGapMax=2 renderFrames=10 interpolation=8 extrapolation=2 extrapolationCapped=0 extrapolationMaxMs=3.3 oldestHeld=0 zeroSpan=9 movingFrozen=0 teleport=0 visualStepAvgCm=0.00 visualStepMaxCm=0.00 estimatedHostTick=10667 renderTick=10662.801 latestSnapshotTick=10664.000 renderMinusLatestTicks=-1.199 estimatedMinusLatestTicks=3.000 sampleT=0.401
[rubber-banding][remote-render] time=194.854 frame=2063 entity=3 latestHostTick=10664 buffer=8 windowMs=1076.2 fps=9.3 snapshots=32 arrivalSamples=32 arrivalAvgMs=33.6 arrivalP95Ms=121.7 arrivalMaxMs=124.3 sameArrival=22 tickGapMax=2 renderFrames=10 interpolation=8 extrapolation=2 extrapolationCapped=0 extrapolationMaxMs=3.3 oldestHeld=0 zeroSpan=9 movingFrozen=0 teleport=0 visualStepAvgCm=0.00 visualStepMaxCm=0.00 estimatedHostTick=10667 renderTick=10662.801 latestSnapshotTick=10664.000 renderMinusLatestTicks=-1.199 estimatedMinusLatestTicks=3.000 sampleT=0.401
[rubber-banding][remote-render] time=194.854 frame=2063 entity=4 latestHostTick=10664 buffer=8 windowMs=1076.2 fps=9.3 snapshots=32 arrivalSamples=32 arrivalAvgMs=33.6 arrivalP95Ms=121.7 arrivalMaxMs=124.3 sameArrival=22 tickGapMax=2 renderFrames=10 interpolation=8 extrapolation=2 extrapolationCapped=0 extrapolationMaxMs=3.3 oldestHeld=0 zeroSpan=9 movingFrozen=0 teleport=0 visualStepAvgCm=42.30 visualStepMaxCm=49.60 estimatedHostTick=10667 renderTick=10662.801 latestSnapshotTick=10664.000 renderMinusLatestTicks=-1.199 estimatedMinusLatestTicks=3.000 sampleT=0.401
[rubber-banding][large-step] time=194.854 frame=2063 focused=1 entity=4 buffer=8 count=10 maxStepCm=49.60 horizontalCm=49.60 verticalCm=0.00 frameDeltaMs=124.3 renderTickDelta=7.460 fromTick=10644 toTick=10646 tickSpan=2 receivedSpanMs=0.0 t=1.017 renderOffsetMs=0.6 sourceHorizontalCm=13.30 sourceVerticalCm=0.00 fromGrounded=1 toGrounded=1 velocity=(-3.118, -2.333, 2.488) expectedTravelCm=57.46 teleport=0 previous=(1.776, 0.008, 4.006) rendered=(1.388, 0.008, 4.316)
[rubber-banding][udp-pump] time=195.076 frame=2065 focused=1 windowMs=1085.8 fps=9.2 packets=33 socketAvgMs=33.0 socketP95Ms=121.0 socketMaxMs=126.2 pumpAvgMs=32.9 pumpP95Ms=122.0 pumpMaxMs=124.3 queueDelayAvgMs=77.3 queueDelayP95Ms=96.0 queueDelayMaxMs=97.4 samePump=23 pumpBatchMax=4 queueDepthMax=5 frameMaxMs=124.3
[rubber-banding][local-input] time=195.877 frame=2072 focused=1 host=0 room=19 world=5 authority=5 entity=2 windowMs=1022.7 updates=9 fixedCalls=52 commands=36 predictionSteps=36 noCommandUpdates=0 estimatedHostTick=10730 nextInputTick=10735 lastRecordedTick=10735 lastResolvedTick=10724 nextLead=5 recordedLead=5 unresolved=5 clamped=0 clampedTotal=181 batchesSent=1884 commandsSent=9016 sendFailures=0 move=(0.00,0.00) jump=0
[rubber-banding][remote-render] time=195.877 frame=2072 entity=1 latestHostTick=10724 buffer=8 windowMs=1022.7 fps=8.8 snapshots=30 arrivalSamples=30 arrivalAvgMs=34.1 arrivalP95Ms=123.7 arrivalMaxMs=132.8 sameArrival=21 tickGapMax=2 renderFrames=9 interpolation=7 extrapolation=2 extrapolationCapped=0 extrapolationMaxMs=10.0 oldestHeld=0 zeroSpan=9 movingFrozen=0 teleport=0 visualStepAvgCm=0.00 visualStepMaxCm=0.00 estimatedHostTick=10730 renderTick=10724.364 latestSnapshotTick=10724.000 renderMinusLatestTicks=0.364 estimatedMinusLatestTicks=6.000 sampleT=1.182
[rubber-banding][remote-render] time=195.877 frame=2072 entity=3 latestHostTick=10724 buffer=8 windowMs=1022.7 fps=8.8 snapshots=30 arrivalSamples=30 arrivalAvgMs=34.1 arrivalP95Ms=123.7 arrivalMaxMs=132.8 sameArrival=21 tickGapMax=2 renderFrames=9 interpolation=7 extrapolation=2 extrapolationCapped=0 extrapolationMaxMs=10.0 oldestHeld=0 zeroSpan=9 movingFrozen=0 teleport=0 visualStepAvgCm=0.00 visualStepMaxCm=0.00 estimatedHostTick=10730 renderTick=10724.364 latestSnapshotTick=10724.000 renderMinusLatestTicks=0.364 estimatedMinusLatestTicks=6.000 sampleT=1.182
[rubber-banding][remote-render] time=195.877 frame=2072 entity=4 latestHostTick=10724 buffer=8 windowMs=1022.7 fps=8.8 snapshots=30 arrivalSamples=30 arrivalAvgMs=34.1 arrivalP95Ms=123.7 arrivalMaxMs=132.8 sameArrival=21 tickGapMax=2 renderFrames=9 interpolation=7 extrapolation=2 extrapolationCapped=0 extrapolationMaxMs=10.0 oldestHeld=0 zeroSpan=9 movingFrozen=0 teleport=0 visualStepAvgCm=50.73 visualStepMaxCm=77.54 estimatedHostTick=10730 renderTick=10724.364 latestSnapshotTick=10724.000 renderMinusLatestTicks=0.364 estimatedMinusLatestTicks=6.000 sampleT=1.182
[rubber-banding][large-step] time=195.877 frame=2072 focused=1 entity=4 buffer=8 count=9 maxStepCm=77.54 horizontalCm=53.02 verticalCm=56.57 frameDeltaMs=132.8 renderTickDelta=7.968 fromTick=10702 toTick=10704 tickSpan=2 receivedSpanMs=0.0 t=1.301 renderOffsetMs=10.0 sourceHorizontalCm=13.31 sourceVerticalCm=11.43 fromGrounded=0 toGrounded=0 velocity=(0.441, 3.262, -3.969) expectedTravelCm=68.47 teleport=0 previous=(-1.336, 0.379, 3.605) rendered=(-1.278, 0.944, 3.078)
[rubber-banding][jump-step] time=195.877 frame=2072 focused=1 entity=4 buffer=8 count=4 maxVerticalCm=56.57 horizontalCm=53.02 verticalCm=56.57 frameDeltaMs=132.8 renderTickDelta=7.968 fromTick=10702 toTick=10704 tickSpan=2 receivedSpanMs=0.0 t=1.301 renderOffsetMs=10.0 sourceHorizontalCm=13.31 sourceVerticalCm=11.43 fromGrounded=0 toGrounded=0 velocity=(0.441, 3.262, -3.969) expectedTravelCm=68.47 teleport=0 previous=(-1.336, 0.379, 3.605) rendered=(-1.278, 0.944, 3.078)
[rubber-banding][udp-pump] time=196.110 frame=2074 focused=1 windowMs=1034.7 fps=8.7 packets=31 socketAvgMs=33.6 socketP95Ms=122.9 socketMaxMs=123.4 pumpAvgMs=33.4 pumpP95Ms=123.7 pumpMaxMs=132.8 queueDelayAvgMs=81.9 queueDelayP95Ms=105.2 queueDelayMaxMs=106.2 samePump=22 pumpBatchMax=4 queueDepthMax=5 frameMaxMs=132.8
[rubber-banding][local-input] time=196.980 frame=2081 focused=1 host=0 room=19 world=5 authority=5 entity=2 windowMs=1103.1 updates=9 fixedCalls=55 commands=36 predictionSteps=36 noCommandUpdates=0 estimatedHostTick=10794 nextInputTick=10800 lastRecordedTick=10800 lastResolvedTick=10790 nextLead=6 recordedLead=6 unresolved=5 clamped=0 clampedTotal=181 batchesSent=1893 commandsSent=9060 sendFailures=0 move=(0.00,0.00) jump=0
[rubber-banding][remote-render] time=196.980 frame=2081 entity=1 latestHostTick=10790 buffer=8 windowMs=1103.1 fps=8.2 snapshots=33 arrivalSamples=33 arrivalAvgMs=33.4 arrivalP95Ms=132.3 arrivalMaxMs=133.0 sameArrival=24 tickGapMax=2 renderFrames=9 interpolation=7 extrapolation=2 extrapolationCapped=0 extrapolationMaxMs=12.3 oldestHeld=0 zeroSpan=9 movingFrozen=0 teleport=0 visualStepAvgCm=0.00 visualStepMaxCm=0.00 estimatedHostTick=10794 renderTick=10790.081 latestSnapshotTick=10790.000 renderMinusLatestTicks=0.081 estimatedMinusLatestTicks=4.000 sampleT=1.040
[rubber-banding][remote-render] time=196.980 frame=2081 entity=3 latestHostTick=10790 buffer=8 windowMs=1103.1 fps=8.2 snapshots=33 arrivalSamples=33 arrivalAvgMs=33.4 arrivalP95Ms=132.3 arrivalMaxMs=133.0 sameArrival=24 tickGapMax=2 renderFrames=9 interpolation=7 extrapolation=2 extrapolationCapped=0 extrapolationMaxMs=12.3 oldestHeld=0 zeroSpan=9 movingFrozen=0 teleport=0 visualStepAvgCm=0.00 visualStepMaxCm=0.00 estimatedHostTick=10794 renderTick=10790.081 latestSnapshotTick=10790.000 renderMinusLatestTicks=0.081 estimatedMinusLatestTicks=4.000 sampleT=1.040
[rubber-banding][remote-render] time=196.980 frame=2081 entity=4 latestHostTick=10790 buffer=8 windowMs=1103.1 fps=8.2 snapshots=33 arrivalSamples=33 arrivalAvgMs=33.4 arrivalP95Ms=132.3 arrivalMaxMs=133.0 sameArrival=24 tickGapMax=2 renderFrames=9 interpolation=7 extrapolation=2 extrapolationCapped=0 extrapolationMaxMs=12.3 oldestHeld=0 zeroSpan=9 movingFrozen=0 teleport=0 visualStepAvgCm=60.23 visualStepMaxCm=84.95 estimatedHostTick=10794 renderTick=10790.081 latestSnapshotTick=10790.000 renderMinusLatestTicks=0.081 estimatedMinusLatestTicks=4.000 sampleT=1.040
[rubber-banding][large-step] time=196.980 frame=2081 focused=1 entity=4 buffer=8 count=9 maxStepCm=84.95 horizontalCm=52.76 verticalCm=66.58 frameDeltaMs=132.3 renderTickDelta=7.936 fromTick=10752 toTick=10754 tickSpan=2 receivedSpanMs=0.0 t=0.078 renderOffsetMs=-30.7 sourceHorizontalCm=13.31 sourceVerticalCm=11.43 fromGrounded=0 toGrounded=0 velocity=(2.630, 3.262, 3.004) expectedTravelCm=68.19 teleport=0 previous=(-0.367, 0.140, 1.529) rendered=(-0.038, 0.806, 1.941)
[rubber-banding][jump-step] time=196.980 frame=2081 focused=1 entity=4 buffer=8 count=7 maxVerticalCm=66.58 horizontalCm=52.76 verticalCm=66.58 frameDeltaMs=132.3 renderTickDelta=7.936 fromTick=10752 toTick=10754 tickSpan=2 receivedSpanMs=0.0 t=0.078 renderOffsetMs=-30.7 sourceHorizontalCm=13.31 sourceVerticalCm=11.43 fromGrounded=0 toGrounded=0 velocity=(2.630, 3.262, 3.004) expectedTravelCm=68.19 teleport=0 previous=(-0.367, 0.140, 1.529) rendered=(-0.038, 0.806, 1.941)
[rubber-banding][udp-pump] time=197.197 frame=2083 focused=1 windowMs=1087.1 fps=8.3 packets=32 socketAvgMs=33.8 socketP95Ms=123.0 socketMaxMs=129.9 pumpAvgMs=34.0 pumpP95Ms=132.3 pumpMaxMs=133.0 queueDelayAvgMs=88.9 queueDelayP95Ms=103.7 queueDelayMaxMs=105.7 samePump=23 pumpBatchMax=4 queueDepthMax=5 frameMaxMs=133.0
[rubber-banding][local-input] time=198.079 frame=2091 focused=1 host=0 room=19 world=5 authority=5 entity=2 windowMs=1099.4 updates=10 fixedCalls=55 commands=40 predictionSteps=40 noCommandUpdates=0 estimatedHostTick=10861 nextInputTick=10867 lastRecordedTick=10867 lastResolvedTick=10856 nextLead=6 recordedLead=6 unresolved=7 clamped=0 clampedTotal=181 batchesSent=1903 commandsSent=9112 sendFailures=0 move=(0.00,0.00) jump=0
[rubber-banding][remote-render] time=198.079 frame=2091 entity=1 latestHostTick=10856 buffer=8 windowMs=1099.4 fps=9.1 snapshots=33 arrivalSamples=33 arrivalAvgMs=33.3 arrivalP95Ms=119.1 arrivalMaxMs=122.7 sameArrival=23 tickGapMax=2 renderFrames=10 interpolation=9 extrapolation=1 extrapolationCapped=0 extrapolationMaxMs=0.8 oldestHeld=0 zeroSpan=10 movingFrozen=0 teleport=0 visualStepAvgCm=0.00 visualStepMaxCm=0.00 estimatedHostTick=10861 renderTick=10856.046 latestSnapshotTick=10856.000 renderMinusLatestTicks=0.046 estimatedMinusLatestTicks=5.000 sampleT=1.023
[rubber-banding][remote-render] time=198.079 frame=2091 entity=3 latestHostTick=10856 buffer=8 windowMs=1099.4 fps=9.1 snapshots=33 arrivalSamples=33 arrivalAvgMs=33.3 arrivalP95Ms=119.1 arrivalMaxMs=122.7 sameArrival=23 tickGapMax=2 renderFrames=10 interpolation=9 extrapolation=1 extrapolationCapped=0 extrapolationMaxMs=0.8 oldestHeld=0 zeroSpan=10 movingFrozen=0 teleport=0 visualStepAvgCm=0.00 visualStepMaxCm=0.00 estimatedHostTick=10861 renderTick=10856.046 latestSnapshotTick=10856.000 renderMinusLatestTicks=0.046 estimatedMinusLatestTicks=5.000 sampleT=1.023
[rubber-banding][remote-render] time=198.079 frame=2091 entity=4 latestHostTick=10856 buffer=8 windowMs=1099.4 fps=9.1 snapshots=33 arrivalSamples=33 arrivalAvgMs=33.3 arrivalP95Ms=119.1 arrivalMaxMs=122.7 sameArrival=23 tickGapMax=2 renderFrames=10 interpolation=9 extrapolation=1 extrapolationCapped=0 extrapolationMaxMs=0.8 oldestHeld=0 zeroSpan=10 movingFrozen=0 teleport=0 visualStepAvgCm=52.12 visualStepMaxCm=70.88 estimatedHostTick=10861 renderTick=10856.046 latestSnapshotTick=10856.000 renderMinusLatestTicks=0.046 estimatedMinusLatestTicks=5.000 sampleT=1.023
[rubber-banding][large-step] time=198.079 frame=2091 focused=1 entity=4 buffer=8 count=10 maxStepCm=70.88 horizontalCm=44.00 verticalCm=55.57 frameDeltaMs=110.3 renderTickDelta=6.619 fromTick=10802 toTick=10804 tickSpan=2 receivedSpanMs=0.0 t=0.567 renderOffsetMs=-14.4 sourceHorizontalCm=13.31 sourceVerticalCm=15.87 fromGrounded=0 toGrounded=0 velocity=(-2.875, 4.595, -2.771) expectedTravelCm=67.16 teleport=0 previous=(1.675, 0.036, 1.993) rendered=(1.382, 0.592, 1.665)
[rubber-banding][jump-step] time=198.079 frame=2091 focused=1 entity=4 buffer=8 count=6 maxVerticalCm=55.57 horizontalCm=44.00 verticalCm=55.57 frameDeltaMs=110.3 renderTickDelta=6.619 fromTick=10802 toTick=10804 tickSpan=2 receivedSpanMs=0.0 t=0.567 renderOffsetMs=-14.4 sourceHorizontalCm=13.31 sourceVerticalCm=15.87 fromGrounded=0 toGrounded=0 velocity=(-2.875, 4.595, -2.771) expectedTravelCm=67.16 teleport=0 previous=(1.675, 0.036, 1.993) rendered=(1.382, 0.592, 1.665)
[rubber-banding][udp-pump] time=198.207 frame=2092 focused=1 windowMs=1009.9 fps=8.9 packets=30 socketAvgMs=32.7 socketP95Ms=113.1 socketMaxMs=117.4 pumpAvgMs=33.7 pumpP95Ms=122.7 pumpMaxMs=128.1 queueDelayAvgMs=84.2 queueDelayP95Ms=113.7 queueDelayMaxMs=118.2 samePump=21 pumpBatchMax=4 queueDepthMax=5 frameMaxMs=128.1
[rubber-banding][local-input] time=199.127 frame=2100 focused=1 host=0 room=19 world=5 authority=5 entity=2 windowMs=1047.6 updates=9 fixedCalls=52 commands=34 predictionSteps=34 noCommandUpdates=0 estimatedHostTick=10923 nextInputTick=10929 lastRecordedTick=10929 lastResolvedTick=10924 nextLead=6 recordedLead=6 unresolved=4 clamped=0 clampedTotal=181 batchesSent=1912 commandsSent=9150 sendFailures=0 move=(0.00,0.00) jump=0
[rubber-banding][remote-render] time=199.127 frame=2100 entity=1 latestHostTick=10924 buffer=8 windowMs=1047.6 fps=8.6 snapshots=34 arrivalSamples=34 arrivalAvgMs=30.8 arrivalP95Ms=128.1 arrivalMaxMs=135.7 sameArrival=25 tickGapMax=2 renderFrames=9 interpolation=8 extrapolation=1 extrapolationCapped=0 extrapolationMaxMs=14.1 oldestHeld=0 zeroSpan=6 movingFrozen=0 teleport=0 visualStepAvgCm=0.00 visualStepMaxCm=0.00 estimatedHostTick=10923 renderTick=10918.393 latestSnapshotTick=10924.000 renderMinusLatestTicks=-5.607 estimatedMinusLatestTicks=-1.000 sampleT=0.196
[rubber-banding][remote-render] time=199.127 frame=2100 entity=3 latestHostTick=10924 buffer=8 windowMs=1047.6 fps=8.6 snapshots=34 arrivalSamples=34 arrivalAvgMs=30.8 arrivalP95Ms=128.1 arrivalMaxMs=135.7 sameArrival=25 tickGapMax=2 renderFrames=9 interpolation=8 extrapolation=1 extrapolationCapped=0 extrapolationMaxMs=14.1 oldestHeld=0 zeroSpan=6 movingFrozen=0 teleport=0 visualStepAvgCm=0.00 visualStepMaxCm=0.00 estimatedHostTick=10923 renderTick=10918.393 latestSnapshotTick=10924.000 renderMinusLatestTicks=-5.607 estimatedMinusLatestTicks=-1.000 sampleT=0.196
[rubber-banding][remote-render] time=199.127 frame=2100 entity=4 latestHostTick=10924 buffer=8 windowMs=1047.6 fps=8.6 snapshots=34 arrivalSamples=34 arrivalAvgMs=30.8 arrivalP95Ms=128.1 arrivalMaxMs=135.7 sameArrival=25 tickGapMax=2 renderFrames=9 interpolation=8 extrapolation=1 extrapolationCapped=0 extrapolationMaxMs=14.1 oldestHeld=0 zeroSpan=6 movingFrozen=0 teleport=0 visualStepAvgCm=45.08 visualStepMaxCm=75.28 estimatedHostTick=10923 renderTick=10918.393 latestSnapshotTick=10924.000 renderMinusLatestTicks=-5.607 estimatedMinusLatestTicks=-1.000 sampleT=0.196
[rubber-banding][large-step] time=199.127 frame=2100 focused=1 entity=4 buffer=8 count=7 maxStepCm=75.28 horizontalCm=75.28 verticalCm=0.00 frameDeltaMs=122.7 renderTickDelta=7.363 fromTick=10898 toTick=10900 tickSpan=2 receivedSpanMs=122.7 t=0.281 renderOffsetMs=-24.0 sourceHorizontalCm=13.29 sourceVerticalCm=0.00 fromGrounded=1 toGrounded=1 velocity=(3.632, -2.333, 0.404) expectedTravelCm=53.20 teleport=0 previous=(1.972, 0.008, 2.614) rendered=(2.720, 0.008, 2.697)
[rubber-banding][udp-pump] time=199.244 frame=2101 focused=1 windowMs=1036.6 fps=8.7 packets=34 socketAvgMs=33.2 socketP95Ms=118.8 socketMaxMs=124.6 pumpAvgMs=30.5 pumpP95Ms=122.7 pumpMaxMs=135.7 queueDelayAvgMs=49.5 queueDelayP95Ms=117.6 queueDelayMaxMs=119.1 samePump=25 pumpBatchMax=7 queueDepthMax=7 frameMaxMs=135.7
[rubber-banding][local-input] time=200.173 frame=2109 focused=1 host=0 room=19 world=5 authority=5 entity=2 windowMs=1046.2 updates=9 fixedCalls=52 commands=36 predictionSteps=36 noCommandUpdates=0 estimatedHostTick=10991 nextInputTick=10997 lastRecordedTick=10997 lastResolvedTick=10986 nextLead=6 recordedLead=6 unresolved=5 clamped=0 clampedTotal=181 batchesSent=1921 commandsSent=9194 sendFailures=0 move=(0.00,0.00) jump=0
[rubber-banding][remote-render] time=200.173 frame=2109 entity=1 latestHostTick=10986 buffer=8 windowMs=1046.2 fps=8.6 snapshots=31 arrivalSamples=31 arrivalAvgMs=33.7 arrivalP95Ms=122.4 arrivalMaxMs=134.8 sameArrival=22 tickGapMax=2 renderFrames=9 interpolation=9 extrapolation=0 extrapolationCapped=0 extrapolationMaxMs=0.0 oldestHeld=0 zeroSpan=7 movingFrozen=0 teleport=0 visualStepAvgCm=0.00 visualStepMaxCm=0.00 estimatedHostTick=10991 renderTick=10983.257 latestSnapshotTick=10986.000 renderMinusLatestTicks=-2.743 estimatedMinusLatestTicks=5.000 sampleT=0.629
[rubber-banding][remote-render] time=200.173 frame=2109 entity=3 latestHostTick=10986 buffer=8 windowMs=1046.2 fps=8.6 snapshots=31 arrivalSamples=31 arrivalAvgMs=33.7 arrivalP95Ms=122.4 arrivalMaxMs=134.8 sameArrival=22 tickGapMax=2 renderFrames=9 interpolation=9 extrapolation=0 extrapolationCapped=0 extrapolationMaxMs=0.0 oldestHeld=0 zeroSpan=7 movingFrozen=0 teleport=0 visualStepAvgCm=0.00 visualStepMaxCm=0.00 estimatedHostTick=10991 renderTick=10983.257 latestSnapshotTick=10986.000 renderMinusLatestTicks=-2.743 estimatedMinusLatestTicks=5.000 sampleT=0.629
[rubber-banding][remote-render] time=200.173 frame=2109 entity=4 latestHostTick=10986 buffer=8 windowMs=1046.2 fps=8.6 snapshots=31 arrivalSamples=31 arrivalAvgMs=33.7 arrivalP95Ms=122.4 arrivalMaxMs=134.8 sameArrival=22 tickGapMax=2 renderFrames=9 interpolation=9 extrapolation=0 extrapolationCapped=0 extrapolationMaxMs=0.0 oldestHeld=0 zeroSpan=7 movingFrozen=0 teleport=0 visualStepAvgCm=27.32 visualStepMaxCm=49.82 estimatedHostTick=10991 renderTick=10983.257 latestSnapshotTick=10986.000 renderMinusLatestTicks=-2.743 estimatedMinusLatestTicks=5.000 sampleT=0.629
[rubber-banding][large-step] time=200.173 frame=2109 focused=1 entity=4 buffer=8 count=5 maxStepCm=49.82 horizontalCm=49.82 verticalCm=0.00 frameDeltaMs=122.4 renderTickDelta=7.590 fromTick=10932 toTick=10934 tickSpan=2 receivedSpanMs=122.4 t=0.619 renderOffsetMs=-12.7 sourceHorizontalCm=12.20 sourceVerticalCm=0.00 fromGrounded=1 toGrounded=1 velocity=(-3.306, -2.333, -0.367) expectedTravelCm=49.74 teleport=0 previous=(1.864, 0.008, 2.602) rendered=(1.369, 0.008, 2.547)
[rubber-banding][udp-pump] time=200.269 frame=2110 focused=1 windowMs=1025.6 fps=8.8 packets=30 socketAvgMs=34.1 socketP95Ms=120.0 socketMaxMs=126.0 pumpAvgMs=34.2 pumpP95Ms=122.4 pumpMaxMs=134.8 queueDelayAvgMs=23.1 queueDelayP95Ms=35.0 queueDelayMaxMs=36.7 samePump=21 pumpBatchMax=4 queueDepthMax=4 frameMaxMs=134.8
[rubber-banding][local-input] time=201.199 frame=2118 focused=1 host=0 room=19 world=5 authority=5 entity=2 windowMs=1026.0 updates=9 fixedCalls=52 commands=35 predictionSteps=35 noCommandUpdates=0 estimatedHostTick=11051 nextInputTick=11056 lastRecordedTick=11056 lastResolvedTick=11048 nextLead=5 recordedLead=5 unresolved=5 clamped=0 clampedTotal=181 batchesSent=1930 commandsSent=9235 sendFailures=0 move=(0.00,0.00) jump=0
[rubber-banding][remote-render] time=201.199 frame=2118 entity=1 latestHostTick=11048 buffer=8 windowMs=1026.0 fps=8.8 snapshots=31 arrivalSamples=31 arrivalAvgMs=33.1 arrivalP95Ms=124.1 arrivalMaxMs=126.7 sameArrival=22 tickGapMax=2 renderFrames=9 interpolation=9 extrapolation=0 extrapolationCapped=0 extrapolationMaxMs=0.0 oldestHeld=0 zeroSpan=9 movingFrozen=0 teleport=0 visualStepAvgCm=0.00 visualStepMaxCm=0.00 estimatedHostTick=11051 renderTick=11045.659 latestSnapshotTick=11048.000 renderMinusLatestTicks=-2.341 estimatedMinusLatestTicks=3.000 sampleT=0.829
[rubber-banding][remote-render] time=201.199 frame=2118 entity=3 latestHostTick=11048 buffer=8 windowMs=1026.0 fps=8.8 snapshots=31 arrivalSamples=31 arrivalAvgMs=33.1 arrivalP95Ms=124.1 arrivalMaxMs=126.7 sameArrival=22 tickGapMax=2 renderFrames=9 interpolation=9 extrapolation=0 extrapolationCapped=0 extrapolationMaxMs=0.0 oldestHeld=0 zeroSpan=9 movingFrozen=0 teleport=0 visualStepAvgCm=0.00 visualStepMaxCm=0.00 estimatedHostTick=11051 renderTick=11045.659 latestSnapshotTick=11048.000 renderMinusLatestTicks=-2.341 estimatedMinusLatestTicks=3.000 sampleT=0.829
[rubber-banding][remote-render] time=201.199 frame=2118 entity=4 latestHostTick=11048 buffer=8 windowMs=1026.0 fps=8.8 snapshots=31 arrivalSamples=31 arrivalAvgMs=33.1 arrivalP95Ms=124.1 arrivalMaxMs=126.7 sameArrival=22 tickGapMax=2 renderFrames=9 interpolation=9 extrapolation=0 extrapolationCapped=0 extrapolationMaxMs=0.0 oldestHeld=0 zeroSpan=9 movingFrozen=0 teleport=0 visualStepAvgCm=33.88 visualStepMaxCm=46.70 estimatedHostTick=11051 renderTick=11045.659 latestSnapshotTick=11048.000 renderMinusLatestTicks=-2.341 estimatedMinusLatestTicks=3.000 sampleT=0.829
[rubber-banding][large-step] time=201.199 frame=2118 focused=1 entity=4 buffer=8 count=6 maxStepCm=46.70 horizontalCm=46.70 verticalCm=0.00 frameDeltaMs=126.7 renderTickDelta=7.600 fromTick=11044 toTick=11046 tickSpan=2 receivedSpanMs=0.0 t=0.829 renderOffsetMs=-5.7 sourceHorizontalCm=13.30 sourceVerticalCm=0.00 fromGrounded=1 toGrounded=1 velocity=(3.118, -2.333, -2.488) expectedTravelCm=58.54 teleport=0 previous=(2.839, 0.008, 3.409) rendered=(3.058, 0.008, 2.997)
[rubber-banding][udp-pump] time=201.319 frame=2119 focused=1 windowMs=1049.6 fps=8.6 packets=32 socketAvgMs=33.0 socketP95Ms=117.3 socketMaxMs=126.1 pumpAvgMs=32.8 pumpP95Ms=124.1 pumpMaxMs=126.7 queueDelayAvgMs=15.9 queueDelayP95Ms=24.4 queueDelayMaxMs=27.0 samePump=23 pumpBatchMax=4 queueDepthMax=5 frameMaxMs=126.7
[rubber-banding][local-input] time=202.214 frame=2126 focused=1 host=0 room=19 world=5 authority=5 entity=2 windowMs=1014.5 updates=8 fixedCalls=50 commands=31 predictionSteps=31 noCommandUpdates=0 estimatedHostTick=11113 nextInputTick=11119 lastRecordedTick=11119 lastResolvedTick=11110 nextLead=6 recordedLead=6 unresolved=5 clamped=1 clampedTotal=182 batchesSent=1938 commandsSent=9275 sendFailures=0 move=(0.00,0.00) jump=0
[rubber-banding][remote-render] time=202.214 frame=2126 entity=1 latestHostTick=11110 buffer=8 windowMs=1014.5 fps=7.9 snapshots=31 arrivalSamples=31 arrivalAvgMs=32.7 arrivalP95Ms=139.9 arrivalMaxMs=237.9 sameArrival=24 tickGapMax=2 renderFrames=8 interpolation=7 extrapolation=1 extrapolationCapped=0 extrapolationMaxMs=80.7 oldestHeld=0 zeroSpan=8 movingFrozen=0 teleport=0 visualStepAvgCm=0.00 visualStepMaxCm=0.00 estimatedHostTick=11113 renderTick=11107.389 latestSnapshotTick=11110.000 renderMinusLatestTicks=-2.611 estimatedMinusLatestTicks=3.000 sampleT=0.694
[rubber-banding][remote-render] time=202.214 frame=2126 entity=3 latestHostTick=11110 buffer=8 windowMs=1014.5 fps=7.9 snapshots=31 arrivalSamples=31 arrivalAvgMs=32.7 arrivalP95Ms=139.9 arrivalMaxMs=237.9 sameArrival=24 tickGapMax=2 renderFrames=8 interpolation=7 extrapolation=1 extrapolationCapped=0 extrapolationMaxMs=80.7 oldestHeld=0 zeroSpan=8 movingFrozen=0 teleport=0 visualStepAvgCm=0.00 visualStepMaxCm=0.00 estimatedHostTick=11113 renderTick=11107.389 latestSnapshotTick=11110.000 renderMinusLatestTicks=-2.611 estimatedMinusLatestTicks=3.000 sampleT=0.694
[rubber-banding][remote-render] time=202.214 frame=2126 entity=4 latestHostTick=11110 buffer=8 windowMs=1014.5 fps=7.9 snapshots=31 arrivalSamples=31 arrivalAvgMs=32.7 arrivalP95Ms=139.9 arrivalMaxMs=237.9 sameArrival=24 tickGapMax=2 renderFrames=8 interpolation=7 extrapolation=1 extrapolationCapped=0 extrapolationMaxMs=80.7 oldestHeld=0 zeroSpan=8 movingFrozen=0 teleport=0 visualStepAvgCm=38.22 visualStepMaxCm=52.75 estimatedHostTick=11113 renderTick=11107.389 latestSnapshotTick=11110.000 renderMinusLatestTicks=-2.611 estimatedMinusLatestTicks=3.000 sampleT=0.694
[rubber-banding][large-step] time=202.214 frame=2126 focused=1 entity=4 buffer=8 count=6 maxStepCm=52.75 horizontalCm=52.75 verticalCm=0.00 frameDeltaMs=137.4 renderTickDelta=8.425 fromTick=11092 toTick=11094 tickSpan=2 receivedSpanMs=0.0 t=0.100 renderOffsetMs=-30.0 sourceHorizontalCm=13.30 sourceVerticalCm=0.00 fromGrounded=1 toGrounded=1 velocity=(3.118, -2.333, -2.488) expectedTravelCm=63.48 teleport=0 previous=(4.107, 0.008, 3.361) rendered=(4.577, 0.008, 3.120)
[rubber-banding][udp-pump] time=202.364 frame=2127 focused=1 windowMs=1044.7 fps=7.7 packets=31 socketAvgMs=33.0 socketP95Ms=140.4 socketMaxMs=141.9 pumpAvgMs=33.7 pumpP95Ms=150.2 pumpMaxMs=237.9 queueDelayAvgMs=27.7 queueDelayP95Ms=108.9 queueDelayMaxMs=108.9 samePump=24 pumpBatchMax=7 queueDepthMax=7 frameMaxMs=150.2
[rubber-banding][local-input] time=203.222 frame=2134 focused=1 host=0 room=19 world=5 authority=5 entity=2 windowMs=1008.1 updates=8 fixedCalls=51 commands=32 predictionSteps=32 noCommandUpdates=0 estimatedHostTick=11174 nextInputTick=11181 lastRecordedTick=11180 lastResolvedTick=11168 nextLead=7 recordedLead=6 unresolved=6 clamped=4 clampedTotal=186 batchesSent=1946 commandsSent=9322 sendFailures=0 move=(0.00,0.00) jump=0
[rubber-banding][remote-render] time=203.222 frame=2134 entity=1 latestHostTick=11168 buffer=8 windowMs=1008.1 fps=7.9 snapshots=29 arrivalSamples=29 arrivalAvgMs=34.8 arrivalP95Ms=147.6 arrivalMaxMs=150.2 sameArrival=21 tickGapMax=2 renderFrames=8 interpolation=4 extrapolation=4 extrapolationCapped=0 extrapolationMaxMs=23.1 oldestHeld=0 zeroSpan=8 movingFrozen=0 teleport=0 visualStepAvgCm=0.00 visualStepMaxCm=0.00 estimatedHostTick=11174 renderTick=11168.200 latestSnapshotTick=11168.000 renderMinusLatestTicks=0.200 estimatedMinusLatestTicks=6.000 sampleT=1.100
[rubber-banding][remote-render] time=203.222 frame=2134 entity=3 latestHostTick=11168 buffer=8 windowMs=1008.1 fps=7.9 snapshots=29 arrivalSamples=29 arrivalAvgMs=34.8 arrivalP95Ms=147.6 arrivalMaxMs=150.2 sameArrival=21 tickGapMax=2 renderFrames=8 interpolation=4 extrapolation=4 extrapolationCapped=0 extrapolationMaxMs=23.1 oldestHeld=0 zeroSpan=8 movingFrozen=0 teleport=0 visualStepAvgCm=0.00 visualStepMaxCm=0.00 estimatedHostTick=11174 renderTick=11168.200 latestSnapshotTick=11168.000 renderMinusLatestTicks=0.200 estimatedMinusLatestTicks=6.000 sampleT=1.100
[rubber-banding][remote-render] time=203.222 frame=2134 entity=4 latestHostTick=11168 buffer=8 windowMs=1008.1 fps=7.9 snapshots=29 arrivalSamples=29 arrivalAvgMs=34.8 arrivalP95Ms=147.6 arrivalMaxMs=150.2 sameArrival=21 tickGapMax=2 renderFrames=8 interpolation=4 extrapolation=4 extrapolationCapped=0 extrapolationMaxMs=23.1 oldestHeld=0 zeroSpan=8 movingFrozen=0 teleport=0 visualStepAvgCm=46.32 visualStepMaxCm=54.31 estimatedHostTick=11174 renderTick=11168.200 latestSnapshotTick=11168.000 renderMinusLatestTicks=0.200 estimatedMinusLatestTicks=6.000 sampleT=1.100
[rubber-banding][large-step] time=203.222 frame=2134 focused=1 entity=4 buffer=8 count=8 maxStepCm=54.31 horizontalCm=54.31 verticalCm=0.00 frameDeltaMs=150.2 renderTickDelta=9.011 fromTick=11116 toTick=11118 tickSpan=2 receivedSpanMs=0.0 t=0.200 renderOffsetMs=-26.7 sourceHorizontalCm=13.30 sourceVerticalCm=0.00 fromGrounded=1 toGrounded=1 velocity=(-3.118, -2.333, 2.488) expectedTravelCm=69.40 teleport=0 previous=(4.525, 0.008, 2.369) rendered=(3.999, 0.008, 2.504)
[rubber-banding][udp-pump] time=203.470 frame=2136 focused=1 windowMs=1105.8 fps=8.1 packets=32 socketAvgMs=34.3 socketP95Ms=132.4 socketMaxMs=138.9 pumpAvgMs=34.6 pumpP95Ms=135.2 pumpMaxMs=147.6 queueDelayAvgMs=50.5 queueDelayP95Ms=63.3 queueDelayMaxMs=64.4 samePump=23 pumpBatchMax=5 queueDepthMax=5 frameMaxMs=147.6
[rubber-banding][local-input] time=204.331 frame=2143 focused=1 host=0 room=19 world=5 authority=5 entity=2 windowMs=1109.0 updates=9 fixedCalls=55 commands=36 predictionSteps=36 noCommandUpdates=0 estimatedHostTick=11238 nextInputTick=11244 lastRecordedTick=11244 lastResolvedTick=11234 nextLead=6 recordedLead=6 unresolved=5 clamped=0 clampedTotal=186 batchesSent=1955 commandsSent=9369 sendFailures=0 move=(0.00,0.00) jump=0
[rubber-banding][remote-render] time=204.331 frame=2143 entity=1 latestHostTick=11234 buffer=8 windowMs=1109.0 fps=8.1 snapshots=33 arrivalSamples=33 arrivalAvgMs=33.6 arrivalP95Ms=129.6 arrivalMaxMs=133.6 sameArrival=24 tickGapMax=2 renderFrames=9 interpolation=1 extrapolation=8 extrapolationCapped=0 extrapolationMaxMs=32.6 oldestHeld=0 zeroSpan=9 movingFrozen=0 teleport=0 visualStepAvgCm=0.00 visualStepMaxCm=0.00 estimatedHostTick=11238 renderTick=11234.200 latestSnapshotTick=11234.000 renderMinusLatestTicks=0.200 estimatedMinusLatestTicks=4.000 sampleT=1.100
[rubber-banding][remote-render] time=204.331 frame=2143 entity=3 latestHostTick=11234 buffer=8 windowMs=1109.0 fps=8.1 snapshots=33 arrivalSamples=33 arrivalAvgMs=33.6 arrivalP95Ms=129.6 arrivalMaxMs=133.6 sameArrival=24 tickGapMax=2 renderFrames=9 interpolation=1 extrapolation=8 extrapolationCapped=0 extrapolationMaxMs=32.6 oldestHeld=0 zeroSpan=9 movingFrozen=0 teleport=0 visualStepAvgCm=0.00 visualStepMaxCm=0.00 estimatedHostTick=11238 renderTick=11234.200 latestSnapshotTick=11234.000 renderMinusLatestTicks=0.200 estimatedMinusLatestTicks=4.000 sampleT=1.100
[rubber-banding][remote-render] time=204.331 frame=2143 entity=4 latestHostTick=11234 buffer=8 windowMs=1109.0 fps=8.1 snapshots=33 arrivalSamples=33 arrivalAvgMs=33.6 arrivalP95Ms=129.6 arrivalMaxMs=133.6 sameArrival=24 tickGapMax=2 renderFrames=9 interpolation=1 extrapolation=8 extrapolationCapped=0 extrapolationMaxMs=32.6 oldestHeld=0 zeroSpan=9 movingFrozen=0 teleport=0 visualStepAvgCm=45.61 visualStepMaxCm=52.69 estimatedHostTick=11238 renderTick=11234.200 latestSnapshotTick=11234.000 renderMinusLatestTicks=0.200 estimatedMinusLatestTicks=4.000 sampleT=1.100
[rubber-banding][large-step] time=204.331 frame=2143 focused=1 entity=4 buffer=8 count=9 maxStepCm=52.69 horizontalCm=52.69 verticalCm=0.00 frameDeltaMs=129.6 renderTickDelta=7.734 fromTick=11232 toTick=11234 tickSpan=2 receivedSpanMs=0.0 t=1.100 renderOffsetMs=3.3 sourceHorizontalCm=13.31 sourceVerticalCm=0.00 fromGrounded=1 toGrounded=1 velocity=(2.457, -2.333, 3.150) expectedTravelCm=59.96 teleport=0 previous=(3.745, 0.008, 2.639) rendered=(4.056, 0.008, 3.064)
[rubber-banding][udp-pump] time=204.484 frame=2144 focused=1 windowMs=1014.6 fps=7.9 packets=30 socketAvgMs=32.3 socketP95Ms=125.6 socketMaxMs=134.2 pumpAvgMs=33.8 pumpP95Ms=133.6 pumpMaxMs=153.5 queueDelayAvgMs=72.3 queueDelayP95Ms=93.2 queueDelayMaxMs=94.7 samePump=22 pumpBatchMax=4 queueDepthMax=5 frameMaxMs=153.5
[rubber-banding][local-input] time=205.438 frame=2151 focused=1 host=0 room=19 world=5 authority=5 entity=2 windowMs=1107.4 updates=8 fixedCalls=56 commands=32 predictionSteps=32 noCommandUpdates=0 estimatedHostTick=11303 nextInputTick=11310 lastRecordedTick=11310 lastResolvedTick=11302 nextLead=7 recordedLead=7 unresolved=5 clamped=0 clampedTotal=186 batchesSent=1963 commandsSent=9409 sendFailures=0 move=(0.00,0.00) jump=0
[rubber-banding][remote-render] time=205.438 frame=2151 entity=1 latestHostTick=11302 buffer=8 windowMs=1107.4 fps=7.2 snapshots=34 arrivalSamples=34 arrivalAvgMs=32.6 arrivalP95Ms=160.5 arrivalMaxMs=166.4 sameArrival=26 tickGapMax=2 renderFrames=8 interpolation=4 extrapolation=4 extrapolationCapped=0 extrapolationMaxMs=18.4 oldestHeld=0 zeroSpan=8 movingFrozen=0 teleport=0 visualStepAvgCm=0.00 visualStepMaxCm=0.00 estimatedHostTick=11303 renderTick=11299.200 latestSnapshotTick=11302.000 renderMinusLatestTicks=-2.800 estimatedMinusLatestTicks=1.000 sampleT=0.600
[rubber-banding][remote-render] time=205.438 frame=2151 entity=3 latestHostTick=11302 buffer=8 windowMs=1107.4 fps=7.2 snapshots=34 arrivalSamples=34 arrivalAvgMs=32.6 arrivalP95Ms=160.5 arrivalMaxMs=166.4 sameArrival=26 tickGapMax=2 renderFrames=8 interpolation=4 extrapolation=4 extrapolationCapped=0 extrapolationMaxMs=18.4 oldestHeld=0 zeroSpan=8 movingFrozen=0 teleport=0 visualStepAvgCm=0.00 visualStepMaxCm=0.00 estimatedHostTick=11303 renderTick=11299.200 latestSnapshotTick=11302.000 renderMinusLatestTicks=-2.800 estimatedMinusLatestTicks=1.000 sampleT=0.600
[rubber-banding][remote-render] time=205.438 frame=2151 entity=4 latestHostTick=11302 buffer=8 windowMs=1107.4 fps=7.2 snapshots=34 arrivalSamples=34 arrivalAvgMs=32.6 arrivalP95Ms=160.5 arrivalMaxMs=166.4 sameArrival=26 tickGapMax=2 renderFrames=8 interpolation=4 extrapolation=4 extrapolationCapped=0 extrapolationMaxMs=18.4 oldestHeld=0 zeroSpan=8 movingFrozen=0 teleport=0 visualStepAvgCm=53.56 visualStepMaxCm=64.62 estimatedHostTick=11303 renderTick=11299.200 latestSnapshotTick=11302.000 renderMinusLatestTicks=-2.800 estimatedMinusLatestTicks=1.000 sampleT=0.600
[rubber-banding][large-step] time=205.438 frame=2151 focused=1 entity=4 buffer=8 count=8 maxStepCm=64.62 horizontalCm=64.62 verticalCm=0.00 frameDeltaMs=166.4 renderTickDelta=9.693 fromTick=11276 toTick=11278 tickSpan=2 receivedSpanMs=0.0 t=1.100 renderOffsetMs=3.3 sourceHorizontalCm=13.33 sourceVerticalCm=0.00 fromGrounded=1 toGrounded=1 velocity=(-3.181, -2.333, 2.425) expectedTravelCm=77.03 teleport=0 previous=(3.998, 0.008, 2.995) rendered=(3.485, 0.008, 3.386)
[rubber-banding][udp-pump] time=205.569 frame=2152 focused=1 windowMs=1084.9 fps=7.4 packets=34 socketAvgMs=33.2 socketP95Ms=144.3 socketMaxMs=151.6 pumpAvgMs=31.9 pumpP95Ms=160.5 pumpMaxMs=166.4 queueDelayAvgMs=60.2 queueDelayP95Ms=86.1 queueDelayMaxMs=87.6 samePump=26 pumpBatchMax=5 queueDepthMax=5 frameMaxMs=166.3
[rubber-banding][local-input] time=206.525 frame=2160 focused=1 host=0 room=19 world=5 authority=5 entity=2 windowMs=1086.5 updates=9 fixedCalls=54 commands=36 predictionSteps=36 noCommandUpdates=0 estimatedHostTick=11371 nextInputTick=11377 lastRecordedTick=11377 lastResolvedTick=11368 nextLead=6 recordedLead=6 unresolved=5 clamped=0 clampedTotal=186 batchesSent=1972 commandsSent=9453 sendFailures=0 move=(0.00,0.00) jump=0
[rubber-banding][remote-render] time=206.525 frame=2160 entity=1 latestHostTick=11368 buffer=8 windowMs=1086.5 fps=8.3 snapshots=33 arrivalSamples=33 arrivalAvgMs=32.9 arrivalP95Ms=130.9 arrivalMaxMs=137.0 sameArrival=24 tickGapMax=2 renderFrames=9 interpolation=9 extrapolation=0 extrapolationCapped=0 extrapolationMaxMs=0.0 oldestHeld=0 zeroSpan=9 movingFrozen=0 teleport=0 visualStepAvgCm=0.00 visualStepMaxCm=0.00 estimatedHostTick=11371 renderTick=11365.251 latestSnapshotTick=11368.000 renderMinusLatestTicks=-2.749 estimatedMinusLatestTicks=3.000 sampleT=0.626
[rubber-banding][remote-render] time=206.525 frame=2160 entity=3 latestHostTick=11368 buffer=8 windowMs=1086.5 fps=8.3 snapshots=33 arrivalSamples=33 arrivalAvgMs=32.9 arrivalP95Ms=130.9 arrivalMaxMs=137.0 sameArrival=24 tickGapMax=2 renderFrames=9 interpolation=9 extrapolation=0 extrapolationCapped=0 extrapolationMaxMs=0.0 oldestHeld=0 zeroSpan=9 movingFrozen=0 teleport=0 visualStepAvgCm=0.00 visualStepMaxCm=0.00 estimatedHostTick=11371 renderTick=11365.251 latestSnapshotTick=11368.000 renderMinusLatestTicks=-2.749 estimatedMinusLatestTicks=3.000 sampleT=0.626
[rubber-banding][remote-render] time=206.525 frame=2160 entity=4 latestHostTick=11368 buffer=8 windowMs=1086.5 fps=8.3 snapshots=33 arrivalSamples=33 arrivalAvgMs=32.9 arrivalP95Ms=130.9 arrivalMaxMs=137.0 sameArrival=24 tickGapMax=2 renderFrames=9 interpolation=9 extrapolation=0 extrapolationCapped=0 extrapolationMaxMs=0.0 oldestHeld=0 zeroSpan=9 movingFrozen=0 teleport=0 visualStepAvgCm=46.13 visualStepMaxCm=50.63 estimatedHostTick=11371 renderTick=11365.251 latestSnapshotTick=11368.000 renderMinusLatestTicks=-2.749 estimatedMinusLatestTicks=3.000 sampleT=0.626
[rubber-banding][large-step] time=206.525 frame=2160 focused=1 entity=4 buffer=8 count=9 maxStepCm=50.63 horizontalCm=50.63 verticalCm=0.00 frameDeltaMs=137.0 renderTickDelta=8.219 fromTick=11352 toTick=11354 tickSpan=2 receivedSpanMs=0.0 t=0.151 renderOffsetMs=-28.3 sourceHorizontalCm=13.33 sourceVerticalCm=0.00 fromGrounded=1 toGrounded=1 velocity=(3.181, -2.333, -2.425) expectedTravelCm=63.43 teleport=0 previous=(4.026, 0.008, 3.897) rendered=(4.289, 0.008, 3.464)
[rubber-banding][udp-pump] time=206.671 frame=2161 focused=1 windowMs=1101.7 fps=8.2 packets=33 socketAvgMs=33.8 socketP95Ms=126.3 socketMaxMs=129.8 pumpAvgMs=33.4 pumpP95Ms=137.0 pumpMaxMs=146.1 queueDelayAvgMs=35.9 queueDelayP95Ms=52.3 queueDelayMaxMs=53.3 samePump=24 pumpBatchMax=4 queueDepthMax=5 frameMaxMs=146.1
[rubber-banding][local-input] time=207.627 frame=2169 focused=1 host=0 room=19 world=5 authority=5 entity=2 windowMs=1102.4 updates=9 fixedCalls=55 commands=36 predictionSteps=36 noCommandUpdates=0 estimatedHostTick=11438 nextInputTick=11445 lastRecordedTick=11444 lastResolvedTick=11432 nextLead=7 recordedLead=6 unresolved=6 clamped=1 clampedTotal=187 batchesSent=1981 commandsSent=9501 sendFailures=0 move=(0.00,0.00) jump=0
[rubber-banding][remote-render] time=207.627 frame=2169 entity=1 latestHostTick=11432 buffer=8 windowMs=1102.4 fps=8.2 snapshots=32 arrivalSamples=32 arrivalAvgMs=34.4 arrivalP95Ms=127.3 arrivalMaxMs=146.1 sameArrival=23 tickGapMax=2 renderFrames=9 interpolation=8 extrapolation=1 extrapolationCapped=0 extrapolationMaxMs=12.8 oldestHeld=0 zeroSpan=9 movingFrozen=0 teleport=0 visualStepAvgCm=0.00 visualStepMaxCm=0.00 estimatedHostTick=11438 renderTick=11432.769 latestSnapshotTick=11432.000 renderMinusLatestTicks=0.769 estimatedMinusLatestTicks=6.000 sampleT=1.384
[rubber-banding][remote-render] time=207.627 frame=2169 entity=3 latestHostTick=11432 buffer=8 windowMs=1102.4 fps=8.2 snapshots=32 arrivalSamples=32 arrivalAvgMs=34.4 arrivalP95Ms=127.3 arrivalMaxMs=146.1 sameArrival=23 tickGapMax=2 renderFrames=9 interpolation=8 extrapolation=1 extrapolationCapped=0 extrapolationMaxMs=12.8 oldestHeld=0 zeroSpan=9 movingFrozen=0 teleport=0 visualStepAvgCm=0.00 visualStepMaxCm=0.00 estimatedHostTick=11438 renderTick=11432.769 latestSnapshotTick=11432.000 renderMinusLatestTicks=0.769 estimatedMinusLatestTicks=6.000 sampleT=1.384
[rubber-banding][remote-render] time=207.627 frame=2169 entity=4 latestHostTick=11432 buffer=8 windowMs=1102.4 fps=8.2 snapshots=32 arrivalSamples=32 arrivalAvgMs=34.4 arrivalP95Ms=127.3 arrivalMaxMs=146.1 sameArrival=23 tickGapMax=2 renderFrames=9 interpolation=8 extrapolation=1 extrapolationCapped=0 extrapolationMaxMs=12.8 oldestHeld=0 zeroSpan=9 movingFrozen=0 teleport=0 visualStepAvgCm=48.71 visualStepMaxCm=59.04 estimatedHostTick=11438 renderTick=11432.769 latestSnapshotTick=11432.000 renderMinusLatestTicks=0.769 estimatedMinusLatestTicks=6.000 sampleT=1.384
[rubber-banding][large-step] time=207.627 frame=2169 focused=1 entity=4 buffer=8 count=9 maxStepCm=59.04 horizontalCm=59.04 verticalCm=0.00 frameDeltaMs=146.1 renderTickDelta=9.059 fromTick=11374 toTick=11376 tickSpan=2 receivedSpanMs=0.0 t=0.155 renderOffsetMs=-28.2 sourceHorizontalCm=13.33 sourceVerticalCm=0.00 fromGrounded=1 toGrounded=1 velocity=(2.425, -2.333, 3.181) expectedTravelCm=67.66 teleport=0 previous=(5.044, 0.008, 3.200) rendered=(5.429, 0.008, 3.647)
[rubber-banding][udp-pump] time=207.754 frame=2170 focused=1 windowMs=1083.1 fps=8.3 packets=33 socketAvgMs=33.4 socketP95Ms=127.9 socketMaxMs=128.3 pumpAvgMs=32.8 pumpP95Ms=126.9 pumpMaxMs=127.3 queueDelayAvgMs=22.1 queueDelayP95Ms=126.1 queueDelayMaxMs=127.1 samePump=24 pumpBatchMax=5 queueDepthMax=6 frameMaxMs=127.3
[rubber-banding][local-input] time=208.675 frame=2178 focused=1 host=0 room=19 world=5 authority=5 entity=2 windowMs=1048.4 updates=9 fixedCalls=52 commands=33 predictionSteps=33 noCommandUpdates=0 estimatedHostTick=11495 nextInputTick=11501 lastRecordedTick=11501 lastResolvedTick=11494 nextLead=6 recordedLead=6 unresolved=5 clamped=0 clampedTotal=187 batchesSent=1990 commandsSent=9542 sendFailures=0 move=(0.00,0.00) jump=0
[rubber-banding][remote-render] time=208.675 frame=2178 entity=1 latestHostTick=11494 buffer=8 windowMs=1048.4 fps=8.6 snapshots=31 arrivalSamples=31 arrivalAvgMs=33.8 arrivalP95Ms=131.5 arrivalMaxMs=134.4 sameArrival=22 tickGapMax=2 renderFrames=9 interpolation=3 extrapolation=6 extrapolationCapped=0 extrapolationMaxMs=73.3 oldestHeld=0 zeroSpan=9 movingFrozen=0 teleport=0 visualStepAvgCm=0.00 visualStepMaxCm=0.00 estimatedHostTick=11495 renderTick=11493.577 latestSnapshotTick=11494.000 renderMinusLatestTicks=-0.423 estimatedMinusLatestTicks=1.000 sampleT=0.788
[rubber-banding][remote-render] time=208.675 frame=2178 entity=3 latestHostTick=11494 buffer=8 windowMs=1048.4 fps=8.6 snapshots=31 arrivalSamples=31 arrivalAvgMs=33.8 arrivalP95Ms=131.5 arrivalMaxMs=134.4 sameArrival=22 tickGapMax=2 renderFrames=9 interpolation=3 extrapolation=6 extrapolationCapped=0 extrapolationMaxMs=73.3 oldestHeld=0 zeroSpan=9 movingFrozen=0 teleport=0 visualStepAvgCm=0.00 visualStepMaxCm=0.00 estimatedHostTick=11495 renderTick=11493.577 latestSnapshotTick=11494.000 renderMinusLatestTicks=-0.423 estimatedMinusLatestTicks=1.000 sampleT=0.788
[rubber-banding][remote-render] time=208.675 frame=2178 entity=4 latestHostTick=11494 buffer=8 windowMs=1048.4 fps=8.6 snapshots=31 arrivalSamples=31 arrivalAvgMs=33.8 arrivalP95Ms=131.5 arrivalMaxMs=134.4 sameArrival=22 tickGapMax=2 renderFrames=9 interpolation=3 extrapolation=6 extrapolationCapped=0 extrapolationMaxMs=73.3 oldestHeld=0 zeroSpan=9 movingFrozen=0 teleport=0 visualStepAvgCm=44.35 visualStepMaxCm=50.86 estimatedHostTick=11495 renderTick=11493.577 latestSnapshotTick=11494.000 renderMinusLatestTicks=-0.423 estimatedMinusLatestTicks=1.000 sampleT=0.788
[rubber-banding][large-step] time=208.675 frame=2178 focused=1 entity=4 buffer=8 count=9 maxStepCm=50.86 horizontalCm=50.86 verticalCm=0.00 frameDeltaMs=131.5 renderTickDelta=7.630 fromTick=11444 toTick=11446 tickSpan=2 receivedSpanMs=0.0 t=1.878 renderOffsetMs=29.3 sourceHorizontalCm=13.33 sourceVerticalCm=0.00 fromGrounded=1 toGrounded=1 velocity=(0.535, -2.333, -3.964) expectedTravelCm=60.92 teleport=0 previous=(5.309, 0.008, 5.410) rendered=(5.377, 0.008, 4.906)
[rubber-banding][udp-pump] time=208.773 frame=2179 focused=1 windowMs=1019.5 fps=8.8 packets=29 socketAvgMs=33.4 socketP95Ms=128.2 socketMaxMs=137.8 pumpAvgMs=35.2 pumpP95Ms=131.5 pumpMaxMs=134.4 queueDelayAvgMs=85.3 queueDelayP95Ms=122.6 queueDelayMaxMs=125.2 samePump=20 pumpBatchMax=4 queueDepthMax=4 frameMaxMs=134.4
[rubber-banding][local-input] time=209.701 frame=2187 focused=1 host=0 room=19 world=5 authority=5 entity=2 windowMs=1025.5 updates=9 fixedCalls=52 commands=36 predictionSteps=36 noCommandUpdates=0 estimatedHostTick=11558 nextInputTick=11563 lastRecordedTick=11563 lastResolvedTick=11554 nextLead=5 recordedLead=5 unresolved=5 clamped=0 clampedTotal=187 batchesSent=1999 commandsSent=9587 sendFailures=0 move=(0.00,0.00) jump=0
[rubber-banding][remote-render] time=209.701 frame=2187 entity=1 latestHostTick=11554 buffer=8 windowMs=1025.5 fps=8.8 snapshots=30 arrivalSamples=30 arrivalAvgMs=34.2 arrivalP95Ms=121.5 arrivalMaxMs=124.8 sameArrival=21 tickGapMax=2 renderFrames=9 interpolation=3 extrapolation=6 extrapolationCapped=0 extrapolationMaxMs=19.1 oldestHeld=0 zeroSpan=9 movingFrozen=0 teleport=0 visualStepAvgCm=0.00 visualStepMaxCm=0.00 estimatedHostTick=11558 renderTick=11554.282 latestSnapshotTick=11554.000 renderMinusLatestTicks=0.282 estimatedMinusLatestTicks=4.000 sampleT=1.141
[rubber-banding][remote-render] time=209.701 frame=2187 entity=3 latestHostTick=11554 buffer=8 windowMs=1025.5 fps=8.8 snapshots=30 arrivalSamples=30 arrivalAvgMs=34.2 arrivalP95Ms=121.5 arrivalMaxMs=124.8 sameArrival=21 tickGapMax=2 renderFrames=9 interpolation=3 extrapolation=6 extrapolationCapped=0 extrapolationMaxMs=19.1 oldestHeld=0 zeroSpan=9 movingFrozen=0 teleport=0 visualStepAvgCm=0.00 visualStepMaxCm=0.00 estimatedHostTick=11558 renderTick=11554.282 latestSnapshotTick=11554.000 renderMinusLatestTicks=0.282 estimatedMinusLatestTicks=4.000 sampleT=1.141
[rubber-banding][remote-render] time=209.701 frame=2187 entity=4 latestHostTick=11554 buffer=8 windowMs=1025.5 fps=8.8 snapshots=30 arrivalSamples=30 arrivalAvgMs=34.2 arrivalP95Ms=121.5 arrivalMaxMs=124.8 sameArrival=21 tickGapMax=2 renderFrames=9 interpolation=3 extrapolation=6 extrapolationCapped=0 extrapolationMaxMs=19.1 oldestHeld=0 zeroSpan=9 movingFrozen=0 teleport=0 visualStepAvgCm=34.32 visualStepMaxCm=48.26 estimatedHostTick=11558 renderTick=11554.282 latestSnapshotTick=11554.000 renderMinusLatestTicks=0.282 estimatedMinusLatestTicks=4.000 sampleT=1.141
[rubber-banding][large-step] time=209.701 frame=2187 focused=1 entity=4 buffer=8 count=6 maxStepCm=48.26 horizontalCm=48.26 verticalCm=0.00 frameDeltaMs=124.8 renderTickDelta=7.238 fromTick=11552 toTick=11554 tickSpan=2 receivedSpanMs=0.0 t=1.141 renderOffsetMs=4.7 sourceHorizontalCm=13.33 sourceVerticalCm=0.00 fromGrounded=1 toGrounded=1 velocity=(-3.964, -2.333, -0.535) expectedTravelCm=57.79 teleport=0 previous=(5.270, 0.008, 3.371) rendered=(4.791, 0.008, 3.306)
[rubber-banding][udp-pump] time=209.836 frame=2188 focused=1 windowMs=1062.8 fps=8.5 packets=30 socketAvgMs=33.3 socketP95Ms=109.7 socketMaxMs=111.7 pumpAvgMs=35.4 pumpP95Ms=124.8 pumpMaxMs=135.3 queueDelayAvgMs=93.2 queueDelayP95Ms=128.0 queueDelayMaxMs=132.1 samePump=21 pumpBatchMax=4 queueDepthMax=4 frameMaxMs=135.3
[rubber-banding][local-input] time=210.766 frame=2195 focused=1 host=0 room=19 world=5 authority=5 entity=2 windowMs=1065.1 updates=8 fixedCalls=53 commands=31 predictionSteps=31 noCommandUpdates=0 estimatedHostTick=11620 nextInputTick=11627 lastRecordedTick=11627 lastResolvedTick=11622 nextLead=7 recordedLead=7 unresolved=4 clamped=0 clampedTotal=187 batchesSent=2007 commandsSent=9621 sendFailures=0 move=(0.00,0.00) jump=0
[rubber-banding][remote-render] time=210.766 frame=2195 entity=1 latestHostTick=11622 buffer=8 windowMs=1065.1 fps=7.5 snapshots=34 arrivalSamples=34 arrivalAvgMs=31.3 arrivalP95Ms=139.2 arrivalMaxMs=141.6 sameArrival=26 tickGapMax=2 renderFrames=8 interpolation=6 extrapolation=2 extrapolationCapped=0 extrapolationMaxMs=35.5 oldestHeld=0 zeroSpan=6 movingFrozen=0 teleport=0 visualStepAvgCm=0.00 visualStepMaxCm=0.00 estimatedHostTick=11620 renderTick=11616.344 latestSnapshotTick=11622.000 renderMinusLatestTicks=-5.656 estimatedMinusLatestTicks=-2.000 sampleT=0.172
[rubber-banding][remote-render] time=210.766 frame=2195 entity=3 latestHostTick=11622 buffer=8 windowMs=1065.1 fps=7.5 snapshots=34 arrivalSamples=34 arrivalAvgMs=31.3 arrivalP95Ms=139.2 arrivalMaxMs=141.6 sameArrival=26 tickGapMax=2 renderFrames=8 interpolation=6 extrapolation=2 extrapolationCapped=0 extrapolationMaxMs=35.5 oldestHeld=0 zeroSpan=6 movingFrozen=0 teleport=0 visualStepAvgCm=0.00 visualStepMaxCm=0.00 estimatedHostTick=11620 renderTick=11616.344 latestSnapshotTick=11622.000 renderMinusLatestTicks=-5.656 estimatedMinusLatestTicks=-2.000 sampleT=0.172
[rubber-banding][remote-render] time=210.766 frame=2195 entity=4 latestHostTick=11622 buffer=8 windowMs=1065.1 fps=7.5 snapshots=34 arrivalSamples=34 arrivalAvgMs=31.3 arrivalP95Ms=139.2 arrivalMaxMs=141.6 sameArrival=26 tickGapMax=2 renderFrames=8 interpolation=6 extrapolation=2 extrapolationCapped=0 extrapolationMaxMs=35.5 oldestHeld=0 zeroSpan=6 movingFrozen=0 teleport=0 visualStepAvgCm=50.86 visualStepMaxCm=56.64 estimatedHostTick=11620 renderTick=11616.344 latestSnapshotTick=11622.000 renderMinusLatestTicks=-5.656 estimatedMinusLatestTicks=-2.000 sampleT=0.172
[rubber-banding][large-step] time=210.766 frame=2195 focused=1 entity=4 buffer=8 count=8 maxStepCm=56.64 horizontalCm=56.64 verticalCm=0.00 frameDeltaMs=141.6 renderTickDelta=8.496 fromTick=11608 toTick=11610 tickSpan=2 receivedSpanMs=0.0 t=0.483 renderOffsetMs=-17.2 sourceHorizontalCm=13.33 sourceVerticalCm=0.00 fromGrounded=1 toGrounded=1 velocity=(-3.964, -2.333, -0.535) expectedTravelCm=65.57 teleport=0 previous=(2.381, 0.008, 1.792) rendered=(1.820, 0.008, 1.716)
[rubber-banding][udp-pump] time=210.894 frame=2196 focused=1 windowMs=1058.1 fps=7.6 packets=35 socketAvgMs=33.1 socketP95Ms=128.5 socketMaxMs=132.8 pumpAvgMs=30.2 pumpP95Ms=139.2 pumpMaxMs=141.6 queueDelayAvgMs=43.9 queueDelayP95Ms=136.0 queueDelayMaxMs=137.0 samePump=27 pumpBatchMax=8 queueDepthMax=8 frameMaxMs=141.6
[rubber-banding][local-input] time=211.769 frame=2203 focused=1 host=0 room=19 world=5 authority=5 entity=2 windowMs=1002.8 updates=8 fixedCalls=50 commands=32 predictionSteps=32 noCommandUpdates=0 estimatedHostTick=11686 nextInputTick=11692 lastRecordedTick=11692 lastResolvedTick=11682 nextLead=6 recordedLead=6 unresolved=5 clamped=0 clampedTotal=187 batchesSent=2015 commandsSent=9660 sendFailures=0 move=(0.00,0.00) jump=0
[rubber-banding][remote-render] time=211.769 frame=2203 entity=1 latestHostTick=11682 buffer=8 windowMs=1002.8 fps=8.0 snapshots=30 arrivalSamples=30 arrivalAvgMs=33.4 arrivalP95Ms=132.1 arrivalMaxMs=142.7 sameArrival=22 tickGapMax=2 renderFrames=8 interpolation=8 extrapolation=0 extrapolationCapped=0 extrapolationMaxMs=0.0 oldestHeld=0 zeroSpan=7 movingFrozen=0 teleport=0 visualStepAvgCm=0.00 visualStepMaxCm=0.00 estimatedHostTick=11686 renderTick=11678.516 latestSnapshotTick=11682.000 renderMinusLatestTicks=-3.484 estimatedMinusLatestTicks=4.000 sampleT=0.258
[rubber-banding][remote-render] time=211.769 frame=2203 entity=3 latestHostTick=11682 buffer=8 windowMs=1002.8 fps=8.0 snapshots=30 arrivalSamples=30 arrivalAvgMs=33.4 arrivalP95Ms=132.1 arrivalMaxMs=142.7 sameArrival=22 tickGapMax=2 renderFrames=8 interpolation=8 extrapolation=0 extrapolationCapped=0 extrapolationMaxMs=0.0 oldestHeld=0 zeroSpan=7 movingFrozen=0 teleport=0 visualStepAvgCm=0.00 visualStepMaxCm=0.00 estimatedHostTick=11686 renderTick=11678.516 latestSnapshotTick=11682.000 renderMinusLatestTicks=-3.484 estimatedMinusLatestTicks=4.000 sampleT=0.258
[rubber-banding][remote-render] time=211.769 frame=2203 entity=4 latestHostTick=11682 buffer=8 windowMs=1002.8 fps=8.0 snapshots=30 arrivalSamples=30 arrivalAvgMs=33.4 arrivalP95Ms=132.1 arrivalMaxMs=142.7 sameArrival=22 tickGapMax=2 renderFrames=8 interpolation=8 extrapolation=0 extrapolationCapped=0 extrapolationMaxMs=0.0 oldestHeld=0 zeroSpan=7 movingFrozen=0 teleport=0 visualStepAvgCm=50.60 visualStepMaxCm=54.60 estimatedHostTick=11686 renderTick=11678.516 latestSnapshotTick=11682.000 renderMinusLatestTicks=-3.484 estimatedMinusLatestTicks=4.000 sampleT=0.258
[rubber-banding][large-step] time=211.769 frame=2203 focused=1 entity=4 buffer=8 count=8 maxStepCm=54.60 horizontalCm=54.60 verticalCm=0.00 frameDeltaMs=132.1 renderTickDelta=8.190 fromTick=11640 toTick=11642 tickSpan=2 receivedSpanMs=0.0 t=0.666 renderOffsetMs=-11.1 sourceHorizontalCm=13.33 sourceVerticalCm=0.00 fromGrounded=1 toGrounded=1 velocity=(-3.964, -2.333, -0.535) expectedTravelCm=61.17 teleport=0 previous=(0.318, 0.008, 1.514) rendered=(-0.223, 0.008, 1.441)
[rubber-banding][udp-pump] time=211.990 frame=2205 focused=1 windowMs=1095.4 fps=8.2 packets=33 socketAvgMs=33.7 socketP95Ms=131.9 socketMaxMs=132.2 pumpAvgMs=33.2 pumpP95Ms=132.1 pumpMaxMs=142.7 queueDelayAvgMs=20.6 queueDelayP95Ms=35.3 queueDelayMaxMs=36.1 samePump=24 pumpBatchMax=4 queueDepthMax=4 frameMaxMs=142.7
[rubber-banding][local-input] time=212.786 frame=2212 focused=1 host=0 room=19 world=5 authority=5 entity=2 windowMs=1016.9 updates=9 fixedCalls=51 commands=36 predictionSteps=36 noCommandUpdates=0 estimatedHostTick=11747 nextInputTick=11752 lastRecordedTick=11752 lastResolvedTick=11744 nextLead=5 recordedLead=5 unresolved=4 clamped=1 clampedTotal=188 batchesSent=2024 commandsSent=9703 sendFailures=0 move=(0.00,0.00) jump=0
[rubber-banding][remote-render] time=212.786 frame=2212 entity=1 latestHostTick=11744 buffer=8 windowMs=1016.9 fps=8.9 snapshots=31 arrivalSamples=31 arrivalAvgMs=32.8 arrivalP95Ms=127.0 arrivalMaxMs=220.5 sameArrival=23 tickGapMax=2 renderFrames=9 interpolation=8 extrapolation=1 extrapolationCapped=0 extrapolationMaxMs=41.7 oldestHeld=0 zeroSpan=8 movingFrozen=0 teleport=0 visualStepAvgCm=0.00 visualStepMaxCm=0.00 estimatedHostTick=11747 renderTick=11741.035 latestSnapshotTick=11744.000 renderMinusLatestTicks=-2.965 estimatedMinusLatestTicks=3.000 sampleT=0.517
[rubber-banding][remote-render] time=212.786 frame=2212 entity=3 latestHostTick=11744 buffer=8 windowMs=1016.9 fps=8.9 snapshots=31 arrivalSamples=31 arrivalAvgMs=32.8 arrivalP95Ms=127.0 arrivalMaxMs=220.5 sameArrival=23 tickGapMax=2 renderFrames=9 interpolation=8 extrapolation=1 extrapolationCapped=0 extrapolationMaxMs=41.7 oldestHeld=0 zeroSpan=8 movingFrozen=0 teleport=0 visualStepAvgCm=0.00 visualStepMaxCm=0.00 estimatedHostTick=11747 renderTick=11741.035 latestSnapshotTick=11744.000 renderMinusLatestTicks=-2.965 estimatedMinusLatestTicks=3.000 sampleT=0.517
[rubber-banding][remote-render] time=212.786 frame=2212 entity=4 latestHostTick=11744 buffer=8 windowMs=1016.9 fps=8.9 snapshots=31 arrivalSamples=31 arrivalAvgMs=32.8 arrivalP95Ms=127.0 arrivalMaxMs=220.5 sameArrival=23 tickGapMax=2 renderFrames=9 interpolation=8 extrapolation=1 extrapolationCapped=0 extrapolationMaxMs=41.7 oldestHeld=0 zeroSpan=8 movingFrozen=0 teleport=0 visualStepAvgCm=28.53 visualStepMaxCm=51.62 estimatedHostTick=11747 renderTick=11741.035 latestSnapshotTick=11744.000 renderMinusLatestTicks=-2.965 estimatedMinusLatestTicks=3.000 sampleT=0.517
[rubber-banding][large-step] time=212.786 frame=2212 focused=1 entity=4 buffer=8 count=6 maxStepCm=51.62 horizontalCm=51.62 verticalCm=0.00 frameDeltaMs=122.9 renderTickDelta=7.618 fromTick=11726 toTick=11728 tickSpan=2 receivedSpanMs=0.0 t=0.060 renderOffsetMs=-31.3 sourceHorizontalCm=13.33 sourceVerticalCm=0.00 fromGrounded=1 toGrounded=1 velocity=(3.964, -2.333, 0.535) expectedTravelCm=56.90 teleport=0 previous=(-2.158, 0.008, 1.180) rendered=(-1.646, 0.008, 1.249)
[rubber-banding][udp-pump] time=213.096 frame=2215 focused=1 windowMs=1105.9 fps=9.0 packets=31 socketAvgMs=35.9 socketP95Ms=119.3 socketMaxMs=127.6 pumpAvgMs=35.7 pumpP95Ms=127.0 pumpMaxMs=220.5 queueDelayAvgMs=29.0 queueDelayP95Ms=118.4 queueDelayMaxMs=120.4 samePump=22 pumpBatchMax=7 queueDepthMax=7 frameMaxMs=127.0
[rubber-banding][local-input] time=213.861 frame=2221 focused=1 host=0 room=19 world=5 authority=5 entity=2 windowMs=1075.3 updates=9 fixedCalls=54 commands=36 predictionSteps=36 noCommandUpdates=0 estimatedHostTick=11810 nextInputTick=11815 lastRecordedTick=11815 lastResolvedTick=11804 nextLead=5 recordedLead=5 unresolved=8 clamped=1 clampedTotal=189 batchesSent=2033 commandsSent=9749 sendFailures=0 move=(0.00,0.00) jump=0
[rubber-banding][remote-render] time=213.861 frame=2221 entity=1 latestHostTick=11804 buffer=8 windowMs=1075.3 fps=8.4 snapshots=30 arrivalSamples=30 arrivalAvgMs=32.6 arrivalP95Ms=137.4 arrivalMaxMs=139.2 sameArrival=22 tickGapMax=2 renderFrames=9 interpolation=6 extrapolation=3 extrapolationCapped=0 extrapolationMaxMs=55.3 oldestHeld=0 zeroSpan=8 movingFrozen=0 teleport=0 visualStepAvgCm=0.00 visualStepMaxCm=0.00 estimatedHostTick=11810 renderTick=11805.552 latestSnapshotTick=11804.000 renderMinusLatestTicks=1.552 estimatedMinusLatestTicks=6.000 sampleT=1.776
[rubber-banding][remote-render] time=213.861 frame=2221 entity=3 latestHostTick=11804 buffer=8 windowMs=1075.3 fps=8.4 snapshots=30 arrivalSamples=30 arrivalAvgMs=32.6 arrivalP95Ms=137.4 arrivalMaxMs=139.2 sameArrival=22 tickGapMax=2 renderFrames=9 interpolation=6 extrapolation=3 extrapolationCapped=0 extrapolationMaxMs=55.3 oldestHeld=0 zeroSpan=8 movingFrozen=0 teleport=0 visualStepAvgCm=0.00 visualStepMaxCm=0.00 estimatedHostTick=11810 renderTick=11805.552 latestSnapshotTick=11804.000 renderMinusLatestTicks=1.552 estimatedMinusLatestTicks=6.000 sampleT=1.776
[rubber-banding][remote-render] time=213.861 frame=2221 entity=4 latestHostTick=11804 buffer=8 windowMs=1075.3 fps=8.4 snapshots=30 arrivalSamples=30 arrivalAvgMs=32.6 arrivalP95Ms=137.4 arrivalMaxMs=139.2 sameArrival=22 tickGapMax=2 renderFrames=9 interpolation=6 extrapolation=3 extrapolationCapped=0 extrapolationMaxMs=55.3 oldestHeld=0 zeroSpan=8 movingFrozen=0 teleport=0 visualStepAvgCm=36.68 visualStepMaxCm=54.97 estimatedHostTick=11810 renderTick=11805.552 latestSnapshotTick=11804.000 renderMinusLatestTicks=1.552 estimatedMinusLatestTicks=6.000 sampleT=1.776
[rubber-banding][large-step] time=213.861 frame=2221 focused=1 entity=4 buffer=8 count=7 maxStepCm=54.97 horizontalCm=54.97 verticalCm=0.00 frameDeltaMs=137.4 renderTickDelta=8.245 fromTick=11766 toTick=11768 tickSpan=2 receivedSpanMs=0.0 t=0.937 renderOffsetMs=-2.1 sourceHorizontalCm=13.33 sourceVerticalCm=0.00 fromGrounded=1 toGrounded=1 velocity=(3.964, -2.333, 0.535) expectedTravelCm=63.64 teleport=0 previous=(0.567, 0.008, 1.547) rendered=(1.112, 0.008, 1.621)
[rubber-banding][udp-pump] time=214.190 frame=2224 focused=1 windowMs=1094.0 fps=8.2 packets=33 socketAvgMs=30.8 socketP95Ms=126.6 socketMaxMs=133.6 pumpAvgMs=33.2 pumpP95Ms=139.2 pumpMaxMs=206.0 queueDelayAvgMs=66.0 queueDelayP95Ms=133.5 queueDelayMaxMs=133.7 samePump=25 pumpBatchMax=7 queueDepthMax=7 frameMaxMs=139.2
[rubber-banding][local-input] time=214.961 frame=2231 focused=1 host=0 room=19 world=5 authority=5 entity=2 windowMs=1100.3 updates=10 fixedCalls=55 commands=40 predictionSteps=40 noCommandUpdates=0 estimatedHostTick=11873 nextInputTick=11879 lastRecordedTick=11879 lastResolvedTick=11872 nextLead=6 recordedLead=6 unresolved=5 clamped=0 clampedTotal=189 batchesSent=2043 commandsSent=9802 sendFailures=0 move=(0.00,0.00) jump=0
[rubber-banding][remote-render] time=214.961 frame=2231 entity=1 latestHostTick=11872 buffer=8 windowMs=1100.3 fps=9.1 snapshots=34 arrivalSamples=34 arrivalAvgMs=35.2 arrivalP95Ms=117.5 arrivalMaxMs=206.0 sameArrival=24 tickGapMax=2 renderFrames=10 interpolation=5 extrapolation=5 extrapolationCapped=0 extrapolationMaxMs=30.9 oldestHeld=0 zeroSpan=10 movingFrozen=0 teleport=0 visualStepAvgCm=0.00 visualStepMaxCm=0.00 estimatedHostTick=11873 renderTick=11869.451 latestSnapshotTick=11872.000 renderMinusLatestTicks=-2.549 estimatedMinusLatestTicks=1.000 sampleT=0.725
[rubber-banding][remote-render] time=214.961 frame=2231 entity=3 latestHostTick=11872 buffer=8 windowMs=1100.3 fps=9.1 snapshots=34 arrivalSamples=34 arrivalAvgMs=35.2 arrivalP95Ms=117.5 arrivalMaxMs=206.0 sameArrival=24 tickGapMax=2 renderFrames=10 interpolation=5 extrapolation=5 extrapolationCapped=0 extrapolationMaxMs=30.9 oldestHeld=0 zeroSpan=10 movingFrozen=0 teleport=0 visualStepAvgCm=0.00 visualStepMaxCm=0.00 estimatedHostTick=11873 renderTick=11869.451 latestSnapshotTick=11872.000 renderMinusLatestTicks=-2.549 estimatedMinusLatestTicks=1.000 sampleT=0.725
[rubber-banding][remote-render] time=214.961 frame=2231 entity=4 latestHostTick=11872 buffer=8 windowMs=1100.3 fps=9.1 snapshots=34 arrivalSamples=34 arrivalAvgMs=35.2 arrivalP95Ms=117.5 arrivalMaxMs=206.0 sameArrival=24 tickGapMax=2 renderFrames=10 interpolation=5 extrapolation=5 extrapolationCapped=0 extrapolationMaxMs=30.9 oldestHeld=0 zeroSpan=10 movingFrozen=0 teleport=0 visualStepAvgCm=42.60 visualStepMaxCm=45.98 estimatedHostTick=11873 renderTick=11869.451 latestSnapshotTick=11872.000 renderMinusLatestTicks=-2.549 estimatedMinusLatestTicks=1.000 sampleT=0.725
[rubber-banding][large-step] time=214.961 frame=2231 focused=1 entity=4 buffer=8 count=10 maxStepCm=45.98 horizontalCm=45.98 verticalCm=0.00 frameDeltaMs=117.5 renderTickDelta=6.897 fromTick=11862 toTick=11864 tickSpan=2 receivedSpanMs=0.0 t=0.600 renderOffsetMs=-13.3 sourceHorizontalCm=13.33 sourceVerticalCm=0.00 fromGrounded=1 toGrounded=1 velocity=(-3.964, -2.333, -0.535) expectedTravelCm=54.39 teleport=0 previous=(-2.599, 0.008, 1.120) rendered=(-3.055, 0.008, 1.059)
[rubber-banding][udp-pump] time=215.284 frame=2234 focused=1 windowMs=1094.3 fps=9.1 packets=34 socketAvgMs=33.0 socketP95Ms=114.7 socketMaxMs=116.5 pumpAvgMs=32.2 pumpP95Ms=117.1 pumpMaxMs=117.5 queueDelayAvgMs=71.2 queueDelayP95Ms=94.2 queueDelayMaxMs=95.2 samePump=24 pumpBatchMax=4 queueDepthMax=4 frameMaxMs=117.5
[rubber-banding][local-input] time=215.994 frame=2241 focused=1 host=0 room=19 world=5 authority=5 entity=2 windowMs=1033.3 updates=10 fixedCalls=51 commands=40 predictionSteps=40 noCommandUpdates=0 estimatedHostTick=11937 nextInputTick=11943 lastRecordedTick=11943 lastResolvedTick=11932 nextLead=6 recordedLead=6 unresolved=7 clamped=0 clampedTotal=189 batchesSent=2053 commandsSent=9852 sendFailures=0 move=(0.00,0.00) jump=0
[rubber-banding][remote-render] time=215.994 frame=2241 entity=1 latestHostTick=11932 buffer=8 windowMs=1033.3 fps=9.7 snapshots=30 arrivalSamples=30 arrivalAvgMs=34.4 arrivalP95Ms=114.6 arrivalMaxMs=121.4 sameArrival=20 tickGapMax=2 renderFrames=10 interpolation=10 extrapolation=0 extrapolationCapped=0 extrapolationMaxMs=0.0 oldestHeld=0 zeroSpan=7 movingFrozen=0 teleport=0 visualStepAvgCm=0.00 visualStepMaxCm=0.00 estimatedHostTick=11937 renderTick=11931.920 latestSnapshotTick=11932.000 renderMinusLatestTicks=-0.080 estimatedMinusLatestTicks=5.000 sampleT=0.960
[rubber-banding][remote-render] time=215.994 frame=2241 entity=3 latestHostTick=11932 buffer=8 windowMs=1033.3 fps=9.7 snapshots=30 arrivalSamples=30 arrivalAvgMs=34.4 arrivalP95Ms=114.6 arrivalMaxMs=121.4 sameArrival=20 tickGapMax=2 renderFrames=10 interpolation=10 extrapolation=0 extrapolationCapped=0 extrapolationMaxMs=0.0 oldestHeld=0 zeroSpan=7 movingFrozen=0 teleport=0 visualStepAvgCm=0.00 visualStepMaxCm=0.00 estimatedHostTick=11937 renderTick=11931.920 latestSnapshotTick=11932.000 renderMinusLatestTicks=-0.080 estimatedMinusLatestTicks=5.000 sampleT=0.960
[rubber-banding][remote-render] time=215.994 frame=2241 entity=4 latestHostTick=11932 buffer=8 windowMs=1033.3 fps=9.7 snapshots=30 arrivalSamples=30 arrivalAvgMs=34.4 arrivalP95Ms=114.6 arrivalMaxMs=121.4 sameArrival=20 tickGapMax=2 renderFrames=10 interpolation=10 extrapolation=0 extrapolationCapped=0 extrapolationMaxMs=0.0 oldestHeld=0 zeroSpan=7 movingFrozen=0 teleport=0 visualStepAvgCm=31.52 visualStepMaxCm=47.16 estimatedHostTick=11937 renderTick=11931.920 latestSnapshotTick=11932.000 renderMinusLatestTicks=-0.080 estimatedMinusLatestTicks=5.000 sampleT=0.960
[rubber-banding][large-step] time=215.994 frame=2241 focused=1 entity=4 buffer=8 count=7 maxStepCm=47.16 horizontalCm=47.16 verticalCm=0.00 frameDeltaMs=114.3 renderTickDelta=7.074 fromTick=11882 toTick=11884 tickSpan=2 receivedSpanMs=0.0 t=0.600 renderOffsetMs=-13.3 sourceHorizontalCm=13.33 sourceVerticalCm=0.00 fromGrounded=1 toGrounded=1 velocity=(-3.964, -2.333, -0.535) expectedTravelCm=52.92 teleport=0 previous=(-3.909, 0.008, 0.943) rendered=(-4.376, 0.008, 0.880)
[rubber-banding][udp-pump] time=216.339 frame=2244 focused=1 windowMs=1055.3 fps=9.5 packets=32 socketAvgMs=33.5 socketP95Ms=112.3 socketMaxMs=116.3 pumpAvgMs=33.0 pumpP95Ms=116.8 pumpMaxMs=121.4 queueDelayAvgMs=29.6 queueDelayP95Ms=111.5 queueDelayMaxMs=114.6 samePump=22 pumpBatchMax=6 queueDepthMax=7 frameMaxMs=121.5
[rubber-banding][guest-reconcile] time=216.741 frame=2248 room=19 world=5 authority=5 entity=2 hostTick=11970 ackTick=11970 lastRecordedTick=11977 replayLatestTick=11977 move=(0,0) predictedBefore=(0.000, 0.000, 3.000) confirmed=(0.000, 0.060, 41.000) replayed=(0.000, 0.060, 41.000) visualBefore=(0.000, 0.000, 3.000) correction=(0.000, 0.060, 38.000) distance=38.000 unresolved=5 replayedCount=5 nextVisualOffset=(0.000, 0.000, 0.000) mode=authoritative-teleport rttMs=116.8 snapshotAgeMs=0.0
[rubber-banding][local-input] time=217.139 frame=2251 focused=1 host=0 room=19 world=5 authority=5 entity=2 windowMs=1144.5 updates=10 fixedCalls=58 commands=35 predictionSteps=35 noCommandUpdates=0 estimatedHostTick=12003 nextInputTick=12009 lastRecordedTick=12009 lastResolvedTick=12004 nextLead=6 recordedLead=6 unresolved=4 clamped=2 clampedTotal=191 batchesSent=2062 commandsSent=9894 sendFailures=0 move=(0.00,0.00) jump=0
[rubber-banding][remote-render] time=217.139 frame=2251 entity=1 latestHostTick=12004 buffer=8 windowMs=1144.5 fps=8.7 snapshots=31 arrivalSamples=31 arrivalAvgMs=36.9 arrivalP95Ms=228.4 arrivalMaxMs=258.5 sameArrival=23 tickGapMax=12 renderFrames=10 interpolation=8 extrapolation=2 extrapolationCapped=0 extrapolationMaxMs=100.6 oldestHeld=0 zeroSpan=7 movingFrozen=0 teleport=0 visualStepAvgCm=380.00 visualStepMaxCm=3800.01 estimatedHostTick=12003 renderTick=11999.044 latestSnapshotTick=12004.000 renderMinusLatestTicks=-4.956 estimatedMinusLatestTicks=-1.000 sampleT=0.522
[rubber-banding][large-step] time=217.139 frame=2251 focused=1 entity=1 buffer=8 count=1 maxStepCm=3800.01 horizontalCm=3800.00 verticalCm=6.00 frameDeltaMs=129.8 renderTickDelta=7.528 fromTick=11974 toTick=11976 tickSpan=2 receivedSpanMs=0.0 t=0.611 renderOffsetMs=-13.0 sourceHorizontalCm=0.00 sourceVerticalCm=0.00 fromGrounded=1 toGrounded=1 velocity=(0.000, -2.333, 0.000) expectedTravelCm=30.28 teleport=0 previous=(3.000, 0.000, 0.000) rendered=(41.000, 0.060, 0.000)
[rubber-banding][remote-render] time=217.139 frame=2251 entity=3 latestHostTick=12004 buffer=8 windowMs=1144.5 fps=8.7 snapshots=31 arrivalSamples=31 arrivalAvgMs=36.9 arrivalP95Ms=228.4 arrivalMaxMs=258.5 sameArrival=23 tickGapMax=12 renderFrames=10 interpolation=8 extrapolation=2 extrapolationCapped=0 extrapolationMaxMs=100.6 oldestHeld=0 zeroSpan=7 movingFrozen=0 teleport=0 visualStepAvgCm=442.09 visualStepMaxCm=4420.92 estimatedHostTick=12003 renderTick=11999.044 latestSnapshotTick=12004.000 renderMinusLatestTicks=-4.956 estimatedMinusLatestTicks=-1.000 sampleT=0.522
[rubber-banding][large-step] time=217.139 frame=2251 focused=1 entity=3 buffer=8 count=1 maxStepCm=4420.92 horizontalCm=4418.09 verticalCm=157.94 frameDeltaMs=129.8 renderTickDelta=7.528 fromTick=11974 toTick=11976 tickSpan=2 receivedSpanMs=0.0 t=0.611 renderOffsetMs=-13.0 sourceHorizontalCm=0.00 sourceVerticalCm=0.00 fromGrounded=1 toGrounded=1 velocity=(0.000, -2.333, 0.000) expectedTravelCm=30.28 teleport=0 previous=(3.181, 1.639, -0.120) rendered=(-41.000, 0.060, 0.000)
[rubber-banding][jump-step] time=217.139 frame=2251 focused=1 entity=3 buffer=8 count=1 maxVerticalCm=157.94 horizontalCm=4418.09 verticalCm=157.94 frameDeltaMs=129.8 renderTickDelta=7.528 fromTick=11974 toTick=11976 tickSpan=2 receivedSpanMs=0.0 t=0.611 renderOffsetMs=-13.0 sourceHorizontalCm=0.00 sourceVerticalCm=0.00 fromGrounded=1 toGrounded=1 velocity=(0.000, -2.333, 0.000) expectedTravelCm=30.28 teleport=0 previous=(3.181, 1.639, -0.120) rendered=(-41.000, 0.060, 0.000)
[rubber-banding][remote-render] time=217.139 frame=2251 entity=4 latestHostTick=12004 buffer=8 windowMs=1144.5 fps=8.7 snapshots=31 arrivalSamples=31 arrivalAvgMs=36.9 arrivalP95Ms=228.4 arrivalMaxMs=258.5 sameArrival=23 tickGapMax=12 renderFrames=10 interpolation=8 extrapolation=2 extrapolationCapped=0 extrapolationMaxMs=100.6 oldestHeld=0 zeroSpan=7 movingFrozen=0 teleport=0 visualStepAvgCm=446.50 visualStepMaxCm=4226.55 estimatedHostTick=12003 renderTick=11999.044 latestSnapshotTick=12004.000 renderMinusLatestTicks=-4.956 estimatedMinusLatestTicks=-1.000 sampleT=0.522
[rubber-banding][large-step] time=217.139 frame=2251 focused=1 entity=4 buffer=8 count=6 maxStepCm=4226.55 horizontalCm=4226.55 verticalCm=5.20 frameDeltaMs=129.8 renderTickDelta=7.528 fromTick=11974 toTick=11976 tickSpan=2 receivedSpanMs=0.0 t=0.611 renderOffsetMs=-13.0 sourceHorizontalCm=0.00 sourceVerticalCm=0.00 fromGrounded=1 toGrounded=1 velocity=(0.000, -2.333, 0.000) expectedTravelCm=30.28 teleport=0 previous=(-2.326, 0.008, 1.201) rendered=(0.000, 0.060, -41.000)
[rubber-banding][udp-pump] time=217.487 frame=2252 focused=1 windowMs=1148.0 fps=7.0 packets=34 socketAvgMs=33.5 socketP95Ms=232.6 socketMaxMs=337.3 pumpAvgMs=33.8 pumpP95Ms=258.5 pumpMaxMs=348.2 queueDelayAvgMs=100.4 queueDelayP95Ms=253.7 queueDelayMaxMs=256.4 samePump=28 pumpBatchMax=13 queueDepthMax=13 frameMaxMs=348.2
[rubber-banding][local-input] time=218.274 frame=2254 focused=1 host=0 room=19 world=5 authority=5 entity=2 windowMs=1135.3 updates=3 fixedCalls=50 commands=12 predictionSteps=12 noCommandUpdates=0 estimatedHostTick=12081 nextInputTick=12094 lastRecordedTick=12076 lastResolvedTick=12064 nextLead=13 recordedLead=-5 unresolved=4 clamped=3 clampedTotal=194 batchesSent=2065 commandsSent=9906 sendFailures=0 move=(0.00,0.00) jump=0
[rubber-banding][remote-render] time=218.274 frame=2254 entity=1 latestHostTick=12064 buffer=8 windowMs=1135.3 fps=2.6 snapshots=24 arrivalSamples=24 arrivalAvgMs=47.3 arrivalP95Ms=357.9 arrivalMaxMs=429.2 sameArrival=21 tickGapMax=6 renderFrames=3 interpolation=2 extrapolation=1 extrapolationCapped=0 extrapolationMaxMs=90.6 oldestHeld=0 zeroSpan=3 movingFrozen=0 teleport=0 visualStepAvgCm=0.00 visualStepMaxCm=0.00 estimatedHostTick=12081 renderTick=12069.434 latestSnapshotTick=12064.000 renderMinusLatestTicks=5.434 estimatedMinusLatestTicks=17.000 sampleT=3.717
[rubber-banding][remote-render] time=218.274 frame=2254 entity=3 latestHostTick=12064 buffer=8 windowMs=1135.3 fps=2.6 snapshots=24 arrivalSamples=24 arrivalAvgMs=47.3 arrivalP95Ms=357.9 arrivalMaxMs=429.2 sameArrival=21 tickGapMax=6 renderFrames=3 interpolation=2 extrapolation=1 extrapolationCapped=0 extrapolationMaxMs=90.6 oldestHeld=0 zeroSpan=3 movingFrozen=0 teleport=0 visualStepAvgCm=0.00 visualStepMaxCm=0.00 estimatedHostTick=12081 renderTick=12069.434 latestSnapshotTick=12064.000 renderMinusLatestTicks=5.434 estimatedMinusLatestTicks=17.000 sampleT=3.717
[rubber-banding][remote-render] time=218.274 frame=2254 entity=4 latestHostTick=12064 buffer=8 windowMs=1135.3 fps=2.6 snapshots=24 arrivalSamples=24 arrivalAvgMs=47.3 arrivalP95Ms=357.9 arrivalMaxMs=429.2 sameArrival=21 tickGapMax=6 renderFrames=3 interpolation=2 extrapolation=1 extrapolationCapped=0 extrapolationMaxMs=90.6 oldestHeld=0 zeroSpan=3 movingFrozen=0 teleport=0 visualStepAvgCm=0.00 visualStepMaxCm=0.00 estimatedHostTick=12081 renderTick=12069.434 latestSnapshotTick=12064.000 renderMinusLatestTicks=5.434 estimatedMinusLatestTicks=17.000 sampleT=3.717
[rubber-banding][udp-pump] time=218.693 frame=2255 focused=1 windowMs=1205.4 fps=2.5 packets=29 socketAvgMs=43.1 socketP95Ms=388.4 socketMaxMs=435.4 pumpAvgMs=41.6 pumpP95Ms=418.3 pumpMaxMs=429.2 queueDelayAvgMs=18.3 queueDelayP95Ms=44.4 queueDelayMaxMs=45.9 samePump=26 pumpBatchMax=10 queueDepthMax=10 frameMaxMs=429.2
[rubber-banding][local-input] time=219.673 frame=2257 focused=1 host=0 room=19 world=5 authority=5 entity=2 windowMs=1399.0 updates=3 fixedCalls=50 commands=10 predictionSteps=10 noCommandUpdates=0 estimatedHostTick=12141 nextInputTick=12170 lastRecordedTick=12116 lastResolvedTick=12104 nextLead=29 recordedLead=-25 unresolved=4 clamped=3 clampedTotal=197 batchesSent=2068 commandsSent=9918 sendFailures=0 move=(0.00,0.00) jump=0
[rubber-banding][remote-render] time=219.673 frame=2257 entity=1 latestHostTick=12104 buffer=8 windowMs=1399.0 fps=2.1 snapshots=17 arrivalSamples=17 arrivalAvgMs=82.3 arrivalP95Ms=519.6 arrivalMaxMs=519.6 sameArrival=14 tickGapMax=6 renderFrames=3 interpolation=0 extrapolation=3 extrapolationCapped=3 extrapolationMaxMs=804.2 oldestHeld=0 zeroSpan=2 movingFrozen=0 teleport=0 visualStepAvgCm=0.00 visualStepMaxCm=0.00 estimatedHostTick=12141 renderTick=12152.252 latestSnapshotTick=12104.000 renderMinusLatestTicks=48.252 estimatedMinusLatestTicks=37.000 sampleT=25.126
[rubber-banding][remote-render] time=219.673 frame=2257 entity=3 latestHostTick=12104 buffer=8 windowMs=1399.0 fps=2.1 snapshots=17 arrivalSamples=17 arrivalAvgMs=82.3 arrivalP95Ms=519.6 arrivalMaxMs=519.6 sameArrival=14 tickGapMax=6 renderFrames=3 interpolation=0 extrapolation=3 extrapolationCapped=3 extrapolationMaxMs=804.2 oldestHeld=0 zeroSpan=2 movingFrozen=0 teleport=0 visualStepAvgCm=0.00 visualStepMaxCm=0.00 estimatedHostTick=12141 renderTick=12152.252 latestSnapshotTick=12104.000 renderMinusLatestTicks=48.252 estimatedMinusLatestTicks=37.000 sampleT=25.126
[rubber-banding][remote-render] time=219.673 frame=2257 entity=4 latestHostTick=12104 buffer=8 windowMs=1399.0 fps=2.1 snapshots=17 arrivalSamples=17 arrivalAvgMs=82.3 arrivalP95Ms=519.6 arrivalMaxMs=519.6 sameArrival=14 tickGapMax=6 renderFrames=3 interpolation=0 extrapolation=3 extrapolationCapped=3 extrapolationMaxMs=804.2 oldestHeld=0 zeroSpan=2 movingFrozen=0 teleport=0 visualStepAvgCm=0.00 visualStepMaxCm=0.00 estimatedHostTick=12141 renderTick=12152.252 latestSnapshotTick=12104.000 renderMinusLatestTicks=48.252 estimatedMinusLatestTicks=37.000 sampleT=25.126
[rubber-banding][udp-pump] time=220.176 frame=2258 focused=1 windowMs=1483.3 fps=2.0 packets=21 socketAvgMs=51.9 socketP95Ms=518.8 socketMaxMs=550.4 pumpAvgMs=70.6 pumpP95Ms=502.5 pumpMaxMs=519.6 queueDelayAvgMs=415.5 queueDelayP95Ms=429.2 queueDelayMaxMs=465.4 samePump=18 pumpBatchMax=10 queueDepthMax=11 frameMaxMs=519.6
[Network] Unhandled packet id 2415 (166 byte payload). Skipped.
UnityEngine.Debug:ExtractStackTraceNoAlloc (byte*,int,string)
UnityEngine.StackTraceUtility:ExtractStackTrace () (at C:/build/output/unity/unity/Runtime/Export/Scripting/StackTrace.cs:35)
UnityEngine.DebugLogHandler:Internal_Log (UnityEngine.LogType,UnityEngine.LogOption,string,UnityEngine.Object)
UnityEngine.DebugLogHandler:LogFormat (UnityEngine.LogType,UnityEngine.Object,string,object[]) (at C:/build/output/unity/unity/Runtime/Export/Logging/DebugLogHandler.cs:9)
UnityEngine.Logger:Log (UnityEngine.LogType,object) (at C:/build/output/unity/unity/Runtime/Export/Logging/Logger.cs:60)
UnityEngine.Debug:LogWarning (object) (at C:/build/output/unity/unity/Runtime/Export/Debug/Debug.bindings.cs:213)
LogPrinter:LogWarning (object) (at C:/ssafy/S15P21D204/Client/Assets/Game/Core/Logging/LogPrinter.cs:158)
NetworkMessagePipeline:DispatchReceivedMessage (MessageReceivedEvent,bool,System.DateTimeOffset,single,int&) (at C:/ssafy/S15P21D204/Client/Assets/Game/Infrastructure/Network/TCP/TcpNetworkClient.cs:367)
NetworkMessagePipeline:Pump (int) (at C:/ssafy/S15P21D204/Client/Assets/Game/Infrastructure/Network/TCP/TcpNetworkClient.cs:213)
TcpNetworkClient:Pump (int) (at C:/ssafy/S15P21D204/Client/Assets/Game/Infrastructure/Network/TCP/TcpNetworkClient.cs:738)
GameInstance:Update () (at C:/ssafy/S15P21D204/Client/Assets/Game/App/Runtime/Bootstrap/GameInstance.cs:168)

(Filename: C:/build/output/unity/unity/Runtime/Export/Debug/Debug.bindings.cs Line: 213)

[밤 아이템] 기존 번호[11]: 미구현 아이템, 다른 아이템[4]으로 교체합니다
UnityEngine.Debug:ExtractStackTraceNoAlloc (byte*,int,string)
UnityEngine.StackTraceUtility:ExtractStackTrace () (at C:/build/output/unity/unity/Runtime/Export/Scripting/StackTrace.cs:35)
UnityEngine.DebugLogHandler:Internal_Log (UnityEngine.LogType,UnityEngine.LogOption,string,UnityEngine.Object)
UnityEngine.DebugLogHandler:LogFormat (UnityEngine.LogType,UnityEngine.Object,string,object[]) (at C:/build/output/unity/unity/Runtime/Export/Logging/DebugLogHandler.cs:9)
UnityEngine.Logger:Log (UnityEngine.LogType,object) (at C:/build/output/unity/unity/Runtime/Export/Logging/Logger.cs:60)
UnityEngine.Debug:LogWarning (object) (at C:/build/output/unity/unity/Runtime/Export/Debug/Debug.bindings.cs:213)
LogPrinter:LogWarning (object) (at C:/ssafy/S15P21D204/Client/Assets/Game/Core/Logging/LogPrinter.cs:158)
NightItemEquipmentBinder:SynchronizeGrants () (at C:/ssafy/S15P21D204/Client/Assets/Game/Features/Combat/Runtime/NightItemEquipmentBinder.cs:100)
NightItemEquipmentBinder:OnGranted (NightItemGrantedNotification) (at C:/ssafy/S15P21D204/Client/Assets/Game/Features/Combat/Runtime/NightItemEquipmentBinder.cs:59)
NightItemGrantService:OnGranted (NightItemGrantedNotification) (at C:/ssafy/S15P21D204/Client/Assets/Game/Features/Match/Runtime/NightItemGrantService.cs:56)
MessageDispatcher/<>c__DisplayClass3_0`1<NightItemGrantedNotification>:<Subscribe>b__0 (INetworkMessage) (at C:/ssafy/S15P21D204/Client/Assets/Game/Infrastructure/Network/Dispatching/MessageDispatcher.cs:20)
MessageDispatcher:IMessagePublisher.Publish (INetworkMessage) (at C:/ssafy/S15P21D204/Client/Assets/Game/Infrastructure/Network/Dispatching/MessageDispatcher.cs:55)
NetworkMessagePipeline:DispatchReceivedMessage (MessageReceivedEvent,bool,System.DateTimeOffset,single,int&) (at C:/ssafy/S15P21D204/Client/Assets/Game/Infrastructure/Network/TCP/TcpNetworkClient.cs:433)
NetworkMessagePipeline:Pump (int) (at C:/ssafy/S15P21D204/Client/Assets/Game/Infrastructure/Network/TCP/TcpNetworkClient.cs:213)
TcpNetworkClient:Pump (int) (at C:/ssafy/S15P21D204/Client/Assets/Game/Infrastructure/Network/TCP/TcpNetworkClient.cs:738)
GameInstance:Update () (at C:/ssafy/S15P21D204/Client/Assets/Game/App/Runtime/Bootstrap/GameInstance.cs:168)

(Filename: C:/build/output/unity/unity/Runtime/Export/Debug/Debug.bindings.cs Line: 213)

[밤 아이템] 기존 번호[11]: 미구현 아이템, 다른 아이템[4]으로 교체합니다
UnityEngine.Debug:ExtractStackTraceNoAlloc (byte*,int,string)
UnityEngine.StackTraceUtility:ExtractStackTrace () (at C:/build/output/unity/unity/Runtime/Export/Scripting/StackTrace.cs:35)
UnityEngine.DebugLogHandler:Internal_Log (UnityEngine.LogType,UnityEngine.LogOption,string,UnityEngine.Object)
UnityEngine.DebugLogHandler:LogFormat (UnityEngine.LogType,UnityEngine.Object,string,object[]) (at C:/build/output/unity/unity/Runtime/Export/Logging/DebugLogHandler.cs:9)
UnityEngine.Logger:Log (UnityEngine.LogType,object) (at C:/build/output/unity/unity/Runtime/Export/Logging/Logger.cs:60)
UnityEngine.Debug:LogWarning (object) (at C:/build/output/unity/unity/Runtime/Export/Debug/Debug.bindings.cs:213)
LogPrinter:LogWarning (object) (at C:/ssafy/S15P21D204/Client/Assets/Game/Core/Logging/LogPrinter.cs:158)
NightItemEquipmentBinder:SynchronizeGrants () (at C:/ssafy/S15P21D204/Client/Assets/Game/Features/Combat/Runtime/NightItemEquipmentBinder.cs:100)
NightItemEquipmentBinder:OnGranted (NightItemGrantedNotification) (at C:/ssafy/S15P21D204/Client/Assets/Game/Features/Combat/Runtime/NightItemEquipmentBinder.cs:59)
NightItemGrantService:OnGranted (NightItemGrantedNotification) (at C:/ssafy/S15P21D204/Client/Assets/Game/Features/Match/Runtime/NightItemGrantService.cs:56)
MessageDispatcher/<>c__DisplayClass3_0`1<NightItemGrantedNotification>:<Subscribe>b__0 (INetworkMessage) (at C:/ssafy/S15P21D204/Client/Assets/Game/Infrastructure/Network/Dispatching/MessageDispatcher.cs:20)
MessageDispatcher:IMessagePublisher.Publish (INetworkMessage) (at C:/ssafy/S15P21D204/Client/Assets/Game/Infrastructure/Network/Dispatching/MessageDispatcher.cs:55)
NetworkMessagePipeline:DispatchReceivedMessage (MessageReceivedEvent,bool,System.DateTimeOffset,single,int&) (at C:/ssafy/S15P21D204/Client/Assets/Game/Infrastructure/Network/TCP/TcpNetworkClient.cs:433)
NetworkMessagePipeline:Pump (int) (at C:/ssafy/S15P21D204/Client/Assets/Game/Infrastructure/Network/TCP/TcpNetworkClient.cs:213)
TcpNetworkClient:Pump (int) (at C:/ssafy/S15P21D204/Client/Assets/Game/Infrastructure/Network/TCP/TcpNetworkClient.cs:738)
GameInstance:Update () (at C:/ssafy/S15P21D204/Client/Assets/Game/App/Runtime/Bootstrap/GameInstance.cs:168)

(Filename: C:/build/output/unity/unity/Runtime/Export/Debug/Debug.bindings.cs Line: 213)

[밤 아이템] 기존 번호[8]: 미구현 아이템, 다른 아이템[1]으로 교체합니다
UnityEngine.Debug:ExtractStackTraceNoAlloc (byte*,int,string)
UnityEngine.StackTraceUtility:ExtractStackTrace () (at C:/build/output/unity/unity/Runtime/Export/Scripting/StackTrace.cs:35)
UnityEngine.DebugLogHandler:Internal_Log (UnityEngine.LogType,UnityEngine.LogOption,string,UnityEngine.Object)
UnityEngine.DebugLogHandler:LogFormat (UnityEngine.LogType,UnityEngine.Object,string,object[]) (at C:/build/output/unity/unity/Runtime/Export/Logging/DebugLogHandler.cs:9)
UnityEngine.Logger:Log (UnityEngine.LogType,object) (at C:/build/output/unity/unity/Runtime/Export/Logging/Logger.cs:60)
UnityEngine.Debug:LogWarning (object) (at C:/build/output/unity/unity/Runtime/Export/Debug/Debug.bindings.cs:213)
LogPrinter:LogWarning (object) (at C:/ssafy/S15P21D204/Client/Assets/Game/Core/Logging/LogPrinter.cs:158)
NightItemEquipmentBinder:SynchronizeGrants () (at C:/ssafy/S15P21D204/Client/Assets/Game/Features/Combat/Runtime/NightItemEquipmentBinder.cs:100)
NightItemEquipmentBinder:OnGranted (NightItemGrantedNotification) (at C:/ssafy/S15P21D204/Client/Assets/Game/Features/Combat/Runtime/NightItemEquipmentBinder.cs:59)
NightItemGrantService:OnGranted (NightItemGrantedNotification) (at C:/ssafy/S15P21D204/Client/Assets/Game/Features/Match/Runtime/NightItemGrantService.cs:56)
MessageDispatcher/<>c__DisplayClass3_0`1<NightItemGrantedNotification>:<Subscribe>b__0 (INetworkMessage) (at C:/ssafy/S15P21D204/Client/Assets/Game/Infrastructure/Network/Dispatching/MessageDispatcher.cs:20)
MessageDispatcher:IMessagePublisher.Publish (INetworkMessage) (at C:/ssafy/S15P21D204/Client/Assets/Game/Infrastructure/Network/Dispatching/MessageDispatcher.cs:55)
NetworkMessagePipeline:DispatchReceivedMessage (MessageReceivedEvent,bool,System.DateTimeOffset,single,int&) (at C:/ssafy/S15P21D204/Client/Assets/Game/Infrastructure/Network/TCP/TcpNetworkClient.cs:433)
NetworkMessagePipeline:Pump (int) (at C:/ssafy/S15P21D204/Client/Assets/Game/Infrastructure/Network/TCP/TcpNetworkClient.cs:213)
TcpNetworkClient:Pump (int) (at C:/ssafy/S15P21D204/Client/Assets/Game/Infrastructure/Network/TCP/TcpNetworkClient.cs:738)
GameInstance:Update () (at C:/ssafy/S15P21D204/Client/Assets/Game/App/Runtime/Bootstrap/GameInstance.cs:168)

(Filename: C:/build/output/unity/unity/Runtime/Export/Debug/Debug.bindings.cs Line: 213)

[rubber-banding][local-input] time=220.822 frame=2262 focused=1 host=0 room=19 world=5 authority=5 entity=2 windowMs=1149.2 updates=5 fixedCalls=49 commands=20 predictionSteps=20 noCommandUpdates=0 estimatedHostTick=12178 nextInputTick=12196 lastRecordedTick=12182 lastResolvedTick=12170 nextLead=18 recordedLead=4 unresolved=4 clamped=5 clampedTotal=202 batchesSent=2073 commandsSent=9941 sendFailures=0 move=(0.00,0.00) jump=0
[rubber-banding][remote-render] time=220.822 frame=2262 entity=1 latestHostTick=12170 buffer=8 windowMs=1149.2 fps=4.4 snapshots=29 arrivalSamples=29 arrivalAvgMs=39.6 arrivalP95Ms=227.1 arrivalMaxMs=502.5 sameArrival=24 tickGapMax=6 renderFrames=5 interpolation=0 extrapolation=5 extrapolationCapped=1 extrapolationMaxMs=170.0 oldestHeld=0 zeroSpan=5 movingFrozen=0 teleport=0 visualStepAvgCm=0.00 visualStepMaxCm=0.00 estimatedHostTick=12178 renderTick=12172.996 latestSnapshotTick=12170.000 renderMinusLatestTicks=2.996 estimatedMinusLatestTicks=8.000 sampleT=2.498
[rubber-banding][remote-render] time=220.822 frame=2262 entity=3 latestHostTick=12170 buffer=8 windowMs=1149.2 fps=4.4 snapshots=29 arrivalSamples=29 arrivalAvgMs=39.6 arrivalP95Ms=227.1 arrivalMaxMs=502.5 sameArrival=24 tickGapMax=6 renderFrames=5 interpolation=0 extrapolation=5 extrapolationCapped=1 extrapolationMaxMs=170.0 oldestHeld=0 zeroSpan=5 movingFrozen=0 teleport=0 visualStepAvgCm=0.00 visualStepMaxCm=0.00 estimatedHostTick=12178 renderTick=12172.996 latestSnapshotTick=12170.000 renderMinusLatestTicks=2.996 estimatedMinusLatestTicks=8.000 sampleT=2.498
[rubber-banding][remote-render] time=220.822 frame=2262 entity=4 latestHostTick=12170 buffer=8 windowMs=1149.2 fps=4.4 snapshots=29 arrivalSamples=29 arrivalAvgMs=39.6 arrivalP95Ms=227.1 arrivalMaxMs=502.5 sameArrival=24 tickGapMax=6 renderFrames=5 interpolation=0 extrapolation=5 extrapolationCapped=1 extrapolationMaxMs=170.0 oldestHeld=0 zeroSpan=5 movingFrozen=0 teleport=0 visualStepAvgCm=3.27 visualStepMaxCm=16.33 estimatedHostTick=12178 renderTick=12172.996 latestSnapshotTick=12170.000 renderMinusLatestTicks=2.996 estimatedMinusLatestTicks=8.000 sampleT=2.498
[rubber-banding][udp-pump] time=221.287 frame=2264 focused=1 windowMs=1110.7 fps=5.4 packets=38 socketAvgMs=38.9 socketP95Ms=304.5 socketMaxMs=526.8 pumpAvgMs=29.2 pumpP95Ms=227.1 pumpMaxMs=307.5 queueDelayAvgMs=89.7 queueDelayP95Ms=219.5 queueDelayMaxMs=221.7 samePump=32 pumpBatchMax=10 queueDepthMax=10 frameMaxMs=307.5
[rubber-banding][local-input] time=221.887 frame=2269 focused=1 host=0 room=19 world=5 authority=5 entity=2 windowMs=1064.6 updates=7 fixedCalls=53 commands=27 predictionSteps=27 noCommandUpdates=0 estimatedHostTick=12235 nextInputTick=12247 lastRecordedTick=12244 lastResolvedTick=12232 nextLead=12 recordedLead=9 unresolved=8 clamped=3 clampedTotal=205 batchesSent=2080 commandsSent=9978 sendFailures=0 move=(0.00,0.00) jump=0
[rubber-banding][remote-render] time=221.887 frame=2269 entity=1 latestHostTick=12232 buffer=8 windowMs=1064.6 fps=6.6 snapshots=29 arrivalSamples=29 arrivalAvgMs=33.0 arrivalP95Ms=159.1 arrivalMaxMs=307.5 sameArrival=23 tickGapMax=6 renderFrames=7 interpolation=4 extrapolation=3 extrapolationCapped=1 extrapolationMaxMs=180.5 oldestHeld=0 zeroSpan=7 movingFrozen=0 teleport=0 visualStepAvgCm=0.00 visualStepMaxCm=0.00 estimatedHostTick=12235 renderTick=12234.743 latestSnapshotTick=12232.000 renderMinusLatestTicks=2.743 estimatedMinusLatestTicks=3.000 sampleT=2.371
[rubber-banding][remote-render] time=221.887 frame=2269 entity=3 latestHostTick=12232 buffer=8 windowMs=1064.6 fps=6.6 snapshots=29 arrivalSamples=29 arrivalAvgMs=33.0 arrivalP95Ms=159.1 arrivalMaxMs=307.5 sameArrival=23 tickGapMax=6 renderFrames=7 interpolation=4 extrapolation=3 extrapolationCapped=1 extrapolationMaxMs=180.5 oldestHeld=0 zeroSpan=7 movingFrozen=0 teleport=0 visualStepAvgCm=0.00 visualStepMaxCm=0.00 estimatedHostTick=12235 renderTick=12234.743 latestSnapshotTick=12232.000 renderMinusLatestTicks=2.743 estimatedMinusLatestTicks=3.000 sampleT=2.371
[rubber-banding][remote-render] time=221.887 frame=2269 entity=4 latestHostTick=12232 buffer=8 windowMs=1064.6 fps=6.6 snapshots=29 arrivalSamples=29 arrivalAvgMs=33.0 arrivalP95Ms=159.1 arrivalMaxMs=307.5 sameArrival=23 tickGapMax=6 renderFrames=7 interpolation=4 extrapolation=3 extrapolationCapped=1 extrapolationMaxMs=180.5 oldestHeld=0 zeroSpan=7 movingFrozen=0 teleport=0 visualStepAvgCm=34.29 visualStepMaxCm=71.40 estimatedHostTick=12235 renderTick=12234.743 latestSnapshotTick=12232.000 renderMinusLatestTicks=2.743 estimatedMinusLatestTicks=3.000 sampleT=2.371
[rubber-banding][large-step] time=221.887 frame=2269 focused=1 entity=4 buffer=8 count=5 maxStepCm=71.40 horizontalCm=71.23 verticalCm=4.90 frameDeltaMs=307.5 renderTickDelta=17.834 fromTick=12178 toTick=12180 tickSpan=2 receivedSpanMs=0.0 t=6.415 renderOffsetMs=180.5 sourceHorizontalCm=9.56 sourceVerticalCm=0.00 fromGrounded=1 toGrounded=1 velocity=(-0.339, -2.333, 2.511) expectedTravelCm=105.90 teleport=0 previous=(-0.022, 0.057, -40.838) rendered=(-0.117, 0.008, -40.132)
[rubber-banding][udp-pump] time=222.328 frame=2273 focused=1 windowMs=1041.6 fps=8.6 packets=30 socketAvgMs=33.4 socketP95Ms=140.2 socketMaxMs=144.3 pumpAvgMs=34.7 pumpP95Ms=159.1 pumpMaxMs=174.6 queueDelayAvgMs=51.6 queueDelayP95Ms=104.3 queueDelayMaxMs=107.4 samePump=22 pumpBatchMax=5 queueDepthMax=5 frameMaxMs=159.1
[rubber-banding][local-input] time=223.008 frame=2279 focused=1 host=0 room=19 world=5 authority=5 entity=2 windowMs=1121.4 updates=10 fixedCalls=56 commands=38 predictionSteps=38 noCommandUpdates=0 estimatedHostTick=12304 nextInputTick=12309 lastRecordedTick=12309 lastResolvedTick=12304 nextLead=5 recordedLead=5 unresolved=4 clamped=0 clampedTotal=205 batchesSent=2090 commandsSent=10023 sendFailures=0 move=(0.00,0.00) jump=0
[rubber-banding][remote-render] time=223.008 frame=2279 entity=1 latestHostTick=12304 buffer=8 windowMs=1121.4 fps=8.9 snapshots=36 arrivalSamples=36 arrivalAvgMs=34.1 arrivalP95Ms=145.4 arrivalMaxMs=174.6 sameArrival=26 tickGapMax=2 renderFrames=10 interpolation=7 extrapolation=3 extrapolationCapped=0 extrapolationMaxMs=25.2 oldestHeld=0 zeroSpan=10 movingFrozen=0 teleport=0 visualStepAvgCm=0.00 visualStepMaxCm=0.00 estimatedHostTick=12304 renderTick=12300.195 latestSnapshotTick=12304.000 renderMinusLatestTicks=-3.805 estimatedMinusLatestTicks=0.000 sampleT=0.098
[rubber-banding][remote-render] time=223.008 frame=2279 entity=3 latestHostTick=12304 buffer=8 windowMs=1121.4 fps=8.9 snapshots=36 arrivalSamples=36 arrivalAvgMs=34.1 arrivalP95Ms=145.4 arrivalMaxMs=174.6 sameArrival=26 tickGapMax=2 renderFrames=10 interpolation=7 extrapolation=3 extrapolationCapped=0 extrapolationMaxMs=25.2 oldestHeld=0 zeroSpan=10 movingFrozen=0 teleport=0 visualStepAvgCm=0.00 visualStepMaxCm=0.00 estimatedHostTick=12304 renderTick=12300.195 latestSnapshotTick=12304.000 renderMinusLatestTicks=-3.805 estimatedMinusLatestTicks=0.000 sampleT=0.098
[rubber-banding][remote-render] time=223.008 frame=2279 entity=4 latestHostTick=12304 buffer=8 windowMs=1121.4 fps=8.9 snapshots=36 arrivalSamples=36 arrivalAvgMs=34.1 arrivalP95Ms=145.4 arrivalMaxMs=174.6 sameArrival=26 tickGapMax=2 renderFrames=10 interpolation=7 extrapolation=3 extrapolationCapped=0 extrapolationMaxMs=25.2 oldestHeld=0 zeroSpan=10 movingFrozen=0 teleport=0 visualStepAvgCm=50.01 visualStepMaxCm=73.31 estimatedHostTick=12304 renderTick=12300.195 latestSnapshotTick=12304.000 renderMinusLatestTicks=-3.805 estimatedMinusLatestTicks=0.000 sampleT=0.098
[rubber-banding][large-step] time=223.008 frame=2279 focused=1 entity=4 buffer=8 count=10 maxStepCm=73.31 horizontalCm=44.61 verticalCm=58.18 frameDeltaMs=115.4 renderTickDelta=6.692 fromTick=12272 toTick=12274 tickSpan=2 receivedSpanMs=0.0 t=0.037 renderOffsetMs=-32.1 sourceHorizontalCm=13.33 sourceVerticalCm=13.65 fromGrounded=0 toGrounded=0 velocity=(2.425, 3.928, 3.181) expectedTravelCm=64.68 teleport=0 previous=(0.341, 0.084, -36.690) rendered=(0.611, 0.666, -36.335)
[rubber-banding][jump-step] time=223.008 frame=2279 focused=1 entity=4 buffer=8 count=5 maxVerticalCm=58.18 horizontalCm=44.61 verticalCm=58.18 frameDeltaMs=115.4 renderTickDelta=6.692 fromTick=12272 toTick=12274 tickSpan=2 receivedSpanMs=0.0 t=0.037 renderOffsetMs=-32.1 sourceHorizontalCm=13.33 sourceVerticalCm=13.65 fromGrounded=0 toGrounded=0 velocity=(2.425, 3.928, 3.181) expectedTravelCm=64.68 teleport=0 previous=(0.341, 0.084, -36.690) rendered=(0.611, 0.666, -36.335)
[rubber-banding][udp-pump] time=223.351 frame=2282 focused=1 windowMs=1022.5 fps=8.8 packets=30 socketAvgMs=33.6 socketP95Ms=130.4 socketMaxMs=136.6 pumpAvgMs=34.1 pumpP95Ms=136.6 pumpMaxMs=205.6 queueDelayAvgMs=40.1 queueDelayP95Ms=82.1 queueDelayMaxMs=84.7 samePump=22 pumpBatchMax=4 queueDepthMax=5 frameMaxMs=136.6
[rubber-banding][local-input] time=224.024 frame=2288 focused=1 host=0 room=19 world=5 authority=5 entity=2 windowMs=1015.8 updates=9 fixedCalls=51 commands=31 predictionSteps=31 noCommandUpdates=1 estimatedHostTick=12369 nextInputTick=12376 lastRecordedTick=12370 lastResolvedTick=12358 nextLead=7 recordedLead=1 unresolved=8 clamped=5 clampedTotal=210 batchesSent=2099 commandsSent=10073 sendFailures=0 move=(0.00,0.00) jump=0
[rubber-banding][remote-render] time=224.024 frame=2288 entity=1 latestHostTick=12358 buffer=8 windowMs=1015.8 fps=8.9 snapshots=27 arrivalSamples=27 arrivalAvgMs=37.6 arrivalP95Ms=136.6 arrivalMaxMs=205.6 sameArrival=19 tickGapMax=2 renderFrames=9 interpolation=5 extrapolation=4 extrapolationCapped=0 extrapolationMaxMs=86.3 oldestHeld=0 zeroSpan=8 movingFrozen=0 teleport=0 visualStepAvgCm=0.00 visualStepMaxCm=0.00 estimatedHostTick=12369 renderTick=12363.175 latestSnapshotTick=12358.000 renderMinusLatestTicks=5.175 estimatedMinusLatestTicks=11.000 sampleT=3.588
[rubber-banding][remote-render] time=224.024 frame=2288 entity=3 latestHostTick=12358 buffer=8 windowMs=1015.8 fps=8.9 snapshots=27 arrivalSamples=27 arrivalAvgMs=37.6 arrivalP95Ms=136.6 arrivalMaxMs=205.6 sameArrival=19 tickGapMax=2 renderFrames=9 interpolation=5 extrapolation=4 extrapolationCapped=0 extrapolationMaxMs=86.3 oldestHeld=0 zeroSpan=8 movingFrozen=0 teleport=0 visualStepAvgCm=0.00 visualStepMaxCm=0.00 estimatedHostTick=12369 renderTick=12363.175 latestSnapshotTick=12358.000 renderMinusLatestTicks=5.175 estimatedMinusLatestTicks=11.000 sampleT=3.588
[rubber-banding][remote-render] time=224.024 frame=2288 entity=4 latestHostTick=12358 buffer=8 windowMs=1015.8 fps=8.9 snapshots=27 arrivalSamples=27 arrivalAvgMs=37.6 arrivalP95Ms=136.6 arrivalMaxMs=205.6 sameArrival=19 tickGapMax=2 renderFrames=9 interpolation=5 extrapolation=4 extrapolationCapped=0 extrapolationMaxMs=86.3 oldestHeld=0 zeroSpan=8 movingFrozen=0 teleport=0 visualStepAvgCm=54.19 visualStepMaxCm=77.06 estimatedHostTick=12369 renderTick=12363.175 latestSnapshotTick=12358.000 renderMinusLatestTicks=5.175 estimatedMinusLatestTicks=11.000 sampleT=3.588
[rubber-banding][large-step] time=224.024 frame=2288 focused=1 entity=4 buffer=8 count=9 maxStepCm=77.06 horizontalCm=56.47 verticalCm=52.44 frameDeltaMs=136.6 renderTickDelta=8.470 fromTick=12308 toTick=12310 tickSpan=2 receivedSpanMs=0.0 t=0.333 renderOffsetMs=-22.2 sourceHorizontalCm=13.33 sourceVerticalCm=0.00 fromGrounded=1 toGrounded=1 velocity=(2.425, -2.333, 3.181) expectedTravelCm=63.26 teleport=0 previous=(1.748, 0.532, -34.844) rendered=(2.090, 0.008, -34.395)
[rubber-banding][jump-step] time=224.024 frame=2288 focused=1 entity=4 buffer=8 count=4 maxVerticalCm=53.06 horizontalCm=52.47 verticalCm=53.06 frameDeltaMs=126.9 renderTickDelta=7.870 fromTick=12348 toTick=12350 tickSpan=2 receivedSpanMs=0.0 t=0.541 renderOffsetMs=-15.3 sourceHorizontalCm=13.33 sourceVerticalCm=9.21 fromGrounded=0 toGrounded=0 velocity=(-0.535, 2.595, 3.964) expectedTravelCm=60.52 teleport=0 previous=(2.063, 0.431, -32.314) rendered=(1.993, 0.961, -31.795)
[rubber-banding][udp-pump] time=224.409 frame=2291 focused=1 windowMs=1058.6 fps=8.5 packets=32 socketAvgMs=32.9 socketP95Ms=137.4 socketMaxMs=145.5 pumpAvgMs=33.1 pumpP95Ms=130.6 pumpMaxMs=133.0 queueDelayAvgMs=61.1 queueDelayP95Ms=120.7 queueDelayMaxMs=124.7 samePump=23 pumpBatchMax=5 queueDepthMax=6 frameMaxMs=133.0
[rubber-banding][local-input] time=225.132 frame=2297 focused=1 host=0 room=19 world=5 authority=5 entity=2 windowMs=1107.4 updates=9 fixedCalls=55 commands=36 predictionSteps=36 noCommandUpdates=0 estimatedHostTick=12430 nextInputTick=12436 lastRecordedTick=12436 lastResolvedTick=12430 nextLead=6 recordedLead=6 unresolved=4 clamped=0 clampedTotal=210 batchesSent=2108 commandsSent=10116 sendFailures=0 move=(0.00,0.00) jump=0
[rubber-banding][remote-render] time=225.132 frame=2297 entity=1 latestHostTick=12430 buffer=8 windowMs=1107.4 fps=8.1 snapshots=36 arrivalSamples=36 arrivalAvgMs=30.8 arrivalP95Ms=135.9 arrivalMaxMs=138.5 sameArrival=27 tickGapMax=2 renderFrames=9 interpolation=3 extrapolation=6 extrapolationCapped=0 extrapolationMaxMs=36.9 oldestHeld=0 zeroSpan=9 movingFrozen=0 teleport=0 visualStepAvgCm=0.00 visualStepMaxCm=0.00 estimatedHostTick=12430 renderTick=12427.402 latestSnapshotTick=12430.000 renderMinusLatestTicks=-2.598 estimatedMinusLatestTicks=0.000 sampleT=0.701
[rubber-banding][remote-render] time=225.132 frame=2297 entity=3 latestHostTick=12430 buffer=8 windowMs=1107.4 fps=8.1 snapshots=36 arrivalSamples=36 arrivalAvgMs=30.8 arrivalP95Ms=135.9 arrivalMaxMs=138.5 sameArrival=27 tickGapMax=2 renderFrames=9 interpolation=3 extrapolation=6 extrapolationCapped=0 extrapolationMaxMs=36.9 oldestHeld=0 zeroSpan=9 movingFrozen=0 teleport=0 visualStepAvgCm=0.00 visualStepMaxCm=0.00 estimatedHostTick=12430 renderTick=12427.402 latestSnapshotTick=12430.000 renderMinusLatestTicks=-2.598 estimatedMinusLatestTicks=0.000 sampleT=0.701
[rubber-banding][remote-render] time=225.132 frame=2297 entity=4 latestHostTick=12430 buffer=8 windowMs=1107.4 fps=8.1 snapshots=36 arrivalSamples=36 arrivalAvgMs=30.8 arrivalP95Ms=135.9 arrivalMaxMs=138.5 sameArrival=27 tickGapMax=2 renderFrames=9 interpolation=3 extrapolation=6 extrapolationCapped=0 extrapolationMaxMs=36.9 oldestHeld=0 zeroSpan=9 movingFrozen=0 teleport=0 visualStepAvgCm=53.64 visualStepMaxCm=88.76 estimatedHostTick=12430 renderTick=12427.402 latestSnapshotTick=12430.000 renderMinusLatestTicks=-2.598 estimatedMinusLatestTicks=0.000 sampleT=0.701
[rubber-banding][large-step] time=225.132 frame=2297 focused=1 entity=4 buffer=8 count=9 maxStepCm=88.76 horizontalCm=51.42 verticalCm=72.35 frameDeltaMs=133.0 renderTickDelta=7.713 fromTick=12374 toTick=12376 tickSpan=2 receivedSpanMs=0.0 t=1.965 renderOffsetMs=32.2 sourceHorizontalCm=13.33 sourceVerticalCm=19.68 fromGrounded=0 toGrounded=0 velocity=(-0.535, -6.072, 3.964) expectedTravelCm=96.69 teleport=0 previous=(1.804, 0.706, -30.398) rendered=(1.736, -0.017, -29.889)
[rubber-banding][jump-step] time=225.132 frame=2297 focused=1 entity=4 buffer=8 count=2 maxVerticalCm=72.35 horizontalCm=51.42 verticalCm=72.35 frameDeltaMs=133.0 renderTickDelta=7.713 fromTick=12374 toTick=12376 tickSpan=2 receivedSpanMs=0.0 t=1.965 renderOffsetMs=32.2 sourceHorizontalCm=13.33 sourceVerticalCm=19.68 fromGrounded=0 toGrounded=0 velocity=(-0.535, -6.072, 3.964) expectedTravelCm=96.69 teleport=0 previous=(1.804, 0.706, -30.398) rendered=(1.736, -0.017, -29.889)
[rubber-banding][udp-pump] time=225.460 frame=2300 focused=1 windowMs=1050.9 fps=8.6 packets=33 socketAvgMs=33.4 socketP95Ms=125.5 socketMaxMs=129.3 pumpAvgMs=31.8 pumpP95Ms=135.9 pumpMaxMs=138.5 queueDelayAvgMs=63.5 queueDelayP95Ms=103.9 queueDelayMaxMs=106.5 samePump=24 pumpBatchMax=4 queueDepthMax=4 frameMaxMs=138.5
[rubber-banding][local-input] time=226.248 frame=2306 focused=1 host=0 room=19 world=5 authority=5 entity=2 windowMs=1116.1 updates=9 fixedCalls=56 commands=35 predictionSteps=35 noCommandUpdates=0 estimatedHostTick=12501 nextInputTick=12506 lastRecordedTick=12504 lastResolvedTick=12492 nextLead=5 recordedLead=3 unresolved=6 clamped=3 clampedTotal=213 batchesSent=2117 commandsSent=10161 sendFailures=0 move=(0.00,0.00) jump=0
[rubber-banding][remote-render] time=226.248 frame=2306 entity=1 latestHostTick=12492 buffer=8 windowMs=1116.1 fps=8.1 snapshots=31 arrivalSamples=31 arrivalAvgMs=36.0 arrivalP95Ms=142.2 arrivalMaxMs=242.3 sameArrival=23 tickGapMax=2 renderFrames=9 interpolation=5 extrapolation=4 extrapolationCapped=0 extrapolationMaxMs=86.7 oldestHeld=0 zeroSpan=9 movingFrozen=0 teleport=0 visualStepAvgCm=0.00 visualStepMaxCm=0.00 estimatedHostTick=12501 renderTick=12495.218 latestSnapshotTick=12492.000 renderMinusLatestTicks=3.218 estimatedMinusLatestTicks=9.000 sampleT=2.609
[rubber-banding][remote-render] time=226.248 frame=2306 entity=3 latestHostTick=12492 buffer=8 windowMs=1116.1 fps=8.1 snapshots=31 arrivalSamples=31 arrivalAvgMs=36.0 arrivalP95Ms=142.2 arrivalMaxMs=242.3 sameArrival=23 tickGapMax=2 renderFrames=9 interpolation=5 extrapolation=4 extrapolationCapped=0 extrapolationMaxMs=86.7 oldestHeld=0 zeroSpan=9 movingFrozen=0 teleport=0 visualStepAvgCm=0.00 visualStepMaxCm=0.00 estimatedHostTick=12501 renderTick=12495.218 latestSnapshotTick=12492.000 renderMinusLatestTicks=3.218 estimatedMinusLatestTicks=9.000 sampleT=2.609
[rubber-banding][remote-render] time=226.248 frame=2306 entity=4 latestHostTick=12492 buffer=8 windowMs=1116.1 fps=8.1 snapshots=31 arrivalSamples=31 arrivalAvgMs=36.0 arrivalP95Ms=142.2 arrivalMaxMs=242.3 sameArrival=23 tickGapMax=2 renderFrames=9 interpolation=5 extrapolation=4 extrapolationCapped=0 extrapolationMaxMs=86.7 oldestHeld=0 zeroSpan=9 movingFrozen=0 teleport=0 visualStepAvgCm=50.52 visualStepMaxCm=59.30 estimatedHostTick=12501 renderTick=12495.218 latestSnapshotTick=12492.000 renderMinusLatestTicks=3.218 estimatedMinusLatestTicks=9.000 sampleT=2.609
[rubber-banding][large-step] time=226.248 frame=2306 focused=1 entity=4 buffer=8 count=9 maxStepCm=59.30 horizontalCm=59.30 verticalCm=0.00 frameDeltaMs=141.7 renderTickDelta=8.503 fromTick=12482 toTick=12484 tickSpan=2 receivedSpanMs=0.0 t=2.851 renderOffsetMs=61.7 sourceHorizontalCm=13.33 sourceVerticalCm=0.00 fromGrounded=1 toGrounded=1 velocity=(2.425, -2.333, 3.181) expectedTravelCm=65.62 teleport=0 previous=(0.833, 0.008, -23.198) rendered=(1.236, 0.008, -22.763)
[rubber-banding][udp-pump] time=226.478 frame=2308 focused=1 windowMs=1018.0 fps=7.9 packets=29 socketAvgMs=33.3 socketP95Ms=148.7 socketMaxMs=153.2 pumpAvgMs=35.1 pumpP95Ms=142.2 pumpMaxMs=242.3 queueDelayAvgMs=85.1 queueDelayP95Ms=134.9 queueDelayMaxMs=138.9 samePump=22 pumpBatchMax=6 queueDepthMax=6 frameMaxMs=142.3
[rubber-banding][local-input] time=227.378 frame=2316 focused=1 host=0 room=19 world=5 authority=5 entity=2 windowMs=1129.8 updates=10 fixedCalls=56 commands=40 predictionSteps=40 noCommandUpdates=0 estimatedHostTick=12565 nextInputTick=12571 lastRecordedTick=12571 lastResolvedTick=12564 nextLead=6 recordedLead=6 unresolved=4 clamped=0 clampedTotal=213 batchesSent=2127 commandsSent=10204 sendFailures=0 move=(0.00,0.00) jump=0
[rubber-banding][remote-render] time=227.378 frame=2316 entity=1 latestHostTick=12564 buffer=8 windowMs=1129.8 fps=8.9 snapshots=36 arrivalSamples=36 arrivalAvgMs=31.4 arrivalP95Ms=119.1 arrivalMaxMs=131.8 sameArrival=26 tickGapMax=2 renderFrames=10 interpolation=7 extrapolation=3 extrapolationCapped=0 extrapolationMaxMs=27.8 oldestHeld=0 zeroSpan=10 movingFrozen=0 teleport=0 visualStepAvgCm=0.00 visualStepMaxCm=0.00 estimatedHostTick=12565 renderTick=12561.108 latestSnapshotTick=12564.000 renderMinusLatestTicks=-2.892 estimatedMinusLatestTicks=1.000 sampleT=0.554
[rubber-banding][remote-render] time=227.378 frame=2316 entity=3 latestHostTick=12564 buffer=8 windowMs=1129.8 fps=8.9 snapshots=36 arrivalSamples=36 arrivalAvgMs=31.4 arrivalP95Ms=119.1 arrivalMaxMs=131.8 sameArrival=26 tickGapMax=2 renderFrames=10 interpolation=7 extrapolation=3 extrapolationCapped=0 extrapolationMaxMs=27.8 oldestHeld=0 zeroSpan=10 movingFrozen=0 teleport=0 visualStepAvgCm=0.00 visualStepMaxCm=0.00 estimatedHostTick=12565 renderTick=12561.108 latestSnapshotTick=12564.000 renderMinusLatestTicks=-2.892 estimatedMinusLatestTicks=1.000 sampleT=0.554
[rubber-banding][remote-render] time=227.378 frame=2316 entity=4 latestHostTick=12564 buffer=8 windowMs=1129.8 fps=8.9 snapshots=36 arrivalSamples=36 arrivalAvgMs=31.4 arrivalP95Ms=119.1 arrivalMaxMs=131.8 sameArrival=26 tickGapMax=2 renderFrames=10 interpolation=7 extrapolation=3 extrapolationCapped=0 extrapolationMaxMs=27.8 oldestHeld=0 zeroSpan=10 movingFrozen=0 teleport=0 visualStepAvgCm=43.09 visualStepMaxCm=49.61 estimatedHostTick=12565 renderTick=12561.108 latestSnapshotTick=12564.000 renderMinusLatestTicks=-2.892 estimatedMinusLatestTicks=1.000 sampleT=0.554
[rubber-banding][large-step] time=227.378 frame=2316 focused=1 entity=4 buffer=8 count=10 maxStepCm=49.61 horizontalCm=49.61 verticalCm=0.00 frameDeltaMs=131.8 renderTickDelta=7.908 fromTick=12560 toTick=12562 tickSpan=2 receivedSpanMs=0.0 t=0.554 renderOffsetMs=-14.9 sourceHorizontalCm=13.33 sourceVerticalCm=0.00 fromGrounded=1 toGrounded=1 velocity=(-2.425, -2.333, -3.181) expectedTravelCm=61.04 teleport=0 previous=(4.382, 0.008, -22.907) rendered=(4.348, 0.008, -23.402)
[rubber-banding][udp-pump] time=227.504 frame=2317 focused=1 windowMs=1026.4 fps=8.8 packets=32 socketAvgMs=32.9 socketP95Ms=129.8 socketMaxMs=138.3 pumpAvgMs=32.1 pumpP95Ms=126.9 pumpMaxMs=131.8 queueDelayAvgMs=56.4 queueDelayP95Ms=101.6 queueDelayMaxMs=103.1 samePump=23 pumpBatchMax=5 queueDepthMax=5 frameMaxMs=131.8
[rubber-banding][local-input] time=228.416 frame=2325 focused=1 host=0 room=19 world=5 authority=5 entity=2 windowMs=1038.5 updates=9 fixedCalls=52 commands=36 predictionSteps=36 noCommandUpdates=0 estimatedHostTick=12630 nextInputTick=12636 lastRecordedTick=12636 lastResolvedTick=12628 nextLead=6 recordedLead=6 unresolved=5 clamped=1 clampedTotal=214 batchesSent=2136 commandsSent=10250 sendFailures=0 move=(0.00,0.00) jump=0
[rubber-banding][remote-render] time=228.416 frame=2325 entity=1 latestHostTick=12628 buffer=8 windowMs=1038.5 fps=8.7 snapshots=32 arrivalSamples=32 arrivalAvgMs=32.5 arrivalP95Ms=136.2 arrivalMaxMs=215.9 sameArrival=24 tickGapMax=2 renderFrames=9 interpolation=8 extrapolation=1 extrapolationCapped=0 extrapolationMaxMs=51.3 oldestHeld=0 zeroSpan=9 movingFrozen=0 teleport=0 visualStepAvgCm=0.00 visualStepMaxCm=0.00 estimatedHostTick=12630 renderTick=12624.546 latestSnapshotTick=12628.000 renderMinusLatestTicks=-3.454 estimatedMinusLatestTicks=2.000 sampleT=0.273
[rubber-banding][remote-render] time=228.416 frame=2325 entity=3 latestHostTick=12628 buffer=8 windowMs=1038.5 fps=8.7 snapshots=32 arrivalSamples=32 arrivalAvgMs=32.5 arrivalP95Ms=136.2 arrivalMaxMs=215.9 sameArrival=24 tickGapMax=2 renderFrames=9 interpolation=8 extrapolation=1 extrapolationCapped=0 extrapolationMaxMs=51.3 oldestHeld=0 zeroSpan=9 movingFrozen=0 teleport=0 visualStepAvgCm=0.00 visualStepMaxCm=0.00 estimatedHostTick=12630 renderTick=12624.546 latestSnapshotTick=12628.000 renderMinusLatestTicks=-3.454 estimatedMinusLatestTicks=2.000 sampleT=0.273
[rubber-banding][remote-render] time=228.416 frame=2325 entity=4 latestHostTick=12628 buffer=8 windowMs=1038.5 fps=8.7 snapshots=32 arrivalSamples=32 arrivalAvgMs=32.5 arrivalP95Ms=136.2 arrivalMaxMs=215.9 sameArrival=24 tickGapMax=2 renderFrames=9 interpolation=8 extrapolation=1 extrapolationCapped=0 extrapolationMaxMs=51.3 oldestHeld=0 zeroSpan=9 movingFrozen=0 teleport=0 visualStepAvgCm=44.56 visualStepMaxCm=51.55 estimatedHostTick=12630 renderTick=12624.546 latestSnapshotTick=12628.000 renderMinusLatestTicks=-3.454 estimatedMinusLatestTicks=2.000 sampleT=0.273
[rubber-banding][large-step] time=228.416 frame=2325 focused=1 entity=4 buffer=8 count=9 maxStepCm=51.55 horizontalCm=51.55 verticalCm=0.00 frameDeltaMs=126.9 renderTickDelta=7.867 fromTick=12568 toTick=12570 tickSpan=2 receivedSpanMs=0.0 t=0.488 renderOffsetMs=-17.1 sourceHorizontalCm=12.32 sourceVerticalCm=0.00 fromGrounded=1 toGrounded=1 velocity=(-3.964, -2.333, -0.535) expectedTravelCm=58.76 teleport=0 previous=(4.348, 0.008, -23.402) rendered=(4.018, 0.008, -23.798)
[rubber-banding][udp-pump] time=228.525 frame=2326 focused=1 windowMs=1020.9 fps=8.8 packets=32 socketAvgMs=33.2 socketP95Ms=145.3 socketMaxMs=146.7 pumpAvgMs=31.9 pumpP95Ms=136.2 pumpMaxMs=215.9 queueDelayAvgMs=41.6 queueDelayP95Ms=81.0 queueDelayMaxMs=83.5 samePump=24 pumpBatchMax=5 queueDepthMax=5 frameMaxMs=136.2
[rubber-banding][local-input] time=229.426 frame=2333 focused=1 host=0 room=19 world=5 authority=5 entity=2 windowMs=1009.6 updates=8 fixedCalls=51 commands=31 predictionSteps=31 noCommandUpdates=0 estimatedHostTick=12693 nextInputTick=12699 lastRecordedTick=12696 lastResolvedTick=12684 nextLead=6 recordedLead=3 unresolved=5 clamped=6 clampedTotal=220 batchesSent=2144 commandsSent=10295 sendFailures=0 move=(0.00,0.00) jump=0
[rubber-banding][remote-render] time=229.426 frame=2333 entity=1 latestHostTick=12684 buffer=8 windowMs=1009.6 fps=7.9 snapshots=28 arrivalSamples=28 arrivalAvgMs=36.1 arrivalP95Ms=138.0 arrivalMaxMs=263.5 sameArrival=21 tickGapMax=2 renderFrames=8 interpolation=2 extrapolation=6 extrapolationCapped=0 extrapolationMaxMs=84.7 oldestHeld=0 zeroSpan=8 movingFrozen=0 teleport=0 visualStepAvgCm=0.00 visualStepMaxCm=0.00 estimatedHostTick=12693 renderTick=12687.141 latestSnapshotTick=12684.000 renderMinusLatestTicks=3.141 estimatedMinusLatestTicks=9.000 sampleT=2.570
[rubber-banding][remote-render] time=229.426 frame=2333 entity=3 latestHostTick=12684 buffer=8 windowMs=1009.6 fps=7.9 snapshots=28 arrivalSamples=28 arrivalAvgMs=36.1 arrivalP95Ms=138.0 arrivalMaxMs=263.5 sameArrival=21 tickGapMax=2 renderFrames=8 interpolation=2 extrapolation=6 extrapolationCapped=0 extrapolationMaxMs=84.7 oldestHeld=0 zeroSpan=8 movingFrozen=0 teleport=0 visualStepAvgCm=0.00 visualStepMaxCm=0.00 estimatedHostTick=12693 renderTick=12687.141 latestSnapshotTick=12684.000 renderMinusLatestTicks=3.141 estimatedMinusLatestTicks=9.000 sampleT=2.570
[rubber-banding][remote-render] time=229.426 frame=2333 entity=4 latestHostTick=12684 buffer=8 windowMs=1009.6 fps=7.9 snapshots=28 arrivalSamples=28 arrivalAvgMs=36.1 arrivalP95Ms=138.0 arrivalMaxMs=263.5 sameArrival=21 tickGapMax=2 renderFrames=8 interpolation=2 extrapolation=6 extrapolationCapped=0 extrapolationMaxMs=84.7 oldestHeld=0 zeroSpan=8 movingFrozen=0 teleport=0 visualStepAvgCm=52.16 visualStepMaxCm=63.30 estimatedHostTick=12693 renderTick=12687.141 latestSnapshotTick=12684.000 renderMinusLatestTicks=3.141 estimatedMinusLatestTicks=9.000 sampleT=2.570
[rubber-banding][large-step] time=229.426 frame=2333 focused=1 entity=4 buffer=8 count=8 maxStepCm=63.30 horizontalCm=63.30 verticalCm=0.00 frameDeltaMs=153.2 renderTickDelta=9.495 fromTick=12642 toTick=12644 tickSpan=2 receivedSpanMs=0.0 t=3.542 renderOffsetMs=84.7 sourceHorizontalCm=13.33 sourceVerticalCm=0.00 fromGrounded=1 toGrounded=1 velocity=(-0.535, -2.333, 3.964) expectedTravelCm=70.92 teleport=0 previous=(3.424, 0.008, -19.841) rendered=(3.339, 0.008, -19.214)
[rubber-banding][udp-pump] time=229.573 frame=2334 focused=1 windowMs=1047.6 fps=7.6 packets=28 socketAvgMs=33.7 socketP95Ms=140.0 socketMaxMs=168.6 pumpAvgMs=37.4 pumpP95Ms=147.3 pumpMaxMs=263.5 queueDelayAvgMs=92.8 queueDelayP95Ms=131.6 queueDelayMaxMs=136.7 samePump=21 pumpBatchMax=5 queueDepthMax=5 frameMaxMs=147.3
[rubber-banding][local-input] time=230.530 frame=2342 focused=1 host=0 room=19 world=5 authority=5 entity=2 windowMs=1104.1 updates=9 fixedCalls=55 commands=36 predictionSteps=36 noCommandUpdates=0 estimatedHostTick=12753 nextInputTick=12760 lastRecordedTick=12760 lastResolvedTick=12756 nextLead=7 recordedLead=7 unresolved=4 clamped=0 clampedTotal=220 batchesSent=2153 commandsSent=10335 sendFailures=0 move=(0.00,0.00) jump=0
[rubber-banding][remote-render] time=230.530 frame=2342 entity=1 latestHostTick=12756 buffer=8 windowMs=1104.1 fps=8.2 snapshots=36 arrivalSamples=36 arrivalAvgMs=30.7 arrivalP95Ms=147.3 arrivalMaxMs=152.3 sameArrival=27 tickGapMax=2 renderFrames=9 interpolation=5 extrapolation=4 extrapolationCapped=0 extrapolationMaxMs=61.4 oldestHeld=0 zeroSpan=9 movingFrozen=0 teleport=0 visualStepAvgCm=0.00 visualStepMaxCm=0.00 estimatedHostTick=12753 renderTick=12751.177 latestSnapshotTick=12756.000 renderMinusLatestTicks=-4.823 estimatedMinusLatestTicks=-3.000 sampleT=0.589
[rubber-banding][remote-render] time=230.530 frame=2342 entity=3 latestHostTick=12756 buffer=8 windowMs=1104.1 fps=8.2 snapshots=36 arrivalSamples=36 arrivalAvgMs=30.7 arrivalP95Ms=147.3 arrivalMaxMs=152.3 sameArrival=27 tickGapMax=2 renderFrames=9 interpolation=5 extrapolation=4 extrapolationCapped=0 extrapolationMaxMs=61.4 oldestHeld=0 zeroSpan=9 movingFrozen=0 teleport=0 visualStepAvgCm=0.00 visualStepMaxCm=0.00 estimatedHostTick=12753 renderTick=12751.177 latestSnapshotTick=12756.000 renderMinusLatestTicks=-4.823 estimatedMinusLatestTicks=-3.000 sampleT=0.589
[rubber-banding][remote-render] time=230.530 frame=2342 entity=4 latestHostTick=12756 buffer=8 windowMs=1104.1 fps=8.2 snapshots=36 arrivalSamples=36 arrivalAvgMs=30.7 arrivalP95Ms=147.3 arrivalMaxMs=152.3 sameArrival=27 tickGapMax=2 renderFrames=9 interpolation=5 extrapolation=4 extrapolationCapped=0 extrapolationMaxMs=61.4 oldestHeld=0 zeroSpan=9 movingFrozen=0 teleport=0 visualStepAvgCm=45.74 visualStepMaxCm=58.87 estimatedHostTick=12753 renderTick=12751.177 latestSnapshotTick=12756.000 renderMinusLatestTicks=-4.823 estimatedMinusLatestTicks=-3.000 sampleT=0.589
[rubber-banding][large-step] time=230.530 frame=2342 focused=1 entity=4 buffer=8 count=9 maxStepCm=58.87 horizontalCm=58.87 verticalCm=0.00 frameDeltaMs=152.3 renderTickDelta=8.831 fromTick=12722 toTick=12724 tickSpan=2 receivedSpanMs=0.0 t=1.399 renderOffsetMs=13.3 sourceHorizontalCm=13.33 sourceVerticalCm=0.00 fromGrounded=1 toGrounded=1 velocity=(-0.535, -2.333, 3.964) expectedTravelCm=70.51 teleport=0 previous=(2.743, 0.008, -14.795) rendered=(2.664, 0.008, -14.212)
[rubber-banding][udp-pump] time=230.651 frame=2343 focused=1 windowMs=1078.4 fps=8.3 packets=36 socketAvgMs=33.3 socketP95Ms=138.5 socketMaxMs=167.6 pumpAvgMs=30.0 pumpP95Ms=128.1 pumpMaxMs=152.3 queueDelayAvgMs=60.3 queueDelayP95Ms=107.7 queueDelayMaxMs=109.7 samePump=27 pumpBatchMax=5 queueDepthMax=5 frameMaxMs=152.3
[rubber-banding][local-input] time=231.556 frame=2351 focused=1 host=0 room=19 world=5 authority=5 entity=2 windowMs=1025.9 updates=9 fixedCalls=51 commands=34 predictionSteps=34 noCommandUpdates=0 estimatedHostTick=12821 nextInputTick=12827 lastRecordedTick=12827 lastResolvedTick=12816 nextLead=6 recordedLead=6 unresolved=5 clamped=5 clampedTotal=225 batchesSent=2162 commandsSent=10385 sendFailures=0 move=(0.00,0.00) jump=0
[rubber-banding][remote-render] time=231.556 frame=2351 entity=1 latestHostTick=12816 buffer=8 windowMs=1025.9 fps=8.8 snapshots=30 arrivalSamples=30 arrivalAvgMs=34.2 arrivalP95Ms=130.0 arrivalMaxMs=217.3 sameArrival=22 tickGapMax=2 renderFrames=9 interpolation=4 extrapolation=5 extrapolationCapped=0 extrapolationMaxMs=44.7 oldestHeld=0 zeroSpan=9 movingFrozen=0 teleport=0 visualStepAvgCm=0.00 visualStepMaxCm=0.00 estimatedHostTick=12821 renderTick=12814.783 latestSnapshotTick=12816.000 renderMinusLatestTicks=-1.217 estimatedMinusLatestTicks=5.000 sampleT=0.391
[rubber-banding][remote-render] time=231.556 frame=2351 entity=3 latestHostTick=12816 buffer=8 windowMs=1025.9 fps=8.8 snapshots=30 arrivalSamples=30 arrivalAvgMs=34.2 arrivalP95Ms=130.0 arrivalMaxMs=217.3 sameArrival=22 tickGapMax=2 renderFrames=9 interpolation=4 extrapolation=5 extrapolationCapped=0 extrapolationMaxMs=44.7 oldestHeld=0 zeroSpan=9 movingFrozen=0 teleport=0 visualStepAvgCm=0.00 visualStepMaxCm=0.00 estimatedHostTick=12821 renderTick=12814.783 latestSnapshotTick=12816.000 renderMinusLatestTicks=-1.217 estimatedMinusLatestTicks=5.000 sampleT=0.391
[rubber-banding][remote-render] time=231.556 frame=2351 entity=4 latestHostTick=12816 buffer=8 windowMs=1025.9 fps=8.8 snapshots=30 arrivalSamples=30 arrivalAvgMs=34.2 arrivalP95Ms=130.0 arrivalMaxMs=217.3 sameArrival=22 tickGapMax=2 renderFrames=9 interpolation=4 extrapolation=5 extrapolationCapped=0 extrapolationMaxMs=44.7 oldestHeld=0 zeroSpan=9 movingFrozen=0 teleport=0 visualStepAvgCm=47.12 visualStepMaxCm=53.74 estimatedHostTick=12821 renderTick=12814.783 latestSnapshotTick=12816.000 renderMinusLatestTicks=-1.217 estimatedMinusLatestTicks=5.000 sampleT=0.391
[rubber-banding][large-step] time=231.556 frame=2351 focused=1 entity=4 buffer=8 count=9 maxStepCm=53.74 horizontalCm=53.74 verticalCm=0.00 frameDeltaMs=130.0 renderTickDelta=8.060 fromTick=12798 toTick=12800 tickSpan=2 receivedSpanMs=0.0 t=1.797 renderOffsetMs=26.6 sourceHorizontalCm=13.33 sourceVerticalCm=0.00 fromGrounded=1 toGrounded=1 velocity=(0.535, -2.333, -3.964) expectedTravelCm=60.20 teleport=0 previous=(4.123, 0.008, -17.512) rendered=(4.195, 0.008, -18.045)
[rubber-banding][udp-pump] time=231.666 frame=2352 focused=1 windowMs=1014.6 fps=8.9 packets=29 socketAvgMs=33.4 socketP95Ms=120.0 socketMaxMs=125.6 pumpAvgMs=35.0 pumpP95Ms=130.0 pumpMaxMs=217.3 queueDelayAvgMs=62.4 queueDelayP95Ms=108.4 queueDelayMaxMs=111.0 samePump=21 pumpBatchMax=4 queueDepthMax=4 frameMaxMs=130.0
[rubber-banding][local-input] time=232.570 frame=2359 focused=1 host=0 room=19 world=5 authority=5 entity=2 windowMs=1014.4 updates=8 fixedCalls=51 commands=32 predictionSteps=32 noCommandUpdates=0 estimatedHostTick=12880 nextInputTick=12886 lastRecordedTick=12884 lastResolvedTick=12872 nextLead=6 recordedLead=4 unresolved=5 clamped=5 clampedTotal=230 batchesSent=2170 commandsSent=10433 sendFailures=0 move=(0.00,0.00) jump=0
[rubber-banding][remote-render] time=232.570 frame=2359 entity=1 latestHostTick=12872 buffer=8 windowMs=1014.4 fps=7.9 snapshots=28 arrivalSamples=28 arrivalAvgMs=36.2 arrivalP95Ms=135.7 arrivalMaxMs=160.4 sameArrival=20 tickGapMax=2 renderFrames=8 interpolation=3 extrapolation=5 extrapolationCapped=0 extrapolationMaxMs=98.7 oldestHeld=0 zeroSpan=7 movingFrozen=0 teleport=0 visualStepAvgCm=0.00 visualStepMaxCm=0.00 estimatedHostTick=12880 renderTick=12875.645 latestSnapshotTick=12872.000 renderMinusLatestTicks=3.645 estimatedMinusLatestTicks=8.000 sampleT=2.823
[rubber-banding][remote-render] time=232.570 frame=2359 entity=3 latestHostTick=12872 buffer=8 windowMs=1014.4 fps=7.9 snapshots=28 arrivalSamples=28 arrivalAvgMs=36.2 arrivalP95Ms=135.7 arrivalMaxMs=160.4 sameArrival=20 tickGapMax=2 renderFrames=8 interpolation=3 extrapolation=5 extrapolationCapped=0 extrapolationMaxMs=98.7 oldestHeld=0 zeroSpan=7 movingFrozen=0 teleport=0 visualStepAvgCm=0.00 visualStepMaxCm=0.00 estimatedHostTick=12880 renderTick=12875.645 latestSnapshotTick=12872.000 renderMinusLatestTicks=3.645 estimatedMinusLatestTicks=8.000 sampleT=2.823
[rubber-banding][remote-render] time=232.570 frame=2359 entity=4 latestHostTick=12872 buffer=8 windowMs=1014.4 fps=7.9 snapshots=28 arrivalSamples=28 arrivalAvgMs=36.2 arrivalP95Ms=135.7 arrivalMaxMs=160.4 sameArrival=20 tickGapMax=2 renderFrames=8 interpolation=3 extrapolation=5 extrapolationCapped=0 extrapolationMaxMs=98.7 oldestHeld=0 zeroSpan=7 movingFrozen=0 teleport=0 visualStepAvgCm=26.18 visualStepMaxCm=52.30 estimatedHostTick=12880 renderTick=12875.645 latestSnapshotTick=12872.000 renderMinusLatestTicks=3.645 estimatedMinusLatestTicks=8.000 sampleT=2.823
[rubber-banding][large-step] time=232.570 frame=2359 focused=1 entity=4 buffer=8 count=4 maxStepCm=52.30 horizontalCm=52.30 verticalCm=0.00 frameDeltaMs=135.7 renderTickDelta=8.145 fromTick=12832 toTick=12834 tickSpan=2 receivedSpanMs=0.0 t=2.485 renderOffsetMs=49.5 sourceHorizontalCm=13.33 sourceVerticalCm=0.00 fromGrounded=1 toGrounded=1 velocity=(-3.964, -2.333, -0.535) expectedTravelCm=62.86 teleport=0 previous=(4.298, 0.008, -19.807) rendered=(3.791, 0.008, -19.931)
[rubber-banding][udp-pump] time=232.705 frame=2360 focused=1 windowMs=1039.6 fps=7.7 packets=30 socketAvgMs=33.3 socketP95Ms=151.2 socketMaxMs=157.4 pumpAvgMs=34.7 pumpP95Ms=135.7 pumpMaxMs=160.4 queueDelayAvgMs=85.6 queueDelayP95Ms=148.4 queueDelayMaxMs=151.3 samePump=22 pumpBatchMax=5 queueDepthMax=6 frameMaxMs=160.4
[rubber-banding][local-input] time=233.693 frame=2368 focused=1 host=0 room=19 world=5 authority=5 entity=2 windowMs=1123.5 updates=9 fixedCalls=56 commands=36 predictionSteps=36 noCommandUpdates=0 estimatedHostTick=12945 nextInputTick=12952 lastRecordedTick=12950 lastResolvedTick=12938 nextLead=7 recordedLead=5 unresolved=8 clamped=2 clampedTotal=232 batchesSent=2179 commandsSent=10481 sendFailures=0 move=(0.00,0.00) jump=0
[rubber-banding][remote-render] time=233.693 frame=2368 entity=1 latestHostTick=12938 buffer=8 windowMs=1123.5 fps=8.0 snapshots=33 arrivalSamples=33 arrivalAvgMs=30.1 arrivalP95Ms=135.5 arrivalMaxMs=144.0 sameArrival=25 tickGapMax=2 renderFrames=9 interpolation=5 extrapolation=4 extrapolationCapped=0 extrapolationMaxMs=51.1 oldestHeld=0 zeroSpan=9 movingFrozen=0 teleport=0 visualStepAvgCm=0.00 visualStepMaxCm=0.00 estimatedHostTick=12945 renderTick=12941.068 latestSnapshotTick=12938.000 renderMinusLatestTicks=3.068 estimatedMinusLatestTicks=7.000 sampleT=2.534
[rubber-banding][remote-render] time=233.693 frame=2368 entity=3 latestHostTick=12938 buffer=8 windowMs=1123.5 fps=8.0 snapshots=33 arrivalSamples=33 arrivalAvgMs=30.1 arrivalP95Ms=135.5 arrivalMaxMs=144.0 sameArrival=25 tickGapMax=2 renderFrames=9 interpolation=5 extrapolation=4 extrapolationCapped=0 extrapolationMaxMs=51.1 oldestHeld=0 zeroSpan=9 movingFrozen=0 teleport=0 visualStepAvgCm=0.00 visualStepMaxCm=0.00 estimatedHostTick=12945 renderTick=12941.068 latestSnapshotTick=12938.000 renderMinusLatestTicks=3.068 estimatedMinusLatestTicks=7.000 sampleT=2.534
[rubber-banding][remote-render] time=233.693 frame=2368 entity=4 latestHostTick=12938 buffer=8 windowMs=1123.5 fps=8.0 snapshots=33 arrivalSamples=33 arrivalAvgMs=30.1 arrivalP95Ms=135.5 arrivalMaxMs=144.0 sameArrival=25 tickGapMax=2 renderFrames=9 interpolation=5 extrapolation=4 extrapolationCapped=0 extrapolationMaxMs=51.1 oldestHeld=0 zeroSpan=9 movingFrozen=0 teleport=0 visualStepAvgCm=43.55 visualStepMaxCm=51.85 estimatedHostTick=12945 renderTick=12941.068 latestSnapshotTick=12938.000 renderMinusLatestTicks=3.068 estimatedMinusLatestTicks=7.000 sampleT=2.534
[rubber-banding][large-step] time=233.693 frame=2368 focused=1 entity=4 buffer=8 count=8 maxStepCm=51.85 horizontalCm=51.85 verticalCm=0.00 frameDeltaMs=130.0 renderTickDelta=7.802 fromTick=12936 toTick=12938 tickSpan=2 receivedSpanMs=0.0 t=2.534 renderOffsetMs=51.1 sourceHorizontalCm=13.29 sourceVerticalCm=0.00 fromGrounded=1 toGrounded=1 velocity=(-0.630, -2.333, 3.937) expectedTravelCm=60.07 teleport=0 previous=(3.267, 0.008, -16.802) rendered=(3.185, 0.008, -16.290)
[rubber-banding][udp-pump] time=233.786 frame=2369 focused=1 windowMs=1080.1 fps=8.3 packets=33 socketAvgMs=33.4 socketP95Ms=147.8 socketMaxMs=178.5 pumpAvgMs=32.7 pumpP95Ms=144.0 pumpMaxMs=222.1 queueDelayAvgMs=55.2 queueDelayP95Ms=111.4 queueDelayMaxMs=116.0 samePump=25 pumpBatchMax=7 queueDepthMax=7 frameMaxMs=144.0
[rubber-banding][local-input] time=234.726 frame=2378 focused=1 host=0 room=19 world=5 authority=5 entity=2 windowMs=1032.4 updates=10 fixedCalls=52 commands=38 predictionSteps=38 noCommandUpdates=0 estimatedHostTick=13007 nextInputTick=13012 lastRecordedTick=13012 lastResolvedTick=13008 nextLead=5 recordedLead=5 unresolved=4 clamped=0 clampedTotal=232 batchesSent=2189 commandsSent=10523 sendFailures=0 move=(0.00,0.00) jump=0
[rubber-banding][remote-render] time=234.726 frame=2378 entity=1 latestHostTick=13008 buffer=8 windowMs=1032.4 fps=9.7 snapshots=35 arrivalSamples=35 arrivalAvgMs=33.2 arrivalP95Ms=121.8 arrivalMaxMs=222.1 sameArrival=25 tickGapMax=2 renderFrames=10 interpolation=10 extrapolation=0 extrapolationCapped=0 extrapolationMaxMs=0.0 oldestHeld=0 zeroSpan=8 movingFrozen=0 teleport=0 visualStepAvgCm=0.00 visualStepMaxCm=0.00 estimatedHostTick=13007 renderTick=13002.496 latestSnapshotTick=13008.000 renderMinusLatestTicks=-5.504 estimatedMinusLatestTicks=-1.000 sampleT=0.248
[rubber-banding][remote-render] time=234.726 frame=2378 entity=3 latestHostTick=13008 buffer=8 windowMs=1032.4 fps=9.7 snapshots=35 arrivalSamples=35 arrivalAvgMs=33.2 arrivalP95Ms=121.8 arrivalMaxMs=222.1 sameArrival=25 tickGapMax=2 renderFrames=10 interpolation=10 extrapolation=0 extrapolationCapped=0 extrapolationMaxMs=0.0 oldestHeld=0 zeroSpan=8 movingFrozen=0 teleport=0 visualStepAvgCm=0.00 visualStepMaxCm=0.00 estimatedHostTick=13007 renderTick=13002.496 latestSnapshotTick=13008.000 renderMinusLatestTicks=-5.504 estimatedMinusLatestTicks=-1.000 sampleT=0.248
[rubber-banding][remote-render] time=234.726 frame=2378 entity=4 latestHostTick=13008 buffer=8 windowMs=1032.4 fps=9.7 snapshots=35 arrivalSamples=35 arrivalAvgMs=33.2 arrivalP95Ms=121.8 arrivalMaxMs=222.1 sameArrival=25 tickGapMax=2 renderFrames=10 interpolation=10 extrapolation=0 extrapolationCapped=0 extrapolationMaxMs=0.0 oldestHeld=0 zeroSpan=8 movingFrozen=1 teleport=0 visualStepAvgCm=15.99 visualStepMaxCm=39.81 estimatedHostTick=13007 renderTick=13002.496 latestSnapshotTick=13008.000 renderMinusLatestTicks=-5.504 estimatedMinusLatestTicks=-1.000 sampleT=0.248
[rubber-banding][large-step] time=234.726 frame=2378 focused=1 entity=4 buffer=8 count=3 maxStepCm=39.81 horizontalCm=39.81 verticalCm=0.00 frameDeltaMs=100.4 renderTickDelta=6.000 fromTick=12958 toTick=12960 tickSpan=2 receivedSpanMs=0.0 t=0.100 renderOffsetMs=-30.0 sourceHorizontalCm=12.22 sourceVerticalCm=0.00 fromGrounded=1 toGrounded=1 velocity=(-0.471, -2.333, 3.300) expectedTravelCm=40.87 teleport=0 previous=(3.069, 0.008, -15.560) rendered=(3.008, 0.008, -15.167)
[rubber-banding][udp-pump] time=234.835 frame=2379 focused=1 windowMs=1049.8 fps=9.5 packets=33 socketAvgMs=33.5 socketP95Ms=123.2 socketMaxMs=126.1 pumpAvgMs=31.8 pumpP95Ms=120.9 pumpMaxMs=121.8 queueDelayAvgMs=39.0 queueDelayP95Ms=75.0 queueDelayMaxMs=77.9 samePump=23 pumpBatchMax=4 queueDepthMax=4 frameMaxMs=121.8
[rubber-banding][local-input] time=235.816 frame=2389 focused=1 host=0 room=19 world=5 authority=5 entity=2 windowMs=1090.0 updates=11 fixedCalls=54 commands=42 predictionSteps=42 noCommandUpdates=0 estimatedHostTick=13077 nextInputTick=13083 lastRecordedTick=13083 lastResolvedTick=13072 nextLead=6 recordedLead=6 unresolved=6 clamped=5 clampedTotal=237 batchesSent=2200 commandsSent=10597 sendFailures=0 move=(0.00,0.00) jump=0
[rubber-banding][remote-render] time=235.816 frame=2389 entity=1 latestHostTick=13072 buffer=8 windowMs=1090.0 fps=10.1 snapshots=32 arrivalSamples=32 arrivalAvgMs=34.1 arrivalP95Ms=129.9 arrivalMaxMs=184.2 sameArrival=22 tickGapMax=2 renderFrames=11 interpolation=9 extrapolation=2 extrapolationCapped=0 extrapolationMaxMs=17.9 oldestHeld=0 zeroSpan=10 movingFrozen=0 teleport=0 visualStepAvgCm=0.00 visualStepMaxCm=0.00 estimatedHostTick=13077 renderTick=13070.077 latestSnapshotTick=13072.000 renderMinusLatestTicks=-1.923 estimatedMinusLatestTicks=5.000 sampleT=0.039
[rubber-banding][remote-render] time=235.816 frame=2389 entity=3 latestHostTick=13072 buffer=8 windowMs=1090.0 fps=10.1 snapshots=32 arrivalSamples=32 arrivalAvgMs=34.1 arrivalP95Ms=129.9 arrivalMaxMs=184.2 sameArrival=22 tickGapMax=2 renderFrames=11 interpolation=9 extrapolation=2 extrapolationCapped=0 extrapolationMaxMs=17.9 oldestHeld=0 zeroSpan=10 movingFrozen=0 teleport=0 visualStepAvgCm=0.00 visualStepMaxCm=0.00 estimatedHostTick=13077 renderTick=13070.077 latestSnapshotTick=13072.000 renderMinusLatestTicks=-1.923 estimatedMinusLatestTicks=5.000 sampleT=0.039
[rubber-banding][remote-render] time=235.816 frame=2389 entity=4 latestHostTick=13072 buffer=8 windowMs=1090.0 fps=10.1 snapshots=32 arrivalSamples=32 arrivalAvgMs=34.1 arrivalP95Ms=129.9 arrivalMaxMs=184.2 sameArrival=22 tickGapMax=2 renderFrames=11 interpolation=9 extrapolation=2 extrapolationCapped=0 extrapolationMaxMs=17.9 oldestHeld=0 zeroSpan=10 movingFrozen=0 teleport=0 visualStepAvgCm=39.94 visualStepMaxCm=53.64 estimatedHostTick=13077 renderTick=13070.077 latestSnapshotTick=13072.000 renderMinusLatestTicks=-1.923 estimatedMinusLatestTicks=5.000 sampleT=0.039
[rubber-banding][large-step] time=235.816 frame=2389 focused=1 entity=4 buffer=8 count=11 maxStepCm=53.64 horizontalCm=53.64 verticalCm=0.00 frameDeltaMs=129.9 renderTickDelta=8.056 fromTick=13050 toTick=13052 tickSpan=2 receivedSpanMs=0.0 t=1.021 renderOffsetMs=0.7 sourceHorizontalCm=13.32 sourceVerticalCm=0.00 fromGrounded=1 toGrounded=1 velocity=(1.543, -2.333, 3.685) expectedTravelCm=60.11 teleport=0 previous=(3.938, 0.008, -12.224) rendered=(4.145, 0.008, -11.729)
[rubber-banding][udp-pump] time=235.920 frame=2390 focused=1 windowMs=1085.0 fps=10.1 packets=32 socketAvgMs=33.9 socketP95Ms=124.3 socketMaxMs=126.8 pumpAvgMs=33.9 pumpP95Ms=129.9 pumpMaxMs=184.2 queueDelayAvgMs=56.8 queueDelayP95Ms=90.0 queueDelayMaxMs=91.0 samePump=22 pumpBatchMax=4 queueDepthMax=4 frameMaxMs=129.9
[rubber-banding][local-input] time=236.896 frame=2400 focused=1 host=0 room=19 world=5 authority=5 entity=2 windowMs=1080.6 updates=11 fixedCalls=54 commands=44 predictionSteps=44 noCommandUpdates=0 estimatedHostTick=13140 nextInputTick=13146 lastRecordedTick=13144 lastResolvedTick=13132 nextLead=6 recordedLead=4 unresolved=9 clamped=5 clampedTotal=242 batchesSent=2211 commandsSent=10672 sendFailures=0 move=(0.00,0.00) jump=0
[rubber-banding][remote-render] time=236.896 frame=2400 entity=1 latestHostTick=13132 buffer=8 windowMs=1080.6 fps=10.2 snapshots=30 arrivalSamples=30 arrivalAvgMs=36.0 arrivalP95Ms=215.4 arrivalMaxMs=215.7 sameArrival=21 tickGapMax=2 renderFrames=11 interpolation=5 extrapolation=6 extrapolationCapped=0 extrapolationMaxMs=48.5 oldestHeld=0 zeroSpan=10 movingFrozen=0 teleport=0 visualStepAvgCm=0.00 visualStepMaxCm=0.00 estimatedHostTick=13140 renderTick=13134.910 latestSnapshotTick=13132.000 renderMinusLatestTicks=2.910 estimatedMinusLatestTicks=8.000 sampleT=2.455
[rubber-banding][remote-render] time=236.896 frame=2400 entity=3 latestHostTick=13132 buffer=8 windowMs=1080.6 fps=10.2 snapshots=30 arrivalSamples=30 arrivalAvgMs=36.0 arrivalP95Ms=215.4 arrivalMaxMs=215.7 sameArrival=21 tickGapMax=2 renderFrames=11 interpolation=5 extrapolation=6 extrapolationCapped=0 extrapolationMaxMs=48.5 oldestHeld=0 zeroSpan=10 movingFrozen=0 teleport=0 visualStepAvgCm=0.00 visualStepMaxCm=0.00 estimatedHostTick=13140 renderTick=13134.910 latestSnapshotTick=13132.000 renderMinusLatestTicks=2.910 estimatedMinusLatestTicks=8.000 sampleT=2.455
[rubber-banding][remote-render] time=236.896 frame=2400 entity=4 latestHostTick=13132 buffer=8 windowMs=1080.6 fps=10.2 snapshots=30 arrivalSamples=30 arrivalAvgMs=36.0 arrivalP95Ms=215.4 arrivalMaxMs=215.7 sameArrival=21 tickGapMax=2 renderFrames=11 interpolation=5 extrapolation=6 extrapolationCapped=0 extrapolationMaxMs=48.5 oldestHeld=0 zeroSpan=10 movingFrozen=0 teleport=0 visualStepAvgCm=39.26 visualStepMaxCm=53.42 estimatedHostTick=13140 renderTick=13134.910 latestSnapshotTick=13132.000 renderMinusLatestTicks=2.910 estimatedMinusLatestTicks=8.000 sampleT=2.455
[rubber-banding][large-step] time=236.896 frame=2400 focused=1 entity=4 buffer=8 count=11 maxStepCm=53.42 horizontalCm=53.42 verticalCm=0.00 frameDeltaMs=133.7 renderTickDelta=8.025 fromTick=13120 toTick=13122 tickSpan=2 receivedSpanMs=0.0 t=0.994 renderOffsetMs=-0.2 sourceHorizontalCm=13.32 sourceVerticalCm=0.00 fromGrounded=1 toGrounded=1 velocity=(2.142, -2.333, 3.370) expectedTravelCm=61.85 teleport=0 previous=(5.894, 0.008, -7.993) rendered=(6.169, 0.008, -7.535)
[rubber-banding][udp-pump] time=237.029 frame=2401 focused=1 windowMs=1108.3 fps=9.9 packets=32 socketAvgMs=32.2 socketP95Ms=122.0 socketMaxMs=127.5 pumpAvgMs=34.6 pumpP95Ms=215.4 pumpMaxMs=215.7 queueDelayAvgMs=62.3 queueDelayP95Ms=124.9 queueDelayMaxMs=127.2 samePump=23 pumpBatchMax=7 queueDepthMax=7 frameMaxMs=133.7
[rubber-banding][local-input] time=237.930 frame=2409 focused=1 host=0 room=19 world=5 authority=5 entity=2 windowMs=1033.3 updates=9 fixedCalls=52 commands=36 predictionSteps=36 noCommandUpdates=0 estimatedHostTick=13200 nextInputTick=13206 lastRecordedTick=13204 lastResolvedTick=13192 nextLead=6 recordedLead=4 unresolved=9 clamped=1 clampedTotal=243 batchesSent=2220 commandsSent=10720 sendFailures=0 move=(0.00,0.00) jump=0
[rubber-banding][remote-render] time=237.930 frame=2409 entity=1 latestHostTick=13192 buffer=8 windowMs=1033.3 fps=8.7 snapshots=30 arrivalSamples=30 arrivalAvgMs=31.3 arrivalP95Ms=132.2 arrivalMaxMs=136.2 sameArrival=22 tickGapMax=2 renderFrames=9 interpolation=4 extrapolation=5 extrapolationCapped=0 extrapolationMaxMs=61.6 oldestHeld=0 zeroSpan=9 movingFrozen=0 teleport=0 visualStepAvgCm=0.00 visualStepMaxCm=0.00 estimatedHostTick=13200 renderTick=13195.696 latestSnapshotTick=13192.000 renderMinusLatestTicks=3.696 estimatedMinusLatestTicks=8.000 sampleT=2.848
[rubber-banding][remote-render] time=237.930 frame=2409 entity=3 latestHostTick=13192 buffer=8 windowMs=1033.3 fps=8.7 snapshots=30 arrivalSamples=30 arrivalAvgMs=31.3 arrivalP95Ms=132.2 arrivalMaxMs=136.2 sameArrival=22 tickGapMax=2 renderFrames=9 interpolation=4 extrapolation=5 extrapolationCapped=0 extrapolationMaxMs=61.6 oldestHeld=0 zeroSpan=9 movingFrozen=0 teleport=0 visualStepAvgCm=0.00 visualStepMaxCm=0.00 estimatedHostTick=13200 renderTick=13195.696 latestSnapshotTick=13192.000 renderMinusLatestTicks=3.696 estimatedMinusLatestTicks=8.000 sampleT=2.848
[rubber-banding][remote-render] time=237.930 frame=2409 entity=4 latestHostTick=13192 buffer=8 windowMs=1033.3 fps=8.7 snapshots=30 arrivalSamples=30 arrivalAvgMs=31.3 arrivalP95Ms=132.2 arrivalMaxMs=136.2 sameArrival=22 tickGapMax=2 renderFrames=9 interpolation=4 extrapolation=5 extrapolationCapped=0 extrapolationMaxMs=61.6 oldestHeld=0 zeroSpan=9 movingFrozen=0 teleport=0 visualStepAvgCm=48.09 visualStepMaxCm=66.12 estimatedHostTick=13200 renderTick=13195.696 latestSnapshotTick=13192.000 renderMinusLatestTicks=3.696 estimatedMinusLatestTicks=8.000 sampleT=2.848
[rubber-banding][large-step] time=237.930 frame=2409 focused=1 entity=4 buffer=8 count=9 maxStepCm=66.12 horizontalCm=38.13 verticalCm=54.02 frameDeltaMs=95.5 renderTickDelta=5.728 fromTick=13190 toTick=13192 tickSpan=2 receivedSpanMs=0.0 t=2.848 renderOffsetMs=61.6 sourceHorizontalCm=13.31 sourceVerticalCm=19.21 fromGrounded=0 toGrounded=0 velocity=(2.646, 5.595, 2.992) expectedTravelCm=65.63 teleport=0 previous=(8.017, 0.219, -3.704) rendered=(8.269, 0.759, -3.418)
[rubber-banding][jump-step] time=237.930 frame=2409 focused=1 entity=4 buffer=8 count=2 maxVerticalCm=54.02 horizontalCm=38.13 verticalCm=54.02 frameDeltaMs=95.5 renderTickDelta=5.728 fromTick=13190 toTick=13192 tickSpan=2 receivedSpanMs=0.0 t=2.848 renderOffsetMs=61.6 sourceHorizontalCm=13.31 sourceVerticalCm=19.21 fromGrounded=0 toGrounded=0 velocity=(2.646, 5.595, 2.992) expectedTravelCm=65.63 teleport=0 previous=(8.017, 0.219, -3.704) rendered=(8.269, 0.759, -3.418)
[rubber-banding][udp-pump] time=238.059 frame=2410 focused=1 windowMs=1030.4 fps=8.7 packets=33 socketAvgMs=33.7 socketP95Ms=137.7 socketMaxMs=140.5 pumpAvgMs=31.2 pumpP95Ms=136.2 pumpMaxMs=224.7 queueDelayAvgMs=78.1 queueDelayP95Ms=128.4 queueDelayMaxMs=130.4 samePump=25 pumpBatchMax=8 queueDepthMax=9 frameMaxMs=136.2
[rubber-banding][local-input] time=238.949 frame=2417 focused=1 host=0 room=19 world=5 authority=5 entity=2 windowMs=1019.1 updates=8 fixedCalls=51 commands=31 predictionSteps=31 noCommandUpdates=0 estimatedHostTick=13259 nextInputTick=13265 lastRecordedTick=13265 lastResolvedTick=13258 nextLead=6 recordedLead=6 unresolved=4 clamped=0 clampedTotal=243 batchesSent=2228 commandsSent=10758 sendFailures=0 move=(0.00,0.00) jump=0
[rubber-banding][remote-render] time=238.949 frame=2417 entity=1 latestHostTick=13258 buffer=8 windowMs=1019.1 fps=7.9 snapshots=33 arrivalSamples=33 arrivalAvgMs=33.8 arrivalP95Ms=224.7 arrivalMaxMs=243.9 sameArrival=26 tickGapMax=2 renderFrames=8 interpolation=5 extrapolation=3 extrapolationCapped=0 extrapolationMaxMs=48.2 oldestHeld=0 zeroSpan=8 movingFrozen=0 teleport=0 visualStepAvgCm=0.00 visualStepMaxCm=0.00 estimatedHostTick=13259 renderTick=13255.174 latestSnapshotTick=13258.000 renderMinusLatestTicks=-2.826 estimatedMinusLatestTicks=1.000 sampleT=0.587
[rubber-banding][remote-render] time=238.949 frame=2417 entity=3 latestHostTick=13258 buffer=8 windowMs=1019.1 fps=7.9 snapshots=33 arrivalSamples=33 arrivalAvgMs=33.8 arrivalP95Ms=224.7 arrivalMaxMs=243.9 sameArrival=26 tickGapMax=2 renderFrames=8 interpolation=5 extrapolation=3 extrapolationCapped=0 extrapolationMaxMs=48.2 oldestHeld=0 zeroSpan=8 movingFrozen=0 teleport=0 visualStepAvgCm=0.00 visualStepMaxCm=0.00 estimatedHostTick=13259 renderTick=13255.174 latestSnapshotTick=13258.000 renderMinusLatestTicks=-2.826 estimatedMinusLatestTicks=1.000 sampleT=0.587
[rubber-banding][remote-render] time=238.949 frame=2417 entity=4 latestHostTick=13258 buffer=8 windowMs=1019.1 fps=7.9 snapshots=33 arrivalSamples=33 arrivalAvgMs=33.8 arrivalP95Ms=224.7 arrivalMaxMs=243.9 sameArrival=26 tickGapMax=2 renderFrames=8 interpolation=5 extrapolation=3 extrapolationCapped=0 extrapolationMaxMs=48.2 oldestHeld=0 zeroSpan=8 movingFrozen=0 teleport=0 visualStepAvgCm=56.10 visualStepMaxCm=70.17 estimatedHostTick=13259 renderTick=13255.174 latestSnapshotTick=13258.000 renderMinusLatestTicks=-2.826 estimatedMinusLatestTicks=1.000 sampleT=0.587
[rubber-banding][large-step] time=238.949 frame=2417 focused=1 entity=4 buffer=8 count=8 maxStepCm=70.17 horizontalCm=48.47 verticalCm=50.74 frameDeltaMs=125.4 renderTickDelta=7.271 fromTick=13222 toTick=13224 tickSpan=2 receivedSpanMs=0.0 t=1.305 renderOffsetMs=10.2 sourceHorizontalCm=13.33 sourceVerticalCm=16.35 fromGrounded=0 toGrounded=0 velocity=(2.818, -5.072, 2.838) expectedTravelCm=80.98 teleport=0 previous=(9.230, 0.921, -2.343) rendered=(9.567, 0.413, -1.994)
[rubber-banding][jump-step] time=238.949 frame=2417 focused=1 entity=4 buffer=8 count=4 maxVerticalCm=50.74 horizontalCm=48.47 verticalCm=50.74 frameDeltaMs=125.4 renderTickDelta=7.271 fromTick=13222 toTick=13224 tickSpan=2 receivedSpanMs=0.0 t=1.305 renderOffsetMs=10.2 sourceHorizontalCm=13.33 sourceVerticalCm=16.35 fromGrounded=0 toGrounded=0 velocity=(2.818, -5.072, 2.838) expectedTravelCm=80.98 teleport=0 previous=(9.230, 0.921, -2.343) rendered=(9.567, 0.413, -1.994)
[rubber-banding][udp-pump] time=239.087 frame=2418 focused=1 windowMs=1027.6 fps=7.8 packets=30 socketAvgMs=33.0 socketP95Ms=150.6 socketMaxMs=153.2 pumpAvgMs=34.3 pumpP95Ms=144.3 pumpMaxMs=243.9 queueDelayAvgMs=87.0 queueDelayP95Ms=115.6 queueDelayMaxMs=118.6 samePump=23 pumpBatchMax=5 queueDepthMax=6 frameMaxMs=144.4
[rubber-banding][local-input] time=239.986 frame=2424 focused=1 host=0 room=19 world=5 authority=5 entity=2 windowMs=1037.4 updates=7 fixedCalls=52 commands=28 predictionSteps=28 noCommandUpdates=0 estimatedHostTick=13326 nextInputTick=13333 lastRecordedTick=13332 lastResolvedTick=13320 nextLead=7 recordedLead=6 unresolved=5 clamped=6 clampedTotal=249 batchesSent=2235 commandsSent=10792 sendFailures=0 move=(0.00,0.00) jump=0
[rubber-banding][remote-render] time=239.986 frame=2424 entity=1 latestHostTick=13320 buffer=8 windowMs=1037.4 fps=6.7 snapshots=31 arrivalSamples=31 arrivalAvgMs=33.5 arrivalP95Ms=156.7 arrivalMaxMs=164.9 sameArrival=24 tickGapMax=2 renderFrames=7 interpolation=5 extrapolation=2 extrapolationCapped=0 extrapolationMaxMs=11.5 oldestHeld=0 zeroSpan=7 movingFrozen=0 teleport=0 visualStepAvgCm=0.00 visualStepMaxCm=0.00 estimatedHostTick=13326 renderTick=13319.492 latestSnapshotTick=13320.000 renderMinusLatestTicks=-0.508 estimatedMinusLatestTicks=6.000 sampleT=0.746
[rubber-banding][remote-render] time=239.986 frame=2424 entity=3 latestHostTick=13320 buffer=8 windowMs=1037.4 fps=6.7 snapshots=31 arrivalSamples=31 arrivalAvgMs=33.5 arrivalP95Ms=156.7 arrivalMaxMs=164.9 sameArrival=24 tickGapMax=2 renderFrames=7 interpolation=5 extrapolation=2 extrapolationCapped=0 extrapolationMaxMs=11.5 oldestHeld=0 zeroSpan=7 movingFrozen=0 teleport=0 visualStepAvgCm=0.00 visualStepMaxCm=0.00 estimatedHostTick=13326 renderTick=13319.492 latestSnapshotTick=13320.000 renderMinusLatestTicks=-0.508 estimatedMinusLatestTicks=6.000 sampleT=0.746
[rubber-banding][remote-render] time=239.986 frame=2424 entity=4 latestHostTick=13320 buffer=8 windowMs=1037.4 fps=6.7 snapshots=31 arrivalSamples=31 arrivalAvgMs=33.5 arrivalP95Ms=156.7 arrivalMaxMs=164.9 sameArrival=24 tickGapMax=2 renderFrames=7 interpolation=5 extrapolation=2 extrapolationCapped=0 extrapolationMaxMs=11.5 oldestHeld=0 zeroSpan=7 movingFrozen=0 teleport=0 visualStepAvgCm=61.84 visualStepMaxCm=73.86 estimatedHostTick=13326 renderTick=13319.492 latestSnapshotTick=13320.000 renderMinusLatestTicks=-0.508 estimatedMinusLatestTicks=6.000 sampleT=0.746
[rubber-banding][large-step] time=239.986 frame=2424 focused=1 entity=4 buffer=8 count=7 maxStepCm=73.86 horizontalCm=64.63 verticalCm=35.76 frameDeltaMs=156.5 renderTickDelta=9.705 fromTick=13318 toTick=13320 tickSpan=2 receivedSpanMs=0.0 t=0.746 renderOffsetMs=-8.5 sourceHorizontalCm=13.33 sourceVerticalCm=19.21 fromGrounded=0 toGrounded=0 velocity=(2.736, 5.595, 2.918) expectedTravelCm=107.65 teleport=0 previous=(14.334, 0.008, 0.520) rendered=(14.765, 0.366, 1.001)
[rubber-banding][jump-step] time=239.986 frame=2424 focused=1 entity=4 buffer=8 count=1 maxVerticalCm=35.76 horizontalCm=64.63 verticalCm=35.76 frameDeltaMs=156.5 renderTickDelta=9.705 fromTick=13318 toTick=13320 tickSpan=2 receivedSpanMs=0.0 t=0.746 renderOffsetMs=-8.5 sourceHorizontalCm=13.33 sourceVerticalCm=19.21 fromGrounded=0 toGrounded=0 velocity=(2.736, 5.595, 2.918) expectedTravelCm=107.65 teleport=0 previous=(14.334, 0.008, 0.520) rendered=(14.765, 0.366, 1.001)
[rubber-banding][udp-pump] time=240.149 frame=2425 focused=1 windowMs=1062.1 fps=6.6 packets=31 socketAvgMs=34.0 socketP95Ms=162.1 socketMaxMs=163.0 pumpAvgMs=34.3 pumpP95Ms=162.5 pumpMaxMs=164.9 queueDelayAvgMs=72.6 queueDelayP95Ms=97.4 queueDelayMaxMs=99.4 samePump=24 pumpBatchMax=5 queueDepthMax=6 frameMaxMs=164.9
[rubber-banding][local-input] time=241.120 frame=2430 focused=1 host=0 room=19 world=5 authority=5 entity=2 windowMs=1133.7 updates=6 fixedCalls=57 commands=24 predictionSteps=24 noCommandUpdates=0 estimatedHostTick=13394 nextInputTick=13401 lastRecordedTick=13400 lastResolvedTick=13388 nextLead=7 recordedLead=6 unresolved=4 clamped=3 clampedTotal=252 batchesSent=2241 commandsSent=10818 sendFailures=0 move=(0.00,0.00) jump=0
[rubber-banding][remote-render] time=241.120 frame=2430 entity=1 latestHostTick=13388 buffer=8 windowMs=1133.7 fps=5.3 snapshots=34 arrivalSamples=34 arrivalAvgMs=33.3 arrivalP95Ms=210.2 arrivalMaxMs=232.3 sameArrival=28 tickGapMax=2 renderFrames=6 interpolation=4 extrapolation=2 extrapolationCapped=0 extrapolationMaxMs=3.3 oldestHeld=0 zeroSpan=6 movingFrozen=0 teleport=0 visualStepAvgCm=0.00 visualStepMaxCm=0.00 estimatedHostTick=13394 renderTick=13388.200 latestSnapshotTick=13388.000 renderMinusLatestTicks=0.200 estimatedMinusLatestTicks=6.000 sampleT=1.100
[rubber-banding][remote-render] time=241.120 frame=2430 entity=3 latestHostTick=13388 buffer=8 windowMs=1133.7 fps=5.3 snapshots=34 arrivalSamples=34 arrivalAvgMs=33.3 arrivalP95Ms=210.2 arrivalMaxMs=232.3 sameArrival=28 tickGapMax=2 renderFrames=6 interpolation=4 extrapolation=2 extrapolationCapped=0 extrapolationMaxMs=3.3 oldestHeld=0 zeroSpan=6 movingFrozen=0 teleport=0 visualStepAvgCm=0.00 visualStepMaxCm=0.00 estimatedHostTick=13394 renderTick=13388.200 latestSnapshotTick=13388.000 renderMinusLatestTicks=0.200 estimatedMinusLatestTicks=6.000 sampleT=1.100
[rubber-banding][remote-render] time=241.120 frame=2430 entity=4 latestHostTick=13388 buffer=8 windowMs=1133.7 fps=5.3 snapshots=34 arrivalSamples=34 arrivalAvgMs=33.3 arrivalP95Ms=210.2 arrivalMaxMs=232.3 sameArrival=28 tickGapMax=2 renderFrames=6 interpolation=4 extrapolation=2 extrapolationCapped=0 extrapolationMaxMs=3.3 oldestHeld=0 zeroSpan=6 movingFrozen=0 teleport=0 visualStepAvgCm=82.79 visualStepMaxCm=106.91 estimatedHostTick=13394 renderTick=13388.200 latestSnapshotTick=13388.000 renderMinusLatestTicks=0.200 estimatedMinusLatestTicks=6.000 sampleT=1.100
[rubber-banding][large-step] time=241.120 frame=2430 focused=1 entity=4 buffer=8 count=6 maxStepCm=106.91 horizontalCm=83.37 verticalCm=66.92 frameDeltaMs=205.9 renderTickDelta=12.506 fromTick=13350 toTick=13352 tickSpan=2 receivedSpanMs=0.0 t=1.100 renderOffsetMs=3.3 sourceHorizontalCm=13.33 sourceVerticalCm=16.35 fromGrounded=0 toGrounded=0 velocity=(2.819, -5.072, 2.838) expectedTravelCm=133.00 teleport=0 previous=(15.691, 1.117, 1.979) rendered=(16.272, 0.448, 2.577)
[rubber-banding][jump-step] time=241.120 frame=2430 focused=1 entity=4 buffer=8 count=4 maxVerticalCm=66.92 horizontalCm=83.37 verticalCm=66.92 frameDeltaMs=205.9 renderTickDelta=12.506 fromTick=13350 toTick=13352 tickSpan=2 receivedSpanMs=0.0 t=1.100 renderOffsetMs=3.3 sourceHorizontalCm=13.33 sourceVerticalCm=16.35 fromGrounded=0 toGrounded=0 velocity=(2.819, -5.072, 2.838) expectedTravelCm=133.00 teleport=0 previous=(15.691, 1.117, 1.979) rendered=(16.272, 0.448, 2.577)
[rubber-banding][udp-pump] time=241.344 frame=2431 focused=1 windowMs=1195.3 fps=5.0 packets=37 socketAvgMs=33.6 socketP95Ms=211.1 socketMaxMs=264.6 pumpAvgMs=32.3 pumpP95Ms=224.1 pumpMaxMs=232.3 queueDelayAvgMs=45.0 queueDelayP95Ms=68.0 queueDelayMaxMs=70.4 samePump=31 pumpBatchMax=8 queueDepthMax=9 frameMaxMs=232.2
[rubber-banding][local-input] time=242.185 frame=2436 focused=1 host=0 room=19 world=5 authority=5 entity=2 windowMs=1065.4 updates=6 fixedCalls=53 commands=20 predictionSteps=20 noCommandUpdates=1 estimatedHostTick=13462 nextInputTick=13471 lastRecordedTick=13462 lastResolvedTick=13450 nextLead=9 recordedLead=0 unresolved=5 clamped=6 clampedTotal=258 batchesSent=2247 commandsSent=10843 sendFailures=0 move=(0.00,0.00) jump=0
[rubber-banding][remote-render] time=242.185 frame=2436 entity=1 latestHostTick=13450 buffer=8 windowMs=1065.4 fps=5.6 snapshots=31 arrivalSamples=31 arrivalAvgMs=34.4 arrivalP95Ms=224.1 arrivalMaxMs=312.5 sameArrival=26 tickGapMax=2 renderFrames=6 interpolation=1 extrapolation=5 extrapolationCapped=0 extrapolationMaxMs=126.3 oldestHeld=0 zeroSpan=6 movingFrozen=0 teleport=0 visualStepAvgCm=0.00 visualStepMaxCm=0.00 estimatedHostTick=13462 renderTick=13454.257 latestSnapshotTick=13450.000 renderMinusLatestTicks=4.257 estimatedMinusLatestTicks=12.000 sampleT=3.128
[rubber-banding][remote-render] time=242.185 frame=2436 entity=3 latestHostTick=13450 buffer=8 windowMs=1065.4 fps=5.6 snapshots=31 arrivalSamples=31 arrivalAvgMs=34.4 arrivalP95Ms=224.1 arrivalMaxMs=312.5 sameArrival=26 tickGapMax=2 renderFrames=6 interpolation=1 extrapolation=5 extrapolationCapped=0 extrapolationMaxMs=126.3 oldestHeld=0 zeroSpan=6 movingFrozen=0 teleport=0 visualStepAvgCm=0.00 visualStepMaxCm=0.00 estimatedHostTick=13462 renderTick=13454.257 latestSnapshotTick=13450.000 renderMinusLatestTicks=4.257 estimatedMinusLatestTicks=12.000 sampleT=3.128
[rubber-banding][remote-render] time=242.185 frame=2436 entity=4 latestHostTick=13450 buffer=8 windowMs=1065.4 fps=5.6 snapshots=31 arrivalSamples=31 arrivalAvgMs=34.4 arrivalP95Ms=224.1 arrivalMaxMs=312.5 sameArrival=26 tickGapMax=2 renderFrames=6 interpolation=1 extrapolation=5 extrapolationCapped=0 extrapolationMaxMs=126.3 oldestHeld=0 zeroSpan=6 movingFrozen=0 teleport=0 visualStepAvgCm=72.83 visualStepMaxCm=103.76 estimatedHostTick=13462 renderTick=13454.257 latestSnapshotTick=13450.000 renderMinusLatestTicks=4.257 estimatedMinusLatestTicks=12.000 sampleT=3.128
[rubber-banding][large-step] time=242.185 frame=2436 focused=1 entity=4 buffer=8 count=6 maxStepCm=103.76 horizontalCm=79.92 verticalCm=66.18 frameDeltaMs=188.7 renderTickDelta=11.697 fromTick=13426 toTick=13428 tickSpan=2 receivedSpanMs=0.0 t=3.583 renderOffsetMs=86.1 sourceHorizontalCm=13.28 sourceVerticalCm=10.79 fromGrounded=0 toGrounded=0 velocity=(3.906, -3.405, -0.787) expectedTravelCm=98.88 teleport=0 previous=(19.040, 1.201, 1.217) rendered=(19.823, 0.539, 1.059)
[rubber-banding][jump-step] time=242.185 frame=2436 focused=1 entity=4 buffer=8 count=4 maxVerticalCm=73.17 horizontalCm=29.51 verticalCm=73.17 frameDeltaMs=153.0 renderTickDelta=9.486 fromTick=13402 toTick=13404 tickSpan=2 receivedSpanMs=0.0 t=4.789 renderOffsetMs=126.3 sourceHorizontalCm=6.22 sourceVerticalCm=15.87 fromGrounded=0 toGrounded=0 velocity=(1.830, 4.595, -0.369) expectedTravelCm=75.88 teleport=0 previous=(18.288, 0.509, 1.368) rendered=(18.577, 1.241, 1.310)
[rubber-banding][udp-pump] time=242.348 frame=2437 focused=1 windowMs=1003.9 fps=6.0 packets=29 socketAvgMs=32.5 socketP95Ms=191.9 socketMaxMs=196.5 pumpAvgMs=34.6 pumpP95Ms=188.7 pumpMaxMs=312.5 queueDelayAvgMs=110.1 queueDelayP95Ms=139.3 queueDelayMaxMs=141.3 samePump=24 pumpBatchMax=6 queueDepthMax=7 frameMaxMs=188.7
[rubber-banding][local-input] time=243.281 frame=2443 focused=1 host=0 room=19 world=5 authority=5 entity=2 windowMs=1095.4 updates=7 fixedCalls=55 commands=27 predictionSteps=27 noCommandUpdates=0 estimatedHostTick=13522 nextInputTick=13529 lastRecordedTick=13528 lastResolvedTick=13516 nextLead=7 recordedLead=6 unresolved=5 clamped=5 clampedTotal=263 batchesSent=2254 commandsSent=10875 sendFailures=0 move=(0.00,0.00) jump=0
[rubber-banding][remote-render] time=243.281 frame=2443 entity=1 latestHostTick=13516 buffer=8 windowMs=1095.4 fps=6.4 snapshots=33 arrivalSamples=33 arrivalAvgMs=33.2 arrivalP95Ms=170.6 arrivalMaxMs=189.5 sameArrival=26 tickGapMax=2 renderFrames=7 interpolation=0 extrapolation=7 extrapolationCapped=0 extrapolationMaxMs=139.6 oldestHeld=0 zeroSpan=6 movingFrozen=0 teleport=0 visualStepAvgCm=0.00 visualStepMaxCm=0.00 estimatedHostTick=13522 renderTick=13518.200 latestSnapshotTick=13516.000 renderMinusLatestTicks=2.200 estimatedMinusLatestTicks=6.000 sampleT=2.100
[rubber-banding][remote-render] time=243.281 frame=2443 entity=3 latestHostTick=13516 buffer=8 windowMs=1095.4 fps=6.4 snapshots=33 arrivalSamples=33 arrivalAvgMs=33.2 arrivalP95Ms=170.6 arrivalMaxMs=189.5 sameArrival=26 tickGapMax=2 renderFrames=7 interpolation=0 extrapolation=7 extrapolationCapped=0 extrapolationMaxMs=139.6 oldestHeld=0 zeroSpan=6 movingFrozen=0 teleport=0 visualStepAvgCm=0.00 visualStepMaxCm=0.00 estimatedHostTick=13522 renderTick=13518.200 latestSnapshotTick=13516.000 renderMinusLatestTicks=2.200 estimatedMinusLatestTicks=6.000 sampleT=2.100
[rubber-banding][remote-render] time=243.281 frame=2443 entity=4 latestHostTick=13516 buffer=8 windowMs=1095.4 fps=6.4 snapshots=33 arrivalSamples=33 arrivalAvgMs=33.2 arrivalP95Ms=170.6 arrivalMaxMs=189.5 sameArrival=26 tickGapMax=2 renderFrames=7 interpolation=0 extrapolation=7 extrapolationCapped=0 extrapolationMaxMs=139.6 oldestHeld=0 zeroSpan=6 movingFrozen=0 teleport=0 visualStepAvgCm=57.52 visualStepMaxCm=106.48 estimatedHostTick=13522 renderTick=13518.200 latestSnapshotTick=13516.000 renderMinusLatestTicks=2.200 estimatedMinusLatestTicks=6.000 sampleT=2.100
[rubber-banding][large-step] time=243.281 frame=2443 focused=1 entity=4 buffer=8 count=7 maxStepCm=106.48 horizontalCm=65.36 verticalCm=84.06 frameDeltaMs=158.0 renderTickDelta=9.482 fromTick=13506 toTick=13508 tickSpan=2 receivedSpanMs=0.0 t=2.869 renderOffsetMs=62.3 sourceHorizontalCm=13.33 sourceVerticalCm=17.46 fromGrounded=0 toGrounded=0 velocity=(3.922, -5.405, -0.784) expectedTravelCm=106.27 teleport=0 previous=(22.446, 0.879, 0.533) rendered=(23.087, 0.038, 0.405)
[rubber-banding][jump-step] time=243.281 frame=2443 focused=1 entity=4 buffer=8 count=5 maxVerticalCm=84.06 horizontalCm=65.36 verticalCm=84.06 frameDeltaMs=158.0 renderTickDelta=9.482 fromTick=13506 toTick=13508 tickSpan=2 receivedSpanMs=0.0 t=2.869 renderOffsetMs=62.3 sourceHorizontalCm=13.33 sourceVerticalCm=17.46 fromGrounded=0 toGrounded=0 velocity=(3.922, -5.405, -0.784) expectedTravelCm=106.27 teleport=0 previous=(22.446, 0.879, 0.533) rendered=(23.087, 0.038, 0.405)
[rubber-banding][udp-pump] time=243.393 frame=2444 focused=1 windowMs=1044.6 fps=6.7 packets=32 socketAvgMs=33.9 socketP95Ms=205.4 socketMaxMs=208.2 pumpAvgMs=32.6 pumpP95Ms=170.6 pumpMaxMs=189.5 queueDelayAvgMs=83.6 queueDelayP95Ms=132.2 queueDelayMaxMs=135.4 samePump=25 pumpBatchMax=6 queueDepthMax=6 frameMaxMs=189.5
[rubber-banding][local-input] time=244.361 frame=2452 focused=1 host=0 room=19 world=5 authority=5 entity=2 windowMs=1080.1 updates=9 fixedCalls=54 commands=36 predictionSteps=36 noCommandUpdates=0 estimatedHostTick=13587 nextInputTick=13593 lastRecordedTick=13592 lastResolvedTick=13580 nextLead=6 recordedLead=5 unresolved=6 clamped=2 clampedTotal=265 batchesSent=2263 commandsSent=10920 sendFailures=0 move=(0.00,0.00) jump=0
[rubber-banding][remote-render] time=244.361 frame=2452 entity=1 latestHostTick=13580 buffer=8 windowMs=1080.1 fps=8.3 snapshots=32 arrivalSamples=32 arrivalAvgMs=33.8 arrivalP95Ms=132.8 arrivalMaxMs=151.0 sameArrival=23 tickGapMax=2 renderFrames=9 interpolation=7 extrapolation=2 extrapolationCapped=0 extrapolationMaxMs=57.6 oldestHeld=0 zeroSpan=8 movingFrozen=0 teleport=0 visualStepAvgCm=0.00 visualStepMaxCm=0.00 estimatedHostTick=13587 renderTick=13582.732 latestSnapshotTick=13580.000 renderMinusLatestTicks=2.732 estimatedMinusLatestTicks=7.000 sampleT=2.366
[rubber-banding][remote-render] time=244.361 frame=2452 entity=3 latestHostTick=13580 buffer=8 windowMs=1080.1 fps=8.3 snapshots=32 arrivalSamples=32 arrivalAvgMs=33.8 arrivalP95Ms=132.8 arrivalMaxMs=151.0 sameArrival=23 tickGapMax=2 renderFrames=9 interpolation=7 extrapolation=2 extrapolationCapped=0 extrapolationMaxMs=57.6 oldestHeld=0 zeroSpan=8 movingFrozen=0 teleport=0 visualStepAvgCm=0.00 visualStepMaxCm=0.00 estimatedHostTick=13587 renderTick=13582.732 latestSnapshotTick=13580.000 renderMinusLatestTicks=2.732 estimatedMinusLatestTicks=7.000 sampleT=2.366
[rubber-banding][remote-render] time=244.361 frame=2452 entity=4 latestHostTick=13580 buffer=8 windowMs=1080.1 fps=8.3 snapshots=32 arrivalSamples=32 arrivalAvgMs=33.8 arrivalP95Ms=132.8 arrivalMaxMs=151.0 sameArrival=23 tickGapMax=2 renderFrames=9 interpolation=7 extrapolation=2 extrapolationCapped=0 extrapolationMaxMs=57.6 oldestHeld=0 zeroSpan=8 movingFrozen=0 teleport=0 visualStepAvgCm=47.10 visualStepMaxCm=60.00 estimatedHostTick=13587 renderTick=13582.732 latestSnapshotTick=13580.000 renderMinusLatestTicks=2.732 estimatedMinusLatestTicks=7.000 sampleT=2.366
[rubber-banding][large-step] time=244.361 frame=2452 focused=1 entity=4 buffer=8 count=9 maxStepCm=60.00 horizontalCm=60.00 verticalCm=0.00 frameDeltaMs=151.0 renderTickDelta=9.000 fromTick=13560 toTick=13562 tickSpan=2 receivedSpanMs=0.0 t=0.100 renderOffsetMs=-30.0 sourceHorizontalCm=13.33 sourceVerticalCm=0.00 fromGrounded=1 toGrounded=1 velocity=(3.968, -2.333, -0.504) expectedTravelCm=69.93 teleport=0 previous=(25.584, 0.008, -0.007) rendered=(26.179, 0.008, -0.083)
[rubber-banding][udp-pump] time=244.481 frame=2453 focused=1 windowMs=1088.3 fps=8.3 packets=31 socketAvgMs=33.0 socketP95Ms=135.5 socketMaxMs=167.8 pumpAvgMs=35.1 pumpP95Ms=132.8 pumpMaxMs=151.0 queueDelayAvgMs=46.4 queueDelayP95Ms=101.6 queueDelayMaxMs=116.1 samePump=22 pumpBatchMax=6 queueDepthMax=6 frameMaxMs=151.0
[rubber-banding][local-input] time=245.375 frame=2459 focused=1 host=0 room=19 world=5 authority=5 entity=2 windowMs=1014.2 updates=7 fixedCalls=50 commands=28 predictionSteps=28 noCommandUpdates=0 estimatedHostTick=13646 nextInputTick=13652 lastRecordedTick=13652 lastResolvedTick=13644 nextLead=6 recordedLead=6 unresolved=4 clamped=0 clampedTotal=265 batchesSent=2270 commandsSent=10951 sendFailures=0 move=(0.00,0.00) jump=0
[rubber-banding][remote-render] time=245.375 frame=2459 entity=1 latestHostTick=13644 buffer=8 windowMs=1014.2 fps=6.9 snapshots=32 arrivalSamples=32 arrivalAvgMs=31.7 arrivalP95Ms=153.4 arrivalMaxMs=173.7 sameArrival=25 tickGapMax=2 renderFrames=7 interpolation=3 extrapolation=4 extrapolationCapped=0 extrapolationMaxMs=28.2 oldestHeld=0 zeroSpan=7 movingFrozen=0 teleport=0 visualStepAvgCm=0.00 visualStepMaxCm=0.00 estimatedHostTick=13646 renderTick=13642.200 latestSnapshotTick=13644.000 renderMinusLatestTicks=-1.800 estimatedMinusLatestTicks=2.000 sampleT=0.100
[rubber-banding][remote-render] time=245.375 frame=2459 entity=3 latestHostTick=13644 buffer=8 windowMs=1014.2 fps=6.9 snapshots=32 arrivalSamples=32 arrivalAvgMs=31.7 arrivalP95Ms=153.4 arrivalMaxMs=173.7 sameArrival=25 tickGapMax=2 renderFrames=7 interpolation=3 extrapolation=4 extrapolationCapped=0 extrapolationMaxMs=28.2 oldestHeld=0 zeroSpan=7 movingFrozen=0 teleport=0 visualStepAvgCm=0.00 visualStepMaxCm=0.00 estimatedHostTick=13646 renderTick=13642.200 latestSnapshotTick=13644.000 renderMinusLatestTicks=-1.800 estimatedMinusLatestTicks=2.000 sampleT=0.100
[rubber-banding][remote-render] time=245.375 frame=2459 entity=4 latestHostTick=13644 buffer=8 windowMs=1014.2 fps=6.9 snapshots=32 arrivalSamples=32 arrivalAvgMs=31.7 arrivalP95Ms=153.4 arrivalMaxMs=173.7 sameArrival=25 tickGapMax=2 renderFrames=7 interpolation=3 extrapolation=4 extrapolationCapped=0 extrapolationMaxMs=28.2 oldestHeld=0 zeroSpan=7 movingFrozen=0 teleport=0 visualStepAvgCm=56.59 visualStepMaxCm=69.49 estimatedHostTick=13646 renderTick=13642.200 latestSnapshotTick=13644.000 renderMinusLatestTicks=-1.800 estimatedMinusLatestTicks=2.000 sampleT=0.100
[rubber-banding][large-step] time=245.375 frame=2459 focused=1 entity=4 buffer=8 count=7 maxStepCm=69.49 horizontalCm=69.49 verticalCm=0.00 frameDeltaMs=173.7 renderTickDelta=10.424 fromTick=13630 toTick=13632 tickSpan=2 receivedSpanMs=0.0 t=1.502 renderOffsetMs=16.7 sourceHorizontalCm=13.33 sourceVerticalCm=0.00 fromGrounded=1 toGrounded=1 velocity=(3.988, -2.333, -0.314) expectedTravelCm=80.45 teleport=0 previous=(30.310, 0.008, -0.530) rendered=(31.003, 0.008, -0.589)
[rubber-banding][udp-pump] time=245.549 frame=2460 focused=1 windowMs=1067.7 fps=6.6 packets=33 socketAvgMs=32.9 socketP95Ms=154.9 socketMaxMs=167.8 pumpAvgMs=32.4 pumpP95Ms=173.5 pumpMaxMs=173.7 queueDelayAvgMs=81.9 queueDelayP95Ms=100.3 queueDelayMaxMs=102.0 samePump=26 pumpBatchMax=6 queueDepthMax=6 frameMaxMs=173.7
[rubber-banding][local-input] time=246.477 frame=2466 focused=1 host=0 room=19 world=5 authority=5 entity=2 windowMs=1101.8 updates=7 fixedCalls=55 commands=28 predictionSteps=28 noCommandUpdates=0 estimatedHostTick=13714 nextInputTick=13722 lastRecordedTick=13722 lastResolvedTick=13710 nextLead=8 recordedLead=8 unresolved=5 clamped=4 clampedTotal=269 batchesSent=2277 commandsSent=10985 sendFailures=0 move=(0.00,0.00) jump=0
[rubber-banding][remote-render] time=246.477 frame=2466 entity=1 latestHostTick=13710 buffer=8 windowMs=1101.8 fps=6.4 snapshots=33 arrivalSamples=33 arrivalAvgMs=33.4 arrivalP95Ms=163.0 arrivalMaxMs=173.5 sameArrival=26 tickGapMax=2 renderFrames=7 interpolation=6 extrapolation=1 extrapolationCapped=0 extrapolationMaxMs=3.3 oldestHeld=0 zeroSpan=7 movingFrozen=0 teleport=0 visualStepAvgCm=0.00 visualStepMaxCm=0.00 estimatedHostTick=13714 renderTick=13708.939 latestSnapshotTick=13710.000 renderMinusLatestTicks=-1.061 estimatedMinusLatestTicks=4.000 sampleT=0.470
[rubber-banding][remote-render] time=246.477 frame=2466 entity=3 latestHostTick=13710 buffer=8 windowMs=1101.8 fps=6.4 snapshots=33 arrivalSamples=33 arrivalAvgMs=33.4 arrivalP95Ms=163.0 arrivalMaxMs=173.5 sameArrival=26 tickGapMax=2 renderFrames=7 interpolation=6 extrapolation=1 extrapolationCapped=0 extrapolationMaxMs=3.3 oldestHeld=0 zeroSpan=7 movingFrozen=0 teleport=0 visualStepAvgCm=0.00 visualStepMaxCm=0.00 estimatedHostTick=13714 renderTick=13708.939 latestSnapshotTick=13710.000 renderMinusLatestTicks=-1.061 estimatedMinusLatestTicks=4.000 sampleT=0.470
[rubber-banding][remote-render] time=246.477 frame=2466 entity=4 latestHostTick=13710 buffer=8 windowMs=1101.8 fps=6.4 snapshots=33 arrivalSamples=33 arrivalAvgMs=33.4 arrivalP95Ms=163.0 arrivalMaxMs=173.5 sameArrival=26 tickGapMax=2 renderFrames=7 interpolation=6 extrapolation=1 extrapolationCapped=0 extrapolationMaxMs=3.3 oldestHeld=0 zeroSpan=7 movingFrozen=0 teleport=0 visualStepAvgCm=69.48 visualStepMaxCm=83.29 estimatedHostTick=13714 renderTick=13708.939 latestSnapshotTick=13710.000 renderMinusLatestTicks=-1.061 estimatedMinusLatestTicks=4.000 sampleT=0.470
[rubber-banding][large-step] time=246.477 frame=2466 focused=1 entity=4 buffer=8 count=7 maxStepCm=83.29 horizontalCm=65.19 verticalCm=51.84 frameDeltaMs=163.0 renderTickDelta=9.778 fromTick=13698 toTick=13700 tickSpan=2 receivedSpanMs=0.0 t=0.807 renderOffsetMs=-6.4 sourceHorizontalCm=13.33 sourceVerticalCm=5.87 fromGrounded=0 toGrounded=0 velocity=(3.999, 1.595, 0.094) expectedTravelCm=70.18 teleport=0 previous=(34.790, 0.570, -0.537) rendered=(35.442, 1.089, -0.521)
[rubber-banding][jump-step] time=246.477 frame=2466 focused=1 entity=4 buffer=8 count=2 maxVerticalCm=56.22 horizontalCm=56.07 verticalCm=56.22 frameDeltaMs=140.2 renderTickDelta=8.410 fromTick=13688 toTick=13690 tickSpan=2 receivedSpanMs=0.0 t=0.918 renderOffsetMs=-2.7 sourceHorizontalCm=13.33 sourceVerticalCm=16.98 fromGrounded=0 toGrounded=0 velocity=(3.999, 4.928, 0.094) expectedTravelCm=88.97 teleport=0 previous=(34.230, 0.008, -0.550) rendered=(34.790, 0.570, -0.537)
[rubber-banding][udp-pump] time=246.618 frame=2467 focused=1 windowMs=1069.2 fps=6.5 packets=33 socketAvgMs=33.3 socketP95Ms=157.8 socketMaxMs=170.9 pumpAvgMs=32.4 pumpP95Ms=162.0 pumpMaxMs=163.0 queueDelayAvgMs=62.4 queueDelayP95Ms=90.9 queueDelayMaxMs=92.6 samePump=26 pumpBatchMax=5 queueDepthMax=6 frameMaxMs=163.0
[rubber-banding][local-input] time=247.485 frame=2474 focused=1 host=0 room=19 world=5 authority=5 entity=2 windowMs=1008.6 updates=8 fixedCalls=51 commands=30 predictionSteps=30 noCommandUpdates=0 estimatedHostTick=13776 nextInputTick=13783 lastRecordedTick=13782 lastResolvedTick=13770 nextLead=7 recordedLead=6 unresolved=5 clamped=3 clampedTotal=272 batchesSent=2285 commandsSent=11028 sendFailures=0 move=(0.00,0.00) jump=0
[rubber-banding][remote-render] time=247.485 frame=2474 entity=1 latestHostTick=13770 buffer=8 windowMs=1008.6 fps=7.9 snapshots=30 arrivalSamples=30 arrivalAvgMs=33.6 arrivalP95Ms=140.9 arrivalMaxMs=233.6 sameArrival=23 tickGapMax=2 renderFrames=8 interpolation=4 extrapolation=4 extrapolationCapped=0 extrapolationMaxMs=78.2 oldestHeld=0 zeroSpan=8 movingFrozen=0 teleport=0 visualStepAvgCm=0.00 visualStepMaxCm=0.00 estimatedHostTick=13776 renderTick=13770.475 latestSnapshotTick=13770.000 renderMinusLatestTicks=0.475 estimatedMinusLatestTicks=6.000 sampleT=1.237
[rubber-banding][remote-render] time=247.485 frame=2474 entity=3 latestHostTick=13770 buffer=8 windowMs=1008.6 fps=7.9 snapshots=30 arrivalSamples=30 arrivalAvgMs=33.6 arrivalP95Ms=140.9 arrivalMaxMs=233.6 sameArrival=23 tickGapMax=2 renderFrames=8 interpolation=4 extrapolation=4 extrapolationCapped=0 extrapolationMaxMs=78.2 oldestHeld=0 zeroSpan=8 movingFrozen=0 teleport=0 visualStepAvgCm=0.00 visualStepMaxCm=0.00 estimatedHostTick=13776 renderTick=13770.475 latestSnapshotTick=13770.000 renderMinusLatestTicks=0.475 estimatedMinusLatestTicks=6.000 sampleT=1.237
[rubber-banding][remote-render] time=247.485 frame=2474 entity=4 latestHostTick=13770 buffer=8 windowMs=1008.6 fps=7.9 snapshots=30 arrivalSamples=30 arrivalAvgMs=33.6 arrivalP95Ms=140.9 arrivalMaxMs=233.6 sameArrival=23 tickGapMax=2 renderFrames=8 interpolation=4 extrapolation=4 extrapolationCapped=0 extrapolationMaxMs=78.2 oldestHeld=0 zeroSpan=8 movingFrozen=0 teleport=0 visualStepAvgCm=56.78 visualStepMaxCm=84.74 estimatedHostTick=13776 renderTick=13770.475 latestSnapshotTick=13770.000 renderMinusLatestTicks=0.475 estimatedMinusLatestTicks=6.000 sampleT=1.237
[rubber-banding][large-step] time=247.485 frame=2474 focused=1 entity=4 buffer=8 count=8 maxStepCm=84.74 horizontalCm=55.27 verticalCm=64.24 frameDeltaMs=133.7 renderTickDelta=8.291 fromTick=13724 toTick=13726 tickSpan=2 receivedSpanMs=0.0 t=0.983 renderOffsetMs=-0.6 sourceHorizontalCm=13.33 sourceVerticalCm=6.32 fromGrounded=0 toGrounded=1 velocity=(3.999, -2.333, 0.094) expectedTravelCm=61.93 teleport=0 previous=(36.645, 0.651, -0.493) rendered=(37.198, 0.009, -0.480)
[rubber-banding][jump-step] time=247.485 frame=2474 focused=1 entity=4 buffer=8 count=2 maxVerticalCm=64.24 horizontalCm=55.27 verticalCm=64.24 frameDeltaMs=133.7 renderTickDelta=8.291 fromTick=13724 toTick=13726 tickSpan=2 receivedSpanMs=0.0 t=0.983 renderOffsetMs=-0.6 sourceHorizontalCm=13.33 sourceVerticalCm=6.32 fromGrounded=0 toGrounded=1 velocity=(3.999, -2.333, 0.094) expectedTravelCm=61.93 teleport=0 previous=(36.645, 0.651, -0.493) rendered=(37.198, 0.009, -0.480)
[rubber-banding][udp-pump] time=247.723 frame=2476 focused=1 windowMs=1105.6 fps=8.1 packets=34 socketAvgMs=33.2 socketP95Ms=141.7 socketMaxMs=142.4 pumpAvgMs=32.5 pumpP95Ms=140.5 pumpMaxMs=233.6 queueDelayAvgMs=50.6 queueDelayP95Ms=92.9 queueDelayMaxMs=95.4 samePump=26 pumpBatchMax=5 queueDepthMax=5 frameMaxMs=140.5
[rubber-banding][local-input] time=248.527 frame=2481 focused=1 host=0 room=19 world=5 authority=5 entity=2 windowMs=1041.4 updates=7 fixedCalls=52 commands=28 predictionSteps=28 noCommandUpdates=0 estimatedHostTick=13838 nextInputTick=13844 lastRecordedTick=13844 lastResolvedTick=13836 nextLead=6 recordedLead=6 unresolved=4 clamped=1 clampedTotal=273 batchesSent=2292 commandsSent=11062 sendFailures=0 move=(0.00,0.00) jump=0
[rubber-banding][remote-render] time=248.527 frame=2481 entity=1 latestHostTick=13836 buffer=8 windowMs=1041.4 fps=6.7 snapshots=30 arrivalSamples=30 arrivalAvgMs=34.7 arrivalP95Ms=169.3 arrivalMaxMs=209.1 sameArrival=23 tickGapMax=8 renderFrames=7 interpolation=6 extrapolation=1 extrapolationCapped=0 extrapolationMaxMs=106.9 oldestHeld=0 zeroSpan=6 movingFrozen=0 teleport=0 visualStepAvgCm=0.00 visualStepMaxCm=0.00 estimatedHostTick=13838 renderTick=13832.958 latestSnapshotTick=13836.000 renderMinusLatestTicks=-3.042 estimatedMinusLatestTicks=2.000 sampleT=0.479
[rubber-banding][remote-render] time=248.527 frame=2481 entity=3 latestHostTick=13836 buffer=8 windowMs=1041.4 fps=6.7 snapshots=30 arrivalSamples=30 arrivalAvgMs=34.7 arrivalP95Ms=169.3 arrivalMaxMs=209.1 sameArrival=23 tickGapMax=8 renderFrames=7 interpolation=6 extrapolation=1 extrapolationCapped=0 extrapolationMaxMs=106.9 oldestHeld=0 zeroSpan=6 movingFrozen=0 teleport=0 visualStepAvgCm=0.00 visualStepMaxCm=0.00 estimatedHostTick=13838 renderTick=13832.958 latestSnapshotTick=13836.000 renderMinusLatestTicks=-3.042 estimatedMinusLatestTicks=2.000 sampleT=0.479
[rubber-banding][remote-render] time=248.527 frame=2481 entity=4 latestHostTick=13836 buffer=8 windowMs=1041.4 fps=6.7 snapshots=30 arrivalSamples=30 arrivalAvgMs=34.7 arrivalP95Ms=169.3 arrivalMaxMs=209.1 sameArrival=23 tickGapMax=8 renderFrames=7 interpolation=6 extrapolation=1 extrapolationCapped=0 extrapolationMaxMs=106.9 oldestHeld=0 zeroSpan=6 movingFrozen=0 teleport=0 visualStepAvgCm=57.11 visualStepMaxCm=73.93 estimatedHostTick=13838 renderTick=13832.958 latestSnapshotTick=13836.000 renderMinusLatestTicks=-3.042 estimatedMinusLatestTicks=2.000 sampleT=0.479
[rubber-banding][large-step] time=248.527 frame=2481 focused=1 entity=4 buffer=8 count=7 maxStepCm=73.93 horizontalCm=73.93 verticalCm=0.00 frameDeltaMs=209.1 renderTickDelta=12.545 fromTick=13832 toTick=13834 tickSpan=2 receivedSpanMs=0.0 t=0.479 renderOffsetMs=-17.4 sourceHorizontalCm=13.31 sourceVerticalCm=0.00 fromGrounded=1 toGrounded=1 velocity=(3.748, -2.333, -1.354) expectedTravelCm=96.55 teleport=0 previous=(43.361, 0.060, -0.346) rendered=(44.092, 0.060, -0.236)
[rubber-banding][udp-pump] time=248.875 frame=2483 focused=1 windowMs=1151.6 fps=6.1 packets=31 socketAvgMs=37.8 socketP95Ms=180.1 socketMaxMs=180.4 pumpAvgMs=37.1 pumpP95Ms=175.1 pumpMaxMs=209.1 queueDelayAvgMs=53.6 queueDelayP95Ms=207.1 queueDelayMaxMs=208.1 samePump=24 pumpBatchMax=11 queueDepthMax=11 frameMaxMs=209.1
[rubber-banding][local-input] time=249.589 frame=2488 focused=1 host=0 room=19 world=5 authority=5 entity=2 windowMs=1062.2 updates=7 fixedCalls=53 commands=28 predictionSteps=28 noCommandUpdates=0 estimatedHostTick=13905 nextInputTick=13913 lastRecordedTick=13908 lastResolvedTick=13896 nextLead=8 recordedLead=3 unresolved=5 clamped=7 clampedTotal=280 batchesSent=2299 commandsSent=11098 sendFailures=0 move=(0.00,0.00) jump=0
[rubber-banding][remote-render] time=249.589 frame=2488 entity=1 latestHostTick=13896 buffer=8 windowMs=1062.2 fps=6.6 snapshots=30 arrivalSamples=30 arrivalAvgMs=35.4 arrivalP95Ms=175.1 arrivalMaxMs=188.9 sameArrival=23 tickGapMax=2 renderFrames=7 interpolation=1 extrapolation=6 extrapolationCapped=0 extrapolationMaxMs=95.7 oldestHeld=0 zeroSpan=7 movingFrozen=0 teleport=0 visualStepAvgCm=0.00 visualStepMaxCm=0.00 estimatedHostTick=13905 renderTick=13898.816 latestSnapshotTick=13896.000 renderMinusLatestTicks=2.816 estimatedMinusLatestTicks=9.000 sampleT=2.408
[rubber-banding][remote-render] time=249.589 frame=2488 entity=3 latestHostTick=13896 buffer=8 windowMs=1062.2 fps=6.6 snapshots=30 arrivalSamples=30 arrivalAvgMs=35.4 arrivalP95Ms=175.1 arrivalMaxMs=188.9 sameArrival=23 tickGapMax=2 renderFrames=7 interpolation=1 extrapolation=6 extrapolationCapped=0 extrapolationMaxMs=95.7 oldestHeld=0 zeroSpan=7 movingFrozen=0 teleport=0 visualStepAvgCm=0.00 visualStepMaxCm=0.00 estimatedHostTick=13905 renderTick=13898.816 latestSnapshotTick=13896.000 renderMinusLatestTicks=2.816 estimatedMinusLatestTicks=9.000 sampleT=2.408
[rubber-banding][remote-render] time=249.589 frame=2488 entity=4 latestHostTick=13896 buffer=8 windowMs=1062.2 fps=6.6 snapshots=30 arrivalSamples=30 arrivalAvgMs=35.4 arrivalP95Ms=175.1 arrivalMaxMs=188.9 sameArrival=23 tickGapMax=2 renderFrames=7 interpolation=1 extrapolation=6 extrapolationCapped=0 extrapolationMaxMs=95.7 oldestHeld=0 zeroSpan=7 movingFrozen=0 teleport=0 visualStepAvgCm=61.54 visualStepMaxCm=71.98 estimatedHostTick=13905 renderTick=13898.816 latestSnapshotTick=13896.000 renderMinusLatestTicks=2.816 estimatedMinusLatestTicks=9.000 sampleT=2.408
[rubber-banding][large-step] time=249.589 frame=2488 focused=1 entity=4 buffer=8 count=7 maxStepCm=71.98 horizontalCm=71.98 verticalCm=0.00 frameDeltaMs=175.1 renderTickDelta=10.854 fromTick=13848 toTick=13850 tickSpan=2 receivedSpanMs=0.0 t=3.271 renderOffsetMs=75.7 sourceHorizontalCm=13.33 sourceVerticalCm=0.00 fromGrounded=1 toGrounded=1 velocity=(4.000, -2.333, -0.063) expectedTravelCm=81.07 teleport=0 previous=(44.768, 0.060, -0.468) rendered=(45.484, 0.060, -0.536)
[rubber-banding][udp-pump] time=249.877 frame=2490 focused=1 windowMs=1001.7 fps=7.0 packets=33 socketAvgMs=29.3 socketP95Ms=171.7 socketMaxMs=181.0 pumpAvgMs=30.4 pumpP95Ms=166.3 pumpMaxMs=188.9 queueDelayAvgMs=84.3 queueDelayP95Ms=140.4 queueDelayMaxMs=143.1 samePump=26 pumpBatchMax=6 queueDepthMax=6 frameMaxMs=188.9
[rubber-banding][local-input] time=250.631 frame=2495 focused=1 host=0 room=19 world=5 authority=5 entity=2 windowMs=1041.5 updates=7 fixedCalls=52 commands=28 predictionSteps=28 noCommandUpdates=0 estimatedHostTick=13962 nextInputTick=13969 lastRecordedTick=13964 lastResolvedTick=13952 nextLead=7 recordedLead=2 unresolved=5 clamped=3 clampedTotal=283 batchesSent=2306 commandsSent=11134 sendFailures=0 move=(0.00,0.00) jump=0
[rubber-banding][remote-render] time=250.631 frame=2495 entity=1 latestHostTick=13952 buffer=8 windowMs=1041.5 fps=6.7 snapshots=28 arrivalSamples=28 arrivalAvgMs=37.2 arrivalP95Ms=208.1 arrivalMaxMs=284.7 sameArrival=22 tickGapMax=2 renderFrames=7 interpolation=3 extrapolation=4 extrapolationCapped=0 extrapolationMaxMs=120.4 oldestHeld=0 zeroSpan=7 movingFrozen=0 teleport=0 visualStepAvgCm=0.00 visualStepMaxCm=0.00 estimatedHostTick=13962 renderTick=13959.224 latestSnapshotTick=13952.000 renderMinusLatestTicks=7.224 estimatedMinusLatestTicks=10.000 sampleT=4.612
[rubber-banding][remote-render] time=250.631 frame=2495 entity=3 latestHostTick=13952 buffer=8 windowMs=1041.5 fps=6.7 snapshots=28 arrivalSamples=28 arrivalAvgMs=37.2 arrivalP95Ms=208.1 arrivalMaxMs=284.7 sameArrival=22 tickGapMax=2 renderFrames=7 interpolation=3 extrapolation=4 extrapolationCapped=0 extrapolationMaxMs=120.4 oldestHeld=0 zeroSpan=7 movingFrozen=0 teleport=0 visualStepAvgCm=0.00 visualStepMaxCm=0.00 estimatedHostTick=13962 renderTick=13959.224 latestSnapshotTick=13952.000 renderMinusLatestTicks=7.224 estimatedMinusLatestTicks=10.000 sampleT=4.612
[rubber-banding][remote-render] time=250.631 frame=2495 entity=4 latestHostTick=13952 buffer=8 windowMs=1041.5 fps=6.7 snapshots=28 arrivalSamples=28 arrivalAvgMs=37.2 arrivalP95Ms=208.1 arrivalMaxMs=284.7 sameArrival=22 tickGapMax=2 renderFrames=7 interpolation=3 extrapolation=4 extrapolationCapped=0 extrapolationMaxMs=120.4 oldestHeld=0 zeroSpan=7 movingFrozen=0 teleport=0 visualStepAvgCm=57.31 visualStepMaxCm=80.27 estimatedHostTick=13962 renderTick=13959.224 latestSnapshotTick=13952.000 renderMinusLatestTicks=7.224 estimatedMinusLatestTicks=10.000 sampleT=4.612
[rubber-banding][large-step] time=250.631 frame=2495 focused=1 entity=4 buffer=8 count=7 maxStepCm=80.27 horizontalCm=80.27 verticalCm=0.00 frameDeltaMs=208.1 renderTickDelta=12.070 fromTick=13950 toTick=13952 tickSpan=2 receivedSpanMs=0.0 t=4.612 renderOffsetMs=120.4 sourceHorizontalCm=13.30 sourceVerticalCm=0.00 fromGrounded=1 toGrounded=1 velocity=(-3.906, -2.333, -0.819) expectedTravelCm=96.20 teleport=0 previous=(43.549, 0.060, 0.831) rendered=(42.764, 0.060, 0.666)
[rubber-banding][udp-pump] time=251.000 frame=2497 focused=1 windowMs=1122.8 fps=6.2 packets=31 socketAvgMs=34.2 socketP95Ms=200.6 socketMaxMs=207.5 pumpAvgMs=36.2 pumpP95Ms=208.1 pumpMaxMs=284.7 queueDelayAvgMs=105.4 queueDelayP95Ms=163.9 queueDelayMaxMs=167.9 samePump=25 pumpBatchMax=7 queueDepthMax=8 frameMaxMs=208.1
[rubber-banding][local-input] time=251.745 frame=2502 focused=1 host=0 room=19 world=5 authority=5 entity=2 windowMs=1114.3 updates=7 fixedCalls=56 commands=28 predictionSteps=28 noCommandUpdates=0 estimatedHostTick=14027 nextInputTick=14035 lastRecordedTick=14034 lastResolvedTick=14022 nextLead=8 recordedLead=7 unresolved=5 clamped=3 clampedTotal=286 batchesSent=2313 commandsSent=11167 sendFailures=0 move=(0.00,0.00) jump=0
[rubber-banding][remote-render] time=251.745 frame=2502 entity=1 latestHostTick=14022 buffer=8 windowMs=1114.3 fps=6.3 snapshots=35 arrivalSamples=35 arrivalAvgMs=31.8 arrivalP95Ms=198.6 arrivalMaxMs=263.7 sameArrival=29 tickGapMax=2 renderFrames=7 interpolation=2 extrapolation=5 extrapolationCapped=0 extrapolationMaxMs=61.0 oldestHeld=0 zeroSpan=7 movingFrozen=0 teleport=0 visualStepAvgCm=0.00 visualStepMaxCm=0.00 estimatedHostTick=14027 renderTick=14023.853 latestSnapshotTick=14022.000 renderMinusLatestTicks=1.853 estimatedMinusLatestTicks=5.000 sampleT=1.927
[rubber-banding][remote-render] time=251.745 frame=2502 entity=3 latestHostTick=14022 buffer=8 windowMs=1114.3 fps=6.3 snapshots=35 arrivalSamples=35 arrivalAvgMs=31.8 arrivalP95Ms=198.6 arrivalMaxMs=263.7 sameArrival=29 tickGapMax=2 renderFrames=7 interpolation=2 extrapolation=5 extrapolationCapped=0 extrapolationMaxMs=61.0 oldestHeld=0 zeroSpan=7 movingFrozen=0 teleport=0 visualStepAvgCm=0.00 visualStepMaxCm=0.00 estimatedHostTick=14027 renderTick=14023.853 latestSnapshotTick=14022.000 renderMinusLatestTicks=1.853 estimatedMinusLatestTicks=5.000 sampleT=1.927
[rubber-banding][remote-render] time=251.745 frame=2502 entity=4 latestHostTick=14022 buffer=8 windowMs=1114.3 fps=6.3 snapshots=35 arrivalSamples=35 arrivalAvgMs=31.8 arrivalP95Ms=198.6 arrivalMaxMs=263.7 sameArrival=29 tickGapMax=2 renderFrames=7 interpolation=2 extrapolation=5 extrapolationCapped=0 extrapolationMaxMs=61.0 oldestHeld=0 zeroSpan=7 movingFrozen=0 teleport=0 visualStepAvgCm=58.52 visualStepMaxCm=102.99 estimatedHostTick=14027 renderTick=14023.853 latestSnapshotTick=14022.000 renderMinusLatestTicks=1.853 estimatedMinusLatestTicks=5.000 sampleT=1.927
[rubber-banding][large-step] time=251.745 frame=2502 focused=1 entity=4 buffer=8 count=7 maxStepCm=102.99 horizontalCm=57.36 verticalCm=85.54 frameDeltaMs=141.3 renderTickDelta=8.194 fromTick=14020 toTick=14022 tickSpan=2 receivedSpanMs=0.0 t=1.927 renderOffsetMs=30.9 sourceHorizontalCm=13.33 sourceVerticalCm=14.76 fromGrounded=0 toGrounded=0 velocity=(-3.934, 4.262, -0.724) expectedTravelCm=82.57 teleport=0 previous=(39.775, 0.008, 0.376) rendered=(39.211, 0.863, 0.272)
[rubber-banding][jump-step] time=251.745 frame=2502 focused=1 entity=4 buffer=8 count=1 maxVerticalCm=85.54 horizontalCm=57.36 verticalCm=85.54 frameDeltaMs=141.3 renderTickDelta=8.194 fromTick=14020 toTick=14022 tickSpan=2 receivedSpanMs=0.0 t=1.927 renderOffsetMs=30.9 sourceHorizontalCm=13.33 sourceVerticalCm=14.76 fromGrounded=0 toGrounded=0 velocity=(-3.934, 4.262, -0.724) expectedTravelCm=82.57 teleport=0 previous=(39.775, 0.008, 0.376) rendered=(39.211, 0.863, 0.272)
[rubber-banding][udp-pump] time=252.002 frame=2504 focused=1 windowMs=1002.0 fps=7.0 packets=30 socketAvgMs=33.0 socketP95Ms=187.0 socketMaxMs=189.1 pumpAvgMs=33.4 pumpP95Ms=198.6 pumpMaxMs=263.7 queueDelayAvgMs=83.3 queueDelayP95Ms=136.1 queueDelayMaxMs=139.2 samePump=24 pumpBatchMax=7 queueDepthMax=7 frameMaxMs=198.6
[rubber-banding][local-input] time=252.745 frame=2510 focused=1 host=0 room=19 world=5 authority=5 entity=2 windowMs=1000.3 updates=8 fixedCalls=50 commands=32 predictionSteps=32 noCommandUpdates=0 estimatedHostTick=14085 nextInputTick=14092 lastRecordedTick=14092 lastResolvedTick=14086 nextLead=7 recordedLead=7 unresolved=4 clamped=0 clampedTotal=286 batchesSent=2321 commandsSent=11203 sendFailures=0 move=(0.00,0.00) jump=0
[rubber-banding][remote-render] time=252.745 frame=2510 entity=1 latestHostTick=14086 buffer=8 windowMs=1000.3 fps=8.0 snapshots=32 arrivalSamples=32 arrivalAvgMs=31.3 arrivalP95Ms=142.9 arrivalMaxMs=151.1 sameArrival=24 tickGapMax=2 renderFrames=8 interpolation=6 extrapolation=2 extrapolationCapped=0 extrapolationMaxMs=12.3 oldestHeld=0 zeroSpan=8 movingFrozen=0 teleport=0 visualStepAvgCm=0.00 visualStepMaxCm=0.00 estimatedHostTick=14085 renderTick=14081.868 latestSnapshotTick=14086.000 renderMinusLatestTicks=-4.132 estimatedMinusLatestTicks=-1.000 sampleT=0.934
[rubber-banding][remote-render] time=252.745 frame=2510 entity=3 latestHostTick=14086 buffer=8 windowMs=1000.3 fps=8.0 snapshots=32 arrivalSamples=32 arrivalAvgMs=31.3 arrivalP95Ms=142.9 arrivalMaxMs=151.1 sameArrival=24 tickGapMax=2 renderFrames=8 interpolation=6 extrapolation=2 extrapolationCapped=0 extrapolationMaxMs=12.3 oldestHeld=0 zeroSpan=8 movingFrozen=0 teleport=0 visualStepAvgCm=0.00 visualStepMaxCm=0.00 estimatedHostTick=14085 renderTick=14081.868 latestSnapshotTick=14086.000 renderMinusLatestTicks=-4.132 estimatedMinusLatestTicks=-1.000 sampleT=0.934
[rubber-banding][remote-render] time=252.745 frame=2510 entity=4 latestHostTick=14086 buffer=8 windowMs=1000.3 fps=8.0 snapshots=32 arrivalSamples=32 arrivalAvgMs=31.3 arrivalP95Ms=142.9 arrivalMaxMs=151.1 sameArrival=24 tickGapMax=2 renderFrames=8 interpolation=6 extrapolation=2 extrapolationCapped=0 extrapolationMaxMs=12.3 oldestHeld=0 zeroSpan=8 movingFrozen=0 teleport=0 visualStepAvgCm=59.99 visualStepMaxCm=96.46 estimatedHostTick=14085 renderTick=14081.868 latestSnapshotTick=14086.000 renderMinusLatestTicks=-4.132 estimatedMinusLatestTicks=-1.000 sampleT=0.934
[rubber-banding][large-step] time=252.745 frame=2510 focused=1 entity=4 buffer=8 count=8 maxStepCm=96.46 horizontalCm=58.19 verticalCm=76.93 frameDeltaMs=151.1 renderTickDelta=8.765 fromTick=14052 toTick=14054 tickSpan=2 receivedSpanMs=0.0 t=1.268 renderOffsetMs=8.9 sourceHorizontalCm=13.30 sourceVerticalCm=20.79 fromGrounded=0 toGrounded=0 velocity=(-3.546, -6.405, -1.831) expectedTravelCm=114.05 teleport=0 previous=(37.775, 0.783, 0.007) rendered=(37.231, 0.014, -0.201)
[rubber-banding][jump-step] time=252.745 frame=2510 focused=1 entity=4 buffer=8 count=6 maxVerticalCm=76.93 horizontalCm=58.19 verticalCm=76.93 frameDeltaMs=151.1 renderTickDelta=8.765 fromTick=14052 toTick=14054 tickSpan=2 receivedSpanMs=0.0 t=1.268 renderOffsetMs=8.9 sourceHorizontalCm=13.30 sourceVerticalCm=20.79 fromGrounded=0 toGrounded=0 velocity=(-3.546, -6.405, -1.831) expectedTravelCm=114.05 teleport=0 previous=(37.775, 0.783, 0.007) rendered=(37.231, 0.014, -0.201)
[rubber-banding][udp-pump] time=253.134 frame=2513 focused=1 windowMs=1132.0 fps=8.0 packets=33 socketAvgMs=33.0 socketP95Ms=135.3 socketMaxMs=141.2 pumpAvgMs=30.1 pumpP95Ms=142.9 pumpMaxMs=151.1 queueDelayAvgMs=64.3 queueDelayP95Ms=111.8 queueDelayMaxMs=117.4 samePump=25 pumpBatchMax=5 queueDepthMax=5 frameMaxMs=151.1
[rubber-banding][local-input] time=253.824 frame=2518 focused=1 host=0 room=19 world=5 authority=5 entity=2 windowMs=1079.0 updates=8 fixedCalls=54 commands=32 predictionSteps=32 noCommandUpdates=0 estimatedHostTick=14156 nextInputTick=14162 lastRecordedTick=14160 lastResolvedTick=14148 nextLead=6 recordedLead=4 unresolved=5 clamped=3 clampedTotal=289 batchesSent=2329 commandsSent=11245 sendFailures=0 move=(0.00,0.00) jump=0
[rubber-banding][remote-render] time=253.824 frame=2518 entity=1 latestHostTick=14148 buffer=8 windowMs=1079.0 fps=7.4 snapshots=31 arrivalSamples=31 arrivalAvgMs=34.8 arrivalP95Ms=170.4 arrivalMaxMs=268.6 sameArrival=24 tickGapMax=2 renderFrames=8 interpolation=6 extrapolation=2 extrapolationCapped=0 extrapolationMaxMs=32.5 oldestHeld=0 zeroSpan=8 movingFrozen=0 teleport=0 visualStepAvgCm=0.00 visualStepMaxCm=0.00 estimatedHostTick=14156 renderTick=14148.764 latestSnapshotTick=14148.000 renderMinusLatestTicks=0.764 estimatedMinusLatestTicks=8.000 sampleT=1.382
[rubber-banding][remote-render] time=253.824 frame=2518 entity=3 latestHostTick=14148 buffer=8 windowMs=1079.0 fps=7.4 snapshots=31 arrivalSamples=31 arrivalAvgMs=34.8 arrivalP95Ms=170.4 arrivalMaxMs=268.6 sameArrival=24 tickGapMax=2 renderFrames=8 interpolation=6 extrapolation=2 extrapolationCapped=0 extrapolationMaxMs=32.5 oldestHeld=0 zeroSpan=8 movingFrozen=0 teleport=0 visualStepAvgCm=0.00 visualStepMaxCm=0.00 estimatedHostTick=14156 renderTick=14148.764 latestSnapshotTick=14148.000 renderMinusLatestTicks=0.764 estimatedMinusLatestTicks=8.000 sampleT=1.382
[rubber-banding][remote-render] time=253.824 frame=2518 entity=4 latestHostTick=14148 buffer=8 windowMs=1079.0 fps=7.4 snapshots=31 arrivalSamples=31 arrivalAvgMs=34.8 arrivalP95Ms=170.4 arrivalMaxMs=268.6 sameArrival=24 tickGapMax=2 renderFrames=8 interpolation=6 extrapolation=2 extrapolationCapped=0 extrapolationMaxMs=32.5 oldestHeld=0 zeroSpan=8 movingFrozen=0 teleport=0 visualStepAvgCm=67.95 visualStepMaxCm=104.07 estimatedHostTick=14156 renderTick=14148.764 latestSnapshotTick=14148.000 renderMinusLatestTicks=0.764 estimatedMinusLatestTicks=8.000 sampleT=1.382
[rubber-banding][large-step] time=253.824 frame=2518 focused=1 entity=4 buffer=8 count=8 maxStepCm=104.07 horizontalCm=70.03 verticalCm=76.98 frameDeltaMs=170.4 renderTickDelta=10.564 fromTick=14146 toTick=14148 tickSpan=2 receivedSpanMs=0.0 t=1.382 renderOffsetMs=12.7 sourceHorizontalCm=13.27 sourceVerticalCm=18.57 fromGrounded=0 toGrounded=0 velocity=(-2.325, -5.738, 3.210) expectedTravelCm=118.83 teleport=0 previous=(37.671, 0.976, -0.411) rendered=(37.335, 0.206, 0.203)
[rubber-banding][jump-step] time=253.824 frame=2518 focused=1 entity=4 buffer=8 count=8 maxVerticalCm=76.98 horizontalCm=70.03 verticalCm=76.98 frameDeltaMs=170.4 renderTickDelta=10.564 fromTick=14146 toTick=14148 tickSpan=2 receivedSpanMs=0.0 t=1.382 renderOffsetMs=12.7 sourceHorizontalCm=13.27 sourceVerticalCm=18.57 fromGrounded=0 toGrounded=0 velocity=(-2.325, -5.738, 3.210) expectedTravelCm=118.83 teleport=0 previous=(37.671, 0.976, -0.411) rendered=(37.335, 0.206, 0.203)
[rubber-banding][udp-pump] time=254.139 frame=2520 focused=1 windowMs=1005.1 fps=7.0 packets=32 socketAvgMs=33.3 socketP95Ms=156.4 socketMaxMs=170.6 pumpAvgMs=35.8 pumpP95Ms=171.6 pumpMaxMs=268.6 queueDelayAvgMs=98.5 queueDelayP95Ms=120.6 queueDelayMaxMs=120.7 samePump=25 pumpBatchMax=5 queueDepthMax=6 frameMaxMs=171.6
[rubber-banding][local-input] time=254.851 frame=2525 focused=1 host=0 room=19 world=5 authority=5 entity=2 windowMs=1027.3 updates=7 fixedCalls=51 commands=28 predictionSteps=28 noCommandUpdates=0 estimatedHostTick=14215 nextInputTick=14222 lastRecordedTick=14222 lastResolvedTick=14212 nextLead=7 recordedLead=7 unresolved=5 clamped=0 clampedTotal=289 batchesSent=2336 commandsSent=11280 sendFailures=0 move=(0.00,0.00) jump=0
[rubber-banding][remote-render] time=254.851 frame=2525 entity=1 latestHostTick=14212 buffer=8 windowMs=1027.3 fps=6.8 snapshots=32 arrivalSamples=32 arrivalAvgMs=32.1 arrivalP95Ms=171.6 arrivalMaxMs=172.4 sameArrival=25 tickGapMax=2 renderFrames=7 interpolation=6 extrapolation=1 extrapolationCapped=0 extrapolationMaxMs=1.5 oldestHeld=0 zeroSpan=7 movingFrozen=0 teleport=0 visualStepAvgCm=0.00 visualStepMaxCm=0.00 estimatedHostTick=14215 renderTick=14210.400 latestSnapshotTick=14212.000 renderMinusLatestTicks=-1.600 estimatedMinusLatestTicks=3.000 sampleT=0.200
[rubber-banding][remote-render] time=254.851 frame=2525 entity=3 latestHostTick=14212 buffer=8 windowMs=1027.3 fps=6.8 snapshots=32 arrivalSamples=32 arrivalAvgMs=32.1 arrivalP95Ms=171.6 arrivalMaxMs=172.4 sameArrival=25 tickGapMax=2 renderFrames=7 interpolation=6 extrapolation=1 extrapolationCapped=0 extrapolationMaxMs=1.5 oldestHeld=0 zeroSpan=7 movingFrozen=0 teleport=0 visualStepAvgCm=0.00 visualStepMaxCm=0.00 estimatedHostTick=14215 renderTick=14210.400 latestSnapshotTick=14212.000 renderMinusLatestTicks=-1.600 estimatedMinusLatestTicks=3.000 sampleT=0.200
[rubber-banding][remote-render] time=254.851 frame=2525 entity=4 latestHostTick=14212 buffer=8 windowMs=1027.3 fps=6.8 snapshots=32 arrivalSamples=32 arrivalAvgMs=32.1 arrivalP95Ms=171.6 arrivalMaxMs=172.4 sameArrival=25 tickGapMax=2 renderFrames=7 interpolation=6 extrapolation=1 extrapolationCapped=0 extrapolationMaxMs=1.5 oldestHeld=0 zeroSpan=7 movingFrozen=0 teleport=0 visualStepAvgCm=64.41 visualStepMaxCm=92.37 estimatedHostTick=14215 renderTick=14210.400 latestSnapshotTick=14212.000 renderMinusLatestTicks=-1.600 estimatedMinusLatestTicks=3.000 sampleT=0.200
[rubber-banding][large-step] time=254.851 frame=2525 focused=1 entity=4 buffer=8 count=7 maxStepCm=92.37 horizontalCm=68.62 verticalCm=61.83 frameDeltaMs=171.6 renderTickDelta=10.295 fromTick=14166 toTick=14168 tickSpan=2 receivedSpanMs=0.0 t=0.818 renderOffsetMs=-6.1 sourceHorizontalCm=13.33 sourceVerticalCm=6.98 fromGrounded=0 toGrounded=0 velocity=(-2.537, 1.928, -3.092) expectedTravelCm=76.19 teleport=0 previous=(36.959, 0.442, -0.002) rendered=(36.498, 1.061, -0.511)
[rubber-banding][jump-step] time=254.851 frame=2525 focused=1 entity=4 buffer=8 count=4 maxVerticalCm=61.83 horizontalCm=68.62 verticalCm=61.83 frameDeltaMs=171.6 renderTickDelta=10.295 fromTick=14166 toTick=14168 tickSpan=2 receivedSpanMs=0.0 t=0.818 renderOffsetMs=-6.1 sourceHorizontalCm=13.33 sourceVerticalCm=6.98 fromGrounded=0 toGrounded=0 velocity=(-2.537, 1.928, -3.092) expectedTravelCm=76.19 teleport=0 previous=(36.959, 0.442, -0.002) rendered=(36.498, 1.061, -0.511)
[rubber-banding][udp-pump] time=255.220 frame=2528 focused=1 windowMs=1081.5 fps=7.4 packets=31 socketAvgMs=33.7 socketP95Ms=157.5 socketMaxMs=159.7 pumpAvgMs=31.0 pumpP95Ms=161.5 pumpMaxMs=172.4 queueDelayAvgMs=68.6 queueDelayP95Ms=104.8 queueDelayMaxMs=109.3 samePump=24 pumpBatchMax=5 queueDepthMax=5 frameMaxMs=172.4
[rubber-banding][local-input] time=255.891 frame=2533 focused=1 host=0 room=19 world=5 authority=5 entity=2 windowMs=1039.7 updates=8 fixedCalls=52 commands=32 predictionSteps=32 noCommandUpdates=0 estimatedHostTick=14279 nextInputTick=14285 lastRecordedTick=14285 lastResolvedTick=14274 nextLead=6 recordedLead=6 unresolved=5 clamped=2 clampedTotal=291 batchesSent=2344 commandsSent=11323 sendFailures=0 move=(0.00,0.00) jump=0
[rubber-banding][remote-render] time=255.891 frame=2533 entity=1 latestHostTick=14274 buffer=8 windowMs=1039.7 fps=7.7 snapshots=31 arrivalSamples=31 arrivalAvgMs=33.5 arrivalP95Ms=155.1 arrivalMaxMs=231.5 sameArrival=24 tickGapMax=2 renderFrames=8 interpolation=5 extrapolation=3 extrapolationCapped=0 extrapolationMaxMs=53.3 oldestHeld=0 zeroSpan=8 movingFrozen=0 teleport=0 visualStepAvgCm=0.00 visualStepMaxCm=0.00 estimatedHostTick=14279 renderTick=14273.836 latestSnapshotTick=14274.000 renderMinusLatestTicks=-0.164 estimatedMinusLatestTicks=5.000 sampleT=0.918
[rubber-banding][remote-render] time=255.891 frame=2533 entity=3 latestHostTick=14274 buffer=8 windowMs=1039.7 fps=7.7 snapshots=31 arrivalSamples=31 arrivalAvgMs=33.5 arrivalP95Ms=155.1 arrivalMaxMs=231.5 sameArrival=24 tickGapMax=2 renderFrames=8 interpolation=5 extrapolation=3 extrapolationCapped=0 extrapolationMaxMs=53.3 oldestHeld=0 zeroSpan=8 movingFrozen=0 teleport=0 visualStepAvgCm=0.00 visualStepMaxCm=0.00 estimatedHostTick=14279 renderTick=14273.836 latestSnapshotTick=14274.000 renderMinusLatestTicks=-0.164 estimatedMinusLatestTicks=5.000 sampleT=0.918
[rubber-banding][remote-render] time=255.891 frame=2533 entity=4 latestHostTick=14274 buffer=8 windowMs=1039.7 fps=7.7 snapshots=31 arrivalSamples=31 arrivalAvgMs=33.5 arrivalP95Ms=155.1 arrivalMaxMs=231.5 sameArrival=24 tickGapMax=2 renderFrames=8 interpolation=5 extrapolation=3 extrapolationCapped=0 extrapolationMaxMs=53.3 oldestHeld=0 zeroSpan=8 movingFrozen=0 teleport=0 visualStepAvgCm=52.01 visualStepMaxCm=61.92 estimatedHostTick=14279 renderTick=14273.836 latestSnapshotTick=14274.000 renderMinusLatestTicks=-0.164 estimatedMinusLatestTicks=5.000 sampleT=0.918
[rubber-banding][large-step] time=255.891 frame=2533 focused=1 entity=4 buffer=8 count=8 maxStepCm=61.92 horizontalCm=61.92 verticalCm=0.00 frameDeltaMs=155.1 renderTickDelta=9.308 fromTick=14272 toTick=14274 tickSpan=2 receivedSpanMs=0.0 t=0.918 renderOffsetMs=-2.7 sourceHorizontalCm=13.30 sourceVerticalCm=0.00 fromGrounded=1 toGrounded=1 velocity=(3.654, -2.333, 1.606) expectedTravelCm=71.72 teleport=0 previous=(39.208, 0.008, -1.434) rendered=(39.775, 0.008, -1.185)
[rubber-banding][udp-pump] time=256.322 frame=2536 focused=1 windowMs=1102.1 fps=7.3 packets=36 socketAvgMs=33.4 socketP95Ms=150.9 socketMaxMs=156.9 pumpAvgMs=33.9 pumpP95Ms=177.1 pumpMaxMs=231.5 queueDelayAvgMs=59.6 queueDelayP95Ms=105.2 queueDelayMaxMs=108.2 samePump=28 pumpBatchMax=5 queueDepthMax=5 frameMaxMs=177.1
[rubber-banding][local-input] time=256.935 frame=2540 focused=1 host=0 room=19 world=5 authority=5 entity=2 windowMs=1044.1 updates=7 fixedCalls=52 commands=28 predictionSteps=28 noCommandUpdates=0 estimatedHostTick=14342 nextInputTick=14348 lastRecordedTick=14346 lastResolvedTick=14334 nextLead=6 recordedLead=4 unresolved=5 clamped=2 clampedTotal=293 batchesSent=2351 commandsSent=11357 sendFailures=0 move=(0.00,0.00) jump=0
[rubber-banding][remote-render] time=256.935 frame=2540 entity=1 latestHostTick=14334 buffer=8 windowMs=1044.1 fps=6.7 snapshots=30 arrivalSamples=30 arrivalAvgMs=34.8 arrivalP95Ms=179.9 arrivalMaxMs=277.6 sameArrival=24 tickGapMax=2 renderFrames=7 interpolation=5 extrapolation=2 extrapolationCapped=0 extrapolationMaxMs=81.3 oldestHeld=0 zeroSpan=7 movingFrozen=0 teleport=0 visualStepAvgCm=0.00 visualStepMaxCm=0.00 estimatedHostTick=14342 renderTick=14336.482 latestSnapshotTick=14334.000 renderMinusLatestTicks=2.482 estimatedMinusLatestTicks=8.000 sampleT=2.241
[rubber-banding][remote-render] time=256.935 frame=2540 entity=3 latestHostTick=14334 buffer=8 windowMs=1044.1 fps=6.7 snapshots=30 arrivalSamples=30 arrivalAvgMs=34.8 arrivalP95Ms=179.9 arrivalMaxMs=277.6 sameArrival=24 tickGapMax=2 renderFrames=7 interpolation=5 extrapolation=2 extrapolationCapped=0 extrapolationMaxMs=81.3 oldestHeld=0 zeroSpan=7 movingFrozen=0 teleport=0 visualStepAvgCm=0.00 visualStepMaxCm=0.00 estimatedHostTick=14342 renderTick=14336.482 latestSnapshotTick=14334.000 renderMinusLatestTicks=2.482 estimatedMinusLatestTicks=8.000 sampleT=2.241
[rubber-banding][remote-render] time=256.935 frame=2540 entity=4 latestHostTick=14334 buffer=8 windowMs=1044.1 fps=6.7 snapshots=30 arrivalSamples=30 arrivalAvgMs=34.8 arrivalP95Ms=179.9 arrivalMaxMs=277.6 sameArrival=24 tickGapMax=2 renderFrames=7 interpolation=5 extrapolation=2 extrapolationCapped=0 extrapolationMaxMs=81.3 oldestHeld=0 zeroSpan=7 movingFrozen=0 teleport=0 visualStepAvgCm=14.89 visualStepMaxCm=51.68 estimatedHostTick=14342 renderTick=14336.482 latestSnapshotTick=14334.000 renderMinusLatestTicks=2.482 estimatedMinusLatestTicks=8.000 sampleT=2.241
[rubber-banding][large-step] time=256.935 frame=2540 focused=1 entity=4 buffer=8 count=2 maxStepCm=51.68 horizontalCm=51.68 verticalCm=0.00 frameDeltaMs=139.7 renderTickDelta=8.381 fromTick=14288 toTick=14290 tickSpan=2 receivedSpanMs=0.0 t=0.542 renderOffsetMs=-15.3 sourceHorizontalCm=7.78 sourceVerticalCm=0.00 fromGrounded=1 toGrounded=1 velocity=(1.825, -2.333, 0.818) expectedTravelCm=42.93 teleport=0 previous=(40.193, 0.008, -1.001) rendered=(40.666, 0.008, -0.791)
[rubber-banding][udp-pump] time=257.409 frame=2543 focused=1 windowMs=1086.8 fps=6.4 packets=32 socketAvgMs=32.8 socketP95Ms=166.4 socketMaxMs=174.8 pumpAvgMs=34.0 pumpP95Ms=179.9 pumpMaxMs=277.6 queueDelayAvgMs=71.1 queueDelayP95Ms=122.4 queueDelayMaxMs=179.5 samePump=26 pumpBatchMax=6 queueDepthMax=6 frameMaxMs=179.9
[rubber-banding][local-input] time=257.946 frame=2547 focused=1 host=0 room=19 world=5 authority=5 entity=2 windowMs=1011.0 updates=7 fixedCalls=51 commands=28 predictionSteps=28 noCommandUpdates=0 estimatedHostTick=14400 nextInputTick=14407 lastRecordedTick=14407 lastResolvedTick=14400 nextLead=7 recordedLead=7 unresolved=4 clamped=1 clampedTotal=294 batchesSent=2358 commandsSent=11387 sendFailures=0 move=(0.00,0.00) jump=0
[rubber-banding][remote-render] time=257.946 frame=2547 entity=1 latestHostTick=14400 buffer=8 windowMs=1011.0 fps=6.9 snapshots=33 arrivalSamples=33 arrivalAvgMs=30.6 arrivalP95Ms=164.4 arrivalMaxMs=167.0 sameArrival=26 tickGapMax=2 renderFrames=7 interpolation=5 extrapolation=2 extrapolationCapped=0 extrapolationMaxMs=34.0 oldestHeld=0 zeroSpan=7 movingFrozen=0 teleport=0 visualStepAvgCm=0.00 visualStepMaxCm=0.00 estimatedHostTick=14400 renderTick=14396.270 latestSnapshotTick=14400.000 renderMinusLatestTicks=-3.730 estimatedMinusLatestTicks=0.000 sampleT=0.135
[rubber-banding][remote-render] time=257.946 frame=2547 entity=3 latestHostTick=14400 buffer=8 windowMs=1011.0 fps=6.9 snapshots=33 arrivalSamples=33 arrivalAvgMs=30.6 arrivalP95Ms=164.4 arrivalMaxMs=167.0 sameArrival=26 tickGapMax=2 renderFrames=7 interpolation=5 extrapolation=2 extrapolationCapped=0 extrapolationMaxMs=34.0 oldestHeld=0 zeroSpan=7 movingFrozen=0 teleport=0 visualStepAvgCm=0.00 visualStepMaxCm=0.00 estimatedHostTick=14400 renderTick=14396.270 latestSnapshotTick=14400.000 renderMinusLatestTicks=-3.730 estimatedMinusLatestTicks=0.000 sampleT=0.135
[rubber-banding][remote-render] time=257.946 frame=2547 entity=4 latestHostTick=14400 buffer=8 windowMs=1011.0 fps=6.9 snapshots=33 arrivalSamples=33 arrivalAvgMs=30.6 arrivalP95Ms=164.4 arrivalMaxMs=167.0 sameArrival=26 tickGapMax=2 renderFrames=7 interpolation=5 extrapolation=2 extrapolationCapped=0 extrapolationMaxMs=34.0 oldestHeld=0 zeroSpan=7 movingFrozen=0 teleport=0 visualStepAvgCm=0.00 visualStepMaxCm=0.00 estimatedHostTick=14400 renderTick=14396.270 latestSnapshotTick=14400.000 renderMinusLatestTicks=-3.730 estimatedMinusLatestTicks=0.000 sampleT=0.135
[rubber-banding][udp-pump] time=258.513 frame=2551 focused=1 windowMs=1104.2 fps=7.2 packets=31 socketAvgMs=33.9 socketP95Ms=159.6 socketMaxMs=160.0 pumpAvgMs=35.6 pumpP95Ms=161.9 pumpMaxMs=264.5 queueDelayAvgMs=38.9 queueDelayP95Ms=121.7 queueDelayMaxMs=125.0 samePump=24 pumpBatchMax=5 queueDepthMax=6 frameMaxMs=161.9
[rubber-banding][local-input] time=259.033 frame=2555 focused=1 host=0 room=19 world=5 authority=5 entity=2 windowMs=1086.5 updates=8 fixedCalls=54 commands=30 predictionSteps=30 noCommandUpdates=0 estimatedHostTick=14471 nextInputTick=14478 lastRecordedTick=14478 lastResolvedTick=14466 nextLead=7 recordedLead=7 unresolved=5 clamped=5 clampedTotal=299 batchesSent=2366 commandsSent=11430 sendFailures=0 move=(0.00,0.00) jump=0
[rubber-banding][remote-render] time=259.033 frame=2555 entity=1 latestHostTick=14466 buffer=8 windowMs=1086.5 fps=7.4 snapshots=33 arrivalSamples=33 arrivalAvgMs=32.9 arrivalP95Ms=161.9 arrivalMaxMs=264.5 sameArrival=26 tickGapMax=2 renderFrames=8 interpolation=3 extrapolation=5 extrapolationCapped=0 extrapolationMaxMs=57.1 oldestHeld=0 zeroSpan=8 movingFrozen=0 teleport=0 visualStepAvgCm=0.00 visualStepMaxCm=0.00 estimatedHostTick=14471 renderTick=14463.634 latestSnapshotTick=14466.000 renderMinusLatestTicks=-2.366 estimatedMinusLatestTicks=5.000 sampleT=0.817
[rubber-banding][remote-render] time=259.033 frame=2555 entity=3 latestHostTick=14466 buffer=8 windowMs=1086.5 fps=7.4 snapshots=33 arrivalSamples=33 arrivalAvgMs=32.9 arrivalP95Ms=161.9 arrivalMaxMs=264.5 sameArrival=26 tickGapMax=2 renderFrames=8 interpolation=3 extrapolation=5 extrapolationCapped=0 extrapolationMaxMs=57.1 oldestHeld=0 zeroSpan=8 movingFrozen=0 teleport=0 visualStepAvgCm=0.00 visualStepMaxCm=0.00 estimatedHostTick=14471 renderTick=14463.634 latestSnapshotTick=14466.000 renderMinusLatestTicks=-2.366 estimatedMinusLatestTicks=5.000 sampleT=0.817
[rubber-banding][remote-render] time=259.033 frame=2555 entity=4 latestHostTick=14466 buffer=8 windowMs=1086.5 fps=7.4 snapshots=33 arrivalSamples=33 arrivalAvgMs=32.9 arrivalP95Ms=161.9 arrivalMaxMs=264.5 sameArrival=26 tickGapMax=2 renderFrames=8 interpolation=3 extrapolation=5 extrapolationCapped=0 extrapolationMaxMs=57.1 oldestHeld=0 zeroSpan=8 movingFrozen=0 teleport=0 visualStepAvgCm=0.00 visualStepMaxCm=0.00 estimatedHostTick=14471 renderTick=14463.634 latestSnapshotTick=14466.000 renderMinusLatestTicks=-2.366 estimatedMinusLatestTicks=5.000 sampleT=0.817
[rubber-banding][udp-pump] time=259.519 frame=2567 focused=1 windowMs=1005.5 fps=15.9 packets=33 socketAvgMs=33.0 socketP95Ms=148.8 socketMaxMs=158.9 pumpAvgMs=30.5 pumpP95Ms=140.0 pumpMaxMs=151.8 queueDelayAvgMs=46.6 queueDelayP95Ms=105.1 queueDelayMaxMs=107.1 samePump=18 pumpBatchMax=5 queueDepthMax=5 frameMaxMs=151.8
[rubber-banding][local-input] time=260.075 frame=2581 focused=1 host=0 room=19 world=5 authority=5 entity=2 windowMs=1042.5 updates=26 fixedCalls=52 commands=57 predictionSteps=57 noCommandUpdates=2 estimatedHostTick=14531 nextInputTick=14535 lastRecordedTick=14535 lastResolvedTick=14528 nextLead=4 recordedLead=4 unresolved=7 clamped=0 clampedTotal=299 batchesSent=2392 commandsSent=11585 sendFailures=0 move=(0.00,0.00) jump=0
[rubber-banding][remote-render] time=260.075 frame=2581 entity=1 latestHostTick=14528 buffer=8 windowMs=1042.5 fps=24.9 snapshots=31 arrivalSamples=31 arrivalAvgMs=33.6 arrivalP95Ms=77.0 arrivalMaxMs=79.7 sameArrival=7 tickGapMax=2 renderFrames=26 interpolation=26 extrapolation=0 extrapolationCapped=0 extrapolationMaxMs=0.0 oldestHeld=0 zeroSpan=7 movingFrozen=0 teleport=0 visualStepAvgCm=0.00 visualStepMaxCm=0.00 estimatedHostTick=14531 renderTick=14526.186 latestSnapshotTick=14528.000 renderMinusLatestTicks=-1.814 estimatedMinusLatestTicks=3.000 sampleT=0.093
[rubber-banding][remote-render] time=260.075 frame=2581 entity=3 latestHostTick=14528 buffer=8 windowMs=1042.5 fps=24.9 snapshots=31 arrivalSamples=31 arrivalAvgMs=33.6 arrivalP95Ms=77.0 arrivalMaxMs=79.7 sameArrival=7 tickGapMax=2 renderFrames=26 interpolation=26 extrapolation=0 extrapolationCapped=0 extrapolationMaxMs=0.0 oldestHeld=0 zeroSpan=7 movingFrozen=0 teleport=0 visualStepAvgCm=0.00 visualStepMaxCm=0.00 estimatedHostTick=14531 renderTick=14526.186 latestSnapshotTick=14528.000 renderMinusLatestTicks=-1.814 estimatedMinusLatestTicks=3.000 sampleT=0.093
[rubber-banding][remote-render] time=260.075 frame=2581 entity=4 latestHostTick=14528 buffer=8 windowMs=1042.5 fps=24.9 snapshots=31 arrivalSamples=31 arrivalAvgMs=33.6 arrivalP95Ms=77.0 arrivalMaxMs=79.7 sameArrival=7 tickGapMax=2 renderFrames=26 interpolation=26 extrapolation=0 extrapolationCapped=0 extrapolationMaxMs=0.0 oldestHeld=0 zeroSpan=7 movingFrozen=0 teleport=0 visualStepAvgCm=0.00 visualStepMaxCm=0.00 estimatedHostTick=14531 renderTick=14526.186 latestSnapshotTick=14528.000 renderMinusLatestTicks=-1.814 estimatedMinusLatestTicks=3.000 sampleT=0.093
[rubber-banding][udp-pump] time=260.530 frame=2592 focused=1 windowMs=1011.1 fps=24.7 packets=31 socketAvgMs=33.2 socketP95Ms=48.1 socketMaxMs=49.0 pumpAvgMs=32.6 pumpP95Ms=47.3 pumpMaxMs=79.7 queueDelayAvgMs=23.5 queueDelayP95Ms=37.4 queueDelayMaxMs=38.8 samePump=7 pumpBatchMax=2 queueDepthMax=2 frameMaxMs=47.3
[rubber-banding][local-input] time=261.077 frame=2605 focused=1 host=0 room=19 world=5 authority=5 entity=2 windowMs=1002.1 updates=24 fixedCalls=50 commands=58 predictionSteps=58 noCommandUpdates=0 estimatedHostTick=14589 nextInputTick=14593 lastRecordedTick=14593 lastResolvedTick=14590 nextLead=4 recordedLead=4 unresolved=3 clamped=0 clampedTotal=299 batchesSent=2416 commandsSent=11700 sendFailures=0 move=(0.00,0.00) jump=0
[rubber-banding][remote-render] time=261.077 frame=2605 entity=1 latestHostTick=14590 buffer=8 windowMs=1002.1 fps=24.0 snapshots=31 arrivalSamples=31 arrivalAvgMs=32.3 arrivalP95Ms=47.3 arrivalMaxMs=86.3 sameArrival=8 tickGapMax=2 renderFrames=24 interpolation=24 extrapolation=0 extrapolationCapped=0 extrapolationMaxMs=0.0 oldestHeld=0 zeroSpan=5 movingFrozen=0 teleport=0 visualStepAvgCm=0.00 visualStepMaxCm=0.00 estimatedHostTick=14589 renderTick=14585.200 latestSnapshotTick=14590.000 renderMinusLatestTicks=-4.800 estimatedMinusLatestTicks=-1.000 sampleT=0.600
[rubber-banding][remote-render] time=261.077 frame=2605 entity=3 latestHostTick=14590 buffer=8 windowMs=1002.1 fps=24.0 snapshots=31 arrivalSamples=31 arrivalAvgMs=32.3 arrivalP95Ms=47.3 arrivalMaxMs=86.3 sameArrival=8 tickGapMax=2 renderFrames=24 interpolation=24 extrapolation=0 extrapolationCapped=0 extrapolationMaxMs=0.0 oldestHeld=0 zeroSpan=5 movingFrozen=0 teleport=0 visualStepAvgCm=0.00 visualStepMaxCm=0.00 estimatedHostTick=14589 renderTick=14585.200 latestSnapshotTick=14590.000 renderMinusLatestTicks=-4.800 estimatedMinusLatestTicks=-1.000 sampleT=0.600
[rubber-banding][remote-render] time=261.077 frame=2605 entity=4 latestHostTick=14590 buffer=8 windowMs=1002.1 fps=24.0 snapshots=31 arrivalSamples=31 arrivalAvgMs=32.3 arrivalP95Ms=47.3 arrivalMaxMs=86.3 sameArrival=8 tickGapMax=2 renderFrames=24 interpolation=24 extrapolation=0 extrapolationCapped=0 extrapolationMaxMs=0.0 oldestHeld=0 zeroSpan=5 movingFrozen=0 teleport=0 visualStepAvgCm=0.00 visualStepMaxCm=0.00 estimatedHostTick=14589 renderTick=14585.200 latestSnapshotTick=14590.000 renderMinusLatestTicks=-4.800 estimatedMinusLatestTicks=-1.000 sampleT=0.600
[rubber-banding][udp-pump] time=261.562 frame=2617 focused=1 windowMs=1032.6 fps=24.2 packets=31 socketAvgMs=32.8 socketP95Ms=46.1 socketMaxMs=47.4 pumpAvgMs=33.3 pumpP95Ms=77.8 pumpMaxMs=86.3 queueDelayAvgMs=20.3 queueDelayP95Ms=46.2 queueDelayMaxMs=47.7 samePump=8 pumpBatchMax=3 queueDepthMax=3 frameMaxMs=47.2
[rubber-banding][local-input] time=262.116 frame=2630 focused=1 host=0 room=19 world=5 authority=5 entity=2 windowMs=1038.4 updates=25 fixedCalls=52 commands=64 predictionSteps=64 noCommandUpdates=0 estimatedHostTick=14653 nextInputTick=14657 lastRecordedTick=14657 lastResolvedTick=14650 nextLead=4 recordedLead=4 unresolved=7 clamped=0 clampedTotal=299 batchesSent=2441 commandsSent=11852 sendFailures=0 move=(0.00,0.00) jump=0
[rubber-banding][remote-render] time=262.116 frame=2630 entity=1 latestHostTick=14650 buffer=8 windowMs=1038.4 fps=24.1 snapshots=30 arrivalSamples=30 arrivalAvgMs=34.6 arrivalP95Ms=51.3 arrivalMaxMs=77.8 sameArrival=6 tickGapMax=2 renderFrames=25 interpolation=25 extrapolation=0 extrapolationCapped=0 extrapolationMaxMs=0.0 oldestHeld=0 zeroSpan=5 movingFrozen=0 teleport=0 visualStepAvgCm=0.00 visualStepMaxCm=0.00 estimatedHostTick=14653 renderTick=14647.503 latestSnapshotTick=14650.000 renderMinusLatestTicks=-2.497 estimatedMinusLatestTicks=3.000 sampleT=0.752
[rubber-banding][remote-render] time=262.116 frame=2630 entity=3 latestHostTick=14650 buffer=8 windowMs=1038.4 fps=24.1 snapshots=30 arrivalSamples=30 arrivalAvgMs=34.6 arrivalP95Ms=51.3 arrivalMaxMs=77.8 sameArrival=6 tickGapMax=2 renderFrames=25 interpolation=25 extrapolation=0 extrapolationCapped=0 extrapolationMaxMs=0.0 oldestHeld=0 zeroSpan=5 movingFrozen=0 teleport=0 visualStepAvgCm=0.00 visualStepMaxCm=0.00 estimatedHostTick=14653 renderTick=14647.503 latestSnapshotTick=14650.000 renderMinusLatestTicks=-2.497 estimatedMinusLatestTicks=3.000 sampleT=0.752
[rubber-banding][remote-render] time=262.116 frame=2630 entity=4 latestHostTick=14650 buffer=8 windowMs=1038.4 fps=24.1 snapshots=30 arrivalSamples=30 arrivalAvgMs=34.6 arrivalP95Ms=51.3 arrivalMaxMs=77.8 sameArrival=6 tickGapMax=2 renderFrames=25 interpolation=25 extrapolation=0 extrapolationCapped=0 extrapolationMaxMs=0.0 oldestHeld=0 zeroSpan=5 movingFrozen=0 teleport=0 visualStepAvgCm=0.00 visualStepMaxCm=0.00 estimatedHostTick=14653 renderTick=14647.503 latestSnapshotTick=14650.000 renderMinusLatestTicks=-2.497 estimatedMinusLatestTicks=3.000 sampleT=0.752
[rubber-banding][udp-pump] time=262.626 frame=2634 focused=1 windowMs=1063.7 fps=16.0 packets=32 socketAvgMs=34.0 socketP95Ms=158.3 socketMaxMs=162.9 pumpAvgMs=33.2 pumpP95Ms=149.2 pumpMaxMs=168.1 queueDelayAvgMs=31.5 queueDelayP95Ms=78.1 queueDelayMaxMs=81.2 samePump=15 pumpBatchMax=5 queueDepthMax=5 frameMaxMs=168.1
[rubber-banding][local-input] time=263.131 frame=2642 focused=1 host=0 room=19 world=5 authority=5 entity=2 windowMs=1015.5 updates=12 fixedCalls=51 commands=39 predictionSteps=39 noCommandUpdates=0 estimatedHostTick=14713 nextInputTick=14718 lastRecordedTick=14718 lastResolvedTick=14714 nextLead=5 recordedLead=5 unresolved=4 clamped=1 clampedTotal=300 batchesSent=2453 commandsSent=11917 sendFailures=0 move=(0.00,0.00) jump=0
[rubber-banding][remote-render] time=263.131 frame=2642 entity=1 latestHostTick=14714 buffer=8 windowMs=1015.5 fps=11.8 snapshots=32 arrivalSamples=32 arrivalAvgMs=31.7 arrivalP95Ms=168.1 arrivalMaxMs=243.5 sameArrival=22 tickGapMax=2 renderFrames=12 interpolation=10 extrapolation=2 extrapolationCapped=0 extrapolationMaxMs=70.0 oldestHeld=0 zeroSpan=9 movingFrozen=0 teleport=0 visualStepAvgCm=0.00 visualStepMaxCm=0.00 estimatedHostTick=14713 renderTick=14708.435 latestSnapshotTick=14714.000 renderMinusLatestTicks=-5.565 estimatedMinusLatestTicks=-1.000 sampleT=0.218
[rubber-banding][remote-render] time=263.131 frame=2642 entity=3 latestHostTick=14714 buffer=8 windowMs=1015.5 fps=11.8 snapshots=32 arrivalSamples=32 arrivalAvgMs=31.7 arrivalP95Ms=168.1 arrivalMaxMs=243.5 sameArrival=22 tickGapMax=2 renderFrames=12 interpolation=10 extrapolation=2 extrapolationCapped=0 extrapolationMaxMs=70.0 oldestHeld=0 zeroSpan=9 movingFrozen=0 teleport=0 visualStepAvgCm=0.00 visualStepMaxCm=0.00 estimatedHostTick=14713 renderTick=14708.435 latestSnapshotTick=14714.000 renderMinusLatestTicks=-5.565 estimatedMinusLatestTicks=-1.000 sampleT=0.218
[rubber-banding][remote-render] time=263.131 frame=2642 entity=4 latestHostTick=14714 buffer=8 windowMs=1015.5 fps=11.8 snapshots=32 arrivalSamples=32 arrivalAvgMs=31.7 arrivalP95Ms=168.1 arrivalMaxMs=243.5 sameArrival=22 tickGapMax=2 renderFrames=12 interpolation=10 extrapolation=2 extrapolationCapped=0 extrapolationMaxMs=70.0 oldestHeld=0 zeroSpan=9 movingFrozen=0 teleport=0 visualStepAvgCm=0.00 visualStepMaxCm=0.00 estimatedHostTick=14713 renderTick=14708.435 latestSnapshotTick=14714.000 renderMinusLatestTicks=-5.565 estimatedMinusLatestTicks=-1.000 sampleT=0.218
[rubber-banding][udp-pump] time=263.647 frame=2655 focused=1 windowMs=1021.2 fps=20.6 packets=31 socketAvgMs=32.7 socketP95Ms=88.5 socketMaxMs=149.9 pumpAvgMs=32.9 pumpP95Ms=84.3 pumpMaxMs=243.5 queueDelayAvgMs=31.8 queueDelayP95Ms=93.2 queueDelayMaxMs=95.2 samePump=13 pumpBatchMax=5 queueDepthMax=5 frameMaxMs=109.0
[rubber-banding][local-input] time=264.132 frame=2667 focused=1 host=0 room=19 world=5 authority=5 entity=2 windowMs=1001.2 updates=25 fixedCalls=50 commands=60 predictionSteps=60 noCommandUpdates=0 estimatedHostTick=14773 nextInputTick=14778 lastRecordedTick=14778 lastResolvedTick=14772 nextLead=5 recordedLead=5 unresolved=6 clamped=0 clampedTotal=300 batchesSent=2478 commandsSent=12074 sendFailures=0 move=(0.00,0.00) jump=0
[rubber-banding][remote-render] time=264.132 frame=2667 entity=1 latestHostTick=14772 buffer=8 windowMs=1001.2 fps=25.0 snapshots=29 arrivalSamples=29 arrivalAvgMs=34.5 arrivalP95Ms=77.2 arrivalMaxMs=78.3 sameArrival=7 tickGapMax=2 renderFrames=25 interpolation=25 extrapolation=0 extrapolationCapped=0 extrapolationMaxMs=0.0 oldestHeld=0 zeroSpan=7 movingFrozen=0 teleport=0 visualStepAvgCm=0.00 visualStepMaxCm=0.00 estimatedHostTick=14773 renderTick=14768.505 latestSnapshotTick=14772.000 renderMinusLatestTicks=-3.495 estimatedMinusLatestTicks=1.000 sampleT=0.253
[rubber-banding][remote-render] time=264.132 frame=2667 entity=3 latestHostTick=14772 buffer=8 windowMs=1001.2 fps=25.0 snapshots=29 arrivalSamples=29 arrivalAvgMs=34.5 arrivalP95Ms=77.2 arrivalMaxMs=78.3 sameArrival=7 tickGapMax=2 renderFrames=25 interpolation=25 extrapolation=0 extrapolationCapped=0 extrapolationMaxMs=0.0 oldestHeld=0 zeroSpan=7 movingFrozen=0 teleport=0 visualStepAvgCm=0.00 visualStepMaxCm=0.00 estimatedHostTick=14773 renderTick=14768.505 latestSnapshotTick=14772.000 renderMinusLatestTicks=-3.495 estimatedMinusLatestTicks=1.000 sampleT=0.253
[rubber-banding][remote-render] time=264.132 frame=2667 entity=4 latestHostTick=14772 buffer=8 windowMs=1001.2 fps=25.0 snapshots=29 arrivalSamples=29 arrivalAvgMs=34.5 arrivalP95Ms=77.2 arrivalMaxMs=78.3 sameArrival=7 tickGapMax=2 renderFrames=25 interpolation=25 extrapolation=0 extrapolationCapped=0 extrapolationMaxMs=0.0 oldestHeld=0 zeroSpan=7 movingFrozen=0 teleport=0 visualStepAvgCm=0.00 visualStepMaxCm=0.00 estimatedHostTick=14773 renderTick=14768.505 latestSnapshotTick=14772.000 renderMinusLatestTicks=-3.495 estimatedMinusLatestTicks=1.000 sampleT=0.253
[rubber-banding][udp-pump] time=264.687 frame=2680 focused=1 windowMs=1039.5 fps=24.1 packets=30 socketAvgMs=33.8 socketP95Ms=48.4 socketMaxMs=48.4 pumpAvgMs=34.6 pumpP95Ms=82.0 pumpMaxMs=82.9 queueDelayAvgMs=22.2 queueDelayP95Ms=41.5 queueDelayMaxMs=47.3 samePump=9 pumpBatchMax=3 queueDepthMax=3 frameMaxMs=46.7
[rubber-banding][local-input] time=265.148 frame=2691 focused=1 host=0 room=19 world=5 authority=5 entity=2 windowMs=1015.9 updates=24 fixedCalls=51 commands=58 predictionSteps=58 noCommandUpdates=0 estimatedHostTick=14833 nextInputTick=14837 lastRecordedTick=14837 lastResolvedTick=14832 nextLead=4 recordedLead=4 unresolved=5 clamped=0 clampedTotal=300 batchesSent=2502 commandsSent=12178 sendFailures=0 move=(0.00,0.00) jump=0
[rubber-banding][remote-render] time=265.148 frame=2691 entity=1 latestHostTick=14832 buffer=8 windowMs=1015.9 fps=23.6 snapshots=30 arrivalSamples=30 arrivalAvgMs=33.9 arrivalP95Ms=82.0 arrivalMaxMs=82.9 sameArrival=8 tickGapMax=2 renderFrames=24 interpolation=24 extrapolation=0 extrapolationCapped=0 extrapolationMaxMs=0.0 oldestHeld=0 zeroSpan=8 movingFrozen=0 teleport=0 visualStepAvgCm=0.00 visualStepMaxCm=0.00 estimatedHostTick=14833 renderTick=14829.002 latestSnapshotTick=14832.000 renderMinusLatestTicks=-2.998 estimatedMinusLatestTicks=1.000 sampleT=0.501
[rubber-banding][remote-render] time=265.148 frame=2691 entity=3 latestHostTick=14832 buffer=8 windowMs=1015.9 fps=23.6 snapshots=30 arrivalSamples=30 arrivalAvgMs=33.9 arrivalP95Ms=82.0 arrivalMaxMs=82.9 sameArrival=8 tickGapMax=2 renderFrames=24 interpolation=24 extrapolation=0 extrapolationCapped=0 extrapolationMaxMs=0.0 oldestHeld=0 zeroSpan=8 movingFrozen=0 teleport=0 visualStepAvgCm=0.00 visualStepMaxCm=0.00 estimatedHostTick=14833 renderTick=14829.002 latestSnapshotTick=14832.000 renderMinusLatestTicks=-2.998 estimatedMinusLatestTicks=1.000 sampleT=0.501
[rubber-banding][remote-render] time=265.148 frame=2691 entity=4 latestHostTick=14832 buffer=8 windowMs=1015.9 fps=23.6 snapshots=30 arrivalSamples=30 arrivalAvgMs=33.9 arrivalP95Ms=82.0 arrivalMaxMs=82.9 sameArrival=8 tickGapMax=2 renderFrames=24 interpolation=24 extrapolation=0 extrapolationCapped=0 extrapolationMaxMs=0.0 oldestHeld=0 zeroSpan=8 movingFrozen=0 teleport=0 visualStepAvgCm=0.00 visualStepMaxCm=0.00 estimatedHostTick=14833 renderTick=14829.002 latestSnapshotTick=14832.000 renderMinusLatestTicks=-2.998 estimatedMinusLatestTicks=1.000 sampleT=0.501
[rubber-banding][udp-pump] time=265.726 frame=2705 focused=1 windowMs=1039.2 fps=24.1 packets=32 socketAvgMs=33.2 socketP95Ms=48.5 socketMaxMs=48.9 pumpAvgMs=32.5 pumpP95Ms=47.8 pumpMaxMs=49.4 queueDelayAvgMs=24.6 queueDelayP95Ms=39.6 queueDelayMaxMs=46.9 samePump=7 pumpBatchMax=3 queueDepthMax=3 frameMaxMs=49.4
InvalidOperationException: GameInstance에 UIRoot가 연결되지 않았습니다.
  at GameInstance.InitializeServices () [0x00057] in C:\ssafy\S15P21D204\Client\Assets\Game\App\Runtime\Bootstrap\GameInstance.cs:164 
  at GameInstance.InitializeInstance () [0x0002f] in C:\ssafy\S15P21D204\Client\Assets\Game\App\Runtime\Bootstrap\GameInstance.cs:104 
  at GameInstance.Awake () [0x00035] in C:\ssafy\S15P21D204\Client\Assets\Game\App\Runtime\Bootstrap\GameInstance.cs:80 
UnityEngine.GameObject:Internal_AddComponentWithType_Injected(IntPtr, Type)
UnityEngine.GameObject:Internal_AddComponentWithType(Type)
UnityEngine.GameObject:AddComponent(Type) (at C:\build\output\unity\unity\Runtime\Export\Scripting\GameObject.bindings.cs:246)
UnityEngine.GameObject:AddComponent() (at C:\build\output\unity\unity\Runtime\Export\Scripting\GameObject.bindings.cs:251)
GameInstance:Initialize() (at C:\ssafy\S15P21D204\Client\Assets\Game\App\Runtime\Bootstrap\GameInstance.cs:61)
GameInstance:get_Instance() (at C:\ssafy\S15P21D204\Client\Assets\Game\App\Runtime\Bootstrap\GameInstance.cs:36)
InGameEntryPoint:ResolveHostEntityTransform(UInt32) (at C:\ssafy\S15P21D204\Client\Assets\Game\App\Runtime\EntryPoints\InGameEntryPoint.cs:1125)
HostAuthorityWeaponSpawnBinder:RefreshRemoteEquipmentMode(UInt32) (at C:\ssafy\S15P21D204\Client\Assets\Game\Features\Combat\Runtime\HostAuthorityWeaponSpawnBinder.cs:258)
HostAuthorityWeaponSpawnBinder:ForgetGrantedWeapon(UInt32, Boolean) (at C:\ssafy\S15P21D204\Client\Assets\Game\Features\Combat\Runtime\HostAuthorityWeaponSpawnBinder.cs:41)
NightItemEquipmentBinder:DestroyEntries() (at C:\ssafy\S15P21D204\Client\Assets\Game\Features\Combat\Runtime\NightItemEquipmentBinder.cs:262)
NightItemEquipmentBinder:DisposeBindings() (at C:\ssafy\S15P21D204\Client\Assets\Game\Features\Combat\Runtime\NightItemEquipmentBinder.cs:276)
InGameEntryPoint:OnDestroy() (at C:\ssafy\S15P21D204\Client\Assets\Game\App\Runtime\EntryPoints\InGameEntryPoint.cs:544)

(Filename: C:/ssafy/S15P21D204/Client/Assets/Game/App/Runtime/Bootstrap/GameInstance.cs Line: 61)

[Physics::Module] Cleanup current backend.
[Physics::Module] Id: 0xf2b8ea05
Input System module state changed to: ShutdownInProgress.
Input System polling thread exited.
Input System module state changed to: Shutdown.
PlayerConnection::CleanupInternal: There are remaining Allocations on the JobTempAlloc. This is a leak, and will impact performance
To Debug, run app with -diag-job-temp-memory-leak-validation cmd line argument. This will output the callstacks of the leaked allocations.
Internal: There are remaining Allocations on the JobTempAlloc. This is a leak, and will impact performance
To Debug, run app with -diag-job-temp-memory-leak-validation cmd line argument. This will output the callstacks of the leaked allocations.
##utp:{"type":"MemoryLeaks","version":2,"phase":"Immediate","time":1789816810561,"processId":37288,"allocatedMemory":952560,"memoryLabels":[{"Default":136},{"NewDelete":760},{"Thread":33216},{"Manager":540709},{"Shader":2948},{"GfxDevice":2232},{"GfxThread":76800},{"Audio":752},{"Serialization":520},{"JobScheduler":32768},{"String":545},{"DynamicArray":40},{"HashMap":250880},{"PoolAlloc":288},{"CloudService":144},{"WebRequest":4020},{"VR":1872},{"Video":144},{"NativeArray":3468},{"Subsystems":96},{"Gui":206},{"CoreBusinessMetrics":120}]}
